event,channel,waveform_index_save,dt_ns_coinc,dt_ns_save,channel_coincident_left,waveform_index_coincident_left,channel_coincident_right,waveform_index_coincident_right
1,2070,344,144,208,2040,183,2060,146
1,2071,521,144,192,2040,183,2060,146
1,2080,465,16,0,2031,128,2051,368
1,2080,468,16,0,2041,306,2050,436
1,2081,386,144,272,2040,183,2060,146
1,2081,400,0,0,2040,201,2051,368
1,2081,403,0,0,2030,242,2050,436
2,2080,213,16,0,2041,462,2060,422
2,2080,243,0,-16,2030,374,2050,203
2,2081,307,0,0,2040,263,2050,177
2,2081,338,0,0,2030,374,2050,203
3,2080,340,0,-32,2041,247,2061,482
3,2081,172,-80,32,2041,247,2051,133
4,2080,405,-96,160,2041,278,2060,353
4,2080,431,64,0,2031,347,2060,379
4,2081,236,80,-32,2041,306,2060,379
6,2081,358,-16,0,2040,235,2050,148
7,2070,490,0,96,2031,212,2050,586
7,2071,662,0,80,2031,212,2050,586
7,2080,492,48,0,2040,314,2060,220
7,2080,501,64,0,2030,277,2060,234
7,2080,509,32,-32,2030,295,2060,248
7,2080,519,0,-16,2031,212,2050,586
7,2081,127,48,-16,2040,314,2060,220
7,2081,136,80,0,2040,331,2060,234
7,2081,145,32,-48,2030,295,2060,248
7,2081,153,0,-16,2031,212,2050,586
8,2080,475,-160,192,2031,263,2060,310
8,2081,154,-160,160,2031,263,2060,310
9,2080,181,0,0,2040,235,2050,154
9,2080,190,-16,0,2031,330,2061,75
9,2080,201,64,-32,2030,501,2060,302
9,2081,433,16,0,2030,466,2051,98
9,2081,442,-32,0,2031,330,2060,286
9,2081,454,48,0,2040,271,2060,302
11,2080,416,0,-16,2030,226,2051,74
13,2070,413,48,64,2030,149,2061,74
13,2071,566,48,64,2030,149,2061,74
13,2080,485,0,32,2030,125,2050,448
13,2080,504,48,-32,2030,149,2061,74
13,2080,506,16,-16,2040,391,2050,471
13,2081,108,48,-32,2030,149,2061,74
13,2081,109,16,-16,2040,391,2050,471
14,2080,353,112,0,2040,183,2051,213
14,2080,360,64,-16,2031,423,2060,455
14,2080,374,32,0,2040,205,2060,469
14,2081,99,128,0,2030,138,2051,213
14,2081,105,64,-32,2031,423,2060,455
14,2081,120,32,-32,2040,205,2060,469
15,2080,318,32,0,2040,70,2050,378
15,2081,415,16,0,2041,211,2050,378
16,2080,328,48,0,2041,368,2060,168
16,2081,69,64,0,2030,482,2060,168
17,2080,571,-144,96,2040,304,2061,119
17,2081,164,-144,112,2040,304,2061,119
18,2080,179,-48,0,2040,60,2061,287
18,2080,184,0,0,2031,253,2050,107
18,2080,186,48,-16,2031,257,2060,220
18,2081,3,-48,0,2040,60,2061,287
18,2081,9,0,0,2031,253,2050,107
18,2081,11,48,-16,2031,257,2060,220
20,2080,247,48,0,2030,355,2060,178
20,2081,319,48,0,2030,355,2060,178
21,2070,465,16,112,2040,196,2060,388
21,2071,496,16,48,2040,196,2060,388
21,2080,312,0,0,2030,103,2050,234
21,2080,313,-16,-16,2031,348,2051,264
21,2080,321,-16,-16,2040,211,2050,245
21,2081,156,0,0,2030,103,2050,234
21,2081,157,-16,0,2031,348,2051,264
22,2080,165,-16,32,2040,224,2050,135
22,2081,485,-16,16,2040,224,2050,135
23,2080,284,64,16,2031,89,2060,123
23,2080,296,-32,16,2040,200,2050,226
23,2081,14,96,0,2030,56,2060,123
23,2081,25,-32,16,2040,200,2050,226
24,2080,390,48,16,2030,259,2060,165
24,2080,391,16,0,2041,455,2050,293
24,2080,394,32,16,2031,132,2050,296
24,2081,522,64,0,2041,454,2060,165
24,2081,523,16,0,2041,455,2050,293
24,2081,525,32,16,2031,132,2050,296
25,2080,224,-16,-48,2030,468,2050,189
25,2080,227,144,128,2040,361,2050,193
25,2081,166,144,112,2040,361,2050,193
26,2070,592,0,16,2041,539,2060,142
26,2070,593,16,48,2040,403,2060,146
26,2070,596,0,96,2031,216,2050,259
26,2071,600,16,32,2040,403,2060,146
26,2071,603,16,-48,2030,370,2050,259
26,2080,462,0,0,2040,396,2051,499
26,2080,464,-32,0,2040,403,2050,243
26,2080,473,80,0,2031,209,2060,157
26,2080,479,16,-16,2030,370,2050,259
26,2081,309,0,0,2031,189,2050,239
26,2081,311,-32,0,2040,403,2050,243
26,2081,320,80,0,2031,209,2060,157
26,2081,326,16,0,2030,370,2050,259
27,2080,403,-48,0,2040,261,2050,373
27,2080,415,32,-32,2030,351,2050,378
27,2080,425,48,0,2030,357,2051,102
27,2080,433,0,16,2040,294,2050,395
27,2081,484,-48,0,2040,261,2050,373
27,2081,495,32,-32,2030,351,2050,378
27,2081,504,48,-16,2030,357,2051,102
27,2081,511,0,16,2040,294,2050,395
28,2070,191,32,80,2031,436,2060,389
28,2080,284,48,-16,2030,509,2060,389
28,2081,254,48,-32,2030,509,2060,389
29,2070,372,16,48,2041,221,2060,309
29,2071,179,16,48,2041,221,2060,309
29,2080,542,16,48,2030,144,2050,411
29,2080,544,144,64,2031,237,2060,284
29,2080,554,48,0,2030,156,2060,296
29,2080,572,32,-16,2040,362,2060,309
29,2081,610,16,32,2030,144,2050,411
29,2081,612,144,80,2031,237,2060,284
29,2081,621,-16,-32,2030,156,2050,427
29,2081,637,-48,0,2040,362,2050,439
30,2070,500,0,64,2031,287,2060,245
30,2071,115,0,64,2031,287,2060,245
30,2080,388,-32,-16,2031,269,2050,195
30,2081,419,-32,-16,2031,269,2050,195
31,2080,382,80,0,2030,454,2050,206
31,2080,401,16,-48,2031,188,2060,131
31,2081,417,80,0,2030,454,2050,206
31,2081,438,16,-48,2031,188,2060,131
33,2080,469,16,32,2041,304,2050,434
33,2080,477,16,0,2041,312,2050,444
33,2080,478,0,0,2040,264,2050,447
33,2081,412,16,0,2041,312,2050,444
33,2081,413,48,0,2030,119,2060,215
34,2080,196,48,0,2040,251,2061,100
34,2081,431,16,0,2041,389,2050,174
36,2080,280,0,0,2031,249,2050,331
36,2080,284,80,0,2040,366,2060,224
36,2081,129,0,-16,2031,249,2050,331
36,2081,133,80,0,2040,366,2060,224
37,2070,412,32,96,2040,356,2060,168
37,2071,520,32,96,2040,356,2060,168
38,2080,215,0,0,2031,341,2051,114
38,2080,216,-32,16,2030,545,2050,266
38,2080,225,16,-16,2030,556,2060,312
38,2081,154,-32,0,2030,545,2050,266
38,2081,163,16,-32,2030,556,2060,312
39,2080,488,16,-16,2040,165,2060,258
39,2081,413,16,-16,2040,165,2060,258
40,2080,346,16,0,2031,463,2050,317
40,2081,172,0,0,2030,134,2050,317
41,2080,150,64,0,2031,269,2060,231
41,2081,306,64,-16,2031,269,2060,231
43,2080,303,64,16,2031,53,2060,91
43,2081,418,64,16,2031,53,2060,91
44,2070,447,32,80,2040,282,2060,197
44,2071,454,32,64,2040,282,2060,197
44,2080,99,-16,0,2040,282,2051,66
44,2080,101,0,0,2031,243,2051,68
44,2081,319,-32,-16,2040,282,2050,164
45,2080,317,-16,0,2031,394,2050,230
45,2081,136,-16,-16,2031,394,2050,230
46,2080,322,-16,-16,2040,169,2050,129
46,2080,324,32,0,2041,387,2050,130
46,2080,341,48,-16,2041,425,2060,611
46,2080,344,32,0,2041,430,2060,614
46,2081,269,-16,-16,2040,169,2050,129
46,2081,271,16,0,2031,529,2050,130
46,2081,289,48,-48,2041,425,2060,611
46,2081,292,0,-16,2040,218,2060,614
47,2080,146,16,16,2031,335,2050,44
47,2080,152,16,0,2040,433,2050,53
47,2081,216,-48,-48,2040,412,2051,77
47,2081,222,16,16,2031,335,2050,44
47,2081,228,48,0,2030,263,2050,53
48,2080,311,64,0,2031,286,2060,245
48,2081,204,-32,16,2031,286,2050,367
49,2080,180,64,0,2041,366,2060,254
49,2080,203,0,0,2031,315,2050,167
49,2080,204,-80,0,2030,358,2050,168
49,2081,226,48,0,2031,285,2060,254
49,2081,248,16,0,2030,357,2050,167
49,2081,249,-80,16,2030,358,2050,168
50,2080,252,-128,64,2040,308,2061,503
50,2080,262,-48,16,2040,319,2060,361
50,2080,267,32,0,2040,322,2060,365
50,2081,153,-128,96,2040,308,2061,503
50,2081,169,32,0,2040,322,2060,365
52,2080,412,64,-16,2031,226,2060,190
52,2081,512,64,0,2031,226,2060,190
53,2070,300,48,80,2030,73,2060,231
53,2071,85,48,64,2030,73,2060,231
53,2080,432,80,-16,2031,199,2060,231
53,2081,119,-48,16,2031,199,2050,393
55,2080,383,32,0,2030,74,2050,353
55,2081,107,32,0,2030,74,2050,353
56,2081,400,0,0,2031,156,2051,217
57,2080,467,48,0,2040,385,2060,262
57,2081,504,48,0,2040,385,2060,262
58,2080,360,0,-48,2040,226,2050,296
58,2080,372,32,0,2030,115,2060,198
58,2080,384,32,0,2040,252,2060,209
58,2081,265,0,-48,2040,226,2050,296
58,2081,276,0,-16,2040,235,2050,305
59,2080,300,96,0,2031,187,2060,153
59,2080,306,16,-32,2040,439,2060,156
59,2081,357,96,-16,2031,187,2060,153
59,2081,362,-64,-16,2040,439,2050,236
61,2080,402,16,0,2031,160,2050,266
61,2081,458,16,-48,2031,160,2050,266
62,2070,486,-112,224,2040,371,2060,289
62,2071,490,-112,224,2040,371,2060,289
62,2080,216,80,0,2040,353,2060,282
62,2080,226,-112,128,2040,371,2060,289
62,2081,200,-112,16,2040,371,2060,289
63,2080,182,32,0,2041,355,2060,319
63,2081,239,48,0,2031,280,2060,319
64,2080,532,32,0,2030,119,2060,215
65,2080,421,0,0,2031,205,2050,375
65,2080,436,0,-16,2030,145,2050,395
65,2080,440,-16,-16,2040,315,2050,400
65,2080,444,64,208,2040,320,2060,276
65,2081,362,0,-16,2030,145,2050,395
65,2081,366,-16,-32,2040,315,2050,400
65,2081,370,64,192,2040,320,2060,276
66,2080,383,-32,-16,2040,145,2050,343
66,2080,385,48,0,2031,61,2060,110
66,2080,412,32,32,2040,176,2050,371
66,2080,414,16,0,2040,181,2050,374
66,2081,441,-32,0,2040,145,2050,343
66,2081,443,32,0,2030,302,2060,110
66,2081,469,32,64,2040,176,2050,371
66,2081,471,16,0,2040,181,2050,374
67,2080,278,64,0,2040,352,2060,126
67,2080,302,128,-16,2040,379,2050,270
67,2081,216,80,0,2031,89,2060,126
67,2081,237,128,-16,2040,379,2050,270
68,2080,199,16,-16,2041,394,2060,301
68,2080,206,64,-32,2040,269,2060,309
68,2080,209,160,0,2031,359,2050,175
68,2080,214,0,-32,2040,283,2050,185
68,2081,52,16,-16,2041,394,2060,301
68,2081,57,64,-48,2040,269,2060,309
68,2081,60,160,-32,2031,359,2050,175
68,2081,66,0,-48,2040,283,2050,185
69,2070,284,0,80,2030,237,2060,390
69,2080,154,0,-16,2030,237,2060,390
69,2080,159,64,0,2040,90,2060,395
69,2081,199,32,-16,2031,349,2060,390
69,2081,205,64,16,2040,90,2060,395
70,2080,200,16,-16,2040,161,2050,249
70,2080,202,16,-16,2040,168,2060,461
70,2080,203,-16,-16,2030,115,2060,460
70,2081,379,-80,0,2030,115,2050,254
70,2081,380,-32,-16,2040,168,2050,255
71,2080,146,16,0,2030,17,2051,98
71,2080,147,32,0,2031,326,2051,99
71,2081,398,16,-16,2030,17,2051,98
71,2081,399,0,0,2040,213,2051,99
72,2080,351,0,0,2030,476,2050,318
72,2080,362,0,32,2041,261,2050,327
72,2081,157,0,0,2030,476,2050,318
73,2080,449,-48,96,2040,223,2060,191
74,2080,274,0,-16,2041,101,2050,240
74,2080,290,16,0,2041,121,2050,258
74,2081,419,0,0,2041,101,2050,240
74,2081,433,0,0,2031,379,2051,183
78,2080,285,80,0,2040,355,2060,96
78,2080,287,0,0,2031,138,2050,252
78,2080,323,16,-32,2040,405,2060,128
78,2081,550,80,0,2040,355,2060,96
78,2081,552,0,0,2031,138,2050,252
78,2081,587,16,-32,2040,405,2060,128
79,2081,522,32,-32,2040,176,2060,263
80,2080,166,0,0,2040,219,2050,139
80,2081,276,48,0,2030,458,2060,316
81,2080,232,32,-32,2031,401,2060,365
81,2080,260,32,-32,2041,485,2060,396
81,2081,511,32,-48,2031,401,2060,365
81,2081,537,32,-16,2041,485,2060,396
82,2080,456,32,0,2040,130,2050,428
82,2080,473,0,-64,2031,328,2050,450
82,2081,397,32,0,2040,130,2050,428
82,2081,414,0,-80,2031,328,2050,450
84,2070,571,48,96,2040,459,2060,252
84,2071,358,48,80,2040,459,2060,252
85,2080,449,64,0,2030,277,2060,184
85,2081,129,64,0,2030,277,2060,184
86,2070,439,0,-32,2031,221,2050,344
86,2071,158,0,-16,2031,221,2050,344
86,2080,277,-160,96,2031,198,2060,243
86,2081,75,-160,96,2031,198,2060,243
87,2080,323,-16,0,2041,385,2051,360
87,2080,334,-16,16,2031,485,2060,527
87,2080,351,64,48,2031,508,2060,543
87,2081,233,32,0,2031,468,2060,518
87,2081,242,-16,32,2031,485,2060,527
89,2071,508,0,48,2031,186,2051,265
89,2080,305,-16,0,2040,379,2050,210
89,2080,308,48,0,2031,173,2060,131
89,2080,315,32,-48,2040,389,2061,106
89,2080,320,0,0,2031,186,2051,265
89,2081,62,-16,-16,2040,379,2050,210
89,2081,65,-16,0,2031,173,2051,254
89,2081,72,32,-32,2040,389,2061,106
89,2081,77,0,0,2031,186,2051,265
90,2080,232,96,0,2031,385,2060,426
90,2080,247,48,48,2030,351,2051,280
90,2081,301,96,-16,2031,385,2060,426
90,2081,315,48,48,2030,351,2051,280
91,2071,538,0,64,2040,313,2051,165
91,2080,392,16,0,2030,514,2050,443
91,2080,405,64,0,2031,255,2060,290
91,2080,410,32,0,2031,262,2050,475
91,2080,411,0,0,2030,532,2051,195
91,2081,204,16,0,2030,514,2050,443
91,2081,218,64,0,2031,255,2060,290
91,2081,223,32,-16,2031,262,2050,475
91,2081,224,0,-16,2030,532,2051,195
92,2070,435,0,80,2030,399,2051,63
92,2080,275,0,0,2031,220,2050,333
92,2080,284,0,-16,2031,229,2050,342
92,2080,301,-144,144,2030,423,2051,89
92,2081,96,0,0,2031,220,2050,333
92,2081,104,0,-16,2031,229,2050,342
92,2081,121,-144,160,2030,423,2051,89
94,2080,314,0,-16,2040,182,2050,230
94,2081,262,0,-32,2040,182,2050,230
95,2080,512,48,0,2030,114,2060,185
95,2080,514,-32,-16,2031,147,2050,474
95,2080,535,16,16,2030,135,2050,497
95,2081,414,48,32,2030,114,2060,185
95,2081,416,-32,-16,2031,147,2050,474
95,2081,437,16,16,2030,135,2050,497
96,2080,275,32,16,2030,407,2050,240
96,2080,290,16,-32,2040,72,2060,181
96,2081,376,32,32,2030,407,2050,240
96,2081,392,16,-32,2040,72,2060,181
99,2071,451,-16,96,2041,409,2060,376
100,2070,396,32,64,2040,273,2060,473
100,2071,173,32,48,2040,273,2060,473
100,2080,564,0,16,2030,219,2050,621
100,2080,569,32,-48,2040,273,2060,473
100,2080,596,16,-16,2031,552,2050,654
100,2081,411,0,0,2030,219,2050,621
100,2081,416,32,-48,2040,273,2060,473
100,2081,441,16,0,2031,552,2050,654
102,2080,403,0,0,2030,542,2051,351
102,2081,504,0,-48,2030,542,2051,351
102,2081,532,16,-16,2041,474,2051,380
103,2080,476,0,0,2030,516,2050,439
103,2080,481,-16,0,2030,522,2050,444
103,2081,387,0,-16,2030,516,2050,439
103,2081,392,16,0,2041,284,2050,444
104,2081,374,16,16,2030,417,2051,93
105,2070,354,-144,64,2030,60,2061,116
105,2071,475,-144,64,2030,60,2061,116
106,2080,205,112,32,2031,416,2060,451
106,2080,211,0,0,2031,421,2050,175
106,2080,223,16,-16,2031,438,2050,194
106,2081,142,112,64,2031,416,2060,451
106,2081,147,0,-48,2031,421,2050,175
106,2081,159,16,-16,2031,438,2050,194
107,2080,257,-16,0,2041,408,2050,167
107,2081,469,0,0,2041,408,2051,208
108,2081,449,32,0,2040,134,2061,287
110,2070,437,32,48,2040,318,2050,81
110,2071,485,32,0,2040,318,2050,81
110,2080,261,16,-16,2040,302,2060,98
110,2080,276,80,208,2040,318,2051,229
110,2081,340,-16,0,2041,381,2050,66
111,2080,306,48,0,2031,138,2060,93
111,2081,395,48,-16,2031,138,2060,93
112,2070,302,32,64,2041,253,2060,377
112,2071,407,32,64,2041,253,2060,377
114,2070,575,0,80,2031,226,2050,147
114,2071,580,0,96,2031,226,2050,147
114,2080,408,16,0,2030,446,2050,147
114,2080,411,0,0,2030,454,2050,152
114,2080,413,16,16,2040,334,2050,156
114,2081,479,16,0,2030,446,2050,147
114,2081,484,16,0,2040,334,2050,156
115,2080,372,-16,-16,2041,108,2050,289
115,2081,473,-16,0,2041,108,2050,289
116,2080,282,0,0,2030,337,2051,235
116,2080,297,80,-16,2031,158,2060,112
116,2081,204,0,16,2030,337,2051,235
116,2081,221,80,0,2031,158,2060,112
117,2080,490,-48,16,2040,367,2051,131
117,2081,424,-64,0,2040,367,2050,463
118,2070,196,0,80,2040,115,2051,221
118,2071,480,0,80,2040,115,2051,221
118,2080,282,16,0,2031,398,2051,221
118,2080,284,64,0,2030,469,2060,359
118,2080,287,0,-16,2030,470,2050,331
118,2081,249,-16,0,2031,398,2050,328
118,2081,251,-16,-16,2030,469,2050,330
118,2081,254,0,16,2030,470,2050,331
119,2080,370,32,0,2030,145,2061,169
119,2081,468,32,0,2030,145,2061,169
120,2080,214,16,-16,2040,418,2060,316
120,2080,216,-160,112,2031,367,2061,123
120,2080,222,-16,0,2040,427,2050,279
120,2080,241,0,0,2040,458,2050,301
120,2081,594,16,-32,2040,418,2060,316
120,2081,596,-160,128,2031,367,2061,123
120,2081,601,48,0,2040,427,2061,127
120,2081,620,-16,0,2040,458,2051,179
121,2080,319,0,16,2031,146,2050,281
121,2080,321,0,-16,2030,353,2050,285
121,2080,334,32,0,2030,373,2060,200
121,2081,217,16,-16,2041,386,2050,281
121,2081,219,0,0,2030,353,2050,285
121,2081,234,32,-16,2030,373,2060,200
122,2080,125,16,-16,2040,308,2050,172
122,2080,139,64,64,2031,258,2050,185
122,2081,45,48,0,2031,239,2050,172
123,2080,214,-32,16,2040,136,2051,76
123,2081,458,-48,0,2040,136,2050,174
125,2080,446,32,0,2041,222,2061,498
125,2080,452,32,16,2030,298,2060,383
125,2080,460,0,-32,2030,309,2050,420
125,2081,101,-16,-16,2031,330,2050,408
125,2081,105,48,0,2031,334,2061,498
125,2081,111,48,0,2040,153,2060,383
125,2081,117,0,0,2030,309,2050,420
126,2071,95,32,64,2040,266,2060,152
126,2080,326,16,0,2030,461,2050,285
126,2080,338,-16,-16,2041,385,2050,302
126,2080,342,64,-32,2030,477,2060,156
126,2081,427,0,-48,2031,172,2050,280
126,2081,432,0,16,2041,372,2050,285
126,2081,445,-16,0,2041,385,2050,302
126,2081,449,64,-16,2030,477,2060,156
127,2070,498,0,64,2030,151,2050,315
127,2071,509,0,64,2030,151,2050,315
127,2080,372,32,-16,2030,129,2060,196
127,2080,382,48,-16,2031,170,2060,206
127,2080,390,-32,16,2040,249,2050,312
127,2080,394,16,0,2031,188,2050,315
127,2080,395,32,-16,2041,471,2060,219
127,2081,405,32,-32,2030,129,2060,196
127,2081,415,48,-48,2031,170,2060,206
127,2081,422,-32,0,2040,249,2050,312
127,2081,426,16,0,2031,188,2050,315
127,2081,427,32,-32,2041,471,2060,219
129,2070,384,-144,304,2030,526,2061,139
129,2071,189,-144,304,2030,526,2061,139
129,2080,321,0,16,2040,199,2050,242
129,2080,328,16,-16,2030,516,2050,246
129,2081,160,16,-16,2030,516,2050,246
130,2080,139,48,-16,2041,341,2060,228
130,2081,98,80,0,2040,435,2060,228
131,2070,401,16,64,2041,339,2060,192
131,2071,158,16,48,2041,339,2060,192
131,2080,542,64,-16,2040,363,2060,171
131,2080,552,16,-48,2030,481,2050,515
131,2080,562,48,32,2031,238,2050,527
131,2081,278,64,-16,2040,363,2060,171
131,2081,287,16,-32,2030,481,2050,515
131,2081,296,48,32,2031,238,2050,527
132,2080,211,32,-64,2040,275,2060,508
132,2081,315,32,-80,2040,275,2060,508
133,2080,354,32,0,2031,198,2050,318
133,2080,357,-128,-64,2040,421,2060,166
133,2081,86,32,-32,2031,198,2050,318
133,2081,89,-128,-112,2040,421,2060,166
134,2080,415,32,-32,2041,473,2060,170
134,2081,337,32,-16,2041,473,2060,170
135,2070,410,64,112,2031,201,2060,245
135,2071,550,64,96,2031,201,2060,245
135,2080,475,64,32,2031,201,2060,245
135,2081,129,64,-16,2031,201,2060,245
136,2070,508,32,80,2040,321,2060,190
136,2071,610,32,80,2040,321,2060,190
136,2080,361,0,0,2040,294,2050,252
136,2080,369,-32,16,2041,452,2050,263
136,2080,372,32,0,2031,222,2060,176
136,2080,382,-48,0,2040,321,2051,424
136,2080,387,-32,0,2040,326,2051,429
136,2081,122,0,0,2040,294,2050,252
136,2081,130,-32,16,2041,452,2050,263
136,2081,133,32,0,2031,222,2060,176
136,2081,143,-48,16,2040,321,2051,424
136,2081,148,-32,0,2040,326,2051,429
137,2070,217,16,96,2040,118,2060,357
137,2071,145,16,80,2040,118,2060,357
137,2080,257,32,16,2041,154,2061,442
137,2080,269,-32,0,2040,118,2050,320
137,2081,425,32,48,2040,103,2050,308
137,2081,432,-32,0,2040,118,2050,320
138,2080,385,48,0,2041,201,2060,168
138,2080,390,0,0,2030,95,2051,274
138,2081,299,80,0,2031,126,2060,168
138,2081,304,0,0,2030,95,2051,274
139,2080,270,-16,-32,2040,194,2050,55
139,2081,363,-16,-16,2040,194,2050,55
140,2071,86,-64,160,2030,459,2060,353
140,2080,263,-64,48,2030,459,2060,353
140,2080,279,-48,0,2040,132,2051,209
140,2081,228,-64,48,2030,459,2060,353
140,2081,245,-48,-16,2040,132,2051,209
142,2070,416,48,80,2040,322,2061,166
142,2080,237,48,16,2030,421,2060,80
142,2080,253,64,-16,2030,436,2061,166
142,2080,268,32,192,2031,68,2051,212
142,2081,0,48,16,2030,421,2060,80
142,2081,15,64,-16,2030,436,2061,166
142,2081,28,80,224,2031,68,2061,176
144,2080,351,80,-48,2030,96,2060,398
144,2080,352,-16,-16,2040,240,2060,400
144,2080,355,48,0,2030,109,2060,405
144,2081,212,80,-32,2030,96,2060,398
144,2081,213,-64,0,2040,240,2050,322
144,2081,216,-32,0,2030,109,2050,328
145,2080,265,-16,0,2030,320,2050,231
145,2080,287,0,-16,2041,391,2050,254
145,2081,101,-16,-16,2030,320,2050,231
145,2081,123,0,-32,2041,391,2050,254
146,2070,427,32,48,2030,283,2060,139
146,2070,431,0,64,2031,210,2050,337
146,2071,133,0,48,2031,210,2050,337
146,2080,343,-32,-16,2030,283,2051,107
146,2080,372,32,0,2030,308,2050,337
146,2081,476,-32,0,2030,283,2051,107
146,2081,505,32,-16,2030,308,2050,337
147,2070,579,-160,0,2030,493,2061,182
147,2071,63,-160,16,2030,493,2061,182
147,2080,238,0,0,2040,311,2051,115
147,2080,244,48,0,2030,472,2060,371
147,2080,250,32,0,2031,424,2060,378
147,2080,268,-160,-80,2030,493,2061,182
147,2081,78,0,-16,2040,317,2050,206
147,2081,83,32,0,2031,424,2060,378
147,2081,100,-160,-96,2030,493,2061,182
149,2070,536,32,64,2040,319,2060,356
149,2071,544,32,64,2040,319,2060,356
149,2080,244,64,-32,2030,447,2060,340
149,2080,260,-48,0,2040,319,2050,234
149,2081,136,64,-32,2030,447,2060,340
149,2081,151,-48,-16,2040,319,2050,234
150,2080,143,80,-16,2040,208,2060,246
150,2081,345,80,-32,2040,208,2060,246
151,2080,224,0,-16,2031,319,2051,202
151,2081,141,0,-16,2031,319,2051,202
152,2080,300,32,16,2030,106,2060,223
152,2080,301,-32,-16,2040,445,2050,356
152,2080,302,0,-16,2031,191,2050,357
152,2081,70,32,0,2030,106,2060,223
152,2081,71,-32,-32,2040,445,2050,356
152,2081,72,0,-32,2031,191,2050,357
153,2080,478,0,16,2030,197,2051,113
153,2081,141,0,0,2030,197,2051,113
154,2080,177,0,0,2031,359,2050,214
154,2080,178,0,-16,2031,360,2050,215
154,2080,186,80,0,2030,298,2061,130
154,2081,248,0,0,2031,359,2050,214
154,2081,249,0,-16,2031,360,2050,215
154,2081,259,80,0,2030,298,2061,130
155,2080,301,-48,16,2040,143,2050,263
155,2080,319,48,0,2040,163,2060,379
155,2081,226,-48,16,2040,143,2050,263
155,2081,243,64,0,2031,421,2060,379
156,2080,171,0,16,2040,65,2061,297
156,2080,190,80,-32,2040,89,2060,246
156,2081,199,0,16,2040,65,2061,297
156,2081,219,80,-32,2040,89,2060,246
158,2080,459,0,-32,2040,269,2050,422
158,2080,468,-16,-48,2030,394,2050,434
158,2081,64,48,0,2041,223,2060,143
158,2081,73,-16,-80,2030,394,2050,434
159,2080,221,64,0,2031,297,2060,257
159,2080,232,48,0,2031,308,2060,271
159,2081,98,64,0,2031,297,2060,257
159,2081,108,0,-16,2030,351,2050,146
160,2080,172,64,-32,2031,303,2060,267
160,2080,185,0,-16,2030,358,2050,154
160,2081,470,64,-16,2031,303,2060,267
160,2081,481,0,-48,2030,358,2050,154
161,2070,352,16,64,2030,454,2050,197
161,2071,484,16,64,2030,454,2050,197
161,2080,245,128,160,2041,312,2050,199
161,2080,248,0,0,2040,170,2050,208
161,2080,250,0,-48,2041,321,2061,129
161,2081,504,128,128,2041,312,2050,199
161,2081,507,0,0,2040,170,2050,208
161,2081,509,0,-48,2041,321,2061,129
162,2081,481,0,0,2031,348,2060,313
163,2080,395,0,0,2030,145,2050,364
163,2080,400,64,16,2030,151,2060,220
163,2080,409,144,48,2040,297,2060,230
163,2081,60,0,-16,2030,145,2050,364
163,2081,65,64,0,2030,151,2060,220
163,2081,75,144,48,2040,297,2060,230
165,2080,371,0,0,2040,281,2050,131
165,2080,376,80,-16,2030,84,2060,174
165,2081,404,16,0,2030,75,2051,315
165,2081,408,80,-16,2030,84,2060,174
166,2080,303,80,-32,2040,418,2060,85
166,2080,304,-64,64,2031,137,2050,176
166,2081,371,0,0,2030,496,2051,337
166,2081,373,80,-16,2040,418,2060,85
166,2081,374,-64,80,2031,137,2050,176
167,2080,373,0,0,2031,470,2050,333
167,2081,174,-16,0,2031,465,2050,330
167,2081,178,0,0,2031,470,2050,333
168,2070,454,0,80,2031,489,2050,259
168,2071,280,0,64,2031,489,2050,259
168,2080,315,-64,-48,2040,192,2060,523
168,2080,328,0,-16,2031,489,2050,259
168,2080,334,32,-32,2040,219,2061,609
168,2081,152,-160,32,2040,192,2050,239
168,2081,165,32,0,2030,573,2050,259
168,2081,171,32,-16,2040,219,2061,609
169,2080,216,0,-16,2031,285,2051,170
170,2080,249,-16,-16,2040,389,2050,47
170,2080,252,0,0,2040,392,2050,49
170,2081,321,16,-16,2030,426,2060,81
170,2081,325,-16,-16,2040,389,2050,47
171,2080,429,32,16,2041,242,2050,402
171,2081,376,32,0,2041,242,2050,402
173,2080,401,48,0,2030,271,2061,493
173,2081,113,48,16,2030,271,2061,493
174,2070,460,128,240,2041,420,2050,550
174,2071,610,128,224,2041,420,2050,550
174,2080,474,-32,0,2030,219,2050,529
174,2080,484,64,0,2031,273,2060,314
174,2080,494,128,160,2041,420,2050,550
174,2081,141,-32,-16,2030,219,2050,529
174,2081,151,-16,0,2031,273,2050,541
174,2081,163,128,160,2041,420,2050,550
175,2080,262,32,16,2031,145,2050,318
175,2081,443,48,64,2031,133,2050,305
177,2080,337,16,0,2030,375,2051,287
177,2081,146,0,16,2031,412,2050,247
177,2081,150,16,0,2030,375,2051,287
178,2070,244,0,80,2040,270,2050,183
178,2071,83,0,80,2040,270,2050,183
178,2080,208,0,0,2040,270,2050,183
178,2081,385,0,-16,2040,270,2050,183
179,2080,108,16,0,2030,407,2050,167
179,2080,123,-16,0,2041,463,2051,86
179,2080,132,0,-32,2040,366,2051,96
179,2080,134,32,192,2041,478,2060,246
179,2081,375,16,0,2030,407,2050,167
179,2081,391,-16,-16,2041,463,2051,86
179,2081,398,0,-32,2040,366,2051,96
179,2081,400,32,176,2041,478,2060,246
180,2080,220,32,48,2040,138,2050,182
180,2081,281,32,16,2040,138,2050,182
181,2080,484,48,-32,2040,325,2060,296
181,2081,124,48,-32,2040,325,2060,296
181,2081,139,0,16,2031,274,2051,172
183,2080,256,80,0,2031,123,2060,85
183,2081,473,0,0,2030,364,2050,165
184,2081,135,0,0,2031,330,2050,209
186,2080,314,48,0,2031,236,2060,193
186,2081,472,0,0,2041,389,2050,160
187,2080,129,80,-32,2040,170,2061,61
187,2080,131,64,-32,2031,248,2060,220
187,2081,315,80,-16,2040,170,2061,61
187,2081,317,64,-32,2031,248,2060,220
189,2080,484,16,0,2030,159,2050,429
189,2081,323,16,-32,2030,159,2050,429
189,2081,337,-80,16,2031,267,2060,305
190,2080,314,-32,0,2031,170,2050,93
191,2070,346,-48,144,2031,250,2061,109
191,2071,101,-48,160,2031,250,2061,109
191,2080,194,-48,64,2031,250,2061,109
191,2080,216,16,-16,2041,308,2050,155
191,2081,79,-48,32,2031,250,2061,109
191,2081,80,-64,16,2040,319,2051,162
191,2081,99,16,0,2041,308,2050,155
192,2080,301,48,-32,2040,363,2060,137
192,2081,396,48,-32,2040,363,2060,137
194,2080,178,80,0,2040,69,2060,312
194,2080,181,-16,0,2040,72,2050,150
194,2080,187,32,16,2031,277,2060,321
194,2080,195,48,0,2030,469,2060,333
194,2080,200,-48,0,2040,99,2051,132
194,2081,405,80,0,2040,69,2060,312
194,2081,408,-16,-16,2040,72,2050,150
194,2081,414,-16,0,2040,78,2050,155
194,2081,421,48,0,2030,469,2060,333
194,2081,426,-32,0,2040,99,2050,168
195,2080,236,-16,0,2030,511,2050,280
195,2081,125,16,0,2030,511,2060,316
197,2080,483,16,-16,2040,111,2050,443
197,2080,484,32,0,2030,547,2060,354
197,2080,498,48,0,2040,138,2061,401
197,2080,511,48,-16,2040,149,2060,375
197,2081,272,16,16,2040,111,2050,443
197,2081,273,32,0,2030,547,2060,354
197,2081,289,-16,0,2040,138,2051,254
197,2081,301,48,0,2040,149,2060,375
198,2070,447,0,112,2040,106,2050,148
198,2070,453,128,48,2040,125,2050,157
198,2071,477,0,112,2040,106,2050,148
198,2071,483,128,48,2040,125,2050,157
198,2080,319,0,144,2040,106,2050,148
198,2080,330,48,-16,2031,225,2060,184
198,2080,334,128,-64,2040,125,2050,157
198,2081,66,0,0,2040,106,2050,148
198,2081,78,48,-64,2031,225,2060,184
198,2081,82,128,-64,2040,125,2050,157
199,2070,441,0,80,2040,318,2051,95
199,2071,478,0,64,2040,318,2051,95
199,2080,134,16,0,2030,346,2050,180
199,2080,141,80,-16,2030,351,2060,224
199,2080,157,-32,0,2041,412,2051,105
199,2081,446,16,0,2030,346,2050,180
199,2081,453,80,-32,2030,351,2060,224
199,2081,470,-32,0,2041,412,2051,105
200,2080,179,-16,0,2040,229,2050,147
200,2080,182,64,-16,2041,394,2060,260
200,2081,323,48,0,2040,229,2060,258
200,2081,326,64,-48,2041,394,2060,260
201,2070,293,32,96,2041,132,2060,192
201,2071,74,32,80,2041,132,2060,192
201,2080,356,48,0,2030,97,2060,192
201,2080,365,64,0,2040,275,2060,200
201,2080,370,0,0,2040,284,2050,415
201,2080,373,48,0,2031,181,2060,215
201,2081,50,-16,-16,2030,97,2050,398
201,2081,63,16,0,2031,179,2050,415
201,2081,66,96,16,2030,110,2060,215
203,2080,230,64,0,2041,483,2060,330
203,2080,232,0,-16,2030,442,2051,141
203,2080,233,48,-16,2030,444,2060,332
203,2080,250,0,0,2030,461,2051,156
203,2081,556,-32,16,2041,483,2050,196
203,2081,557,0,-16,2030,442,2051,141
203,2081,558,48,0,2030,444,2060,332
204,2081,95,0,0,2031,197,2050,127
205,2080,303,144,-80,2031,171,2050,110
206,2070,185,16,64,2040,121,2060,367
206,2071,457,16,48,2040,121,2060,367
206,2080,310,32,0,2030,429,2060,357
206,2080,316,64,0,2040,108,2060,359
206,2080,319,64,-16,2040,115,2060,362
206,2080,325,-32,0,2040,121,2051,75
206,2081,201,64,0,2040,108,2060,359
206,2081,204,64,-16,2040,115,2060,362
206,2081,210,-32,0,2040,121,2051,75
207,2080,265,0,0,2040,332,2050,95
207,2080,285,0,-16,2040,357,2050,122
207,2081,65,0,0,2040,332,2050,95
207,2081,84,0,-16,2040,357,2050,122
208,2080,324,64,0,2041,463,2060,428
208,2080,334,16,-16,2041,476,2060,435
208,2080,346,64,16,2030,377,2060,449
208,2081,109,-16,0,2030,359,2050,239
208,2081,120,16,0,2041,476,2060,435
208,2081,130,64,-16,2030,377,2060,449
209,2080,482,-16,0,2040,178,2051,408
209,2081,223,-32,0,2040,178,2050,440
211,2080,245,0,-32,2041,455,2050,158
211,2080,251,-16,-16,2040,123,2050,165
211,2080,257,16,0,2030,436,2051,208
211,2080,274,32,0,2030,451,2061,389
211,2081,391,0,-32,2041,455,2050,158
211,2081,397,-16,-16,2040,123,2050,165
211,2081,419,-32,-16,2030,451,2050,196
212,2080,311,96,0,2040,73,2060,185
212,2080,322,16,-16,2031,241,2050,128
212,2081,339,64,-16,2030,368,2060,185
212,2081,350,16,-32,2031,241,2050,128
213,2070,368,0,128,2031,224,2050,95
213,2071,307,0,112,2031,224,2050,95
213,2080,161,0,-16,2031,224,2050,95
213,2081,390,32,0,2030,420,2050,95
215,2080,352,16,-16,2041,460,2050,327
215,2081,111,16,-32,2041,460,2050,327
216,2080,286,64,0,2040,171,2060,136
216,2080,301,0,0,2040,185,2051,213
216,2081,417,0,0,2040,185,2051,213
217,2080,346,0,-16,2040,209,2050,275
217,2080,349,16,-16,2031,143,2050,282
217,2081,102,0,0,2040,209,2050,275
217,2081,105,16,-16,2031,143,2050,282
218,2080,527,48,-32,2031,251,2060,289
218,2080,534,0,-16,2041,382,2051,178
218,2081,206,48,-48,2031,251,2060,289
218,2081,212,-32,-16,2041,382,2050,493
219,2080,399,0,16,2030,468,2050,56
219,2080,404,-16,0,2041,263,2050,65
219,2081,224,16,0,2040,302,2050,56
219,2081,229,-16,0,2041,263,2050,65
220,2070,306,16,80,2030,340,2050,408
220,2080,425,48,0,2041,246,2060,126
220,2080,442,32,-16,2031,102,2050,408
220,2081,357,64,0,2040,158,2060,126
220,2081,373,16,16,2030,340,2050,408
221,2080,279,0,0,2041,384,2050,330
221,2081,132,16,-32,2031,228,2050,330
222,2080,234,-16,-16,2040,421,2050,159
222,2080,236,64,16,2030,341,2060,270
222,2081,113,-16,-16,2040,421,2050,159
222,2081,115,80,0,2031,309,2060,270
223,2080,347,0,-16,2040,195,2050,248
223,2080,369,-48,-16,2041,578,2050,268
223,2081,124,0,0,2040,195,2050,248
223,2081,145,-48,0,2041,578,2050,268
224,2080,133,-16,0,2031,255,2050,182
224,2080,135,0,0,2030,381,2050,185
224,2081,351,16,-32,2040,310,2050,182
224,2081,353,0,-16,2030,381,2050,185
225,2080,337,-16,0,2040,408,2051,231
225,2080,353,-80,16,2040,431,2050,310
225,2080,357,64,224,2031,543,2060,485
225,2080,363,0,-16,2040,441,2051,255
225,2080,368,32,-48,2031,555,2060,499
225,2080,370,32,0,2030,185,2060,501
225,2081,116,-16,0,2040,408,2051,231
225,2081,132,-80,16,2040,431,2050,310
225,2081,135,32,192,2031,543,2050,315
225,2081,141,-32,0,2040,441,2050,323
225,2081,146,32,-64,2031,555,2060,499
225,2081,148,-16,-16,2041,609,2050,331
226,2070,413,16,64,2040,232,2060,279
226,2071,52,16,64,2040,232,2060,279
226,2080,182,-32,0,2040,232,2051,65
226,2080,205,-32,-16,2031,343,2050,174
226,2081,469,-32,0,2040,232,2051,65
226,2081,491,-32,-16,2031,343,2050,174
227,2080,422,0,-16,2030,121,2050,160
227,2080,451,160,192,2030,147,2051,393
227,2081,82,0,-32,2030,121,2050,160
227,2081,107,160,176,2030,147,2051,393
228,2071,449,16,48,2030,312,2060,102
228,2080,417,-16,0,2031,63,2050,387
228,2081,171,-16,0,2031,63,2050,387
229,2080,412,16,0,2041,240,2060,338
229,2080,425,-96,160,2030,122,2061,469
229,2081,154,-96,128,2030,122,2061,469
230,2080,309,16,-16,2040,156,2050,271
230,2081,47,16,0,2040,156,2050,271
231,2080,327,32,-16,2031,172,2051,282
231,2081,426,32,0,2031,172,2051,282
232,2080,227,80,0,2031,397,2061,145
232,2081,79,80,-16,2031,397,2061,145
233,2080,355,16,0,2040,211,2061,173
233,2081,119,-16,0,2040,211,2050,257
234,2080,239,48,0,2031,129,2060,90
234,2080,240,0,-16,2040,306,2050,62
234,2081,380,48,0,2031,129,2060,90
235,2070,449,16,80,2040,166,2050,216
235,2080,316,16,0,2040,166,2050,216
235,2080,323,0,-16,2041,398,2050,235
235,2080,326,64,-32,2041,403,2060,481
235,2081,137,16,0,2040,166,2050,216
235,2081,143,0,0,2041,398,2050,235
235,2081,146,64,-16,2041,403,2060,481
236,2080,505,112,0,2030,546,2060,221
236,2081,357,96,0,2040,414,2060,221
238,2080,452,48,0,2041,350,2060,237
238,2080,460,64,0,2031,213,2060,244
238,2081,146,64,-16,2031,200,2060,237
238,2081,154,80,0,2030,179,2060,244
239,2071,236,32,64,2040,156,2060,284
239,2080,440,48,-16,2030,469,2060,284
239,2081,125,48,-16,2030,469,2060,284
241,2080,443,16,0,2031,182,2050,343
241,2081,591,16,-16,2031,182,2050,343
243,2070,228,0,-112,2030,35,2050,380
243,2070,233,0,64,2040,213,2060,179
243,2071,59,0,-112,2030,35,2050,380
243,2071,64,0,64,2040,213,2060,179
243,2080,332,-16,-32,2041,99,2050,381
243,2080,345,0,-16,2031,144,2050,398
243,2081,287,-16,-32,2041,99,2050,381
243,2081,298,0,-16,2031,144,2050,398
245,2070,365,64,96,2040,414,2060,180
245,2080,497,64,-16,2040,414,2060,180
245,2080,531,16,0,2041,111,2050,269
245,2080,535,0,0,2030,616,2050,276
245,2081,323,64,-32,2040,414,2060,180
245,2081,357,32,0,2030,608,2050,269
245,2081,362,16,0,2040,463,2050,276
247,2080,351,-32,-16,2040,126,2051,313
247,2081,256,-32,-16,2040,126,2051,313
248,2080,439,-48,-16,2040,354,2051,120
248,2080,449,64,-16,2040,373,2050,512
248,2081,90,-48,-16,2040,354,2051,120
248,2081,101,48,0,2031,277,2050,512
250,2080,495,32,0,2040,287,2060,248
250,2081,129,-16,-16,2040,287,2050,459
251,2080,375,16,0,2031,104,2050,186
251,2080,378,64,0,2040,286,2060,157
251,2081,410,16,0,2031,104,2050,186
251,2081,413,80,0,2030,446,2060,157
252,2080,428,-48,-16,2040,210,2050,360
252,2081,482,-48,-16,2040,210,2050,360
253,2080,272,48,32,2040,129,2050,174
253,2081,379,48,16,2040,129,2050,174
254,2070,396,32,64,2030,106,2061,498
254,2071,517,32,64,2030,106,2061,498
254,2080,345,-16,0,2031,132,2051,216
254,2080,359,-16,0,2030,103,2050,328
254,2080,360,0,-16,2040,445,2050,330
254,2080,364,16,0,2040,453,2050,332
254,2081,71,-16,-16,2030,103,2050,328
254,2081,72,0,-16,2040,445,2050,330
254,2081,76,16,0,2040,453,2050,332
255,2080,111,0,0,2030,391,2051,66
255,2080,117,0,0,2040,294,2051,74
255,2080,121,0,-32,2030,406,2050,46
255,2081,11,-32,-32,2040,294,2050,43
255,2081,15,0,16,2030,406,2050,46
256,2080,389,32,-48,2040,101,2060,178
256,2080,392,-16,-48,2031,222,2050,148
256,2080,418,-32,0,2041,484,2050,168
256,2081,287,32,-32,2040,101,2060,178
256,2081,290,-16,-32,2031,222,2050,148
256,2081,313,-32,0,2041,484,2050,168
257,2080,98,0,16,2041,415,2050,144
257,2081,340,0,16,2041,415,2050,144
258,2080,420,32,0,2041,281,2060,245
258,2080,423,16,0,2031,220,2050,392
258,2080,426,48,-16,2030,179,2060,253
258,2081,343,32,-16,2041,281,2060,245
258,2081,345,16,0,2031,220,2050,392
258,2081,348,48,-16,2030,179,2060,253
259,2070,165,80,208,2040,200,2050,250
259,2071,465,80,208,2040,200,2050,250
259,2080,278,80,112,2040,200,2050,250
259,2080,294,16,-32,2031,391,2060,342
259,2081,101,80,96,2040,200,2050,250
259,2081,115,16,-48,2031,391,2060,342
260,2080,427,0,0,2031,523,2050,387
260,2080,432,16,-16,2030,140,2050,389
260,2081,106,0,0,2031,523,2050,387
260,2081,110,16,-32,2030,140,2050,389
261,2080,212,16,0,2040,384,2050,136
261,2080,217,0,0,2031,300,2060,348
261,2081,102,16,0,2040,384,2050,136
261,2081,108,16,0,2030,72,2060,348
262,2080,350,64,0,2031,204,2060,160
262,2080,352,-160,-48,2031,208,2060,162
262,2081,243,64,0,2031,204,2060,160
262,2081,245,-160,-48,2031,208,2060,162
263,2080,428,48,0,2040,265,2060,225
264,2070,426,0,48,2040,290,2061,260
264,2070,432,16,80,2041,401,2060,209
264,2080,478,64,-32,2040,301,2060,189
264,2080,499,0,-16,2031,249,2050,464
264,2081,116,64,-32,2040,301,2060,189
264,2081,134,0,-16,2031,249,2050,464
265,2070,238,16,64,2041,184,2060,342
265,2071,506,16,64,2041,184,2060,342
265,2080,256,-48,0,2040,104,2050,303
265,2080,271,0,-16,2041,206,2050,319
265,2081,66,-48,0,2040,104,2050,303
265,2081,81,0,-16,2041,206,2050,319
265,2081,83,-32,16,2031,408,2050,320
266,2080,412,64,0,2040,192,2060,236
266,2080,439,48,0,2030,499,2050,337
266,2081,146,64,0,2040,192,2060,236
266,2081,172,48,0,2030,499,2050,337
267,2080,388,48,-16,2041,201,2060,311
267,2081,340,0,0,2030,529,2050,453
268,2080,403,80,-16,2040,103,2060,302
268,2081,139,80,-16,2040,103,2060,302
269,2070,373,48,80,2030,172,2050,291
269,2080,465,48,0,2030,172,2050,291
269,2081,524,48,-16,2030,172,2050,291
270,2080,352,48,0,2040,163,2060,395
270,2081,124,48,0,2040,163,2060,395
270,2081,127,-16,-16,2041,254,2050,317
271,2080,355,0,-16,2030,86,2051,263
271,2080,370,48,0,2030,104,2061,244
271,2081,55,0,-16,2030,86,2051,263
271,2081,68,-32,16,2030,104,2050,338
272,2080,407,-32,0,2040,333,2050,372
272,2081,242,-32,0,2040,333,2050,372
273,2070,538,-160,64,2031,135,2060,175
273,2071,121,-160,32,2031,135,2060,175
273,2080,438,-160,-16,2031,135,2060,175
273,2080,457,32,0,2041,512,2060,198
273,2080,460,32,0,2030,235,2060,201
273,2081,243,-160,-16,2031,135,2060,175
273,2081,260,0,0,2031,161,2051,292
273,2081,263,-16,-16,2030,235,2051,293
274,2080,284,0,0,2041,214,2050,318
274,2080,290,16,0,2040,163,2050,324
274,2081,55,0,0,2041,214,2050,318
274,2081,61,16,0,2040,163,2050,324
275,2080,410,64,-32,2040,284,2060,242
275,2080,413,0,16,2031,206,2050,329
275,2081,127,64,-32,2040,284,2060,242
275,2081,130,0,-16,2031,206,2050,329
277,2080,193,80,16,2040,450,2060,283
277,2080,200,0,0,2031,338,2050,253
277,2080,210,-16,0,2040,474,2050,268
277,2081,112,80,16,2040,450,2060,283
277,2081,119,0,0,2031,338,2050,253
277,2081,129,-16,-16,2040,474,2050,268
278,2080,181,32,-16,2031,138,2060,110
278,2080,206,0,-16,2041,415,2050,255
278,2081,427,32,-64,2031,138,2060,110
278,2081,451,0,0,2041,415,2050,255
280,2080,408,64,0,2041,104,2060,197
280,2081,300,64,0,2041,104,2060,197
282,2080,418,0,-16,2031,332,2050,246
282,2081,100,32,0,2030,458,2060,285
283,2080,267,48,-96,2041,380,2050,198
283,2081,437,48,-96,2041,380,2050,198
284,2080,387,48,-64,2031,322,2050,353
284,2081,230,48,-64,2031,322,2050,353
284,2081,246,0,0,2040,481,2050,373
285,2080,175,32,-16,2040,386,2060,202
285,2080,177,32,0,2030,355,2060,204
285,2081,283,32,-16,2040,386,2060,202
285,2081,285,32,-16,2030,355,2060,204
287,2080,483,-16,-16,2031,266,2060,309
287,2081,186,-16,0,2031,266,2060,309
288,2080,142,0,-32,2040,190,2050,106
288,2080,157,64,0,2041,313,2060,399
288,2080,158,0,0,2040,207,2050,126
288,2081,417,0,-64,2040,190,2050,106
288,2081,432,64,0,2041,313,2060,399
289,2080,392,16,-16,2041,283,2050,175
289,2080,405,16,-48,2031,262,2050,191
289,2081,133,16,-16,2041,283,2050,175
289,2081,146,16,-16,2031,262,2050,191
290,2070,397,-64,224,2041,239,2060,91
290,2070,403,80,112,2030,190,2060,108
290,2071,468,-64,224,2041,239,2060,91
290,2071,473,80,96,2030,190,2060,108
290,2080,350,-64,112,2041,239,2060,91
290,2080,363,144,-48,2030,185,2060,102
290,2080,369,80,0,2030,190,2060,108
290,2081,276,-64,96,2041,239,2060,91
290,2081,290,144,-32,2030,185,2060,102
290,2081,296,96,0,2031,69,2060,108
291,2070,358,0,80,2040,198,2060,157
291,2071,481,0,80,2040,198,2060,157
291,2080,412,-64,64,2030,267,2051,213
291,2080,415,-32,16,2041,316,2050,379
291,2080,422,-16,0,2040,198,2051,227
291,2081,59,-64,80,2030,267,2051,213
291,2081,62,-32,-16,2041,316,2050,379
291,2081,69,-48,0,2040,198,2050,388
292,2070,362,32,48,2031,421,2060,458
292,2070,368,32,80,2040,298,2060,488
292,2071,99,32,48,2031,421,2060,458
292,2071,105,32,80,2040,298,2060,488
292,2080,231,32,-32,2040,298,2060,488
292,2081,388,32,-32,2040,298,2060,488
294,2071,523,16,32,2040,331,2060,170
294,2080,245,32,-80,2031,202,2060,170
294,2080,252,64,-16,2030,468,2050,302
294,2081,493,32,-64,2031,202,2060,170
294,2081,500,64,-32,2030,468,2050,302
295,2070,448,0,96,2031,354,2060,316
295,2071,94,0,64,2031,354,2060,316
295,2080,232,0,0,2030,259,2060,288
295,2080,244,0,-16,2031,337,2050,165
295,2080,245,-160,-48,2031,338,2060,296
295,2080,254,-16,0,2030,281,2051,214
295,2081,126,32,0,2040,400,2051,187
295,2081,127,0,-16,2030,259,2060,288
295,2081,140,0,-32,2031,337,2050,165
295,2081,141,-160,-64,2031,338,2060,296
295,2081,151,-32,0,2030,281,2050,184
296,2080,323,-16,-16,2030,56,2050,220
296,2081,484,-16,-16,2030,56,2050,220
297,2070,472,32,80,2040,307,2060,380
297,2071,518,32,80,2040,307,2060,380
297,2080,250,32,-48,2040,307,2060,380
297,2081,167,32,-32,2040,307,2060,380
298,2080,513,0,0,2031,277,2050,479
298,2081,237,0,0,2031,277,2050,479
298,2081,238,0,-16,2030,169,2050,480
300,2080,77,96,0,2040,348,2060,167
300,2080,96,48,-32,2030,334,2050,154
300,2081,16,96,0,2040,348,2060,167
300,2081,34,48,-128,2030,334,2050,154
301,2070,450,32,64,2031,194,2060,156
301,2071,268,32,64,2031,194,2060,156
301,2080,125,16,-32,2030,363,2050,45
301,2080,138,64,-16,2031,217,2050,60
301,2081,322,16,-80,2030,363,2050,45
303,2080,314,-16,-32,2040,78,2050,281
303,2080,317,32,0,2040,82,2060,369
303,2081,217,0,0,2040,78,2051,187
303,2081,221,48,0,2031,409,2060,369
304,2080,458,-48,16,2040,354,2050,170
304,2081,118,-48,0,2040,354,2050,170
305,2070,317,0,80,2040,230,2060,110
305,2071,132,0,80,2040,230,2060,110
305,2080,424,16,0,2030,154,2060,113
305,2080,425,128,112,2030,155,2060,114
305,2080,426,48,0,2040,235,2060,115
305,2081,340,0,0,2040,233,2050,393
305,2081,341,128,96,2030,155,2060,114
305,2081,342,64,-16,2030,157,2060,115
306,2080,387,64,-16,2031,99,2060,143
306,2081,471,64,-16,2031,99,2060,143
307,2070,284,0,64,2041,255,2050,171
307,2080,117,-32,16,2031,365,2050,164
307,2080,128,-16,0,2030,342,2051,81
307,2081,298,-32,0,2031,365,2050,164
307,2081,308,-16,0,2030,342,2051,81
309,2080,360,-16,0,2040,158,2050,131
309,2081,94,48,0,2040,158,2061,432
311,2080,375,0,16,2040,119,2050,161
311,2081,419,16,-48,2031,214,2051,388
312,2070,558,16,80,2031,266,2060,221
312,2070,562,0,64,2041,522,2060,229
312,2071,587,16,80,2031,266,2060,221
312,2071,590,0,64,2041,522,2060,229
312,2080,414,-32,-16,2040,320,2050,162
312,2080,429,48,-32,2041,512,2060,218
312,2080,441,-32,-16,2040,367,2051,399
312,2081,146,48,-16,2041,512,2060,218
312,2081,158,-32,0,2040,367,2051,399
313,2080,396,16,-48,2040,320,2060,247
313,2081,135,16,-32,2040,320,2060,247
314,2080,356,48,0,2030,113,2060,190
314,2081,282,48,-16,2030,113,2060,190
315,2080,352,32,0,2031,199,2050,407
315,2080,374,0,-16,2040,301,2050,425
315,2081,72,0,-48,2040,301,2050,425
317,2080,438,0,0,2040,195,2050,249
317,2080,441,-16,0,2040,203,2050,255
317,2081,588,0,0,2040,195,2050,249
317,2081,591,-48,-32,2040,203,2051,389
318,2080,181,-48,0,2031,289,2050,150
318,2081,67,-48,0,2031,289,2050,150
319,2070,207,0,-128,2041,158,2050,286
319,2071,423,0,96,2041,158,2050,286
319,2080,323,64,-48,2040,256,2060,369
319,2081,193,64,-32,2040,256,2060,369
321,2080,165,0,0,2041,361,2050,136
321,2080,166,32,0,2030,329,2060,250
321,2080,177,48,0,2040,228,2060,260
321,2081,47,16,-16,2030,328,2050,136
321,2081,48,48,0,2031,286,2060,250
321,2081,56,16,0,2031,304,2060,260
322,2080,341,16,0,2031,221,2050,292
322,2081,410,16,0,2031,221,2050,292
323,2071,150,16,48,2030,505,2060,289
323,2080,426,-16,-32,2031,261,2050,398
323,2081,143,-16,-48,2031,261,2050,398
324,2070,420,0,80,2031,232,2061,120
324,2071,522,0,64,2031,232,2061,120
324,2080,482,-96,-16,2031,232,2050,442
324,2080,504,48,0,2040,331,2060,293
324,2081,157,-80,0,2031,232,2051,344
324,2081,178,48,0,2040,331,2060,293
325,2080,237,-64,-64,2040,99,2050,142
325,2080,242,0,0,2041,474,2050,148
325,2081,392,-64,-64,2040,99,2050,142
325,2081,397,48,16,2040,106,2050,148
326,2080,414,0,-32,2030,215,2050,382
326,2081,119,0,0,2030,215,2050,382
327,2070,341,-160,64,2030,454,2060,551
327,2071,86,-160,80,2030,454,2060,551
327,2080,293,48,-16,2031,486,2061,94
327,2080,296,16,16,2040,393,2051,188
327,2080,298,32,-16,2040,396,2060,542
327,2080,299,64,96,2031,500,2051,193
327,2081,65,48,0,2031,486,2061,94
327,2081,68,-16,-16,2040,393,2050,259
327,2081,70,-64,16,2040,396,2050,262
327,2081,71,64,80,2031,500,2051,193
328,2070,348,16,96,2041,305,2050,204
328,2071,91,16,80,2041,305,2050,204
328,2080,278,0,-48,2040,174,2051,237
328,2081,137,0,-64,2040,174,2051,237
329,2071,112,32,112,2030,489,2061,265
329,2080,363,32,0,2030,466,2060,156
329,2080,370,128,-48,2031,211,2051,292
329,2080,390,-16,0,2030,489,2050,343
329,2081,122,128,-64,2031,211,2051,292
329,2081,142,-16,0,2030,489,2050,343
329,2081,143,16,-32,2031,234,2051,306
330,2080,223,16,0,2040,341,2050,52
330,2081,284,16,0,2040,341,2050,52
331,2070,500,80,32,2030,448,2051,299
331,2080,352,112,-64,2031,225,2051,299
331,2080,366,48,-32,2031,235,2060,191
331,2081,72,112,-64,2031,225,2051,299
331,2081,85,48,-16,2031,235,2060,191
332,2080,141,48,0,2040,332,2060,236
332,2080,142,48,-16,2031,281,2060,237
332,2080,162,80,0,2040,368,2060,266
332,2080,167,0,0,2031,320,2050,227
332,2080,174,48,0,2030,545,2060,272
332,2081,461,80,0,2030,502,2060,237
332,2081,482,80,0,2040,368,2060,266
332,2081,487,16,0,2040,377,2050,227
332,2081,495,48,-16,2030,545,2060,272
333,2080,496,0,0,2040,368,2050,463
333,2080,499,-80,48,2031,210,2060,255
333,2080,508,48,0,2040,384,2060,265
333,2080,512,160,-16,2030,167,2050,478
333,2081,116,-80,48,2031,210,2060,255
333,2081,126,48,-16,2040,384,2060,265
334,2080,317,128,208,2041,252,2050,287
334,2080,324,16,0,2040,384,2051,215
334,2081,95,128,144,2041,252,2050,287
334,2081,104,16,-16,2040,384,2051,215
334,2081,106,0,-16,2030,193,2050,301
335,2080,130,32,0,2040,388,2061,283
335,2081,359,48,0,2030,455,2061,283
336,2080,514,80,0,2031,215,2050,481
336,2080,531,0,16,2041,355,2050,499
336,2080,543,112,0,2030,199,2060,289
336,2080,548,16,-16,2040,158,2060,292
336,2081,419,80,0,2031,215,2050,481
336,2081,443,112,-16,2030,199,2060,289
336,2081,447,16,-16,2040,158,2060,292
337,2080,377,48,-16,2031,206,2060,169
337,2080,385,16,16,2041,282,2050,148
337,2080,388,64,-16,2041,284,2060,185
337,2081,331,48,0,2031,206,2060,169
337,2081,340,16,16,2041,282,2050,148
337,2081,343,64,-32,2041,284,2060,185
338,2080,333,32,0,2030,444,2060,155
338,2080,342,-16,0,2030,459,2051,305
340,2080,366,16,16,2040,266,2051,341
340,2080,380,0,16,2031,206,2050,438
340,2080,386,0,16,2031,214,2050,442
340,2081,68,16,-16,2040,266,2051,341
340,2081,80,0,-16,2031,206,2050,438
340,2081,84,0,16,2031,214,2050,442
341,2080,158,48,0,2040,269,2060,451
341,2080,163,48,-16,2040,280,2060,458
341,2081,372,-16,-16,2031,407,2050,73
341,2081,378,48,-32,2040,280,2060,458
342,2080,196,16,0,2031,295,2050,104
342,2081,428,16,0,2031,295,2050,104
343,2080,200,-16,144,2030,308,2060,130
343,2080,201,-16,0,2031,165,2050,242
343,2081,398,-16,-16,2031,165,2050,242
344,2070,325,-112,272,2031,593,2060,539
344,2080,437,64,-48,2031,551,2060,502
344,2080,449,0,0,2041,271,2050,409
344,2080,467,64,-96,2030,634,2060,534
344,2080,470,48,0,2030,637,2050,425
344,2080,471,-112,128,2031,593,2060,539
344,2080,473,16,0,2040,208,2050,428
344,2080,474,16,0,2041,293,2050,427
344,2081,116,64,-32,2031,551,2060,502
344,2081,128,0,0,2041,271,2050,409
344,2081,146,64,-96,2030,634,2060,534
344,2081,149,16,0,2031,592,2050,425
344,2081,151,-112,160,2031,593,2060,539
344,2081,153,-32,16,2040,207,2050,427
344,2081,154,16,16,2040,208,2050,428
345,2070,350,128,256,2041,389,2050,440
345,2071,405,128,240,2041,389,2050,440
345,2080,446,64,0,2040,277,2060,62
345,2080,473,128,160,2041,389,2050,440
345,2081,191,48,0,2031,95,2060,62
345,2081,219,128,144,2041,389,2050,440
346,2080,275,-32,0,2040,204,2050,240
346,2081,318,-32,0,2040,204,2050,240
347,2080,585,0,0,2041,430,2050,552
347,2081,111,16,0,2030,163,2050,552
348,2080,279,-16,0,2040,350,2050,322
348,2080,286,0,-16,2040,366,2051,162
348,2081,125,32,0,2030,397,2060,207
348,2081,131,0,0,2040,366,2051,162
349,2080,260,64,0,2031,478,2060,441
349,2080,290,0,0,2030,551,2051,219
349,2081,155,64,0,2031,478,2060,441
349,2081,174,0,16,2040,345,2050,247
349,2081,186,0,0,2030,551,2051,219
350,2080,400,0,16,2031,186,2050,299
350,2080,405,80,-16,2031,192,2060,147
350,2080,418,0,16,2040,288,2050,329
350,2081,533,0,0,2031,186,2050,299
350,2081,538,80,-16,2031,192,2060,147
350,2081,550,0,0,2040,288,2050,329
351,2080,68,0,0,2041,233,2051,36
351,2080,78,48,-16,2030,328,2050,127
351,2081,279,0,-16,2041,233,2051,36
352,2080,312,0,16,2040,138,2051,269
352,2081,486,16,0,2031,372,2051,269
353,2080,395,0,16,2031,287,2050,207
354,2080,246,-16,0,2031,353,2051,204
354,2081,139,-16,0,2031,353,2051,204
355,2071,586,32,64,2030,134,2050,532
355,2080,467,32,0,2030,134,2050,532
355,2081,332,32,32,2030,134,2050,532
356,2080,285,0,-16,2030,402,2050,194
356,2080,294,0,-32,2040,159,2050,204
356,2081,517,0,-16,2030,402,2050,194
356,2081,525,0,-16,2040,159,2050,204
357,2080,262,-16,0,2040,176,2050,222
357,2080,281,0,0,2030,415,2050,243
357,2081,160,16,0,2041,345,2050,243
358,2080,384,-16,0,2031,159,2050,344
358,2081,436,-16,0,2031,159,2050,344
359,2080,409,80,0,2030,122,2060,253
359,2080,417,32,0,2030,131,2060,264
359,2081,380,80,0,2030,122,2060,253
359,2081,388,48,0,2031,229,2060,264
360,2080,446,-16,-32,2040,394,2050,500
360,2080,448,-48,64,2030,218,2060,355
360,2081,268,16,-48,2030,204,2051,129
360,2081,276,-16,-32,2040,394,2050,500
360,2081,278,-48,64,2030,218,2060,355
361,2071,513,0,80,2030,425,2050,86
361,2080,290,-32,16,2031,163,2050,80
361,2080,297,-16,0,2030,425,2051,248
361,2080,302,16,-32,2040,367,2060,136
361,2081,383,-32,-16,2031,163,2050,80
361,2081,390,0,0,2030,425,2050,86
361,2081,395,16,-32,2040,367,2060,136
362,2080,365,48,-16,2031,234,2060,284
362,2081,308,48,0,2031,234,2060,284
364,2080,128,80,-16,2041,397,2060,235
364,2080,130,80,32,2041,399,2060,237
364,2080,132,-16,0,2031,283,2051,102
364,2080,136,-160,144,2030,364,2050,197
364,2080,142,0,0,2030,373,2050,208
364,2081,64,80,0,2041,397,2060,235
364,2081,66,80,48,2041,399,2060,237
364,2081,67,-16,0,2031,283,2051,102
364,2081,70,-160,160,2030,364,2050,197
364,2081,77,0,0,2030,373,2050,208
365,2070,120,32,64,2041,153,2060,233
365,2071,100,32,64,2041,153,2060,233
365,2080,354,0,-16,2040,58,2051,296
365,2080,379,64,-16,2031,196,2060,233
365,2081,267,0,0,2040,58,2051,296
365,2081,291,64,-16,2031,196,2060,233
366,2080,337,48,0,2031,197,2060,237
367,2080,316,0,-16,2040,277,2050,380
367,2081,61,0,0,2040,277,2050,380
368,2070,300,32,64,2040,273,2061,499
368,2071,520,32,48,2040,273,2061,499
368,2080,450,0,-16,2030,69,2051,403
368,2080,465,0,0,2031,184,2050,382
368,2081,331,0,-16,2030,69,2051,403
368,2081,347,0,16,2031,184,2050,382
369,2080,530,-16,0,2040,254,2050,495
369,2080,535,16,-48,2040,259,2060,220
369,2081,301,-16,-16,2040,254,2050,495
369,2081,305,16,-64,2040,259,2060,220
370,2080,366,0,0,2040,300,2050,402
370,2081,257,0,0,2030,89,2050,389
370,2081,269,0,-16,2040,300,2050,402
371,2080,193,48,0,2030,424,2060,124
371,2081,397,64,-32,2040,308,2060,124
372,2080,304,64,16,2030,488,2060,359
372,2081,454,-16,0,2030,488,2051,222
373,2070,163,16,80,2030,505,2060,424
373,2070,170,64,96,2041,211,2060,449
373,2071,218,16,80,2030,505,2060,424
373,2071,226,64,96,2041,211,2060,449
373,2080,370,0,0,2030,504,2050,327
373,2080,371,16,0,2031,467,2050,328
373,2080,377,32,-32,2040,90,2061,247
373,2081,290,16,-16,2031,466,2050,327
373,2081,291,16,-16,2031,467,2050,328
373,2081,297,32,-48,2040,90,2061,247
375,2070,311,32,64,2031,478,2060,508
375,2080,367,64,0,2030,420,2060,501
375,2080,373,0,-16,2041,279,2050,339
375,2081,185,64,-16,2030,420,2060,501
375,2081,190,0,0,2041,279,2050,339
376,2080,483,48,16,2030,115,2050,445
376,2080,493,-48,0,2040,254,2051,304
376,2081,62,48,16,2030,115,2050,445
376,2081,69,32,16,2030,124,2051,304
378,2070,296,32,64,2041,256,2060,226
378,2071,419,32,48,2041,256,2060,226
379,2080,241,64,0,2031,342,2060,379
379,2081,511,64,0,2031,342,2060,379
380,2080,491,16,16,2031,277,2050,421
380,2081,80,16,16,2031,277,2050,421
382,2080,246,0,0,2031,393,2050,205
382,2080,249,0,0,2030,443,2051,154
382,2081,79,0,-16,2031,393,2050,205
382,2081,83,0,-16,2030,443,2051,154
383,2081,269,48,-48,2040,214,2051,355
384,2080,508,16,0,2040,113,2051,197
384,2080,523,0,0,2030,173,2050,486
384,2081,221,0,16,2030,159,2051,197
384,2081,236,0,0,2030,173,2050,486
385,2080,220,64,-16,2031,111,2060,75
385,2081,384,64,0,2031,111,2060,75
386,2080,333,64,-16,2031,146,2060,185
386,2080,354,32,-16,2030,74,2050,322
386,2081,455,64,-48,2031,146,2060,185
386,2081,474,32,0,2030,74,2050,322
387,2080,466,32,-16,2031,163,2060,195
387,2081,318,32,-16,2031,163,2060,195
388,2080,445,64,-48,2040,232,2060,107
388,2080,456,80,-32,2040,251,2060,121
388,2081,385,64,-64,2040,232,2060,107
388,2081,398,80,-48,2040,251,2060,121
389,2080,338,0,0,2031,476,2050,392
389,2080,340,64,-16,2030,525,2060,435
389,2080,343,16,0,2040,239,2051,195
389,2081,126,64,-32,2030,525,2060,435
389,2081,129,-16,0,2040,239,2050,401
390,2080,367,128,176,2031,214,2050,331
390,2080,381,0,0,2040,505,2050,350
390,2081,446,128,176,2031,214,2050,331
390,2081,463,0,-16,2040,505,2050,350
391,2080,386,32,-32,2031,165,2060,213
391,2080,398,144,16,2031,184,2050,326
391,2081,135,32,-48,2031,165,2060,213
391,2081,147,144,0,2031,184,2050,326
392,2080,214,80,-32,2041,330,2060,422
392,2081,297,80,-48,2041,330,2060,422
393,2080,441,16,0,2031,248,2050,401
393,2080,445,0,0,2031,250,2050,404
393,2080,452,-32,0,2031,259,2051,349
393,2080,462,64,0,2040,164,2060,329
393,2081,372,16,-16,2031,248,2050,401
393,2081,375,0,0,2031,250,2050,404
393,2081,382,-16,0,2031,259,2050,414
393,2081,393,80,-16,2030,117,2060,329
394,2070,409,16,112,2030,479,2050,289
394,2070,417,-64,64,2030,488,2060,151
394,2071,502,16,128,2030,479,2050,289
394,2071,508,-64,48,2030,488,2060,151
394,2080,227,16,16,2030,479,2050,289
394,2080,237,-32,16,2030,484,2060,142
394,2080,240,-128,16,2030,486,2050,302
394,2080,244,-128,16,2030,488,2051,62
394,2080,250,0,-16,2030,495,2050,310
394,2080,251,0,16,2040,205,2050,312
394,2081,438,16,16,2030,479,2050,289
394,2081,446,-32,0,2030,484,2060,142
394,2081,449,-128,16,2030,486,2050,302
394,2081,452,-128,0,2030,488,2051,62
394,2081,457,16,0,2031,109,2051,64
394,2081,459,0,0,2040,205,2050,312
395,2080,427,32,32,2031,341,2061,183
395,2080,430,48,0,2031,347,2060,314
395,2080,432,-16,-16,2040,219,2050,402
395,2081,162,48,0,2040,210,2061,183
395,2081,164,-16,0,2031,347,2050,398
395,2081,167,-16,-16,2040,219,2050,402
396,2080,460,-64,16,2040,299,2050,341
396,2081,569,-64,16,2040,299,2050,341
397,2080,217,-80,0,2030,449,2050,191
397,2081,103,-80,-16,2030,449,2050,191
400,2070,422,32,96,2031,101,2060,142
400,2071,189,32,80,2031,101,2060,142
400,2080,350,32,-32,2031,101,2060,142
400,2081,273,32,-32,2031,101,2060,142
402,2070,462,0,96,2041,402,2050,548
402,2070,463,0,64,2040,324,2060,281
402,2071,630,0,80,2041,402,2050,548
402,2071,631,0,48,2040,324,2060,281
402,2080,485,16,0,2041,405,2050,549
402,2080,501,0,-16,2030,204,2050,563
402,2081,144,16,0,2041,405,2050,549
402,2081,159,0,-16,2030,204,2050,563
403,2070,260,-16,96,2031,90,2050,391
403,2071,500,-16,80,2031,90,2050,391
404,2080,487,64,0,2031,243,2060,201
404,2080,492,16,-32,2040,116,2060,208
404,2080,500,96,16,2031,260,2060,216
404,2081,58,64,0,2031,243,2060,201
404,2081,63,16,-48,2040,116,2060,208
404,2081,68,96,16,2031,260,2060,216
405,2080,183,-16,-32,2040,381,2060,257
405,2080,199,32,80,2031,307,2060,272
405,2081,325,-80,0,2040,381,2050,229
405,2081,342,32,80,2031,307,2060,272
406,2080,390,-16,0,2040,195,2050,296
406,2081,527,-16,0,2040,195,2050,296
408,2070,506,80,176,2030,472,2050,233
408,2071,435,80,176,2030,472,2050,233
408,2071,445,32,48,2040,585,2060,308
408,2080,176,80,96,2030,472,2050,233
408,2080,187,-16,0,2040,555,2050,248
408,2080,192,16,0,2030,488,2050,252
408,2080,196,64,0,2040,569,2060,299
408,2080,200,-16,0,2040,577,2051,168
408,2080,205,-16,0,2031,349,2050,268
408,2081,108,80,96,2030,472,2050,233
408,2081,124,-16,0,2031,328,2050,252
408,2081,128,64,-16,2040,569,2060,299
408,2081,132,-16,-16,2040,577,2051,168
408,2081,136,-16,0,2031,349,2050,268
409,2071,632,0,48,2040,565,2060,384
409,2080,273,64,32,2030,596,2060,370
409,2080,284,-64,16,2040,565,2050,344
409,2081,134,64,16,2030,596,2060,370
409,2081,144,-64,16,2040,565,2050,344
410,2080,309,32,32,2030,55,2050,224
410,2080,315,0,16,2040,186,2050,231
410,2080,325,32,0,2040,204,2060,161
410,2080,327,48,80,2040,207,2050,245
410,2081,339,32,16,2030,55,2050,224
410,2081,345,16,0,2031,109,2050,231
410,2081,355,-16,0,2040,204,2050,243
410,2081,357,48,128,2040,207,2050,245
411,2080,435,16,-48,2041,376,2050,128
411,2080,444,-160,-48,2031,216,2060,169
411,2080,452,32,0,2031,229,2060,180
411,2081,274,16,-16,2041,376,2050,128
411,2081,280,-160,-48,2031,216,2060,169
411,2081,288,32,-16,2031,229,2060,180
412,2080,332,64,0,2031,435,2060,394
412,2080,333,0,0,2030,567,2050,290
412,2080,344,48,0,2041,496,2060,406
412,2080,349,48,0,2040,262,2060,410
412,2080,351,0,0,2040,263,2050,308
412,2080,360,0,-32,2040,272,2050,320
412,2080,362,32,-48,2040,279,2060,424
412,2081,207,64,-16,2031,435,2060,394
412,2081,208,0,0,2030,567,2050,290
412,2081,219,64,0,2031,452,2060,406
412,2081,224,48,0,2040,262,2060,410
412,2081,226,0,0,2040,263,2050,308
412,2081,234,0,-48,2040,272,2050,320
412,2081,236,32,-48,2040,279,2060,424
413,2080,167,96,0,2040,444,2060,261
413,2080,171,32,0,2041,492,2060,264
413,2081,369,96,-16,2040,444,2060,261
413,2081,373,64,-16,2031,305,2060,264
414,2081,342,-16,0,2040,166,2051,290
415,2080,382,0,-16,2030,429,2050,269
415,2080,407,-16,-16,2031,573,2050,297
415,2080,408,64,0,2031,574,2060,619
415,2080,409,32,48,2031,575,2060,621
415,2080,416,80,0,2040,258,2060,626
415,2080,420,-32,0,2040,262,2050,309
415,2081,176,0,0,2031,545,2051,319
415,2081,201,-16,0,2031,573,2050,297
415,2081,202,64,-32,2031,574,2060,619
415,2081,203,32,0,2031,575,2060,621
415,2081,210,96,0,2041,495,2060,626
417,2070,417,-64,16,2040,380,2061,64
417,2080,212,16,0,2040,359,2050,149
417,2080,227,-32,0,2041,451,2051,253
417,2080,228,-16,-32,2030,344,2050,167
417,2081,270,0,0,2031,112,2050,149
417,2081,283,-48,0,2041,451,2050,165
417,2081,284,-16,-16,2030,344,2050,167
419,2070,287,-16,80,2031,193,2051,364
419,2071,86,-16,64,2031,193,2051,364
419,2080,408,0,-48,2040,262,2060,226
419,2080,414,-16,0,2031,193,2051,364
419,2081,439,-112,48,2040,262,2050,326
419,2081,445,-16,0,2031,193,2051,364
421,2080,349,32,16,2030,484,2061,230
421,2081,447,-16,0,2030,484,2051,304
423,2080,226,16,0,2040,180,2060,400
423,2081,440,16,0,2040,180,2060,400
424,2080,260,0,0,2031,428,2050,222
424,2080,268,-32,-16,2041,531,2051,170
424,2080,269,-16,0,2040,338,2050,229
424,2081,605,0,0,2031,428,2050,222
424,2081,614,-32,0,2040,338,2051,171
425,2070,304,16,32,2041,150,2060,234
425,2071,106,16,32,2041,150,2060,234
425,2080,446,48,-48,2030,112,2060,234
425,2080,474,-48,0,2031,228,2050,395
425,2081,332,48,-16,2030,112,2060,234
425,2081,362,-32,16,2031,228,2051,424
426,2070,336,-112,160,2030,125,2061,151
426,2071,406,-112,160,2030,125,2061,151
427,2080,69,48,0,2030,281,2060,147
427,2080,71,32,-16,2031,189,2060,151
427,2081,352,16,-16,2030,258,2050,93
427,2081,370,64,0,2041,340,2060,147
427,2081,372,64,0,2040,251,2060,151
428,2070,516,0,64,2040,131,2051,228
428,2070,519,48,-48,2040,142,2060,328
428,2071,596,0,64,2040,131,2051,228
428,2071,598,32,64,2041,453,2060,328
428,2080,290,0,-32,2031,360,2050,181
428,2080,300,0,0,2031,378,2051,246
428,2080,308,48,-16,2031,394,2060,349
428,2081,534,0,-48,2031,360,2050,181
428,2081,544,32,0,2030,574,2060,337
428,2081,553,48,-16,2031,394,2060,349
430,2080,440,64,0,2031,269,2060,298
430,2081,505,64,0,2031,269,2060,298
431,2080,179,32,-16,2031,286,2060,249
431,2081,341,32,-32,2031,286,2060,249
432,2080,525,16,0,2041,413,2060,320
432,2081,589,32,0,2030,161,2060,320
433,2080,201,-16,0,2041,394,2050,259
433,2080,215,32,-16,2030,173,2051,138
433,2080,216,-16,-16,2031,364,2050,275
433,2080,232,16,0,2041,428,2051,152
433,2081,439,-16,-16,2041,394,2050,259
433,2081,441,-32,0,2031,349,2050,261
433,2081,453,32,16,2030,173,2051,138
433,2081,454,0,0,2031,364,2051,139
433,2081,471,0,-16,2030,187,2050,291
434,2070,463,0,96,2031,296,2051,116
434,2071,550,0,80,2031,296,2051,116
434,2080,153,0,0,2040,351,2050,206
434,2080,166,16,-32,2031,317,2050,220
434,2080,177,16,0,2040,383,2060,275
434,2081,86,0,0,2040,351,2050,206
434,2081,99,16,0,2031,317,2050,220
434,2081,108,-16,0,2030,544,2050,236
435,2080,438,48,-16,2031,489,2060,547
435,2081,283,48,-16,2031,489,2060,547
436,2080,350,64,-16,2040,137,2060,393
436,2080,354,-16,0,2030,100,2050,328
436,2081,263,64,-16,2040,137,2060,393
436,2081,267,-16,-16,2030,100,2050,328
438,2080,461,-16,0,2030,112,2050,286
438,2080,472,32,0,2030,131,2060,209
438,2080,475,0,32,2030,136,2050,300
438,2080,489,80,48,2041,395,2060,232
438,2081,408,-16,-48,2030,112,2050,286
438,2081,418,-32,0,2030,131,2050,298
438,2081,421,0,0,2030,136,2050,300
438,2081,436,80,32,2041,395,2060,232
439,2080,474,16,0,2031,168,2051,384
439,2080,476,-32,16,2030,126,2050,430
439,2080,488,64,0,2031,188,2060,239
439,2081,91,-16,0,2031,168,2050,427
439,2081,93,-32,0,2030,126,2050,430
439,2081,105,64,16,2031,188,2060,239
440,2070,487,80,80,2040,274,2060,231
440,2080,365,0,16,2031,190,2050,304
440,2080,376,80,16,2040,274,2060,231
440,2080,378,-32,16,2040,277,2060,233
440,2080,381,-16,-16,2041,443,2050,318
440,2081,96,0,0,2031,190,2050,304
440,2081,107,80,0,2040,274,2060,231
440,2081,108,-32,16,2040,277,2060,233
440,2081,113,-16,-16,2041,443,2050,318
441,2080,417,0,-16,2041,357,2050,457
441,2080,426,64,0,2031,242,2060,277
441,2080,429,0,-16,2030,515,2050,474
441,2081,172,0,0,2041,357,2050,457
441,2081,181,64,0,2031,242,2060,277
441,2081,184,0,-16,2030,515,2050,474
443,2080,274,-32,16,2040,159,2050,199
443,2081,312,-32,-16,2040,159,2050,199
444,2080,234,0,0,2040,268,2050,200
444,2081,102,0,0,2040,268,2050,200
445,2070,201,0,80,2030,454,2060,376
445,2080,313,0,-16,2040,233,2060,359
445,2080,327,16,0,2031,411,2060,376
445,2081,164,0,-16,2040,233,2060,359
445,2081,179,16,-16,2031,411,2060,376
448,2080,465,64,-16,2031,168,2060,212
448,2081,397,64,-32,2031,168,2060,212
449,2070,307,32,64,2030,501,2060,433
449,2071,516,32,80,2030,501,2060,433
449,2080,381,48,0,2031,469,2060,433
449,2080,395,0,-16,2030,510,2050,355
449,2081,142,-16,0,2031,469,2050,341
449,2081,155,0,0,2030,510,2050,355
450,2080,88,0,-16,2031,187,2050,137
450,2080,110,16,0,2040,358,2060,178
450,2081,377,0,-16,2031,187,2050,137
450,2081,398,-16,0,2040,358,2050,151
451,2080,250,32,-16,2031,324,2050,133
451,2080,261,0,0,2030,486,2050,142
451,2081,170,32,-48,2031,324,2050,133
451,2081,181,-16,-16,2030,486,2051,210
452,2080,408,48,0,2030,143,2060,232
452,2080,419,16,0,2031,208,2050,347
452,2081,303,48,-16,2030,143,2060,232
452,2081,314,16,-16,2031,208,2050,347
453,2080,267,0,-16,2040,130,2050,176
453,2080,269,64,-16,2041,432,2060,304
453,2081,388,0,0,2040,130,2050,176
453,2081,390,64,-32,2041,432,2060,304
454,2080,429,48,0,2040,216,2060,166
454,2081,506,48,-16,2040,216,2060,166
455,2080,250,48,0,2030,479,2060,358
455,2081,443,48,-16,2030,479,2060,358
456,2080,498,32,-16,2031,88,2060,131
456,2080,500,128,-16,2030,374,2051,304
456,2081,334,32,-16,2031,88,2060,131
456,2081,336,128,-32,2030,374,2051,304
459,2080,220,0,0,2040,404,2050,276
459,2081,442,0,-16,2040,404,2050,276
460,2080,269,0,0,2031,360,2051,56
460,2081,97,-16,0,2031,360,2050,224
461,2070,456,48,176,2030,234,2050,517
461,2071,586,48,176,2030,234,2050,517
461,2080,537,64,0,2040,338,2060,300
461,2081,470,-32,16,2040,338,2050,496
462,2080,388,-80,32,2040,288,2050,441
462,2081,111,-80,64,2040,288,2050,441
463,2080,213,16,0,2031,279,2060,242
463,2080,221,16,0,2040,391,2051,164
463,2081,496,0,-16,2041,427,2050,120
463,2081,503,-16,0,2041,437,2051,164
465,2080,363,48,16,2040,232,2060,102
465,2081,426,48,0,2040,232,2060,102
466,2080,456,48,48,2040,269,2050,428
466,2081,390,48,48,2040,269,2050,428
467,2080,311,0,0,2030,106,2050,356
467,2080,312,48,-32,2030,107,2060,236
467,2081,204,16,-16,2040,414,2050,356
467,2081,205,48,-16,2030,107,2060,236
469,2080,500,64,16,2031,180,2060,228
469,2080,522,-16,0,2041,391,2051,337
469,2081,116,64,0,2031,180,2060,228
469,2081,138,-16,-16,2041,391,2051,337
470,2080,289,-16,0,2031,461,2050,186
470,2081,93,16,0,2031,461,2060,413
472,2080,495,32,0,2040,223,2050,457
472,2080,508,32,0,2031,127,2051,380
472,2080,513,0,0,2040,244,2050,483
472,2080,515,64,0,2040,247,2061,285
472,2081,400,32,0,2040,223,2050,457
472,2081,414,32,-32,2031,127,2051,380
472,2081,419,0,0,2040,244,2050,483
472,2081,421,96,0,2030,208,2061,285
473,2080,196,32,0,2031,323,2060,277
473,2080,198,16,32,2031,326,2050,105
473,2080,204,-16,-16,2040,476,2051,154
473,2081,357,-32,16,2031,312,2050,93
473,2081,365,-16,0,2031,323,2050,102
473,2081,367,16,16,2031,326,2050,105
473,2081,373,-48,-16,2040,476,2050,114
474,2080,313,48,0,2030,153,2060,415
474,2081,120,48,0,2030,153,2060,415
475,2080,312,48,-32,2030,106,2060,194
475,2081,70,48,-32,2030,106,2060,194
476,2080,207,-160,160,2031,280,2061,322
476,2081,451,-160,160,2031,280,2061,322
477,2080,351,-16,-32,2040,232,2050,267
477,2081,126,-16,0,2040,232,2050,267
477,2081,128,16,-16,2030,471,2051,302
478,2070,422,-48,112,2030,513,2060,165
478,2071,551,-48,144,2030,513,2060,165
478,2080,265,0,0,2031,226,2050,323
478,2080,271,-128,-32,2040,497,2060,192
478,2081,409,0,-16,2031,226,2050,323
478,2081,416,-128,-80,2040,497,2060,192
480,2070,385,48,80,2030,42,2060,279
480,2071,71,48,80,2030,42,2060,279
480,2080,229,64,0,2040,347,2060,279
480,2080,236,16,-16,2031,325,2051,126
480,2081,155,64,0,2040,347,2060,279
480,2081,161,0,0,2041,94,2051,126
481,2080,455,-16,-48,2031,284,2060,323
481,2081,96,-16,-96,2031,284,2060,323
482,2080,291,-16,0,2040,159,2050,207
482,2080,296,-80,64,2040,174,2050,214
482,2081,484,-16,0,2040,159,2050,207
482,2081,489,-80,96,2040,174,2050,214
484,2080,348,0,16,2031,49,2050,320
484,2081,402,0,16,2031,49,2050,320
484,2081,418,0,-16,2030,163,2050,336
485,2080,509,64,0,2040,333,2060,289
485,2080,538,48,-16,2031,274,2050,496
485,2080,541,16,-16,2031,278,2050,499
485,2081,111,64,0,2040,333,2060,289
485,2081,139,48,-16,2031,274,2050,496
485,2081,142,0,0,2030,194,2050,499
487,2070,492,32,80,2030,409,2060,342
487,2071,501,32,80,2030,409,2060,342
487,2080,203,-32,0,2040,255,2051,127
487,2081,99,-32,16,2040,255,2051,127
488,2080,350,64,16,2030,278,2060,177
488,2080,360,96,-48,2040,71,2051,224
488,2081,481,80,0,2031,134,2060,177
489,2080,206,0,16,2030,171,2051,106
489,2081,490,0,0,2030,171,2051,106
490,2071,169,144,80,2030,182,2050,489
490,2080,531,144,-48,2030,182,2050,489
490,2080,541,64,-16,2031,241,2060,297
490,2080,543,16,0,2041,374,2060,299
490,2080,552,16,-16,2031,258,2050,510
490,2081,449,144,-64,2030,182,2050,489
490,2081,459,64,-16,2031,241,2060,297
490,2081,470,16,-16,2031,258,2050,510
491,2080,210,32,-32,2031,344,2060,308
491,2080,224,0,-16,2031,370,2050,291
491,2081,183,32,-48,2031,344,2060,308
491,2081,197,0,-32,2031,370,2050,291
492,2080,512,-48,16,2041,377,2060,247
492,2081,160,-48,16,2041,377,2060,247
495,2080,184,0,0,2031,253,2050,123
495,2080,188,-16,0,2040,455,2050,129
495,2081,310,0,0,2030,343,2051,147
495,2081,314,16,0,2031,266,2050,129
499,2080,254,64,-32,2031,323,2060,284
499,2081,444,64,-16,2031,323,2060,284
500,2080,282,16,0,2030,578,2060,392
500,2080,285,-128,112,2031,432,2060,394
500,2081,155,16,-32,2030,578,2060,392
502,2080,154,-16,112,2031,287,2061,126
502,2081,53,-16,80,2031,287,2061,126
504,2080,479,48,16,2040,232,2060,193
504,2081,117,48,16,2040,232,2060,193
505,2070,196,-64,0,2030,68,2050,277
505,2071,51,-64,-16,2030,68,2050,277
505,2080,314,-64,-144,2030,68,2050,277
505,2081,98,-64,-160,2030,68,2050,277
506,2080,233,16,-16,2031,346,2050,207
506,2081,94,16,-16,2031,346,2050,207
507,2070,473,-112,224,2040,273,2061,389
507,2070,474,-48,96,2041,430,2060,235
507,2071,625,-112,240,2040,273,2061,389
507,2071,626,-48,96,2041,430,2060,235
507,2080,525,-48,16,2041,430,2060,235
507,2080,529,16,0,2030,152,2050,357
507,2081,607,-48,16,2041,430,2060,235
507,2081,611,16,-16,2030,152,2050,357
508,2080,228,0,0,2040,400,2050,278
508,2080,251,80,0,2030,220,2060,340
508,2081,141,0,-16,2040,400,2050,278
508,2081,146,16,-48,2030,207,2050,291
508,2081,161,64,0,2041,509,2060,340
510,2070,460,16,64,2041,485,2050,233
510,2071,508,16,48,2041,485,2050,233
510,2080,330,16,-16,2031,197,2050,238
510,2081,535,16,-32,2031,197,2050,238
511,2080,507,64,-16,2040,214,2060,287
511,2080,508,-16,-16,2030,166,2051,538
511,2081,436,-16,0,2030,154,2050,228
511,2081,450,64,-16,2040,214,2060,287
511,2081,451,-48,0,2030,166,2050,252
512,2080,355,-16,0,2040,179,2050,396
512,2081,331,-16,-48,2040,179,2050,396
512,2081,347,16,0,2030,85,2060,168
514,2080,263,-32,0,2040,240,2050,328
514,2081,443,-32,16,2040,240,2050,328
515,2070,206,-16,0,2030,373,2061,59
515,2071,380,-16,0,2030,373,2061,59
516,2081,110,-16,16,2031,293,2060,332
517,2071,557,32,80,2031,251,2060,213
517,2080,395,-32,16,2040,305,2050,154
517,2080,405,48,0,2030,471,2060,213
517,2081,438,48,0,2030,471,2060,213
519,2080,397,-16,0,2030,288,2050,251
519,2080,406,0,0,2041,482,2050,262
519,2080,415,16,0,2040,361,2050,269
519,2081,522,-160,-48,2030,273,2050,233
519,2081,537,-16,0,2030,288,2050,251
519,2081,547,16,0,2030,301,2050,262
519,2081,553,-16,0,2040,361,2051,445
520,2080,448,-16,-16,2040,139,2050,413
520,2080,463,-16,0,2041,200,2051,274
520,2080,467,32,-16,2040,160,2060,126
520,2081,288,-16,-16,2040,139,2050,413
520,2081,303,-32,0,2041,200,2050,430
520,2081,307,32,-48,2040,160,2060,126
522,2080,372,80,-16,2030,118,2060,197
522,2081,306,80,0,2030,118,2060,197
523,2080,326,0,0,2030,132,2050,247
523,2080,347,-16,-16,2040,197,2050,263
523,2081,208,16,0,2040,170,2050,247
523,2081,230,-16,-16,2040,197,2050,263
524,2071,549,0,64,2040,120,2050,177
524,2080,257,0,-16,2040,120,2050,177
524,2080,265,0,0,2040,130,2051,217
524,2081,77,0,-32,2040,120,2050,177
524,2081,84,0,0,2040,130,2051,217
526,2071,420,32,64,2030,215,2060,380
526,2080,182,64,0,2031,331,2060,380
526,2081,0,64,-16,2031,331,2060,380
527,2070,245,0,64,2041,286,2051,350
527,2071,487,0,64,2041,286,2051,350
527,2080,438,0,-32,2040,84,2060,180
527,2080,444,0,-16,2031,141,2051,329
527,2080,446,16,0,2030,58,2051,331
527,2081,353,0,-32,2040,84,2060,180
527,2081,358,0,-16,2031,141,2051,329
527,2081,360,-16,-16,2030,58,2050,413
528,2070,506,16,64,2030,145,2061,174
528,2071,551,16,80,2030,145,2061,174
528,2080,369,0,0,2031,188,2051,258
528,2080,396,-16,-16,2040,502,2050,453
528,2080,397,112,-16,2030,148,2050,454
528,2081,295,0,0,2031,188,2051,258
528,2081,308,32,-16,2030,135,2060,237
528,2081,319,-16,-16,2040,502,2050,453
528,2081,320,112,-16,2030,148,2050,454
529,2080,276,0,-16,2040,346,2050,237
529,2081,144,0,0,2040,346,2050,237
529,2081,148,-144,0,2030,590,2050,241
530,2080,195,16,0,2030,444,2050,160
530,2081,490,16,0,2030,444,2050,160
530,2081,499,64,0,2040,262,2060,299
531,2080,453,-144,112,2030,358,2061,65
531,2080,459,-16,0,2040,235,2051,115
531,2081,328,-144,96,2030,358,2061,65
531,2081,335,0,0,2040,235,2050,430
532,2070,363,32,96,2040,334,2050,137
532,2070,368,80,32,2040,344,2050,142
532,2071,47,32,96,2040,334,2050,137
532,2071,51,80,32,2040,344,2050,142
532,2080,170,96,-64,2041,223,2050,142
532,2081,112,96,-64,2041,223,2050,142
533,2080,273,48,0,2030,110,2060,424
533,2081,85,-32,0,2030,110,2050,240
534,2070,274,16,112,2030,352,2050,520
534,2070,280,16,64,2031,428,2060,453
534,2071,116,16,96,2030,352,2050,520
534,2080,460,48,0,2040,129,2050,518
534,2080,484,32,-32,2030,381,2060,453
534,2081,314,32,0,2031,388,2050,518
534,2081,338,32,-32,2030,381,2060,453
535,2070,360,16,80,2030,107,2060,189
535,2071,480,16,80,2030,107,2060,189
535,2080,449,32,-48,2030,115,2060,200
535,2081,59,32,-64,2030,115,2060,200
536,2080,367,-32,16,2040,221,2050,276
536,2080,369,64,48,2040,223,2050,279
536,2080,389,16,-16,2040,255,2060,211
536,2081,109,-32,16,2040,221,2050,276
536,2081,112,64,32,2040,223,2050,279
536,2081,133,16,-32,2040,255,2060,211
537,2080,485,32,0,2031,320,2060,283
537,2081,601,32,0,2031,320,2060,283
538,2070,449,0,48,2040,178,2060,232
538,2080,572,32,0,2031,263,2060,224
538,2080,575,-32,0,2040,177,2050,543
538,2080,577,16,-16,2041,385,2060,232
538,2080,588,32,-16,2031,281,2060,242
538,2081,494,-16,0,2031,263,2050,538
538,2081,497,-32,0,2040,177,2050,543
538,2081,499,16,-32,2041,385,2060,232
538,2081,511,-48,16,2031,281,2050,555
539,2080,355,16,16,2030,534,2060,421
539,2080,365,16,0,2031,473,2060,433
539,2080,382,-16,-16,2031,493,2050,344
539,2081,280,32,0,2031,461,2060,421
539,2081,291,16,0,2031,473,2060,433
539,2081,301,-16,0,2030,555,2050,339
539,2081,309,16,0,2031,493,2051,185
540,2080,311,-16,0,2041,396,2050,277
540,2081,353,-16,0,2041,396,2050,277
541,2070,348,16,48,2030,448,2060,107
541,2071,457,16,32,2030,448,2060,107
541,2080,226,32,-32,2040,381,2060,78
541,2080,238,16,0,2030,434,2060,95
541,2080,251,-16,0,2031,144,2050,74
541,2081,319,32,-16,2040,381,2060,78
541,2081,330,0,0,2040,399,2050,63
541,2081,339,-16,0,2031,144,2050,74
542,2080,229,48,0,2040,93,2060,271
542,2081,389,0,0,2031,317,2050,131
543,2080,444,80,-16,2030,110,2060,190
543,2080,448,-32,0,2031,156,2051,386
543,2080,457,64,-16,2031,162,2060,207
543,2081,550,16,-16,2031,156,2060,194
543,2081,560,48,0,2030,122,2060,207
544,2080,513,-160,160,2041,200,2060,273
544,2081,381,-160,176,2041,200,2060,273
545,2080,358,32,-64,2040,232,2060,197
545,2081,433,32,-48,2040,232,2060,197
547,2080,328,80,0,2030,568,2060,362
547,2081,531,96,0,2031,404,2060,362
548,2080,401,0,-16,2030,566,2060,153
548,2081,521,-16,0,2031,212,2050,112
549,2070,204,0,96,2040,109,2050,422
549,2080,452,64,0,2031,283,2060,325
549,2081,80,80,0,2040,106,2060,325
549,2081,82,0,-48,2040,109,2050,422
550,2080,282,48,-16,2040,454,2060,130
550,2081,63,-16,0,2040,427,2050,196
550,2081,94,48,0,2040,454,2060,130
551,2080,466,112,0,2030,170,2060,352
551,2081,103,48,0,2031,291,2060,326
551,2081,132,112,0,2030,170,2060,352
552,2070,317,32,48,2030,103,2061,70
552,2071,514,32,64,2030,103,2061,70
552,2080,440,48,0,2030,86,2061,54
552,2080,454,0,0,2031,199,2051,407
552,2081,470,-16,0,2031,179,2050,348
552,2081,485,0,-16,2031,199,2051,407
553,2080,187,64,-32,2030,345,2061,48
553,2081,313,64,-32,2030,345,2061,48
554,2080,383,-32,-128,2040,293,2050,348
554,2081,89,-32,-160,2040,293,2050,348
556,2080,529,16,0,2040,331,2050,594
556,2081,395,16,0,2040,331,2050,594
557,2080,257,-48,0,2040,315,2050,227
557,2081,175,-48,0,2040,315,2050,227
558,2080,430,-16,64,2030,86,2060,211
558,2081,488,-16,32,2030,86,2060,211
559,2080,466,64,0,2041,354,2060,190
559,2080,470,48,0,2040,240,2060,195
559,2080,486,0,-48,2041,375,2050,561
559,2081,272,0,0,2040,233,2050,534
559,2081,276,48,-16,2040,240,2060,195
559,2081,291,0,-16,2041,375,2050,561
561,2080,398,64,0,2030,178,2060,449
561,2081,136,48,0,2031,485,2060,449
562,2080,361,64,-16,2040,427,2060,263
562,2081,139,64,-32,2040,427,2060,263
563,2070,264,-128,224,2040,48,2061,390
563,2071,301,-128,224,2040,48,2061,390
563,2080,173,0,16,2040,51,2050,93
563,2081,275,0,0,2040,51,2050,93
564,2070,288,32,64,2041,328,2061,450
564,2071,61,32,48,2041,328,2061,450
564,2080,373,32,0,2031,97,2051,397
564,2080,380,32,32,2040,203,2050,144
564,2080,395,-16,0,2040,223,2050,161
564,2081,334,-32,0,2031,97,2050,130
564,2081,343,32,-16,2040,203,2050,144
564,2081,356,-16,0,2040,223,2050,161
565,2071,497,16,96,2041,415,2050,357
565,2080,308,16,0,2041,415,2050,357
565,2080,322,16,0,2030,148,2050,380
565,2080,324,0,0,2031,255,2050,381
565,2081,478,16,16,2041,415,2050,357
565,2081,492,16,0,2030,148,2050,380
565,2081,494,0,0,2031,255,2050,381
566,2080,284,48,-32,2040,373,2060,214
566,2080,297,96,0,2041,427,2060,226
566,2080,312,-16,0,2031,275,2050,364
566,2081,121,48,-32,2040,373,2060,214
566,2081,133,96,-16,2041,427,2060,226
566,2081,148,-16,0,2031,275,2050,364
568,2070,381,32,32,2031,101,2060,131
568,2071,447,32,48,2031,101,2060,131
568,2080,243,96,0,2030,416,2060,114
568,2080,256,32,-16,2031,101,2060,131
568,2080,265,0,-32,2030,440,2050,237
568,2081,387,96,48,2030,416,2060,114
568,2081,401,32,-48,2031,101,2060,131
568,2081,409,0,-32,2030,440,2050,237
569,2070,435,16,64,2040,425,2060,116
569,2071,52,16,80,2040,425,2060,116
569,2080,251,32,0,2031,130,2060,94
569,2080,271,32,0,2031,158,2060,116
569,2081,327,0,0,2030,359,2050,64
569,2081,348,32,0,2031,158,2060,116
571,2070,416,-16,64,2041,340,2060,211
571,2071,72,-16,64,2041,340,2060,211
571,2080,179,48,0,2031,240,2060,211
571,2081,277,-32,16,2031,240,2050,106
572,2070,397,64,80,2030,427,2060,79
572,2071,332,64,64,2030,427,2060,79
573,2080,418,0,-16,2040,258,2050,394
573,2080,423,16,0,2031,197,2050,402
573,2081,110,0,-32,2040,258,2050,394
574,2080,205,64,0,2040,129,2060,267
574,2080,207,16,-16,2040,132,2060,272
574,2081,418,64,0,2040,129,2060,267
574,2081,420,16,-16,2040,132,2060,272
575,2080,220,-16,0,2031,174,2050,272
575,2080,238,64,0,2030,484,2060,157
575,2080,241,-16,0,2040,364,2050,292
575,2081,110,-16,-16,2031,174,2050,272
575,2081,128,48,0,2031,207,2060,157
575,2081,132,16,0,2041,412,2050,292
576,2080,195,0,0,2031,337,2050,155
576,2080,215,-16,0,2041,476,2050,175
576,2081,552,-16,0,2041,476,2050,175
578,2080,428,-16,0,2041,260,2050,397
578,2080,462,48,16,2030,369,2060,203
578,2081,205,16,0,2041,260,2051,238
579,2080,246,-128,-16,2040,208,2050,291
579,2081,394,-128,-16,2040,208,2050,291
580,2080,505,0,0,2041,382,2051,147
580,2081,216,0,0,2031,253,2050,467
581,2080,280,32,0,2041,528,2060,364
581,2080,286,-48,-32,2040,81,2060,371
581,2080,304,-96,96,2030,477,2050,269
581,2081,192,-48,-16,2040,81,2060,371
581,2081,209,-96,80,2030,477,2050,269
582,2080,345,64,-16,2030,193,2060,382
582,2081,153,64,-32,2030,193,2060,382
583,2080,363,16,0,2040,177,2050,322
583,2081,290,16,-16,2040,177,2050,322
584,2070,386,0,-16,2030,161,2061,503
584,2071,514,-64,16,2030,161,2060,239
584,2080,394,0,32,2031,174,2050,442
584,2080,413,-96,-48,2030,161,2050,460
584,2081,129,-96,-64,2030,161,2050,460
586,2070,385,16,48,2031,131,2060,85
586,2071,322,16,64,2031,131,2060,85
586,2080,288,16,-16,2031,141,2050,253
586,2081,341,16,64,2031,131,2060,85
586,2081,351,16,0,2031,141,2050,253
587,2080,291,48,0,2030,414,2050,267
588,2070,439,0,96,2041,360,2061,191
588,2071,61,0,80,2041,360,2061,191
588,2080,293,-32,0,2040,412,2051,251
589,2080,469,-32,16,2030,383,2050,428
590,2080,274,-16,0,2030,192,2050,158
590,2080,284,-16,32,2040,442,2050,167
590,2080,303,64,-16,2031,386,2060,423
590,2081,127,-16,-16,2030,192,2050,158
590,2081,141,-16,0,2040,451,2050,173
591,2080,287,-16,48,2030,401,2061,206
591,2080,292,16,-16,2030,407,2060,137
591,2081,435,-16,64,2030,401,2061,206
591,2081,439,16,-48,2030,407,2060,137
592,2080,230,112,-16,2030,289,2060,371
592,2081,261,112,0,2030,289,2060,371
593,2070,405,112,224,2030,178,2050,449
593,2071,513,112,224,2030,178,2050,449
593,2080,476,112,128,2030,178,2050,449
593,2081,120,112,128,2030,178,2050,449
594,2081,540,-16,-16,2040,421,2050,262
595,2080,391,16,0,2030,592,2051,431
595,2080,418,16,0,2040,576,2050,271
595,2080,421,32,0,2040,579,2060,183
595,2081,466,16,-16,2030,592,2051,431
595,2081,494,32,0,2030,621,2050,271
595,2081,495,48,0,2031,235,2060,183
596,2080,421,128,160,2030,461,2050,208
596,2080,455,48,0,2041,537,2060,272
596,2081,170,48,0,2041,537,2060,272
597,2080,182,32,-32,2030,347,2060,211
597,2080,199,64,-16,2040,78,2060,229
597,2080,209,-16,0,2031,286,2050,127
597,2081,319,32,-32,2030,347,2060,211
597,2081,333,64,-32,2040,78,2060,229
597,2081,342,-16,0,2031,286,2050,127
598,2080,511,80,0,2030,75,2060,273
598,2080,514,32,-96,2040,321,2060,277
598,2080,519,16,0,2041,369,2060,282
598,2080,526,-64,16,2041,383,2050,498
598,2081,109,80,-32,2030,75,2060,273
598,2081,112,32,-48,2040,321,2060,277
598,2081,125,-64,16,2041,383,2050,498
599,2070,568,32,64,2040,325,2060,196
599,2071,459,32,64,2040,325,2060,196
599,2080,424,32,0,2030,132,2060,179
599,2080,441,-16,0,2030,157,2050,362
599,2081,482,-16,-16,2030,157,2050,362
600,2080,143,-32,112,2030,255,2061,54
600,2080,146,32,-16,2040,314,2060,170
600,2081,416,-32,80,2030,255,2061,54
600,2081,419,32,-16,2040,314,2060,170
602,2070,378,16,80,2041,204,2051,146
602,2071,220,16,96,2041,204,2051,146
602,2080,229,-16,0,2031,347,2050,272
602,2080,233,96,0,2030,439,2060,318
602,2080,239,16,0,2041,204,2051,146
602,2080,244,80,-48,2040,426,2050,294
602,2081,163,-16,-16,2031,347,2050,272
602,2081,167,96,-32,2030,439,2060,318
602,2081,174,16,-16,2041,204,2051,146
602,2081,179,80,-64,2040,426,2050,294
603,2080,233,32,-32,2031,328,2060,286
603,2080,241,-32,0,2040,125,2051,190
603,2080,242,64,0,2031,350,2060,302
603,2081,427,-64,64,2031,307,2050,133
603,2081,441,32,-32,2031,328,2060,286
603,2081,449,16,0,2040,125,2060,301
603,2081,450,64,0,2031,350,2060,302
604,2080,440,-16,-64,2031,123,2050,410
604,2081,181,-16,-64,2031,123,2050,410
605,2080,461,-64,0,2041,537,2050,234
605,2081,599,64,-16,2041,537,2060,277
606,2080,298,64,0,2030,383,2060,195
606,2080,303,0,0,2031,168,2050,344
606,2080,318,144,0,2030,401,2050,369
606,2081,417,0,16,2031,168,2050,344
608,2080,359,-112,-16,2041,434,2051,315
608,2080,363,16,0,2031,174,2050,243
608,2081,111,-112,-32,2041,434,2051,315
608,2081,115,16,0,2031,174,2050,243
610,2080,195,-16,0,2031,313,2050,242
610,2081,163,48,-48,2040,99,2060,269
610,2081,170,-16,-32,2031,313,2050,242
611,2080,464,0,-16,2030,176,2050,520
611,2080,468,0,-48,2031,219,2051,345
611,2080,469,0,0,2040,304,2051,346
611,2081,120,0,-48,2031,219,2051,345
611,2081,121,0,0,2030,183,2050,528
612,2070,352,16,80,2031,476,2060,439
612,2071,534,16,64,2031,476,2060,439
612,2081,121,-16,0,2040,400,2051,186
613,2080,217,-48,0,2040,378,2050,134
613,2080,228,80,16,2030,258,2060,289
613,2081,100,-48,0,2040,378,2050,134
614,2080,225,64,0,2031,360,2060,322
614,2081,94,64,0,2031,360,2060,322
615,2080,237,80,0,2031,353,2060,315
615,2080,239,0,-16,2030,424,2050,287
615,2080,244,64,0,2041,184,2061,402
615,2081,65,80,-32,2031,353,2060,315
615,2081,67,0,0,2030,424,2050,287
615,2081,72,64,0,2041,184,2061,402
616,2080,248,64,0,2040,392,2060,92
616,2080,251,48,-32,2040,395,2060,96
616,2080,267,32,0,2041,314,2061,190
616,2081,324,-16,-16,2040,392,2050,58
616,2081,327,112,16,2030,355,2060,96
616,2081,341,0,0,2030,379,2050,87
618,2080,257,-16,-16,2031,134,2050,63
618,2081,310,-16,-16,2031,134,2050,63
619,2080,393,64,-16,2040,271,2060,232
619,2080,395,0,0,2040,273,2051,83
619,2081,48,64,-16,2040,271,2060,232
619,2081,49,0,0,2031,189,2050,358
620,2080,475,0,0,2041,407,2051,367
620,2081,155,0,-16,2040,336,2050,546
620,2081,156,-16,-32,2031,256,2051,368
622,2080,331,80,0,2040,100,2060,427
622,2080,334,-16,-16,2031,384,2050,292
622,2080,335,64,0,2040,104,2060,431
622,2080,344,0,0,2031,397,2050,299
622,2080,354,0,-16,2031,409,2051,236
622,2081,251,80,16,2040,100,2060,427
622,2081,254,-16,-16,2031,384,2050,292
622,2081,255,64,0,2040,104,2060,431
622,2081,263,0,0,2031,397,2050,299
622,2081,272,0,-16,2031,409,2051,236
623,2080,378,48,0,2040,72,2060,300
623,2081,207,48,-16,2040,72,2060,300
624,2070,528,64,80,2041,472,2060,257
624,2071,66,64,96,2041,472,2060,257
624,2080,215,64,0,2041,472,2060,257
624,2080,231,32,-16,2040,108,2060,274
624,2080,239,64,-16,2030,453,2061,370
624,2080,240,32,-16,2031,343,2060,283
624,2081,383,80,0,2040,85,2060,257
624,2081,399,80,-16,2041,494,2060,274
624,2081,405,64,-16,2030,453,2061,370
624,2081,406,32,0,2031,343,2060,283
627,2080,491,16,0,2040,289,2050,454
627,2081,401,16,0,2040,289,2050,454
628,2080,312,64,0,2040,53,2060,367
628,2080,327,-16,-16,2040,72,2050,285
628,2080,329,64,0,2030,500,2060,384
628,2080,332,-48,0,2031,426,2051,218
628,2080,338,0,0,2030,511,2051,230
628,2081,237,64,0,2040,53,2060,367
628,2081,252,-16,-16,2040,72,2050,285
628,2081,254,80,-16,2031,425,2060,384
628,2081,257,-16,-16,2031,426,2050,291
628,2081,263,0,-16,2030,511,2051,230
629,2080,474,0,-32,2041,181,2050,439
629,2081,149,0,0,2041,181,2050,439
630,2080,470,80,0,2040,146,2060,378
630,2080,472,80,0,2040,148,2061,115
630,2080,477,112,-16,2040,151,2060,384
630,2081,256,64,0,2030,301,2060,378
630,2081,258,96,0,2031,338,2061,115
630,2081,264,112,-16,2040,151,2060,384
630,2081,278,-16,-48,2030,318,2050,454
631,2080,171,32,0,2030,392,2060,252
631,2081,143,0,0,2031,286,2051,121
632,2080,319,64,0,2040,273,2060,111
632,2080,321,32,-32,2041,388,2060,114
632,2081,193,64,-16,2040,273,2060,111
632,2081,196,32,-48,2041,388,2060,114
633,2080,355,0,-16,2031,174,2051,244
633,2081,114,0,-16,2030,458,2050,334
634,2070,396,48,64,2040,46,2060,201
634,2071,431,48,64,2040,46,2060,201
634,2080,170,-16,-16,2040,46,2050,98
634,2081,404,-16,-32,2040,46,2050,98
635,2080,424,-32,-32,2040,105,2050,390
635,2081,83,-16,0,2040,105,2051,360
637,2080,270,-16,0,2030,310,2051,132
638,2070,290,48,64,2031,120,2060,85
638,2080,323,64,0,2040,190,2060,85
638,2080,329,-48,-16,2040,200,2050,55
638,2080,331,-16,16,2041,246,2050,60
638,2080,345,0,0,2031,152,2050,82
638,2081,387,64,-16,2040,190,2060,85
638,2081,393,-32,16,2040,200,2051,361
638,2081,395,-16,0,2041,246,2050,60
638,2081,408,0,-16,2031,152,2050,82
639,2080,375,32,0,2031,119,2051,414
639,2080,385,48,-32,2030,94,2060,179
639,2080,395,32,0,2041,323,2060,190
639,2080,402,0,0,2041,328,2050,231
639,2080,407,32,32,2031,160,2060,198
639,2081,453,48,-32,2030,94,2060,179
639,2081,461,0,-32,2030,103,2050,226
639,2081,467,0,16,2041,328,2050,231
639,2081,472,32,0,2031,160,2060,198
640,2070,458,16,80,2040,299,2061,262
640,2070,461,48,128,2030,385,2050,167
640,2071,468,16,64,2040,299,2061,262
640,2071,471,48,128,2030,385,2050,167
640,2080,105,0,0,2040,296,2050,152
640,2080,107,16,-16,2040,299,2061,262
640,2080,117,80,-32,2040,317,2050,167
640,2080,122,32,0,2040,320,2060,204
640,2081,336,0,0,2040,296,2050,152
640,2081,339,16,-16,2040,299,2061,262
640,2081,349,160,32,2031,244,2050,167
640,2081,354,32,-16,2040,320,2060,204
641,2080,358,48,0,2040,130,2060,281
641,2081,77,32,16,2041,199,2060,281
642,2080,252,0,0,2030,315,2050,63
642,2080,262,16,16,2041,416,2050,79
642,2081,281,32,0,2040,353,2051,199
642,2081,292,16,0,2041,416,2050,79
643,2070,258,16,96,2041,194,2050,481
643,2071,510,16,64,2041,194,2050,481
643,2080,434,16,0,2030,54,2050,479
643,2080,449,0,-16,2040,163,2050,493
643,2080,450,48,-16,2030,82,2061,117
643,2080,451,80,0,2031,413,2060,366
643,2080,452,-112,16,2041,223,2060,368
643,2081,301,16,-16,2030,54,2050,479
643,2081,316,0,-16,2040,163,2050,493
643,2081,317,48,0,2030,82,2061,117
643,2081,318,80,0,2031,413,2060,366
643,2081,320,-112,-16,2041,223,2060,368
644,2070,487,-144,48,2030,113,2060,188
644,2071,379,-144,48,2030,113,2060,188
644,2080,355,-144,-48,2030,113,2060,188
644,2080,358,0,0,2040,461,2050,152
644,2081,396,-144,-64,2030,113,2060,188
644,2081,398,0,0,2040,461,2050,152
645,2070,296,0,96,2040,259,2050,389
645,2071,512,0,96,2040,259,2050,389
645,2080,430,0,-16,2040,259,2050,389
645,2080,434,16,-16,2040,261,2050,392
645,2080,449,0,0,2030,137,2051,344
645,2080,457,-48,-32,2030,147,2050,424
645,2081,358,0,0,2040,259,2050,389
645,2081,362,-32,0,2040,261,2051,327
645,2081,376,0,0,2040,281,2050,412
645,2081,383,-48,-32,2030,147,2050,424
646,2080,290,64,0,2030,443,2060,143
646,2080,306,16,-16,2040,72,2060,156
646,2080,307,-144,-48,2030,465,2050,128
646,2081,400,80,-16,2041,333,2060,143
646,2081,416,16,-16,2040,72,2060,156
646,2081,417,-144,-16,2030,465,2050,128
647,2070,524,80,144,2031,284,2060,252
647,2071,530,80,128,2031,284,2060,252
647,2080,421,0,0,2031,292,2050,219
647,2081,182,16,0,2030,443,2050,211
647,2081,187,16,-16,2030,451,2050,219
648,2080,298,16,16,2040,168,2050,207
648,2080,312,0,0,2030,539,2050,217
648,2080,315,-32,-48,2040,188,2050,220
648,2080,328,-64,48,2040,204,2060,473
648,2081,333,16,16,2040,168,2050,207
648,2081,346,0,-16,2030,539,2050,217
648,2081,349,32,0,2040,188,2060,453
648,2081,362,-64,48,2040,204,2060,473
651,2070,444,-16,64,2040,182,2060,219
651,2070,446,0,112,2041,409,2051,373
651,2071,505,-16,64,2040,182,2060,219
651,2071,508,0,80,2041,409,2051,373
651,2080,335,-16,-32,2040,182,2060,219
651,2080,339,0,0,2041,409,2051,373
651,2081,150,0,0,2041,409,2051,373
652,2070,256,-48,144,2041,285,2050,386
652,2071,222,-48,128,2041,285,2050,386
652,2080,420,-48,32,2041,285,2050,386
652,2080,434,0,0,2031,538,2050,399
652,2081,355,-48,80,2041,285,2050,386
653,2080,465,-16,0,2041,313,2050,416
653,2080,475,64,48,2030,164,2050,431
653,2081,124,-16,0,2041,313,2050,416
654,2070,436,-64,96,2031,204,2050,128
654,2071,458,-64,96,2031,204,2050,128
654,2080,303,64,-32,2030,326,2060,160
654,2080,304,64,16,2030,328,2060,162
654,2080,307,-64,16,2031,204,2050,128
654,2081,98,64,-16,2030,326,2060,160
654,2081,99,64,0,2030,328,2060,162
654,2081,102,-64,0,2031,204,2050,128
655,2070,403,32,112,2031,263,2060,225
655,2071,409,32,96,2031,263,2060,225
655,2071,410,-48,80,2030,333,2060,229
655,2080,144,-96,0,2030,333,2050,118
655,2081,298,-96,0,2030,333,2050,118
656,2080,524,32,0,2040,192,2060,466
656,2080,528,0,0,2040,202,2050,244
656,2080,534,-112,80,2031,433,2050,251
656,2080,543,48,0,2040,217,2060,480
656,2080,549,48,0,2040,222,2060,485
656,2081,149,-16,-16,2030,289,2050,240
656,2081,154,0,-16,2040,202,2050,244
656,2081,159,-112,48,2031,433,2050,251
656,2081,169,0,-16,2041,390,2050,258
656,2081,175,0,-16,2030,312,2050,263
657,2080,369,-16,-32,2041,445,2050,183
657,2080,372,0,-16,2031,282,2050,188
657,2081,79,-16,-32,2041,445,2050,183
657,2081,81,0,0,2031,282,2050,188
658,2080,259,16,-16,2040,149,2050,191
659,2080,434,-32,0,2040,260,2050,105
659,2080,443,48,-16,2031,197,2060,160
659,2080,446,32,-16,2041,352,2061,513
659,2081,462,0,0,2040,260,2060,146
659,2081,472,48,-16,2031,197,2060,160
659,2081,475,32,-16,2041,352,2061,513
660,2071,248,0,80,2041,146,2060,471
660,2080,346,-16,-16,2041,146,2051,187
660,2080,373,-80,32,2040,461,2050,339
660,2081,216,-16,-16,2041,146,2051,187
660,2081,243,-80,32,2040,461,2050,339
661,2070,449,32,64,2040,219,2060,138
661,2080,303,-32,0,2040,219,2050,111
661,2081,330,-32,0,2040,219,2050,111
662,2080,491,-16,-16,2040,205,2050,550
662,2080,505,16,0,2030,369,2050,563
662,2080,527,48,-16,2031,445,2060,469
662,2081,161,-16,-16,2040,205,2050,550
662,2081,177,16,0,2030,369,2050,563
662,2081,197,48,-16,2031,445,2060,469
664,2070,208,16,80,2040,133,2060,325
664,2071,527,16,80,2040,133,2060,325
664,2080,441,0,-64,2031,266,2050,482
664,2080,453,16,0,2031,287,2050,495
664,2081,420,16,-16,2031,287,2050,495
665,2080,375,16,0,2040,297,2060,218
668,2080,308,16,16,2030,522,2060,175
668,2081,409,16,-16,2030,522,2060,175
669,2070,428,-160,272,2031,313,2060,346
669,2071,491,-160,256,2031,313,2060,346
669,2080,267,16,-16,2031,298,2050,200
669,2080,277,48,0,2040,169,2060,348
669,2081,120,16,-32,2031,298,2050,200
669,2081,129,-16,-16,2040,169,2051,234
669,2081,148,-16,0,2041,404,2050,224
670,2080,293,48,-32,2041,232,2060,132
670,2080,294,64,-16,2031,170,2060,133
670,2081,345,48,-32,2041,232,2060,132
670,2081,346,64,-16,2031,170,2060,133
671,2080,465,80,0,2031,285,2060,238
671,2080,467,-16,0,2031,287,2051,417
671,2081,136,80,0,2031,285,2060,238
673,2080,240,0,0,2031,332,2050,275
673,2081,206,0,-16,2031,332,2050,275
674,2080,368,80,0,2031,266,2060,224
674,2080,378,32,-16,2031,277,2060,240
674,2081,138,80,0,2031,266,2060,224
674,2081,148,32,-16,2031,277,2060,240
675,2080,381,32,0,2031,259,2060,306
675,2080,403,64,16,2030,467,2060,323
675,2081,56,32,-16,2031,259,2060,306
675,2081,78,64,16,2030,467,2060,323
676,2070,364,16,64,2030,234,2060,200
676,2071,471,16,64,2030,234,2060,200
679,2070,447,-80,192,2031,221,2061,257
679,2071,457,-80,176,2031,221,2061,257
679,2080,110,32,-48,2031,220,2060,189
679,2080,111,-80,80,2031,221,2061,257
679,2080,116,0,0,2040,356,2050,166
679,2080,124,16,0,2030,329,2050,169
679,2080,137,0,0,2030,340,2050,183
679,2081,282,32,-32,2031,220,2060,189
679,2081,283,-80,80,2031,221,2061,257
679,2081,288,0,0,2040,356,2050,166
679,2081,296,32,0,2040,365,2050,169
679,2081,309,0,16,2030,340,2050,183
680,2070,526,0,128,2030,587,2050,313
680,2071,463,16,48,2040,306,2060,172
680,2080,442,32,-48,2030,614,2060,170
680,2080,446,0,0,2031,223,2051,387
680,2081,468,0,-16,2030,587,2050,313
680,2081,497,32,-48,2030,614,2060,170
680,2081,500,16,0,2040,306,2060,172
681,2081,214,64,0,2041,307,2060,445
681,2081,219,-16,0,2031,408,2050,529
682,2080,376,48,-32,2041,267,2060,194
682,2081,103,48,-16,2041,267,2060,194
683,2070,480,48,-32,2030,512,2050,299
683,2071,487,16,48,2041,425,2060,76
683,2071,490,48,-80,2030,512,2050,299
683,2080,324,-16,0,2040,374,2050,286
683,2080,326,-16,-48,2040,376,2050,288
683,2080,335,48,-64,2040,390,2060,90
683,2081,206,-16,-64,2040,376,2050,288
683,2081,214,48,-32,2040,390,2060,90
684,2080,372,-32,0,2031,126,2050,67
684,2080,376,-16,0,2031,131,2050,70
684,2081,431,-32,0,2031,126,2050,67
684,2081,435,16,0,2030,196,2050,70
685,2070,370,0,80,2031,167,2050,402
685,2071,508,0,64,2031,167,2050,402
685,2080,418,80,0,2031,136,2061,472
685,2080,425,-16,-32,2040,224,2050,386
685,2080,449,-16,0,2030,131,2050,408
685,2081,60,80,0,2031,136,2061,472
685,2081,67,-16,0,2040,224,2050,386
687,2070,458,32,64,2040,317,2060,208
687,2071,540,32,64,2040,317,2060,208
687,2080,124,32,-16,2040,317,2060,208
687,2080,150,16,0,2031,277,2051,113
687,2081,370,64,0,2030,408,2060,208
688,2070,492,32,64,2040,290,2060,348
688,2071,118,32,64,2040,290,2060,348
688,2080,236,16,0,2030,509,2050,198
688,2080,249,-96,80,2031,415,2060,362
688,2081,88,0,-16,2030,504,2050,195
688,2081,90,16,0,2030,509,2050,198
688,2081,103,-96,64,2031,415,2060,362
690,2080,157,32,0,2031,290,2060,250
690,2080,192,0,0,2030,454,2061,355
690,2081,88,32,0,2031,290,2060,250
690,2081,123,0,0,2030,454,2061,355
691,2080,502,48,0,2030,171,2061,428
691,2081,128,0,0,2040,287,2051,332
693,2080,346,48,0,2030,458,2060,240
693,2080,367,64,0,2031,312,2060,266
693,2081,169,0,0,2041,418,2050,200
693,2081,186,80,0,2040,512,2060,266
694,2080,313,0,-16,2030,389,2050,88
694,2081,356,0,-16,2031,192,2051,270
695,2070,375,32,64,2030,267,2060,81
695,2071,419,32,48,2030,267,2060,81
695,2080,242,48,0,2040,322,2060,81
695,2081,293,48,0,2040,322,2060,81
696,2080,274,-32,-80,2031,161,2050,98
696,2081,438,-32,-64,2031,161,2050,98
697,2080,338,-48,0,2031,395,2050,297
697,2080,357,-32,0,2031,420,2050,322
697,2081,263,-48,-32,2031,395,2050,297
697,2081,283,-32,-16,2031,420,2050,322
700,2070,203,-16,-16,2030,102,2051,267
700,2071,394,0,16,2040,132,2050,234
700,2080,321,-16,-16,2040,148,2050,254
700,2081,414,-16,0,2040,148,2050,254
701,2080,470,0,16,2030,224,2050,419
701,2080,499,16,-16,2031,153,2060,109
701,2081,191,0,0,2030,224,2050,419
701,2081,218,16,-16,2031,153,2060,109
702,2080,278,32,-32,2031,356,2060,316
702,2080,285,64,0,2040,163,2060,324
702,2081,109,32,-16,2031,356,2060,316
702,2081,116,64,0,2040,163,2060,324
702,2081,117,-16,-16,2040,164,2050,203
703,2080,195,80,160,2040,409,2050,118
703,2081,89,80,192,2040,409,2050,118
704,2070,299,16,64,2040,338,2060,510
704,2071,538,16,48,2040,338,2060,510
704,2080,411,16,0,2031,464,2050,372
704,2080,415,-64,16,2040,338,2050,376
704,2080,423,80,32,2041,190,2060,518
704,2081,273,16,-16,2031,464,2050,372
704,2081,276,-64,0,2040,338,2050,376
704,2081,283,80,0,2041,190,2060,518
705,2070,218,16,80,2040,137,2060,99
705,2080,252,-144,64,2041,169,2061,330
705,2080,256,96,16,2031,48,2060,81
705,2080,268,48,0,2031,67,2060,99
705,2081,143,-144,48,2041,169,2061,330
705,2081,147,112,0,2040,112,2060,81
705,2081,161,48,-16,2031,67,2060,99
706,2080,314,32,0,2041,459,2060,218
706,2081,136,32,16,2041,459,2060,218
707,2080,453,-128,112,2041,108,2061,244
707,2080,459,112,-16,2031,167,2060,206
707,2080,460,64,96,2041,122,2050,413
707,2081,64,-128,96,2041,108,2061,244
707,2081,70,112,0,2031,167,2060,206
707,2081,71,64,80,2041,122,2050,413
709,2080,415,16,0,2040,172,2050,384
709,2081,308,16,0,2040,172,2050,384
710,2070,453,16,80,2040,368,2060,205
710,2071,464,16,80,2040,368,2060,205
710,2080,298,32,0,2030,109,2050,264
710,2080,315,16,0,2031,171,2050,284
710,2081,50,32,0,2030,109,2050,264
711,2080,472,32,0,2030,510,2050,174
711,2081,381,16,0,2041,556,2050,174
713,2080,372,0,64,2030,82,2050,290
713,2081,123,0,0,2030,82,2050,290
713,2081,133,16,0,2041,445,2060,215
715,2070,488,0,64,2040,347,2050,279
715,2071,496,0,64,2040,347,2050,279
715,2080,224,16,-16,2041,427,2050,279
715,2080,242,0,32,2030,413,2050,303
715,2081,88,16,-16,2041,427,2050,279
715,2081,108,16,0,2031,211,2050,303
716,2070,484,48,48,2040,227,2060,269
716,2071,123,48,64,2040,227,2060,269
716,2080,359,48,-48,2040,227,2060,269
716,2080,360,-16,-16,2031,306,2050,190
716,2081,96,48,-32,2040,227,2060,269
716,2081,97,16,0,2030,161,2060,271
717,2080,562,-48,64,2031,263,2060,223
717,2080,586,0,0,2030,166,2050,548
717,2081,179,-48,48,2031,263,2060,223
717,2081,201,0,0,2030,166,2050,548
718,2080,379,48,0,2041,301,2060,132
718,2081,438,48,0,2041,301,2060,132
719,2080,469,-16,-16,2041,345,2050,431
719,2080,486,64,160,2031,195,2050,453
719,2081,137,-16,-16,2041,345,2050,431
719,2081,158,64,16,2031,195,2050,453
720,2070,454,64,96,2040,246,2060,206
720,2070,457,-32,96,2041,415,2050,328
720,2071,462,64,112,2040,246,2060,206
720,2080,354,64,-16,2040,246,2060,206
720,2080,359,-32,32,2041,415,2050,328
720,2080,364,-32,-48,2031,189,2050,335
720,2080,365,0,0,2031,190,2050,337
720,2080,367,16,0,2040,272,2051,124
720,2080,373,-16,-64,2040,276,2050,348
720,2081,79,64,-16,2040,246,2060,206
720,2081,84,-32,16,2041,415,2050,328
720,2081,88,0,0,2030,153,2060,224
720,2081,89,0,-32,2031,190,2050,337
720,2081,92,32,0,2030,157,2051,124
720,2081,97,-16,-16,2040,276,2050,348
721,2080,450,96,-16,2041,316,2061,110
721,2080,464,32,-16,2030,400,2060,229
721,2081,138,96,-16,2041,316,2061,110
721,2081,152,32,-16,2030,400,2060,229
722,2070,370,0,48,2040,92,2060,123
722,2071,49,0,48,2040,92,2060,123
722,2080,265,80,-32,2030,441,2060,133
722,2080,280,32,0,2031,187,2060,158
722,2081,414,80,-32,2030,441,2060,133
723,2080,286,64,-16,2030,429,2060,63
725,2080,219,16,16,2030,380,2050,185
725,2081,350,16,0,2030,380,2050,185
727,2080,391,-64,-16,2031,210,2050,150
727,2080,405,80,0,2030,442,2060,188
727,2080,423,0,0,2030,467,2051,362
727,2081,551,-32,-16,2031,210,2051,340
727,2081,564,80,0,2030,442,2060,188
727,2081,584,0,-16,2030,467,2051,362
728,2080,445,16,-32,2040,370,2060,210
728,2081,285,16,-48,2040,370,2060,210
729,2070,445,-128,64,2030,144,2060,222
729,2071,536,-128,48,2030,144,2060,222
730,2080,463,0,0,2031,196,2050,525
730,2080,491,0,16,2031,230,2050,553
730,2081,117,0,0,2031,196,2050,525
730,2081,144,16,-16,2041,421,2050,553
731,2070,360,32,80,2041,333,2060,386
731,2071,481,32,64,2041,333,2060,386
731,2080,269,16,0,2031,411,2051,219
731,2080,284,-32,0,2041,333,2050,201
731,2081,78,16,0,2031,411,2051,219
731,2081,93,-32,16,2041,333,2050,201
733,2070,488,0,96,2040,307,2050,356
733,2071,495,0,96,2040,307,2050,356
733,2080,382,-16,128,2030,92,2060,183
733,2081,70,0,-16,2040,307,2050,356
734,2070,468,16,64,2040,128,2060,294
734,2071,544,16,64,2040,128,2060,294
734,2080,261,32,-32,2041,414,2060,294
734,2080,262,-16,-16,2040,129,2050,175
734,2080,278,-32,0,2040,160,2050,201
734,2081,483,32,-48,2041,414,2060,294
734,2081,484,48,0,2040,129,2060,295
735,2080,406,16,0,2030,44,2050,375
735,2080,416,-48,0,2041,204,2061,173
735,2080,423,16,32,2031,139,2050,386
735,2080,436,144,80,2031,158,2060,111
735,2081,260,32,-16,2031,117,2050,375
735,2081,269,-48,16,2041,204,2061,173
735,2081,275,16,32,2031,139,2050,386
735,2081,289,144,64,2031,158,2060,111
737,2080,349,16,0,2040,106,2051,227
737,2080,354,-32,0,2041,446,2050,310
737,2081,511,0,0,2030,71,2051,227
737,2081,516,-32,0,2041,446,2050,310
738,2080,428,32,0,2040,313,2060,265
738,2080,430,64,16,2040,316,2060,267
738,2081,151,0,0,2030,519,2050,480
738,2081,153,-16,0,2040,316,2050,482
739,2080,161,64,0,2031,221,2060,259
739,2080,170,0,0,2041,307,2050,95
739,2081,23,64,0,2031,221,2060,259
739,2081,31,0,-16,2041,307,2050,95
740,2080,325,0,16,2030,372,2051,281
740,2080,326,0,-16,2030,373,2060,181
740,2080,331,64,-16,2040,471,2060,190
740,2081,116,0,16,2030,372,2051,281
740,2081,117,0,-32,2030,373,2060,181
740,2081,122,32,0,2030,384,2060,190
742,2080,318,0,16,2031,139,2050,175
742,2081,467,0,0,2031,139,2050,175
743,2080,126,32,-32,2040,320,2060,149
743,2081,375,32,-32,2040,320,2060,149
745,2080,330,64,0,2030,488,2060,370
745,2081,138,0,0,2030,455,2050,220
745,2081,165,64,0,2030,488,2060,370
746,2070,416,0,64,2031,321,2060,351
746,2071,570,0,48,2031,321,2060,351
746,2080,525,32,0,2040,393,2060,349
746,2080,529,16,-16,2040,400,2060,351
746,2081,182,-16,-80,2031,320,2050,488
746,2081,183,16,-16,2040,400,2060,351
747,2070,369,160,272,2031,253,2050,466
747,2071,124,160,272,2031,253,2050,466
747,2080,473,48,-16,2040,308,2060,263
747,2080,477,160,0,2040,312,2050,433
747,2081,125,48,-16,2040,308,2060,263
747,2081,129,160,-16,2040,312,2050,433
748,2080,258,16,0,2031,230,2060,188
748,2081,384,16,0,2031,230,2060,188
750,2080,164,-32,-16,2040,378,2050,205
750,2081,464,-32,0,2040,378,2050,205
751,2080,475,16,0,2040,332,2051,421
751,2080,480,64,-32,2040,338,2060,263
751,2080,492,16,-16,2030,152,2050,396
751,2081,177,-16,0,2040,332,2050,380
751,2081,182,64,-16,2040,338,2060,263
751,2081,192,16,16,2030,152,2050,396
752,2080,279,32,0,2030,136,2060,471
752,2080,280,96,0,2031,426,2060,472
752,2080,282,32,176,2030,139,2051,311
752,2080,284,0,0,2031,432,2050,178
752,2081,89,48,0,2031,425,2060,471
752,2081,90,96,0,2031,426,2060,472
752,2081,92,32,176,2030,139,2051,311
752,2081,94,0,-16,2031,432,2050,178
752,2081,97,-96,144,2040,223,2061,68
753,2080,443,-16,-16,2040,98,2051,60
753,2080,446,80,16,2041,310,2060,261
753,2081,550,-16,-16,2040,98,2051,60
753,2081,552,80,0,2041,310,2060,261
754,2080,192,48,0,2030,377,2060,295
754,2081,63,64,-16,2031,335,2060,295
755,2070,480,0,80,2040,147,2051,226
755,2071,546,0,96,2040,147,2051,226
755,2081,491,-16,0,2040,147,2050,184
756,2080,230,48,0,2040,288,2050,201
756,2080,235,96,0,2031,338,2060,373
756,2081,399,80,0,2030,175,2060,373
757,2070,385,0,80,2040,116,2050,160
757,2070,387,48,80,2040,122,2060,418
757,2071,296,0,80,2040,116,2050,160
757,2071,297,48,64,2040,122,2060,418
757,2080,232,-32,32,2031,446,2050,149
757,2080,245,0,0,2040,116,2050,160
757,2080,249,-32,16,2040,122,2050,166
757,2080,253,0,-128,2030,569,2050,167
757,2080,255,32,0,2031,482,2050,170
757,2081,499,-32,16,2031,446,2050,149
757,2081,511,0,-16,2040,116,2050,160
757,2081,515,-32,16,2040,122,2050,166
757,2081,519,32,0,2031,482,2050,170
758,2080,346,16,-32,2031,299,2061,87
758,2081,109,16,-48,2031,299,2061,87
759,2070,251,32,64,2041,222,2060,343
759,2071,497,32,64,2041,222,2060,343
759,2080,433,48,16,2040,147,2050,405
759,2080,449,-16,0,2041,222,2051,276
759,2081,354,48,32,2040,147,2050,405
759,2081,371,-32,0,2041,222,2050,421
760,2080,140,0,0,2031,215,2050,114
760,2080,143,48,0,2030,60,2060,249
760,2081,375,0,0,2031,215,2050,114
760,2081,378,48,0,2030,60,2060,249
761,2080,423,0,-16,2040,242,2050,383
761,2081,71,0,0,2040,242,2050,383
762,2080,414,48,-16,2040,338,2060,137
762,2081,258,48,-32,2040,338,2060,137
763,2080,244,-16,-16,2031,165,2050,297
763,2080,253,-16,-32,2030,138,2050,310
763,2081,50,-16,-16,2030,138,2050,310
764,2080,432,16,-48,2031,281,2060,322
764,2080,436,0,0,2040,97,2050,401
764,2080,455,48,-16,2031,310,2060,350
764,2081,247,16,-32,2031,281,2060,322
764,2081,252,0,0,2040,97,2050,401
764,2081,270,48,-16,2031,310,2060,350
765,2080,307,-16,0,2040,93,2050,269
765,2080,313,0,-16,2040,106,2050,280
765,2080,316,48,16,2031,377,2060,422
765,2081,209,0,-16,2040,106,2050,280
765,2081,212,48,0,2031,377,2060,422
766,2080,380,32,-16,2031,223,2060,186
767,2071,412,16,80,2041,107,2051,72
767,2080,290,32,0,2030,136,2051,72
767,2081,389,0,0,2031,169,2050,334
769,2070,407,48,80,2031,210,2060,249
769,2080,427,80,-16,2030,169,2060,249
769,2080,430,32,0,2031,212,2050,486
769,2081,106,80,-16,2030,169,2060,249
770,2080,479,64,0,2031,163,2060,202
770,2080,486,16,0,2041,385,2051,347
770,2081,279,64,0,2031,163,2060,202
771,2080,366,-16,-112,2030,189,2050,329
771,2080,369,80,-16,2040,438,2061,299
771,2081,490,48,0,2030,189,2060,258
771,2081,496,80,-32,2040,438,2061,299
772,2080,280,16,0,2030,449,2060,306
772,2081,419,-16,0,2040,145,2050,185
773,2080,368,32,0,2031,173,2050,334
773,2080,370,48,0,2031,176,2060,219
773,2080,390,0,0,2031,202,2050,353
773,2081,98,48,-16,2031,176,2060,219
773,2081,116,0,0,2031,202,2050,353
774,2071,142,0,80,2030,579,2050,480
774,2080,512,-16,16,2030,570,2050,468
774,2080,514,32,-16,2031,260,2050,470
774,2080,520,16,-32,2030,573,2050,472
774,2080,525,16,-16,2031,273,2050,480
774,2081,609,-16,0,2030,570,2050,468
774,2081,611,32,-32,2031,260,2050,470
774,2081,617,32,0,2031,265,2051,203
774,2081,623,16,-16,2031,273,2050,480
776,2070,422,32,80,2031,110,2060,70
776,2070,425,32,160,2040,239,2051,313
776,2071,467,32,64,2031,110,2060,70
776,2071,471,32,160,2040,239,2051,313
776,2080,339,16,-16,2041,431,2050,253
776,2080,354,-96,80,2040,231,2060,83
776,2080,362,-48,16,2031,133,2060,93
776,2081,178,16,-16,2041,431,2050,253
776,2081,191,-96,80,2040,231,2060,83
776,2081,199,80,-16,2031,133,2061,161
777,2070,394,32,80,2030,517,2060,337
777,2071,526,32,80,2030,517,2060,337
778,2080,424,64,-16,2030,118,2060,352
778,2080,439,96,-16,2030,139,2060,374
778,2081,388,64,-16,2030,118,2060,352
778,2081,404,96,0,2030,139,2060,374
778,2081,406,16,0,2030,140,2050,493
780,2080,216,0,0,2041,325,2050,117
781,2080,351,64,-16,2040,188,2060,158
781,2081,317,64,-32,2040,188,2060,158
782,2070,350,48,48,2041,240,2060,158
782,2071,497,48,32,2041,240,2060,158
782,2080,386,80,-16,2031,116,2060,158
782,2080,390,48,16,2031,120,2060,164
782,2080,393,32,-32,2030,84,2060,169
782,2080,399,16,-32,2030,89,2050,455
782,2080,406,0,0,2030,103,2050,469
782,2081,47,64,-64,2040,315,2060,157
782,2081,48,80,-16,2031,116,2060,158
782,2081,52,-16,-16,2031,120,2050,443
782,2081,55,32,-32,2030,84,2060,169
782,2081,61,16,-48,2030,89,2050,455
782,2081,64,48,48,2031,139,2060,185
782,2081,66,0,0,2030,103,2050,469
783,2080,376,-16,0,2030,252,2051,290
783,2081,108,0,16,2040,220,2050,444
784,2080,478,-112,-32,2040,336,2060,132
784,2080,490,32,-16,2040,359,2060,146
784,2081,101,-112,-32,2040,336,2060,132
784,2081,112,32,-16,2040,359,2060,146
785,2080,456,32,0,2040,266,2060,229
785,2080,460,16,-16,2040,271,2050,339
785,2081,160,-32,16,2040,266,2050,336
785,2081,165,16,0,2040,271,2050,339
786,2080,307,96,16,2040,378,2060,116
786,2080,312,80,0,2030,431,2060,123
786,2081,557,96,16,2040,378,2060,116
786,2081,562,80,0,2030,431,2060,123
787,2080,371,32,0,2030,191,2060,322
787,2080,379,0,-16,2040,137,2050,88
787,2081,167,32,0,2030,191,2060,322
787,2081,176,0,-16,2040,137,2050,88
788,2080,354,-16,-32,2031,449,2050,319
788,2080,375,48,0,2030,545,2060,430
788,2081,142,-16,-32,2031,449,2050,319
788,2081,164,64,-16,2031,476,2060,430
789,2080,475,-128,96,2040,378,2061,330
789,2081,135,-128,112,2040,378,2061,330
790,2080,430,96,0,2040,325,2051,250
790,2081,106,96,0,2040,325,2051,250
791,2080,406,0,0,2031,177,2050,309
792,2080,444,16,0,2031,79,2050,395
792,2081,338,48,0,2030,206,2060,112
792,2081,358,0,16,2040,167,2050,395
793,2081,453,0,-64,2030,483,2050,247
794,2080,194,32,-64,2040,423,2060,304
794,2080,218,48,0,2041,492,2060,321
794,2081,569,64,0,2031,363,2060,321
795,2071,416,0,80,2030,474,2060,311
795,2080,264,32,0,2030,471,2050,171
795,2080,266,-32,16,2031,346,2050,176
795,2080,288,0,-32,2031,378,2050,192
795,2081,436,32,-16,2030,471,2050,171
795,2081,438,-32,16,2031,346,2050,176
795,2081,461,0,-16,2031,378,2050,192
796,2080,513,48,-16,2030,159,2060,231
796,2081,128,48,-16,2030,159,2060,231
796,2081,134,48,0,2030,167,2060,244
797,2080,117,-32,0,2041,275,2051,94
797,2081,313,-32,16,2041,275,2051,94
798,2080,366,-64,16,2040,214,2050,330
798,2081,142,-64,16,2040,214,2050,330
799,2080,403,-16,-16,2040,191,2050,370
799,2081,311,-16,0,2040,191,2050,370
800,2070,298,32,80,2030,118,2060,223
800,2071,104,32,80,2030,118,2060,223
800,2080,432,64,0,2031,187,2060,223
800,2081,359,48,0,2040,263,2060,223
801,2080,450,16,0,2040,176,2050,413
801,2080,456,0,-16,2040,190,2050,425
801,2081,498,16,0,2040,176,2050,413
801,2081,506,0,-16,2040,190,2050,425
801,2081,510,0,-16,2031,322,2051,104
802,2070,477,-64,80,2030,512,2060,333
802,2080,202,-64,-32,2030,512,2060,333
802,2081,289,-64,-32,2030,512,2060,333
803,2070,431,0,80,2031,79,2051,250
803,2071,189,0,96,2031,79,2051,250
803,2080,311,16,0,2030,461,2050,199
803,2080,313,-16,-16,2041,376,2051,251
803,2081,440,16,-32,2030,461,2050,199
803,2081,441,-16,-16,2041,376,2051,251
804,2070,525,0,64,2031,193,2051,130
804,2071,561,0,64,2031,193,2051,130
804,2080,232,-64,-16,2040,359,2050,288
804,2080,234,-16,-16,2030,326,2050,291
804,2081,427,-64,16,2040,359,2050,288
804,2081,429,-16,-16,2030,326,2050,291
805,2071,596,-16,32,2031,307,2060,257
805,2080,421,0,0,2041,498,2050,197
805,2080,429,0,0,2041,512,2051,380
805,2080,431,-16,0,2031,308,2050,210
805,2081,560,0,0,2041,498,2050,197
805,2081,570,0,0,2041,512,2051,380
805,2081,572,64,0,2031,308,2060,259
806,2080,275,-144,256,2041,446,2060,140
806,2081,376,-144,256,2041,446,2060,140
807,2080,269,32,0,2031,357,2060,305
807,2080,273,0,0,2040,152,2051,223
807,2081,422,32,-16,2040,120,2060,290
807,2081,433,32,0,2031,357,2060,305
807,2081,437,0,0,2041,485,2050,188
808,2080,458,0,-16,2040,291,2050,253
808,2081,207,0,-32,2040,291,2050,253
809,2080,350,-16,0,2040,215,2050,262
809,2080,359,16,-16,2030,400,2050,272
809,2080,378,64,0,2040,246,2060,202
809,2081,558,64,-16,2040,246,2060,202
810,2080,185,-16,0,2030,392,2050,235
810,2080,201,-32,0,2040,483,2051,128
810,2081,375,-32,0,2040,483,2051,128
811,2070,328,16,80,2030,106,2050,446
811,2071,500,16,80,2030,106,2050,446
811,2080,371,0,16,2030,86,2050,424
811,2081,51,0,16,2030,86,2050,424
812,2080,441,0,16,2030,387,2051,478
812,2081,345,0,0,2031,314,2050,183
813,2080,478,0,32,2040,186,2051,219
813,2081,146,0,0,2040,186,2051,219
814,2070,445,16,128,2030,321,2050,99
814,2071,454,16,112,2030,321,2050,99
814,2080,247,0,16,2040,355,2061,65
814,2080,251,0,-32,2030,316,2050,96
814,2080,254,64,0,2031,165,2060,128
814,2080,257,16,16,2030,321,2050,99
814,2081,281,0,0,2040,355,2061,65
814,2081,285,0,-32,2030,316,2050,96
814,2081,288,64,-16,2031,165,2060,128
814,2081,291,16,-16,2030,321,2050,99
815,2080,385,16,0,2031,237,2061,199
815,2081,87,64,0,2030,148,2060,240
815,2081,112,16,0,2031,237,2061,199
816,2080,295,0,-32,2031,125,2050,258
816,2081,60,0,-16,2031,125,2050,258
817,2070,501,-16,96,2031,587,2051,176
817,2071,651,-16,96,2031,587,2051,176
817,2080,392,0,0,2040,297,2050,351
817,2081,254,0,-16,2040,297,2050,351
818,2080,181,64,0,2040,441,2060,213
818,2080,188,-160,128,2040,450,2061,297
818,2081,329,64,-16,2040,441,2060,213
818,2081,336,-160,128,2040,450,2061,297
819,2080,420,0,32,2041,342,2051,304
819,2080,423,-16,0,2040,274,2050,478
819,2080,430,48,-16,2031,199,2060,238
819,2081,125,0,0,2041,342,2051,304
819,2081,128,-16,-16,2040,274,2050,478
819,2081,135,48,-48,2031,199,2060,238
820,2080,478,-16,0,2031,202,2050,126
820,2081,544,-16,-16,2031,202,2050,126
821,2080,515,32,0,2030,152,2060,259
821,2081,112,32,-16,2030,152,2060,259
822,2070,430,0,48,2030,351,2060,141
822,2070,431,32,80,2031,189,2060,142
822,2071,5,0,48,2030,351,2060,141
822,2071,6,32,80,2031,189,2060,142
822,2080,285,32,0,2040,203,2050,75
822,2080,309,64,-16,2030,344,2061,25
822,2081,39,32,0,2040,203,2050,75
822,2081,60,64,-48,2030,344,2061,25
823,2080,385,32,0,2030,68,2060,137
823,2080,389,48,0,2041,193,2060,144
823,2080,390,-48,0,2030,74,2050,367
823,2081,252,48,0,2041,187,2060,137
823,2081,257,-16,0,2040,319,2050,365
823,2081,258,-48,-16,2030,74,2050,367
824,2080,339,0,0,2040,240,2051,283
824,2081,501,16,0,2031,123,2050,173
825,2080,243,32,0,2040,110,2061,43
825,2080,265,16,32,2031,347,2050,179
825,2081,81,32,0,2040,110,2061,43
825,2081,100,16,48,2031,347,2050,179
826,2080,430,0,0,2031,137,2050,390
826,2080,447,64,0,2030,330,2060,202
826,2081,581,16,0,2041,88,2050,390
826,2081,596,-16,0,2030,330,2050,408
827,2070,541,16,48,2031,334,2060,379
827,2071,115,16,64,2031,334,2060,379
827,2080,493,48,0,2030,250,2060,379
827,2080,511,0,0,2040,612,2050,472
827,2081,178,-16,0,2030,250,2050,451
827,2081,197,0,-16,2040,612,2050,472
828,2080,429,32,-64,2040,268,2050,396
828,2081,114,32,-112,2040,268,2050,396
829,2080,178,0,0,2030,384,2050,145
829,2080,181,0,-32,2031,334,2050,146
829,2080,188,0,-16,2041,465,2050,155
829,2080,196,-128,-16,2030,403,2050,159
829,2081,503,0,-16,2030,384,2050,145
829,2081,506,0,-32,2031,334,2050,146
829,2081,513,0,-16,2041,465,2050,155
829,2081,520,-128,0,2030,403,2050,159
831,2070,409,32,80,2040,280,2060,232
831,2071,135,32,64,2040,280,2060,232
831,2080,421,16,32,2041,343,2050,475
831,2080,432,32,-64,2040,280,2060,232
831,2080,443,-128,32,2030,589,2050,502
831,2081,147,16,16,2041,343,2050,475
831,2081,157,32,-48,2040,280,2060,232
831,2081,167,-128,16,2030,589,2050,502
833,2081,124,0,0,2040,431,2051,295
834,2070,531,-144,64,2040,120,2060,435
834,2071,582,-144,48,2040,120,2060,435
834,2080,303,0,16,2030,337,2051,230
834,2080,319,-144,-48,2040,120,2060,435
834,2080,322,0,0,2031,394,2051,254
834,2081,145,0,0,2030,337,2051,230
834,2081,161,-144,-48,2040,120,2060,435
834,2081,164,32,0,2040,127,2060,438
835,2070,373,0,64,2031,181,2051,295
835,2071,91,0,64,2031,181,2051,295
835,2080,443,16,0,2030,223,2051,295
835,2081,118,0,0,2031,181,2051,295
836,2080,385,16,0,2031,488,2051,155
836,2080,396,32,0,2031,504,2060,455
836,2081,259,-16,0,2031,488,2050,348
836,2081,270,32,0,2031,504,2060,455
838,2080,159,32,0,2040,329,2060,245
838,2081,430,-32,0,2040,329,2050,212
839,2080,219,80,-64,2041,301,2060,387
840,2080,369,48,0,2030,463,2060,211
840,2080,384,-16,-32,2040,112,2050,190
840,2081,134,48,-16,2030,463,2060,211
840,2081,147,0,0,2030,478,2050,189
840,2081,148,-16,-16,2040,112,2050,190
841,2080,268,0,-16,2030,525,2050,184
841,2080,287,48,0,2030,548,2060,444
841,2081,303,0,-16,2030,525,2050,184
841,2081,322,48,0,2030,548,2060,444
842,2080,344,-16,-16,2041,413,2050,238
842,2081,104,-16,-16,2041,413,2050,238
843,2080,343,32,-16,2031,47,2060,82
843,2080,351,80,16,2041,277,2060,94
843,2081,412,32,0,2031,47,2060,82
843,2081,418,80,0,2041,277,2060,94
844,2080,327,16,-16,2040,443,2050,379
844,2081,231,-64,176,2030,74,2060,259
846,2080,380,48,16,2031,151,2060,196
846,2080,392,0,-16,2040,250,2050,318
846,2080,402,64,0,2041,445,2060,219
846,2081,76,64,0,2030,113,2060,196
846,2081,90,0,-16,2040,250,2050,318
846,2081,98,64,16,2041,445,2060,219
847,2070,495,16,48,2040,245,2060,412
847,2071,504,16,32,2040,245,2060,412
847,2080,174,-128,112,2040,226,2060,403
847,2080,186,-48,0,2040,245,2050,143
847,2081,276,-128,144,2040,226,2060,403
847,2081,289,-48,16,2040,245,2050,143
848,2070,341,0,32,2031,176,2050,63
848,2070,342,16,80,2030,245,2060,145
848,2071,47,0,64,2031,176,2050,63
848,2071,48,16,64,2030,245,2060,145
848,2080,123,-32,0,2030,241,2050,60
848,2080,124,16,-16,2030,243,2050,63
848,2080,126,16,-32,2030,245,2060,145
848,2080,132,16,0,2031,201,2050,80
848,2081,32,-32,-16,2030,241,2050,60
848,2081,33,16,-16,2030,243,2050,63
848,2081,35,16,-32,2030,245,2060,145
848,2081,42,-32,0,2030,259,2051,104
849,2080,262,32,0,2030,511,2060,291
849,2080,266,0,0,2041,423,2051,213
849,2080,277,0,-16,2041,436,2050,195
849,2081,483,-32,0,2030,511,2050,173
849,2081,486,0,0,2041,423,2051,213
849,2081,498,0,-48,2041,436,2050,195
850,2080,221,-16,-32,2030,420,2050,119
850,2081,552,0,0,2040,484,2051,184
851,2080,370,0,-16,2031,205,2050,292
851,2081,404,0,-32,2031,205,2050,292
852,2070,325,0,96,2040,223,2051,347
852,2071,251,0,96,2040,223,2051,347
852,2080,530,80,0,2030,168,2060,452
852,2080,537,48,-32,2030,172,2060,459
852,2080,548,-16,0,2040,223,2050,508
852,2081,368,80,-16,2030,168,2060,452
852,2081,374,48,0,2030,172,2060,459
852,2081,386,-16,0,2040,223,2050,508
853,2080,292,16,0,2030,217,2050,254
853,2080,296,16,0,2031,67,2050,262
853,2080,301,16,0,2040,361,2050,268
853,2081,393,16,0,2030,217,2050,254
853,2081,397,16,0,2031,67,2050,262
853,2081,402,16,-32,2040,361,2050,268
855,2080,418,80,0,2031,506,2060,463
855,2080,423,32,-16,2041,295,2060,466
855,2081,154,80,-16,2031,506,2060,463
855,2081,158,32,-16,2041,295,2060,466
856,2070,284,48,80,2030,530,2060,394
856,2070,286,32,64,2041,321,2060,399
856,2071,218,48,64,2030,530,2060,394
856,2071,220,32,64,2041,321,2060,399
856,2080,429,-16,0,2030,517,2050,140
856,2080,447,48,-16,2031,365,2060,398
856,2080,448,32,0,2041,321,2060,399
856,2081,235,-16,0,2030,517,2050,140
856,2081,253,48,-48,2031,365,2060,398
856,2081,254,32,0,2041,321,2060,399
857,2080,407,96,0,2040,339,2060,183
857,2080,411,48,-48,2031,232,2060,185
857,2080,412,0,-16,2041,476,2060,186
857,2081,304,80,16,2030,150,2060,183
857,2081,308,48,-48,2031,232,2060,185
857,2081,309,0,0,2031,233,2050,272
859,2080,303,32,0,2031,438,2060,402
859,2081,188,0,0,2030,72,2050,358
859,2081,192,32,0,2031,438,2060,402
860,2080,456,-32,16,2030,275,2050,417
860,2080,474,48,0,2040,221,2060,372
860,2080,478,16,0,2031,333,2050,441
860,2081,129,-32,16,2030,275,2050,417
860,2081,146,0,0,2031,328,2050,438
860,2081,150,16,-16,2031,333,2050,441
861,2080,276,32,0,2030,371,2060,199
861,2080,289,0,-16,2030,377,2050,342
861,2081,121,48,0,2040,409,2060,199
861,2081,134,0,-16,2030,377,2050,342
862,2080,347,64,0,2041,110,2060,188
862,2080,351,0,-16,2030,85,2050,285
862,2081,401,-16,-16,2041,110,2050,282
862,2081,405,0,0,2030,85,2050,285
863,2080,222,80,0,2030,401,2060,314
863,2080,223,-32,0,2030,402,2050,180
863,2081,91,96,-16,2041,437,2060,314
863,2081,92,32,0,2030,402,2060,316
864,2070,247,32,80,2040,216,2060,165
864,2080,460,0,-16,2040,231,2060,182
864,2081,22,0,-32,2040,231,2060,182
865,2070,483,0,80,2040,242,2060,203
865,2071,488,0,80,2040,242,2060,203
865,2080,324,64,0,2030,84,2060,224
865,2081,404,0,128,2040,242,2060,203
865,2081,420,64,-16,2030,84,2060,224
866,2080,270,48,48,2040,153,2050,191
866,2080,281,0,0,2030,455,2050,207
866,2081,96,48,32,2040,153,2050,191
866,2081,107,0,-16,2030,455,2050,207
867,2070,490,0,64,2040,476,2060,275
867,2071,60,0,64,2040,476,2060,275
867,2080,206,0,0,2031,289,2050,104
867,2080,226,160,192,2041,416,2051,171
867,2080,238,-48,0,2040,476,2051,181
867,2081,330,0,0,2031,289,2050,104
867,2081,346,160,160,2041,416,2051,171
867,2081,357,-64,0,2040,476,2050,142
868,2080,357,0,-16,2030,416,2050,203
868,2080,371,80,-16,2040,113,2060,156
868,2080,373,48,0,2030,431,2050,225
868,2081,241,0,-16,2030,416,2050,203
868,2081,255,80,-16,2040,113,2060,156
868,2081,257,64,-16,2031,183,2050,225
869,2080,474,128,-16,2030,143,2050,441
869,2081,173,128,-16,2030,143,2050,441
870,2080,392,0,0,2031,254,2050,350
870,2080,400,112,-48,2031,263,2050,355
870,2080,403,-64,-32,2031,268,2050,359
870,2081,146,0,-16,2031,254,2050,350
870,2081,151,96,112,2040,307,2050,355
872,2070,443,16,80,2040,404,2060,207
872,2071,309,16,48,2040,404,2060,207
872,2080,178,-16,0,2040,404,2050,107
872,2081,284,-16,-16,2040,404,2050,107
873,2080,228,48,16,2040,284,2061,440
873,2081,564,-16,0,2041,475,2050,184
874,2080,182,16,0,2030,446,2060,269
874,2081,117,0,-16,2030,443,2050,231
874,2081,120,16,-16,2030,446,2060,269
875,2070,255,32,64,2030,68,2060,130
875,2071,405,32,48,2030,68,2060,130
875,2080,303,0,-48,2030,66,2050,346
875,2080,306,0,-16,2031,101,2050,348
875,2081,271,0,-16,2030,66,2050,346
875,2081,273,0,-16,2031,101,2050,348
876,2080,389,48,0,2041,128,2060,203
876,2081,446,48,0,2041,128,2060,203
877,2070,448,48,80,2031,337,2060,299
877,2071,509,48,96,2031,337,2060,299
877,2080,354,0,0,2040,485,2051,207
877,2080,367,64,0,2040,498,2060,299
877,2080,368,80,32,2030,192,2060,303
877,2081,149,-48,16,2040,485,2060,278
877,2081,162,64,0,2040,498,2060,299
877,2081,164,96,0,2031,341,2060,303
878,2080,243,-16,0,2030,461,2051,104
878,2081,208,0,32,2030,461,2050,295
879,2080,333,32,0,2040,285,2060,159
879,2081,258,32,0,2040,285,2060,159
880,2080,250,48,0,2030,366,2060,439
880,2080,267,-16,0,2030,383,2050,233
880,2080,269,0,0,2040,349,2050,234
880,2081,510,48,-16,2030,366,2060,439
880,2081,526,-16,0,2030,383,2050,233
880,2081,528,0,0,2040,349,2050,234
881,2080,423,64,-16,2031,195,2060,157
881,2080,435,48,0,2040,310,2061,244
881,2081,127,64,-32,2031,195,2060,157
881,2081,138,-32,16,2041,273,2050,401
882,2080,174,16,0,2041,288,2051,139
882,2080,183,16,-16,2041,298,2060,214
882,2080,200,48,0,2041,313,2060,228
882,2081,80,16,0,2041,288,2051,139
882,2081,93,-48,16,2041,298,2050,120
882,2081,105,48,0,2041,313,2060,228
883,2080,312,16,0,2030,365,2051,262
883,2080,330,0,-48,2031,157,2050,187
883,2080,332,-64,48,2031,158,2060,114
883,2080,340,16,0,2031,171,2050,204
883,2081,484,16,-16,2030,365,2051,262
883,2081,504,0,-64,2031,157,2050,187
883,2081,506,-64,32,2031,158,2060,114
883,2081,513,16,-48,2031,171,2050,204
884,2070,370,16,80,2040,145,2051,430
884,2080,396,0,0,2040,135,2050,178
884,2080,405,16,16,2040,145,2051,430
884,2080,413,32,16,2030,104,2051,436
884,2081,454,0,-16,2040,135,2050,178
884,2081,463,16,0,2040,145,2051,430
885,2080,274,-16,0,2031,377,2050,226
885,2080,275,0,-16,2030,63,2050,228
885,2081,463,0,-16,2030,63,2050,228
886,2080,462,-32,64,2040,195,2061,500
886,2081,113,-32,48,2040,195,2061,500
887,2070,196,16,96,2031,437,2060,402
887,2071,537,16,80,2031,437,2060,402
887,2080,322,0,16,2040,231,2050,281
887,2081,163,0,0,2040,231,2050,281
888,2081,426,-32,16,2040,318,2050,158
889,2080,247,64,32,2040,125,2060,292
889,2080,250,16,0,2030,381,2051,206
889,2081,59,64,16,2040,125,2060,292
889,2081,63,-16,0,2030,381,2050,170
890,2080,418,-16,-16,2031,283,2050,393
890,2080,423,16,-32,2041,194,2050,397
890,2081,346,-16,-16,2031,283,2050,393
890,2081,350,16,-16,2041,194,2050,397
891,2080,392,16,16,2040,238,2060,205
891,2080,420,32,128,2040,266,2060,224
891,2081,58,0,-16,2031,166,2050,357
891,2081,86,32,128,2040,266,2060,224
892,2070,285,-16,176,2030,442,2060,363
892,2080,231,0,144,2040,329,2060,363
892,2080,245,0,-32,2040,343,2050,205
892,2080,246,0,16,2030,458,2060,384
892,2081,470,0,96,2040,329,2060,363
892,2081,483,0,-16,2040,343,2050,205
892,2081,484,0,16,2030,458,2060,384
893,2070,450,16,-32,2040,422,2060,230
893,2071,51,16,-48,2040,422,2060,230
893,2080,182,-16,-16,2040,409,2050,100
893,2080,189,64,0,2040,421,2060,229
893,2080,190,0,160,2041,314,2060,230
893,2080,195,0,-16,2041,317,2050,115
893,2080,196,0,0,2040,426,2051,147
893,2081,62,-16,-16,2040,409,2050,100
893,2081,71,64,0,2040,421,2060,229
893,2081,72,-16,176,2031,267,2060,230
893,2081,78,0,0,2041,317,2050,115
893,2081,79,0,-32,2040,426,2051,147
894,2080,299,48,0,2031,373,2060,338
894,2080,315,80,-16,2040,185,2060,359
894,2081,529,80,-16,2040,185,2060,359
895,2080,311,0,16,2030,437,2050,155
895,2081,180,0,16,2030,437,2050,155
896,2080,206,-16,-16,2030,362,2050,267
896,2081,300,-16,-16,2030,362,2050,267
898,2080,445,-16,0,2040,233,2050,397
898,2080,453,48,-32,2041,291,2060,505
898,2080,471,0,-32,2030,227,2050,439
898,2081,350,-16,-32,2040,233,2050,397
898,2081,359,48,-32,2041,291,2060,505
898,2081,376,0,-32,2030,227,2050,439
899,2070,418,-48,16,2031,190,2060,233
899,2071,578,-64,-32,2031,190,2050,495
899,2080,527,-16,-16,2040,261,2050,481
899,2080,535,-64,-128,2031,190,2050,495
899,2080,545,-16,0,2040,289,2050,516
899,2080,552,64,0,2041,386,2050,524
899,2081,120,-16,-48,2040,261,2050,481
899,2081,129,-64,-128,2031,190,2050,495
899,2081,144,64,-16,2041,386,2050,524
900,2080,356,-16,-16,2040,231,2050,272
900,2081,396,-16,0,2040,231,2050,272
901,2080,405,0,0,2041,280,2050,371
901,2080,408,32,0,2031,455,2060,492
901,2080,418,64,0,2040,221,2060,506
901,2080,421,-16,0,2031,477,2050,391
901,2081,121,32,0,2030,163,2050,371
901,2081,125,32,0,2031,455,2060,492
901,2081,136,64,0,2040,221,2060,506
901,2081,139,32,0,2031,477,2061,360
902,2080,266,32,192,2041,441,2060,117
902,2080,290,-16,0,2030,432,2050,257
902,2081,373,16,128,2041,441,2051,87
902,2081,395,80,0,2030,432,2060,148
903,2080,526,48,0,2040,374,2060,322
903,2080,540,64,0,2030,181,2060,335
903,2081,127,64,0,2031,277,2060,322
903,2081,140,64,-32,2030,181,2060,335
904,2080,99,0,-16,2041,262,2050,56
904,2081,398,0,-16,2041,262,2050,56
905,2080,271,16,0,2030,471,2050,236
905,2081,151,16,-16,2030,471,2050,236
906,2080,265,32,0,2031,343,2061,381
906,2081,136,32,-16,2031,343,2061,381
906,2081,141,80,-16,2030,480,2060,312
907,2080,108,0,-16,2040,393,2050,163
907,2081,305,0,-32,2040,393,2050,163
909,2070,343,16,48,2040,299,2060,252
909,2071,157,16,64,2040,299,2060,252
909,2080,499,-32,0,2040,299,2050,452
909,2080,504,16,-32,2040,308,2060,261
909,2081,119,-32,-16,2040,299,2050,452
909,2081,124,16,-32,2040,308,2060,261
910,2080,149,-64,16,2040,207,2050,120
910,2080,170,16,-16,2031,315,2061,64
910,2080,178,48,0,2031,323,2060,277
910,2081,403,-16,-16,2040,207,2051,75
910,2081,425,-48,0,2031,315,2050,135
911,2080,286,-16,0,2030,392,2050,214
913,2080,456,80,0,2031,117,2060,151
913,2081,362,80,0,2031,117,2060,151
915,2070,286,160,112,2040,139,2051,110
915,2071,221,160,112,2040,139,2051,110
915,2080,354,160,16,2040,139,2051,110
915,2080,359,-48,16,2030,511,2051,114
915,2080,362,-128,160,2030,514,2050,322
915,2080,369,-32,-16,2040,155,2050,330
915,2081,179,-128,208,2030,504,2060,403
915,2081,187,160,0,2040,139,2051,110
915,2081,190,32,-16,2030,511,2060,414
915,2081,191,-128,176,2030,514,2050,322
915,2081,200,-32,-16,2040,155,2050,330
917,2080,193,64,-48,2041,404,2061,63
917,2081,119,64,-48,2041,404,2061,63
918,2070,420,160,0,2030,265,2050,137
918,2071,542,160,-16,2030,265,2050,137
918,2080,236,32,-16,2030,278,2060,515
918,2080,240,16,-16,2040,328,2050,153
918,2080,245,16,48,2031,481,2051,195
918,2081,108,32,-32,2030,278,2060,515
918,2081,112,16,0,2040,328,2050,153
920,2080,85,64,0,2041,342,2060,172
920,2081,22,80,0,2030,309,2060,172
922,2080,382,0,0,2031,446,2050,347
922,2080,388,48,0,2040,181,2060,495
922,2080,409,80,0,2031,476,2060,516
922,2081,56,0,0,2031,446,2050,347
922,2081,62,48,0,2040,181,2060,495
922,2081,81,0,0,2041,125,2050,373
922,2081,88,48,0,2030,316,2060,520
925,2080,380,64,-16,2030,171,2060,343
925,2081,483,64,-16,2030,171,2060,343
928,2080,246,32,-32,2040,300,2061,136
928,2080,257,0,0,2030,516,2050,224
928,2081,159,32,-32,2040,300,2061,136
928,2081,171,0,0,2030,516,2050,224
929,2080,467,16,0,2040,250,2060,221
929,2081,385,16,-32,2040,250,2060,221
930,2080,225,64,16,2041,377,2060,465
930,2080,231,0,0,2030,338,2050,135
930,2081,301,64,16,2041,377,2060,465
930,2081,306,0,-16,2030,338,2050,135
931,2080,429,-32,0,2031,107,2050,390
931,2081,331,16,-16,2031,107,2051,60
933,2080,312,-144,-32,2031,402,2060,361
933,2081,198,-144,-32,2031,402,2060,361
934,2070,442,32,64,2031,184,2060,221
934,2071,451,32,64,2031,184,2060,221
934,2080,224,-16,-16,2041,390,2050,269
934,2080,235,0,0,2030,135,2050,283
934,2080,238,16,0,2040,367,2051,113
934,2080,239,0,-16,2031,176,2060,210
934,2080,250,48,-32,2041,416,2060,221
934,2081,67,-16,0,2041,390,2050,269
934,2081,76,16,0,2040,360,2050,283
934,2081,79,-16,0,2040,367,2050,290
934,2081,81,0,-96,2031,176,2060,210
934,2081,90,48,-32,2041,416,2060,221
935,2080,213,-32,0,2031,336,2050,183
935,2081,474,0,-16,2031,336,2051,115
936,2070,285,32,64,2040,202,2060,157
936,2080,375,32,-48,2040,202,2060,157
936,2080,377,48,0,2031,124,2050,433
936,2081,324,64,0,2031,93,2060,133
936,2081,344,32,-48,2040,202,2060,157
936,2081,346,48,0,2031,124,2050,433
938,2070,374,80,144,2041,319,2060,224
938,2080,462,80,16,2041,319,2060,224
938,2080,468,16,0,2041,337,2050,438
938,2081,396,80,16,2041,319,2060,224
938,2081,402,16,0,2041,337,2050,438
939,2080,285,0,-16,2031,390,2050,250
939,2080,292,0,-16,2030,534,2050,257
939,2080,303,32,-16,2031,413,2050,267
939,2081,566,0,-48,2031,390,2050,250
939,2081,574,0,-16,2030,534,2050,257
939,2081,585,32,-32,2031,413,2050,267
940,2070,481,0,32,2031,269,2060,231
940,2080,124,0,0,2041,423,2050,193
940,2080,138,-16,-16,2030,342,2050,200
940,2080,145,48,0,2040,395,2060,246
940,2081,85,0,0,2041,423,2050,193
940,2081,99,-16,0,2030,342,2050,200
940,2081,106,-16,0,2030,348,2050,207
941,2080,254,48,0,2031,336,2060,309
941,2080,260,-32,-16,2040,183,2050,230
941,2080,280,16,-16,2040,208,2050,242
941,2081,390,48,0,2031,336,2060,309
941,2081,394,0,-16,2040,183,2060,311
941,2081,413,16,-16,2040,208,2050,242
942,2070,623,96,48,2030,510,2050,379
942,2070,628,0,96,2030,526,2050,392
942,2070,629,32,96,2041,576,2060,201
942,2070,631,16,80,2040,358,2060,204
942,2071,115,96,80,2030,510,2050,379
942,2071,119,0,80,2030,526,2050,392
942,2071,120,32,96,2041,576,2060,201
942,2071,122,16,64,2040,358,2060,204
942,2080,466,16,0,2030,508,2051,417
942,2080,491,32,-16,2041,576,2060,201
942,2081,307,32,-16,2041,576,2060,201
943,2080,383,16,-16,2041,276,2060,211
943,2081,353,16,-16,2041,276,2060,211
945,2070,340,0,64,2040,214,2060,146
945,2071,443,0,64,2040,214,2060,146
945,2080,367,-32,0,2040,214,2050,114
945,2080,371,16,32,2031,188,2050,118
945,2081,421,-32,-16,2040,214,2050,114
946,2070,572,16,64,2040,484,2060,285
946,2071,586,16,64,2040,484,2060,285
946,2080,386,0,32,2031,223,2050,357
946,2080,409,16,0,2040,484,2060,285
946,2080,411,0,0,2031,260,2050,380
946,2081,148,0,16,2031,223,2050,357
946,2081,170,16,0,2040,484,2060,285
946,2081,172,0,-16,2031,260,2050,380
947,2080,488,64,-160,2040,316,2060,282
947,2080,491,160,-16,2040,318,2050,548
947,2080,497,0,16,2030,178,2050,551
947,2080,510,0,16,2030,191,2050,560
947,2081,120,64,-160,2040,316,2060,282
947,2081,123,160,-48,2040,318,2050,548
947,2081,130,0,0,2030,178,2050,551
947,2081,141,0,-16,2030,191,2050,560
948,2070,450,32,64,2040,354,2060,164
948,2071,458,32,64,2040,354,2060,164
948,2080,207,48,-16,2030,313,2060,164
948,2081,78,48,0,2030,313,2060,164
949,2080,394,-32,0,2031,129,2050,450
949,2080,408,48,0,2030,102,2060,194
949,2080,415,0,0,2031,160,2051,293
949,2081,50,-16,0,2031,129,2051,272
949,2081,65,48,-32,2030,102,2060,194
949,2081,71,0,0,2031,160,2051,293
951,2080,332,32,16,2040,165,2050,137
951,2081,389,32,16,2040,165,2050,137
952,2070,409,64,112,2031,99,2060,133
952,2071,449,64,112,2031,99,2060,133
952,2080,318,64,-16,2031,99,2060,133
952,2081,418,0,0,2040,209,2050,270
952,2081,432,64,-16,2031,99,2060,133
954,2080,264,16,0,2041,180,2050,202
954,2081,318,32,0,2031,102,2050,200
954,2081,321,16,0,2041,180,2050,202
955,2080,339,-48,0,2041,258,2050,401
955,2080,367,-16,-32,2040,206,2050,427
955,2080,373,16,0,2031,119,2050,433
955,2081,1,-48,16,2041,258,2050,401
955,2081,28,-16,-32,2040,206,2050,427
955,2081,34,16,0,2031,119,2050,433
956,2080,402,32,0,2031,127,2060,169
956,2080,419,16,64,2030,110,2050,390
956,2081,350,32,-16,2031,127,2060,169
956,2081,366,16,32,2030,110,2050,390
959,2080,222,0,-16,2040,66,2050,108
959,2081,143,0,-16,2040,66,2050,108
960,2080,305,48,-16,2031,120,2060,89
960,2080,309,48,48,2041,432,2060,92
960,2081,178,48,-16,2031,120,2060,89
961,2070,583,32,64,2031,165,2060,220
961,2071,633,32,80,2031,165,2060,220
961,2080,413,128,-16,2041,507,2060,177
961,2080,425,48,0,2030,103,2060,189
961,2081,586,128,0,2041,507,2060,177
961,2081,597,48,-16,2030,103,2060,189
961,2081,616,0,0,2030,123,2051,389
962,2080,334,64,-32,2040,220,2060,420
962,2080,340,64,32,2041,267,2050,391
962,2080,352,48,-16,2040,244,2060,446
962,2081,187,64,-32,2040,220,2060,420
962,2081,193,64,16,2041,267,2050,391
962,2081,204,48,0,2040,244,2060,446
963,2080,337,48,-16,2040,593,2060,296
963,2080,347,80,-16,2040,604,2060,308
963,2081,483,48,-16,2040,593,2060,296
963,2081,493,80,-16,2040,604,2060,308
964,2080,334,-16,0,2030,161,2051,247
964,2080,344,16,64,2031,106,2050,309
964,2080,359,16,-16,2041,434,2050,323
964,2081,392,16,16,2031,106,2050,309
964,2081,405,16,-16,2041,434,2050,323
965,2080,298,80,16,2040,232,2060,132
965,2080,299,-64,0,2040,233,2051,338
965,2080,316,0,16,2031,178,2050,118
965,2080,330,32,0,2041,407,2060,155
965,2081,47,80,32,2040,232,2060,132
965,2081,48,-64,0,2040,233,2051,338
965,2081,63,0,0,2031,178,2050,118
965,2081,78,32,0,2041,407,2060,155
966,2070,469,48,64,2040,223,2060,179
966,2070,471,32,96,2030,115,2060,183
966,2071,506,48,64,2040,223,2060,179
966,2071,508,32,64,2030,115,2060,183
966,2080,371,-32,16,2031,144,2050,259
966,2080,373,-32,16,2031,151,2050,263
966,2081,486,-32,16,2031,144,2050,259
966,2081,488,-32,16,2031,151,2050,263
969,2070,231,-48,48,2040,128,2060,205
969,2071,278,-48,32,2040,128,2060,205
971,2080,293,32,-16,2030,488,2060,424
971,2080,294,48,0,2040,536,2060,426
971,2081,460,32,-32,2030,488,2060,424
971,2081,461,80,0,2031,380,2060,426
972,2080,392,-96,-48,2030,218,2050,293
972,2080,402,-64,192,2040,183,2061,264
972,2081,611,-96,-48,2030,218,2050,293
973,2080,301,96,0,2031,371,2060,338
973,2081,502,96,-16,2031,371,2060,338
974,2070,374,16,48,2030,405,2061,144
974,2080,261,0,0,2031,112,2050,232
974,2080,262,-32,-16,2040,202,2051,166
974,2081,305,0,-32,2031,112,2050,232
975,2080,339,0,-16,2031,129,2050,386
975,2081,240,0,-16,2031,129,2050,386
976,2080,327,80,0,2030,87,2060,267
976,2081,148,64,0,2041,190,2060,267
977,2070,274,16,64,2030,508,2050,383
977,2071,90,16,80,2030,508,2050,383
977,2080,419,16,0,2040,337,2051,73
977,2080,421,32,0,2031,136,2050,383
977,2081,255,0,0,2041,213,2050,380
977,2081,257,32,0,2031,136,2050,383
978,2070,514,0,96,2031,198,2051,363
978,2070,521,-112,64,2041,311,2060,193
978,2071,119,-112,48,2041,311,2060,193
978,2080,332,0,0,2031,198,2051,363
978,2080,336,0,16,2041,279,2050,127
978,2080,342,16,176,2031,216,2060,179
978,2080,345,48,0,2031,218,2061,252
978,2080,347,48,-32,2040,497,2060,182
978,2081,399,16,0,2030,433,2051,363
978,2081,402,0,0,2041,279,2050,127
978,2081,415,-16,0,2031,218,2051,383
978,2081,417,48,-64,2040,497,2060,182
979,2080,247,0,0,2030,419,2050,214
979,2080,252,0,16,2030,425,2050,221
979,2081,114,0,0,2030,419,2050,214
979,2081,119,0,-16,2030,425,2050,221
980,2070,514,-80,64,2040,197,2060,376
980,2071,524,-80,48,2040,197,2060,376
980,2080,317,-160,16,2040,197,2051,266
980,2080,319,0,0,2031,430,2050,240
980,2081,346,-160,16,2040,197,2051,266
980,2081,348,16,-16,2030,97,2050,240
981,2080,352,0,0,2031,309,2051,149
981,2080,355,-128,32,2040,112,2060,274
981,2081,73,-128,48,2040,112,2060,274
982,2070,461,32,64,2031,192,2060,152
982,2071,105,32,48,2031,192,2060,152
982,2080,512,0,0,2030,303,2051,267
982,2080,517,0,-16,2030,306,2050,479
982,2081,114,0,0,2030,303,2051,267
982,2081,119,0,0,2030,306,2050,479
983,2080,254,0,0,2040,114,2050,314
983,2081,75,0,-32,2040,114,2050,314
984,2070,443,16,112,2030,209,2050,528
984,2070,447,64,96,2040,360,2060,313
984,2071,568,16,112,2030,209,2050,528
984,2071,572,64,80,2040,360,2060,313
984,2080,470,16,16,2030,209,2050,528
984,2080,475,-16,0,2031,261,2051,122
984,2080,479,64,80,2040,360,2060,313
984,2081,179,16,16,2030,209,2050,528
984,2081,184,-16,-32,2031,261,2051,122
984,2081,188,64,112,2040,360,2060,313
988,2080,241,64,-32,2030,458,2060,308
988,2081,279,64,-16,2030,458,2060,308
989,2070,460,16,80,2030,506,2060,271
989,2071,104,16,32,2040,385,2060,299
989,2080,231,-80,96,2040,353,2060,270
989,2080,232,32,-16,2031,308,2060,271
989,2080,245,48,-48,2041,420,2061,120
989,2080,246,48,-16,2040,376,2060,288
989,2080,256,48,0,2040,384,2060,296
989,2080,257,-64,-16,2040,385,2050,171
989,2080,258,-160,144,2040,386,2060,298
989,2081,469,-80,64,2040,353,2060,270
989,2081,470,32,-32,2031,308,2060,271
989,2081,481,48,-32,2041,420,2061,120
989,2081,482,48,-16,2040,376,2060,288
989,2081,492,48,-16,2040,384,2060,296
989,2081,493,-64,0,2040,385,2050,171
989,2081,494,-160,144,2040,386,2060,298
990,2070,322,128,-16,2040,262,2060,228
990,2071,517,128,-16,2040,262,2060,228
990,2080,447,16,0,2031,185,2050,417
990,2081,153,-32,16,2040,255,2050,417
991,2071,56,0,16,2030,370,2060,190
991,2080,291,-32,-64,2031,156,2050,338
991,2080,299,64,-32,2030,376,2060,197
991,2081,397,-32,-48,2031,156,2050,338
991,2081,406,64,-16,2030,376,2060,197
992,2080,418,-16,32,2031,323,2060,365
992,2081,133,-16,0,2031,323,2060,365
993,2080,503,0,-16,2031,191,2050,479
993,2081,386,0,-16,2031,191,2050,479
994,2080,162,0,-32,2040,367,2050,215
994,2081,68,0,-32,2040,367,2050,215
996,2080,411,48,0,2031,155,2060,115
996,2080,424,16,16,2030,303,2050,95
996,2081,253,48,-16,2031,155,2060,115
996,2081,265,16,-32,2030,303,2050,95
997,2080,499,80,0,2030,109,2060,186
997,2080,508,16,-32,2041,293,2060,194
997,2080,509,-64,16,2040,246,2060,196
997,2080,511,0,-16,2031,157,2050,470
997,2081,72,80,-16,2030,109,2060,186
997,2081,80,0,16,2040,244,2060,194
997,2081,81,-64,32,2040,246,2060,196
997,2081,83,32,0,2030,114,2050,470
998,2080,358,80,-32,2030,103,2061,277
998,2081,244,64,0,2041,141,2061,277
1000,2071,282,-48,64,2030,319,2060,221
1000,2080,135,0,-32,2040,375,2050,53
1000,2080,157,-48,0,2030,319,2060,221
1000,2080,168,16,0,2041,372,2060,227
1000,2081,475,-48,0,2030,319,2060,221
1000,2081,484,32,0,2031,275,2060,227
1001,2080,393,-32,-16,2041,278,2050,364
1001,2081,61,-32,0,2041,278,2050,364
1002,2080,431,-16,-16,2030,93,2050,392
1002,2081,262,-16,-16,2030,93,2050,392
1003,2070,458,32,80,2041,388,2060,472
1003,2070,463,48,80,2040,183,2060,487
1003,2071,599,48,80,2040,183,2060,487
1003,2080,315,0,-16,2040,166,2050,217
1003,2080,329,48,16,2040,183,2060,487
1003,2080,346,48,-16,2041,427,2060,503
1003,2080,347,0,-32,2030,589,2060,505
1003,2081,123,0,-16,2040,166,2050,217
1003,2081,138,64,-16,2030,570,2060,487
1003,2081,156,48,-32,2041,427,2060,503
1003,2081,157,0,-48,2030,589,2060,505
1006,2070,561,-112,32,2030,465,2061,402
1006,2071,573,-112,32,2030,465,2061,402
1006,2080,280,48,0,2031,109,2060,62
1006,2080,289,-16,0,2040,342,2050,243
1006,2080,292,-144,-32,2030,465,2060,86
1006,2081,423,32,0,2041,488,2060,62
1006,2081,432,-16,0,2040,342,2050,243
1006,2081,435,-144,-32,2030,465,2060,86
1007,2080,417,80,32,2040,125,2060,209
1007,2081,390,80,48,2040,125,2060,209
1008,2080,334,0,0,2031,472,2050,306
1008,2080,348,-16,-16,2041,251,2050,318
1008,2081,167,16,0,2040,419,2050,306
1008,2081,179,-16,-16,2041,251,2050,318
1009,2080,446,128,48,2030,248,2060,117
1009,2080,449,16,-80,2030,251,2060,120
1009,2080,470,-16,-16,2040,346,2050,437
1009,2081,188,128,32,2030,248,2060,117
1009,2081,212,-16,-16,2040,346,2050,437
1010,2070,590,0,64,2041,298,2060,463
1010,2071,170,0,80,2041,298,2060,463
1010,2081,140,-16,0,2030,251,2050,431
1010,2081,163,0,0,2030,268,2050,445
1011,2070,460,32,48,2040,289,2060,164
1011,2071,503,32,48,2040,289,2060,164
1011,2080,387,64,0,2040,301,2060,176
1011,2081,76,64,0,2040,301,2060,176
1012,2080,132,48,0,2031,259,2060,224
1012,2080,136,16,0,2030,361,2051,115
1012,2081,75,64,0,2040,308,2060,224
1012,2081,78,16,-16,2030,361,2051,115
1013,2070,445,-112,160,2040,162,2061,207
1013,2071,487,-112,160,2040,162,2061,207
1014,2070,583,0,48,2031,191,2060,148
1014,2070,588,48,80,2040,312,2060,180
1014,2071,592,0,32,2031,191,2060,148
1014,2071,599,48,80,2040,312,2060,180
1014,2080,434,-16,0,2040,277,2051,469
1014,2080,444,32,32,2040,293,2051,484
1014,2080,450,32,-48,2030,623,2060,167
1014,2080,459,48,-16,2040,312,2060,180
1014,2081,374,-16,-16,2040,277,2051,469
1014,2081,384,32,32,2040,293,2051,484
1014,2081,390,32,-48,2030,623,2060,167
1014,2081,398,48,-16,2040,312,2060,180
1015,2080,260,0,-16,2031,346,2050,224
1015,2080,262,-48,16,2030,486,2050,226
1015,2080,275,16,0,2030,495,2050,239
1015,2081,379,48,0,2030,482,2060,313
1015,2081,381,-48,0,2030,486,2050,226
1017,2080,312,0,-16,2031,393,2050,226
1017,2080,318,64,0,2041,538,2050,230
1017,2080,321,64,0,2030,495,2060,364
1017,2081,130,16,0,2041,530,2060,357
1017,2081,136,64,0,2041,538,2050,230
1017,2081,139,-16,-16,2030,495,2050,233
1019,2070,226,32,96,2040,67,2060,355
1019,2070,227,32,80,2041,249,2061,526
1019,2070,230,48,80,2041,254,2060,360
1019,2071,153,32,80,2040,67,2060,355
1019,2071,154,32,64,2041,249,2061,526
1019,2071,157,48,64,2041,254,2060,360
1019,2080,416,96,0,2031,294,2060,350
1019,2080,421,32,0,2031,295,2050,384
1019,2080,432,64,-16,2031,308,2060,360
1019,2081,476,96,-32,2031,294,2060,350
1019,2081,480,16,0,2040,62,2050,384
1019,2081,491,64,-16,2031,308,2060,360
1020,2080,267,0,0,2030,87,2050,243
1020,2081,59,0,-32,2030,87,2050,243
1021,2080,420,-32,0,2030,169,2050,378
1021,2080,428,48,-16,2040,114,2060,245
1021,2081,329,-32,16,2030,169,2050,378
1021,2081,337,48,-16,2040,114,2060,245
1022,2080,202,0,0,2030,542,2050,170
1022,2081,499,0,-16,2030,542,2050,170
1023,2070,468,48,64,2030,76,2050,177
1023,2071,475,48,64,2030,76,2050,177
1023,2080,209,64,-16,2031,351,2050,177
1023,2081,387,64,-32,2031,351,2050,177
1024,2070,181,0,80,2040,138,2050,432
1024,2071,237,0,80,2040,138,2050,432
1024,2080,363,48,-32,2031,473,2060,514
1024,2080,382,0,0,2040,138,2050,432
1024,2081,352,0,-16,2040,138,2050,432
1025,2080,468,16,0,2030,134,2050,382
1026,2070,195,0,80,2031,375,2050,260
1026,2071,445,0,80,2031,375,2050,260
1026,2080,290,0,0,2031,375,2050,260
1026,2080,307,16,64,2030,437,2050,277
1026,2081,43,0,0,2031,375,2050,260
1026,2081,58,16,80,2030,437,2050,277
1027,2080,434,32,0,2031,282,2050,403
1027,2081,79,32,-16,2031,282,2050,403
1028,2070,196,128,208,2030,54,2051,135
1028,2071,443,128,176,2030,54,2051,135
1028,2080,308,128,80,2030,54,2051,135
1028,2081,161,128,80,2030,54,2051,135
1029,2070,322,16,96,2040,393,2051,476
1029,2071,113,16,96,2040,393,2051,476
1029,2080,512,48,-32,2040,369,2060,265
1029,2080,526,16,0,2040,393,2051,476
1029,2081,541,48,-32,2040,369,2060,265
1029,2081,555,16,0,2040,393,2051,476
1030,2080,251,-48,0,2040,299,2050,210
1030,2080,276,0,-32,2030,392,2050,245
1030,2081,334,-48,-16,2040,299,2050,210
1030,2081,359,0,-16,2030,392,2050,245
1031,2080,191,48,0,2041,427,2060,270
1031,2080,195,-16,0,2031,316,2050,103
1031,2080,203,16,-96,2031,325,2050,113
1031,2081,344,48,-16,2041,427,2060,270
1031,2081,348,16,-16,2040,470,2050,103
1031,2081,357,16,-64,2031,325,2050,113
1032,2080,225,-32,16,2041,368,2050,164
1032,2081,94,32,0,2041,368,2051,191
1032,2081,101,16,-16,2031,290,2051,196
1033,2080,486,0,-16,2031,354,2050,266
1033,2081,549,0,-16,2031,354,2050,266
1034,2070,366,32,80,2030,169,2060,260
1034,2080,378,32,-16,2030,146,2060,239
1034,2080,379,80,96,2031,198,2050,438
1034,2080,389,32,0,2030,158,2051,117
1034,2080,390,32,-16,2030,161,2060,253
1034,2080,400,16,0,2040,303,2050,455
1034,2081,51,32,-16,2030,146,2060,239
1034,2081,52,80,112,2031,198,2050,438
1034,2081,60,16,0,2041,333,2051,117
1034,2081,61,32,0,2030,161,2060,253
1034,2081,71,16,-16,2040,303,2050,455
1035,2080,156,48,0,2041,428,2060,228
1035,2080,157,-16,0,2040,382,2050,195
1035,2080,162,32,0,2041,442,2060,235
1035,2080,168,0,-16,2040,403,2050,215
1035,2080,174,-16,-64,2031,295,2050,223
1035,2081,104,48,0,2041,428,2060,228
1035,2081,105,-16,-32,2040,382,2050,195
1035,2081,110,-16,0,2041,442,2050,203
1035,2081,114,0,-16,2040,403,2050,215
1035,2081,120,-16,-80,2031,295,2050,223
1036,2080,201,0,-16,2040,158,2050,253
1036,2080,213,48,0,2041,381,2060,137
1036,2081,429,0,-16,2040,158,2050,253
1036,2081,442,-32,0,2041,381,2050,270
1037,2080,389,0,0,2040,305,2060,265
1038,2080,345,80,0,2030,478,2060,166
1038,2080,362,-16,0,2040,425,2051,305
1038,2081,449,80,0,2030,478,2060,166
1038,2081,465,-16,0,2040,425,2051,305
1040,2080,568,0,32,2040,401,2050,531
1040,2081,185,0,32,2040,401,2050,531
1040,2081,195,16,0,2030,155,2051,281
1041,2080,309,0,0,2040,162,2050,210
1041,2080,321,-48,16,2030,491,2050,220
1041,2080,324,64,0,2030,493,2060,370
1041,2080,337,80,-16,2030,511,2060,388
1041,2081,445,0,-48,2040,162,2050,210
1041,2081,456,-48,0,2030,491,2050,220
1041,2081,459,-16,0,2030,493,2050,221
1041,2081,469,0,16,2031,430,2050,237
1041,2081,472,80,0,2030,511,2060,388
1043,2070,283,32,112,2031,173,2050,335
1043,2071,117,32,112,2031,173,2050,335
1043,2080,421,32,16,2031,173,2050,335
1043,2080,435,16,0,2040,142,2050,343
1043,2081,489,32,0,2031,173,2050,335
1043,2081,504,16,-16,2040,142,2050,343
1044,2070,388,-32,144,2040,198,2050,150
1044,2071,310,-32,144,2040,198,2050,150
1044,2080,492,32,0,2031,271,2051,515
1044,2080,497,0,-32,2031,282,2060,237
1044,2080,501,-32,32,2040,198,2050,150
1044,2081,447,32,0,2031,271,2051,515
1044,2081,453,0,-48,2031,282,2060,237
1044,2081,457,-32,16,2040,198,2050,150
1045,2080,472,16,0,2031,194,2051,374
1045,2081,352,-16,0,2031,194,2050,429
1046,2070,358,128,256,2030,457,2050,112
1046,2080,304,128,144,2030,457,2050,112
1046,2081,351,128,144,2030,457,2050,112
1047,2080,279,48,0,2030,383,2060,165
1047,2081,102,48,0,2030,383,2060,165
1049,2080,257,16,-32,2031,345,2060,308
1049,2081,491,16,-32,2031,345,2060,308
1052,2070,397,16,48,2031,303,2060,260
1052,2080,467,32,-16,2041,413,2060,260
1052,2080,479,-48,16,2030,360,2050,185
1052,2080,485,-32,-16,2040,243,2050,190
1052,2080,488,64,0,2041,436,2060,282
1052,2081,104,-48,16,2041,413,2050,168
1052,2081,117,-48,16,2030,360,2050,185
1052,2081,126,64,0,2041,436,2060,282
1053,2080,320,96,192,2030,357,2050,226
1053,2080,327,48,0,2030,363,2060,509
1053,2080,331,0,0,2030,365,2050,243
1053,2081,148,96,64,2030,357,2050,226
1053,2081,155,48,0,2030,363,2060,509
1053,2081,158,0,-16,2030,365,2050,243
1054,2080,288,80,-16,2031,351,2060,315
1054,2081,456,80,-32,2031,351,2060,315
1055,2080,205,80,0,2040,65,2060,240
1055,2080,211,96,-16,2031,286,2060,244
1055,2080,232,16,0,2041,497,2050,137
1055,2081,353,80,32,2040,65,2060,240
1055,2081,359,96,-32,2031,286,2060,244
1055,2081,378,16,0,2041,497,2050,137
1056,2080,443,80,0,2031,241,2060,195
1056,2081,309,80,-16,2031,241,2060,195
1057,2080,214,80,0,2030,417,2060,346
1057,2080,223,-16,0,2031,393,2050,146
1057,2080,237,64,-16,2040,124,2060,366
1057,2081,63,80,0,2030,417,2060,346
1057,2081,72,0,0,2040,113,2051,255
1057,2081,85,64,0,2040,124,2060,366
1058,2080,236,0,0,2040,278,2060,418
1058,2081,175,0,-16,2040,278,2060,418
1059,2070,533,0,48,2040,303,2050,98
1059,2071,636,0,64,2040,303,2050,98
1059,2080,421,0,0,2040,301,2051,359
1059,2080,422,-16,-16,2040,303,2051,360
1059,2080,443,-32,-16,2041,497,2050,124
1059,2081,555,0,-16,2030,593,2050,97
1059,2081,556,-16,0,2040,303,2051,360
1059,2081,576,-32,0,2041,497,2050,124
1060,2080,295,64,0,2040,230,2060,183
1060,2080,299,0,64,2030,407,2060,188
1060,2080,320,16,16,2030,431,2051,73
1060,2081,443,64,16,2040,230,2060,183
1060,2081,446,0,48,2030,407,2060,188
1060,2081,469,16,0,2030,431,2051,73
1061,2080,404,0,-16,2040,192,2050,371
1061,2081,52,0,-16,2040,192,2050,371
1062,2080,323,16,-16,2040,230,2060,117
1062,2080,340,-32,0,2041,432,2051,292
1062,2081,352,16,-32,2040,230,2060,117
1062,2081,368,-32,0,2041,432,2051,292
1063,2070,319,0,32,2041,277,2061,128
1063,2071,166,0,16,2041,277,2061,128
1063,2080,478,32,0,2030,188,2051,432
1063,2080,481,0,-32,2031,402,2060,361
1063,2081,517,32,-16,2030,188,2051,432
1063,2081,520,0,-16,2031,402,2060,361
1064,2071,6,16,80,2040,228,2060,185
1064,2080,393,-48,0,2031,144,2051,298
1064,2080,394,-16,0,2040,228,2050,362
1064,2081,26,-16,0,2040,228,2050,362
1065,2080,425,80,-16,2041,208,2060,326
1065,2081,95,80,0,2041,208,2060,326
1066,2080,280,-160,176,2031,426,2060,386
1066,2080,291,16,-160,2030,524,2050,212
1066,2080,298,48,80,2041,338,2050,219
1066,2081,113,-160,128,2031,426,2060,386
1066,2081,123,16,-160,2030,524,2050,212
1066,2081,130,48,64,2041,338,2050,219
1067,2080,351,32,0,2040,67,2050,318
1067,2080,353,-16,0,2040,68,2050,321
1067,2080,358,0,0,2041,196,2050,325
1067,2080,371,-16,-16,2031,180,2050,344
1067,2081,251,32,0,2040,67,2050,318
1067,2081,253,-16,-32,2040,68,2050,321
1067,2081,254,-16,0,2040,70,2050,323
1067,2081,258,0,-16,2041,196,2050,325
1067,2081,271,-16,-16,2031,180,2050,344
1068,2070,420,0,64,2030,444,2050,209
1068,2071,123,0,64,2030,444,2050,209
1068,2071,125,-112,64,2031,280,2060,243
1068,2080,158,16,0,2031,274,2050,209
1068,2080,181,0,0,2041,361,2050,223
1068,2080,193,0,-16,2031,305,2050,235
1068,2081,85,16,0,2031,274,2050,209
1068,2081,108,16,0,2040,401,2051,144
1068,2081,121,0,-16,2031,305,2050,235
1069,2080,138,0,16,2040,368,2050,110
1069,2081,274,0,-48,2040,368,2050,110
1070,2080,350,-16,0,2040,444,2050,407
1070,2081,291,-16,-48,2040,444,2050,407
1071,2080,404,16,96,2041,119,2051,360
1071,2080,406,48,-64,2031,163,2060,208
1071,2080,410,64,16,2040,249,2060,211
1071,2080,426,32,-32,2030,105,2060,226
1071,2080,431,-16,-16,2040,283,2050,356
1071,2081,464,16,64,2041,119,2051,360
1071,2081,466,48,-16,2031,163,2060,208
1071,2081,469,64,16,2040,249,2060,211
1071,2081,484,32,-32,2030,105,2060,226
1071,2081,489,-16,-32,2040,283,2050,356
1072,2080,264,-32,16,2030,566,2050,225
1072,2080,273,64,0,2031,430,2060,380
1072,2081,446,-32,16,2030,566,2050,225
1072,2081,455,64,0,2031,430,2060,380
1073,2080,262,32,-32,2040,87,2060,353
1073,2081,124,32,-16,2040,87,2060,353
1074,2080,206,-16,0,2031,283,2050,122
1074,2080,217,48,0,2040,94,2060,254
1074,2081,358,-16,-16,2031,283,2050,122
1074,2081,370,48,16,2040,94,2060,254
1075,2080,487,-96,64,2040,340,2060,296
1076,2070,487,32,80,2040,163,2060,298
1076,2070,493,16,80,2040,180,2061,394
1076,2071,495,32,64,2040,163,2060,298
1076,2071,501,16,80,2040,180,2061,394
1076,2080,197,32,176,2040,163,2060,298
1076,2080,213,16,0,2031,360,2050,274
1076,2081,408,32,96,2040,163,2060,298
1076,2081,423,16,-16,2031,360,2050,274
1077,2081,431,32,0,2030,470,2060,267
1078,2070,215,48,80,2041,79,2060,154
1078,2071,53,48,112,2041,79,2060,154
1078,2080,424,48,-16,2041,79,2060,154
1078,2080,432,32,0,2030,266,2050,401
1078,2081,359,48,-32,2041,79,2060,154
1078,2081,368,0,-16,2031,129,2050,401
1079,2080,308,16,-48,2030,243,2050,278
1079,2081,121,16,-16,2030,243,2050,278
1080,2080,376,-32,0,2040,110,2050,200
1080,2081,165,-32,0,2040,110,2050,200
1083,2080,485,-48,-144,2041,107,2050,451
1083,2080,497,80,0,2031,166,2060,218
1084,2070,595,0,96,2030,145,2050,302
1084,2071,602,0,96,2030,145,2050,302
1084,2080,500,0,0,2040,363,2051,447
1084,2081,107,0,-16,2030,145,2050,302
1087,2080,181,48,-32,2040,362,2050,121
1087,2081,432,48,-16,2040,362,2050,121
1089,2080,246,48,16,2030,420,2060,279
1089,2081,381,-16,0,2030,420,2050,177
1090,2080,265,-48,16,2041,52,2050,233
1090,2080,267,0,0,2040,339,2050,237
1091,2080,438,80,0,2030,155,2060,245
1091,2080,460,64,0,2040,319,2060,270
1091,2081,128,80,-16,2030,155,2060,245
1091,2081,150,64,0,2040,319,2060,270
1092,2080,495,-16,-80,2040,193,2050,548
1092,2081,149,-16,-96,2040,193,2050,548
1093,2080,388,0,-16,2041,239,2050,348
1094,2071,507,16,64,2040,339,2060,177
1094,2080,288,16,-16,2040,339,2060,177
1094,2081,375,16,0,2040,339,2060,177
1095,2080,233,0,-16,2040,126,2050,158
1095,2081,86,0,-32,2040,126,2050,158
1096,2080,240,-16,-16,2040,341,2050,293
1096,2081,420,-16,-32,2040,341,2050,293
1097,2070,249,16,80,2030,455,2050,417
1097,2071,485,16,64,2030,455,2050,417
1097,2080,373,16,0,2030,455,2050,417
1097,2080,395,0,0,2041,226,2050,445
1097,2081,89,16,-16,2030,455,2050,417
1097,2081,115,16,0,2031,363,2050,445
1098,2080,313,64,0,2030,546,2060,113
1098,2081,503,64,0,2030,546,2060,113
1099,2070,222,-48,112,2040,125,2050,385
1099,2071,265,-48,112,2040,125,2050,385
1099,2080,406,-16,0,2040,113,2051,314
1099,2080,407,16,0,2031,150,2050,372
1099,2080,418,-48,0,2040,125,2050,385
1099,2081,283,-16,0,2040,113,2051,314
1099,2081,284,16,-16,2031,150,2050,372
1099,2081,295,-48,0,2040,125,2050,385
1100,2080,351,48,16,2040,281,2060,234
1100,2080,358,64,0,2030,170,2060,238
1100,2081,116,48,0,2040,281,2060,234
1100,2081,123,80,0,2040,288,2060,238
1101,2080,449,64,-48,2031,157,2050,415
1101,2080,476,0,0,2040,287,2051,374
1101,2081,381,64,-16,2031,157,2050,415
1101,2081,409,-16,0,2040,287,2050,441
1102,2070,434,64,96,2030,378,2060,238
1102,2071,441,64,96,2030,378,2060,238
1102,2080,148,48,0,2031,249,2060,215
1102,2081,94,48,0,2031,249,2060,215
1104,2070,285,0,80,2040,220,2060,134
1104,2080,349,0,0,2030,253,2051,371
1104,2081,395,0,0,2030,253,2051,371
1105,2080,381,96,-48,2041,218,2060,480
1105,2080,382,-80,32,2040,139,2050,350
1105,2081,294,96,-80,2041,218,2060,480
1105,2081,295,16,-16,2040,139,2051,192
1106,2070,506,48,64,2031,376,2060,425
1106,2071,512,48,48,2031,376,2060,425
1106,2080,238,48,-32,2040,129,2060,423
1106,2080,241,-16,0,2040,131,2050,174
1106,2080,244,64,0,2040,133,2060,426
1106,2080,268,64,-16,2031,416,2060,450
1106,2081,299,48,-16,2040,129,2060,423
1106,2081,302,-16,0,2040,131,2050,174
1106,2081,305,64,-16,2040,133,2060,426
1106,2081,329,64,-16,2031,416,2060,450
1108,2080,406,0,0,2030,196,2050,304
1108,2080,412,64,-32,2030,201,2060,233
1108,2081,453,0,0,2030,196,2050,304
1108,2081,459,64,-48,2030,201,2060,233
1109,2070,368,32,64,2040,414,2061,346
1109,2080,476,-16,0,2040,414,2051,281
1109,2080,479,0,-32,2040,418,2050,448
1109,2080,487,48,0,2041,322,2060,261
1109,2081,135,-16,0,2040,414,2051,281
1109,2081,138,0,-16,2040,418,2050,448
1109,2081,146,64,0,2031,225,2060,261
1110,2080,424,0,-16,2030,346,2060,176
1110,2080,433,32,-16,2030,362,2060,184
1110,2080,434,16,0,2030,365,2050,481
1110,2081,104,0,-16,2030,346,2060,176
1110,2081,110,32,-16,2030,362,2060,184
1110,2081,113,16,0,2030,365,2050,481
1111,2080,362,64,0,2030,157,2060,228
1111,2081,294,0,-16,2040,262,2050,331
1112,2080,477,80,0,2031,262,2060,221
1112,2080,482,32,16,2030,557,2051,421
1112,2081,513,80,0,2031,262,2060,221
1112,2081,517,32,0,2030,557,2051,421
1113,2080,362,-16,0,2041,479,2050,176
1113,2081,91,-16,0,2041,479,2050,176
1114,2080,269,64,-16,2040,113,2060,175
1114,2080,282,-16,-16,2040,132,2051,307
1114,2081,320,64,0,2040,113,2060,175
1114,2081,334,0,0,2040,132,2050,160
1116,2080,123,64,0,2030,405,2060,368
1116,2081,8,80,-16,2040,187,2060,368
1117,2080,246,48,0,2031,442,2060,396
1117,2081,94,32,0,2030,486,2060,396
1118,2080,415,32,0,2030,456,2060,302
1118,2081,194,0,-16,2030,453,2050,266
1118,2081,195,48,-16,2031,345,2060,302
1119,2080,344,0,0,2041,291,2051,263
1119,2080,360,-128,80,2040,171,2050,402
1119,2081,98,0,-16,2041,291,2051,263
1119,2081,115,-128,80,2040,171,2050,402
1120,2080,255,-16,0,2030,408,2051,220
1120,2080,271,160,112,2031,176,2060,135
1120,2081,58,-16,0,2030,408,2051,220
1120,2081,73,160,96,2031,176,2060,135
1122,2080,417,0,-32,2040,215,2050,89
1122,2080,437,144,-32,2040,239,2051,468
1122,2080,443,48,64,2040,248,2051,476
1122,2081,257,0,-32,2040,215,2050,89
1122,2081,275,144,-32,2040,239,2051,468
1123,2070,485,32,96,2041,276,2060,353
1123,2071,173,32,96,2041,276,2060,353
1124,2080,449,0,0,2030,205,2050,104
1124,2081,508,16,0,2040,146,2051,403
1125,2080,422,-48,0,2040,356,2050,109
1125,2080,433,48,32,2040,371,2050,121
1125,2081,292,48,48,2040,371,2050,121
1126,2080,463,0,0,2031,114,2051,328
1126,2080,467,16,-160,2030,72,2050,425
1126,2080,473,-112,128,2030,82,2061,522
1126,2080,480,64,32,2040,233,2061,530
1126,2081,365,16,-16,2040,207,2051,328
1126,2081,374,-112,128,2030,82,2061,522
1128,2070,265,48,64,2041,156,2061,353
1128,2070,269,48,96,2030,330,2050,418
1128,2071,484,48,48,2041,156,2061,353
1128,2071,487,48,80,2030,330,2050,418
1128,2080,441,16,0,2030,308,2051,113
1128,2080,445,48,-16,2041,156,2061,353
1128,2080,457,48,0,2030,330,2050,418
1128,2081,197,48,-48,2041,156,2061,353
1128,2081,209,48,0,2030,330,2050,418
1129,2080,316,32,-16,2030,452,2060,147
1129,2080,326,48,80,2031,193,2050,119
1129,2081,223,16,0,2031,183,2060,147
1129,2081,233,64,-112,2030,460,2050,119
1130,2070,420,32,96,2040,403,2060,167
1130,2080,304,48,0,2030,480,2060,158
1130,2080,315,48,0,2030,497,2060,167
1130,2081,449,48,-32,2030,480,2060,158
1130,2081,461,48,0,2030,497,2060,167
1131,2070,570,32,48,2040,415,2060,262
1131,2080,445,48,0,2031,280,2060,242
1131,2080,448,0,0,2030,363,2050,209
1131,2080,451,112,0,2040,400,2061,332
1131,2080,461,-48,0,2030,371,2051,495
1131,2080,462,32,-16,2040,415,2060,262
1131,2081,169,48,0,2031,280,2060,242
1131,2081,174,0,0,2030,363,2050,209
1131,2081,177,112,0,2040,400,2061,332
1131,2081,186,-48,-16,2030,371,2051,495
1131,2081,187,32,-32,2040,415,2060,262
1132,2070,348,48,80,2031,224,2060,270
1132,2071,117,48,80,2031,224,2060,270
1132,2080,446,0,0,2030,151,2050,398
1132,2080,448,-16,0,2041,198,2051,479
1132,2081,505,0,0,2030,151,2050,398
1132,2081,507,-16,0,2041,198,2051,479
1133,2080,444,32,32,2040,209,2050,304
1133,2081,137,32,32,2040,209,2050,304
1134,2080,351,16,0,2041,445,2060,172
1134,2080,380,160,128,2030,110,2050,338
1134,2081,409,16,0,2030,88,2050,312
1134,2081,436,160,144,2030,110,2050,338
1135,2070,385,64,80,2041,264,2060,227
1135,2071,514,64,48,2041,264,2060,227
1135,2080,424,0,0,2031,181,2050,492
1135,2080,425,48,-32,2040,360,2060,228
1135,2081,66,0,0,2031,181,2050,492
1135,2081,67,48,-16,2040,360,2060,228
1136,2080,135,48,-48,2040,392,2060,223
1136,2081,55,48,-32,2040,392,2060,223
1137,2070,355,-64,192,2030,165,2060,237
1137,2071,549,-64,176,2030,165,2060,237
1137,2080,427,0,0,2030,144,2050,484
1137,2080,446,0,0,2030,156,2051,373
1137,2080,447,0,16,2031,193,2050,500
1137,2080,452,-64,32,2030,165,2060,237
1137,2081,393,16,0,2041,292,2050,484
1137,2081,412,0,0,2030,156,2051,373
1137,2081,417,-64,32,2030,165,2060,237
1138,2080,498,0,16,2040,451,2050,554
1138,2080,508,64,-32,2031,333,2060,377
1138,2081,203,16,0,2041,275,2050,554
1138,2081,212,64,-48,2031,333,2060,377
1139,2080,559,-64,0,2040,359,2050,470
1139,2080,562,0,0,2030,162,2050,474
1139,2081,408,-32,-32,2040,322,2050,441
1139,2081,420,128,144,2041,196,2050,458
1139,2081,427,-64,0,2040,359,2050,470
1139,2081,431,0,0,2030,162,2050,474
1140,2070,283,-112,32,2031,189,2061,508
1140,2071,335,-112,48,2031,189,2061,508
1140,2080,402,64,16,2030,461,2060,222
1140,2080,411,-144,-32,2031,189,2060,233
1140,2080,416,64,-48,2030,474,2060,236
1140,2081,136,64,0,2030,461,2060,222
1140,2081,144,-144,-32,2031,189,2060,233
1140,2081,149,64,-32,2030,474,2060,236
1141,2080,205,48,-16,2040,73,2060,236
1141,2080,210,-32,16,2041,442,2060,238
1141,2080,221,96,80,2041,457,2050,129
1141,2080,229,0,0,2031,304,2050,137
1141,2081,347,48,-16,2040,73,2060,236
1141,2081,370,16,0,2030,402,2050,137
1142,2080,500,-16,16,2040,273,2060,226
1142,2080,510,48,0,2031,200,2060,242
1142,2081,465,-16,-16,2040,273,2060,226
1142,2081,475,16,-16,2040,292,2060,242
1142,2081,478,64,-16,2040,295,2060,244
1143,2080,173,-32,0,2040,130,2050,224
1143,2081,478,-32,0,2040,130,2050,224
1144,2080,352,64,-16,2031,220,2060,172
1144,2080,374,-32,-16,2040,293,2051,112
1144,2081,62,64,-16,2031,220,2060,172
1144,2081,84,-32,-16,2040,293,2051,112
1145,2080,456,0,0,2030,144,2050,424
1146,2080,378,0,16,2030,56,2050,342
1146,2080,390,32,0,2040,26,2060,139
1146,2080,392,80,-16,2040,29,2060,141
1146,2081,252,0,0,2030,56,2050,342
1146,2081,263,-48,16,2040,26,2050,358
1146,2081,265,80,-32,2040,29,2060,141
1147,2080,362,0,-16,2031,463,2050,326
1147,2080,373,48,0,2031,471,2060,428
1147,2080,374,16,-16,2031,473,2050,340
1147,2080,378,32,0,2030,549,2050,343
1147,2080,379,16,-16,2040,306,2050,344
1147,2081,109,0,-32,2031,463,2050,326
1147,2081,119,32,0,2040,298,2060,428
1147,2081,120,16,-16,2031,473,2050,340
1147,2081,124,48,-32,2031,478,2050,343
1147,2081,125,16,-48,2040,306,2050,344
1149,2080,236,-16,0,2031,399,2050,289
1149,2080,250,0,0,2030,502,2050,308
1149,2081,60,64,0,2031,399,2060,445
1149,2081,75,0,0,2030,502,2050,308
1150,2070,418,0,128,2041,373,2060,249
1150,2071,566,0,128,2041,373,2060,249
1150,2080,454,0,16,2041,348,2051,315
1150,2080,471,0,16,2041,373,2060,249
1150,2080,474,64,-16,2041,378,2060,256
1150,2081,140,0,0,2041,373,2060,249
1150,2081,145,64,-32,2041,378,2060,256
1151,2080,441,64,-48,2030,89,2060,178
1151,2081,59,64,-32,2030,89,2060,178
1152,2081,52,64,64,2040,259,2050,106
1153,2080,305,16,32,2030,542,2050,226
1153,2080,329,-32,0,2031,415,2050,253
1153,2081,219,-32,0,2031,415,2050,253
1154,2070,339,32,64,2041,203,2060,276
1154,2071,152,32,64,2041,203,2060,276
1154,2080,448,48,0,2040,309,2060,276
1154,2081,133,48,0,2040,309,2060,276
1155,2080,328,64,-32,2030,439,2060,184
1155,2081,365,64,-32,2030,439,2060,184
1156,2080,438,32,0,2031,172,2060,208
1156,2081,541,48,0,2041,334,2060,208
1157,2070,356,-16,32,2031,436,2061,66
1157,2071,86,-16,0,2031,436,2061,66
1157,2080,200,0,-16,2030,301,2050,161
1157,2080,207,-32,-16,2040,262,2050,172
1157,2080,217,48,0,2031,452,2060,489
1157,2081,95,0,-32,2030,301,2050,161
1157,2081,101,-32,-16,2040,262,2050,172
1157,2081,112,32,0,2040,280,2060,489
1158,2080,451,16,0,2030,152,2051,384
1158,2080,455,96,0,2040,322,2060,281
1158,2080,477,112,48,2040,346,2060,308
1158,2080,481,64,0,2040,352,2060,309
1158,2080,483,0,0,2031,271,2050,447
1158,2081,119,16,0,2030,152,2051,384
1158,2081,122,80,16,2041,194,2060,281
1158,2081,142,112,48,2040,346,2060,308
1158,2081,146,64,0,2040,352,2060,309
1158,2081,148,0,0,2031,271,2050,447
1159,2080,212,0,-16,2041,410,2050,269
1159,2081,100,48,0,2030,302,2050,269
1160,2080,434,-32,16,2031,525,2051,301
1160,2080,447,0,0,2030,168,2061,369
1160,2081,324,-32,-16,2031,525,2051,301
1160,2081,336,0,0,2030,168,2061,369
1161,2070,478,0,64,2040,123,2050,175
1161,2080,260,0,16,2040,123,2050,175
1161,2080,274,48,0,2031,354,2060,396
1161,2081,523,0,0,2040,123,2050,175
1161,2081,535,-32,0,2031,354,2050,191
1162,2080,433,16,-16,2030,216,2060,283
1162,2081,185,16,0,2030,216,2060,283
1163,2080,377,32,-16,2030,302,2060,129
1163,2080,385,16,-16,2040,167,2050,431
1163,2080,388,0,16,2030,311,2051,282
1163,2080,392,-48,-16,2030,319,2051,288
1163,2081,57,32,-16,2030,302,2060,129
1163,2081,66,16,-32,2040,167,2050,431
1163,2081,74,-48,16,2030,319,2051,288
1164,2080,260,0,0,2031,198,2050,316
1164,2081,101,0,-32,2031,198,2050,316
1165,2080,338,0,16,2030,52,2050,384
1165,2080,344,48,-16,2030,59,2060,132
1165,2081,17,0,0,2030,52,2050,384
1165,2081,24,48,-16,2030,59,2060,132
1166,2080,127,64,0,2040,179,2060,248
1166,2080,132,32,16,2040,190,2050,69
1166,2080,134,16,0,2031,230,2050,71
1166,2080,136,0,-96,2031,234,2050,77
1166,2081,38,64,0,2040,179,2060,248
1166,2081,45,32,16,2040,190,2050,69
1166,2081,48,48,0,2040,194,2050,71
1167,2080,344,32,0,2030,517,2061,481
1167,2081,119,32,0,2030,517,2061,481
1168,2080,282,64,0,2030,87,2060,157
1168,2081,65,64,0,2030,87,2060,157
1169,2070,238,16,32,2040,150,2061,177
1169,2071,366,16,32,2040,150,2061,177
1169,2080,421,-48,0,2040,150,2051,257
1169,2081,290,-48,-16,2040,150,2051,257
1170,2080,199,0,32,2041,421,2050,120
1171,2080,388,112,0,2030,426,2050,171
1171,2081,110,16,0,2040,503,2050,165
1171,2081,112,48,-32,2030,422,2060,212
1171,2081,117,112,0,2030,426,2050,171
1172,2070,290,48,32,2041,216,2060,90
1172,2071,53,48,48,2041,216,2060,90
1172,2080,416,16,-48,2041,208,2050,380
1172,2080,420,-16,16,2031,130,2050,383
1172,2080,424,0,-16,2031,132,2050,388
1172,2081,63,-16,16,2031,130,2050,383
1172,2081,66,0,-32,2031,132,2050,388
1173,2080,382,48,-16,2040,451,2060,219
1173,2080,395,-48,0,2040,470,2050,365
1173,2080,396,80,0,2040,471,2060,241
1173,2081,86,48,-32,2040,451,2060,219
1173,2081,101,-48,0,2040,470,2050,365
1173,2081,102,80,-16,2040,471,2060,241
1174,2080,337,16,-32,2040,399,2060,139
1174,2080,338,32,0,2031,187,2060,144
1174,2080,344,-32,-16,2040,411,2050,242
1174,2080,350,-80,32,2030,380,2050,247
1174,2081,529,16,-48,2040,399,2060,139
1174,2081,530,32,0,2031,187,2060,144
1174,2081,541,-80,32,2030,380,2050,247
1175,2080,221,32,-16,2031,288,2050,151
1175,2080,223,48,0,2040,113,2060,326
1175,2080,230,48,-32,2041,373,2060,333
1175,2081,251,16,0,2030,430,2050,151
1175,2081,253,48,0,2040,113,2060,326
1175,2081,260,48,-32,2041,373,2060,333
1176,2070,326,16,80,2040,372,2060,214
1176,2071,553,16,64,2040,372,2060,214
1177,2080,456,0,0,2041,349,2050,510
1177,2080,468,-80,224,2040,259,2051,316
1177,2081,423,0,0,2031,114,2051,302
1177,2081,436,-48,160,2030,213,2051,316
1178,2080,462,112,0,2030,110,2060,289
1178,2080,464,0,16,2031,331,2051,487
1178,2080,465,32,32,2030,115,2051,489
1178,2080,472,16,-48,2040,222,2050,258
1178,2080,473,-16,-16,2030,127,2050,262
1178,2081,529,112,-16,2030,110,2060,289
1178,2081,531,-16,-16,2031,331,2050,247
1178,2081,532,32,32,2030,115,2051,489
1178,2081,538,16,-48,2040,222,2050,258
1178,2081,540,-16,0,2030,127,2050,262
1179,2080,330,0,0,2040,403,2051,112
1179,2081,164,0,0,2040,403,2051,112
1180,2070,591,32,64,2040,191,2061,143
1180,2071,118,32,48,2040,191,2061,143
1180,2080,421,-32,0,2041,517,2051,368
1180,2080,426,64,0,2031,329,2060,280
1180,2080,429,-32,16,2040,191,2050,241
1180,2081,479,-32,0,2041,517,2051,368
1180,2081,486,64,0,2031,329,2060,280
1180,2081,488,-32,16,2040,191,2050,241
1181,2080,413,0,16,2031,223,2050,479
1181,2081,141,0,-16,2031,223,2050,479
1182,2080,351,16,0,2031,118,2050,317
1182,2080,356,-16,0,2031,130,2050,324
1182,2081,61,64,0,2031,130,2060,169
1182,2081,73,-16,0,2030,105,2051,307
1183,2070,330,16,64,2031,391,2050,256
1183,2071,51,16,64,2031,391,2050,256
1183,2080,191,0,0,2040,148,2061,132
1183,2080,216,32,0,2040,188,2050,256
1183,2081,86,0,0,2040,148,2061,132
1183,2081,112,32,0,2040,188,2050,256
1184,2080,464,0,16,2041,179,2051,149
1184,2080,471,-16,0,2030,121,2051,154
1184,2081,291,0,80,2041,179,2051,149
1184,2081,297,-48,0,2030,121,2050,434
1185,2080,323,0,-16,2040,373,2050,287
1185,2080,327,0,-48,2040,378,2051,96
1185,2080,337,96,0,2030,72,2060,188
1185,2081,24,0,-16,2040,373,2050,287
1185,2081,28,0,-96,2040,378,2051,96
1185,2081,38,80,0,2031,231,2060,188
1186,2071,272,0,64,2040,508,2051,326
1186,2080,371,64,-16,2031,200,2060,158
1186,2080,383,0,0,2040,508,2051,326
1186,2080,389,48,0,2031,219,2060,181
1186,2081,236,48,0,2030,406,2060,158
1186,2081,248,-16,0,2040,508,2050,128
1186,2081,254,-16,0,2031,219,2050,140
1188,2080,438,0,-96,2030,330,2050,402
1188,2080,450,-32,0,2031,105,2051,309
1188,2080,465,128,-32,2030,365,2050,431
1188,2081,49,0,-128,2030,330,2050,402
1188,2081,61,-32,16,2031,105,2051,309
1188,2081,77,128,-32,2030,365,2050,431
1189,2080,422,0,0,2041,62,2051,107
1189,2080,430,32,16,2030,488,2061,282
1189,2081,141,16,0,2030,469,2060,183
1189,2081,149,48,0,2040,345,2061,282
1190,2080,168,0,-16,2041,361,2050,83
1190,2080,182,48,-16,2041,381,2060,220
1190,2080,186,0,-80,2040,335,2050,110
1190,2081,441,0,-16,2041,361,2050,83
1190,2081,453,32,0,2040,327,2060,220
1190,2081,456,0,-96,2040,335,2050,110
1191,2080,308,0,-16,2031,416,2050,209
1191,2080,336,16,-16,2031,461,2051,285
1191,2081,125,0,0,2031,416,2050,209
1191,2081,152,16,-16,2031,461,2051,285
1192,2080,359,16,0,2041,305,2050,409
1192,2080,361,0,-16,2031,199,2050,412
1192,2081,130,0,0,2031,199,2050,412
1193,2080,452,16,0,2030,324,2050,412
1193,2080,470,-16,0,2030,341,2050,439
1193,2081,402,-16,-16,2030,341,2050,439
1194,2080,245,16,-16,2031,321,2050,168
1194,2080,263,0,0,2041,495,2051,212
1194,2081,87,80,64,2030,420,2050,179
1194,2081,91,-16,0,2041,495,2050,183
1195,2080,246,-32,0,2040,313,2050,207
1195,2081,92,-144,-32,2030,428,2060,343
1195,2081,97,-32,0,2040,313,2050,207
1197,2070,506,64,96,2030,574,2060,238
1197,2071,587,64,96,2030,574,2060,238
1198,2080,342,-16,0,2040,244,2051,290
1199,2070,407,48,160,2031,238,2050,150
1199,2071,48,48,160,2031,238,2050,150
1199,2080,92,16,0,2031,210,2051,59
1199,2080,107,48,80,2031,238,2050,150
1199,2081,418,-16,0,2031,210,2050,136
1199,2081,433,48,96,2031,238,2050,150
1200,2070,507,16,96,2040,236,2050,148
1200,2070,510,0,48,2041,466,2060,359
1200,2071,518,0,48,2041,466,2060,359
1200,2080,181,16,0,2040,236,2050,148
1200,2080,185,16,0,2040,242,2050,151
1200,2080,196,0,-16,2030,430,2050,165
1200,2081,309,16,0,2040,236,2050,148
1200,2081,313,16,0,2040,242,2050,151
1200,2081,325,0,-32,2030,430,2050,165
1201,2080,275,16,-16,2031,236,2050,327
1201,2080,278,16,0,2031,240,2050,330
1201,2081,548,16,16,2031,240,2050,330
1202,2071,187,48,96,2031,366,2060,313
1202,2080,497,48,-16,2041,417,2060,264
1202,2080,505,64,-16,2040,132,2060,273
1202,2080,512,16,-16,2041,433,2050,231
1202,2080,519,48,0,2041,444,2060,294
1202,2080,526,0,-80,2031,363,2050,259
1202,2080,527,-48,0,2040,170,2051,565
1202,2080,528,48,0,2031,366,2060,313
1202,2081,571,48,-32,2041,417,2060,264
1202,2081,580,64,-48,2040,132,2060,273
1202,2081,587,16,0,2041,433,2050,231
1202,2081,594,64,0,2040,148,2060,294
1202,2081,600,-48,0,2040,170,2051,565
1202,2081,601,48,-16,2031,366,2060,313
1204,2080,328,64,0,2040,282,2060,239
1204,2080,332,64,0,2040,290,2051,121
1204,2080,343,80,0,2040,309,2060,260
1204,2081,519,0,0,2031,194,2050,376
1204,2081,523,64,-32,2040,290,2051,121
1204,2081,535,80,0,2040,309,2060,260
1205,2080,384,-32,0,2030,177,2050,345
1205,2080,391,96,-16,2030,190,2060,117
1205,2081,315,-32,0,2030,177,2050,345
1205,2081,323,96,-32,2030,190,2060,117
1206,2070,405,160,112,2030,147,2050,328
1206,2071,579,160,96,2030,147,2050,328
1206,2080,365,160,-16,2030,147,2050,328
1206,2080,366,-48,-16,2030,148,2050,329
1206,2081,111,160,-16,2030,147,2050,328
1207,2071,487,48,80,2040,243,2060,200
1207,2080,336,64,-16,2031,167,2060,200
1207,2080,337,16,-16,2030,125,2050,381
1207,2081,474,64,0,2031,167,2060,200
1207,2081,475,16,-48,2030,125,2050,381
1208,2080,393,-16,0,2040,177,2050,353
1208,2080,394,16,-16,2040,178,2050,355
1208,2080,403,80,0,2040,190,2060,274
1208,2081,517,16,32,2040,178,2050,355
1208,2081,526,80,-32,2040,190,2060,274
1209,2080,440,0,0,2040,268,2051,183
1209,2081,113,0,0,2040,268,2051,183
1212,2080,234,0,-16,2031,349,2050,275
1212,2081,403,0,-32,2031,349,2050,275
1214,2070,478,16,64,2040,318,2060,170
1214,2071,514,16,48,2040,318,2060,170
1214,2080,374,0,0,2041,431,2051,397
1214,2081,244,0,-16,2041,431,2051,397
1216,2070,402,16,64,2040,376,2061,254
1216,2071,108,16,48,2040,376,2061,254
1216,2080,313,-16,0,2031,157,2050,223
1216,2081,459,-16,-16,2031,157,2050,223
1217,2080,311,64,0,2031,369,2060,415
1217,2081,476,64,-32,2031,369,2060,415
1218,2080,163,80,-16,2031,280,2060,238
1218,2081,323,80,0,2031,280,2060,238
1218,2081,325,0,0,2030,353,2050,126
1219,2080,346,32,0,2040,251,2060,115
1219,2080,351,0,0,2031,160,2051,304
1219,2081,223,-16,0,2040,251,2051,299
1219,2081,228,0,0,2031,160,2051,304
1221,2070,427,0,112,2030,206,2050,447
1221,2071,520,0,112,2030,206,2050,447
1221,2080,481,16,-16,2040,328,2051,140
1221,2080,497,96,0,2040,352,2050,467
1221,2080,500,-16,0,2030,231,2050,469
1221,2081,168,16,-32,2040,328,2051,140
1221,2081,186,96,-48,2040,352,2050,467
1222,2080,558,16,16,2030,340,2060,199
1222,2081,416,0,0,2040,385,2050,530
1223,2070,236,16,64,2040,128,2060,413
1223,2071,458,16,48,2040,128,2060,413
1223,2080,290,-32,0,2040,128,2050,258
1223,2081,64,16,-16,2040,128,2060,413
1224,2070,475,-16,80,2040,163,2060,289
1224,2071,481,-16,80,2040,163,2060,289
1224,2080,233,64,0,2040,162,2060,288
1224,2081,362,64,0,2040,162,2060,288
1225,2070,397,16,80,2040,197,2060,91
1225,2071,439,48,80,2041,347,2060,73
1225,2071,442,16,80,2040,197,2060,91
1225,2080,271,0,0,2031,103,2051,211
1225,2080,286,-160,-64,2041,344,2061,145
1225,2080,287,16,0,2031,109,2050,35
1225,2080,291,16,-16,2031,113,2050,41
1225,2081,403,-16,0,2031,103,2050,21
1225,2081,416,-160,-48,2041,344,2061,145
1225,2081,417,16,0,2031,109,2050,35
1225,2081,421,16,-16,2031,113,2050,41
1225,2081,428,-16,-16,2040,197,2050,49
1226,2080,243,64,-16,2030,106,2060,169
1226,2081,428,64,-16,2030,106,2060,169
1228,2080,247,0,-32,2031,209,2050,291
1228,2080,250,0,-32,2031,214,2050,297
1228,2080,252,32,16,2030,349,2050,298
1228,2081,432,0,-16,2031,209,2050,291
1228,2081,436,0,-16,2031,214,2050,297
1228,2081,438,-112,0,2031,217,2050,298
1229,2080,424,48,0,2030,59,2060,280
1229,2080,443,16,-16,2040,127,2050,407
1229,2080,445,-16,-16,2031,340,2050,411
1229,2081,149,16,0,2040,101,2050,391
1229,2081,168,16,-16,2040,127,2050,407
1229,2081,170,-16,0,2031,340,2050,411
1230,2080,307,0,0,2030,438,2050,214
1230,2080,321,48,-16,2030,455,2060,356
1230,2081,139,0,0,2031,374,2051,243
1230,2081,153,80,0,2031,394,2060,356
1231,2080,254,0,0,2041,368,2050,203
1231,2080,272,80,16,2031,329,2060,295
1231,2081,105,16,0,2040,160,2050,203
1231,2081,123,80,0,2031,329,2060,295
1232,2080,274,16,0,2040,136,2050,185
1232,2080,279,32,-48,2040,141,2060,315
1232,2081,103,32,0,2041,430,2050,185
1232,2081,107,32,-64,2040,141,2060,315
1233,2070,234,-16,80,2040,212,2050,269
1233,2071,35,-16,64,2040,212,2050,269
1233,2080,295,-16,-16,2040,212,2050,269
1233,2081,353,-16,-32,2040,212,2050,269
1235,2080,364,0,0,2041,469,2050,278
1235,2080,379,16,16,2030,438,2050,297
1235,2080,382,-16,0,2030,440,2050,299
1235,2081,67,0,0,2041,469,2050,278
1235,2081,81,32,0,2041,489,2050,297
1235,2081,84,-16,-16,2030,440,2050,299
1236,2070,464,32,64,2030,414,2061,535
1236,2071,93,32,64,2030,414,2061,535
1236,2080,270,-96,80,2041,485,2060,181
1236,2080,279,48,0,2031,234,2061,535
1236,2081,368,-96,96,2041,485,2060,181
1236,2081,374,-32,16,2031,234,2050,340
1238,2080,317,-32,64,2030,68,2061,252
1238,2080,338,-16,0,2040,430,2051,290
1238,2081,350,-32,80,2030,68,2061,252
1238,2081,371,0,0,2040,430,2050,240
1239,2080,192,48,-32,2030,445,2060,296
1239,2081,224,48,-32,2030,445,2060,296
1240,2070,331,0,32,2030,116,2061,342
1240,2070,332,64,96,2041,275,2060,191
1240,2071,42,0,32,2030,116,2061,342
1240,2071,43,64,96,2041,275,2060,191
1240,2080,430,-32,-16,2030,108,2050,396
1240,2080,438,0,0,2040,234,2050,400
1240,2080,446,-48,-16,2041,284,2050,405
1240,2081,73,-32,-32,2030,108,2050,396
1240,2081,81,0,-16,2040,234,2050,400
1240,2081,89,-16,-16,2041,284,2061,347
1241,2080,276,0,0,2040,242,2050,337
1241,2081,445,0,-16,2030,108,2051,79
1242,2070,359,32,48,2030,510,2060,284
1242,2080,397,0,0,2041,178,2050,454
1242,2081,115,16,0,2031,245,2050,454
1243,2080,296,16,-32,2040,155,2060,405
1243,2080,326,0,-48,2030,148,2050,243
1243,2081,553,16,-32,2040,155,2060,405
1243,2081,585,0,-48,2030,148,2050,243
1244,2080,290,-16,0,2040,178,2050,218
1244,2081,513,-16,-16,2040,178,2050,218
1246,2080,439,0,-64,2031,212,2060,245
1246,2081,128,0,-80,2031,212,2060,245
1248,2080,311,32,0,2030,356,2050,214
1248,2080,328,-16,0,2030,371,2050,221
1248,2080,330,48,-32,2040,193,2060,404
1248,2080,331,0,0,2030,375,2050,227
1248,2081,554,32,0,2030,356,2050,214
1248,2081,572,48,-16,2040,193,2060,404
1248,2081,573,32,0,2041,528,2061,153
1249,2080,226,48,0,2031,377,2060,329
1249,2081,92,48,-16,2031,377,2060,329
1252,2070,438,0,64,2031,365,2050,128
1252,2071,428,0,80,2031,365,2050,128
1252,2080,268,0,-32,2031,364,2050,127
1252,2080,271,0,-16,2031,365,2050,128
1252,2081,187,0,0,2031,364,2050,127
1252,2081,190,0,-16,2031,365,2050,128
1253,2080,451,48,16,2030,157,2060,236
1253,2080,453,0,16,2031,204,2050,420
1253,2081,132,64,0,2031,197,2060,236
1253,2081,135,0,0,2031,204,2050,420
1254,2070,446,32,64,2031,306,2060,268
1254,2080,167,16,-16,2041,389,2050,129
1254,2080,175,0,0,2040,237,2051,89
1254,2081,326,16,-16,2041,389,2050,129
1254,2081,334,0,-16,2040,237,2051,89
1255,2080,157,-16,-16,2031,277,2051,119
1255,2080,185,-16,-16,2040,441,2051,136
1255,2081,65,-16,-16,2031,277,2051,119
1255,2081,90,-16,-16,2040,441,2051,136
1256,2080,380,16,0,2040,325,2050,420
1256,2081,120,0,0,2041,179,2050,420
1257,2080,300,16,16,2040,268,2051,146
1257,2080,305,16,-16,2041,401,2050,353
1257,2081,450,16,0,2040,268,2051,146
1257,2081,455,16,-16,2041,401,2050,353
1258,2080,304,48,-32,2031,162,2060,190
1258,2081,426,48,-32,2031,162,2060,190
1259,2080,270,0,-16,2040,357,2050,55
1259,2081,317,0,16,2040,357,2050,55
1260,2080,357,0,-16,2040,232,2050,308
1260,2081,410,0,0,2040,232,2050,308
1262,2070,488,32,80,2040,225,2060,376
1262,2071,120,32,64,2040,225,2060,376
1262,2080,317,48,0,2031,397,2060,348
1262,2080,333,-16,0,2031,424,2050,269
1262,2081,127,48,0,2031,397,2060,348
1262,2081,144,-16,-16,2031,424,2050,269
1264,2080,315,0,-32,2040,177,2050,219
1264,2080,317,32,112,2031,467,2060,431
1264,2081,108,0,-32,2040,177,2050,219
1264,2081,110,32,112,2031,467,2060,431
1266,2070,563,64,80,2040,161,2060,330
1266,2071,570,64,80,2040,161,2060,330
1266,2080,296,-48,16,2040,157,2050,201
1266,2080,298,80,0,2031,367,2060,330
1266,2080,302,-32,16,2031,373,2050,211
1266,2081,483,96,0,2030,446,2060,330
1266,2081,488,-32,16,2031,373,2050,211
1267,2080,504,64,-16,2031,241,2060,290
1267,2080,508,-144,32,2030,206,2050,470
1267,2080,526,16,-16,2031,269,2060,306
1267,2081,112,64,-32,2031,241,2060,290
1267,2081,116,-144,16,2030,206,2050,470
1267,2081,132,-48,16,2031,269,2050,484
1268,2070,505,16,48,2040,223,2060,364
1268,2071,590,16,48,2040,223,2060,364
1268,2080,286,0,0,2040,200,2050,247
1268,2080,295,-16,0,2031,402,2050,258
1268,2080,299,-16,-16,2031,406,2050,260
1268,2080,305,-32,0,2040,223,2050,270
1268,2080,312,16,0,2040,235,2060,372
1268,2081,512,0,0,2040,200,2050,247
1268,2081,523,48,16,2030,565,2050,260
1268,2081,529,-32,-16,2040,223,2050,270
1268,2081,536,16,-32,2040,235,2060,372
1269,2080,231,-16,-16,2040,137,2050,184
1270,2070,241,0,64,2040,63,2060,386
1270,2070,246,16,96,2031,464,2051,167
1270,2071,504,0,64,2040,63,2060,386
1270,2071,510,16,96,2031,464,2051,167
1270,2080,337,0,-48,2040,63,2060,386
1270,2080,352,32,0,2031,446,2060,404
1270,2080,357,0,-32,2040,95,2051,160
1270,2081,254,0,-48,2040,63,2060,386
1270,2081,274,0,-32,2040,95,2051,160
1271,2071,415,48,80,2030,301,2060,384
1271,2080,498,64,0,2041,237,2060,384
1271,2081,153,48,0,2030,301,2060,384
1272,2080,270,-32,-128,2040,201,2051,133
1272,2081,100,-32,-112,2040,201,2051,133
1273,2080,254,80,0,2040,156,2061,349
1273,2081,477,80,0,2040,156,2061,349
1274,2080,463,0,-16,2041,233,2050,421
1274,2080,466,16,-16,2030,609,2060,276
1274,2080,471,64,-32,2041,241,2060,285
1274,2080,472,-16,0,2040,575,2050,431
1274,2081,152,32,0,2040,567,2050,421
1274,2081,156,16,-16,2030,609,2060,276
1274,2081,160,-16,-32,2040,575,2050,431
1274,2081,161,64,-32,2041,241,2060,285
1275,2070,339,32,48,2030,434,2060,167
1275,2071,386,32,48,2030,434,2060,167
1275,2080,234,-16,0,2031,183,2050,284
1275,2080,253,64,0,2041,368,2060,165
1275,2081,114,-16,-16,2031,183,2050,284
1275,2081,129,64,0,2041,368,2060,165
1278,2080,254,-32,16,2040,311,2050,220
1278,2080,278,0,16,2040,335,2051,118
1278,2081,516,-32,0,2040,311,2050,220
1278,2081,538,0,16,2040,335,2051,118
1279,2080,449,0,0,2040,353,2050,225
1279,2081,510,32,0,2031,183,2060,145
1280,2070,425,16,64,2041,396,2061,67
1280,2070,427,48,64,2030,299,2060,195
1280,2071,135,16,16,2041,396,2061,67
1280,2071,137,48,80,2030,299,2060,195
1280,2080,323,48,-16,2030,274,2060,171
1280,2080,329,-16,0,2040,103,2050,250
1280,2080,336,16,0,2040,120,2060,187
1280,2080,342,16,32,2031,234,2050,263
1280,2080,346,-16,0,2030,299,2050,266
1280,2081,145,48,-16,2030,274,2060,171
1280,2081,151,-16,0,2040,103,2050,250
1280,2081,159,16,0,2040,120,2060,187
1280,2081,162,32,0,2030,297,2050,263
1280,2081,166,-16,0,2030,299,2050,266
1281,2070,306,80,112,2030,372,2061,554
1281,2071,101,80,96,2030,372,2061,554
1281,2080,408,0,-16,2031,178,2050,468
1281,2080,414,-16,0,2030,375,2051,75
1281,2081,515,0,0,2031,178,2050,468
1281,2081,522,-32,-16,2030,375,2050,474
1281,2081,534,-80,224,2031,201,2060,244
1282,2080,361,-16,-32,2040,440,2050,323
1282,2080,370,-144,-96,2040,455,2050,331
1282,2081,188,-16,0,2040,440,2050,323
1282,2081,197,-96,240,2040,455,2060,494
1283,2081,455,-112,192,2030,490,2061,98
1284,2080,334,32,0,2030,105,2061,420
1284,2080,338,-16,-16,2031,212,2050,387
1284,2081,170,32,0,2030,105,2061,420
1285,2080,432,16,-32,2030,218,2060,78
1285,2081,184,16,-16,2030,218,2060,78
1286,2080,250,-128,128,2031,357,2050,211
1286,2080,252,-112,0,2031,358,2050,215
1286,2080,256,0,32,2040,323,2050,216
1286,2081,77,-128,96,2031,357,2050,211
1286,2081,84,0,48,2040,323,2050,216
1287,2081,65,96,0,2030,100,2060,207
1288,2081,309,48,-32,2040,436,2060,191
1289,2080,278,0,0,2030,364,2051,123
1289,2080,279,0,-16,2041,489,2050,331
1289,2081,523,16,0,2040,419,2051,123
1289,2081,525,0,-16,2041,489,2050,331
1290,2080,455,-80,-64,2030,290,2050,428
1290,2081,105,-80,-80,2030,290,2050,428
1291,2080,263,64,0,2030,430,2060,91
1291,2081,191,64,-32,2030,430,2060,91
1291,2081,192,96,0,2031,128,2060,93
1293,2080,381,0,0,2041,191,2050,348
1293,2081,550,0,0,2041,191,2050,348
1294,2080,275,32,-16,2040,117,2060,330
1294,2081,482,-48,0,2040,117,2050,239
1295,2070,559,16,32,2040,260,2060,221
1295,2071,570,16,32,2040,260,2060,221
1295,2080,436,64,-32,2040,264,2060,226
1295,2080,440,16,-16,2030,367,2050,405
1295,2081,119,64,-48,2040,264,2060,226
1295,2081,125,16,-16,2030,367,2050,405
1296,2080,454,0,-16,2041,389,2050,509
1296,2081,136,0,-16,2041,389,2050,509
1297,2080,431,16,0,2030,484,2050,393
1297,2081,88,0,0,2031,171,2051,316
1297,2081,113,16,0,2030,484,2050,393
1298,2070,223,0,48,2030,244,2060,327
1298,2071,492,0,32,2030,244,2060,327
1298,2080,361,32,0,2031,286,2060,327
1298,2080,370,48,80,2040,141,2060,339
1298,2080,383,0,32,2040,161,2050,441
1298,2081,61,32,0,2031,286,2060,327
1298,2081,69,48,80,2040,141,2060,339
1298,2081,81,0,16,2040,161,2050,441
1299,2070,464,64,48,2030,180,2050,267
1299,2080,209,-96,16,2031,336,2050,264
1299,2080,210,64,-16,2041,426,2060,303
1299,2080,212,96,-16,2040,393,2050,267
1299,2080,217,0,0,2040,396,2050,270
1299,2080,223,32,48,2030,190,2050,274
1299,2080,225,-144,-48,2031,354,2060,314
1299,2081,488,-48,0,2031,336,2060,302
1299,2081,489,64,-16,2041,426,2060,303
1299,2081,492,96,-16,2040,393,2050,267
1299,2081,497,0,-16,2040,396,2050,270
1299,2081,502,32,64,2030,190,2050,274
1299,2081,504,-144,-64,2031,354,2060,314
1300,2070,554,32,64,2040,358,2060,185
1300,2070,561,16,80,2030,595,2060,227
1300,2071,108,32,48,2040,358,2060,185
1300,2071,115,16,80,2030,595,2060,227
1300,2080,478,0,64,2030,581,2051,427
1300,2080,481,0,16,2030,588,2050,171
1300,2080,485,48,-16,2031,275,2060,228
1300,2081,325,32,-48,2040,358,2060,185
1300,2081,344,0,16,2030,588,2050,171
1300,2081,348,80,0,2030,597,2060,228
1301,2080,312,0,-16,2030,429,2050,216
1301,2080,316,64,-16,2030,432,2060,351
1301,2081,180,0,-16,2030,429,2050,216
1301,2081,184,64,0,2030,432,2060,351
1302,2080,212,0,16,2030,94,2060,315
1303,2080,131,0,0,2031,247,2050,95
1303,2080,136,48,-32,2030,413,2060,218
1303,2081,315,0,-16,2031,247,2050,95
1303,2081,320,48,-16,2030,413,2060,218
1304,2080,446,80,16,2031,301,2060,342
1304,2081,153,80,0,2031,301,2060,342
1305,2070,519,16,80,2031,388,2061,551
1305,2071,564,16,48,2031,388,2061,551
1305,2080,305,0,0,2030,344,2050,206
1305,2080,311,-16,0,2030,350,2050,212
1305,2081,81,0,0,2030,344,2050,206
1305,2081,83,-48,-32,2031,390,2051,247
1305,2081,88,16,0,2040,163,2050,212
1306,2080,310,32,-32,2040,438,2050,361
1306,2081,142,32,-48,2040,438,2050,361
1307,2080,521,-16,0,2040,302,2051,145
1307,2080,536,16,-16,2031,233,2050,502
1307,2081,111,-16,0,2040,302,2051,145
1307,2081,123,16,-16,2031,233,2050,502
1308,2071,462,64,224,2030,71,2061,439
1308,2080,341,64,0,2030,67,2060,147
1308,2080,352,48,128,2030,71,2060,155
1308,2081,393,64,0,2030,67,2060,147
1308,2081,403,48,144,2030,71,2060,155
1311,2080,427,48,0,2040,331,2060,208
1311,2080,428,-16,16,2031,252,2051,59
1311,2081,176,48,0,2040,331,2060,208
1311,2081,177,-16,16,2031,252,2051,59
1313,2080,365,16,32,2030,453,2050,421
1313,2081,109,16,0,2030,453,2050,421
1314,2071,145,0,48,2041,212,2050,345
1314,2080,383,0,-32,2041,212,2050,345
1314,2081,265,0,-64,2041,212,2050,345
1316,2071,46,0,64,2030,96,2050,388
1316,2080,423,0,0,2030,96,2050,388
1316,2080,429,112,0,2030,99,2060,221
1316,2080,432,-16,0,2031,186,2050,395
1316,2081,59,-32,0,2030,96,2051,336
1316,2081,65,112,-16,2030,99,2060,221
1316,2081,68,-16,0,2031,186,2050,395
1317,2070,443,32,64,2040,279,2060,176
1317,2071,381,32,64,2040,279,2060,176
1317,2080,341,48,0,2040,268,2060,164
1317,2080,353,32,-32,2040,279,2060,176
1317,2080,357,0,-16,2040,287,2050,322
1317,2081,465,64,0,2031,199,2060,164
1317,2081,477,32,-32,2040,279,2060,176
1317,2081,482,0,-16,2040,287,2050,322
1318,2070,588,0,64,2030,222,2060,473
1318,2080,310,16,0,2031,419,2051,134
1318,2080,325,64,0,2030,249,2060,489
1318,2081,593,-16,-16,2031,419,2050,267
1319,2080,406,80,0,2030,363,2060,193
1319,2081,326,80,0,2030,363,2060,193
1320,2080,330,48,-16,2030,140,2060,212
1320,2080,333,16,-16,2031,181,2060,220
1320,2081,114,48,-16,2030,140,2060,212
1320,2081,117,16,0,2031,181,2060,220
1322,2070,392,16,96,2031,232,2061,273
1322,2071,108,16,96,2031,232,2061,273
1322,2080,443,64,-160,2030,495,2050,407
1323,2080,137,48,0,2040,216,2060,436
1323,2080,149,16,0,2040,245,2060,454
1323,2081,191,-32,16,2040,216,2050,60
1325,2080,88,-16,0,2030,334,2050,54
1325,2080,102,64,-32,2031,231,2060,195
1325,2081,382,64,-32,2031,231,2060,195
1326,2070,555,160,80,2031,384,2050,226
1326,2071,131,160,80,2031,384,2050,226
1326,2080,309,0,64,2031,388,2060,342
1326,2081,447,0,48,2031,388,2060,342
1327,2080,331,64,-16,2040,159,2060,111
1327,2080,354,-16,0,2030,523,2050,231
1327,2081,480,-16,-32,2030,523,2050,231
1328,2080,320,32,-32,2040,122,2060,179
1328,2080,333,-32,0,2040,135,2051,361
1328,2080,338,32,0,2031,165,2060,192
1328,2081,373,32,-48,2040,122,2060,179
1328,2081,386,-48,0,2040,135,2050,219
1328,2081,391,-16,0,2041,279,2050,222
1329,2070,188,-80,128,2031,259,2061,154
1329,2071,135,-80,144,2031,259,2061,154
1329,2080,329,-80,48,2031,259,2061,154
1329,2080,334,80,0,2030,449,2060,309
1329,2081,408,-80,32,2031,259,2061,154
1329,2081,414,80,0,2030,449,2060,309
1330,2070,459,-96,240,2041,403,2051,42
1330,2071,471,-96,224,2041,403,2051,42
1330,2080,159,-32,0,2040,273,2050,212
1330,2080,160,32,16,2041,400,2060,74
1330,2080,162,16,0,2031,119,2050,219
1330,2080,163,-96,112,2041,403,2051,42
1330,2081,321,-32,0,2040,273,2050,212
1330,2081,322,32,0,2041,400,2060,74
1330,2081,324,16,-16,2031,119,2050,219
1330,2081,325,-96,96,2041,403,2051,42
1331,2080,447,48,0,2040,373,2060,340
1331,2080,453,64,-48,2031,304,2060,344
1331,2080,469,48,0,2040,404,2060,361
1331,2081,123,-48,16,2041,222,2060,337
1331,2081,125,48,-16,2040,373,2060,340
1331,2081,131,64,-64,2031,304,2060,344
1331,2081,147,0,0,2041,253,2050,527
1332,2070,439,64,112,2040,276,2060,231
1332,2071,557,64,112,2040,276,2060,231
1332,2080,476,-16,-16,2030,126,2050,308
1332,2080,485,64,16,2040,276,2060,231
1332,2081,537,-16,0,2030,126,2050,308
1332,2081,546,64,16,2040,276,2060,231
1333,2080,161,0,96,2041,371,2051,67
1334,2070,520,-16,64,2040,204,2060,162
1334,2071,587,-16,80,2040,204,2060,162
1334,2080,378,-160,-48,2030,414,2061,246
1334,2081,530,-160,-64,2030,414,2061,246
1335,2080,375,-64,32,2040,140,2050,183
1335,2080,382,0,-32,2030,469,2050,189
1335,2081,432,-64,16,2040,140,2050,183
1337,2080,267,0,0,2031,408,2050,228
1337,2080,276,0,-16,2031,419,2050,237
1337,2081,102,32,0,2040,314,2061,136
1337,2081,114,0,0,2031,408,2050,228
1337,2081,122,0,0,2031,419,2050,237
1338,2080,214,0,0,2031,292,2050,131
1338,2081,371,16,0,2030,404,2050,131
1339,2080,422,80,-16,2040,207,2061,337
1339,2080,435,-16,-16,2040,220,2050,393
1339,2080,437,16,0,2031,141,2051,256
1339,2081,51,80,-16,2040,207,2061,337
1339,2081,63,-16,-16,2040,220,2050,393
1339,2081,65,16,-48,2031,141,2051,256
1340,2080,349,-160,-16,2031,205,2060,234
1340,2080,360,-32,0,2030,401,2060,249
1340,2080,363,64,0,2040,303,2060,252
1340,2081,180,-160,-16,2031,205,2060,234
1340,2081,190,-32,0,2030,401,2060,249
1340,2081,193,64,0,2040,303,2060,252
1341,2080,504,-32,0,2040,142,2050,462
1341,2080,507,0,16,2030,573,2050,467
1341,2081,90,-32,-16,2040,142,2050,462
1341,2081,91,48,0,2040,144,2060,322
1341,2081,93,0,0,2030,573,2050,467
1342,2080,532,0,0,2031,272,2051,157
1342,2080,544,-32,16,2030,242,2050,507
1342,2080,545,-128,96,2030,244,2060,328
1342,2081,189,16,0,2030,229,2051,157
1342,2081,201,-32,0,2030,242,2050,507
1342,2081,202,-128,80,2030,244,2060,328
1343,2080,447,16,0,2040,354,2051,495
1343,2080,460,0,-16,2040,371,2050,159
1343,2080,470,48,0,2040,381,2060,208
1343,2081,58,-16,0,2040,354,2050,147
1343,2081,70,0,-32,2040,371,2050,159
1343,2081,80,48,0,2040,381,2060,208
1345,2071,108,32,48,2031,160,2050,425
1345,2080,456,32,0,2030,253,2061,185
1345,2080,465,32,16,2031,160,2050,425
1345,2080,487,0,-16,2040,353,2050,445
1345,2081,215,48,0,2031,151,2061,185
1345,2081,222,32,32,2031,160,2050,425
1345,2081,245,0,0,2040,353,2050,445
1346,2070,544,-48,128,2031,200,2050,108
1346,2071,555,-48,112,2031,200,2050,108
1346,2080,379,48,0,2040,284,2060,140
1346,2080,388,-16,-32,2031,199,2050,107
1346,2080,396,32,0,2031,212,2050,117
1346,2081,410,48,0,2040,284,2060,140
1346,2081,419,-16,-48,2031,199,2050,107
1346,2081,427,32,0,2031,212,2050,117
1347,2081,229,80,16,2040,106,2060,288
1348,2080,214,-16,-16,2040,96,2050,130
1348,2080,219,0,0,2041,407,2050,139
1348,2080,222,80,0,2031,326,2060,363
1348,2081,246,-16,-16,2040,96,2050,130
1348,2081,248,0,0,2041,407,2050,139
1348,2081,251,64,0,2040,108,2060,363
1349,2080,411,80,-16,2030,119,2060,212
1349,2080,425,0,-16,2041,473,2051,373
1349,2081,522,80,-16,2030,119,2060,212
1350,2081,323,0,0,2040,204,2050,253
1350,2081,346,0,0,2030,118,2050,287
1351,2080,347,48,0,2041,433,2060,143
1351,2080,350,48,-16,2031,103,2060,149
1351,2080,352,0,-16,2030,69,2050,201
1351,2080,376,160,-32,2030,90,2050,226
1351,2081,24,48,-32,2041,433,2060,143
1351,2081,28,48,-16,2031,103,2060,149
1351,2081,30,0,-48,2030,69,2050,201
1351,2081,52,160,-48,2030,90,2050,226
1352,2080,156,0,-16,2040,427,2050,205
1352,2080,166,0,16,2040,441,2050,219
1352,2081,311,0,0,2040,427,2050,205
1353,2070,374,32,64,2041,343,2060,304
1353,2071,382,32,48,2041,343,2060,304
1353,2080,226,-32,0,2030,110,2050,199
1353,2080,230,0,0,2031,276,2050,202
1353,2080,233,64,16,2040,179,2061,47
1353,2081,128,0,0,2030,93,2051,56
1353,2081,135,-32,0,2030,110,2050,199
1353,2081,142,64,32,2040,179,2061,47
1354,2080,425,48,0,2030,251,2060,329
1354,2081,89,64,0,2031,286,2060,329
1355,2070,334,0,80,2040,144,2051,452
1355,2080,414,16,-16,2031,247,2050,178
1355,2080,415,-64,16,2030,287,2050,181
1355,2080,418,0,0,2040,144,2051,452
1355,2081,475,16,-16,2031,247,2050,178
1355,2081,477,-64,16,2030,287,2050,181
1355,2081,480,0,-16,2040,144,2051,452
1355,2081,488,0,0,2030,294,2050,188
1357,2070,407,96,64,2030,422,2060,182
1357,2070,408,16,64,2040,316,2060,185
1357,2071,440,96,64,2030,422,2060,182
1357,2071,441,16,64,2040,316,2060,185
1357,2080,96,16,-32,2040,316,2060,185
1357,2081,45,16,-64,2040,316,2060,185
1358,2080,347,32,-16,2040,261,2060,116
1358,2081,224,32,-32,2040,261,2060,116
1359,2080,343,0,-32,2041,395,2050,310
1359,2080,354,64,16,2030,108,2060,178
1359,2081,451,0,-32,2041,395,2050,310
1359,2081,461,64,16,2030,108,2060,178
1359,2081,464,0,0,2031,143,2050,326
1360,2080,251,112,-16,2031,385,2050,220
1360,2080,266,-32,0,2041,478,2051,201
1360,2081,120,112,-32,2031,385,2050,220
1360,2081,135,-32,0,2041,478,2051,201
1361,2070,277,-160,272,2041,212,2061,390
1361,2071,373,-160,256,2041,212,2061,390
1361,2080,496,-160,176,2041,212,2061,390
1361,2080,519,48,0,2040,193,2060,360
1361,2080,521,0,0,2030,578,2051,153
1361,2081,92,-160,144,2041,212,2061,390
1361,2081,115,48,-48,2040,193,2060,360
1361,2081,116,0,0,2030,578,2051,153
1363,2070,377,0,80,2031,436,2060,480
1363,2071,496,0,96,2031,436,2060,480
1363,2080,247,-16,0,2040,151,2050,193
1363,2081,108,-16,-16,2040,151,2050,193
1363,2081,112,0,96,2031,436,2060,480
1364,2080,234,-16,0,2040,291,2050,190
1364,2080,247,32,0,2031,396,2050,202
1364,2080,249,-32,0,2031,398,2050,204
1364,2080,267,-48,0,2040,337,2050,233
1364,2081,53,-16,0,2040,291,2050,190
1364,2081,64,32,16,2031,396,2050,202
1364,2081,66,16,0,2030,436,2050,204
1364,2081,82,-48,16,2040,337,2050,233
1365,2080,300,-64,192,2030,504,2060,375
1365,2080,315,48,-16,2040,172,2060,391
1365,2080,316,32,-16,2031,447,2060,397
1365,2080,328,64,0,2030,541,2060,413
1365,2081,482,48,-48,2040,172,2060,391
1365,2081,483,32,0,2031,447,2060,397
1365,2081,495,64,-16,2030,541,2060,413
1366,2070,463,32,64,2040,451,2060,350
1366,2071,269,32,80,2040,451,2060,350
1366,2080,190,64,0,2031,393,2060,338
1366,2081,513,64,0,2031,393,2060,338
1367,2080,416,0,0,2030,303,2050,383
1367,2080,429,80,0,2031,117,2060,159
1367,2081,271,-16,-16,2030,303,2051,240
1367,2081,283,80,0,2031,117,2060,159
1368,2080,157,-80,0,2040,249,2050,201
1368,2081,480,-48,-16,2040,249,2051,100
1369,2070,462,0,64,2030,524,2060,345
1369,2071,240,0,64,2030,524,2060,345
1369,2080,251,0,16,2030,516,2051,117
1369,2080,261,32,0,2041,483,2060,345
1369,2081,147,0,-32,2030,516,2051,117
1369,2081,158,0,0,2031,379,2051,128
1370,2080,325,64,-16,2031,203,2060,167
1370,2080,327,96,0,2040,363,2060,169
1370,2080,336,-16,0,2031,216,2050,254
1370,2081,467,64,-16,2031,203,2060,167
1370,2081,469,80,0,2031,205,2060,169
1370,2081,476,16,0,2030,509,2050,254
1371,2080,322,16,0,2030,396,2050,288
1371,2081,238,16,0,2030,396,2050,288
1372,2080,345,80,0,2041,214,2060,162
1372,2081,278,80,-16,2041,214,2060,162
1373,2080,285,-128,96,2031,347,2060,383
1373,2081,419,-128,128,2031,347,2060,383
1374,2080,465,-32,0,2030,115,2050,370
1374,2080,469,64,0,2031,179,2060,220
1374,2080,471,32,0,2031,183,2060,227
1374,2081,286,-32,0,2030,115,2050,370
1374,2081,290,64,0,2031,179,2060,220
1374,2081,292,64,0,2041,507,2060,227
1375,2080,249,80,0,2040,111,2060,178
1375,2080,252,0,0,2041,333,2050,91
1375,2081,56,80,0,2040,111,2060,178
1377,2080,410,-16,-16,2040,275,2050,374
1377,2080,414,48,0,2040,280,2060,185
1377,2080,415,0,0,2030,122,2050,383
1377,2081,91,-16,-16,2040,275,2050,374
1377,2081,95,48,16,2040,280,2060,185
1377,2081,96,0,0,2030,122,2050,383
1378,2080,481,48,0,2041,230,2060,347
1378,2081,125,64,-16,2040,155,2060,347
1380,2080,375,0,-16,2040,199,2060,472
1380,2080,383,0,16,2030,588,2060,482
1380,2080,392,64,-16,2041,322,2051,276
1380,2080,399,80,0,2040,239,2061,151
1380,2081,159,-32,0,2040,199,2050,427
1380,2081,167,0,16,2030,588,2060,482
1380,2081,176,48,0,2031,543,2051,276
1380,2081,182,80,0,2040,239,2061,151
1381,2080,443,48,16,2041,324,2060,120
1381,2080,450,-16,-16,2041,331,2051,254
1381,2081,205,48,0,2041,324,2060,120
1381,2081,212,16,0,2041,331,2050,415
1383,2080,275,80,-16,2040,339,2060,429
1383,2081,465,64,16,2030,205,2060,429
1384,2070,480,16,48,2030,137,2060,170
1384,2071,495,16,48,2030,137,2060,170
1384,2080,241,-128,112,2040,341,2050,283
1384,2080,256,-16,-16,2040,365,2051,94
1384,2081,384,-128,112,2040,341,2050,283
1384,2081,399,-16,0,2040,365,2051,94
1385,2070,485,32,80,2030,213,2060,369
1385,2071,567,32,64,2030,213,2060,369
1386,2080,209,0,-48,2030,282,2050,58
1386,2080,212,-16,0,2031,119,2050,60
1386,2080,226,-32,0,2030,296,2051,184
1386,2080,240,48,0,2030,307,2060,114
1386,2080,241,48,0,2030,308,2061,177
1386,2081,372,0,-48,2030,282,2050,58
1386,2081,375,-16,-16,2031,119,2050,60
1386,2081,391,-32,0,2030,296,2051,184
1386,2081,404,48,-16,2030,307,2060,114
1386,2081,405,64,0,2031,151,2061,177
1387,2080,329,16,16,2041,446,2051,282
1387,2081,167,16,32,2041,446,2051,282
1388,2070,536,16,80,2040,404,2051,323
1388,2071,544,16,64,2040,404,2051,323
1388,2080,375,32,0,2031,276,2051,323
1388,2080,388,48,0,2031,291,2060,251
1388,2081,102,32,-16,2031,276,2051,323
1388,2081,116,48,0,2031,291,2060,251
1389,2080,471,32,-96,2041,362,2051,113
1389,2081,78,32,-112,2041,362,2051,113
1390,2080,363,-32,0,2030,396,2050,258
1390,2081,279,16,-48,2040,151,2060,187
1390,2081,289,-32,16,2030,396,2050,258
1392,2080,521,48,0,2030,153,2060,292
1392,2080,525,80,0,2031,255,2060,301
1392,2081,123,64,0,2041,199,2060,292
1392,2081,127,80,-16,2031,255,2060,301
1393,2070,319,64,80,2031,343,2051,55
1393,2071,42,64,64,2031,343,2051,55
1393,2080,80,64,0,2040,171,2061,394
1394,2080,378,48,-16,2040,301,2060,160
1394,2081,95,48,-32,2040,301,2060,160
1395,2080,277,160,48,2031,149,2060,119
1395,2080,285,48,-16,2030,420,2061,64
1395,2081,185,160,48,2031,149,2060,119
1395,2081,194,48,-32,2030,420,2061,64
1396,2080,337,48,0,2040,51,2060,292
1396,2081,474,-16,0,2040,51,2050,397
1397,2080,218,-16,-32,2041,430,2060,319
1397,2081,122,-80,-16,2041,430,2050,182
1398,2080,353,0,-32,2041,204,2050,316
1400,2071,52,48,48,2040,241,2060,202
1400,2080,314,0,-16,2041,118,2050,360
1400,2081,0,0,-32,2041,118,2050,360
1401,2080,477,0,-16,2040,202,2050,440
1401,2081,131,0,-32,2040,202,2050,440
1402,2070,364,16,48,2040,258,2060,175
1402,2071,408,16,48,2040,258,2060,175
1403,2070,425,0,64,2040,134,2060,318
1403,2071,68,0,64,2040,134,2060,318
1403,2080,243,80,0,2041,453,2060,314
1403,2080,244,0,-48,2040,134,2060,318
1403,2080,248,0,0,2030,404,2050,179
1403,2081,93,80,-16,2041,453,2060,314
1403,2081,94,0,-48,2040,134,2060,318
1403,2081,99,0,0,2030,404,2050,179
1404,2080,330,16,0,2031,181,2060,226
1404,2080,341,0,16,2031,195,2050,390
1404,2081,414,0,0,2040,257,2050,376
1404,2081,425,0,0,2031,195,2050,390
1406,2070,543,0,96,2040,308,2051,177
1406,2071,115,0,80,2040,308,2051,177
1406,2080,260,-32,0,2040,319,2050,224
1406,2080,261,64,0,2041,509,2060,364
1406,2080,263,-16,0,2040,322,2050,227
1406,2081,570,0,-16,2040,319,2051,183
1406,2081,571,64,-16,2041,509,2060,364
1407,2070,535,16,96,2040,172,2060,381
1407,2071,574,16,96,2040,172,2060,381
1407,2080,310,64,0,2041,492,2060,366
1407,2080,322,-48,16,2040,172,2050,240
1407,2081,448,80,-32,2040,159,2060,366
1407,2081,460,-48,16,2040,172,2050,240
1408,2080,438,-16,0,2040,153,2050,293
1408,2080,449,32,0,2031,262,2061,203
1408,2080,459,0,0,2031,273,2050,313
1408,2080,466,16,-32,2041,350,2050,319
1408,2080,475,144,0,2031,289,2060,255
1408,2081,112,-16,-48,2040,153,2050,293
1408,2081,140,16,-32,2041,350,2050,319
1408,2081,150,144,0,2031,289,2060,255
1409,2080,204,-16,-16,2031,313,2050,240
1409,2081,120,-16,-16,2031,313,2050,240
1410,2070,464,64,96,2040,207,2060,163
1410,2071,174,64,96,2040,207,2060,163
1410,2080,327,16,-16,2031,95,2050,230
1410,2080,336,96,0,2031,108,2060,151
1410,2080,337,0,0,2041,408,2051,279
1410,2080,341,64,0,2030,71,2060,158
1410,2081,473,16,0,2031,95,2050,230
1410,2081,484,96,0,2031,108,2060,151
1410,2081,485,0,0,2041,408,2051,279
1410,2081,488,64,0,2030,71,2060,158
1411,2080,345,-16,-16,2040,245,2050,206
1411,2080,360,-16,0,2030,91,2050,238
1411,2081,1,-16,-16,2040,245,2050,206
1411,2081,16,32,0,2030,91,2060,178
1412,2080,207,-16,-16,2040,415,2050,262
1412,2080,209,32,-16,2041,487,2051,138
1412,2080,221,32,0,2030,464,2060,320
1412,2081,171,-16,-16,2040,415,2050,262
1412,2081,173,64,0,2040,416,2051,138
1413,2071,135,32,48,2040,228,2060,350
1413,2080,501,0,0,2041,384,2050,273
1413,2081,144,-16,-16,2031,302,2050,268
1413,2081,149,-16,0,2041,384,2051,452
1414,2080,401,32,-16,2041,463,2060,233
1414,2080,407,48,-16,2040,279,2060,237
1414,2080,417,0,-64,2040,293,2050,334
1414,2081,545,64,0,2030,140,2060,233
1414,2081,551,48,-16,2040,279,2060,237
1414,2081,560,0,-32,2040,293,2050,334
1415,2080,145,32,-32,2030,264,2061,72
1415,2080,153,16,0,2031,311,2060,341
1415,2080,167,0,0,2040,396,2050,124
1415,2081,231,32,-16,2030,264,2061,72
1415,2081,239,0,16,2041,209,2060,341
1415,2081,256,0,0,2040,396,2050,124
1416,2080,457,64,-16,2031,197,2060,158
1417,2080,138,-16,-80,2030,360,2050,54
1417,2080,147,16,-16,2031,306,2060,264
1417,2080,148,0,0,2030,381,2051,101
1417,2080,155,64,0,2040,426,2060,271
1417,2081,338,-32,0,2031,306,2050,66
1417,2081,339,0,0,2030,381,2051,101
1417,2081,346,64,0,2040,426,2060,271
1419,2070,456,-160,176,2030,476,2061,233
1419,2071,495,-160,192,2030,476,2061,233
1419,2080,352,0,0,2031,221,2050,137
1419,2081,104,16,-16,2040,293,2050,137
1420,2080,370,-16,0,2031,219,2050,267
1420,2081,628,80,0,2031,219,2060,169
1421,2080,380,-80,96,2030,346,2061,116
1421,2081,61,-80,80,2030,346,2061,116
1422,2080,420,0,-32,2031,185,2050,389
1422,2080,428,16,-16,2031,194,2050,397
1422,2080,430,32,0,2031,197,2060,232
1422,2081,120,0,-16,2031,185,2050,389
1422,2081,128,16,-16,2031,194,2050,397
1423,2080,411,0,16,2030,483,2050,368
1423,2080,427,48,0,2041,255,2060,344
1423,2080,432,64,0,2030,498,2060,349
1423,2081,143,0,0,2030,483,2050,368
1423,2081,156,64,0,2031,314,2060,344
1423,2081,161,64,0,2030,498,2060,349
1424,2080,280,-48,80,2040,170,2060,211
1424,2080,305,-80,160,2030,376,2060,234
1424,2081,384,-48,64,2040,170,2060,211
1424,2081,409,-80,176,2030,376,2060,234
1426,2080,442,-16,0,2031,129,2050,409
1426,2080,447,16,0,2040,292,2060,179
1426,2081,222,-16,0,2031,129,2050,409
1427,2080,358,0,0,2031,464,2050,319
1427,2081,560,0,0,2031,464,2050,319
1428,2070,570,16,64,2040,447,2060,283
1428,2071,577,16,48,2040,447,2060,283
1428,2080,197,-16,0,2031,327,2050,250
1428,2080,219,32,0,2040,484,2060,309
1428,2081,132,-16,0,2031,327,2050,250
1428,2081,154,32,0,2040,484,2060,309
1429,2080,243,64,64,2031,310,2050,160
1430,2080,524,64,0,2031,316,2060,350
1430,2080,533,32,-16,2030,215,2060,358
1430,2081,175,80,-16,2041,276,2060,350
1430,2081,185,32,-32,2030,215,2060,358
1432,2080,352,0,32,2031,182,2050,259
1432,2080,364,-16,0,2030,463,2050,276
1432,2080,368,64,-16,2040,238,2060,153
1432,2081,414,0,0,2031,182,2050,259
1432,2081,426,-16,0,2030,463,2050,276
1433,2080,325,48,-32,2041,402,2060,253
1433,2081,75,48,-32,2041,402,2060,253
1434,2070,425,64,-112,2040,255,2060,137
1434,2080,497,32,144,2041,442,2060,137
1434,2080,498,-16,-16,2040,256,2050,303
1434,2080,501,0,96,2040,259,2060,139
1434,2081,338,32,192,2041,442,2060,137
1434,2081,339,-16,0,2040,256,2050,303
1435,2080,396,0,-16,2030,431,2051,336
1435,2080,399,-32,0,2040,521,2050,155
1435,2080,408,-112,128,2031,263,2061,306
1435,2081,104,0,-16,2030,431,2051,336
1435,2081,107,-32,0,2040,521,2050,155
1436,2070,560,-16,80,2040,129,2050,174
1436,2071,61,-16,80,2040,129,2050,174
1436,2080,244,64,-48,2040,96,2060,284
1436,2080,271,32,0,2040,135,2060,319
1436,2081,415,64,-48,2040,96,2060,284
1436,2081,441,32,-16,2040,135,2060,319
1437,2080,218,48,0,2041,158,2060,300
1437,2081,391,48,0,2041,158,2060,300
1438,2080,202,0,-16,2030,446,2050,129
1438,2080,211,-16,0,2040,98,2051,168
1438,2081,311,0,16,2041,349,2051,163
1438,2081,318,-16,0,2040,98,2051,168
1439,2071,522,-80,192,2031,201,2050,317
1439,2080,428,-80,80,2031,201,2050,317
1439,2080,436,64,-16,2030,173,2060,245
1439,2080,455,0,0,2031,230,2050,342
1439,2081,118,-80,80,2031,201,2050,317
1439,2081,126,64,-32,2030,173,2060,245
1439,2081,144,0,0,2031,230,2050,342
1440,2080,276,-48,-48,2040,333,2050,240
1440,2081,133,-48,-16,2040,333,2050,240
1442,2080,402,48,-48,2030,179,2050,374
1442,2081,336,48,-16,2030,179,2050,374
1444,2080,144,32,-16,2031,309,2060,260
1444,2080,154,48,0,2031,329,2060,284
1444,2081,236,32,-16,2031,309,2060,260
1444,2081,245,0,-32,2041,439,2050,125
1445,2080,457,0,-32,2041,227,2050,415
1445,2081,135,0,-32,2041,227,2050,415
1446,2080,325,-48,16,2040,414,2050,179
1446,2080,342,32,0,2030,383,2050,193
1446,2081,148,-48,16,2040,414,2050,179
1447,2070,539,0,112,2041,498,2050,280
1447,2071,595,0,112,2041,498,2050,280
1448,2081,516,-16,0,2040,367,2050,156
1449,2080,232,-32,-16,2040,388,2051,176
1449,2080,236,-16,0,2030,127,2050,281
1449,2081,96,-64,0,2040,388,2050,278
1449,2081,101,48,0,2030,127,2060,317
1450,2080,384,0,-48,2031,321,2050,435
1450,2080,390,0,16,2041,191,2060,360
1450,2081,285,0,-32,2031,321,2050,435
1450,2081,291,0,0,2041,191,2060,360
1451,2070,363,0,64,2040,353,2060,312
1451,2071,101,0,64,2040,353,2060,312
1451,2080,406,0,-16,2040,332,2050,467
1451,2080,409,64,0,2030,189,2061,529
1451,2080,425,-64,0,2040,353,2050,487
1451,2081,150,0,-16,2040,332,2050,467
1451,2081,153,48,0,2040,338,2061,529
1451,2081,167,144,0,2030,199,2050,485
1451,2081,168,-64,0,2040,353,2050,487
1452,2070,372,32,64,2031,150,2060,200
1452,2071,503,32,64,2031,150,2060,200
1452,2080,459,16,0,2040,240,2050,419
1452,2080,460,64,0,2031,151,2060,201
1452,2080,484,16,0,2040,267,2051,305
1452,2081,74,16,-16,2040,240,2050,419
1452,2081,75,64,-16,2031,151,2060,201
1452,2081,98,0,0,2030,134,2051,305
1453,2080,411,48,-32,2040,249,2050,293
1453,2080,432,0,0,2030,142,2050,309
1453,2081,545,48,-16,2040,249,2050,293
1453,2081,561,0,0,2030,142,2050,309
1455,2070,269,-64,64,2030,125,2061,433
1455,2071,79,-64,32,2030,125,2061,433
1455,2080,410,64,-16,2031,171,2060,212
1455,2080,411,32,-48,2031,172,2060,213
1455,2080,415,48,-16,2041,103,2060,217
1455,2081,60,64,0,2031,171,2060,212
1455,2081,61,32,-32,2031,172,2060,213
1455,2081,64,48,-48,2041,103,2060,217
1457,2080,172,48,0,2040,59,2061,261
1457,2080,178,-32,16,2040,67,2050,103
1457,2081,299,48,0,2040,59,2061,261
1457,2081,304,-32,16,2040,67,2050,103
1458,2080,292,32,0,2041,96,2060,332
1458,2081,150,-16,0,2041,96,2050,266
1459,2070,408,64,96,2030,449,2060,137
1459,2071,480,64,80,2030,449,2060,137
1459,2080,212,32,0,2030,445,2060,135
1459,2080,214,80,-16,2031,172,2060,137
1459,2080,220,64,0,2030,459,2060,143
1459,2081,55,48,-16,2031,168,2060,135
1459,2081,57,80,-16,2031,172,2060,137
1459,2081,63,80,0,2031,183,2060,143
1460,2080,555,64,0,2041,220,2060,320
1460,2080,558,64,-32,2040,372,2060,322
1460,2081,178,64,-16,2041,220,2060,320
1460,2081,181,64,0,2040,372,2060,322
1461,2080,304,80,0,2031,172,2060,131
1461,2081,407,80,0,2031,172,2060,131
1462,2080,333,32,0,2030,504,2050,270
1462,2080,337,48,0,2040,191,2060,148
1462,2080,339,0,16,2040,194,2060,151
1462,2081,481,32,0,2030,504,2050,270
1462,2081,484,48,-16,2040,191,2060,148
1462,2081,487,0,16,2040,194,2060,151
1463,2080,371,0,0,2030,164,2050,329
1463,2081,118,16,0,2041,422,2050,329
1465,2080,155,64,0,2030,474,2060,291
1465,2080,157,0,0,2040,218,2050,126
1465,2080,166,48,0,2030,488,2050,131
1465,2080,174,-16,0,2031,351,2050,141
1465,2081,254,64,0,2030,474,2060,291
1465,2081,256,0,-16,2040,218,2050,126
1465,2081,265,48,0,2030,488,2050,131
1465,2081,272,64,0,2031,351,2060,308
1466,2080,404,64,16,2041,197,2060,460
1466,2080,406,16,-16,2030,131,2050,375
1466,2080,418,96,0,2040,354,2060,479
1466,2081,100,64,0,2041,197,2060,460
1466,2081,102,16,-32,2030,131,2050,375
1466,2081,114,96,-16,2040,354,2060,479
1467,2070,542,48,96,2041,489,2051,135
1467,2071,591,48,112,2041,489,2051,135
1467,2080,303,80,0,2031,259,2060,220
1467,2080,315,48,16,2041,489,2051,135
1467,2080,322,32,16,2031,281,2060,241
1467,2081,563,80,0,2031,259,2060,220
1467,2081,576,48,0,2041,489,2051,135
1467,2081,583,0,0,2030,464,2050,382
1469,2080,136,0,-32,2040,403,2060,370
1469,2080,137,0,16,2030,179,2050,69
1469,2080,143,64,0,2031,336,2060,376
1469,2081,228,0,0,2030,165,2051,81
1469,2081,244,-64,16,2040,403,2050,68
1469,2081,245,0,16,2030,179,2050,69
1469,2081,251,80,-16,2030,189,2060,376
1470,2080,345,-16,0,2041,217,2050,151
1470,2081,427,48,0,2041,217,2060,80
1471,2080,486,-96,32,2040,174,2050,236
1471,2080,488,16,0,2040,177,2050,243
1471,2080,489,0,0,2030,132,2051,431
1471,2081,607,-96,32,2040,174,2050,236
1471,2081,609,16,-16,2040,177,2050,243
1471,2081,610,0,0,2030,132,2051,431
1472,2080,527,-32,0,2031,219,2050,350
1472,2080,529,48,0,2030,129,2060,276
1472,2080,557,16,0,2030,162,2050,375
1472,2080,558,16,32,2030,163,2051,589
1472,2081,470,-16,0,2031,219,2051,564
1472,2081,472,-16,0,2030,129,2050,356
1472,2081,501,16,0,2030,162,2050,375
1472,2081,502,16,32,2030,163,2051,589
1473,2080,420,-16,0,2031,111,2050,343
1473,2080,436,96,0,2040,217,2060,177
1473,2081,271,48,0,2031,111,2060,166
1473,2081,287,96,0,2040,217,2060,177
1474,2080,354,48,0,2041,163,2060,125
1474,2080,365,48,-16,2031,102,2060,136
1474,2081,409,32,0,2030,443,2060,125
1474,2081,421,48,0,2031,102,2060,136
1476,2080,302,-16,0,2030,479,2051,121
1476,2081,61,-16,0,2030,479,2051,121
1478,2080,350,48,0,2041,403,2060,190
1478,2081,247,48,-16,2041,403,2060,190
1479,2080,226,-48,0,2040,295,2050,190
1479,2081,70,-48,-64,2040,295,2050,190
1479,2081,86,-16,0,2031,396,2051,114
1480,2080,298,-16,-32,2040,357,2060,438
1480,2080,306,0,0,2031,405,2050,278
1480,2080,313,0,-16,2031,418,2050,285
1480,2081,126,-16,-32,2040,357,2060,438
1480,2081,134,0,-16,2031,405,2050,278
1480,2081,141,0,-16,2031,418,2050,285
1481,2080,563,96,0,2030,483,2060,219
1481,2080,566,16,0,2040,328,2050,530
1481,2081,127,96,-16,2030,483,2060,219
1481,2081,130,16,0,2040,328,2050,530
1482,2080,498,48,-32,2040,205,2060,397
1482,2081,427,48,-48,2040,205,2060,397
1483,2070,276,48,96,2030,112,2060,224
1483,2071,85,48,80,2030,112,2060,224
1483,2080,412,32,-16,2040,235,2050,379
1483,2080,414,-80,-80,2030,92,2060,203
1483,2081,330,32,-48,2040,235,2050,379
1483,2081,332,-80,-80,2030,92,2060,203
1484,2080,292,32,128,2031,488,2060,445
1484,2080,293,32,-64,2040,150,2060,447
1484,2080,324,16,0,2031,524,2050,234
1484,2081,374,32,112,2031,488,2060,445
1484,2081,375,32,-48,2040,150,2060,447
1485,2080,334,16,0,2031,252,2050,385
1485,2081,517,32,0,2030,87,2050,385
1486,2080,345,0,0,2041,386,2050,263
1486,2081,153,32,0,2040,227,2050,263
1488,2080,215,16,-32,2030,370,2050,185
1488,2080,217,80,176,2031,331,2051,146
1488,2080,228,32,0,2030,389,2060,312
1488,2081,97,16,-16,2030,370,2050,185
1488,2081,99,80,160,2031,331,2051,146
1488,2081,111,32,0,2030,389,2060,312
1490,2080,310,112,-32,2040,383,2060,185
1490,2080,325,-64,32,2040,414,2050,172
1490,2081,121,112,-32,2040,383,2060,185
1491,2081,139,0,-32,2031,310,2051,106
1493,2081,238,-32,16,2041,406,2051,298
1494,2070,427,-160,272,2040,482,2061,417
1494,2080,306,-160,-48,2040,482,2061,417
1494,2080,313,-16,-16,2041,172,2060,251
1494,2081,131,-160,-16,2040,482,2061,417
1494,2081,137,-16,-16,2041,172,2060,251
1495,2080,338,96,0,2040,134,2060,258
1495,2081,522,64,-16,2041,459,2060,258
1497,2080,208,64,0,2031,415,2060,455
1497,2080,217,16,-48,2040,138,2060,466
1497,2081,254,80,0,2030,289,2060,455
1497,2081,261,16,-48,2040,138,2060,466
1498,2080,383,-64,16,2040,226,2050,272
1498,2080,392,32,0,2040,235,2060,190
1498,2080,393,32,0,2030,99,2060,192
1498,2080,400,0,0,2040,250,2050,299
1498,2081,499,-16,0,2040,226,2060,181
1498,2081,508,0,0,2030,96,2050,281
1498,2081,509,32,0,2030,99,2060,192
1498,2081,511,-32,0,2031,145,2050,285
1499,2080,185,-16,0,2030,497,2050,234
1499,2080,187,-112,96,2031,315,2061,100
1499,2080,198,0,0,2030,508,2050,247
1499,2081,129,-16,0,2030,497,2050,234
1499,2081,131,-112,112,2031,315,2061,100
1499,2081,142,0,0,2030,508,2050,247
1500,2070,300,0,48,2040,195,2060,314
1500,2070,304,0,80,2040,213,2051,148
1500,2071,115,0,48,2040,195,2060,314
1500,2071,118,0,80,2040,213,2051,148
1500,2080,494,-48,0,2040,195,2050,451
1500,2080,499,16,-32,2040,211,2060,330
1500,2081,427,-48,-16,2040,195,2050,451
1500,2081,433,16,-32,2040,211,2060,330
1501,2070,350,144,96,2030,101,2050,250
1501,2071,357,144,80,2030,101,2050,250
1501,2080,432,64,-32,2040,166,2060,203
1501,2081,457,64,-48,2040,166,2060,203
1502,2070,537,0,48,2040,197,2060,324
1502,2071,544,0,64,2040,197,2060,324
1502,2080,256,0,0,2040,170,2050,214
1502,2080,264,112,-16,2030,451,2050,222
1502,2080,273,0,-32,2030,458,2050,233
1502,2080,275,-48,0,2040,197,2050,237
1502,2081,417,16,0,2041,484,2050,214
1502,2081,427,112,0,2030,451,2050,222
1502,2081,434,0,-16,2030,458,2050,233
1502,2081,436,-48,0,2040,197,2050,237
1503,2080,397,0,0,2030,96,2051,428
1503,2080,400,0,0,2040,216,2050,275
1503,2081,458,0,-16,2030,96,2051,428
1503,2081,461,0,-16,2040,216,2050,275
1505,2070,455,0,-64,2031,334,2050,173
1505,2080,201,32,-32,2041,403,2060,288
1505,2080,204,0,-16,2031,334,2050,173
1505,2080,210,-16,0,2041,416,2050,178
1505,2081,45,32,-16,2041,403,2060,288
1505,2081,48,0,-16,2031,334,2050,173
1505,2081,54,-16,0,2041,416,2050,178
1506,2080,411,32,16,2030,335,2050,378
1506,2080,423,64,0,2031,106,2050,393
1506,2081,313,32,0,2030,335,2050,378
1506,2081,325,80,0,2041,229,2050,393
1507,2080,337,96,0,2030,436,2060,101
1507,2080,352,64,0,2040,151,2060,112
1507,2081,306,80,16,2031,61,2060,101
1507,2081,322,64,0,2040,151,2060,112
1510,2080,128,80,0,2030,286,2060,176
1510,2080,142,16,0,2030,296,2050,107
1510,2081,398,80,-16,2030,286,2060,176
1510,2081,411,0,0,2040,358,2050,107
1512,2080,524,-16,-16,2030,151,2050,420
1512,2081,560,-16,-48,2030,151,2050,420
1515,2070,328,0,112,2030,92,2051,358
1515,2071,604,0,80,2030,92,2051,358
1515,2080,434,-16,0,2031,133,2050,505
1515,2081,398,-16,0,2031,133,2050,505
1516,2080,321,80,-48,2041,379,2060,104
1516,2081,349,80,-48,2041,379,2060,104
1517,2080,464,80,0,2031,290,2060,348
1517,2080,488,48,0,2041,197,2060,370
1517,2081,132,80,0,2031,290,2060,348
1517,2081,156,64,0,2030,611,2060,370
1518,2070,482,48,80,2030,79,2060,165
1518,2080,356,0,-16,2040,227,2050,276
1518,2081,194,0,0,2040,227,2050,276
1519,2080,192,-16,-16,2040,248,2050,157
1519,2081,446,-16,-16,2040,248,2050,157
1520,2080,257,96,0,2041,419,2060,312
1520,2081,85,80,0,2030,381,2060,312
1521,2080,361,16,0,2030,52,2060,146
1521,2080,385,96,0,2030,74,2060,171
1521,2080,390,160,-32,2040,222,2050,267
1521,2081,489,16,-16,2030,52,2060,146
1521,2081,515,64,-16,2031,124,2060,171
1521,2081,519,160,-64,2040,222,2050,267
1522,2080,565,32,-16,2031,245,2050,524
1522,2081,118,32,-32,2031,245,2050,524
1523,2080,433,16,16,2031,332,2050,234
1523,2081,184,16,16,2031,332,2050,234
1524,2080,311,64,-32,2040,385,2060,423
1524,2080,316,32,-16,2041,599,2060,430
1524,2081,627,64,-32,2040,385,2060,423
1524,2081,632,32,0,2041,599,2060,430
1525,2070,322,64,64,2040,293,2060,136
1525,2071,234,64,64,2040,293,2060,136
1526,2080,496,0,-16,2041,387,2050,464
1526,2081,210,0,-32,2041,387,2050,464
1528,2080,309,80,0,2041,480,2060,163
1528,2081,519,80,-16,2041,480,2060,163
1529,2070,504,0,64,2040,294,2060,208
1529,2071,512,0,64,2040,294,2060,208
1529,2080,374,16,32,2030,406,2050,162
1529,2081,67,16,16,2030,406,2050,162
1531,2080,337,32,32,2031,189,2050,387
1531,2081,437,32,16,2031,189,2050,387
1532,2070,166,32,64,2031,227,2060,269
1532,2071,86,32,48,2031,227,2060,269
1532,2080,369,16,-32,2040,97,2050,418
1532,2080,372,-128,96,2040,99,2050,421
1532,2080,373,-16,0,2030,336,2050,424
1532,2081,302,-128,112,2040,99,2050,421
1532,2081,303,-16,-32,2030,336,2050,424
1535,2080,414,-16,-16,2040,286,2050,193
1535,2080,427,80,-16,2040,304,2060,129
1535,2081,482,-16,-32,2040,286,2050,193
1535,2081,495,80,-16,2040,304,2060,129
1536,2080,364,48,-48,2031,428,2060,390
1536,2080,367,32,0,2031,434,2050,275
1536,2081,109,48,-48,2031,428,2060,390
1536,2081,112,32,-32,2031,434,2050,275
1537,2070,467,-32,112,2040,219,2050,253
1537,2080,348,-32,16,2040,219,2050,253
1537,2080,349,80,0,2031,145,2060,182
1537,2080,350,-16,0,2031,149,2050,257
1537,2081,477,-32,16,2040,219,2050,253
1537,2081,478,80,-16,2031,145,2060,182
1537,2081,479,-16,0,2031,149,2050,257
1538,2080,228,64,0,2031,335,2060,373
1538,2081,67,-16,0,2031,335,2051,101
1539,2070,326,16,96,2041,237,2050,386
1539,2071,156,16,64,2041,237,2050,386
1539,2080,415,-32,0,2031,160,2050,384
1539,2080,417,16,0,2041,237,2050,386
1539,2080,424,48,0,2040,290,2060,211
1539,2080,448,0,0,2040,323,2050,414
1539,2081,52,-32,-16,2031,160,2050,384
1539,2081,54,32,0,2031,162,2050,386
1539,2081,59,48,0,2040,290,2060,211
1539,2081,84,0,-16,2040,323,2050,414
1540,2080,197,-112,144,2031,340,2060,301
1540,2080,212,0,32,2031,354,2050,273
1540,2081,144,0,0,2031,354,2050,273
1541,2080,390,0,0,2030,152,2051,301
1541,2081,123,0,-16,2030,152,2051,301
1543,2080,313,64,16,2030,502,2060,233
1543,2081,122,64,16,2030,502,2060,233
1544,2080,339,64,0,2030,433,2060,167
1544,2080,343,64,0,2031,221,2061,254
1544,2080,352,32,0,2031,230,2050,143
1544,2081,390,64,0,2030,433,2060,167
1544,2081,395,64,-16,2031,221,2061,254
1544,2081,404,32,-16,2031,230,2050,143
1545,2080,186,-32,16,2040,240,2050,152
1545,2080,195,-16,-16,2040,257,2050,167
1545,2080,197,-16,-16,2031,412,2050,169
1545,2081,70,0,0,2040,257,2051,114
1546,2080,479,48,16,2030,528,2060,362
1546,2080,485,48,-16,2030,538,2060,377
1546,2081,409,48,-48,2030,538,2060,377
1548,2080,438,-16,0,2040,270,2050,404
1548,2080,439,16,0,2030,238,2050,405
1548,2080,443,16,-16,2030,246,2050,413
1548,2080,456,16,-64,2040,295,2060,203
1548,2081,96,64,0,2040,270,2060,187
1548,2081,97,0,0,2040,271,2050,405
1548,2081,102,16,-16,2030,246,2050,413
1548,2081,114,16,-32,2040,295,2060,203
1549,2080,151,-16,-144,2030,290,2050,73
1549,2080,163,48,0,2041,332,2060,199
1549,2081,431,64,0,2030,298,2060,199
1550,2080,421,0,-16,2031,140,2050,472
1550,2080,435,16,16,2040,334,2050,494
1550,2081,248,0,-16,2031,140,2050,472
1550,2081,263,16,0,2040,334,2050,494
1551,2080,305,0,-32,2040,171,2050,218
1551,2080,318,64,0,2030,472,2060,360
1551,2080,340,32,16,2040,214,2060,380
1551,2081,131,0,-48,2040,171,2050,218
1551,2081,144,64,0,2030,472,2060,360
1551,2081,165,32,16,2040,214,2060,380
1552,2080,252,48,0,2030,392,2060,280
1552,2081,88,48,-32,2030,392,2060,280
1553,2080,235,-16,0,2030,326,2050,296
1553,2081,479,-16,-128,2031,194,2050,280
1553,2081,487,-16,0,2030,326,2050,296
1554,2080,546,48,-16,2041,356,2060,254
1554,2081,160,48,-16,2041,356,2060,254
1556,2080,184,0,0,2030,399,2050,146
1556,2080,196,-16,-16,2031,338,2050,168
1556,2080,214,96,16,2041,468,2050,181
1556,2081,76,0,-32,2030,399,2050,146
1556,2081,105,112,-16,2040,275,2050,181
1557,2080,439,64,0,2040,348,2060,306
1557,2080,455,0,-32,2040,368,2050,510
1557,2081,109,80,0,2030,173,2060,306
1557,2081,125,0,-32,2040,368,2050,510
1558,2081,426,-16,-16,2030,459,2050,211
1559,2080,294,160,-16,2030,401,2050,120
1559,2080,302,-16,-16,2031,448,2050,125
1559,2081,359,160,-32,2030,401,2050,120
1559,2081,367,16,0,2031,448,2060,489
1560,2080,420,0,0,2031,277,2060,231
1560,2080,423,16,16,2030,122,2050,197
1560,2081,538,16,0,2030,122,2050,197
1561,2080,123,-48,0,2031,244,2050,43
1561,2080,138,0,0,2030,183,2050,62
1561,2080,147,16,0,2031,272,2050,70
1561,2081,410,-48,-16,2031,244,2050,43
1561,2081,425,32,16,2031,258,2060,298
1561,2081,433,16,-16,2031,272,2050,70
1563,2080,302,16,0,2040,234,2060,128
1563,2081,54,-16,0,2031,166,2060,128
1564,2080,288,0,-16,2031,419,2050,200
1564,2080,292,-48,-48,2031,426,2050,202
1564,2080,294,0,-32,2040,166,2050,207
1564,2081,103,32,192,2030,366,2061,302
1564,2081,117,-32,0,2031,419,2051,235
1564,2081,122,-48,-48,2031,426,2050,202
1564,2081,124,0,-32,2040,166,2050,207
1565,2070,599,-48,128,2040,572,2050,315
1565,2070,606,96,144,2031,249,2060,207
1565,2071,158,-48,128,2040,572,2050,315
1565,2071,162,96,128,2031,249,2060,207
1565,2080,427,48,0,2041,464,2060,193
1565,2080,440,96,48,2031,249,2060,207
1565,2081,536,0,0,2031,235,2050,319
1565,2081,549,96,32,2031,249,2060,207
1566,2081,443,-64,144,2040,86,2060,241
1567,2080,309,-16,-32,2040,153,2050,248
1567,2080,314,16,0,2040,158,2050,252
1567,2080,316,64,0,2040,159,2061,565
1567,2080,326,64,-16,2041,407,2060,487
1567,2081,210,-16,-32,2040,153,2050,248
1567,2081,214,16,-16,2040,158,2050,252
1567,2081,216,64,0,2040,159,2061,565
1567,2081,226,64,-16,2041,407,2060,487
1568,2070,378,48,80,2040,77,2060,113
1568,2071,458,48,80,2040,77,2060,113
1568,2080,271,48,-16,2040,77,2060,113
1568,2081,390,48,-16,2040,77,2060,113
1569,2080,326,-32,16,2030,493,2050,244
1569,2080,342,48,-16,2030,518,2060,384
1569,2080,350,0,0,2031,445,2061,478
1569,2081,140,-32,0,2030,493,2050,244
1569,2081,157,48,-16,2030,518,2060,384
1569,2081,164,-16,0,2031,445,2060,392
1570,2080,596,64,-32,2040,443,2060,386
1570,2081,215,64,0,2040,443,2060,386
1571,2080,206,0,0,2040,78,2050,115
1571,2080,212,32,-48,2040,81,2060,244
1571,2081,344,16,0,2041,398,2050,115
1571,2081,350,32,-32,2040,81,2060,244
1572,2080,318,48,-16,2040,159,2060,427
1572,2080,323,-32,0,2040,167,2051,260
1572,2080,333,48,16,2030,587,2050,232
1572,2081,134,48,-32,2040,159,2060,427
1572,2081,139,-16,0,2040,167,2050,214
1572,2081,148,48,48,2030,587,2050,232
1573,2080,407,32,-16,2031,118,2050,258
1573,2080,408,80,0,2041,323,2060,169
1573,2080,410,-16,0,2040,206,2050,263
1573,2080,424,-16,0,2030,94,2050,272
1573,2080,430,144,48,2040,235,2060,189
1573,2081,474,32,-16,2031,118,2050,258
1573,2081,475,80,-16,2041,323,2060,169
1573,2081,489,-16,0,2030,94,2050,272
1573,2081,496,144,32,2040,235,2060,189
1574,2080,308,-16,-80,2031,181,2051,256
1574,2081,538,-16,-64,2031,181,2051,256
1574,2081,553,16,0,2030,518,2050,118
1575,2070,590,16,16,2040,565,2060,340
1575,2080,203,48,16,2040,540,2060,317
1575,2080,219,0,0,2041,513,2050,281
1575,2080,224,-16,-32,2041,517,2050,286
1575,2080,235,48,-32,2040,576,2060,348
1575,2081,410,48,16,2040,540,2060,317
1575,2081,425,0,0,2041,513,2050,281
1575,2081,432,-16,-48,2041,517,2050,286
1575,2081,441,48,-16,2040,576,2060,348
1576,2071,492,32,128,2040,75,2050,409
1576,2080,444,32,32,2040,75,2050,409
1576,2081,215,32,64,2040,75,2050,409
1577,2080,284,0,0,2031,240,2050,322
1577,2080,285,64,0,2040,167,2060,206
1577,2080,297,0,0,2041,408,2050,338
1577,2080,298,48,48,2040,184,2050,340
1577,2081,450,0,16,2031,240,2050,322
1577,2081,451,64,0,2040,167,2060,206
1577,2081,463,0,0,2041,408,2050,338
1577,2081,464,48,32,2040,184,2050,340
1578,2070,470,16,64,2041,420,2060,335
1578,2071,539,16,64,2041,420,2060,335
1579,2080,408,-32,0,2040,74,2050,378
1579,2081,268,-32,-32,2040,74,2050,378
1580,2080,451,0,16,2040,283,2050,419
1580,2081,95,0,16,2040,283,2050,419
1581,2080,397,80,0,2030,116,2060,199
1581,2080,402,48,-16,2030,119,2060,205
1581,2080,405,16,0,2040,80,2051,335
1581,2080,416,-32,16,2040,91,2050,471
1581,2081,363,0,0,2040,72,2050,452
1581,2081,368,48,-48,2030,119,2060,205
1581,2081,371,-16,0,2040,80,2050,459
1581,2081,381,-32,16,2040,91,2050,471
1583,2080,363,80,0,2031,150,2060,186
1583,2080,371,-144,-80,2031,160,2060,195
1583,2081,419,96,-16,2030,64,2060,186
1583,2081,427,-144,-80,2031,160,2060,195
1585,2080,145,0,-16,2041,462,2051,121
1585,2080,163,96,0,2031,279,2060,238
1585,2081,319,0,-16,2041,462,2051,121
1585,2081,336,64,-16,2041,487,2060,238
1586,2070,243,0,64,2040,139,2060,293
1586,2071,326,0,64,2040,139,2060,293
1586,2081,381,0,0,2031,284,2050,414
1587,2080,358,-160,-16,2030,258,2050,328
1587,2080,365,0,0,2031,205,2051,141
1589,2070,350,128,112,2041,309,2060,252
1589,2071,387,128,96,2041,309,2060,252
1590,2080,290,80,0,2040,395,2060,206
1590,2081,504,80,0,2040,395,2060,206
1591,2080,126,0,0,2041,496,2050,187
1591,2080,137,0,0,2040,410,2050,202
1591,2080,150,16,0,2031,324,2050,221
1591,2081,456,0,-16,2041,496,2050,187
1591,2081,466,-32,0,2040,410,2051,93
1591,2081,478,16,-16,2031,324,2050,221
1592,2070,361,16,80,2041,307,2060,379
1592,2080,553,32,0,2031,424,2060,379
1592,2080,561,0,0,2030,173,2050,520
1592,2080,563,64,0,2031,439,2060,395
1592,2080,572,32,0,2030,188,2050,534
1592,2081,130,32,0,2031,424,2060,379
1592,2081,140,-16,0,2031,439,2050,526
1592,2081,148,0,0,2040,242,2050,534
1593,2080,305,16,0,2031,375,2050,178
1593,2081,209,0,0,2040,144,2050,178
1594,2070,303,16,64,2040,196,2060,165
1594,2071,423,16,80,2040,196,2060,165
1594,2071,426,16,64,2031,143,2051,240
1594,2080,358,-16,0,2030,68,2050,325
1594,2080,362,-16,0,2040,202,2060,168
1594,2080,366,0,0,2040,209,2050,331
1594,2080,368,64,16,2041,278,2060,176
1594,2081,104,-16,-16,2030,68,2050,325
1594,2081,108,-16,-16,2040,202,2060,168
1594,2081,112,0,0,2040,209,2050,331
1594,2081,113,80,0,2040,213,2060,176
1595,2080,234,0,0,2040,334,2050,189
1595,2080,254,-16,-16,2041,174,2051,98
1595,2081,46,0,-16,2040,334,2050,189
1595,2081,66,-16,-16,2041,174,2051,98
1596,2080,260,48,0,2040,120,2060,290
1596,2080,283,48,0,2040,151,2060,324
1596,2081,485,64,0,2031,331,2060,290
1596,2081,508,48,0,2040,151,2060,324
1600,2080,219,-16,0,2031,292,2051,167
1600,2081,373,16,0,2031,292,2060,252
1601,2080,299,-144,-16,2031,175,2060,130
1601,2081,101,-144,-32,2031,175,2060,130
1602,2070,338,16,48,2031,232,2060,189
1602,2071,440,16,80,2031,232,2060,189
1602,2080,153,0,-16,2040,8,2050,61
1602,2080,156,48,0,2040,13,2060,193
1602,2081,453,0,-16,2040,8,2050,61
1602,2081,456,32,0,2031,239,2060,193
1603,2070,476,-128,224,2031,347,2060,309
1603,2071,112,-48,192,2030,531,2060,309
1603,2080,299,-16,0,2041,520,2050,225
1603,2081,448,-16,-16,2041,520,2050,225
1604,2080,476,0,0,2031,180,2051,414
1604,2081,106,0,0,2030,249,2050,444
1605,2070,463,112,256,2040,436,2050,72
1606,2070,291,0,80,2041,240,2060,417
1606,2071,433,32,0,2030,265,2060,404
1606,2071,435,0,80,2041,240,2060,417
1606,2080,446,-16,0,2030,265,2051,195
1606,2080,458,-32,-96,2031,380,2050,515
1606,2080,460,16,-16,2031,383,2060,417
1606,2081,161,-16,0,2030,265,2051,195
1606,2081,173,-32,-80,2031,380,2050,515
1606,2081,176,-48,16,2031,383,2051,206
1607,2070,313,-16,48,2040,211,2060,158
1607,2071,516,-16,48,2040,211,2060,158
1607,2080,438,-64,0,2040,211,2050,410
1607,2080,457,-16,-16,2040,247,2050,432
1607,2081,353,-64,0,2040,211,2050,410
1607,2081,373,-16,0,2040,247,2050,432
1608,2080,205,64,0,2041,92,2060,322
1608,2080,212,48,16,2041,95,2060,326
1608,2080,221,-32,16,2030,445,2050,190
1608,2080,225,-16,0,2031,378,2050,192
1608,2080,229,-16,0,2031,383,2050,198
1608,2081,397,-16,0,2041,92,2050,175
1608,2081,404,48,16,2041,95,2060,326
1608,2081,413,48,0,2030,445,2060,336
1608,2081,417,-16,-16,2031,378,2050,192
1608,2081,423,-16,0,2031,383,2050,198
1609,2080,398,32,-16,2040,288,2050,328
1609,2081,107,32,0,2040,288,2050,328
1610,2080,144,-16,-32,2040,274,2050,71
1610,2080,151,48,16,2031,221,2060,189
1610,2080,153,-48,80,2041,320,2050,83
1610,2081,360,-16,-16,2040,274,2050,71
1610,2081,366,48,0,2031,221,2060,189
1610,2081,369,-48,64,2041,320,2050,83
1611,2070,614,64,128,2030,375,2050,292
1611,2071,118,64,128,2030,375,2050,292
1611,2080,448,-16,-32,2031,213,2050,258
1611,2080,450,48,-16,2030,342,2060,181
1611,2080,457,0,0,2031,222,2050,270
1611,2080,487,-32,0,2040,424,2050,289
1611,2080,488,64,16,2030,375,2050,292
1611,2081,297,-16,-16,2031,213,2050,258
1611,2081,299,48,-16,2030,342,2060,181
1611,2081,305,0,-16,2031,222,2050,270
1611,2081,334,0,-16,2040,424,2051,516
1611,2081,336,64,16,2030,375,2050,292
1613,2080,107,0,0,2031,240,2050,153
1613,2080,126,64,-48,2040,343,2060,217
1613,2080,130,64,0,2040,348,2061,301
1613,2081,364,16,0,2030,475,2050,153
1613,2081,385,64,-16,2040,343,2060,217
1613,2081,389,64,-16,2040,348,2061,301
1614,2070,515,16,64,2030,407,2060,245
1614,2070,516,32,48,2030,412,2060,254
1614,2071,524,16,64,2030,407,2060,245
1614,2080,164,0,-16,2040,372,2051,131
1614,2080,174,32,-64,2031,314,2050,227
1614,2080,179,0,0,2040,398,2050,233
1614,2081,538,0,-32,2040,372,2051,131
1614,2081,547,32,-64,2031,314,2050,227
1614,2081,552,0,-16,2040,398,2050,233
1615,2080,215,0,-16,2040,77,2050,124
1615,2081,443,0,-16,2040,77,2050,124
1616,2080,237,16,0,2030,418,2050,211
1616,2081,140,16,0,2030,418,2050,211
1617,2070,327,16,48,2040,109,2060,242
1617,2071,552,16,32,2040,109,2060,242
1617,2080,469,0,-16,2041,276,2050,429
1617,2080,474,32,-16,2031,195,2060,242
1617,2081,384,0,-16,2041,276,2050,429
1617,2081,390,32,-32,2031,195,2060,242
1618,2080,337,64,0,2040,58,2060,305
1618,2080,350,48,16,2030,458,2060,315
1618,2080,351,64,-16,2031,279,2050,405
1618,2081,227,64,0,2040,58,2060,305
1618,2081,238,64,0,2041,147,2060,315
1618,2081,239,64,16,2031,279,2050,405
1619,2080,357,32,0,2040,85,2050,180
1619,2080,380,96,16,2031,275,2050,208
1620,2080,295,-48,192,2030,553,2060,398
1620,2080,300,32,16,2040,364,2060,401
1620,2080,315,48,0,2041,500,2061,176
1620,2081,185,48,-16,2040,341,2060,386
1620,2081,198,-48,192,2030,553,2060,398
1620,2081,202,32,0,2040,364,2060,401
1620,2081,215,48,0,2041,500,2061,176
1623,2080,405,64,-32,2031,295,2060,336
1623,2081,253,64,-16,2031,295,2060,336
1624,2080,235,16,0,2040,299,2060,344
1624,2080,252,-16,0,2040,319,2051,73
1624,2081,127,16,-16,2040,299,2060,344
1624,2081,143,-32,-16,2040,319,2050,215
1625,2080,370,48,0,2031,288,2060,318
1625,2080,374,0,-32,2031,298,2050,351
1625,2081,495,0,0,2030,220,2050,346
1625,2081,501,0,-16,2031,298,2050,351
1626,2080,200,-48,16,2031,323,2050,170
1626,2080,207,-32,-16,2031,331,2050,180
1626,2081,91,16,-16,2031,323,2060,286
1626,2081,98,16,-16,2031,331,2060,294
1627,2080,303,-16,0,2040,174,2050,215
1627,2081,133,-16,16,2040,174,2050,215
1628,2071,52,128,240,2031,98,2050,358
1628,2080,395,128,112,2031,98,2050,358
1628,2081,324,128,112,2031,98,2050,358
1628,2081,336,80,224,2040,166,2060,75
1629,2080,174,48,0,2030,487,2060,304
1629,2080,178,-16,-64,2031,263,2060,306
1629,2081,465,-16,-80,2031,263,2060,306
1630,2070,412,-128,48,2031,183,2061,98
1630,2071,85,-128,48,2031,183,2061,98
1630,2071,92,-32,128,2040,294,2060,167
1630,2080,519,-128,-80,2031,183,2061,98
1630,2080,529,48,0,2031,198,2060,149
1630,2080,531,16,16,2040,271,2050,490
1630,2080,543,-32,32,2040,294,2060,167
1630,2080,548,96,0,2041,467,2060,169
1630,2081,309,-128,-64,2031,183,2061,98
1630,2081,320,16,0,2040,269,2060,149
1630,2081,322,16,16,2040,271,2050,490
1630,2081,333,-32,16,2040,294,2060,167
1630,2081,338,96,0,2041,467,2060,169
1631,2080,465,48,-16,2031,136,2060,166
1631,2081,373,48,0,2031,136,2060,166
1633,2080,402,-64,0,2040,320,2050,359
1633,2080,409,48,0,2030,103,2060,182
1633,2080,411,32,0,2031,145,2060,189
1633,2081,69,-64,0,2040,320,2050,359
1633,2081,73,-16,0,2041,253,2051,216
1633,2081,75,48,0,2030,103,2060,182
1633,2081,77,0,-16,2030,106,2050,374
1634,2070,428,64,128,2041,440,2050,102
1634,2071,203,64,112,2041,440,2050,102
1634,2080,340,-16,0,2030,373,2051,299
1634,2080,344,64,32,2041,440,2050,102
1634,2081,213,-16,16,2030,373,2051,299
1634,2081,217,64,32,2041,440,2050,102
1635,2071,496,-80,192,2031,152,2060,192
1635,2080,427,-80,64,2031,152,2060,192
1635,2080,429,48,0,2040,227,2060,195
1635,2080,445,0,128,2040,257,2050,420
1635,2081,99,-80,48,2031,152,2060,192
1635,2081,101,48,0,2040,227,2060,195
1635,2081,117,0,48,2040,257,2050,420
1636,2071,107,16,48,2030,381,2060,277
1636,2080,236,0,0,2040,446,2050,148
1636,2080,239,0,0,2030,378,2051,194
1636,2080,241,0,0,2031,314,2050,158
1636,2081,119,-16,-16,2040,446,2051,187
1636,2081,123,0,0,2030,378,2051,194
1636,2081,125,0,-32,2031,314,2050,158
1637,2080,216,0,16,2030,395,2050,178
1637,2081,498,0,16,2030,395,2050,178
1638,2080,352,0,-16,2031,243,2050,168
1638,2081,102,0,0,2031,243,2050,168
1639,2080,186,0,0,2030,367,2050,140
1639,2080,187,-16,0,2041,408,2050,141
1639,2081,473,-16,0,2041,407,2051,88
1639,2081,474,16,0,2030,368,2050,141
1639,2081,492,-16,0,2031,354,2050,171
1642,2070,260,16,32,2031,148,2061,405
1642,2070,267,32,48,2030,98,2060,209
1642,2080,359,-16,0,2040,221,2051,297
1642,2080,375,-16,-16,2030,98,2050,350
1642,2081,42,-16,0,2040,221,2051,297
1642,2081,60,-16,-16,2030,98,2050,350
1643,2080,222,-48,32,2040,274,2050,186
1643,2080,231,80,-32,2040,283,2060,323
1643,2081,396,80,-32,2040,283,2060,323
1644,2080,343,-32,16,2031,508,2050,238
1644,2080,349,0,0,2031,512,2050,243
1644,2080,350,48,-16,2040,198,2060,472
1644,2080,357,0,0,2030,595,2050,253
1644,2080,364,16,0,2040,215,2050,263
1644,2080,366,48,0,2031,530,2060,492
1644,2081,158,-32,-16,2031,508,2050,238
1644,2081,164,0,-16,2031,512,2050,243
1644,2081,165,48,-16,2040,198,2060,472
1644,2081,172,0,0,2030,595,2050,253
1644,2081,179,16,0,2040,215,2050,263
1644,2081,181,48,-16,2031,530,2060,492
1646,2080,276,0,0,2030,400,2051,245
1646,2080,278,64,-16,2031,102,2060,68
1646,2080,295,16,0,2030,424,2050,237
1646,2081,306,64,16,2031,102,2060,68
1646,2081,324,16,0,2030,424,2050,237
1647,2080,423,16,-16,2030,271,2060,364
1647,2081,56,-32,-32,2031,301,2050,469
1647,2081,71,16,-32,2030,271,2060,364
1648,2070,555,32,48,2040,506,2061,466
1648,2070,556,48,80,2040,520,2060,235
1648,2071,411,48,80,2040,520,2060,235
1648,2080,376,-32,0,2040,506,2050,271
1648,2080,386,48,64,2040,520,2060,235
1648,2080,393,0,0,2030,441,2061,480
1648,2080,399,80,16,2031,203,2050,292
1648,2081,72,-32,-16,2040,506,2050,271
1648,2081,82,-48,-16,2041,127,2051,319
1648,2081,83,64,-16,2041,129,2060,235
1648,2081,90,0,16,2030,441,2061,480
1648,2081,95,16,48,2030,447,2050,292
1650,2080,398,16,0,2040,143,2060,505
1650,2080,424,0,16,2030,323,2050,386
1650,2081,110,16,0,2030,298,2050,364
1650,2081,134,0,-16,2030,323,2050,386
1651,2080,342,0,-16,2030,174,2050,104
1651,2080,352,0,-16,2040,72,2050,118
1651,2080,362,48,0,2040,87,2060,246
1651,2080,373,0,0,2030,209,2050,139
1651,2081,141,0,-16,2030,174,2050,104
1651,2081,151,0,-32,2040,72,2050,118
1651,2081,162,48,-16,2040,87,2060,246
1651,2081,173,0,0,2030,209,2050,139
1654,2080,280,-16,128,2040,337,2060,96
1654,2080,283,-16,0,2040,342,2050,184
1654,2080,294,-48,0,2040,353,2050,197
1654,2080,301,-16,-32,2041,408,2050,203
1654,2081,492,-16,96,2040,337,2060,96
1654,2081,494,-16,-16,2040,342,2050,184
1654,2081,505,-48,-32,2040,353,2050,197
1654,2081,513,-16,-32,2041,408,2050,203
1655,2080,309,-16,0,2030,516,2050,368
1655,2081,276,0,0,2030,516,2051,215
1656,2080,157,32,0,2030,312,2060,183
1656,2081,286,32,0,2030,312,2060,183
1657,2080,266,-48,0,2040,146,2050,180
1657,2081,517,-48,-16,2040,146,2050,180
1658,2080,313,64,0,2030,346,2060,111
1658,2081,479,64,0,2030,346,2060,111
1660,2080,493,0,0,2030,167,2051,393
1660,2080,502,64,16,2031,366,2060,327
1660,2080,504,64,0,2031,368,2060,330
1660,2080,509,48,0,2040,220,2060,337
1660,2080,516,48,-32,2040,225,2060,342
1660,2081,115,-16,0,2030,167,2050,463
1660,2081,124,64,-32,2031,366,2060,327
1660,2081,126,-16,0,2031,368,2051,398
1660,2081,138,48,-48,2040,225,2060,342
1661,2081,148,16,0,2030,503,2050,228
1663,2080,312,16,32,2031,210,2050,136
1663,2080,326,0,0,2040,359,2050,153
1663,2081,375,16,32,2031,210,2050,136
1663,2081,390,0,0,2040,359,2050,153
1663,2081,394,-32,0,2041,464,2050,158
1664,2080,347,16,-32,2031,150,2050,319
1664,2081,293,16,-48,2031,150,2050,319
1665,2070,532,16,80,2040,420,2060,170
1665,2070,537,0,48,2041,505,2051,273
1665,2071,113,16,80,2040,420,2060,170
1665,2080,302,16,-16,2040,455,2050,349
1665,2081,409,16,0,2040,455,2050,349
1666,2080,437,-32,0,2040,204,2050,402
1666,2080,453,16,0,2031,147,2060,181
1666,2081,94,-32,0,2040,204,2050,402
1666,2081,111,32,0,2030,339,2060,181
1667,2080,378,0,0,2031,297,2050,427
1667,2081,159,0,0,2031,297,2050,427
1670,2080,192,0,32,2040,427,2060,390
1670,2080,202,0,64,2030,266,2060,400
1670,2080,215,96,0,2040,466,2060,407
1670,2081,516,0,64,2030,266,2060,400
1670,2081,527,96,-16,2040,466,2060,407
1671,2080,225,-16,0,2031,309,2050,144
1671,2081,448,-16,0,2031,309,2050,144
1672,2070,537,16,96,2040,180,2050,225
1672,2071,624,16,96,2040,180,2050,225
1672,2080,388,-32,0,2030,429,2050,200
1672,2080,396,0,-16,2040,163,2050,212
1672,2080,399,64,-16,2031,294,2060,254
1672,2080,417,0,16,2041,495,2051,354
1672,2081,547,0,-16,2030,429,2051,329
1672,2081,555,0,-16,2040,163,2050,212
1672,2081,558,96,-16,2030,439,2060,254
1672,2081,569,32,48,2040,171,2051,349
1672,2081,575,0,0,2041,495,2051,354
1674,2070,315,144,-16,2031,384,2061,408
1674,2071,70,144,-16,2031,384,2061,408
1675,2070,306,0,48,2041,209,2060,176
1675,2070,308,16,80,2031,135,2050,406
1675,2071,105,0,48,2041,209,2060,176
1675,2080,439,16,-48,2040,357,2060,176
1675,2080,443,32,0,2030,555,2050,406
1675,2081,282,16,-48,2040,357,2060,176
1675,2081,286,32,-16,2030,555,2050,406
1676,2080,411,16,0,2031,246,2050,279
1676,2081,545,-16,0,2040,362,2050,279
1679,2080,448,32,0,2040,161,2060,318
1681,2080,363,0,0,2041,96,2051,322
1681,2081,38,0,0,2041,96,2051,322
1682,2080,129,0,0,2030,303,2050,177
1682,2081,204,16,-16,2040,265,2050,177
1683,2080,444,48,0,2030,248,2060,339
1683,2080,454,0,0,2040,142,2050,224
1683,2081,505,48,-16,2030,248,2060,339
1685,2080,258,-160,144,2041,155,2060,379
1685,2080,268,-16,-16,2041,161,2050,225
1685,2080,277,16,0,2041,175,2050,237
1685,2081,57,-160,128,2041,155,2060,379
1685,2081,65,-16,0,2041,161,2050,225
1685,2081,74,16,0,2041,175,2050,237
1686,2080,377,0,0,2031,154,2050,82
1686,2080,387,16,0,2031,169,2060,128
1686,2081,437,0,-16,2031,154,2050,82
1686,2081,448,16,0,2031,169,2060,128
1687,2080,447,-16,0,2030,390,2050,314
1687,2080,467,16,0,2030,413,2050,344
1687,2081,359,16,0,2030,390,2060,224
1687,2081,363,0,-16,2030,394,2050,321
1687,2081,379,0,0,2041,551,2050,344
1688,2080,540,-16,0,2031,306,2050,502
1688,2080,550,-32,0,2030,358,2050,511
1688,2080,563,16,0,2030,364,2051,200
1688,2081,151,-16,-16,2031,306,2050,502
1688,2081,170,16,0,2030,364,2051,200
1689,2080,248,-16,0,2041,423,2050,217
1689,2081,128,-16,0,2041,423,2050,217
1690,2070,222,0,64,2040,181,2060,127
1690,2071,416,0,64,2040,181,2060,127
1690,2080,310,-16,-16,2040,181,2051,339
1690,2080,329,16,-16,2031,111,2060,144
1690,2081,365,-64,16,2040,181,2050,259
1690,2081,384,16,-16,2031,111,2060,144
1691,2080,550,16,0,2031,455,2050,263
1691,2080,558,16,0,2030,317,2060,502
1691,2080,564,0,-16,2031,471,2051,595
1691,2081,168,32,-16,2030,307,2050,263
1691,2081,176,32,-16,2040,232,2060,502
1691,2081,182,0,-16,2031,471,2051,595
1692,2080,189,-16,-32,2040,269,2050,150
1692,2080,201,-64,96,2041,82,2061,19
1692,2081,103,16,0,2040,269,2051,35
1693,2080,202,32,-80,2040,445,2061,310
1693,2081,330,-32,0,2031,272,2050,111
1693,2081,340,32,-64,2040,445,2061,310
1694,2080,167,48,0,2030,349,2060,255
1694,2080,170,64,0,2040,227,2061,94
1694,2081,322,48,0,2030,349,2060,255
1694,2081,325,-32,0,2040,227,2050,139
1695,2071,522,16,80,2030,414,2050,157
1695,2080,171,-32,-16,2030,397,2051,52
1695,2080,190,16,0,2030,414,2050,157
1695,2081,360,-32,-16,2030,397,2051,52
1695,2081,378,32,0,2031,332,2050,157
1697,2080,374,-16,0,2041,449,2050,180
1697,2081,66,-16,0,2041,449,2050,180
1698,2070,478,16,96,2040,436,2060,402
1698,2071,88,16,80,2040,436,2060,402
1698,2080,220,-16,-112,2030,282,2050,136
1698,2080,226,0,0,2030,289,2051,179
1698,2081,253,-16,-128,2030,282,2050,136
1698,2081,259,0,0,2040,456,2050,146
1699,2070,368,80,48,2041,332,2060,248
1699,2071,302,80,32,2041,332,2060,248
1699,2080,177,48,-16,2031,266,2060,231
1699,2080,196,96,-16,2030,451,2060,248
1699,2080,202,0,112,2041,340,2061,224
1699,2081,376,48,-16,2031,266,2060,231
1699,2081,395,80,0,2041,332,2060,248
1700,2080,331,-16,-16,2030,225,2050,306
1701,2080,423,80,0,2041,565,2060,199
1701,2080,427,80,-16,2041,573,2060,205
1701,2080,431,-48,16,2040,347,2050,291
1701,2081,131,64,32,2040,332,2060,199
1701,2081,135,80,-32,2041,573,2060,205
1702,2080,375,32,-16,2030,418,2060,80
1702,2080,382,80,0,2030,423,2060,85
1702,2080,392,32,0,2030,433,2051,335
1702,2081,193,32,-16,2030,418,2060,80
1702,2081,199,80,0,2030,423,2060,85
1702,2081,210,0,0,2040,257,2050,304
1703,2070,397,48,128,2030,153,2050,416
1703,2071,507,48,128,2030,153,2050,416
1703,2080,441,-16,0,2031,174,2060,215
1703,2080,444,48,0,2040,260,2061,80
1703,2081,106,-16,16,2031,174,2060,215
1703,2081,110,48,-16,2040,260,2061,80
1704,2080,441,-32,-32,2040,192,2050,510
1704,2081,119,-32,-16,2040,192,2050,510
1705,2070,583,16,48,2030,490,2060,341
1705,2071,595,16,48,2030,490,2060,341
1705,2080,411,96,0,2031,281,2060,327
1705,2080,424,-48,0,2040,244,2050,199
1705,2081,150,80,0,2040,229,2060,327
1705,2081,164,-48,0,2040,244,2050,199
1706,2080,416,80,-16,2031,156,2060,191
1706,2081,221,80,-16,2031,156,2060,191
1707,2080,453,-16,-48,2031,110,2050,224
1707,2080,455,-48,16,2040,359,2050,231
1707,2080,478,-32,0,2031,147,2051,425
1707,2081,307,-16,-32,2031,110,2050,224
1707,2081,310,-48,16,2040,359,2050,231
1707,2081,333,0,0,2030,524,2050,254
1708,2080,414,-16,0,2031,455,2050,284
1708,2080,415,32,16,2031,456,2060,501
1708,2081,193,-16,-16,2031,455,2050,284
1708,2081,194,0,-16,2030,154,2050,285
1709,2080,139,32,176,2040,202,2060,300
1709,2080,142,0,16,2030,491,2050,105
1709,2081,446,32,192,2040,202,2060,300
1710,2070,534,32,80,2040,243,2060,428
1710,2070,540,16,48,2030,124,2060,449
1710,2071,88,32,64,2040,243,2060,428
1710,2071,89,32,96,2040,249,2060,432
1710,2071,94,16,48,2030,124,2060,449
1710,2080,333,0,0,2031,376,2050,296
1710,2080,334,32,0,2040,249,2060,432
1710,2080,343,0,16,2031,399,2050,309
1710,2080,350,-16,0,2031,407,2050,318
1710,2081,218,0,0,2031,376,2050,296
1710,2081,219,32,-16,2040,249,2060,432
1710,2081,228,0,0,2031,399,2050,309
1710,2081,236,-16,0,2031,407,2050,318
1711,2080,398,32,-16,2030,80,2060,271
1711,2081,426,32,-16,2030,80,2060,271
1711,2081,449,0,-16,2040,152,2050,348
1713,2070,244,32,32,2030,304,2060,71
1713,2071,50,32,32,2030,304,2060,71
1713,2080,351,48,-48,2041,185,2060,68
1713,2080,354,0,0,2031,108,2051,272
1713,2080,356,0,0,2041,194,2050,334
1713,2081,150,48,-32,2041,185,2060,68
1713,2081,153,0,0,2031,108,2051,272
1713,2081,155,16,0,2031,111,2050,334
1714,2080,169,64,-16,2031,302,2060,267
1714,2080,177,-16,0,2031,313,2050,239
1714,2081,492,64,0,2031,302,2060,267
1714,2081,499,-16,0,2031,313,2050,239
1716,2080,367,16,0,2031,110,2050,299
1716,2081,424,0,0,2030,203,2050,299
1717,2070,489,32,80,2041,402,2060,143
1717,2071,96,32,96,2041,402,2060,143
1717,2080,291,0,0,2030,368,2050,111
1717,2081,332,0,0,2030,368,2050,111
1718,2080,329,80,0,2030,540,2060,425
1718,2080,345,-16,-16,2031,402,2051,178
1718,2081,199,80,0,2030,540,2060,425
1718,2081,215,-16,-16,2031,402,2051,178
1719,2070,320,64,48,2040,188,2060,152
1719,2071,448,64,32,2040,188,2060,152
1719,2080,327,32,32,2040,180,2050,373
1720,2080,232,32,-16,2030,422,2050,128
1720,2081,386,32,-16,2030,422,2050,128
1721,2070,405,48,80,2031,298,2060,339
1721,2071,127,48,96,2031,298,2060,339
1721,2080,513,32,0,2030,172,2060,311
1721,2080,517,48,0,2040,357,2060,313
1721,2080,540,-48,16,2031,298,2050,503
1721,2081,135,48,-16,2040,357,2060,313
1721,2081,157,-48,0,2031,298,2050,503
1722,2080,265,16,32,2031,343,2050,181
1722,2080,271,0,0,2031,350,2051,221
1722,2081,427,16,0,2031,343,2050,181
1722,2081,433,0,0,2031,350,2051,221
1723,2080,389,-160,-32,2031,231,2060,261
1723,2081,112,-160,-48,2031,231,2060,261
1724,2080,373,0,0,2040,221,2051,328
1724,2081,81,0,0,2031,130,2050,417
1729,2080,457,96,0,2030,206,2060,277
1729,2081,172,80,0,2031,246,2060,277
1730,2080,372,32,-32,2031,59,2060,105
1730,2080,373,32,0,2031,60,2060,106
1730,2080,378,64,-16,2040,229,2060,108
1730,2080,382,64,48,2040,234,2060,117
1730,2081,180,32,-48,2031,59,2060,105
1730,2081,181,48,0,2030,483,2060,106
1730,2081,185,64,-32,2040,229,2060,108
1730,2081,189,64,32,2040,234,2060,117
1731,2080,307,-32,0,2040,229,2050,148
1731,2080,318,-128,208,2030,349,2061,58
1731,2081,196,-32,-16,2040,229,2050,148
1731,2081,207,-128,208,2030,349,2061,58
1732,2080,415,0,0,2031,259,2050,168
1732,2080,439,-16,0,2031,291,2051,477
1732,2081,296,16,0,2040,363,2050,168
1732,2081,317,112,16,2040,393,2061,156
1733,2080,339,0,0,2030,87,2051,233
1733,2080,349,16,0,2031,134,2050,313
1733,2081,463,16,-16,2031,134,2050,313
1734,2080,168,0,0,2031,131,2050,210
1734,2080,177,16,0,2031,147,2050,219
1734,2081,375,0,-16,2031,131,2050,210
1734,2081,384,16,0,2031,147,2050,219
1736,2080,295,-16,-16,2031,545,2050,258
1736,2080,298,-112,-64,2031,547,2060,503
1736,2081,349,-112,-64,2031,547,2060,503
1737,2081,393,0,0,2030,77,2050,315
1737,2081,414,16,0,2030,106,2050,336
1738,2080,499,-32,32,2030,421,2061,551
1738,2080,513,0,-16,2030,440,2050,481
1738,2081,143,-32,16,2030,421,2061,551
1738,2081,156,0,-16,2030,440,2050,481
1739,2080,477,48,-32,2031,226,2060,275
1739,2081,200,48,-16,2031,226,2060,275
1740,2080,234,80,16,2030,516,2060,340
1740,2081,481,80,0,2030,516,2060,340
1741,2080,411,80,-16,2041,349,2060,281
1741,2081,121,80,0,2041,349,2060,281
1741,2081,127,112,16,2040,208,2060,288
1742,2080,450,0,-32,2040,158,2051,419
1742,2081,383,-16,96,2030,198,2060,345
1746,2080,247,-112,0,2040,163,2050,205
1746,2080,249,64,-16,2040,166,2060,361
1746,2081,135,64,0,2040,166,2060,361
1747,2080,459,-16,0,2030,325,2050,423
1748,2070,223,32,96,2041,76,2060,154
1748,2071,70,32,80,2041,76,2060,154
1748,2080,399,48,-32,2040,186,2060,154
1748,2081,47,48,-32,2040,186,2060,154
1749,2080,443,64,-32,2030,264,2060,194
1749,2080,461,0,0,2040,251,2050,318
1749,2081,497,64,-48,2030,264,2060,194
1751,2080,163,0,-32,2041,396,2050,131
1751,2081,467,0,-16,2041,396,2050,131
1752,2080,204,64,144,2040,346,2050,251
1752,2080,212,96,112,2041,107,2050,264
1752,2081,376,64,144,2040,346,2050,251
1752,2081,382,96,96,2041,107,2050,264
1754,2080,441,32,-64,2031,125,2060,161
1754,2081,229,32,-64,2031,125,2060,161
1755,2080,376,144,192,2041,435,2060,224
1755,2081,509,144,160,2041,435,2060,224
1756,2080,355,32,0,2040,300,2050,99
1756,2081,240,32,-16,2040,300,2050,99
1757,2070,406,64,80,2031,245,2060,279
1757,2071,474,64,80,2031,245,2060,279
1757,2080,280,16,0,2040,425,2050,330
1757,2080,295,0,-16,2030,104,2061,372
1757,2080,302,0,-16,2031,225,2050,344
1757,2080,311,16,-16,2031,237,2051,144
1757,2081,52,32,0,2031,207,2050,330
1757,2081,68,0,-16,2030,104,2061,372
1757,2081,76,0,-32,2031,225,2050,344
1757,2081,85,0,0,2041,182,2051,144
1759,2070,446,0,32,2041,364,2060,151
1759,2080,336,-48,16,2041,364,2050,112
1759,2080,337,-16,0,2030,475,2050,113
1759,2080,340,16,0,2030,482,2050,118
1759,2080,344,-16,-16,2041,385,2050,126
1759,2081,269,-48,16,2041,364,2050,112
1759,2081,270,16,-32,2040,411,2050,113
1759,2081,272,16,0,2030,482,2050,118
1759,2081,278,-16,0,2041,385,2050,126
1760,2080,238,48,16,2040,113,2060,160
1760,2080,240,-16,0,2040,114,2050,290
1760,2080,255,-16,0,2031,217,2050,302
1760,2081,399,-32,-16,2040,113,2050,289
1760,2081,400,-16,-16,2040,114,2050,290
1760,2081,413,-16,-16,2031,217,2050,302
1761,2080,438,-16,0,2031,349,2050,503
1761,2080,442,-16,0,2031,356,2050,507
1761,2081,583,-16,0,2031,349,2050,503
1761,2081,587,32,0,2031,356,2060,399
1762,2070,264,32,96,2030,338,2050,372
1762,2071,61,32,80,2030,338,2050,372
1762,2080,392,32,0,2040,225,2060,192
1762,2080,398,-96,0,2031,156,2051,297
1762,2080,407,32,0,2030,338,2050,372
1762,2081,75,48,0,2031,150,2060,192
1762,2081,80,-96,-16,2031,156,2051,297
1762,2081,89,32,0,2030,338,2050,372
1764,2080,386,-16,-32,2040,188,2050,340
1764,2080,398,0,-16,2041,90,2050,358
1764,2081,288,-16,0,2040,188,2050,340
1764,2081,300,0,-32,2041,90,2050,358
1765,2080,453,16,0,2040,316,2050,102
1765,2080,456,0,0,2031,190,2050,103
1765,2081,523,16,0,2040,316,2050,102
1765,2081,525,0,16,2031,190,2050,103
1766,2080,445,-48,16,2030,175,2050,496
1766,2080,456,0,-32,2040,341,2050,509
1766,2080,459,-16,-16,2040,346,2050,516
1766,2080,472,64,0,2030,200,2060,323
1766,2080,474,48,0,2030,201,2060,325
1766,2081,130,-80,0,2030,175,2051,394
1766,2081,140,0,0,2040,341,2050,509
1766,2081,143,-16,-16,2040,346,2050,516
1766,2081,155,64,-16,2030,200,2060,323
1766,2081,157,32,0,2031,280,2060,325
1767,2080,366,0,-16,2040,478,2050,413
1767,2081,129,0,-16,2040,478,2050,413
1768,2080,308,64,0,2040,172,2060,340
1768,2080,316,80,-16,2041,484,2060,351
1768,2081,541,64,-48,2040,172,2060,340
1768,2081,544,16,16,2041,474,2050,226
1768,2081,551,80,0,2041,484,2060,351
1771,2080,360,48,0,2040,427,2060,521
1771,2081,139,48,-32,2040,427,2060,521
1772,2070,272,16,-48,2031,115,2060,149
1772,2071,399,16,-48,2031,115,2060,149
1772,2080,319,-16,0,2030,66,2050,282
1772,2081,43,32,0,2030,66,2060,130
1773,2081,11,-80,80,2041,64,2060,152
1774,2080,411,-16,0,2031,195,2050,377
1774,2080,421,-32,-32,2040,316,2050,384
1774,2081,456,-16,0,2031,195,2050,377
1774,2081,464,-32,-32,2040,316,2050,384
1775,2080,116,-32,-32,2040,176,2050,49
1775,2080,133,0,16,2040,191,2050,60
1775,2080,139,112,-16,2030,273,2060,413
1775,2081,214,-32,0,2040,176,2050,49
1775,2081,232,0,0,2040,191,2050,60
1775,2081,237,112,-16,2030,273,2060,413
1776,2070,431,32,192,2031,336,2050,150
1776,2080,182,32,80,2031,336,2050,150
1776,2081,365,32,80,2031,336,2050,150
1778,2070,493,0,128,2040,472,2051,202
1778,2071,101,0,112,2040,472,2051,202
1778,2080,244,-32,16,2030,305,2050,159
1778,2080,246,64,0,2030,309,2060,425
1778,2080,253,0,0,2040,472,2051,202
1778,2081,279,-32,0,2030,305,2050,159
1778,2081,281,64,0,2030,309,2060,425
1778,2081,288,0,16,2040,472,2051,202
1779,2070,318,0,16,2041,262,2061,597
1779,2071,115,0,16,2041,262,2061,597
1779,2080,340,32,0,2031,484,2050,397
1779,2080,342,-80,16,2041,262,2050,399
1779,2080,362,0,0,2031,514,2050,424
1779,2081,136,32,0,2031,484,2050,397
1779,2081,138,-80,0,2041,262,2050,399
1779,2081,156,0,-32,2031,514,2050,424
1780,2070,208,-144,240,2031,265,2060,312
1780,2071,50,-144,240,2031,265,2060,312
1780,2080,178,16,-80,2041,242,2050,119
1780,2080,191,80,0,2030,371,2060,337
1780,2081,420,16,-80,2041,242,2050,119
1781,2080,364,32,0,2031,52,2060,98
1781,2080,374,48,-48,2031,62,2060,104
1781,2080,383,48,0,2031,73,2050,435
1781,2081,328,32,-16,2031,52,2060,98
1781,2081,339,48,-16,2031,62,2060,104
1782,2080,338,-32,16,2030,203,2050,382
1782,2081,171,-32,0,2030,203,2050,382
1783,2080,310,0,0,2030,456,2051,277
1783,2080,317,-16,0,2040,217,2050,367
1783,2080,337,0,0,2040,246,2050,385
1783,2081,425,0,-32,2030,456,2051,277
1783,2081,432,-16,0,2040,217,2050,367
1783,2081,451,0,-16,2040,246,2050,385
1786,2080,485,48,16,2031,273,2060,320
1786,2080,489,32,0,2031,277,2060,324
1786,2081,117,32,-16,2031,277,2060,324
1787,2080,319,80,0,2030,528,2060,487
1787,2081,152,0,0,2031,440,2050,243
1788,2080,346,48,0,2041,477,2060,259
1788,2080,367,160,-16,2031,237,2051,165
1788,2081,546,48,0,2041,477,2060,259
1788,2081,565,160,0,2031,237,2051,165
1789,2071,513,0,0,2031,119,2050,260
1789,2080,345,80,-16,2031,112,2060,151
1789,2080,347,-16,-16,2031,117,2050,256
1789,2080,348,0,16,2031,118,2051,292
1789,2080,350,0,-80,2031,119,2050,260
1789,2081,52,-32,0,2040,191,2050,237
1789,2081,72,80,-16,2031,112,2060,151
1789,2081,74,-16,-16,2031,117,2050,256
1789,2081,75,0,0,2031,118,2051,292
1790,2070,350,-32,96,2040,224,2060,175
1790,2071,545,-32,80,2040,224,2060,175
1790,2080,483,0,0,2041,271,2050,446
1790,2080,512,-32,16,2040,224,2060,175
1790,2081,383,-32,-16,2040,224,2060,175
1791,2080,557,64,0,2041,205,2060,165
1791,2080,558,32,0,2031,116,2060,167
1791,2080,561,-32,0,2040,349,2051,430
1791,2080,562,80,0,2030,274,2060,174
1791,2080,583,160,128,2031,148,2051,451
1791,2081,461,0,0,2031,115,2050,516
1791,2081,462,32,-16,2031,116,2060,167
1791,2081,463,-32,-16,2040,349,2051,430
1791,2081,464,80,-16,2030,274,2060,174
1791,2081,486,160,144,2031,148,2051,451
1792,2080,374,48,-32,2040,517,2060,204
1792,2081,115,48,-32,2040,517,2060,204
1793,2080,368,-32,0,2041,476,2051,255
1793,2080,370,-32,16,2031,148,2050,334
1793,2080,374,0,-16,2041,487,2050,337
1793,2080,390,112,32,2030,133,2050,356
1793,2081,225,-32,-32,2041,476,2051,255
1793,2081,231,0,0,2041,487,2050,337
1793,2081,244,0,0,2031,169,2050,353
1793,2081,246,112,16,2030,133,2050,356
1794,2080,231,0,-16,2040,282,2050,194
1794,2080,259,48,0,2040,333,2060,369
1794,2081,572,48,16,2040,333,2060,369
1795,2070,463,-32,112,2041,498,2051,364
1795,2071,431,-32,112,2041,498,2051,364
1795,2080,417,16,0,2040,290,2060,168
1796,2070,437,64,80,2031,176,2060,138
1796,2071,471,64,80,2031,176,2060,138
1796,2080,355,-16,-16,2040,257,2051,303
1796,2080,361,-32,0,2040,270,2050,229
1796,2081,456,-32,-48,2040,270,2050,229
1797,2080,359,-16,-32,2041,162,2050,272
1797,2081,547,-16,-48,2041,162,2050,272
1799,2071,259,48,64,2031,351,2061,80
1799,2080,177,32,0,2030,300,2050,234
1799,2080,191,0,-16,2030,311,2050,243
1799,2081,108,32,-16,2030,300,2050,234
1799,2081,120,0,0,2030,311,2050,243
1800,2080,389,-48,0,2040,187,2050,441
1800,2081,359,-48,0,2040,187,2050,441
1801,2080,310,32,0,2041,100,2060,368
1801,2081,496,48,0,2040,187,2060,368
1802,2070,405,16,64,2031,427,2060,472
1802,2071,491,16,64,2031,427,2060,472
1802,2080,278,16,0,2030,312,2050,139
1802,2080,281,-16,0,2040,197,2050,142
1802,2080,292,16,-32,2031,447,2060,481
1802,2080,293,0,16,2031,452,2050,150
1802,2081,162,16,0,2030,312,2050,139
1802,2081,165,-16,0,2040,197,2050,142
1802,2081,176,16,-16,2031,447,2060,481
1802,2081,177,0,16,2031,452,2050,150
1803,2080,271,16,0,2040,145,2051,184
1803,2080,279,16,0,2040,162,2060,342
1803,2080,280,16,0,2040,163,2050,318
1803,2080,287,-16,-16,2030,456,2050,325
1803,2081,116,16,0,2040,145,2051,184
1803,2081,123,-16,-16,2040,162,2050,317
1803,2081,124,48,0,2030,445,2050,318
1803,2081,131,-16,-16,2030,456,2050,325
1804,2080,417,-32,-16,2041,498,2060,210
1804,2081,556,-80,16,2041,498,2050,173
1805,2080,106,32,-16,2030,257,2060,166
1805,2081,282,32,-16,2030,257,2060,166
1806,2080,457,64,0,2040,354,2060,326
1806,2081,150,48,0,2031,278,2060,326
1807,2080,395,0,32,2030,265,2051,296
1807,2081,320,-64,64,2041,70,2050,359
1808,2080,514,0,0,2040,207,2050,172
1808,2081,119,0,0,2040,207,2050,172
1809,2080,486,-16,-16,2041,380,2050,544
1809,2081,129,32,0,2040,296,2050,544
1810,2070,496,-16,48,2040,107,2061,374
1810,2071,506,-16,32,2040,107,2061,374
1810,2080,249,48,-96,2031,329,2050,155
1810,2080,252,-32,0,2040,101,2050,160
1810,2081,536,48,-112,2031,329,2050,155
1810,2081,540,0,-16,2040,101,2051,193
1811,2070,481,80,80,2040,380,2060,539
1811,2071,122,80,80,2040,380,2060,539
1811,2080,301,80,0,2040,380,2060,539
1811,2080,325,0,-16,2030,364,2051,273
1811,2081,167,80,-16,2040,380,2060,539
1811,2081,190,-32,0,2030,364,2050,234
1812,2080,402,0,-16,2031,188,2050,315
1812,2081,144,0,0,2031,188,2050,315
1813,2080,462,-48,16,2031,255,2050,517
1813,2080,471,-16,-16,2031,270,2050,531
1813,2081,186,32,-16,2031,255,2060,297
1813,2081,194,-16,-48,2031,270,2050,531
1814,2080,394,64,-32,2040,93,2060,185
1814,2081,303,64,-32,2040,93,2060,185
1816,2080,131,-16,0,2030,443,2050,177
1816,2081,400,-16,-16,2030,443,2050,177
1817,2080,174,0,-16,2040,247,2050,147
1817,2081,61,0,-16,2040,247,2050,147
1818,2070,455,96,96,2041,400,2060,249
1818,2071,564,96,96,2041,400,2060,249
1818,2080,513,96,0,2041,400,2060,249
1818,2081,149,96,0,2041,400,2060,249
1819,2080,418,-32,-16,2030,222,2050,338
1819,2081,256,-32,16,2030,222,2050,338
1820,2080,257,80,-64,2041,174,2060,445
1820,2080,259,-16,-16,2041,177,2050,96
1820,2080,270,-32,0,2031,419,2050,108
1820,2081,327,80,-64,2041,174,2060,445
1822,2081,160,-32,-16,2041,230,2050,449
1823,2080,441,64,0,2030,39,2060,121
1823,2081,341,64,0,2030,39,2060,121
1824,2080,188,0,0,2041,382,2050,142
1824,2081,462,16,-16,2031,338,2050,142
1825,2080,267,0,-32,2040,76,2050,235
1825,2081,208,0,-16,2040,76,2050,235
1827,2070,309,48,96,2031,223,2051,422
1827,2071,522,48,96,2031,223,2051,422
1827,2080,467,32,-32,2040,344,2060,252
1827,2081,105,32,-32,2040,344,2060,252
1827,2081,113,64,-160,2040,353,2051,422
1827,2081,127,-32,-16,2041,199,2050,407
1828,2080,390,0,0,2040,301,2051,340
1828,2081,511,0,0,2031,215,2050,259
1829,2080,216,32,0,2030,390,2050,171
1829,2080,218,0,-32,2030,392,2050,173
1829,2080,221,48,0,2041,461,2060,266
1829,2081,351,0,-16,2030,392,2050,173
1829,2081,354,48,0,2041,461,2060,266
1830,2080,248,64,0,2030,492,2060,353
1830,2080,251,64,0,2030,496,2060,355
1830,2081,446,64,-64,2030,492,2060,353
1830,2081,448,64,0,2030,496,2060,355
1831,2070,493,-16,160,2030,578,2051,180
1831,2071,119,-16,144,2030,578,2051,180
1831,2080,217,-16,32,2030,578,2051,180
1831,2080,219,80,0,2031,363,2060,319
1831,2080,223,0,0,2040,474,2051,190
1831,2081,131,48,0,2030,563,2061,531
1831,2081,133,0,0,2041,402,2050,264
1831,2081,140,-16,16,2030,578,2051,180
1831,2081,142,80,16,2031,363,2060,319
1831,2081,147,0,-32,2040,474,2051,190
1832,2080,523,-80,16,2040,273,2050,494
1832,2081,144,-80,32,2040,273,2050,494
1833,2080,416,80,0,2031,117,2060,156
1833,2081,353,-32,16,2031,117,2050,382
1834,2080,216,64,0,2031,311,2060,280
1834,2081,373,48,0,2040,408,2060,280
1836,2080,378,-48,64,2041,174,2060,244
1836,2080,384,48,-16,2031,221,2060,254
1836,2080,398,0,0,2041,202,2051,76
1836,2081,92,-48,64,2041,174,2060,244
1836,2081,99,48,-48,2031,221,2060,254
1836,2081,112,0,-32,2040,310,2050,368
1839,2070,581,32,96,2040,194,2060,276
1839,2071,589,32,80,2040,194,2060,276
1839,2080,400,-64,16,2031,224,2050,307
1839,2080,410,80,0,2031,237,2060,278
1839,2080,431,48,0,2031,254,2050,334
1839,2081,474,-64,0,2031,224,2050,307
1839,2081,485,80,-16,2031,237,2060,278
1839,2081,492,0,-16,2031,243,2050,325
1840,2080,183,16,0,2031,252,2051,147
1840,2080,201,32,0,2030,352,2050,137
1840,2081,299,16,64,2031,252,2051,147
1840,2081,317,16,0,2031,276,2050,137
1841,2070,443,-112,176,2040,306,2061,266
1841,2080,362,-32,0,2040,284,2051,323
1841,2080,372,-112,96,2040,306,2061,266
1841,2081,137,-32,0,2040,284,2051,323
1841,2081,147,-112,80,2040,306,2061,266
1842,2080,425,16,-16,2031,293,2050,200
1842,2080,442,0,0,2041,586,2050,219
1842,2081,459,48,-16,2030,497,2050,200
1842,2081,475,0,-16,2041,586,2050,219
1843,2080,321,32,160,2030,432,2060,100
1843,2081,193,32,160,2030,432,2060,100
1844,2080,325,0,0,2031,432,2050,115
1844,2081,396,0,0,2030,165,2050,113
1844,2081,397,16,0,2030,167,2050,115
1845,2080,350,16,-32,2030,131,2050,396
1845,2080,356,0,0,2031,173,2051,103
1845,2081,55,16,-16,2030,131,2050,396
1845,2081,61,0,0,2030,133,2050,405
1846,2080,288,0,0,2030,392,2050,109
1846,2080,305,-32,0,2031,212,2050,135
1846,2081,54,-16,0,2031,191,2051,224
1846,2081,71,-32,0,2031,212,2050,135
1848,2080,417,0,0,2031,100,2060,61
1848,2080,434,-16,-16,2040,230,2050,403
1848,2081,349,0,16,2031,100,2060,61
1848,2081,364,-16,0,2040,230,2050,403
1849,2080,491,-32,0,2030,311,2050,449
1849,2081,200,0,-16,2030,311,2051,273
1850,2080,274,160,-16,2040,323,2060,129
1850,2080,294,-32,16,2041,439,2050,257
1850,2081,452,160,-16,2040,323,2060,129
1850,2081,471,-32,16,2041,439,2050,257
1851,2080,382,0,0,2041,248,2050,286
1851,2080,395,64,0,2031,177,2060,218
1851,2081,525,0,16,2041,248,2050,286
1851,2081,538,32,0,2030,572,2060,218
1852,2070,574,32,48,2040,331,2060,187
1852,2071,581,32,48,2040,331,2060,187
1852,2080,421,0,0,2030,463,2050,129
1852,2080,434,-16,-32,2041,519,2050,142
1852,2080,440,16,16,2040,346,2050,150
1852,2081,92,0,-16,2030,463,2050,129
1852,2081,103,-16,-16,2041,519,2050,142
1852,2081,108,16,16,2040,346,2050,150
1854,2080,166,16,-16,2041,343,2050,99
1854,2080,173,48,0,2041,356,2050,111
1854,2080,181,0,0,2030,323,2051,142
1854,2080,187,0,-16,2030,326,2050,118
1854,2081,18,16,0,2041,343,2050,99
1854,2081,21,64,32,2030,311,2060,203
1854,2081,26,48,0,2041,356,2050,111
1854,2081,33,-16,0,2030,323,2050,116
1854,2081,39,0,-16,2030,326,2050,118
1855,2080,384,0,0,2030,434,2051,326
1855,2081,468,0,0,2030,434,2051,326
1857,2080,361,48,-32,2040,169,2060,129
1857,2080,366,0,-16,2031,101,2060,134
1857,2081,290,48,0,2040,169,2060,129
1857,2081,294,0,-16,2031,101,2060,134
1858,2070,482,-160,64,2030,166,2060,206
1858,2071,79,-160,48,2030,166,2060,206
1858,2080,287,-160,-48,2030,166,2060,206
1858,2081,57,-160,-64,2030,166,2060,206
1859,2080,236,96,0,2040,108,2060,342
1859,2081,304,96,0,2040,108,2060,342
1861,2080,373,0,64,2030,269,2060,106
1861,2080,386,32,0,2040,168,2050,345
1861,2081,499,48,0,2030,265,2060,100
1861,2081,506,0,64,2030,269,2060,106
1861,2081,519,32,0,2040,168,2050,345
1862,2080,523,16,-16,2030,294,2060,175
1862,2081,255,16,-16,2030,294,2060,175
1863,2080,328,0,16,2031,63,2050,377
1863,2080,329,16,16,2040,141,2050,378
1863,2080,331,32,0,2031,72,2051,269
1863,2080,349,32,48,2040,166,2050,402
1863,2081,297,0,32,2031,63,2050,377
1863,2081,298,16,32,2040,141,2050,378
1863,2081,319,32,16,2040,166,2050,402
1864,2080,372,64,-16,2040,155,2060,219
1864,2081,314,96,0,2041,282,2060,219
1865,2080,330,0,-16,2030,459,2050,292
1865,2081,137,0,-32,2030,459,2050,292
1866,2080,343,-96,-32,2041,418,2060,190
1868,2080,255,-64,48,2030,117,2050,153
1868,2080,258,32,-32,2030,123,2060,331
1868,2080,259,-64,16,2040,298,2050,163
1868,2081,511,-64,64,2030,117,2050,153
1868,2081,514,32,-32,2030,123,2060,331
1868,2081,516,-16,-16,2040,298,2051,200
1870,2080,462,64,-16,2031,174,2060,212
1870,2081,107,64,-48,2031,174,2060,212
1871,2080,241,128,32,2040,197,2060,163
1871,2080,252,16,0,2031,143,2050,297
1871,2081,445,128,-16,2040,197,2060,163
1871,2081,453,32,0,2040,218,2050,297
1872,2080,444,16,0,2031,183,2060,218
1872,2080,448,32,0,2031,189,2050,420
1872,2081,479,-32,0,2031,183,2050,415
1872,2081,483,48,0,2030,153,2050,420
1873,2080,469,0,32,2031,226,2050,432
1873,2080,473,160,-96,2040,306,2050,439
1873,2081,171,0,-16,2031,226,2050,432
1873,2081,175,160,-16,2040,306,2050,439
1874,2070,473,0,80,2030,541,2060,281
1874,2071,554,0,48,2030,541,2060,281
1874,2080,180,-16,-16,2030,512,2050,220
1874,2080,182,16,-32,2031,301,2051,119
1874,2080,187,-32,-16,2040,375,2051,124
1874,2080,199,0,0,2040,393,2051,135
1874,2081,485,32,0,2030,512,2060,256
1874,2081,487,-64,16,2031,301,2050,225
1874,2081,492,-64,0,2040,375,2050,231
1874,2081,501,0,0,2040,393,2051,135
1875,2070,323,64,160,2041,260,2051,362
1875,2071,107,64,160,2041,260,2051,362
1875,2080,468,-96,0,2030,202,2050,434
1875,2081,374,-96,0,2030,202,2050,434
1876,2080,428,-112,-64,2040,95,2060,321
1876,2081,61,-112,-80,2040,95,2060,321
1878,2080,304,0,0,2040,240,2050,277
1878,2081,148,16,0,2031,375,2050,277
1879,2070,606,0,80,2040,350,2051,179
1879,2071,125,0,80,2040,350,2051,179
1879,2080,448,-16,0,2040,340,2050,407
1879,2080,455,0,0,2031,273,2050,412
1879,2080,458,48,16,2030,523,2060,224
1879,2081,142,-16,-16,2040,340,2050,407
1879,2081,149,16,-16,2041,562,2050,412
1879,2081,152,0,-16,2031,275,2050,417
1880,2081,58,0,-16,2040,210,2050,355
1883,2080,210,48,0,2031,172,2060,134
1883,2080,241,48,0,2031,205,2050,285
1883,2080,242,64,0,2040,331,2061,69
1883,2081,99,-32,0,2031,172,2050,264
1883,2081,129,48,-16,2031,205,2050,285
1883,2081,130,64,16,2040,331,2061,69
1884,2080,326,0,16,2040,381,2050,140
1884,2080,343,64,0,2030,445,2060,196
1884,2080,345,32,0,2030,446,2060,198
1884,2081,102,0,16,2040,381,2050,140
1884,2081,120,64,0,2030,445,2060,196
1884,2081,122,-16,0,2030,446,2050,161
1885,2070,490,0,48,2030,406,2050,104
1885,2071,498,16,64,2031,246,2060,203
1885,2080,310,32,0,2040,149,2050,104
1885,2080,312,16,0,2040,151,2050,105
1885,2080,328,16,-48,2031,246,2060,203
1885,2081,363,32,0,2040,149,2050,104
1885,2081,365,32,0,2030,409,2050,105
1885,2081,381,16,-48,2031,246,2060,203
1886,2070,610,48,96,2040,562,2060,169
1886,2080,397,64,0,2040,558,2060,165
1886,2080,398,0,-16,2041,510,2050,125
1886,2080,401,48,0,2040,562,2060,169
1886,2080,408,96,-16,2040,571,2060,176
1886,2080,417,0,-16,2031,234,2050,141
1886,2081,300,0,0,2030,466,2050,124
1886,2081,301,0,-16,2041,510,2050,125
1886,2081,304,48,16,2040,562,2060,169
1886,2081,311,96,-32,2040,571,2060,176
1886,2081,319,0,0,2031,234,2050,141
1887,2081,405,80,-96,2030,446,2060,317
1888,2070,196,0,48,2031,413,2051,75
1888,2080,299,96,64,2040,156,2050,264
1888,2080,300,16,0,2030,7,2050,265
1888,2080,306,16,0,2030,12,2050,268
1888,2080,311,-16,-16,2031,413,2050,282
1888,2081,35,96,64,2040,156,2050,264
1888,2081,36,16,0,2030,7,2050,265
1888,2081,41,32,0,2040,161,2050,268
1888,2081,45,-16,-16,2031,413,2050,282
1889,2070,425,-144,256,2040,291,2061,332
1889,2071,583,-144,256,2040,291,2061,332
1889,2080,485,0,-64,2040,280,2050,545
1889,2080,497,-144,160,2040,291,2061,332
1889,2080,501,0,-16,2041,385,2050,557
1889,2081,442,0,-80,2040,280,2050,545
1889,2081,456,-144,160,2040,291,2061,332
1889,2081,459,0,-48,2041,385,2050,557
1890,2080,211,-48,0,2031,281,2050,126
1890,2081,421,-48,-32,2031,281,2050,126
1891,2080,212,0,80,2040,127,2060,381
1892,2080,275,0,0,2040,195,2050,238
1892,2080,307,-128,-48,2041,542,2060,391
1892,2081,133,0,0,2040,195,2050,238
1892,2081,168,-128,-96,2041,542,2060,391
1893,2080,406,16,-32,2040,250,2050,461
1893,2080,417,64,-32,2030,146,2060,218
1893,2081,83,16,-32,2040,250,2050,461
1893,2081,93,64,-16,2030,146,2060,218
1894,2080,474,48,0,2031,135,2060,172
1894,2081,101,48,0,2031,135,2060,172
1896,2080,326,0,-16,2031,428,2050,294
1896,2081,222,0,-16,2031,428,2050,294
1897,2080,264,64,0,2031,364,2060,328
1897,2081,441,0,-16,2030,470,2050,161
1897,2081,459,64,-16,2031,364,2060,328
1898,2080,455,16,16,2030,77,2050,425
1898,2081,187,16,16,2030,77,2050,425
1899,2080,159,16,0,2031,250,2050,127
1899,2081,357,16,0,2031,250,2050,127
1900,2070,489,96,160,2041,439,2060,319
1900,2071,536,96,192,2041,439,2060,319
1900,2080,241,80,-16,2030,501,2060,306
1900,2080,251,96,96,2041,439,2060,319
1900,2080,259,64,0,2040,168,2060,324
1900,2081,402,96,96,2041,439,2060,319
1900,2081,408,64,0,2040,168,2060,324
1901,2080,236,16,0,2040,373,2050,169
1902,2070,343,96,96,2041,211,2050,440
1902,2071,117,96,96,2041,211,2050,440
1902,2080,476,112,0,2040,327,2050,440
1902,2081,405,128,0,2031,246,2050,440
1903,2080,188,32,-16,2030,401,2061,83
1903,2080,206,16,0,2040,141,2050,172
1903,2081,449,32,-32,2030,401,2061,83
1903,2081,466,16,0,2040,141,2050,172
1904,2081,308,32,0,2041,199,2050,508
1905,2070,561,16,48,2041,523,2060,363
1905,2071,570,16,48,2041,523,2060,363
1905,2080,265,48,-16,2031,408,2060,362
1905,2080,270,32,0,2040,328,2050,229
1905,2081,449,48,-16,2031,408,2060,362
1905,2081,454,32,-16,2040,328,2050,229
1906,2080,233,0,0,2030,363,2050,199
1906,2080,243,-80,-16,2040,171,2050,209
1906,2081,327,-80,0,2040,171,2050,209
1909,2080,236,48,64,2041,459,2050,188
1909,2080,246,0,0,2041,473,2051,160
1909,2080,253,-32,16,2041,479,2050,222
1909,2081,421,48,32,2041,459,2050,188
1909,2081,437,-32,0,2041,479,2050,222
1910,2070,426,32,64,2031,274,2060,237
1910,2071,465,32,64,2031,274,2060,237
1910,2080,135,80,0,2040,324,2060,215
1910,2081,81,0,0,2031,250,2050,181
1911,2070,413,32,64,2031,145,2060,106
1911,2071,457,32,48,2031,145,2060,106
1911,2080,237,48,-16,2040,377,2060,106
1911,2081,77,48,-16,2040,377,2060,106
1912,2071,642,32,80,2031,449,2060,404
1912,2080,363,32,0,2040,188,2060,399
1912,2081,534,64,0,2030,492,2060,399
1913,2080,401,128,-16,2040,196,2050,242
1913,2080,423,-16,-16,2041,341,2050,262
1913,2081,471,128,-16,2040,196,2050,242
1913,2081,496,-16,-16,2041,341,2050,262
1914,2070,333,160,96,2040,260,2061,452
1914,2071,125,160,96,2040,260,2061,452
1914,2080,146,160,0,2040,260,2061,452
1914,2081,101,160,-32,2040,260,2061,452
1916,2080,175,-32,0,2040,229,2050,143
1916,2080,189,64,0,2031,329,2060,287
1916,2080,197,32,0,2041,425,2060,295
1916,2080,199,-32,0,2030,383,2051,93
1916,2080,203,-16,0,2031,344,2060,300
1916,2080,207,80,0,2030,392,2060,302
1916,2081,40,-32,0,2040,229,2050,143
1916,2081,52,64,-16,2031,329,2060,287
1916,2081,59,32,0,2041,425,2060,295
1916,2081,61,16,-16,2030,383,2060,296
1916,2081,65,-16,-32,2031,344,2060,300
1916,2081,69,80,0,2030,392,2060,302
1917,2080,258,64,-16,2040,195,2060,106
1917,2080,278,-112,176,2031,179,2060,141
1917,2081,429,64,0,2040,195,2060,106
1917,2081,447,-112,160,2031,179,2060,141
1919,2080,331,16,0,2040,234,2050,186
1919,2081,274,16,32,2040,234,2050,186
1920,2080,296,-16,-16,2040,219,2050,259
1920,2081,459,-16,-16,2040,219,2050,259
1921,2070,493,48,64,2041,452,2060,239
1921,2071,52,48,64,2041,452,2060,239
1922,2070,450,-80,64,2030,513,2060,299
1922,2071,115,-80,64,2030,513,2060,299
1922,2080,262,-80,-32,2030,513,2060,299
1922,2081,478,-80,-48,2030,513,2060,299
1923,2070,541,-64,144,2040,258,2060,295
1923,2071,575,-64,128,2040,258,2060,295
1923,2080,171,-16,0,2041,473,2051,97
1923,2080,196,32,0,2040,265,2060,300
1923,2080,197,0,0,2030,461,2050,158
1923,2081,399,-16,0,2041,473,2051,97
1923,2081,422,32,0,2040,265,2060,300
1923,2081,423,0,0,2030,461,2050,158
1924,2080,390,0,-16,2031,113,2060,154
1924,2080,407,16,-32,2030,87,2050,373
1924,2080,412,-16,-48,2040,505,2050,377
1924,2081,299,0,0,2031,113,2060,154
1924,2081,316,16,-16,2030,87,2050,373
1924,2081,321,-16,-16,2040,505,2050,377
1925,2080,197,48,0,2031,338,2060,301
1925,2080,207,-32,0,2040,463,2051,129
1925,2080,214,112,0,2031,365,2060,317
1925,2081,152,64,0,2030,496,2060,301
1925,2081,171,112,0,2031,365,2060,317
1926,2080,147,0,0,2031,279,2050,115
1926,2080,155,32,16,2031,296,2060,254
1926,2081,459,0,0,2031,279,2050,115
1926,2081,465,32,16,2031,296,2060,254
1927,2070,440,48,48,2041,395,2060,122
1927,2071,307,48,64,2041,395,2060,122
1927,2080,246,80,0,2030,281,2060,122
1927,2081,317,80,0,2030,281,2060,122
1929,2080,34,112,-16,2040,202,2050,83
1929,2080,57,-32,0,2030,374,2050,102
1929,2081,312,112,-16,2040,202,2050,83
1929,2081,335,-32,0,2030,374,2050,102
1930,2080,363,0,0,2030,626,2051,411
1930,2080,382,0,0,2031,595,2051,428
1930,2080,388,16,0,2030,646,2050,322
1930,2080,389,80,-16,2030,647,2060,561
1930,2081,198,48,0,2031,582,2060,536
1930,2081,216,-16,0,2031,595,2050,316
1930,2081,222,16,0,2030,646,2050,322
1930,2081,223,80,-16,2030,647,2060,561
1931,2070,390,16,32,2031,329,2060,286
1931,2071,469,16,48,2031,329,2060,286
1931,2080,199,16,16,2030,450,2050,166
1931,2080,208,-16,0,2031,329,2051,129
1931,2081,416,16,16,2030,450,2050,166
1931,2081,424,-16,0,2031,329,2051,129
1932,2080,155,80,-48,2030,342,2060,191
1932,2081,315,80,-48,2030,342,2060,191
1933,2080,336,0,32,2030,469,2050,305
1933,2080,338,-16,0,2040,428,2050,307
1933,2080,363,32,0,2030,495,2050,332
1933,2081,117,0,0,2030,469,2050,305
1933,2081,119,-16,-16,2040,428,2050,307
1933,2081,143,48,-16,2031,224,2050,332
1935,2070,317,16,64,2041,210,2060,151
1935,2071,402,48,48,2030,75,2060,143
1935,2071,404,16,64,2041,210,2060,151
1935,2080,271,0,0,2041,190,2060,130
1935,2080,284,64,-16,2031,107,2060,143
1935,2080,297,-144,144,2031,124,2050,268
1935,2081,33,0,-16,2041,190,2060,130
1935,2081,45,64,0,2031,107,2060,143
1935,2081,59,-144,96,2031,124,2050,268
1936,2080,216,0,0,2030,413,2050,263
1936,2080,217,64,0,2031,335,2060,297
1936,2080,218,48,0,2041,464,2060,298
1936,2080,221,16,-16,2030,423,2060,303
1936,2080,223,144,16,2030,429,2050,273
1936,2080,228,48,0,2031,360,2051,123
1936,2080,231,112,192,2041,487,2050,281
1936,2081,385,0,16,2030,413,2050,263
1936,2081,386,64,0,2031,335,2060,297
1936,2081,387,64,-16,2031,336,2060,298
1936,2081,389,16,-32,2030,423,2060,303
1936,2081,392,144,16,2030,429,2050,273
1936,2081,395,48,0,2031,360,2051,123
1936,2081,398,112,192,2041,487,2050,281
1937,2080,267,48,0,2040,325,2060,379
1938,2080,225,64,0,2031,326,2060,286
1938,2081,110,64,0,2031,326,2060,286
1940,2070,503,32,0,2040,157,2060,309
1941,2080,377,64,16,2040,155,2060,330
1942,2080,474,64,0,2031,132,2060,181
1942,2080,475,48,0,2040,214,2060,182
1942,2080,481,16,-80,2041,324,2060,186
1942,2080,484,16,0,2040,225,2060,190
1942,2081,273,64,-16,2031,132,2060,181
1942,2081,274,48,-16,2040,214,2060,182
1942,2081,280,16,-80,2041,324,2060,186
1942,2081,283,-16,-32,2030,106,2050,453
1943,2080,268,32,0,2030,425,2060,116
1943,2081,328,0,0,2031,159,2051,297
1944,2080,203,0,-16,2031,323,2050,123
1944,2081,84,0,-16,2031,323,2050,123
1946,2070,432,64,80,2040,302,2060,268
1946,2070,435,-16,112,2031,256,2050,532
1946,2080,467,-16,-16,2040,302,2050,511
1946,2080,485,-16,32,2031,256,2050,532
1946,2081,162,-16,-32,2040,302,2050,511
1946,2081,178,-16,32,2031,256,2050,532
1947,2080,223,0,0,2031,359,2051,160
1947,2080,225,64,0,2040,280,2060,320
1947,2080,226,64,0,2041,432,2060,323
1947,2080,238,80,0,2031,378,2060,333
1947,2081,467,64,0,2040,280,2060,320
1947,2081,468,64,0,2041,432,2060,323
1949,2080,229,32,-16,2040,286,2050,203
1949,2081,166,0,-16,2030,322,2050,203
1950,2070,264,16,80,2031,196,2051,330
1950,2071,486,16,80,2031,196,2051,330
1950,2080,416,0,-16,2030,78,2051,320
1950,2080,433,16,0,2030,101,2050,397
1950,2081,350,0,-16,2030,78,2051,320
1950,2081,366,-16,0,2031,196,2050,397
1951,2070,435,16,64,2031,267,2050,150
1951,2071,342,16,64,2031,267,2050,150
1951,2080,190,16,-16,2031,267,2050,150
1951,2080,211,32,0,2031,286,2050,178
1951,2081,446,16,0,2031,267,2050,150
1951,2081,466,32,-16,2031,286,2050,178
1952,2080,446,16,0,2040,283,2050,412
1952,2080,459,32,0,2030,183,2060,263
1952,2081,130,64,-16,2041,366,2060,263
1953,2080,313,-16,0,2041,503,2050,230
1953,2080,328,-16,-16,2031,404,2050,241
1953,2080,348,16,0,2030,495,2050,254
1953,2081,143,64,0,2041,503,2060,354
1953,2081,155,-16,-32,2031,404,2050,241
1953,2081,175,16,0,2040,223,2060,381
1954,2070,489,-16,32,2040,130,2060,265
1954,2071,502,-16,16,2040,130,2060,265
1954,2080,215,-80,16,2040,130,2050,178
1954,2080,239,0,0,2031,337,2050,208
1954,2081,95,-80,0,2040,130,2050,178
1954,2081,120,16,0,2030,412,2050,208
1955,2070,476,0,64,2040,88,2051,182
1955,2070,477,-144,256,2031,393,2061,553
1955,2071,570,-144,240,2031,393,2061,553
1955,2080,225,0,-16,2040,66,2050,109
1955,2080,244,0,0,2040,88,2051,182
1955,2080,245,32,0,2041,431,2060,344
1955,2080,249,80,-32,2030,514,2060,355
1955,2081,302,-16,0,2040,88,2050,136
1955,2081,303,48,0,2031,388,2060,344
1955,2081,307,80,0,2030,514,2060,355
1956,2080,474,-48,32,2030,104,2050,442
1956,2081,387,-48,32,2030,104,2050,442
1957,2080,297,0,0,2030,510,2050,229
1957,2081,135,0,-16,2030,510,2050,229
1958,2070,210,32,64,2041,173,2060,272
1958,2071,51,32,48,2041,173,2060,272
1959,2070,370,16,48,2040,346,2060,308
1959,2071,153,64,64,2040,324,2060,289
1959,2071,159,16,64,2040,346,2060,308
1959,2080,485,80,-16,2040,321,2060,287
1959,2080,486,64,0,2040,324,2060,289
1959,2080,492,16,0,2030,174,2051,447
1959,2080,493,16,0,2031,260,2051,449
1959,2080,496,-32,0,2040,342,2050,418
1959,2080,499,48,0,2041,227,2060,308
1959,2081,125,80,-16,2040,321,2060,287
1959,2081,126,-32,0,2040,324,2050,397
1959,2081,132,-16,0,2030,174,2050,411
1959,2081,133,16,-16,2031,260,2051,449
1959,2081,136,-32,0,2040,342,2050,418
1959,2081,139,-32,0,2041,227,2051,457
1960,2080,381,16,16,2030,63,2051,143
1960,2080,384,-16,0,2031,255,2051,146
1960,2081,120,32,0,2041,176,2051,143
1960,2081,123,48,0,2031,255,2060,215
1961,2080,300,64,0,2030,452,2060,383
1961,2080,311,0,0,2040,226,2050,357
1961,2081,195,-16,0,2040,226,2051,136
1962,2080,520,-16,0,2031,305,2050,473
1962,2080,535,-16,0,2040,75,2050,485
1962,2080,550,-160,-80,2030,424,2060,386
1962,2081,281,-16,0,2040,75,2050,485
1962,2081,296,-160,-96,2030,424,2060,386
1963,2070,455,16,96,2040,198,2060,232
1963,2071,461,16,80,2040,198,2060,232
1963,2080,146,48,0,2030,370,2060,232
1963,2080,147,-16,0,2031,276,2050,115
1963,2080,148,0,16,2040,200,2051,67
1963,2080,154,48,-32,2031,290,2060,247
1963,2081,342,-16,0,2030,370,2050,114
1963,2081,343,-16,0,2031,276,2050,115
1963,2081,344,0,0,2040,200,2051,67
1963,2081,352,48,-32,2031,290,2060,247
1964,2080,196,-16,-16,2040,246,2050,165
1964,2080,197,0,0,2031,327,2051,122
1964,2080,198,-16,-32,2040,252,2050,169
1964,2081,368,-16,-16,2040,246,2050,165
1964,2081,370,-16,0,2040,252,2050,169
1965,2080,355,-16,0,2040,217,2051,189
1966,2080,312,48,0,2031,216,2060,173
1966,2081,109,32,0,2030,362,2060,173
1967,2070,295,64,-64,2031,215,2060,255
1967,2071,578,64,96,2031,215,2060,255
1967,2080,438,16,-16,2040,139,2050,366
1967,2081,499,16,-16,2040,139,2050,366
1967,2081,513,-16,-32,2030,553,2050,376
1968,2080,416,64,-16,2031,523,2060,473
1968,2080,417,-32,-32,2031,527,2050,389
1968,2081,225,64,-32,2031,523,2060,473
1970,2080,198,64,-16,2030,357,2060,72
1970,2081,227,64,-16,2030,357,2060,72
1971,2080,340,0,0,2041,179,2050,294
1971,2080,343,0,0,2040,435,2051,138
1971,2081,59,0,0,2041,179,2050,294
1971,2081,61,-16,-16,2040,435,2050,296
1972,2080,332,0,16,2040,233,2050,289
1972,2081,195,0,0,2040,233,2050,289
1973,2080,209,32,16,2040,272,2060,307
1974,2080,316,48,-16,2031,47,2051,157
1974,2081,119,48,-32,2031,47,2051,157
1975,2070,521,-32,64,2030,341,2060,421
1975,2071,533,-32,64,2030,341,2060,421
1975,2080,222,0,0,2030,324,2050,175
1975,2080,230,48,0,2040,296,2060,420
1975,2080,231,-64,-128,2030,341,2050,187
1975,2080,246,-16,-32,2040,318,2050,210
1975,2081,54,0,-48,2030,324,2050,175
1975,2081,61,48,0,2040,296,2060,420
1975,2081,62,-64,-128,2030,341,2050,187
1975,2081,77,-16,0,2040,318,2050,210
1976,2080,497,-32,0,2040,231,2050,273
1976,2080,525,16,-16,2040,263,2060,348
1976,2081,159,-32,-16,2040,231,2050,273
1976,2081,187,16,-16,2040,263,2060,348
1978,2080,373,64,0,2031,187,2060,223
1978,2080,400,0,-32,2031,220,2050,368
1978,2081,123,64,-16,2031,187,2060,223
1978,2081,152,0,-16,2031,220,2050,368
1979,2080,489,0,-16,2041,121,2050,447
1979,2080,505,48,-16,2041,139,2060,227
1979,2080,510,0,0,2030,349,2050,471
1979,2081,412,0,-16,2041,121,2050,447
1979,2081,428,-48,16,2041,139,2050,462
1979,2081,433,0,0,2030,349,2050,471
1980,2070,540,48,80,2040,401,2060,294
1980,2070,542,0,64,2041,494,2060,300
1980,2071,547,48,64,2040,401,2060,294
1980,2071,549,0,64,2041,494,2060,300
1980,2080,204,80,0,2030,439,2050,247
1980,2080,210,48,-16,2040,401,2060,294
1980,2080,216,-32,0,2031,342,2050,262
1980,2081,144,80,0,2030,439,2050,247
1980,2081,150,80,0,2041,487,2060,294
1980,2081,156,-32,0,2031,342,2050,262
1981,2080,493,-32,0,2040,297,2051,350
1981,2080,502,-16,0,2030,164,2050,468
1981,2080,514,48,-16,2031,234,2060,280
1981,2081,124,-32,0,2040,297,2051,350
1981,2081,134,-16,0,2030,164,2050,468
1981,2081,146,48,-16,2031,234,2060,280
1982,2080,429,16,0,2041,189,2050,389
1982,2080,444,-96,144,2030,499,2060,289
1982,2080,445,-80,32,2031,245,2051,125
1982,2080,449,32,-16,2040,342,2050,406
1982,2080,460,0,-16,2030,514,2050,416
1982,2081,149,-16,0,2041,189,2051,113
1982,2081,164,-96,128,2030,499,2060,289
1982,2081,165,-80,0,2031,245,2051,125
1982,2081,169,32,16,2040,342,2050,406
1982,2081,179,0,-48,2030,514,2050,416
1983,2080,386,64,0,2040,105,2060,359
1983,2080,398,64,-32,2040,123,2060,365
1983,2081,243,80,-16,2030,275,2060,359
1983,2081,255,64,-16,2040,123,2060,365
1984,2070,521,0,64,2040,150,2050,223
1984,2080,303,0,-16,2031,419,2050,205
1984,2080,317,0,-16,2040,145,2050,218
1984,2080,321,32,0,2030,108,2050,223
1984,2080,324,64,0,2031,443,2060,402
1984,2081,169,0,0,2031,419,2050,205
1984,2081,183,0,-48,2040,145,2050,218
1984,2081,187,32,0,2030,108,2050,223
1984,2081,190,80,0,2030,112,2060,402
1985,2070,259,16,64,2030,57,2060,130
1985,2071,478,16,64,2030,57,2060,130
1985,2080,367,128,112,2031,85,2050,416
1985,2081,311,128,112,2031,85,2050,416
1986,2070,386,0,96,2040,357,2051,270
1986,2071,574,0,80,2040,357,2051,270
1986,2080,446,0,0,2031,141,2050,502
1986,2080,453,32,0,2041,242,2060,194
1986,2081,307,0,0,2031,141,2050,502
1986,2081,314,0,0,2031,151,2050,509
1987,2080,268,0,16,2041,433,2060,379
1987,2081,80,0,0,2041,433,2060,379
1989,2080,309,0,0,2030,419,2060,100
1989,2080,318,0,-32,2031,152,2050,232
1989,2081,377,16,0,2031,136,2051,255
1990,2070,452,-16,96,2030,263,2061,374
1990,2070,453,0,64,2040,111,2061,375
1990,2071,276,-16,112,2030,263,2061,374
1990,2071,277,0,48,2040,111,2061,375
1990,2080,232,-16,16,2030,263,2061,374
1990,2081,409,16,0,2041,478,2061,374
1991,2080,318,16,32,2030,166,2050,368
1995,2080,277,48,0,2031,447,2060,482
1995,2081,144,48,0,2031,447,2060,482
1996,2080,356,0,-16,2040,214,2050,407
1996,2081,113,16,0,2030,476,2051,258
1997,2080,244,0,0,2040,131,2051,67
1997,2080,250,32,-48,2040,146,2060,329
1997,2081,442,0,0,2040,131,2051,67
1997,2081,445,32,16,2041,187,2050,291
1997,2081,447,32,-48,2040,146,2060,329
1999,2080,373,-32,-48,2040,202,2060,173
1999,2081,316,-32,-64,2040,202,2060,173
2000,2080,349,32,-16,2040,256,2060,80
2000,2080,365,-16,0,2031,133,2050,175
2000,2080,366,-16,-48,2041,413,2050,177
2000,2080,383,0,-16,2031,156,2051,330
2000,2081,213,32,-16,2040,256,2060,80
2000,2081,228,16,0,2040,273,2050,175
2000,2081,229,-16,-16,2041,413,2050,177
2000,2081,245,0,-16,2031,156,2051,330
2001,2070,496,0,64,2031,229,2060,184
2001,2071,129,0,48,2031,229,2060,184
2001,2080,369,-48,16,2031,212,2060,173
2001,2080,374,32,-16,2031,226,2061,261
2001,2080,376,-16,0,2031,229,2061,264
2001,2080,378,-16,0,2031,233,2050,296
2001,2081,146,-48,16,2031,212,2060,173
2001,2081,152,32,-32,2031,226,2061,261
2001,2081,153,-64,16,2031,229,2050,295
2001,2081,155,-16,-32,2031,233,2050,296
2002,2080,370,0,0,2030,422,2050,136
2002,2080,388,16,0,2040,194,2060,238
2002,2081,529,32,0,2030,419,2061,293
2002,2081,530,0,0,2030,422,2050,136
2003,2080,468,16,0,2030,150,2050,227
2003,2080,471,64,16,2030,156,2061,339
2003,2081,524,16,0,2030,150,2050,227
2004,2070,466,0,48,2031,192,2060,146
2004,2071,512,0,48,2031,192,2060,146
2004,2080,338,32,112,2030,486,2060,140
2004,2080,344,-64,16,2031,192,2050,233
2004,2080,357,-16,0,2030,508,2050,252
2004,2081,383,-64,-16,2031,192,2050,233
2004,2081,396,-16,0,2030,508,2050,252
2005,2080,253,0,-48,2030,575,2050,320
2005,2080,275,64,0,2031,661,2060,709
2005,2081,535,0,-32,2030,575,2050,320
2005,2081,556,64,0,2031,661,2060,709
2006,2080,287,48,16,2030,562,2050,207
2006,2081,442,0,-16,2031,368,2050,207
2007,2080,333,64,0,2030,139,2060,517
2007,2081,200,64,-16,2030,139,2060,517
2008,2080,546,0,-16,2040,249,2050,514
2008,2080,554,32,0,2031,175,2050,517
2008,2080,559,0,0,2040,262,2050,523
2008,2080,569,48,0,2030,323,2060,233
2008,2080,578,64,-32,2030,334,2060,241
2008,2081,130,-32,-16,2040,249,2051,341
2008,2081,135,32,0,2031,175,2050,517
2008,2081,140,0,0,2040,262,2050,523
2008,2081,149,-32,0,2030,323,2050,536
2008,2081,157,64,-16,2030,334,2060,241
2009,2070,349,96,128,2040,93,2060,242
2009,2070,353,-128,272,2030,370,2061,224
2009,2071,382,96,128,2040,93,2060,242
2009,2080,194,96,0,2040,93,2060,242
2009,2080,201,-128,176,2030,370,2061,224
2009,2081,62,96,-16,2040,93,2060,242
2009,2081,70,-128,160,2030,370,2061,224
2010,2080,397,0,0,2030,121,2050,455
2010,2080,408,16,0,2030,131,2050,467
2010,2081,89,0,0,2040,309,2050,467
2011,2070,355,16,64,2040,309,2061,390
2011,2071,518,16,80,2040,309,2061,390
2011,2080,436,-48,0,2040,309,2051,464
2011,2081,495,-48,16,2040,309,2051,464
2012,2070,449,-32,0,2030,125,2050,332
2012,2071,486,-32,0,2030,125,2050,332
2012,2080,347,-144,-48,2030,111,2061,232
2012,2080,366,144,-128,2040,226,2050,332
2012,2081,460,-144,-80,2030,111,2061,232
2013,2080,366,0,-16,2040,122,2060,431
2013,2081,155,32,-16,2030,75,2060,431
2014,2070,370,48,144,2031,125,2051,61
2014,2071,291,48,144,2031,125,2051,61
2014,2080,212,48,16,2040,255,2060,87
2014,2080,213,48,32,2031,125,2051,61
2014,2080,221,48,0,2031,145,2060,104
2014,2081,299,48,0,2040,255,2060,87
2014,2081,300,48,48,2031,125,2051,61
2015,2080,321,48,0,2030,381,2060,265
2015,2080,340,0,0,2031,259,2051,367
2015,2081,60,80,-16,2031,222,2060,265
2015,2081,77,0,0,2031,259,2051,367
2016,2080,329,32,-16,2040,378,2060,182
2016,2080,345,64,-48,2031,234,2060,198
2016,2081,151,48,0,2041,436,2060,181
2016,2081,155,32,-32,2040,378,2060,182
2016,2081,170,64,-64,2031,234,2060,198
2018,2080,463,80,-16,2040,237,2060,546
2018,2080,475,0,0,2030,214,2060,560
2018,2081,162,80,-16,2040,237,2060,546
2018,2081,174,0,-16,2030,214,2060,560
2019,2070,398,16,96,2030,63,2051,109
2019,2071,403,16,80,2030,63,2051,109
2021,2080,201,0,0,2031,323,2050,258
2022,2080,472,0,0,2031,136,2050,521
2022,2080,479,16,16,2041,332,2060,189
2022,2080,483,48,16,2030,267,2060,197
2022,2080,490,0,-16,2041,347,2050,542
2022,2081,364,0,0,2031,136,2050,521
2022,2081,371,0,0,2031,150,2050,528
2022,2081,374,48,0,2030,267,2060,197
2022,2081,381,0,-16,2041,347,2050,542
2023,2071,602,48,64,2030,163,2060,259
2023,2080,531,-32,16,2031,206,2050,489
2023,2080,532,0,-16,2040,111,2050,492
2023,2080,536,0,16,2031,216,2050,494
2023,2080,549,0,16,2040,133,2050,508
2023,2080,557,-48,0,2040,150,2050,524
2023,2081,453,0,-16,2040,111,2050,492
2023,2081,457,0,0,2031,216,2050,494
2023,2081,468,0,16,2040,133,2050,508
2023,2081,477,-48,-16,2040,150,2050,524
2024,2080,406,-32,0,2030,150,2050,381
2024,2080,411,32,0,2040,257,2050,385
2024,2081,346,32,0,2040,257,2050,385
2025,2080,410,32,0,2040,325,2060,157
2025,2080,416,64,0,2041,86,2060,167
2025,2081,179,-16,0,2040,310,2050,241
2025,2081,189,-16,0,2040,325,2050,251
2025,2081,195,80,-16,2031,131,2060,167
2027,2080,290,16,-16,2031,205,2050,126
2027,2081,67,16,0,2031,205,2050,126
2028,2080,290,0,0,2040,89,2051,128
2028,2081,51,-16,0,2040,89,2050,265
2030,2080,184,80,0,2031,275,2060,238
2030,2080,189,64,0,2030,354,2060,244
2030,2080,203,48,0,2030,366,2060,261
2030,2081,317,80,-16,2031,275,2060,238
2030,2081,322,64,-16,2030,354,2060,244
2030,2081,335,48,0,2030,366,2060,261
2031,2070,558,-128,32,2031,360,2060,319
2031,2080,456,-128,-80,2031,360,2060,319
2031,2081,166,-128,-96,2031,360,2060,319
2032,2071,493,32,64,2041,411,2060,373
2032,2080,235,0,0,2030,303,2050,145
2032,2080,236,0,0,2031,335,2050,147
2032,2080,246,32,0,2031,354,2060,391
2032,2081,278,0,-32,2030,303,2050,145
2032,2081,279,0,0,2031,335,2050,147
2032,2081,291,32,0,2031,354,2060,391
2033,2070,409,0,48,2030,84,2060,139
2033,2071,46,0,32,2030,84,2060,139
2033,2080,332,0,0,2040,193,2050,248
2033,2080,343,32,-16,2031,114,2060,139
2033,2081,161,0,0,2040,193,2050,248
2033,2081,173,32,-16,2031,114,2060,139
2034,2080,419,32,0,2041,496,2060,232
2034,2080,429,32,0,2031,288,2050,204
2034,2081,324,32,-16,2041,496,2060,232
2034,2081,333,16,0,2030,376,2050,204
2035,2070,505,0,80,2030,453,2050,137
2035,2071,64,0,80,2030,453,2050,137
2035,2080,185,0,32,2030,453,2050,137
2035,2081,374,0,-16,2030,453,2050,137
2035,2081,377,-32,0,2040,499,2050,146
2036,2080,424,48,-16,2031,212,2060,256
2036,2080,436,0,-16,2040,303,2050,492
2036,2080,441,32,0,2031,235,2060,281
2036,2081,110,48,-32,2031,212,2060,256
2036,2081,122,0,-48,2040,303,2050,492
2036,2081,127,32,0,2031,235,2060,281
2037,2081,131,0,-16,2030,297,2051,163
2038,2080,320,16,0,2031,158,2050,212
2038,2081,71,32,0,2030,121,2050,212
2039,2080,234,0,16,2040,267,2050,65
2039,2081,309,0,16,2040,267,2050,65
2040,2070,500,-16,160,2041,297,2061,476
2040,2070,501,16,64,2040,554,2060,264
2040,2071,331,-16,160,2041,297,2061,476
2040,2071,332,16,64,2040,554,2060,264
2040,2080,382,-80,-64,2041,297,2050,434
2040,2080,384,16,-48,2040,554,2060,264
2040,2081,173,-80,-128,2041,297,2050,434
2040,2081,175,16,-48,2040,554,2060,264
2041,2070,262,64,80,2040,141,2060,215
2041,2071,310,64,80,2040,141,2060,215
2041,2080,407,-32,0,2030,102,2050,322
2041,2080,412,128,16,2030,107,2060,212
2041,2080,416,-32,0,2040,141,2050,334
2041,2081,471,0,-16,2030,102,2060,200
2041,2081,476,128,0,2030,107,2060,212
2041,2081,480,-32,-16,2040,141,2050,334
2042,2080,114,-96,-16,2040,235,2051,81
2042,2080,125,32,-112,2031,474,2060,520
2042,2081,377,-96,0,2040,235,2051,81
2042,2081,390,32,-96,2031,474,2060,520
2044,2080,464,0,0,2030,307,2060,185
2044,2081,146,0,16,2030,307,2060,185
2045,2070,459,64,144,2040,295,2060,141
2045,2071,481,64,144,2040,295,2060,141
2045,2080,347,64,32,2040,295,2060,141
2045,2081,69,64,32,2040,295,2060,141
2047,2080,267,0,0,2031,337,2050,239
2047,2081,87,16,0,2040,176,2051,112
2049,2080,460,16,0,2031,233,2050,426
2049,2081,154,16,0,2031,233,2050,426
2050,2080,415,-144,144,2030,189,2050,377
2050,2081,276,-144,128,2030,189,2050,377
2051,2080,516,-80,32,2040,327,2061,424
2051,2081,65,-80,48,2040,327,2061,424
2052,2080,238,48,0,2041,305,2060,399
2052,2081,113,0,-16,2040,157,2050,191
2053,2080,483,32,0,2030,550,2060,248
2053,2080,496,16,-16,2031,204,2050,459
2053,2081,419,16,-32,2031,204,2050,459
2053,2081,427,-32,0,2040,131,2050,465
2054,2070,425,0,64,2040,405,2051,194
2054,2071,214,0,64,2040,405,2051,194
2054,2080,477,48,0,2031,313,2060,354
2054,2080,479,0,0,2030,126,2050,535
2054,2080,480,0,0,2040,405,2051,194
2054,2081,236,64,-16,2030,122,2060,354
2054,2081,238,0,0,2030,126,2050,535
2054,2081,239,0,0,2040,405,2051,194
2055,2080,381,48,0,2030,576,2060,470
2055,2081,348,48,0,2030,576,2060,470
2056,2080,309,16,-16,2041,210,2060,111
2056,2080,313,160,-32,2031,82,2050,357
2056,2081,279,48,0,2040,149,2060,111
2057,2070,402,16,80,2040,155,2050,192
2057,2071,520,16,80,2040,155,2050,192
2057,2080,275,32,-16,2041,374,2050,192
2057,2081,339,32,0,2041,374,2050,192
2059,2080,488,0,-16,2041,187,2051,253
2059,2081,288,0,-16,2041,187,2051,253
2060,2080,414,48,0,2030,357,2060,223
2060,2080,416,-32,16,2030,359,2050,179
2060,2080,419,0,0,2041,500,2051,456
2060,2080,442,48,-16,2040,129,2060,254
2060,2081,317,48,0,2030,359,2060,226
2060,2081,320,0,0,2041,500,2051,456
2060,2081,343,48,-32,2040,129,2060,254
2061,2080,382,0,-16,2031,181,2050,440
2061,2080,406,32,0,2031,215,2060,256
2061,2080,408,-16,0,2040,302,2050,464
2061,2080,414,48,0,2030,377,2060,264
2061,2081,66,0,-16,2031,181,2050,440
2061,2081,90,32,0,2031,215,2060,256
2061,2081,92,0,0,2040,302,2051,127
2061,2081,98,48,0,2030,377,2060,264
2062,2080,362,48,-16,2031,252,2060,214
2062,2080,367,0,-16,2040,143,2050,185
2062,2081,315,16,0,2031,243,2051,382
2062,2081,320,48,0,2031,252,2060,214
2062,2081,324,0,-32,2040,143,2050,185
2063,2070,446,0,80,2041,398,2061,68
2063,2071,47,0,64,2041,398,2061,68
2063,2080,246,-16,0,2041,412,2050,154
2063,2081,367,-16,0,2041,412,2050,154
2064,2070,243,32,64,2030,552,2061,514
2064,2071,377,32,48,2030,552,2061,514
2064,2080,407,0,16,2041,56,2050,462
2064,2080,421,32,0,2030,552,2061,514
2064,2080,431,0,0,2040,217,2050,488
2064,2081,142,0,0,2041,56,2050,462
2064,2081,147,32,-16,2031,281,2060,330
2064,2081,158,0,-16,2031,292,2051,116
2064,2081,168,32,0,2031,309,2060,357
2065,2080,318,0,-16,2031,275,2051,139
2065,2081,458,-32,0,2031,275,2050,370
2066,2080,322,-32,0,2030,541,2050,250
2066,2080,340,-16,0,2030,564,2060,467
2066,2081,112,-32,16,2030,541,2050,250
2066,2081,128,-16,0,2030,564,2060,467
2067,2080,358,-16,0,2030,165,2050,323
2067,2080,374,48,0,2031,216,2060,255
2067,2080,378,64,32,2030,179,2060,257
2067,2081,126,-16,-16,2030,165,2050,323
2067,2081,142,64,-16,2040,296,2060,255
2067,2081,145,64,0,2030,179,2060,257
2068,2080,286,16,0,2040,334,2050,253
2068,2081,134,32,0,2041,501,2050,253
2070,2080,524,-16,-32,2040,135,2050,489
2070,2081,324,-16,-48,2040,135,2050,489
2071,2070,448,0,48,2041,399,2060,183
2071,2071,489,0,48,2041,399,2060,183
2071,2080,94,16,-32,2031,221,2050,149
2071,2080,106,16,-16,2040,374,2060,195
2071,2081,468,16,-32,2031,221,2050,149
2071,2081,479,-32,-16,2040,374,2050,163
2073,2080,271,16,-16,2040,339,2051,174
2073,2080,274,16,0,2031,543,2050,231
2073,2081,459,16,0,2040,339,2051,174
2073,2081,462,16,16,2031,543,2050,231
2074,2070,419,32,64,2041,359,2060,255
2074,2070,424,16,64,2040,107,2060,276
2074,2071,450,16,80,2040,107,2060,276
2074,2080,194,48,-16,2030,219,2060,255
2074,2080,213,48,0,2041,387,2060,276
2074,2080,215,80,0,2030,249,2060,280
2074,2081,51,48,-16,2030,219,2060,255
2074,2081,69,48,0,2041,387,2060,276
2074,2081,71,80,-16,2030,249,2060,280
2075,2070,605,-160,32,2030,543,2061,496
2075,2071,114,-160,32,2030,543,2061,496
2075,2080,396,-80,96,2030,550,2060,349
2075,2080,411,96,0,2041,655,2060,371
2075,2081,183,-80,96,2030,550,2060,349
2075,2081,199,112,0,2030,572,2060,371
2076,2080,358,32,0,2030,226,2060,186
2076,2080,380,64,-16,2030,255,2060,212
2076,2081,556,32,0,2030,226,2060,186
2076,2081,576,48,0,2040,307,2060,212
2078,2080,282,48,-16,2031,354,2060,309
2078,2081,119,48,-32,2031,354,2060,309
2078,2081,126,-16,-96,2030,420,2050,211
2079,2070,244,16,64,2040,225,2060,199
2079,2071,368,16,48,2040,225,2060,199
2079,2080,311,-48,16,2040,225,2050,290
2079,2081,383,-48,16,2040,225,2050,290
2080,2080,298,144,16,2031,216,2060,259
2080,2081,187,144,16,2031,216,2060,259
2081,2080,575,80,0,2041,395,2060,221
2081,2080,578,64,0,2030,138,2060,225
2081,2080,587,16,0,2031,187,2051,485
2081,2080,599,0,0,2030,157,2050,553
2081,2080,610,48,-64,2040,308,2060,256
2081,2081,317,96,0,2031,176,2060,221
2081,2081,318,64,-16,2030,138,2060,225
2081,2081,327,16,0,2031,187,2051,485
2081,2081,337,0,-16,2030,157,2050,553
2081,2081,349,48,-16,2040,308,2060,256
2082,2080,229,16,-16,2031,353,2050,197
2082,2081,80,16,-48,2031,353,2050,197
2084,2070,387,0,128,2041,350,2051,173
2084,2071,548,0,112,2041,350,2051,173
2084,2080,206,-16,0,2030,272,2050,104
2084,2080,208,16,-48,2041,314,2050,105
2084,2080,216,160,-16,2040,66,2060,487
2084,2080,219,16,0,2030,287,2050,120
2084,2080,227,48,-32,2031,459,2050,135
2084,2080,231,0,16,2041,350,2051,173
2084,2081,390,-16,0,2040,48,2050,99
2084,2081,395,-16,-32,2030,272,2050,104
2084,2081,397,16,-16,2041,314,2050,105
2084,2081,405,160,-16,2040,66,2060,487
2084,2081,408,0,0,2031,445,2050,120
2084,2081,416,48,-48,2031,459,2050,135
2084,2081,420,0,0,2041,350,2051,173
2085,2070,377,48,80,2030,104,2060,183
2085,2071,442,48,96,2030,104,2060,183
2085,2080,232,32,-16,2041,319,2060,170
2085,2080,246,-32,0,2040,209,2050,302
2085,2080,253,-16,0,2030,104,2050,306
2085,2081,383,32,-48,2041,319,2060,170
2085,2081,398,-32,-16,2040,209,2050,302
2085,2081,406,-16,-16,2030,104,2050,306
2087,2070,422,16,112,2030,297,2050,78
2087,2070,425,32,64,2041,350,2060,124
2087,2071,69,32,32,2041,350,2060,124
2087,2080,271,0,0,2031,138,2050,75
2087,2080,272,16,0,2030,297,2050,78
2087,2080,286,-48,16,2030,314,2050,93
2087,2080,289,0,0,2040,403,2051,246
2087,2081,202,0,-16,2031,138,2050,75
2087,2081,203,32,-16,2031,139,2050,78
2087,2081,217,-48,16,2030,314,2050,93
2087,2081,220,0,0,2031,163,2050,98
2088,2080,191,0,0,2040,117,2051,62
2088,2080,214,0,16,2030,260,2050,174
2088,2080,222,80,-16,2030,266,2060,339
2088,2081,273,0,16,2040,117,2051,62
2088,2081,295,0,16,2030,260,2050,174
2088,2081,302,80,-16,2030,266,2060,339
2090,2080,340,48,-16,2031,138,2060,184
2090,2080,346,32,32,2030,109,2050,400
2090,2081,71,48,-32,2031,138,2060,184
2090,2081,76,32,16,2030,109,2050,400
2091,2070,477,32,96,2040,443,2060,229
2091,2071,180,32,80,2040,443,2060,229
2091,2080,351,32,0,2040,443,2060,229
2091,2080,365,-32,0,2040,464,2051,312
2091,2081,159,32,0,2040,443,2060,229
2092,2080,336,0,0,2031,132,2050,276
2092,2081,416,0,0,2031,132,2050,276
2094,2070,513,32,64,2041,471,2060,422
2094,2071,594,32,64,2041,471,2060,422
2094,2080,267,48,0,2030,535,2060,416
2094,2080,273,48,-16,2040,331,2060,422
2094,2081,145,64,0,2031,377,2060,416
2094,2081,151,48,-48,2040,331,2060,422
2095,2071,510,16,64,2031,74,2060,121
2095,2080,341,32,0,2040,279,2060,121
2095,2080,351,-16,0,2031,85,2050,197
2095,2081,242,48,0,2030,481,2060,121
2095,2081,252,-16,-48,2031,85,2050,197
2096,2080,378,0,0,2040,277,2050,346
2096,2081,137,0,-16,2040,277,2050,346
2097,2070,421,16,-32,2040,378,2050,524
2097,2071,620,32,80,2030,588,2060,332
2097,2080,457,0,0,2030,580,2051,111
2097,2080,460,-16,-32,2031,274,2060,326
2097,2080,484,16,0,2040,410,2060,354
2097,2080,485,48,16,2031,311,2060,357
2097,2081,235,0,0,2040,367,2050,515
2097,2081,238,-16,-48,2031,274,2060,326
2097,2081,262,16,-16,2040,410,2060,354
2097,2081,263,48,16,2031,311,2060,357
2099,2080,443,32,0,2041,183,2060,274
2099,2080,470,0,0,2041,214,2051,141
2099,2081,539,-16,0,2041,183,2050,395
2099,2081,563,0,-32,2041,214,2051,141
2100,2080,373,80,0,2040,263,2060,198
2100,2080,392,80,0,2040,289,2060,213
2100,2081,538,80,-16,2040,263,2060,198
2103,2080,498,64,-32,2040,304,2060,264
2103,2081,142,64,0,2040,304,2060,264
2105,2080,302,0,16,2030,342,2050,78
2105,2081,52,16,-16,2031,148,2050,78
2106,2070,367,-96,0,2030,246,2060,153
2106,2071,505,-96,0,2030,246,2060,153
2106,2080,439,16,-16,2030,221,2050,92
2106,2080,448,-32,-16,2041,400,2050,107
2106,2080,462,-96,-48,2030,246,2060,153
2106,2081,316,16,-16,2030,221,2050,92
2106,2081,323,-32,-16,2041,400,2050,107
2106,2081,337,-96,-96,2030,246,2060,153
2107,2070,406,0,48,2031,249,2060,206
2107,2071,87,0,16,2031,249,2060,206
2107,2080,112,32,0,2040,367,2060,192
2107,2080,128,0,-32,2031,249,2060,206
2107,2081,263,-16,-16,2040,367,2050,162
2107,2081,279,0,-64,2031,249,2060,206
2108,2080,296,48,-16,2041,456,2060,235
2108,2081,521,48,-16,2041,456,2060,235
2109,2070,484,-144,16,2030,298,2051,205
2109,2071,382,-144,0,2030,298,2051,205
2109,2080,285,-16,0,2040,465,2051,222
2109,2081,423,-16,-16,2040,465,2051,222
2110,2071,484,48,80,2030,377,2060,461
2110,2080,269,64,0,2031,417,2060,461
2110,2081,84,64,-16,2031,417,2060,461
2111,2070,459,16,80,2040,157,2060,200
2111,2080,330,0,0,2040,156,2050,116
2111,2080,334,16,-16,2040,157,2060,200
2111,2080,335,-16,0,2030,376,2051,279
2111,2081,485,0,0,2040,156,2050,116
2111,2081,490,16,-16,2040,157,2060,200
2112,2080,204,64,0,2031,89,2060,48
2112,2080,206,16,0,2040,271,2051,158
2112,2080,214,16,-16,2041,399,2060,55
2112,2080,216,0,0,2030,355,2051,166
2112,2081,307,80,0,2041,386,2060,48
2112,2081,317,16,-32,2041,399,2060,55
2112,2081,319,0,0,2030,355,2051,166
2113,2071,437,80,80,2040,120,2060,260
2113,2080,227,96,0,2041,392,2060,260
2113,2081,78,96,-16,2041,392,2060,260
2113,2081,90,16,-16,2030,364,2051,196
2114,2080,380,-16,0,2040,105,2060,281
2114,2081,328,-16,-16,2040,105,2060,281
2116,2080,198,0,0,2030,332,2050,124
2116,2081,76,0,-16,2030,332,2050,124
2117,2070,445,0,48,2040,105,2060,279
2117,2080,232,0,-16,2031,343,2050,166
2117,2080,240,0,0,2030,277,2050,173
2117,2081,80,0,0,2031,343,2050,166
2117,2081,88,0,-16,2030,277,2050,173
2118,2080,216,48,-16,2030,445,2060,248
2118,2081,414,48,-48,2030,445,2060,248
2119,2080,511,16,-16,2031,261,2051,190
2119,2080,530,16,0,2030,247,2051,213
2119,2081,114,16,0,2031,261,2051,190
2120,2080,495,48,-16,2031,239,2060,279
2120,2080,501,0,-16,2030,178,2050,461
2120,2080,509,48,0,2040,225,2061,120
2120,2081,401,48,-16,2031,239,2060,279
2120,2081,406,0,-16,2030,178,2050,461
2120,2081,415,0,-16,2031,264,2050,471
2121,2080,174,0,-32,2040,242,2050,138
2121,2081,385,0,-16,2040,242,2050,138
2123,2071,91,32,96,2041,448,2060,326
2123,2080,246,32,-48,2041,448,2060,326
2123,2081,297,32,-32,2041,448,2060,326
2124,2071,514,0,32,2030,503,2060,416
2124,2080,329,-128,-144,2030,484,2050,372
2124,2080,338,16,0,2041,286,2061,127
2124,2081,185,-128,-160,2030,484,2050,372
2124,2081,193,16,-16,2041,286,2061,127
2125,2070,354,48,48,2041,381,2060,237
2125,2080,132,0,-32,2040,189,2060,230
2125,2080,138,48,-16,2040,195,2050,104
2125,2080,144,80,0,2030,417,2060,237
2125,2081,302,0,-32,2040,189,2060,230
2125,2081,308,48,-16,2040,195,2050,104
2125,2081,313,80,0,2030,417,2060,237
2126,2080,407,32,0,2031,229,2061,71
2127,2070,372,32,64,2031,253,2060,208
2127,2080,436,48,-16,2031,232,2060,183
2127,2080,457,-16,0,2040,129,2050,292
2127,2081,64,48,0,2031,232,2060,183
2127,2081,86,-16,0,2040,129,2050,292
2128,2080,488,-32,0,2040,87,2051,525
2128,2080,492,16,0,2031,224,2050,151
2128,2080,495,80,0,2030,338,2060,189
2128,2080,501,80,32,2030,340,2060,192
2128,2081,294,-32,-32,2040,87,2051,525
2128,2081,300,16,-16,2031,224,2050,151
2128,2081,303,80,0,2030,338,2060,189
2128,2081,309,80,16,2030,340,2060,192
2129,2071,639,16,80,2041,387,2060,297
2129,2080,502,32,0,2030,201,2060,297
2129,2080,529,-16,0,2040,372,2050,600
2129,2080,535,-32,0,2031,291,2050,612
2129,2081,164,16,0,2041,387,2060,297
2129,2081,191,0,0,2040,372,2051,487
2129,2081,196,-16,0,2031,291,2051,498
2130,2080,360,-16,0,2031,191,2051,307
2130,2081,522,-16,0,2031,191,2051,307
2131,2070,440,32,48,2030,137,2060,207
2131,2071,506,32,64,2030,137,2060,207
2131,2080,334,0,0,2041,385,2050,297
2131,2080,347,0,0,2031,156,2051,258
2131,2080,356,0,0,2040,240,2050,321
2131,2081,445,0,-16,2041,385,2050,297
2131,2081,457,0,0,2031,156,2051,258
2132,2080,483,-48,-64,2040,207,2050,449
2132,2081,387,-48,-80,2040,207,2050,449
2134,2080,392,64,0,2031,128,2060,169
2134,2080,404,80,0,2031,147,2060,184
2134,2081,295,80,-16,2041,98,2060,169
2134,2081,307,80,-16,2031,147,2060,184
2135,2080,248,-32,-32,2040,486,2060,340
2135,2080,260,0,0,2030,550,2051,187
2135,2080,264,64,-16,2040,504,2060,355
2135,2081,208,-32,-48,2040,486,2060,340
2135,2081,221,0,0,2041,144,2050,319
2135,2081,225,64,-32,2040,504,2060,355
2137,2080,242,48,0,2040,365,2060,123
2137,2080,245,48,-16,2041,328,2060,124
2137,2080,260,16,-16,2040,391,2051,212
2137,2081,427,48,-16,2040,365,2060,123
2137,2081,431,48,-16,2041,328,2060,124
2138,2070,513,64,128,2040,358,2060,164
2138,2071,94,64,128,2040,358,2060,164
2138,2080,241,-16,0,2040,346,2050,286
2138,2080,247,64,16,2040,358,2060,164
2138,2080,248,48,0,2041,459,2060,165
2138,2081,101,-16,-16,2040,346,2050,286
2138,2081,108,64,16,2040,358,2060,164
2138,2081,109,48,0,2041,459,2060,165
2139,2070,293,32,80,2031,440,2060,398
2139,2071,463,32,96,2031,440,2060,398
2139,2080,262,96,32,2030,189,2050,225
2139,2080,263,32,0,2031,440,2060,398
2139,2081,490,32,0,2031,440,2060,398
2140,2080,389,0,0,2031,185,2050,354
2140,2080,398,-48,16,2030,48,2050,362
2140,2081,289,0,0,2031,185,2050,354
2140,2081,298,-48,16,2030,48,2050,362
2142,2080,487,48,-16,2040,301,2060,268
2142,2081,127,48,-16,2040,301,2060,268
2143,2070,534,16,80,2031,124,2060,168
2143,2071,459,16,80,2031,124,2060,168
2143,2080,318,-32,0,2031,124,2050,371
2143,2080,322,32,0,2040,242,2060,175
2143,2080,330,64,-16,2031,140,2060,188
2143,2080,334,0,0,2030,223,2050,396
2143,2081,545,-32,-16,2031,124,2050,371
2143,2081,549,0,0,2031,128,2051,293
2143,2081,556,96,0,2030,217,2060,188
2143,2081,561,0,-16,2030,223,2050,396
2144,2080,296,16,0,2040,357,2050,220
2144,2081,455,32,160,2031,157,2061,75
2144,2081,462,32,-16,2031,173,2050,220
2145,2080,198,32,32,2030,392,2050,166
2145,2081,134,32,16,2030,392,2050,166
2146,2080,427,64,-16,2040,203,2060,165
2146,2080,443,80,48,2030,283,2050,356
2146,2080,451,48,0,2031,148,2060,192
2146,2081,297,64,0,2031,105,2060,154
2146,2081,304,96,0,2031,111,2060,165
2146,2081,321,80,32,2030,283,2050,356
2146,2081,328,-32,0,2031,148,2050,366
2148,2080,273,64,0,2030,432,2060,328
2149,2080,168,48,0,2031,287,2060,251
2149,2081,481,48,0,2031,287,2060,251
2150,2080,327,16,0,2040,172,2050,370
2150,2080,335,64,-16,2040,176,2060,142
2150,2080,342,64,0,2040,188,2060,149
2150,2081,211,16,-16,2040,172,2050,370
2150,2081,224,0,0,2031,112,2050,385
2151,2080,373,32,-32,2031,104,2060,141
2151,2080,375,48,0,2031,107,2060,143
2151,2080,383,0,0,2030,441,2050,349
2151,2081,463,32,-16,2031,104,2060,141
2151,2081,464,64,0,2041,218,2060,143
2151,2081,471,0,0,2030,441,2050,349
2152,2080,334,0,0,2040,253,2051,192
2152,2081,382,0,-16,2040,253,2051,192
2153,2080,343,-48,-16,2031,93,2050,393
2153,2080,344,-16,0,2030,60,2050,396
2153,2080,354,16,16,2040,198,2050,404
2153,2080,356,-48,112,2031,111,2061,440
2153,2081,310,-48,0,2031,93,2050,393
2153,2081,311,-16,0,2030,60,2050,396
2153,2081,321,16,-16,2040,198,2050,404
2153,2081,323,-48,64,2031,111,2061,440
2154,2080,346,48,0,2030,580,2060,458
2154,2080,349,-128,128,2031,511,2061,544
2154,2081,163,64,0,2040,214,2060,458
2154,2081,167,-128,128,2031,511,2061,544
2155,2080,185,0,-32,2030,56,2050,119
2155,2081,326,0,-64,2030,56,2050,119
2156,2070,434,16,96,2040,405,2050,120
2156,2080,189,32,0,2030,330,2050,120
2156,2081,293,32,0,2030,330,2050,120
2158,2070,243,32,48,2040,90,2060,357
2158,2070,247,16,80,2041,190,2060,371
2158,2071,542,32,80,2040,90,2060,357
2158,2071,549,16,64,2041,190,2060,371
2159,2080,437,80,0,2040,313,2060,270
2159,2081,128,80,0,2040,313,2060,270
2160,2070,424,0,64,2040,461,2060,150
2160,2071,499,0,48,2040,461,2060,150
2160,2080,305,16,-32,2040,455,2060,142
2160,2081,256,16,-32,2040,455,2060,142
2161,2080,233,-16,0,2041,426,2051,204
2161,2081,175,-16,-16,2041,426,2051,204
2162,2080,212,-16,0,2041,331,2050,179
2162,2081,454,48,0,2041,331,2060,396
2163,2081,66,64,0,2031,354,2060,328
2164,2080,372,-16,16,2040,83,2050,348
2164,2080,374,-16,0,2031,247,2050,350
2164,2081,46,-16,-16,2040,83,2050,348
2164,2081,48,-16,-16,2031,247,2050,350
2165,2080,326,16,-32,2030,400,2050,291
2165,2081,373,16,-16,2030,400,2050,291
2166,2070,484,0,48,2040,394,2050,92
2166,2071,154,0,64,2040,394,2050,92
2166,2080,314,0,-32,2040,394,2050,92
2166,2080,323,16,0,2031,204,2050,105
2166,2081,128,0,-48,2040,394,2050,92
2166,2081,136,16,0,2031,204,2050,105
2167,2080,366,0,0,2031,249,2051,394
2167,2080,381,-16,-16,2031,272,2050,338
2167,2081,132,16,0,2040,93,2061,52
2167,2081,147,32,0,2031,272,2061,68
2168,2080,366,-16,0,2030,203,2051,177
2168,2081,82,-16,0,2030,203,2051,177
2169,2080,347,-16,0,2031,438,2050,315
2169,2081,213,-16,0,2031,438,2050,315
2170,2080,334,48,0,2031,217,2061,162
2170,2081,513,-32,16,2031,217,2050,392
2171,2080,151,64,0,2031,340,2060,376
2171,2080,171,32,-32,2031,360,2060,393
2171,2080,182,16,0,2031,368,2050,141
2171,2081,245,64,0,2031,340,2060,376
2171,2081,265,32,-48,2031,360,2060,393
2172,2070,518,-16,112,2041,472,2051,357
2172,2071,529,-16,112,2041,472,2051,357
2172,2080,403,0,0,2031,251,2050,183
2172,2080,406,-16,0,2041,472,2051,357
2172,2081,126,-16,0,2041,472,2051,357
2173,2080,227,16,-16,2031,444,2050,195
2173,2080,236,48,0,2040,284,2060,481
2173,2081,307,16,-16,2031,444,2050,195
2173,2081,315,64,-16,2031,454,2060,481
2174,2070,179,48,64,2040,70,2060,285
2174,2071,448,48,64,2040,70,2060,285
2174,2080,341,0,-16,2030,423,2051,185
2174,2080,352,32,-16,2040,68,2060,284
2174,2081,215,-32,0,2030,423,2050,390
2174,2081,227,32,-16,2040,68,2060,284
2175,2080,313,64,0,2040,205,2060,161
2175,2080,314,16,0,2040,208,2050,280
2175,2081,470,64,0,2040,205,2060,161
2175,2081,471,16,0,2040,208,2050,280
2176,2080,300,0,0,2030,458,2050,351
2176,2081,113,0,0,2030,458,2050,351
2177,2070,275,0,96,2040,193,2051,70
2177,2080,327,16,0,2031,149,2060,178
2177,2081,282,0,0,2031,129,2050,362
2177,2081,299,-16,-16,2030,116,2050,380
2178,2070,539,-32,128,2031,274,2060,235
2178,2071,391,-32,112,2031,274,2060,235
2178,2080,303,0,0,2031,260,2051,108
2178,2080,313,-32,32,2031,274,2060,235
2178,2080,320,32,16,2040,205,2050,377
2178,2081,402,0,0,2031,260,2051,108
2178,2081,410,-32,32,2031,274,2060,235
2178,2081,417,32,16,2040,205,2050,377
2179,2080,274,48,0,2031,355,2060,308
2179,2081,512,32,0,2040,173,2060,308
2179,2081,516,-16,0,2040,175,2050,208
2180,2080,352,96,-16,2040,274,2060,230
2180,2080,371,0,0,2031,215,2050,338
2180,2081,472,96,-16,2040,274,2060,230
2180,2081,489,16,-16,2030,171,2050,338
2181,2081,354,80,64,2041,416,2050,106
2182,2070,295,16,32,2030,171,2060,253
2182,2070,297,32,80,2030,176,2060,257
2182,2071,351,16,32,2030,171,2060,253
2182,2071,353,32,64,2030,176,2060,257
2182,2080,428,0,-16,2040,96,2050,136
2182,2080,430,48,0,2031,220,2060,257
2182,2081,459,0,-32,2040,96,2050,136
2182,2081,461,48,0,2031,220,2060,257
2183,2080,307,32,0,2031,164,2050,213
2183,2080,320,48,-16,2040,376,2060,133
2183,2081,443,32,-16,2031,164,2050,213
2183,2081,456,48,0,2040,376,2060,133
2185,2080,339,16,-16,2031,426,2050,250
2186,2080,308,48,-16,2030,418,2060,178
2186,2080,332,48,0,2030,446,2060,205
2186,2081,259,48,-16,2030,418,2060,178
2186,2081,280,-16,0,2031,248,2050,171
2187,2080,407,64,0,2041,314,2060,198
2187,2080,414,-16,0,2040,252,2060,204
2187,2081,76,-16,0,2041,314,2050,372
2187,2081,84,-16,0,2040,252,2060,204
2188,2071,437,-48,-80,2040,76,2050,302
2188,2071,440,0,16,2030,415,2060,251
2188,2080,336,0,0,2040,81,2050,306
2188,2080,351,16,0,2031,226,2050,317
2188,2081,46,0,-16,2040,81,2050,306
2188,2081,60,16,-32,2031,226,2050,317
2189,2070,416,0,80,2031,361,2060,328
2189,2071,525,0,64,2031,361,2060,328
2189,2071,529,-16,32,2040,161,2061,484
2189,2080,242,0,-16,2031,361,2060,328
2189,2080,266,-32,0,2040,161,2060,352
2189,2081,174,0,-32,2031,361,2060,328
2189,2081,197,-32,0,2040,161,2060,352
2190,2080,314,64,-48,2040,234,2060,196
2190,2080,323,-16,0,2040,244,2050,371
2190,2081,66,64,-64,2040,234,2060,196
2190,2081,77,-32,-32,2040,244,2051,297
2191,2080,563,48,208,2041,396,2061,464
2191,2080,583,80,0,2031,277,2060,318
2191,2081,175,48,192,2041,396,2061,464
2191,2081,184,-16,0,2040,360,2050,533
2191,2081,193,80,16,2031,277,2060,318
2192,2070,435,128,80,2040,264,2050,205
2192,2071,91,128,64,2040,264,2050,205
2192,2080,327,64,0,2040,283,2060,139
2192,2081,240,80,-16,2030,482,2060,139
2192,2081,244,-32,16,2040,290,2050,223
2193,2080,250,-64,0,2040,311,2050,210
2193,2080,270,48,0,2030,534,2050,231
2193,2081,148,-64,-16,2040,311,2050,210
2193,2081,166,-16,0,2031,370,2050,231
2194,2080,140,0,-32,2030,95,2050,184
2194,2080,142,0,0,2040,355,2050,186
2194,2081,327,0,-16,2030,95,2050,184
2194,2081,329,0,0,2040,355,2050,186
2194,2081,343,48,208,2031,283,2061,317
2195,2080,415,64,0,2031,193,2050,477
2195,2081,89,48,0,2030,547,2050,477
2196,2080,409,48,-16,2041,202,2060,159
2196,2081,463,48,16,2041,202,2060,159
2197,2070,382,48,112,2040,178,2060,74
2197,2071,392,48,96,2040,178,2060,74
2197,2080,259,48,-16,2040,178,2060,74
2197,2081,2,48,-16,2040,178,2060,74
2198,2080,453,-32,0,2040,216,2050,411
2198,2081,355,-32,-16,2040,216,2050,411
2199,2080,468,32,-16,2031,311,2060,276
2199,2081,243,32,0,2031,311,2060,276
2200,2080,502,80,0,2031,205,2060,253
2200,2080,511,48,0,2031,210,2051,326
2200,2080,525,0,16,2030,193,2050,488
2200,2081,135,80,0,2031,205,2060,253
2202,2070,291,-32,48,2031,187,2061,54
2202,2070,299,0,64,2041,159,2051,489
2202,2071,76,-32,48,2031,187,2061,54
2202,2071,83,0,64,2041,159,2051,489
2202,2080,462,-16,0,2041,159,2050,347
2202,2081,106,-32,64,2031,187,2061,54
2202,2081,116,-16,-16,2041,159,2050,347
2203,2080,475,0,0,2030,174,2051,121
2204,2080,229,-16,32,2030,324,2050,139
2204,2080,231,32,0,2040,108,2050,145
2204,2080,237,0,0,2041,275,2051,190
2204,2080,252,-160,160,2031,371,2061,454
2204,2081,50,-16,16,2030,324,2050,139
2204,2081,52,0,-16,2041,272,2050,145
2204,2081,58,0,0,2041,275,2051,190
2204,2081,73,-160,160,2031,371,2061,454
2205,2080,270,64,0,2040,327,2060,164
2205,2080,277,0,-16,2030,512,2050,240
2205,2080,289,0,32,2040,351,2050,251
2205,2081,401,-16,-16,2040,327,2050,232
2205,2081,408,0,0,2030,512,2050,240
2205,2081,421,0,32,2040,351,2050,251
2206,2080,320,16,0,2030,457,2050,147
2207,2080,525,0,-16,2031,204,2051,165
2207,2081,443,0,0,2031,204,2051,165
2210,2080,243,-16,0,2031,352,2050,204
2210,2080,246,80,0,2031,361,2060,309
2210,2081,519,-16,0,2031,352,2050,204
2210,2081,523,80,-16,2031,361,2060,309
2211,2080,469,128,288,2030,197,2061,163
2211,2081,505,112,272,2030,197,2060,270
2212,2070,536,16,48,2040,287,2061,90
2212,2071,545,16,48,2040,287,2061,90
2212,2080,395,0,16,2031,243,2050,158
2212,2080,411,96,0,2040,313,2060,222
2212,2080,413,16,0,2030,448,2050,182
2212,2081,126,0,0,2031,243,2050,158
2212,2081,142,96,-16,2040,313,2060,222
2212,2081,144,16,-16,2030,448,2050,182
2212,2081,150,0,0,2030,456,2051,365
2214,2080,199,16,16,2030,123,2051,90
2214,2080,216,48,0,2041,364,2060,468
2214,2080,217,32,32,2031,436,2050,262
2214,2081,320,48,0,2041,364,2060,468
2214,2081,321,32,64,2031,436,2050,262
2215,2080,208,0,0,2040,128,2050,163
2215,2080,216,0,0,2041,327,2050,178
2215,2081,466,48,0,2030,252,2060,387
2215,2081,473,0,0,2041,327,2050,178
2216,2080,246,-160,160,2040,499,2061,139
2216,2080,254,32,0,2031,411,2060,361
2216,2081,569,-160,176,2040,499,2061,139
2216,2081,577,16,0,2030,318,2060,361
2217,2070,370,32,48,2040,295,2061,262
2217,2071,445,32,48,2040,295,2061,262
2217,2080,197,-16,0,2031,115,2051,157
2217,2080,215,0,-16,2030,427,2051,170
2217,2080,216,-32,0,2031,137,2050,72
2217,2081,378,-16,0,2031,115,2051,157
2217,2081,395,0,0,2030,427,2051,170
2217,2081,396,-32,-16,2031,137,2050,72
2218,2070,497,144,192,2041,246,2060,208
2218,2071,266,144,208,2041,246,2060,208
2218,2080,353,0,0,2040,449,2050,272
2218,2081,112,0,-16,2040,449,2050,272
2219,2080,426,64,-32,2040,160,2060,123
2219,2081,49,64,-32,2040,160,2060,123
2220,2080,437,48,16,2041,326,2060,221
2220,2081,112,48,0,2041,326,2060,221
2221,2080,186,-16,-16,2031,312,2050,154
2221,2081,54,64,0,2031,312,2060,275
2222,2080,315,16,0,2031,348,2060,392
2222,2080,317,0,0,2031,355,2050,206
2222,2081,132,32,0,2030,497,2060,392
2222,2081,134,0,0,2031,355,2050,206
2223,2080,422,0,-16,2030,100,2050,331
2223,2081,63,0,-16,2030,100,2050,331
2224,2070,439,-32,64,2030,378,2060,310
2224,2080,227,32,-16,2030,373,2050,198
2224,2080,230,0,0,2031,346,2050,202
2224,2081,161,32,-16,2030,373,2050,198
2224,2081,164,0,16,2031,346,2050,202
2227,2070,459,0,80,2041,355,2051,264
2227,2070,463,16,32,2041,373,2060,155
2227,2071,330,0,64,2041,355,2051,264
2227,2071,335,16,48,2041,373,2060,155
2227,2080,326,-16,0,2040,449,2050,122
2227,2081,253,-16,0,2040,449,2050,122
2228,2080,283,32,-16,2040,152,2060,401
2228,2081,235,32,0,2040,152,2060,401
2229,2071,512,16,48,2040,64,2060,156
2229,2080,411,-16,0,2040,64,2050,461
2229,2080,437,64,-32,2040,103,2060,191
2229,2081,377,-16,-16,2040,64,2050,461
2229,2081,401,64,-32,2040,103,2060,191
2230,2080,186,32,0,2030,378,2050,251
2230,2080,196,48,0,2031,350,2060,304
2230,2080,198,16,-16,2031,353,2050,266
2230,2081,124,32,-16,2030,378,2050,251
2230,2081,134,16,-16,2031,353,2050,266
2231,2080,327,16,-16,2040,250,2050,164
2231,2081,128,16,-16,2040,250,2050,164
2233,2080,181,16,32,2031,375,2051,96
2233,2080,186,48,-16,2040,244,2060,407
2233,2080,201,32,0,2041,331,2060,423
2233,2081,273,16,16,2031,375,2051,96
2233,2081,280,48,-16,2040,244,2060,407
2233,2081,295,48,0,2040,256,2060,423
2234,2080,323,144,144,2041,151,2050,378
2234,2080,329,0,-112,2041,154,2050,384
2234,2080,351,160,192,2031,318,2050,405
2234,2081,120,144,144,2041,151,2050,378
2234,2081,126,0,-144,2041,154,2050,384
2234,2081,131,-16,-16,2031,299,2050,392
2234,2081,146,160,176,2031,318,2050,405
2235,2080,411,48,0,2040,124,2060,223
2235,2080,414,-32,0,2031,182,2050,343
2235,2080,422,0,-16,2041,312,2050,353
2235,2081,462,48,0,2040,124,2060,223
2235,2081,466,16,-16,2031,182,2060,225
2235,2081,474,0,-16,2041,312,2050,353
2236,2080,199,32,32,2040,259,2050,166
2236,2080,212,0,0,2030,475,2050,178
2236,2080,221,64,0,2041,419,2060,330
2236,2081,73,80,-16,2031,377,2060,330
2237,2080,414,80,0,2031,213,2060,258
2237,2081,465,80,-16,2031,213,2060,258
2239,2080,570,0,-16,2031,278,2050,531
2239,2081,197,0,-16,2031,278,2050,531
2240,2080,238,0,0,2030,362,2050,187
2240,2081,46,0,0,2030,362,2050,187
2241,2070,531,-16,80,2041,489,2050,151
2241,2080,362,-16,16,2041,489,2050,151
2241,2081,608,-16,0,2041,489,2050,151
2242,2080,192,48,0,2030,254,2060,387
2242,2081,357,48,0,2030,254,2060,387
2243,2080,387,64,-32,2040,284,2060,136
2243,2081,64,64,-48,2040,284,2060,136
2244,2080,124,0,0,2040,353,2060,220
2244,2081,95,0,-16,2040,353,2060,220
2245,2080,382,-96,-16,2031,80,2051,208
2245,2080,392,32,-16,2030,64,2050,451
2245,2081,351,-96,16,2031,80,2051,208
2245,2081,362,32,-32,2030,64,2050,451
2246,2070,555,16,48,2040,144,2060,459
2246,2071,597,16,48,2040,144,2060,459
2246,2080,284,-48,16,2030,324,2050,199
2246,2080,291,16,-16,2030,333,2060,464
2246,2080,294,-64,-80,2030,339,2050,209
2246,2080,298,-16,0,2031,427,2050,212
2246,2081,365,-48,0,2030,324,2050,199
2246,2081,372,16,0,2030,333,2060,464
2246,2081,375,-64,-80,2030,339,2050,209
2246,2081,379,-16,0,2031,427,2050,212
2247,2080,230,0,-16,2030,56,2050,193
2247,2080,241,32,0,2040,420,2050,209
2247,2081,90,0,-16,2030,56,2050,193
2247,2081,97,32,-32,2030,66,2050,200
2247,2081,99,32,0,2040,420,2050,209
2248,2080,455,-80,80,2030,153,2050,414
2248,2080,463,64,-48,2040,209,2060,582
2248,2080,486,96,-16,2040,227,2060,596
2248,2081,371,64,-64,2040,209,2060,582
2248,2081,393,96,-16,2040,227,2060,596
2249,2070,416,32,48,2031,314,2060,280
2249,2071,349,32,48,2031,314,2060,280
2249,2080,190,64,16,2041,362,2060,278
2249,2080,193,32,-16,2040,244,2060,282
2249,2080,212,0,0,2040,272,2050,180
2249,2081,428,64,16,2041,362,2060,278
2249,2081,429,32,32,2031,314,2060,280
2249,2081,431,32,-16,2040,244,2060,282
2249,2081,447,0,0,2040,272,2050,180
2252,2080,375,64,0,2030,518,2060,435
2252,2080,378,32,0,2031,479,2060,440
2253,2080,290,-160,-80,2030,118,2060,389
2253,2080,291,-32,0,2030,120,2050,263
2253,2081,180,-160,-64,2030,118,2060,389
2253,2081,181,-32,0,2030,120,2050,263
2253,2081,193,-160,144,2030,138,2061,168
2254,2080,227,16,-16,2030,435,2060,360
2254,2081,100,16,-16,2030,435,2060,360
2257,2080,351,0,0,2031,218,2050,139
2257,2080,368,16,0,2031,234,2050,153
2257,2081,261,0,-48,2031,218,2050,139
2257,2081,277,0,0,2030,536,2050,153
2258,2080,227,-16,0,2030,81,2050,161
2258,2080,229,64,-16,2030,85,2060,320
2258,2080,231,48,0,2030,87,2060,323
2258,2081,290,0,0,2030,81,2051,182
2258,2081,294,64,0,2031,367,2060,323
2259,2080,323,16,0,2031,226,2051,355
2259,2080,340,16,0,2040,169,2060,215
2259,2080,343,-16,0,2040,173,2050,130
2259,2081,67,16,-32,2040,169,2060,215
2259,2081,70,-16,-16,2040,173,2050,130
2260,2070,459,-32,32,2040,238,2060,148
2260,2070,466,32,96,2031,206,2060,171
2260,2071,470,-32,32,2040,238,2060,148
2260,2071,477,32,96,2031,206,2060,171
2260,2080,336,-32,-64,2040,238,2060,148
2260,2081,58,-32,-80,2040,238,2060,148
2261,2080,271,-144,-48,2031,455,2060,409
2261,2080,285,16,0,2030,547,2051,235
2261,2080,293,-32,0,2030,560,2051,247
2261,2081,510,16,0,2030,547,2051,235
2261,2081,519,-32,-16,2030,560,2051,247
2262,2070,358,-160,288,2031,229,2060,194
2262,2071,154,-160,272,2031,229,2060,194
2262,2080,493,-160,176,2031,229,2060,194
2262,2081,556,-160,192,2031,229,2060,194
2264,2080,440,64,0,2030,233,2060,312
2264,2080,450,64,-16,2040,361,2060,318
2264,2081,103,0,0,2030,216,2050,401
2264,2081,118,64,0,2030,233,2060,312
2264,2081,126,64,-16,2040,361,2060,318
2265,2080,145,48,0,2030,355,2060,524
2265,2080,149,32,-32,2040,308,2060,528
2265,2080,161,48,-16,2040,315,2060,541
2265,2081,239,64,0,2031,478,2060,524
2265,2081,243,32,-16,2040,308,2060,528
2265,2081,256,48,-32,2040,315,2060,541
2266,2080,164,0,0,2030,325,2050,131
2266,2081,288,16,16,2040,403,2051,71
2267,2070,490,0,64,2040,202,2060,363
2267,2071,542,0,80,2040,202,2060,363
2267,2080,328,0,0,2040,197,2050,237
2267,2080,344,-16,0,2041,525,2050,251
2267,2081,555,0,-32,2040,197,2050,237
2267,2081,571,-16,0,2041,525,2050,251
2268,2070,347,16,48,2031,245,2051,376
2268,2071,159,16,32,2031,245,2051,376
2268,2080,431,16,0,2031,234,2050,400
2268,2080,435,16,0,2040,319,2050,406
2268,2081,139,16,0,2031,234,2050,400
2268,2081,143,0,0,2030,115,2050,406
2269,2080,345,-64,16,2040,263,2050,304
2269,2081,138,-64,0,2040,263,2050,304
2270,2080,506,-16,0,2040,126,2050,384
2270,2081,560,48,0,2040,126,2060,347
2271,2070,418,32,128,2040,311,2060,272
2271,2070,429,32,32,2040,336,2060,290
2271,2071,542,32,128,2040,311,2060,272
2271,2080,502,-16,0,2040,322,2050,465
2271,2080,508,32,-32,2040,336,2060,290
2271,2080,510,32,0,2031,255,2060,294
2271,2081,140,-16,0,2040,322,2050,465
2271,2081,145,-64,16,2040,336,2050,475
2271,2081,148,32,0,2031,255,2060,294
2272,2080,346,48,-32,2041,246,2060,147
2272,2081,48,48,-48,2041,246,2060,147
2273,2080,325,32,0,2031,179,2060,142
2273,2080,333,-48,16,2030,434,2050,300
2273,2080,349,-32,0,2031,206,2050,313
2273,2081,57,16,0,2030,426,2060,138
2273,2081,60,0,0,2030,429,2050,292
2273,2081,69,-48,16,2030,434,2050,300
2273,2081,85,-32,-16,2031,206,2050,313
2274,2070,389,112,96,2040,371,2061,22
2274,2071,5,112,64,2040,371,2061,22
2274,2080,172,112,-32,2040,371,2061,22
2274,2081,52,112,-32,2040,371,2061,22
2275,2080,406,0,0,2041,240,2050,378
2275,2081,337,16,0,2040,140,2051,311
2277,2080,284,16,0,2040,136,2050,336
2277,2080,297,0,0,2030,115,2051,192
2277,2080,298,-16,-16,2031,230,2050,354
2277,2081,371,16,-16,2040,136,2050,336
2277,2081,384,-16,-16,2031,230,2050,354
2278,2080,531,80,0,2030,178,2060,259
2278,2081,139,80,-16,2030,178,2060,259
2279,2080,365,48,0,2040,512,2060,184
2279,2080,366,-48,64,2030,554,2060,185
2279,2081,422,0,-32,2030,553,2050,265
2279,2081,423,-48,96,2030,554,2060,185
2281,2070,581,48,80,2031,409,2060,361
2281,2080,268,64,-16,2040,324,2060,361
2281,2081,459,64,-16,2040,324,2060,361
2282,2071,542,0,80,2030,139,2051,327
2282,2080,381,16,0,2031,257,2051,327
2282,2081,553,16,0,2031,257,2051,327
2283,2071,549,0,48,2040,277,2060,324
2283,2080,222,-48,-16,2040,277,2050,189
2283,2080,226,32,0,2031,368,2051,100
2283,2080,239,-16,0,2040,302,2050,206
2283,2081,401,-48,-48,2040,277,2050,189
2283,2081,405,32,0,2031,368,2051,100
2283,2081,419,16,0,2040,302,2051,112
2284,2080,332,0,-16,2030,154,2050,262
2284,2080,334,32,0,2030,155,2060,364
2284,2081,452,32,-16,2030,155,2060,364
2286,2080,325,-48,16,2031,146,2050,70
2286,2080,342,64,0,2031,173,2060,139
2286,2081,94,32,-16,2031,146,2060,121
2286,2081,112,64,-32,2031,173,2060,139
2289,2071,475,-32,0,2040,357,2060,149
2289,2080,302,-16,-32,2040,339,2050,106
2289,2080,322,-80,16,2040,357,2061,213
2289,2080,323,0,0,2040,358,2050,120
2289,2081,227,-16,-48,2040,339,2050,106
2289,2081,246,-32,-16,2040,357,2060,149
2289,2081,247,0,0,2040,358,2050,120
2290,2070,381,0,80,2041,322,2051,449
2290,2070,389,0,64,2040,141,2060,245
2290,2071,520,0,64,2040,141,2060,245
2290,2080,411,16,-16,2040,107,2050,179
2290,2080,416,48,0,2030,152,2060,223
2290,2080,442,16,-16,2031,283,2060,245
2290,2081,482,16,-16,2040,107,2050,179
2290,2081,488,-32,16,2030,152,2050,185
2290,2081,509,16,-32,2031,283,2060,245
2291,2080,196,16,0,2040,102,2051,73
2291,2080,200,80,0,2031,286,2060,254
2291,2081,408,64,0,2040,106,2060,254
2293,2080,379,80,-16,2030,140,2060,212
2293,2081,354,16,16,2040,250,2060,212
2294,2070,330,-16,64,2040,307,2060,260
2294,2071,508,-16,48,2040,307,2060,260
2294,2080,376,-48,0,2040,290,2050,424
2294,2080,385,-64,-16,2040,307,2050,432
2294,2081,181,-48,0,2040,290,2050,424
2294,2081,190,-64,16,2040,307,2050,432
2295,2080,281,112,-16,2040,153,2050,196
2295,2080,283,64,-16,2031,350,2060,310
2295,2080,287,16,-16,2040,166,2050,210
2295,2081,422,112,-32,2040,153,2050,196
2295,2081,424,64,0,2031,350,2060,310
2295,2081,428,16,0,2040,166,2050,210
2296,2070,233,32,48,2031,248,2060,286
2296,2071,51,16,64,2031,240,2060,278
2296,2071,56,32,48,2031,248,2060,286
2296,2080,399,48,-16,2040,96,2060,278
2296,2080,404,32,128,2031,248,2060,286
2296,2080,418,-32,0,2040,122,2050,384
2296,2081,312,48,-16,2040,96,2060,278
2296,2081,317,48,-32,2041,173,2060,286
2296,2081,330,48,0,2040,122,2060,298
2297,2080,326,16,-32,2040,406,2061,133
2297,2080,335,64,0,2030,465,2060,256
2297,2080,337,16,0,2041,510,2050,383
2297,2080,338,0,0,2030,469,2050,385
2297,2080,348,64,-32,2031,319,2060,271
2297,2081,166,16,-48,2040,406,2061,133
2297,2081,175,64,0,2030,465,2060,256
2297,2081,178,0,0,2041,511,2051,203
2297,2081,186,64,0,2031,319,2060,271
2299,2070,437,64,96,2030,358,2060,255
2299,2071,446,64,96,2030,358,2060,255
2299,2080,169,64,-16,2030,358,2060,255
2299,2081,326,64,-32,2030,358,2060,255
2300,2080,178,-48,-16,2040,242,2050,141
2300,2080,194,80,0,2041,396,2060,298
2300,2080,195,80,0,2041,401,2060,302
2300,2080,200,0,-32,2030,476,2050,169
2300,2081,484,-48,-16,2040,242,2050,141
2300,2081,502,96,0,2040,266,2060,298
2300,2081,504,80,0,2041,401,2060,302
2300,2081,508,0,0,2030,476,2050,169
2301,2080,214,32,-16,2040,80,2060,258
2301,2080,232,48,-32,2040,97,2060,279
2301,2081,380,32,-32,2040,80,2060,258
2301,2081,398,48,-48,2040,97,2060,279
2302,2080,261,0,0,2030,73,2050,228
2303,2070,260,32,32,2030,476,2060,214
2303,2071,148,32,32,2030,476,2060,214
2303,2080,318,-16,16,2030,474,2060,208
2303,2080,322,0,0,2031,181,2050,383
2303,2080,326,32,64,2040,78,2050,387
2303,2080,332,-80,32,2040,87,2050,397
2303,2081,413,-16,48,2030,474,2060,208
2303,2081,415,0,0,2031,181,2050,383
2303,2081,419,32,64,2040,78,2050,387
2303,2081,424,-80,48,2040,87,2050,397
2304,2080,478,48,0,2040,313,2050,167
2304,2080,501,0,0,2030,302,2051,529
2304,2081,359,80,0,2030,271,2050,167
2304,2081,384,-16,0,2030,302,2050,189
2306,2080,214,-64,-16,2040,55,2050,183
2306,2080,240,48,0,2040,92,2060,349
2306,2081,28,-64,0,2040,55,2050,183
2309,2080,286,0,-32,2031,367,2050,265
2309,2081,45,0,-32,2031,364,2050,263
2309,2081,48,0,-32,2031,367,2050,265
2310,2070,358,16,48,2040,340,2060,166
2310,2071,81,16,32,2040,340,2060,166
2310,2080,224,0,-16,2041,101,2050,279
2310,2080,229,48,16,2040,343,2060,171
2310,2080,230,32,-16,2031,141,2060,173
2310,2081,396,0,0,2031,136,2051,197
2310,2081,401,64,0,2030,65,2060,171
2310,2081,402,32,-16,2031,141,2060,173
2311,2080,491,32,-32,2031,185,2060,229
2312,2080,252,80,0,2041,434,2060,511
2312,2080,259,16,-16,2041,439,2051,173
2312,2080,263,0,0,2040,322,2050,227
2312,2080,274,48,-16,2031,582,2060,532
2312,2081,356,80,-16,2041,434,2060,511
2312,2081,362,16,-16,2041,439,2051,173
2312,2081,367,16,-48,2030,401,2050,227
2312,2081,377,48,-16,2031,582,2060,532
2313,2070,504,16,64,2031,139,2060,100
2313,2080,338,16,0,2040,242,2050,61
2313,2080,343,-16,0,2041,457,2050,64
2313,2081,384,16,-32,2040,242,2050,61
2313,2081,389,-16,0,2041,457,2050,64
2314,2070,488,0,112,2030,515,2050,181
2314,2070,495,0,32,2041,464,2060,233
2314,2071,526,0,80,2030,515,2050,181
2314,2071,533,0,0,2041,464,2060,233
2314,2080,381,0,-16,2031,254,2050,178
2314,2080,383,0,0,2040,324,2050,179
2314,2080,384,0,-16,2030,515,2050,181
2314,2080,385,96,0,2040,327,2060,219
2314,2080,392,-16,0,2040,335,2050,187
2314,2080,393,64,-32,2040,337,2060,230
2314,2080,398,-16,0,2040,340,2050,194
2314,2081,137,48,16,2030,514,2050,178
2314,2081,139,0,-16,2040,324,2050,179
2314,2081,140,0,-16,2030,515,2050,181
2314,2081,141,96,0,2040,327,2060,219
2314,2081,148,32,0,2040,335,2060,226
2314,2081,149,64,-32,2040,337,2060,230
2314,2081,154,-16,0,2040,340,2050,194
2315,2080,398,-16,0,2031,336,2050,449
2315,2080,399,-16,-16,2040,222,2050,450
2315,2080,410,48,0,2031,349,2060,380
2315,2081,108,16,0,2031,336,2060,371
2315,2081,109,-16,-16,2040,222,2050,450
2315,2081,119,48,0,2031,349,2060,380
2316,2080,454,0,0,2030,273,2050,424
2317,2080,387,64,0,2031,457,2060,421
2317,2080,405,0,32,2040,266,2050,311
2317,2081,185,0,-16,2040,266,2050,311
2318,2080,429,16,-16,2040,219,2060,182
2318,2080,435,0,0,2040,228,2050,354
2318,2081,42,-48,0,2040,219,2050,348
2318,2081,47,32,0,2030,104,2061,77
2319,2070,433,48,-160,2040,116,2060,264
2319,2071,245,48,80,2040,116,2060,264
2319,2080,205,48,-16,2040,116,2060,264
2319,2080,207,48,-112,2040,119,2060,265
2319,2081,353,48,-32,2040,116,2060,264
2319,2081,355,48,-80,2040,119,2060,265
2320,2080,174,-32,0,2031,291,2050,218
2320,2080,189,0,-48,2031,306,2050,230
2320,2081,395,0,-48,2031,306,2050,230
2321,2080,471,-16,0,2030,227,2050,437
2321,2080,477,64,-32,2031,167,2060,126
2321,2080,490,16,0,2030,250,2051,112
2321,2081,388,-16,0,2030,227,2050,437
2321,2081,394,64,-32,2031,167,2060,126
2321,2081,406,-16,0,2030,250,2050,456
2322,2080,191,-48,96,2030,359,2060,222
2322,2080,195,32,16,2031,261,2050,118
2322,2080,211,32,0,2030,377,2050,131
2322,2080,212,-144,160,2040,96,2050,132
2322,2081,321,-48,80,2030,359,2060,222
2322,2081,326,32,16,2031,261,2050,118
2322,2081,342,0,0,2040,95,2050,131
2322,2081,343,-144,128,2040,96,2050,132
2323,2080,305,0,0,2041,260,2050,349
2323,2081,105,0,-32,2041,260,2050,349
2324,2080,216,-32,0,2040,279,2050,176
2324,2081,478,-32,0,2040,279,2050,176
2326,2080,160,-16,0,2041,394,2050,212
2326,2080,179,-32,0,2031,501,2051,140
2326,2081,334,-32,0,2031,501,2051,140
2327,2080,378,-144,144,2040,312,2050,426
2327,2081,481,-144,144,2040,312,2050,426
2328,2080,424,96,-32,2031,127,2061,171
2328,2080,429,144,144,2030,466,2051,243
2328,2080,439,16,-16,2040,365,2050,411
2328,2080,440,-16,-16,2041,295,2050,412
2328,2081,207,96,0,2031,127,2061,171
2328,2081,212,144,192,2030,466,2051,243
2328,2081,223,16,0,2040,365,2050,411
2328,2081,224,-16,-16,2041,295,2050,412
2329,2080,135,0,-16,2040,301,2060,167
2329,2081,404,0,-32,2040,301,2060,167
2329,2081,414,0,-16,2040,321,2051,100
2330,2080,304,0,-16,2040,114,2060,346
2330,2081,241,0,-16,2040,114,2060,346
2331,2080,473,16,-48,2031,283,2050,449
2331,2080,483,0,0,2031,301,2051,170
2331,2081,134,16,-64,2031,283,2050,449
2331,2081,145,0,0,2031,301,2051,170
2332,2080,374,0,-16,2040,311,2050,183
2332,2080,379,32,0,2031,146,2061,533
2332,2080,387,0,0,2030,284,2051,426
2332,2080,400,-16,-48,2031,168,2050,214
2332,2081,234,0,16,2040,311,2050,183
2332,2081,237,-48,-16,2031,146,2051,419
2332,2081,257,-16,-48,2031,168,2050,214
2333,2080,141,-16,0,2030,503,2051,108
2333,2080,149,16,-48,2030,514,2050,195
2333,2080,151,48,0,2030,519,2060,233
2333,2081,325,-16,0,2030,503,2051,108
2333,2081,333,16,-16,2030,514,2050,195
2333,2081,335,48,-32,2030,519,2060,233
2335,2070,283,112,224,2031,180,2050,377
2335,2071,6,112,240,2031,180,2050,377
2335,2080,401,-16,-16,2040,228,2050,343
2335,2080,403,0,0,2041,97,2050,347
2335,2080,412,0,0,2031,154,2050,352
2335,2080,421,32,-32,2031,168,2060,208
2335,2080,433,112,96,2031,180,2050,377
2335,2081,49,-16,-16,2040,228,2050,343
2335,2081,51,16,0,2040,234,2051,445
2335,2081,70,96,16,2030,36,2060,208
2335,2081,81,112,112,2031,180,2050,377
2336,2080,369,64,0,2030,174,2060,249
2336,2081,142,64,-16,2030,174,2060,249
2337,2080,240,-80,224,2031,360,2051,194
2337,2081,271,-16,-112,2040,91,2050,152
2337,2081,276,-80,224,2031,360,2051,194
2338,2080,456,112,-16,2030,298,2060,377
2340,2070,253,80,208,2030,101,2050,340
2340,2080,371,80,0,2030,101,2050,340
2340,2080,378,-16,0,2040,161,2050,349
2340,2081,125,112,-16,2041,274,2050,340
2341,2070,413,48,64,2030,265,2060,156
2341,2070,416,0,64,2030,275,2051,243
2341,2071,493,48,48,2030,265,2060,156
2341,2071,495,0,48,2030,275,2051,243
2341,2080,362,48,-16,2040,464,2060,150
2341,2080,366,-16,-16,2031,114,2050,325
2341,2080,370,32,0,2031,120,2060,163
2341,2080,377,-16,0,2040,478,2050,340
2341,2081,512,48,-16,2040,464,2060,150
2341,2081,517,-16,-16,2031,114,2050,325
2341,2081,521,32,-48,2031,120,2060,163
2341,2081,528,0,0,2030,276,2051,244
2342,2080,180,0,0,2030,399,2050,143
2342,2081,366,16,-16,2031,321,2050,143
2343,2080,218,-16,0,2030,53,2051,171
2343,2080,228,0,0,2040,116,2050,151
2343,2080,241,0,-16,2040,131,2050,161
2343,2081,431,-32,0,2030,53,2050,144
2343,2081,440,0,-32,2040,116,2050,151
2343,2081,452,48,16,2031,316,2050,161
2345,2080,243,16,-16,2040,101,2051,185
2345,2080,249,48,-16,2031,348,2060,386
2345,2080,252,32,0,2031,352,2060,389
2345,2080,257,160,112,2031,358,2060,395
2345,2081,66,16,-32,2040,101,2051,185
2345,2081,72,48,-32,2031,348,2060,386
2345,2081,75,32,0,2031,352,2060,389
2345,2081,80,160,112,2031,358,2060,395
2345,2081,95,0,-32,2030,332,2050,175
2348,2070,469,0,16,2030,562,2060,354
2348,2071,72,0,32,2030,562,2060,354
2348,2080,236,-32,0,2040,520,2051,157
2348,2080,255,0,0,2041,213,2050,330
2348,2080,261,32,0,2031,427,2051,176
2348,2081,116,-32,0,2040,520,2051,157
2348,2081,134,0,0,2041,213,2050,330
2348,2081,141,32,0,2031,427,2051,176
2349,2080,412,0,-16,2030,465,2050,374
2349,2080,417,32,96,2031,174,2050,381
2349,2080,442,0,-16,2031,211,2050,400
2349,2081,85,0,-16,2030,465,2050,374
2349,2081,89,32,80,2031,174,2050,381
2349,2081,112,16,-16,2031,203,2051,361
2349,2081,116,0,0,2031,211,2050,400
2350,2070,392,0,64,2040,222,2051,87
2350,2070,393,32,64,2040,231,2061,194
2350,2080,301,-16,-16,2031,149,2050,262
2350,2080,305,-16,-16,2040,231,2051,91
2350,2080,307,-32,0,2031,160,2050,272
2350,2081,54,-16,-16,2031,149,2050,262
2350,2081,59,-48,-32,2040,231,2050,267
2350,2081,61,-32,-16,2031,160,2050,272
2351,2080,280,48,16,2030,409,2060,329
2351,2080,289,48,0,2040,156,2060,334
2351,2080,295,16,0,2030,421,2050,265
2351,2081,108,48,-16,2030,409,2060,329
2351,2081,116,48,-16,2040,156,2060,334
2351,2081,122,16,0,2030,421,2050,265
2353,2070,296,48,80,2030,517,2060,107
2353,2071,197,48,64,2030,517,2060,107
2353,2080,412,-32,-32,2040,249,2050,370
2353,2080,430,16,-32,2041,171,2050,385
2353,2080,444,64,-32,2031,92,2060,145
2353,2081,327,-32,-32,2040,249,2050,370
2353,2081,345,16,-32,2041,171,2050,385
2353,2081,360,64,-16,2031,92,2060,145
2354,2080,325,0,-16,2040,197,2050,240
2354,2081,150,0,0,2040,197,2050,240
2355,2080,340,32,0,2040,230,2060,434
2355,2081,259,16,0,2041,473,2060,434
2356,2080,309,64,-16,2040,273,2060,240
2356,2080,315,0,0,2031,206,2050,364
2356,2081,63,64,-32,2040,273,2060,240
2356,2081,68,0,0,2031,206,2050,364
2358,2080,193,-144,-48,2030,483,2060,290
2358,2080,204,0,-16,2031,338,2051,131
2358,2080,209,64,-48,2030,497,2061,467
2358,2081,78,-144,-48,2030,483,2060,290
2358,2081,96,64,-48,2030,497,2061,467
2359,2070,312,0,64,2030,190,2051,222
2359,2080,448,0,-16,2040,102,2050,411
2359,2080,465,64,48,2041,274,2050,424
2359,2081,149,0,-32,2040,102,2050,411
2359,2081,166,64,16,2041,274,2050,424
2361,2070,461,0,64,2031,262,2050,170
2361,2071,52,0,64,2031,262,2050,170
2361,2080,114,0,0,2040,435,2051,77
2361,2080,124,32,0,2031,275,2060,229
2361,2081,509,16,-16,2030,343,2051,77
2361,2081,520,48,-16,2030,356,2060,229
2363,2070,92,0,144,2040,62,2060,207
2363,2071,127,0,160,2040,62,2060,207
2363,2080,292,0,0,2041,101,2050,155
2363,2080,296,-16,-16,2041,102,2060,190
2363,2080,309,0,0,2040,62,2060,207
2363,2081,346,0,-32,2041,101,2050,155
2363,2081,350,-16,-16,2041,102,2060,190
2363,2081,361,80,32,2041,119,2060,207
2364,2080,338,32,0,2031,422,2061,461
2364,2080,358,0,16,2031,445,2050,325
2364,2081,268,-32,0,2031,422,2051,237
2364,2081,287,0,0,2031,445,2050,325
2365,2080,409,144,0,2030,519,2050,321
2365,2081,478,144,0,2030,519,2050,321
2367,2080,205,0,0,2030,327,2050,175
2367,2081,291,0,-16,2030,327,2050,175
2370,2080,424,0,-16,2040,101,2050,391
2370,2080,453,16,-32,2040,138,2060,339
2370,2081,60,0,-16,2040,101,2050,391
2370,2081,88,16,-16,2040,138,2060,339
2371,2070,263,0,96,2031,377,2050,462
2371,2071,582,0,80,2031,377,2050,462
2371,2080,499,32,0,2031,365,2050,457
2371,2080,505,0,-64,2030,341,2051,276
2371,2080,526,80,0,2031,408,2060,449
2371,2081,302,16,0,2030,332,2050,457
2371,2081,308,0,-32,2030,341,2051,276
2371,2081,326,48,112,2041,224,2050,490
2371,2081,329,80,-16,2031,408,2060,449
2372,2080,384,0,-16,2031,478,2050,353
2372,2080,393,32,0,2041,165,2060,452
2372,2081,226,32,16,2041,165,2060,452
2373,2070,441,0,48,2040,149,2060,292
2373,2071,125,0,48,2040,149,2060,292
2373,2080,196,-32,-16,2040,149,2050,246
2373,2080,198,80,0,2041,452,2060,295
2373,2080,199,80,0,2031,339,2060,298
2373,2080,206,16,0,2030,396,2050,261
2373,2081,490,-32,-16,2040,149,2050,246
2373,2081,493,64,0,2040,152,2060,295
2373,2081,494,80,0,2031,339,2060,298
2373,2081,501,16,0,2030,396,2050,261
2374,2080,451,48,0,2030,496,2060,242
2374,2080,460,64,0,2041,328,2050,426
2374,2081,131,64,0,2041,328,2050,426
2375,2080,493,32,0,2040,247,2060,209
2375,2080,502,64,-16,2041,328,2060,220
2375,2080,511,0,0,2040,274,2050,478
2375,2081,422,32,0,2040,247,2060,209
2375,2081,431,96,0,2030,136,2060,220
2375,2081,439,16,-16,2031,188,2060,225
2377,2070,464,48,112,2030,170,2060,262
2377,2071,75,48,112,2030,170,2060,262
2377,2080,490,64,0,2040,302,2060,262
2377,2080,494,0,-16,2031,218,2051,522
2377,2080,507,-48,0,2030,193,2050,374
2377,2081,113,64,0,2040,302,2060,262
2377,2081,117,0,0,2030,175,2050,359
2377,2081,131,-48,-16,2030,193,2050,374
2378,2080,179,96,-16,2040,263,2060,114
2378,2080,186,80,-32,2030,308,2060,117
2378,2080,191,-48,0,2031,147,2050,226
2378,2080,201,96,16,2030,324,2060,124
2378,2081,42,96,0,2040,263,2060,114
2378,2081,48,48,-16,2040,269,2060,117
2378,2081,54,-48,0,2031,147,2050,226
2378,2081,64,48,-16,2031,162,2060,124
2379,2080,421,48,0,2030,263,2060,335
2379,2080,428,80,-96,2031,304,2060,340
2379,2080,431,32,-16,2031,307,2050,399
2379,2081,54,-32,16,2030,263,2050,389
2379,2081,61,80,-64,2031,304,2060,340
2379,2081,64,32,-16,2031,307,2050,399
2380,2071,564,-80,208,2041,484,2060,174
2380,2080,413,-80,112,2041,484,2060,174
2380,2080,420,64,-16,2030,309,2060,183
2380,2081,578,64,-32,2030,309,2060,183
2381,2080,361,32,0,2041,266,2060,413
2381,2080,386,32,0,2030,505,2060,435
2381,2080,387,-16,0,2031,470,2051,163
2381,2081,224,-16,0,2031,453,2050,321
2381,2081,249,0,0,2031,469,2050,346
2382,2080,360,32,0,2041,412,2050,100
2382,2081,585,32,0,2041,412,2050,100
2383,2080,601,16,0,2041,205,2050,560
2383,2081,276,32,0,2030,317,2050,560
2384,2080,457,48,0,2031,304,2060,260
2384,2080,467,64,-16,2040,367,2060,266
2384,2080,475,-16,0,2040,378,2050,238
2384,2081,177,48,0,2031,304,2060,260
2384,2081,185,64,-16,2040,367,2060,266
2384,2081,194,-16,-16,2040,378,2050,238
2385,2070,377,112,80,2040,271,2051,61
2385,2071,481,112,64,2040,271,2051,61
2385,2080,439,144,0,2030,145,2051,61
2385,2080,449,0,-16,2031,207,2050,420
2385,2080,451,0,-16,2030,159,2050,421
2385,2080,454,-128,144,2040,290,2061,98
2385,2080,455,16,80,2031,214,2050,425
2385,2081,114,144,-16,2030,145,2051,61
2385,2081,124,0,-16,2031,207,2050,420
2385,2081,126,0,-16,2030,159,2050,421
2385,2081,129,-128,144,2040,290,2061,98
2385,2081,130,16,144,2031,214,2050,425
2386,2080,291,64,0,2041,457,2060,336
2386,2080,300,96,0,2040,219,2060,347
2386,2081,125,64,0,2041,457,2060,336
2386,2081,132,80,0,2041,473,2060,347
2387,2070,410,32,48,2031,511,2060,550
2387,2071,295,32,48,2031,511,2060,550
2387,2080,358,0,0,2040,436,2051,209
2387,2080,365,16,16,2030,180,2050,321
2387,2080,385,-16,-16,2040,468,2050,349
2387,2080,387,48,0,2040,472,2060,556
2387,2080,388,32,0,2031,516,2060,557
2387,2081,147,16,0,2030,180,2050,321
2387,2081,167,-16,-16,2040,468,2050,349
2387,2081,169,48,-16,2040,472,2060,556
2387,2081,170,-16,-16,2040,473,2050,354
2388,2070,488,0,64,2040,400,2061,563
2388,2070,499,0,48,2031,260,2051,134
2388,2071,578,0,64,2040,400,2061,563
2388,2071,589,0,48,2031,260,2051,134
2388,2080,275,-16,48,2040,397,2060,192
2388,2080,278,-64,0,2040,400,2050,333
2388,2080,284,16,0,2030,162,2050,339
2388,2080,286,32,-16,2040,412,2060,200
2388,2080,296,0,-16,2030,179,2050,353
2388,2081,438,-16,32,2040,397,2060,192
2388,2081,442,-16,-16,2040,400,2060,195
2388,2081,449,16,0,2030,162,2050,339
2388,2081,451,32,-32,2040,412,2060,200
2388,2081,460,0,-32,2030,179,2050,353
2389,2080,182,16,0,2031,266,2051,127
2389,2081,305,16,16,2031,266,2051,127
2390,2080,412,0,0,2031,330,2051,440
2390,2081,480,0,-16,2040,128,2050,249
2391,2080,378,48,0,2031,300,2060,344
2391,2081,539,48,-48,2031,300,2060,344
2392,2080,299,0,0,2030,328,2051,250
2392,2081,478,-16,-16,2030,328,2050,215
2393,2071,84,0,64,2031,121,2051,307
2393,2080,347,0,0,2031,121,2051,307
2393,2081,165,0,-16,2031,121,2051,307
2393,2081,175,16,0,2031,133,2050,286
2394,2080,100,-16,-16,2040,308,2050,150
2394,2080,102,0,0,2031,234,2050,152
2394,2080,105,-96,64,2040,313,2061,279
2394,2080,108,64,16,2030,361,2060,201
2394,2080,124,48,-32,2040,337,2060,219
2394,2081,467,32,0,2030,352,2051,64
2394,2081,468,-16,0,2040,308,2050,150
2394,2081,470,0,0,2031,234,2050,152
2394,2081,473,-96,48,2040,313,2061,279
2394,2081,476,64,32,2030,361,2060,201
2394,2081,492,48,-32,2040,337,2060,219
2395,2080,270,0,-16,2031,230,2050,315
2395,2081,433,-32,0,2031,230,2051,141
2396,2070,438,16,64,2040,288,2060,240
2396,2070,445,64,112,2031,214,2060,267
2396,2071,551,16,48,2040,288,2060,240
2396,2071,558,64,112,2031,214,2060,267
2396,2080,497,16,0,2040,280,2051,323
2396,2080,504,48,48,2031,190,2051,328
2396,2080,511,0,0,2031,200,2050,471
2396,2080,522,64,16,2031,214,2060,267
2396,2081,47,48,-16,2030,79,2051,323
2396,2081,54,48,32,2031,190,2051,328
2396,2081,61,0,-16,2031,200,2050,471
2396,2081,72,64,-16,2031,214,2060,267
2397,2070,443,16,96,2031,206,2060,168
2397,2071,454,16,96,2031,206,2060,168
2398,2080,238,0,-16,2040,289,2050,200
2398,2081,132,0,0,2040,289,2050,200
2399,2070,197,16,48,2040,170,2060,357
2399,2071,50,16,64,2040,170,2060,357
2399,2080,289,-16,0,2031,390,2050,255
2399,2080,293,48,-16,2030,435,2060,354
2399,2080,297,-32,16,2030,437,2050,261
2399,2080,300,16,-32,2040,170,2060,357
2399,2081,467,0,0,2040,163,2061,89
2399,2081,471,48,-16,2030,435,2060,354
2399,2081,475,32,0,2030,437,2060,355
2399,2081,478,16,-32,2040,170,2060,357
2401,2080,307,64,16,2030,367,2061,571
2401,2081,335,0,0,2041,453,2050,124
2402,2080,368,48,0,2030,184,2060,265
2402,2080,377,0,16,2040,314,2050,422
2402,2081,54,-32,16,2030,184,2050,411
2402,2081,63,0,0,2040,314,2050,422
2403,2070,427,16,96,2031,80,2060,43
2403,2080,264,16,0,2031,80,2060,43
2403,2080,266,-32,-32,2040,383,2050,174
2403,2080,274,16,-32,2031,101,2060,57
2403,2080,285,0,-16,2040,424,2050,206
2403,2080,286,-64,16,2040,423,2050,205
2403,2081,462,16,0,2031,80,2060,43
2403,2081,464,-32,-32,2040,383,2050,174
2403,2081,472,16,-16,2031,101,2060,57
2403,2081,481,-64,16,2040,423,2050,205
2403,2081,482,0,-32,2040,424,2050,206
2405,2080,149,48,48,2040,189,2050,112
2405,2080,154,32,-16,2040,195,2060,261
2405,2081,228,48,64,2040,189,2050,112
2406,2070,457,0,64,2031,168,2060,217
2406,2070,458,32,96,2040,279,2060,228
2406,2071,570,0,48,2031,168,2060,217
2406,2071,571,32,96,2040,279,2060,228
2406,2080,491,-16,0,2030,108,2051,328
2406,2080,508,32,0,2040,279,2060,228
2406,2081,316,32,-32,2040,279,2060,228
2407,2070,470,16,96,2031,237,2060,206
2407,2071,515,16,96,2031,237,2060,206
2407,2080,435,16,0,2031,237,2060,206
2407,2081,157,0,0,2040,315,2051,400
2408,2080,320,32,0,2031,208,2060,181
2408,2081,128,32,0,2031,208,2060,181
2409,2080,198,0,16,2030,443,2050,166
2409,2080,202,48,-80,2031,359,2060,401
2409,2081,318,0,16,2030,443,2050,166
2409,2081,322,48,-64,2031,359,2060,401
2410,2070,417,0,80,2040,231,2050,264
2410,2071,128,0,64,2040,231,2050,264
2410,2080,518,0,-16,2040,231,2050,264
2410,2081,373,0,-16,2040,231,2050,264
2411,2080,164,32,-48,2040,213,2060,242
2411,2081,60,32,-16,2040,213,2060,242
2413,2080,279,-144,176,2040,363,2061,516
2413,2081,155,-144,176,2040,363,2061,516
2414,2080,419,16,0,2031,525,2051,220
2414,2080,431,-48,-16,2040,353,2050,395
2414,2081,153,-48,-32,2040,353,2050,395
2415,2080,234,16,-16,2030,357,2060,276
2415,2081,185,-32,0,2030,357,2051,163
2416,2070,483,144,112,2031,354,2050,185
2416,2071,556,144,112,2031,354,2050,185
2416,2080,226,48,0,2040,285,2050,188
2416,2080,243,80,0,2040,301,2060,339
2416,2081,494,144,32,2031,354,2050,185
2416,2081,496,48,-16,2040,285,2050,188
2416,2081,513,80,0,2040,301,2060,339
2418,2080,379,64,0,2040,135,2060,279
2418,2080,382,32,0,2041,182,2060,283
2418,2080,385,16,0,2030,109,2050,352
2418,2080,386,0,-16,2040,144,2050,353
2418,2080,392,-112,96,2030,116,2060,291
2418,2081,73,0,0,2030,101,2050,345
2418,2081,76,0,0,2030,106,2050,349
2418,2081,80,0,-16,2040,144,2050,353
2418,2081,85,-112,96,2030,116,2060,291
2420,2080,319,80,0,2031,190,2060,144
2420,2080,323,-16,0,2031,193,2051,267
2420,2080,343,80,-16,2030,540,2060,171
2420,2081,485,80,-16,2031,190,2060,144
2420,2081,489,-32,0,2031,193,2050,109
2420,2081,508,80,-16,2030,540,2060,171
2421,2080,424,64,-16,2031,176,2061,94
2421,2080,433,0,144,2030,273,2050,491
2421,2080,444,0,0,2030,283,2050,499
2421,2081,58,48,0,2040,129,2061,94
2421,2081,66,0,128,2030,273,2050,491
2421,2081,79,0,16,2030,283,2050,499
2422,2070,478,32,64,2031,505,2060,550
2422,2071,570,32,48,2031,505,2060,550
2422,2080,342,0,16,2041,413,2060,534
2422,2080,356,48,16,2030,259,2050,226
2422,2081,192,32,0,2031,505,2060,550
2423,2080,185,-32,0,2030,457,2050,155
2423,2081,413,16,0,2030,457,2051,107
2424,2080,432,-16,-16,2040,114,2060,253
2424,2080,439,16,0,2040,123,2050,410
2424,2081,351,-64,0,2040,114,2050,401
2424,2081,360,16,-16,2031,228,2051,324
2425,2080,99,32,0,2030,379,2060,162
2425,2081,348,32,0,2030,379,2060,162
2426,2070,301,16,80,2041,131,2060,220
2427,2080,344,32,0,2041,224,2060,120
2427,2080,358,0,-16,2031,178,2050,323
2427,2081,53,32,0,2041,224,2060,120
2427,2081,66,0,-16,2031,178,2050,323
2428,2070,414,0,64,2031,160,2050,80
2428,2071,57,0,80,2031,160,2050,80
2428,2080,295,64,0,2030,219,2060,109
2428,2080,300,-16,0,2031,160,2051,252
2428,2081,455,64,-16,2030,219,2060,109
2428,2081,461,16,0,2030,224,2051,252
2429,2070,348,16,64,2040,126,2060,21
2429,2071,407,16,48,2040,126,2060,21
2429,2080,228,0,32,2031,32,2050,150
2429,2080,245,-32,-16,2040,126,2050,170
2429,2081,258,0,16,2031,32,2050,150
2429,2081,271,-32,-16,2040,126,2050,170
2430,2080,227,-16,-16,2040,428,2050,283
2430,2081,116,32,0,2031,368,2050,283
2431,2080,360,32,0,2040,250,2050,296
2431,2081,59,32,-16,2040,250,2050,296
2432,2070,224,16,128,2040,184,2051,385
2432,2071,616,16,144,2040,184,2051,385
2432,2080,502,16,16,2040,184,2051,385
2432,2081,422,16,16,2040,184,2051,385
2433,2080,242,160,-80,2041,360,2050,141
2433,2081,495,160,-64,2041,360,2050,141
2434,2080,322,-16,64,2040,145,2060,271
2434,2080,324,80,-16,2031,230,2060,273
2434,2080,325,64,16,2040,151,2060,274
2434,2080,330,16,0,2031,238,2051,363
2434,2080,338,48,0,2041,408,2060,289
2434,2081,100,80,0,2031,230,2060,273
2434,2081,101,64,0,2040,151,2060,274
2434,2081,104,0,-16,2030,69,2050,203
2434,2081,112,0,0,2031,250,2050,215
2436,2080,247,48,-16,2040,146,2060,320
2436,2081,461,48,0,2040,146,2060,320
2437,2080,415,-144,160,2031,226,2060,184
2437,2080,422,-48,0,2040,85,2050,139
2437,2081,527,-144,144,2031,226,2060,184
2438,2070,394,-32,160,2030,212,2061,53
2438,2071,45,-32,144,2030,212,2061,53
2438,2080,316,-64,0,2030,212,2050,158
2438,2080,333,48,0,2030,222,2060,98
2438,2081,416,48,-16,2030,222,2060,98
2439,2080,146,64,0,2030,403,2061,74
2439,2081,363,-16,-32,2030,403,2050,184
2440,2081,248,144,48,2040,193,2051,281
2441,2070,414,-160,256,2041,352,2060,270
2442,2081,463,-16,-16,2030,433,2050,150
2443,2080,478,0,0,2030,94,2050,441
2443,2081,354,16,0,2031,138,2050,441
2444,2080,210,48,16,2030,297,2060,139
2444,2080,229,-16,-48,2030,322,2050,287
2444,2081,333,0,-16,2031,171,2051,83
2444,2081,355,-16,-32,2030,322,2050,287
2445,2080,260,0,0,2041,132,2050,224
2445,2080,265,16,0,2031,385,2050,229
2445,2080,284,0,-16,2031,420,2050,254
2445,2081,311,0,0,2041,132,2050,224
2445,2081,316,16,0,2031,385,2050,229
2446,2080,379,0,-48,2030,418,2050,276
2446,2081,524,0,-16,2030,418,2050,276
2447,2070,522,16,96,2030,248,2051,316
2447,2071,533,16,96,2030,248,2051,316
2447,2080,368,0,-32,2030,258,2050,286
2447,2080,372,96,0,2031,138,2060,176
2447,2081,440,0,-32,2030,258,2050,286
2447,2081,444,112,0,2030,259,2060,176
2448,2080,298,64,-16,2031,477,2060,432
2448,2080,306,0,-32,2040,390,2050,271
2448,2081,176,64,-16,2031,477,2060,432
2448,2081,185,0,-16,2040,390,2050,271
2449,2080,393,48,0,2041,266,2060,192
2449,2080,400,16,0,2030,110,2050,448
2449,2080,418,-112,-16,2040,86,2050,462
2449,2081,245,16,0,2030,110,2050,448
2449,2081,260,-112,0,2040,86,2050,462
2452,2080,282,-64,224,2030,46,2061,147
2453,2080,456,-16,0,2040,215,2050,408
2453,2081,167,-16,0,2040,215,2050,408
2454,2070,347,-16,-96,2030,215,2050,438
2454,2071,556,-16,-96,2030,215,2050,438
2454,2080,472,16,-48,2041,372,2061,544
2454,2081,507,-16,-16,2031,252,2050,430
2454,2081,517,16,-32,2041,372,2061,544
2455,2070,283,32,96,2041,291,2060,366
2455,2080,163,0,0,2040,218,2050,125
2455,2080,174,48,-16,2041,302,2060,377
2455,2080,176,0,0,2030,345,2050,141
2455,2080,193,48,16,2030,362,2050,157
2455,2081,50,0,0,2040,218,2050,125
2455,2081,61,48,-16,2041,302,2060,377
2455,2081,63,0,0,2030,345,2050,141
2455,2081,81,48,16,2030,362,2050,157
2456,2080,371,-32,-16,2040,156,2060,217
2456,2080,390,0,0,2031,271,2051,343
2456,2080,399,-16,0,2031,290,2051,356
2456,2081,130,-32,-16,2040,156,2060,217
2456,2081,146,16,0,2030,427,2050,308
2456,2081,155,-16,0,2031,290,2051,356
2457,2080,238,-32,0,2031,354,2050,286
2458,2070,492,0,32,2041,454,2060,351
2458,2071,505,0,16,2041,454,2060,351
2458,2080,213,64,16,2030,270,2060,348
2458,2080,215,0,0,2030,272,2051,61
2458,2080,216,-16,-16,2040,136,2051,62
2458,2081,391,80,0,2040,133,2060,348
2458,2081,393,-16,0,2040,135,2050,176
2458,2081,394,-16,-16,2040,136,2051,62
2459,2080,258,0,-32,2030,297,2050,170
2459,2080,260,48,-32,2030,299,2060,374
2459,2081,501,0,-64,2030,297,2050,170
2459,2081,503,48,-16,2030,299,2060,374
2461,2080,101,48,80,2041,16,2050,144
2461,2080,105,-16,-16,2040,378,2050,148
2461,2081,75,48,48,2041,16,2050,144
2461,2081,79,-16,-16,2040,378,2050,148
2463,2071,541,0,96,2030,227,2051,137
2463,2080,389,0,16,2030,227,2051,137
2463,2081,102,0,32,2030,227,2051,137
2464,2080,421,16,-16,2031,522,2050,388
2464,2081,291,16,-16,2031,522,2050,388
2465,2080,259,0,16,2030,432,2050,221
2465,2080,268,16,-16,2031,407,2050,232
2465,2081,95,0,16,2030,432,2050,221
2466,2080,138,0,-16,2040,187,2051,57
2466,2080,141,-80,160,2030,265,2060,413
2466,2081,226,0,-16,2040,187,2051,57
2466,2081,229,-80,192,2030,265,2060,413
2468,2080,270,16,0,2031,125,2050,162
2468,2081,299,16,0,2031,125,2050,162
2469,2080,424,64,-16,2030,114,2050,392
2469,2081,474,64,-16,2030,114,2050,392
2471,2080,448,-16,0,2030,550,2050,508
2471,2080,454,0,0,2031,378,2051,294
2471,2081,322,0,0,2030,550,2051,282
2471,2081,329,-16,0,2040,105,2050,521
2472,2081,435,32,16,2040,262,2050,506
2473,2080,440,16,-16,2030,64,2051,394
2473,2080,460,0,0,2040,288,2050,375
2473,2080,466,0,-32,2040,295,2050,384
2473,2081,505,16,-32,2030,64,2051,394
2473,2081,526,0,0,2040,288,2050,375
2473,2081,531,0,-16,2040,295,2050,384
2474,2080,556,64,0,2030,194,2060,352
2474,2080,566,0,0,2030,211,2051,490
2474,2081,149,64,-16,2030,194,2060,352
2474,2081,161,16,0,2031,331,2051,490
2475,2080,461,32,-32,2041,174,2060,252
2475,2081,492,32,-32,2041,174,2060,252
2475,2081,514,80,-48,2030,160,2061,373
2476,2080,389,64,16,2030,48,2060,128
2476,2080,411,32,0,2031,115,2050,476
2476,2081,354,0,0,2031,82,2050,450
2476,2081,376,32,-32,2031,115,2050,476
2476,2081,377,48,16,2031,116,2061,222
2477,2070,547,32,64,2040,459,2060,190
2477,2070,549,-160,128,2031,243,2060,194
2477,2071,647,32,64,2040,459,2060,190
2477,2080,275,16,0,2030,380,2051,144
2477,2080,278,16,0,2031,236,2050,337
2477,2080,280,0,-16,2041,578,2050,340
2477,2080,293,32,0,2041,594,2060,203
2477,2080,298,0,-16,2030,403,2050,366
2477,2081,495,16,0,2030,380,2051,144
2477,2081,498,16,16,2031,236,2050,337
2477,2081,500,0,-32,2041,578,2050,340
2477,2081,511,48,-16,2030,400,2060,203
2477,2081,516,0,-16,2030,403,2050,366
2478,2080,165,-16,0,2030,519,2050,211
2478,2080,174,0,0,2040,424,2050,223
2478,2081,362,-16,0,2030,519,2050,211
2478,2081,373,0,0,2040,424,2050,223
2479,2070,518,32,32,2040,473,2061,323
2479,2071,225,32,48,2040,473,2061,323
2479,2080,198,-64,-16,2040,473,2051,152
2479,2081,346,-64,0,2040,473,2051,152
2480,2071,449,128,256,2040,213,2051,393
2480,2080,366,128,176,2040,213,2051,393
2480,2081,324,128,144,2040,213,2051,393
2481,2070,393,-160,256,2040,313,2061,488
2481,2071,501,-160,256,2040,313,2061,488
2481,2080,238,0,-32,2040,277,2050,161
2481,2081,120,0,-32,2040,277,2050,161
2482,2070,362,32,80,2031,433,2060,483
2482,2071,70,32,80,2031,433,2060,483
2482,2080,221,-16,0,2031,433,2051,88
2482,2081,318,0,0,2030,271,2050,176
2483,2080,259,48,-16,2030,172,2060,327
2483,2080,265,112,16,2040,48,2060,333
2483,2080,281,48,-48,2040,65,2060,356
2483,2081,149,48,-16,2030,172,2060,327
2483,2081,154,112,0,2040,48,2060,333
2483,2081,168,48,-64,2040,65,2060,356
2484,2080,478,0,-16,2031,200,2050,527
2484,2080,484,0,-16,2040,308,2050,540
2484,2081,451,0,-32,2031,200,2050,527
2484,2081,457,0,16,2040,308,2050,540
2485,2080,187,0,16,2031,318,2050,244
2485,2080,194,-32,0,2041,389,2051,160
2485,2080,205,-16,0,2030,501,2050,258
2485,2081,445,0,0,2031,318,2050,244
2485,2081,452,-32,-16,2041,389,2051,160
2485,2081,461,-16,0,2030,501,2050,258
2487,2070,521,32,64,2031,220,2060,174
2487,2071,555,16,64,2040,292,2060,169
2487,2071,557,32,64,2031,220,2060,174
2487,2080,378,-32,16,2040,279,2050,114
2487,2080,388,16,-16,2040,292,2060,169
2487,2081,73,-32,16,2040,279,2050,114
2487,2081,84,16,-16,2040,292,2060,169
2487,2081,88,32,112,2031,220,2060,174
2488,2080,566,16,0,2031,154,2050,528
2488,2080,583,0,0,2031,179,2050,546
2488,2081,136,0,0,2031,179,2050,546
2489,2081,336,-32,-16,2040,161,2050,213
2491,2070,271,32,96,2031,348,2060,388
2491,2071,526,32,80,2031,348,2060,388
2491,2080,486,48,0,2040,178,2060,388
2491,2081,135,48,-16,2040,178,2060,388
2492,2080,308,32,32,2030,344,2060,446
2492,2080,309,-32,16,2041,527,2050,199
2492,2080,310,80,-80,2030,348,2060,451
2492,2081,145,32,32,2030,344,2060,446
2492,2081,146,-32,16,2041,527,2050,199
2492,2081,147,80,-128,2030,348,2060,451
2493,2080,206,16,-32,2030,345,2050,131
2493,2080,210,64,0,2041,376,2060,241
2493,2080,212,64,0,2031,285,2060,243
2493,2081,312,16,-48,2030,345,2050,131
2493,2081,318,-16,-16,2031,285,2050,135
2494,2070,303,16,80,2040,152,2060,495
2494,2071,375,16,80,2040,152,2060,495
2496,2080,279,64,0,2041,214,2060,410
2496,2081,134,64,0,2041,214,2060,410
2497,2080,180,-16,-32,2040,422,2050,230
2497,2080,194,-16,0,2030,71,2050,245
2497,2080,195,0,-16,2040,441,2051,97
2497,2081,343,-16,-32,2040,422,2050,230
2497,2081,360,-16,0,2030,71,2050,245
2497,2081,361,0,0,2040,441,2051,97
2498,2080,549,0,-16,2031,240,2050,519
2498,2080,550,0,0,2031,242,2051,146
2498,2081,174,0,-16,2031,240,2050,519
2498,2081,175,16,0,2040,331,2051,146
2499,2080,401,128,48,2040,225,2060,319
2499,2081,524,128,48,2040,225,2060,319
2501,2080,228,32,-32,2040,134,2060,256
2501,2081,436,32,-48,2040,134,2060,256
2503,2080,370,48,-16,2041,231,2060,154
2503,2080,383,0,0,2040,196,2051,316
2503,2080,399,80,0,2040,217,2050,452
2503,2081,334,48,-16,2041,231,2060,154
2503,2081,346,0,0,2040,196,2051,316
2503,2081,361,96,0,2030,98,2050,452
2504,2070,359,0,32,2030,265,2060,152
2504,2071,529,0,32,2030,265,2060,152
2504,2080,477,0,0,2031,102,2050,435
2504,2080,478,64,0,2030,264,2060,151
2504,2080,479,-16,0,2040,195,2050,437
2504,2080,486,0,0,2031,117,2050,447
2504,2081,403,0,-16,2031,102,2050,435
2504,2081,404,64,0,2030,264,2060,151
2504,2081,405,16,0,2040,195,2051,369
2504,2081,413,0,0,2031,117,2050,447
2504,2081,430,80,0,2030,291,2060,187
2505,2080,206,144,0,2030,463,2060,300
2505,2080,231,48,0,2040,443,2060,320
2505,2081,111,160,-16,2031,336,2060,300
2505,2081,128,32,0,2030,477,2050,272
2505,2081,138,0,0,2031,364,2050,285
2506,2070,300,-80,64,2031,108,2060,153
2506,2071,517,-80,64,2031,108,2060,153
2506,2080,383,16,-16,2040,219,2050,443
2506,2080,386,64,-32,2031,131,2060,172
2506,2081,507,16,-32,2040,219,2050,443
2506,2081,510,64,-32,2031,131,2060,172
2507,2080,347,48,-16,2040,548,2060,173
2507,2080,351,-32,-16,2031,221,2050,139
2507,2080,361,64,-32,2040,562,2060,185
2507,2081,422,48,0,2040,548,2060,173
2507,2081,424,-32,-32,2031,221,2050,139
2507,2081,434,64,-32,2040,562,2060,185
2508,2080,294,80,-16,2030,199,2060,421
2508,2081,168,80,-16,2030,199,2060,421
2509,2070,250,16,144,2041,206,2050,384
2509,2080,328,16,80,2041,206,2050,384
2509,2081,142,16,32,2041,206,2050,384
2510,2080,199,48,0,2040,323,2060,122
2510,2080,205,-16,-16,2030,413,2050,263
2510,2080,230,-32,0,2040,368,2050,290
2510,2081,373,-32,16,2040,323,2050,258
2510,2081,378,32,0,2030,413,2060,128
2510,2081,402,32,0,2041,483,2061,86
2511,2080,328,-32,0,2041,391,2050,114
2511,2081,359,-32,-16,2041,391,2050,114
2512,2070,450,32,64,2030,466,2060,271
2512,2071,498,32,48,2030,466,2060,271
2512,2080,237,64,0,2031,316,2060,271
2512,2081,74,64,-16,2031,316,2060,271
2513,2080,173,144,16,2031,405,2060,442
2513,2080,187,-96,16,2031,420,2050,247
2513,2081,263,144,0,2031,405,2060,442
2513,2081,267,64,-16,2031,412,2060,447
2513,2081,276,-96,-16,2031,420,2050,247
2514,2080,435,0,0,2030,187,2051,91
2514,2081,120,-16,0,2030,187,2050,399
2515,2070,286,-80,160,2040,156,2060,511
2515,2071,395,-80,160,2040,156,2060,511
2515,2080,346,0,16,2030,419,2050,306
2515,2080,354,16,32,2040,155,2050,316
2515,2080,355,-80,80,2040,156,2060,511
2515,2080,363,32,0,2031,478,2050,326
2515,2081,101,16,0,2031,458,2050,306
2515,2081,111,-80,64,2040,156,2060,511
2515,2081,118,32,0,2031,478,2050,326
2516,2070,226,0,32,2041,235,2061,111
2516,2070,229,-96,48,2030,184,2060,332
2516,2071,132,0,32,2041,235,2061,111
2516,2080,403,-64,16,2031,277,2050,351
2516,2080,412,-16,-48,2031,296,2050,357
2516,2080,414,-112,-48,2030,184,2061,117
2516,2081,139,-64,0,2031,277,2050,351
2516,2081,149,-16,0,2031,296,2050,357
2516,2081,151,-112,-16,2030,184,2061,117
2517,2070,287,0,80,2031,113,2050,395
2517,2071,50,0,64,2031,113,2050,395
2517,2080,424,32,0,2030,487,2050,395
2517,2080,427,-48,0,2031,120,2050,401
2517,2081,170,32,0,2030,487,2050,395
2517,2081,173,-32,0,2031,120,2051,345
2518,2080,215,32,0,2041,432,2060,255
2518,2080,242,16,0,2030,417,2050,141
2519,2080,250,-16,0,2040,126,2050,171
2519,2080,255,0,-64,2031,316,2060,289
2519,2080,259,16,-16,2031,322,2050,181
2519,2080,272,64,0,2030,383,2060,301
2519,2081,471,-16,0,2040,126,2050,171
2519,2081,476,0,-48,2031,316,2060,289
2519,2081,479,16,0,2031,322,2050,181
2519,2081,492,48,0,2031,338,2060,301
2520,2080,384,80,-16,2040,314,2050,250
2520,2080,405,64,224,2030,147,2061,305
2520,2081,84,112,0,2030,124,2050,250
2520,2081,104,64,224,2030,147,2061,305
2521,2080,223,-16,0,2040,420,2051,162
2521,2080,229,32,-16,2031,361,2060,320
2521,2080,236,32,0,2030,469,2050,293
2521,2081,137,-32,-32,2040,420,2050,273
2521,2081,142,-48,16,2031,361,2050,283
2521,2081,148,16,0,2041,507,2050,293
2522,2080,568,-64,0,2040,307,2051,349
2522,2081,480,16,-32,2040,307,2060,197
2523,2070,459,-160,32,2031,319,2060,357
2523,2070,463,48,96,2030,181,2060,371
2523,2071,497,-160,32,2031,319,2060,357
2523,2071,500,48,80,2030,181,2060,371
2523,2080,236,-32,16,2031,340,2050,206
2523,2080,240,-32,16,2040,304,2050,211
2523,2081,488,-32,16,2031,340,2050,206
2523,2081,492,48,0,2040,304,2060,376
2524,2080,438,48,0,2031,144,2060,189
2524,2080,448,48,-16,2031,156,2060,196
2524,2081,342,48,0,2031,144,2060,189
2524,2081,353,48,0,2031,156,2060,196
2525,2070,521,0,48,2030,429,2051,72
2525,2071,51,0,64,2030,429,2051,72
2525,2071,55,16,64,2041,471,2060,316
2525,2080,176,0,0,2031,351,2050,134
2525,2080,186,-16,0,2031,358,2050,142
2525,2080,188,-16,0,2041,473,2050,146
2525,2081,396,0,-16,2031,351,2050,134
2525,2081,406,32,0,2031,358,2060,316
2525,2081,407,-16,0,2041,473,2050,146
2526,2080,305,0,16,2030,356,2050,272
2526,2080,318,-48,0,2030,367,2050,282
2526,2081,189,0,32,2030,356,2050,272
2526,2081,201,-48,-16,2030,367,2050,282
2527,2070,316,48,48,2040,231,2060,193
2527,2070,317,48,80,2030,434,2061,101
2527,2071,80,48,64,2040,231,2060,193
2527,2071,81,48,80,2030,434,2061,101
2527,2080,385,-32,-16,2040,231,2050,353
2527,2080,386,-32,0,2040,232,2050,354
2527,2080,388,0,0,2031,161,2050,357
2527,2081,59,-32,-32,2040,231,2050,353
2527,2081,60,-32,-16,2040,232,2050,354
2527,2081,62,0,-16,2031,161,2050,357
2528,2080,348,-32,-16,2040,180,2050,322
2528,2080,352,-32,-80,2031,71,2060,99
2528,2081,119,16,0,2040,180,2060,94
2528,2081,122,-32,-96,2031,71,2060,99
2529,2070,447,16,96,2040,210,2050,263
2529,2071,458,16,112,2040,210,2050,263
2529,2080,305,64,-16,2041,414,2050,281
2529,2081,490,64,-16,2041,414,2050,281
2530,2080,307,64,0,2030,210,2060,130
2530,2080,309,80,-16,2031,168,2060,131
2530,2081,64,64,-32,2030,210,2060,130
2530,2081,67,80,-16,2031,168,2060,131
2531,2080,203,16,0,2030,137,2050,262
2531,2080,211,80,0,2031,326,2060,302
2531,2081,455,16,0,2030,137,2050,262
2531,2081,465,80,0,2031,326,2060,302
2533,2080,267,64,128,2030,496,2050,183
2533,2081,464,64,128,2030,496,2050,183
2534,2080,350,-16,0,2040,125,2051,238
2534,2081,269,-16,0,2040,125,2051,238
2536,2080,370,16,0,2031,210,2050,416
2536,2080,373,-16,-32,2040,283,2050,421
2536,2081,70,-16,-32,2040,283,2050,421
2537,2080,205,0,0,2031,292,2050,135
2537,2081,367,144,80,2030,394,2050,115
2537,2081,389,0,-16,2031,292,2050,135
2538,2070,426,-48,144,2040,194,2061,137
2538,2071,557,-64,224,2031,482,2061,137
2538,2080,299,-128,-16,2040,194,2050,242
2538,2080,303,48,0,2031,491,2060,447
2538,2081,115,0,-16,2030,534,2050,248
2539,2081,341,0,-16,2031,282,2060,244
2540,2070,432,0,64,2030,176,2060,270
2540,2071,579,0,64,2030,176,2060,270
2540,2080,519,-64,0,2040,297,2050,476
2540,2080,528,-16,0,2031,215,2050,485
2540,2080,529,48,0,2030,174,2050,486
2540,2080,533,-32,16,2031,222,2050,492
2540,2080,540,0,-16,2040,330,2050,503
2540,2080,541,-16,-32,2040,331,2050,504
2540,2081,56,-64,-48,2040,297,2050,476
2540,2081,65,-48,0,2031,215,2051,136
2540,2081,66,48,-16,2030,174,2050,486
2540,2081,71,-32,0,2031,222,2050,492
2540,2081,78,0,0,2040,330,2050,503
2540,2081,79,-16,-16,2040,331,2050,504
2541,2080,323,0,80,2030,62,2051,262
2541,2081,292,0,96,2030,62,2051,262
2542,2080,406,-48,-16,2040,83,2050,368
2542,2080,412,48,0,2041,272,2060,178
2542,2080,415,80,-16,2031,147,2060,183
2542,2081,204,-48,0,2040,83,2050,368
2542,2081,210,0,0,2040,93,2050,378
2542,2081,213,80,0,2031,147,2060,183
2543,2080,239,96,0,2030,480,2060,335
2543,2080,269,0,-16,2040,328,2050,236
2543,2081,515,96,0,2030,480,2060,335
2543,2081,543,0,-16,2040,328,2050,236
2544,2071,540,32,48,2031,84,2060,123
2544,2080,498,64,0,2041,243,2060,116
2544,2080,502,80,-16,2040,170,2060,123
2544,2081,366,-16,0,2041,243,2050,458
2544,2081,370,80,-16,2040,170,2060,123
2545,2070,243,16,96,2031,435,2060,475
2545,2071,58,16,80,2031,435,2060,475
2545,2080,313,16,-16,2041,171,2051,142
2545,2080,333,32,0,2040,92,2050,302
2545,2081,108,16,-16,2041,171,2051,142
2545,2081,129,32,16,2040,92,2050,302
2546,2080,283,16,-32,2040,364,2060,451
2546,2080,295,32,0,2040,378,2060,467
2546,2080,306,32,0,2031,441,2060,482
2546,2081,528,16,-32,2040,364,2060,451
2546,2081,540,-48,0,2040,378,2051,165
2546,2081,551,32,-32,2031,441,2060,482
2547,2080,224,0,0,2040,273,2050,187
2547,2081,468,0,0,2040,273,2050,187
2548,2080,229,48,0,2031,380,2060,337
2548,2081,427,48,-16,2031,380,2060,337
2549,2070,350,80,224,2041,102,2050,237
2549,2071,148,80,224,2041,102,2050,237
2549,2080,304,80,112,2041,102,2050,237
2549,2080,333,32,0,2031,235,2060,191
2549,2081,72,80,96,2041,102,2050,237
2549,2081,100,-16,0,2031,235,2050,264
2550,2070,375,0,80,2031,383,2050,47
2550,2080,244,0,-32,2031,383,2050,47
2550,2081,98,0,-16,2031,383,2050,47
2552,2070,359,16,48,2041,284,2060,182
2552,2071,52,16,48,2041,284,2060,182
2552,2080,163,48,0,2041,308,2060,198
2552,2081,449,48,-16,2041,308,2060,198
2553,2080,106,0,0,2041,390,2050,147
2553,2081,293,0,-16,2041,390,2050,147
2555,2080,185,96,0,2040,249,2060,403
2555,2080,194,0,0,2040,264,2051,64
2555,2080,195,16,-16,2030,322,2051,65
2555,2081,87,96,0,2040,249,2060,403
2555,2081,98,48,0,2031,367,2051,65
2556,2070,222,0,64,2041,178,2051,243
2556,2080,304,16,-16,2040,136,2051,243
2556,2081,270,-32,0,2040,136,2050,363
2557,2070,260,96,64,2031,133,2051,398
2557,2070,268,64,192,2040,257,2050,360
2557,2071,49,96,64,2031,133,2051,398
2557,2071,54,64,176,2040,257,2050,360
2557,2080,467,0,0,2040,240,2051,410
2557,2081,313,0,0,2040,240,2051,410
2558,2071,498,-144,256,2031,128,2061,87
2558,2080,337,-144,144,2031,128,2061,87
2558,2081,446,-144,128,2031,128,2061,87
2559,2070,343,64,64,2030,128,2060,209
2559,2071,528,64,64,2030,128,2060,209
2559,2080,451,-16,0,2030,128,2050,417
2559,2081,383,64,0,2030,128,2060,209
2560,2080,393,0,0,2031,185,2051,355
2560,2080,404,32,0,2031,205,2061,265
2560,2080,417,80,-16,2040,323,2060,246
2560,2081,90,0,-16,2031,185,2051,355
2560,2081,109,0,0,2031,214,2051,368
2560,2081,112,80,-16,2040,323,2060,246
2561,2080,349,64,0,2040,397,2060,142
2561,2080,351,-16,-16,2031,183,2050,313
2561,2081,104,-16,0,2040,397,2050,310
2562,2070,408,0,64,2030,346,2061,172
2562,2071,414,0,48,2030,346,2061,172
2562,2080,270,32,0,2030,340,2060,94
2562,2080,273,0,0,2031,140,2051,65
2562,2080,276,32,32,2031,144,2050,252
2562,2081,306,-16,0,2030,340,2051,62
2562,2081,309,0,0,2031,140,2051,65
2562,2081,312,32,16,2031,144,2050,252
2563,2080,526,-16,0,2031,244,2050,483
2563,2080,528,48,0,2031,247,2060,281
2563,2081,137,-16,-32,2031,244,2050,483
2563,2081,139,16,-16,2041,363,2060,281
2564,2080,417,-48,80,2030,375,2060,151
2564,2080,426,0,0,2030,389,2050,481
2564,2080,432,48,-16,2030,397,2060,171
2564,2080,438,16,0,2030,405,2050,494
2564,2081,323,-48,96,2030,375,2060,151
2564,2081,332,16,0,2031,124,2050,481
2564,2081,338,48,-32,2030,397,2060,171
2564,2081,344,0,0,2041,283,2050,494
2566,2080,376,0,-16,2040,161,2050,343
2566,2081,108,32,0,2031,430,2050,343
2566,2081,132,80,-16,2030,339,2060,521
2567,2080,394,-32,0,2040,454,2050,352
2567,2081,152,-32,-16,2040,454,2050,352
2570,2080,463,64,0,2030,86,2060,174
2570,2080,482,48,0,2041,294,2060,191
2570,2080,491,0,0,2030,111,2051,367
2570,2081,380,64,-16,2030,86,2060,174
2570,2081,399,48,-16,2041,294,2060,191
2570,2081,407,16,16,2041,301,2060,200
2571,2080,387,-32,0,2031,428,2050,289
2571,2081,183,16,-16,2040,221,2060,461
2571,2081,194,-32,16,2031,428,2050,289
2572,2080,463,-16,0,2040,237,2051,357
2572,2081,384,-16,0,2040,237,2051,357
2573,2080,443,80,-32,2040,131,2060,369
2573,2081,95,80,-32,2040,131,2060,369
2573,2081,99,80,0,2031,340,2060,372
2574,2080,498,16,32,2040,130,2050,461
2574,2081,274,16,32,2040,130,2050,461
2576,2080,447,16,-16,2031,210,2050,504
2576,2080,477,0,-32,2030,199,2050,526
2576,2080,482,48,0,2031,250,2060,280
2576,2081,414,0,-16,2030,199,2050,526
2576,2081,420,128,32,2030,207,2060,280
2577,2080,281,0,-16,2030,524,2050,195
2577,2080,284,48,-32,2031,430,2060,470
2577,2081,116,0,-16,2030,524,2050,195
2577,2081,119,48,-48,2031,430,2060,470
2578,2070,503,-128,80,2031,320,2061,354
2578,2071,59,-128,64,2031,320,2061,354
2578,2080,230,-128,-32,2031,320,2061,354
2578,2081,391,-128,-48,2031,320,2061,354
2579,2080,306,32,0,2030,458,2061,134
2579,2081,177,32,0,2030,458,2061,134
2580,2081,245,-16,-16,2031,467,2050,97
2581,2080,140,32,-16,2031,397,2050,106
2581,2080,155,16,0,2031,416,2050,120
2581,2081,203,16,-16,2031,416,2050,120
2582,2080,268,-16,0,2040,121,2050,155
2582,2080,272,0,0,2040,132,2051,294
2582,2081,320,32,16,2040,121,2051,287
2582,2081,324,0,0,2040,132,2051,294
2583,2070,429,32,48,2040,259,2060,138
2583,2071,442,32,64,2040,259,2060,138
2583,2071,446,-32,128,2040,269,2061,503
2583,2080,318,32,-32,2040,259,2060,138
2583,2080,320,96,-32,2040,266,2060,141
2583,2080,322,-32,16,2040,269,2061,503
2583,2081,457,32,-32,2040,259,2060,138
2583,2081,459,96,-48,2040,266,2060,141
2583,2081,461,-32,32,2040,269,2061,503
2584,2080,230,0,0,2041,177,2050,207
2584,2081,87,48,0,2030,143,2060,274
2585,2070,313,-48,192,2041,347,2061,153
2585,2071,503,-48,208,2041,347,2061,153
2585,2080,456,0,0,2030,522,2051,406
2585,2080,461,-32,-16,2040,183,2050,378
2585,2081,551,0,0,2031,220,2050,373
2585,2081,558,-32,16,2040,183,2050,378
2588,2080,334,80,-16,2031,300,2060,268
2588,2081,187,80,-16,2031,300,2060,268
2589,2070,356,0,80,2030,518,2051,142
2589,2071,555,0,80,2030,518,2051,142
2589,2080,226,-48,16,2040,280,2050,198
2589,2080,229,16,0,2041,369,2051,142
2589,2080,250,64,0,2031,446,2060,479
2589,2081,165,-48,0,2040,280,2050,198
2589,2081,168,16,-16,2041,369,2051,142
2589,2081,190,48,0,2041,400,2060,479
2590,2080,194,80,0,2041,447,2060,292
2590,2080,196,16,16,2031,335,2051,130
2590,2080,207,-48,16,2040,272,2050,178
2590,2081,375,80,0,2041,447,2060,292
2590,2081,378,-16,-16,2031,335,2050,166
2590,2081,389,-48,16,2040,272,2050,178
2591,2080,209,16,0,2030,385,2051,122
2591,2080,211,32,-16,2040,270,2060,302
2591,2081,484,-16,0,2030,385,2050,171
2591,2081,486,32,-16,2040,270,2060,302
2592,2080,323,16,-16,2030,500,2050,143
2592,2080,335,-16,0,2030,507,2051,377
2592,2080,349,64,-32,2030,516,2060,192
2592,2081,392,16,-16,2030,500,2050,143
2592,2081,401,-16,-16,2030,507,2051,377
2592,2081,414,64,-16,2030,516,2060,192
2593,2080,472,48,-32,2040,116,2060,316
2593,2080,476,48,-16,2031,285,2060,322
2593,2081,521,48,-48,2040,116,2060,316
2593,2081,526,48,-32,2031,285,2060,322
2595,2070,335,48,64,2040,227,2060,158
2595,2080,417,48,0,2030,357,2060,156
2595,2080,419,0,0,2031,124,2050,472
2595,2080,420,0,0,2041,301,2051,264
2595,2081,188,32,0,2031,122,2060,156
2595,2081,190,16,0,2030,359,2050,472
2595,2081,191,0,-16,2041,301,2051,264
2596,2080,380,64,16,2040,301,2060,470
2596,2081,187,64,0,2040,301,2060,470
2597,2080,203,0,0,2041,430,2050,163
2597,2080,228,-32,-32,2040,297,2050,182
2597,2081,314,0,0,2041,430,2050,163
2597,2081,338,-32,0,2040,297,2050,182
2598,2080,418,112,32,2030,111,2060,190
2598,2080,448,16,0,2040,259,2050,415
2598,2081,78,112,48,2030,111,2060,190
2598,2081,104,16,-16,2040,259,2050,415
2599,2070,277,16,48,2031,113,2060,145
2599,2080,387,0,-16,2041,238,2050,432
2599,2081,324,0,-16,2041,238,2050,432
2601,2080,361,64,-16,2040,266,2060,109
2601,2081,235,64,-32,2040,266,2060,109
2603,2070,436,32,64,2041,370,2060,253
2603,2070,443,-64,208,2030,578,2061,146
2603,2071,595,32,64,2041,370,2060,253
2603,2071,602,-64,208,2030,578,2061,146
2603,2080,455,48,-16,2040,290,2060,253
2603,2080,473,-64,112,2030,578,2061,146
2603,2081,163,48,-32,2040,290,2060,253
2603,2081,181,-64,96,2030,578,2061,146
2604,2080,163,64,0,2041,411,2061,65
2604,2080,176,32,0,2030,550,2050,230
2604,2080,183,0,-16,2031,336,2050,241
2604,2081,495,64,-32,2041,411,2061,65
2604,2081,508,32,-16,2030,550,2050,230
2605,2080,400,0,-16,2041,305,2050,373
2605,2080,409,0,-32,2030,76,2050,382
2605,2081,116,0,-16,2041,305,2050,373
2605,2081,128,0,-48,2030,76,2050,382
2606,2080,364,16,0,2040,137,2050,328
2606,2080,370,48,-16,2031,473,2060,433
2606,2080,373,16,0,2031,475,2051,186
2606,2080,385,-32,-16,2041,233,2050,354
2606,2081,68,16,0,2040,137,2050,328
2606,2081,77,16,0,2031,475,2051,186
2606,2081,89,32,0,2040,164,2050,354
2607,2080,461,-128,144,2030,61,2060,224
2607,2080,474,16,-32,2031,272,2060,234
2607,2081,100,-128,128,2030,61,2060,224
2607,2081,113,16,-32,2031,272,2060,234
2609,2080,270,16,0,2031,143,2060,105
2609,2080,281,-16,0,2031,163,2051,195
2609,2081,437,32,0,2030,469,2060,105
2609,2081,447,-16,0,2031,163,2051,195
2611,2080,426,0,0,2041,350,2050,213
2612,2080,213,-16,0,2031,353,2051,130
2612,2081,320,-16,0,2031,353,2051,130
2613,2070,224,0,80,2031,433,2060,395
2613,2071,115,0,80,2031,433,2060,395
2613,2080,345,16,-16,2030,505,2060,395
2613,2080,367,48,-32,2040,166,2060,416
2613,2081,276,16,-32,2030,505,2060,395
2613,2081,295,48,-48,2040,166,2060,416
2614,2080,391,32,32,2030,166,2060,207
2614,2080,399,0,-16,2040,138,2050,289
2614,2081,452,32,32,2030,166,2060,207
2614,2081,461,0,-16,2040,138,2050,289
2615,2071,499,32,96,2031,394,2060,358
2615,2080,303,48,0,2030,469,2060,358
2615,2080,318,16,0,2041,210,2051,173
2615,2080,322,48,0,2031,416,2060,373
2615,2081,88,64,0,2041,193,2060,358
2615,2081,100,16,0,2041,210,2051,173
2615,2081,104,48,-16,2031,416,2060,373
2616,2080,399,-16,0,2030,582,2050,137
2616,2080,417,48,0,2040,320,2060,186
2616,2081,535,16,0,2030,582,2060,173
2616,2081,554,64,0,2030,600,2060,186
2618,2080,359,16,-32,2040,433,2060,186
2618,2081,253,16,-16,2040,433,2060,186
2619,2080,538,16,-16,2030,116,2051,472
2619,2080,545,0,0,2031,215,2050,435
2619,2080,555,0,-16,2031,227,2050,446
2619,2080,557,16,0,2041,178,2061,404
2619,2081,75,16,-16,2030,116,2051,472
2619,2081,93,0,0,2031,227,2050,446
2620,2080,505,-16,0,2040,415,2050,461
2620,2081,183,48,0,2040,415,2060,261
2622,2080,441,0,-32,2030,202,2050,494
2622,2081,129,0,0,2030,202,2050,494
2624,2080,448,16,0,2031,323,2050,410
2624,2080,457,96,176,2030,153,2060,378
2624,2081,110,16,0,2031,323,2050,410
2624,2081,119,96,160,2030,153,2060,378
2625,2080,235,96,0,2040,283,2060,318
2625,2081,504,80,0,2041,433,2060,318
2626,2080,281,112,16,2040,136,2060,317
2626,2081,97,112,0,2040,136,2060,317
2627,2081,465,-16,32,2031,168,2061,277
2628,2080,129,-80,128,2030,296,2061,498
2628,2080,150,48,0,2031,286,2060,235
2628,2081,468,-80,128,2030,296,2061,498
2628,2081,488,48,0,2031,286,2060,235
2629,2070,425,-128,32,2030,346,2060,181
2629,2071,435,-128,48,2030,346,2060,181
2629,2080,114,-16,0,2041,391,2050,154
2629,2081,311,-32,-16,2041,391,2051,81
2631,2080,403,64,16,2030,337,2060,211
2631,2081,457,64,0,2030,337,2060,211
2632,2080,248,64,0,2040,299,2060,355
2632,2081,569,64,0,2040,299,2060,355
2634,2081,363,-16,0,2031,228,2050,98
2635,2080,409,0,-16,2031,278,2050,201
2635,2081,544,0,-16,2031,278,2050,201
2636,2070,538,-160,256,2031,369,2061,447
2636,2071,554,-160,256,2031,369,2061,447
2637,2080,503,32,0,2031,227,2060,267
2637,2081,554,0,0,2040,309,2050,390
2639,2080,481,32,0,2031,165,2061,137
2639,2081,105,32,0,2031,165,2061,137
2640,2070,507,48,192,2041,446,2060,146
2640,2071,515,48,208,2041,446,2060,146
2640,2080,303,-16,0,2030,420,2050,112
2640,2080,318,48,16,2030,430,2050,131
2640,2080,325,-16,0,2031,228,2051,268
2640,2081,536,-16,0,2030,420,2050,112
2640,2081,550,48,16,2030,430,2050,131
2640,2081,557,-16,0,2031,228,2051,268
2641,2070,422,16,48,2030,486,2061,333
2641,2071,59,16,16,2030,486,2061,333
2641,2080,170,-16,-32,2030,481,2050,221
2641,2080,173,-16,0,2031,303,2050,223
2641,2081,441,-16,0,2031,303,2050,223
2642,2070,365,-16,112,2031,91,2060,139
2642,2080,460,-16,16,2031,91,2060,139
2642,2080,466,16,48,2040,233,2060,148
2642,2080,468,16,0,2031,105,2051,401
2642,2081,423,-16,0,2031,91,2060,139
2642,2081,431,16,16,2040,233,2060,148
2642,2081,433,-16,0,2030,187,2050,524
2644,2080,300,0,16,2030,227,2051,257
2644,2080,318,0,0,2040,356,2050,88
2644,2081,396,16,0,2031,135,2051,257
2644,2081,414,0,0,2040,356,2050,88
2645,2080,490,-16,32,2031,118,2050,453
2645,2081,409,-16,0,2031,118,2050,453
2646,2080,263,-16,0,2031,346,2051,207
2646,2081,491,-16,0,2031,346,2051,207
2647,2080,113,32,-16,2031,237,2050,44
2647,2081,391,32,0,2031,237,2050,44
2648,2070,350,32,112,2041,391,2051,458
2648,2071,320,32,112,2041,391,2051,458
2648,2080,438,0,0,2040,198,2051,457
2648,2080,439,32,0,2041,391,2051,458
2648,2080,440,0,-16,2030,526,2051,463
2648,2081,483,32,0,2041,391,2051,458
2648,2081,484,-32,0,2030,526,2050,236
2649,2080,395,64,0,2040,242,2060,208
2649,2080,396,32,0,2041,280,2060,210
2649,2080,398,32,0,2040,247,2060,213
2649,2080,401,-16,0,2031,184,2050,371
2649,2080,405,16,-16,2030,153,2050,377
2649,2081,83,64,16,2040,242,2060,208
2649,2081,84,32,0,2041,280,2060,210
2649,2081,86,48,0,2041,284,2060,213
2649,2081,89,32,0,2031,184,2060,220
2649,2081,93,16,16,2030,153,2050,377
2650,2080,457,64,-32,2030,75,2060,199
2650,2080,461,16,16,2030,76,2050,411
2650,2081,371,64,-32,2030,75,2060,199
2650,2081,375,16,-16,2030,76,2050,411
2651,2080,261,0,0,2031,217,2051,116
2651,2080,274,16,0,2031,240,2050,332
2651,2080,275,16,32,2031,241,2050,333
2651,2081,453,0,0,2031,217,2051,116
2651,2081,465,16,0,2031,240,2050,332
2651,2081,466,16,16,2031,241,2050,333
2653,2080,157,0,0,2030,313,2051,67
2653,2080,164,80,48,2041,478,2060,433
2653,2080,186,-144,128,2030,351,2050,147
2653,2081,277,0,16,2030,313,2051,67
2653,2081,282,80,32,2041,478,2060,433
2653,2081,303,-144,144,2030,351,2050,147
2654,2080,371,80,-16,2041,293,2061,99
2654,2080,373,48,-16,2040,140,2060,225
2654,2080,374,16,-32,2030,478,2051,412
2654,2080,384,0,0,2030,486,2050,200
2654,2081,435,80,0,2041,293,2061,99
2654,2081,437,48,0,2040,140,2060,225
2654,2081,438,16,-32,2030,478,2051,412
2654,2081,445,16,0,2040,149,2050,200
2655,2080,218,80,-32,2030,366,2060,249
2655,2081,484,80,-32,2030,366,2060,249
2656,2080,442,-32,16,2031,240,2050,405
2656,2081,176,-32,0,2031,240,2050,405
2657,2070,285,0,96,2031,212,2050,441
2657,2071,100,0,80,2031,212,2050,441
2658,2070,429,-80,64,2030,483,2060,342
2658,2070,431,16,48,2040,158,2060,361
2658,2071,506,-80,32,2030,483,2060,342
2658,2071,507,16,48,2040,158,2060,361
2658,2080,253,-16,0,2031,291,2051,208
2658,2080,262,32,-16,2030,484,2060,343
2658,2080,274,-48,0,2040,158,2050,197
2658,2081,89,0,-16,2030,476,2050,174
2658,2081,97,32,-16,2030,484,2060,343
2658,2081,108,-48,0,2040,158,2050,197
2659,2080,120,0,0,2041,439,2050,84
2659,2080,121,144,112,2030,294,2060,174
2659,2081,490,16,0,2030,293,2050,84
2659,2081,492,144,80,2030,294,2060,174
2660,2080,467,0,0,2041,507,2050,389
2660,2080,476,16,16,2041,517,2050,402
2660,2081,305,0,16,2041,507,2050,389
2660,2081,315,16,0,2041,517,2050,402
2661,2080,217,-16,-32,2030,53,2050,182
2661,2081,146,-16,-48,2030,53,2050,182
2662,2080,433,16,-16,2040,68,2050,345
2662,2080,434,-16,0,2031,190,2050,346
2662,2080,453,48,0,2040,96,2060,255
2662,2081,466,0,0,2031,189,2050,345
2662,2081,467,16,0,2031,190,2051,386
2662,2081,480,16,0,2031,204,2050,360
2662,2081,489,64,-32,2030,294,2060,255
2663,2080,256,16,0,2040,147,2050,200
2663,2080,265,-16,0,2030,86,2050,214
2663,2080,266,0,0,2031,462,2050,216
2663,2080,286,16,0,2031,489,2050,237
2663,2081,110,0,0,2031,447,2050,200
2663,2081,120,32,0,2030,87,2060,418
2663,2081,132,16,0,2031,478,2050,224
2663,2081,141,16,0,2031,489,2050,237
2664,2080,474,-16,-16,2040,152,2050,532
2664,2081,414,-16,-32,2040,152,2050,532
2665,2070,320,64,64,2031,229,2060,185
2665,2071,162,64,80,2031,229,2060,185
2665,2080,385,0,16,2031,196,2050,237
2665,2080,388,80,0,2040,120,2060,171
2666,2080,446,48,16,2031,179,2050,510
2666,2080,466,16,0,2041,306,2051,378
2666,2081,392,48,16,2031,179,2050,510
2666,2081,408,16,0,2041,306,2051,378
2667,2070,245,160,64,2030,188,2060,441
2667,2070,255,32,48,2040,314,2060,464
2667,2080,359,-32,0,2040,283,2050,327
2667,2080,361,160,-32,2030,188,2060,441
2667,2080,370,48,0,2031,417,2060,453
2667,2080,377,-32,-16,2040,314,2050,354
2667,2081,87,-32,0,2040,283,2050,327
2667,2081,89,160,-48,2030,188,2060,441
2667,2081,96,-16,-64,2041,160,2050,337
2667,2081,101,32,0,2030,201,2060,453
2667,2081,108,-32,-32,2040,314,2050,354
2668,2080,270,-16,-16,2040,134,2050,186
2668,2080,273,32,-48,2040,141,2060,305
2668,2081,544,-16,-32,2040,134,2050,186
2668,2081,547,32,-64,2040,141,2060,305
2669,2070,404,64,96,2041,337,2050,199
2669,2071,77,64,96,2041,337,2050,199
2669,2080,148,64,112,2041,337,2050,199
2669,2081,496,80,-16,2040,454,2050,199
2670,2070,513,48,80,2031,376,2060,345
2670,2071,522,48,80,2031,376,2060,345
2670,2080,224,0,0,2031,353,2051,130
2670,2080,228,80,0,2040,283,2060,322
2670,2080,231,16,0,2030,394,2060,328
2670,2080,245,0,0,2040,302,2050,211
2670,2080,248,48,16,2031,376,2060,345
2670,2081,415,0,0,2031,353,2051,130
2670,2081,418,80,0,2040,283,2060,322
2670,2081,421,32,0,2031,361,2060,328
2670,2081,434,0,0,2040,302,2050,211
2670,2081,437,-16,0,2040,304,2050,214
2671,2070,326,112,176,2041,173,2060,255
2671,2071,74,112,160,2041,173,2060,255
2671,2080,396,80,-32,2030,132,2060,250
2671,2080,399,112,64,2041,173,2060,255
2671,2080,401,16,0,2041,175,2050,460
2671,2080,412,-96,-128,2041,187,2060,270
2671,2081,94,80,0,2030,132,2060,250
2671,2081,98,112,48,2041,173,2060,255
2671,2081,100,48,0,2030,136,2050,460
2671,2081,112,-96,-112,2041,187,2060,270
2672,2071,356,-48,176,2041,350,2060,298
2672,2080,385,-48,64,2041,350,2060,298
2672,2081,458,-48,64,2041,350,2060,298
2673,2080,351,-16,0,2040,239,2060,140
2673,2080,353,80,0,2040,241,2060,142
2673,2080,370,0,0,2040,264,2050,115
2673,2080,381,80,-16,2031,220,2060,166
2673,2081,522,-80,16,2040,239,2050,96
2673,2081,524,80,0,2040,241,2060,142
2673,2081,541,0,0,2040,264,2050,115
2673,2081,550,80,-32,2031,220,2060,166
2674,2070,369,16,80,2031,277,2050,130
2674,2070,370,0,16,2041,382,2060,328
2674,2071,416,16,96,2031,277,2050,130
2674,2071,417,0,32,2041,382,2060,328
2674,2080,207,0,0,2030,243,2051,163
2674,2080,215,16,-48,2040,95,2060,328
2674,2080,219,-48,0,2040,99,2050,143
2674,2081,51,0,-16,2030,243,2051,163
2674,2081,59,16,-64,2040,95,2060,328
2675,2080,325,80,-48,2030,186,2060,102
2675,2080,336,-32,96,2030,202,2061,473
2675,2081,226,80,-16,2030,186,2060,102
2675,2081,235,-32,96,2030,202,2061,473
2676,2080,290,16,0,2040,350,2061,175
2676,2081,146,-16,0,2040,350,2060,457
2677,2080,274,-32,0,2040,499,2051,188
2677,2081,124,-48,0,2040,499,2050,326
2678,2080,192,48,0,2031,402,2060,444
2678,2081,84,-16,0,2031,402,2050,149
2679,2080,346,48,0,2040,261,2060,142
2679,2081,460,48,0,2040,261,2060,142
2682,2080,172,80,-16,2040,378,2061,70
2682,2080,173,48,-16,2040,379,2060,201
2682,2081,314,48,-16,2040,379,2060,201
2683,2070,465,0,64,2041,417,2051,136
2683,2071,471,0,64,2041,417,2051,136
2684,2080,418,48,-16,2040,290,2060,254
2684,2081,149,48,-16,2040,290,2060,254
2685,2070,444,32,112,2031,193,2060,163
2685,2071,454,32,96,2031,193,2060,163
2685,2080,231,32,0,2031,193,2060,163
2685,2081,340,48,-16,2030,364,2060,163
2687,2080,142,64,-32,2040,194,2060,340
2687,2081,235,64,-48,2040,194,2060,340
2689,2070,484,0,64,2040,316,2060,226
2689,2071,530,0,80,2040,316,2060,226
2689,2080,394,-16,-16,2030,496,2050,153
2689,2080,406,64,0,2030,505,2060,221
2689,2081,118,-16,-16,2030,496,2050,153
2689,2081,128,32,0,2040,311,2060,221
2690,2070,353,32,48,2031,133,2050,414
2690,2071,476,32,48,2031,133,2050,414
2690,2080,361,-64,-32,2040,191,2050,406
2690,2081,80,-64,0,2040,191,2050,406
2691,2080,175,32,32,2040,105,2051,75
2691,2081,349,32,32,2040,105,2051,75
2692,2080,198,-32,0,2040,245,2050,168
2692,2080,207,-16,0,2031,339,2050,181
2692,2081,63,-32,0,2040,245,2050,168
2692,2081,71,-16,-16,2031,339,2050,181
2693,2080,547,-16,-64,2031,368,2060,406
2695,2071,446,0,-112,2030,379,2050,194
2696,2080,307,0,-16,2031,356,2050,263
2696,2081,217,0,-16,2031,356,2050,263
2697,2070,505,48,144,2031,381,2050,107
2697,2071,310,48,112,2031,381,2050,107
2697,2080,197,48,64,2031,381,2050,107
2697,2080,206,-16,0,2040,284,2060,424
2697,2081,225,48,48,2031,381,2050,107
2697,2081,234,16,0,2041,474,2060,424
2699,2080,196,-32,-16,2040,125,2050,166
2699,2080,204,-16,0,2040,144,2051,65
2699,2081,381,-32,-16,2040,144,2050,179
2700,2080,264,0,-16,2030,188,2050,60
2700,2081,152,0,-16,2030,188,2050,60
2701,2080,394,-16,0,2031,247,2050,172
2701,2080,399,0,0,2040,122,2051,427
2701,2080,402,32,0,2041,466,2060,290
2701,2080,404,64,-16,2041,468,2050,183
2701,2080,417,16,-16,2031,270,2060,306
2701,2081,351,32,16,2041,466,2060,290
2701,2081,353,64,-16,2041,468,2050,183
2701,2081,366,16,0,2031,270,2060,306
2702,2070,328,16,112,2031,200,2050,126
2702,2071,251,16,96,2031,200,2050,126
2702,2080,405,0,16,2040,266,2050,128
2702,2080,415,64,0,2040,275,2050,137
2702,2080,416,-16,-48,2040,277,2060,177
2702,2080,423,16,-16,2031,233,2060,185
2702,2081,472,0,-16,2040,266,2050,128
2702,2081,482,64,0,2040,275,2050,137
2702,2081,483,-16,-48,2040,277,2060,177
2702,2081,489,-32,-16,2031,233,2050,149
2703,2080,476,-16,0,2030,159,2050,533
2703,2080,477,64,-16,2040,317,2060,446
2703,2080,481,16,-16,2030,166,2050,539
2703,2081,270,64,-48,2040,317,2060,446
2703,2081,274,16,-32,2030,166,2050,539
2704,2070,432,32,80,2030,578,2060,197
2704,2071,117,32,80,2030,578,2060,197
2704,2080,476,48,0,2030,558,2061,275
2704,2080,493,0,0,2040,252,2051,342
2704,2081,446,0,-16,2040,222,2050,531
2704,2081,461,0,0,2030,582,2050,544
2705,2080,548,48,-96,2030,172,2060,268
2705,2080,552,0,0,2030,180,2051,586
2705,2080,571,80,0,2031,254,2060,296
2705,2081,618,48,-96,2030,172,2060,268
2705,2081,622,0,0,2031,223,2050,371
2705,2081,641,80,-16,2031,254,2060,296
2706,2080,280,48,-32,2040,143,2060,183
2706,2080,298,80,0,2030,434,2060,209
2706,2081,56,48,-32,2040,143,2060,183
2706,2081,71,80,-16,2030,434,2060,209
2707,2080,315,0,0,2040,33,2050,278
2707,2081,187,0,0,2040,33,2050,278
2709,2070,343,48,64,2040,309,2060,270
2709,2070,345,0,32,2041,182,2060,281
2709,2071,499,48,64,2040,309,2060,270
2709,2071,501,0,32,2041,182,2060,281
2709,2080,371,64,-16,2031,231,2060,270
2709,2080,382,16,-16,2040,326,2060,281
2709,2081,106,64,-32,2031,231,2060,270
2709,2081,116,16,-16,2040,326,2060,281
2710,2070,478,16,80,2030,338,2061,501
2710,2080,277,48,16,2031,349,2060,390
2710,2080,291,-16,0,2030,328,2051,245
2710,2080,302,0,0,2041,444,2050,226
2710,2080,305,-32,16,2031,378,2051,260
2710,2080,310,0,-16,2031,381,2050,229
2710,2081,120,-16,0,2030,314,2050,198
2710,2081,130,-16,0,2030,328,2051,245
2710,2081,143,-32,16,2031,378,2051,260
2710,2081,148,0,0,2031,381,2050,229
2711,2071,543,80,64,2031,359,2051,233
2711,2080,292,96,-48,2040,146,2051,233
2711,2080,293,48,16,2041,443,2060,404
2711,2080,297,0,0,2041,448,2051,240
2711,2080,315,32,0,2030,347,2060,431
2711,2080,318,64,0,2031,395,2060,434
2711,2081,115,96,-32,2040,146,2051,233
2711,2081,116,64,0,2031,360,2060,404
2711,2081,120,-16,0,2041,448,2050,198
2711,2081,136,32,0,2030,347,2060,431
2711,2081,139,-16,0,2031,395,2050,223
2712,2080,183,0,0,2030,342,2050,148
2712,2080,187,80,0,2030,347,2060,281
2712,2081,441,16,0,2040,247,2050,148
2712,2081,444,80,-16,2030,347,2060,281
2713,2080,204,48,-32,2030,303,2060,435
2713,2080,216,-16,0,2031,413,2050,140
2713,2081,273,48,-32,2030,303,2060,435
2713,2081,288,-16,-16,2031,413,2050,140
2714,2080,170,32,0,2040,230,2060,257
2714,2081,437,32,0,2040,230,2060,257
2715,2080,482,16,0,2040,183,2050,234
2715,2080,488,-32,16,2040,196,2050,242
2715,2080,500,0,-16,2030,289,2050,253
2715,2080,505,16,0,2031,381,2051,546
2715,2081,145,16,0,2040,183,2050,234
2715,2081,150,-32,16,2040,196,2050,242
2715,2081,161,0,0,2030,289,2050,253
2715,2081,166,-16,0,2031,381,2050,256
2716,2070,471,0,80,2041,330,2050,114
2716,2071,68,0,64,2041,330,2050,114
2716,2080,220,0,-16,2041,330,2050,114
2716,2080,229,16,-16,2031,301,2060,263
2716,2081,81,0,-16,2041,330,2050,114
2716,2081,90,16,-16,2031,301,2060,263
2717,2080,523,96,0,2041,169,2060,251
2717,2081,437,96,0,2041,169,2060,251
2718,2070,246,32,64,2040,222,2061,399
2718,2071,414,32,64,2040,222,2061,399
2718,2080,357,-32,16,2040,216,2050,321
2718,2080,363,-32,0,2040,222,2060,187
2718,2080,366,32,0,2041,119,2051,285
2718,2080,371,0,0,2031,166,2050,338
2718,2081,47,-32,16,2040,216,2050,321
2718,2081,53,-32,0,2040,222,2060,187
2718,2081,56,32,32,2041,119,2051,285
2718,2081,61,0,-16,2031,166,2050,338
2719,2070,474,0,80,2040,154,2060,350
2719,2080,275,0,0,2041,413,2051,221
2719,2080,294,0,-32,2040,154,2060,350
2719,2080,300,0,-16,2031,404,2051,250
2719,2081,478,0,0,2041,413,2051,221
2719,2081,499,0,-16,2040,154,2060,350
2719,2081,505,0,0,2031,404,2051,250
2720,2070,419,32,48,2041,160,2060,289
2720,2071,512,32,48,2041,160,2060,289
2720,2080,383,-16,0,2030,126,2051,195
2720,2081,219,-16,0,2030,126,2051,195
2721,2070,240,-16,-16,2040,135,2050,389
2721,2080,406,16,0,2041,185,2050,369
2721,2080,424,-16,0,2040,135,2050,389
2721,2081,83,16,-32,2041,185,2050,369
2721,2081,104,-16,-16,2040,135,2050,389
2722,2080,208,48,0,2040,525,2061,97
2722,2081,111,0,-16,2031,343,2050,248
2722,2081,131,-16,-32,2040,525,2050,278
2723,2080,179,-16,-32,2031,354,2050,107
2723,2080,190,-16,-16,2030,446,2050,121
2723,2081,285,-16,0,2031,354,2050,107
2724,2080,307,16,0,2031,150,2050,73
2724,2081,391,-16,0,2031,147,2050,70
2724,2081,393,16,0,2031,150,2050,73
2726,2080,205,32,0,2041,400,2051,157
2726,2080,207,48,0,2030,364,2060,252
2726,2081,465,-16,0,2040,86,2050,125
2726,2081,467,48,0,2030,364,2060,252
2727,2080,274,-48,0,2031,365,2051,208
2727,2080,288,-32,0,2031,381,2050,258
2727,2080,291,-32,176,2031,385,2061,195
2727,2081,106,-48,0,2031,365,2051,208
2727,2081,122,-32,-32,2031,381,2050,258
2727,2081,125,-32,192,2031,385,2061,195
2728,2080,344,160,0,2030,475,2050,187
2728,2080,359,0,0,2041,421,2050,198
2728,2080,363,0,-32,2030,493,2050,201
2728,2081,136,160,-32,2030,475,2050,187
2728,2081,150,0,-16,2031,300,2051,384
2730,2080,308,64,48,2041,179,2050,269
2730,2081,111,64,48,2041,179,2050,269
2731,2080,362,64,0,2040,189,2060,148
2731,2080,376,32,16,2040,200,2060,159
2731,2081,320,64,0,2040,189,2060,148
2732,2080,116,0,0,2030,410,2050,162
2732,2081,383,0,0,2030,410,2050,162
2734,2080,236,16,-16,2041,394,2050,205
2734,2080,245,64,16,2030,460,2060,328
2734,2081,159,0,0,2040,286,2050,205
2734,2081,168,64,0,2030,460,2060,328
2735,2070,191,-80,96,2031,312,2051,413
2735,2080,458,-80,0,2031,312,2051,413
2735,2080,465,-48,96,2031,322,2061,369
2735,2081,492,0,0,2030,62,2050,240
2735,2081,499,-48,96,2031,322,2061,369
2737,2080,353,-96,-64,2030,113,2060,177
2737,2081,246,-96,-80,2030,113,2060,177
2741,2080,496,0,-16,2040,297,2050,461
2741,2081,552,0,-32,2040,297,2050,461
2742,2080,294,0,32,2031,382,2050,259
2742,2080,312,16,0,2031,398,2050,281
2742,2081,210,16,-16,2031,398,2050,281
2745,2070,541,16,80,2030,469,2051,216
2745,2071,548,16,80,2030,469,2051,216
2745,2080,280,64,0,2031,416,2060,377
2745,2080,282,0,0,2030,453,2050,246
2745,2080,283,16,32,2031,418,2060,380
2745,2081,130,64,0,2031,416,2060,377
2745,2081,132,0,0,2030,453,2050,246
2745,2081,133,16,0,2031,418,2060,380
2745,2081,134,48,80,2040,342,2051,198
2746,2070,472,16,48,2031,255,2061,567
2746,2071,58,16,48,2031,255,2061,567
2746,2080,369,-16,-16,2040,524,2050,155
2746,2080,372,-16,0,2030,96,2050,162
2746,2080,384,64,0,2031,276,2060,221
2746,2081,448,-16,-16,2040,524,2050,155
2746,2081,451,-16,0,2030,96,2050,162
2746,2081,462,-160,272,2030,106,2061,585
2746,2081,463,48,0,2040,545,2060,221
2747,2070,476,0,80,2030,345,2050,253
2747,2070,477,48,48,2031,380,2050,254
2747,2071,528,48,48,2031,380,2050,254
2747,2080,294,32,0,2041,490,2050,253
2747,2080,297,0,0,2031,389,2050,262
2747,2081,169,32,0,2041,490,2050,253
2747,2081,172,16,0,2030,352,2050,262
2749,2080,360,-128,0,2030,49,2050,413
2749,2081,153,-96,-16,2030,49,2060,234
2750,2080,441,64,-16,2030,264,2060,343
2750,2080,459,32,-16,2041,178,2050,427
2750,2080,461,48,0,2041,183,2060,368
2750,2081,54,64,-16,2030,264,2060,343
2750,2081,61,32,0,2030,271,2050,415
2750,2081,71,0,-16,2040,106,2050,427
2750,2081,73,48,0,2041,183,2060,368
2751,2080,477,-16,-32,2030,114,2050,533
2751,2081,187,-16,-80,2030,114,2050,533
2752,2080,263,0,0,2031,347,2050,177
2752,2080,268,0,0,2041,402,2050,182
2752,2081,508,-16,-16,2031,347,2061,96
2752,2081,512,0,-16,2041,402,2050,182
2753,2080,215,16,0,2030,392,2050,189
2753,2080,221,96,-16,2031,350,2060,314
2753,2081,99,-16,0,2040,262,2050,189
2753,2081,105,64,-16,2040,272,2060,314
2755,2080,181,112,0,2030,258,2060,334
2755,2081,226,64,16,2040,89,2060,333
2755,2081,227,112,-32,2030,258,2060,334
2756,2080,211,160,-48,2031,282,2050,118
2756,2080,221,16,0,2030,255,2060,327
2756,2080,225,-16,-16,2040,84,2050,130
2756,2080,234,16,0,2030,267,2050,142
2756,2080,241,-16,0,2041,431,2050,151
2756,2081,460,160,-48,2031,282,2050,118
2756,2081,470,16,-16,2030,255,2060,327
2756,2081,473,-16,-16,2040,84,2050,130
2756,2081,482,16,0,2030,267,2050,142
2756,2081,489,-16,-32,2041,431,2050,151
2757,2080,389,0,0,2030,462,2051,336
2757,2080,395,48,0,2041,506,2060,177
2757,2080,412,16,0,2031,238,2060,191
2757,2081,425,0,0,2030,462,2051,336
2757,2081,430,64,0,2031,220,2060,177
2757,2081,446,16,0,2040,317,2050,155
2758,2080,509,16,0,2040,306,2050,479
2758,2081,275,16,-32,2040,306,2050,479
2759,2080,417,0,0,2030,450,2051,367
2759,2080,430,32,-16,2040,343,2060,253
2759,2081,127,0,0,2030,450,2051,367
2759,2081,136,32,-16,2040,343,2060,253
2760,2080,294,16,0,2041,207,2050,261
2760,2081,147,48,0,2031,451,2050,261
2762,2080,342,96,-16,2040,280,2060,210
2762,2081,147,96,-16,2040,280,2060,210
2763,2080,521,-16,-32,2030,256,2051,186
2763,2081,368,-16,0,2030,256,2051,186
2764,2080,401,-16,-16,2031,307,2050,234
2766,2080,198,16,16,2040,382,2050,249
2766,2081,426,16,16,2040,382,2050,249
2767,2080,293,32,-32,2040,351,2060,525
2767,2081,187,32,-16,2040,351,2060,525
2768,2070,268,32,-48,2040,250,2050,336
2768,2071,450,32,-32,2040,250,2050,336
2768,2080,358,16,-64,2040,231,2051,293
2768,2081,53,16,-80,2040,231,2051,293
2769,2080,398,-16,0,2040,299,2051,348
2769,2080,415,48,0,2030,527,2060,228
2769,2080,426,0,0,2030,541,2061,154
2769,2081,91,-64,16,2040,299,2050,166
2769,2081,108,48,-16,2030,527,2060,228
2769,2081,118,0,16,2030,541,2061,154
2770,2080,497,16,0,2030,547,2050,460
2770,2081,293,16,0,2030,547,2050,460
2771,2070,405,32,64,2040,98,2060,238
2771,2071,127,32,64,2040,98,2060,238
2771,2080,150,-16,0,2040,98,2050,202
2771,2080,153,0,0,2031,284,2051,58
2771,2080,156,48,0,2040,102,2060,242
2771,2080,158,-16,-16,2040,103,2051,60
2771,2080,166,64,-32,2040,111,2060,247
2771,2081,318,-16,0,2040,98,2050,202
2771,2081,321,-16,-16,2031,284,2050,203
2771,2081,324,48,0,2040,102,2060,242
2771,2081,326,-16,-16,2040,103,2051,60
2771,2081,334,64,-32,2040,111,2060,247
2772,2070,263,0,80,2031,424,2050,299
2772,2071,498,-32,176,2041,217,2060,384
2772,2080,336,0,0,2031,424,2050,299
2772,2080,337,-32,32,2041,217,2060,384
2772,2081,134,0,-32,2031,424,2050,299
2772,2081,135,-32,32,2041,217,2060,384
2774,2070,298,80,192,2040,160,2050,380
2774,2070,299,16,48,2041,324,2060,248
2774,2071,355,80,176,2040,160,2050,380
2774,2071,356,16,32,2041,324,2060,248
2775,2080,254,16,-16,2040,118,2050,177
2775,2080,271,80,0,2041,497,2060,419
2775,2080,275,112,16,2031,380,2061,457
2775,2081,84,16,0,2040,118,2050,177
2775,2081,100,112,-16,2040,145,2060,419
2775,2081,104,128,-16,2030,323,2061,457
2776,2080,263,0,32,2041,80,2050,234
2776,2080,267,0,16,2030,417,2050,237
2776,2081,136,-16,0,2031,345,2050,231
2776,2081,139,16,-16,2031,351,2050,234
2776,2081,143,16,0,2031,355,2050,237
2777,2080,370,-16,-16,2040,207,2051,105
2777,2081,168,-16,-16,2040,207,2051,105
2778,2070,315,64,80,2031,224,2060,259
2778,2071,461,64,80,2031,224,2060,259
2778,2080,375,-64,16,2040,273,2050,342
2778,2080,377,80,0,2040,275,2060,239
2778,2080,391,0,-16,2031,219,2050,361
2778,2080,395,80,0,2040,297,2060,259
2778,2081,49,-64,16,2040,273,2050,342
2778,2081,51,64,0,2031,202,2060,239
2778,2081,64,0,16,2031,219,2050,361
2778,2081,67,80,0,2040,297,2060,259
2778,2081,68,16,0,2041,159,2050,365
2780,2080,142,64,0,2031,240,2060,209
2780,2080,146,0,-16,2030,336,2060,214
2780,2080,147,-32,0,2040,305,2050,188
2780,2081,414,80,0,2040,296,2060,209
2780,2081,418,0,0,2031,248,2051,101
2780,2081,420,-32,16,2040,305,2050,188
2781,2080,259,-32,16,2031,391,2050,172
2781,2080,279,-32,48,2040,540,2061,458
2781,2081,138,-32,0,2031,391,2050,172
2782,2080,554,0,0,2031,264,2050,508
2782,2080,562,16,0,2040,370,2051,453
2782,2081,153,0,0,2031,264,2050,508
2782,2081,161,32,-16,2041,232,2051,453
2784,2080,536,0,-16,2040,166,2051,570
2784,2080,548,96,0,2030,219,2060,316
2784,2081,493,-32,0,2040,166,2050,425
2784,2081,502,96,0,2030,219,2060,316
2785,2080,268,-32,0,2040,369,2050,318
2785,2080,286,64,-48,2030,156,2060,247
2785,2081,417,-32,0,2040,369,2050,318
2785,2081,436,64,-64,2030,156,2060,247
2787,2080,179,0,64,2030,465,2050,223
2787,2081,71,0,16,2030,465,2050,223
2788,2080,416,48,0,2040,366,2060,199
2789,2080,396,16,16,2040,201,2050,156
2793,2080,348,64,0,2030,388,2060,181
2793,2081,543,-48,0,2030,388,2050,141
2794,2080,298,16,0,2031,438,2051,146
2794,2081,521,0,0,2030,589,2050,261
2795,2080,332,16,0,2031,167,2050,306
2795,2080,343,-16,0,2041,442,2050,319
2795,2081,270,32,0,2030,129,2050,306
2795,2081,278,16,0,2031,190,2050,319
2796,2080,462,-16,0,2031,144,2050,427
2796,2081,100,0,0,2031,130,2050,407
2796,2081,115,-16,0,2031,144,2050,427
2797,2070,476,-16,64,2040,230,2061,187
2797,2071,484,-16,48,2040,230,2061,187
2797,2080,344,80,-16,2031,140,2060,107
2797,2080,354,-32,-16,2040,230,2060,117
2797,2080,363,48,0,2030,69,2060,124
2797,2081,378,80,-48,2031,140,2060,107
2797,2081,388,-64,0,2040,230,2051,299
2797,2081,397,48,-16,2030,69,2060,124
2798,2080,374,0,0,2040,71,2051,241
2798,2081,268,0,0,2040,71,2051,241
2800,2080,443,16,-48,2031,321,2060,275
2800,2080,444,48,0,2040,220,2060,276
2800,2080,456,16,64,2030,157,2050,381
2800,2080,458,64,-16,2031,338,2060,289
2800,2081,108,16,-32,2031,321,2060,275
2800,2081,109,48,0,2040,220,2060,276
2800,2081,122,16,64,2030,157,2050,381
2800,2081,124,64,0,2031,338,2060,289
2801,2070,416,16,80,2040,83,2051,256
2801,2070,417,32,80,2030,341,2050,124
2801,2071,442,16,64,2040,83,2051,256
2801,2071,443,32,80,2030,341,2050,124
2801,2080,307,32,0,2030,341,2050,124
2801,2080,313,64,0,2031,209,2060,168
2801,2081,427,48,0,2041,373,2050,124
2801,2081,433,64,0,2031,209,2060,168
2802,2070,270,32,80,2041,114,2060,207
2802,2071,8,32,64,2041,114,2060,207
2802,2080,354,64,-32,2030,29,2060,173
2802,2080,363,0,16,2041,88,2050,309
2802,2080,381,0,16,2040,257,2051,420
2802,2080,384,64,0,2040,261,2060,208
2802,2081,426,64,-16,2030,29,2060,173
2802,2081,436,16,0,2031,141,2050,309
2802,2081,453,0,16,2040,257,2051,420
2802,2081,456,64,0,2040,261,2060,208
2803,2070,467,48,64,2041,150,2061,515
2803,2071,117,48,64,2041,150,2061,515
2803,2080,395,0,0,2031,189,2050,362
2803,2080,397,48,0,2031,193,2060,233
2803,2081,327,48,32,2041,150,2061,515
2803,2081,329,48,0,2031,193,2060,233
2804,2080,402,32,0,2030,76,2060,180
2804,2080,409,0,-32,2031,154,2060,187
2804,2081,106,32,0,2030,76,2060,180
2804,2081,113,0,-32,2031,154,2060,187
2805,2080,265,80,0,2031,82,2060,51
2805,2080,285,0,16,2031,107,2050,147
2805,2081,416,80,0,2031,82,2060,51
2805,2081,438,0,0,2031,107,2050,147
2806,2080,272,16,-16,2030,172,2060,466
2806,2080,294,-96,64,2031,442,2050,151
2806,2080,308,0,-80,2030,201,2050,167
2806,2081,209,16,-48,2030,172,2060,466
2806,2081,234,-96,64,2031,442,2050,151
2806,2081,248,0,-32,2030,201,2050,167
2808,2080,384,-112,112,2041,450,2061,521
2808,2080,390,-144,208,2031,189,2051,423
2808,2081,302,-112,160,2041,450,2061,521
2808,2081,306,-144,176,2031,189,2051,423
2809,2080,346,0,0,2040,225,2051,306
2809,2080,364,48,32,2030,394,2060,146
2809,2081,406,0,-16,2040,225,2051,306
2809,2081,423,48,32,2030,394,2060,146
2810,2080,260,0,0,2040,314,2050,228
2810,2080,264,-32,-32,2031,369,2050,233
2810,2081,147,0,-16,2040,314,2050,228
2810,2081,151,80,32,2030,543,2050,233
2811,2070,357,32,80,2031,247,2060,205
2811,2071,398,32,64,2031,247,2060,205
2811,2080,114,-16,0,2030,377,2050,164
2811,2081,86,-16,0,2030,377,2050,164
2815,2080,269,32,0,2030,59,2060,228
2815,2080,282,0,0,2030,77,2050,340
2815,2081,127,32,-16,2030,59,2060,228
2815,2081,140,0,-16,2030,77,2050,340
2816,2080,337,16,0,2031,225,2050,262
2816,2080,364,32,-16,2031,252,2060,212
2816,2081,149,16,0,2031,225,2050,262
2816,2081,175,32,-32,2031,252,2060,212
2817,2070,343,0,48,2040,386,2060,455
2817,2071,109,0,32,2040,386,2060,455
2817,2080,305,48,-16,2041,220,2050,263
2817,2080,311,16,-16,2030,192,2051,122
2817,2080,327,0,0,2030,203,2050,288
2817,2081,150,48,-16,2041,220,2050,263
2817,2081,155,16,0,2030,192,2051,122
2817,2081,172,0,0,2030,203,2050,288
2819,2080,412,32,0,2031,114,2050,458
2819,2081,77,32,0,2031,114,2050,458
2820,2080,384,16,0,2031,163,2050,437
2820,2080,387,48,0,2040,123,2060,210
2820,2080,396,-16,-16,2040,132,2051,329
2820,2080,404,-16,0,2041,299,2050,455
2820,2081,351,16,0,2031,163,2050,437
2820,2081,354,96,16,2030,528,2060,210
2820,2081,361,-16,-16,2040,132,2051,329
2820,2081,368,16,0,2031,186,2060,229
2821,2070,380,0,80,2031,391,2060,435
2821,2071,470,0,64,2031,391,2060,435
2821,2080,229,64,0,2040,144,2060,432
2821,2080,232,-32,0,2031,391,2050,191
2821,2080,245,-16,0,2031,408,2050,203
2821,2081,284,48,0,2030,76,2060,432
2821,2081,286,-32,0,2031,391,2050,191
2821,2081,299,-16,-16,2031,408,2050,203
2822,2080,182,96,0,2031,318,2060,269
2822,2080,184,64,0,2031,322,2060,271
2822,2080,191,0,0,2030,452,2050,240
2822,2080,192,16,0,2040,529,2060,283
2822,2081,400,96,0,2031,318,2060,269
2822,2081,402,64,0,2031,322,2060,271
2822,2081,410,16,-16,2040,526,2050,240
2822,2081,411,16,0,2040,529,2060,283
2823,2080,396,64,0,2040,132,2060,263
2823,2081,492,64,0,2040,132,2060,263
2824,2080,340,0,0,2040,428,2051,227
2824,2081,250,-16,0,2040,428,2050,313
2825,2080,300,80,0,2030,79,2060,146
2825,2080,303,16,16,2031,113,2050,353
2825,2081,54,80,-16,2030,79,2060,146
2825,2081,57,32,0,2041,212,2050,353
2826,2080,410,0,-80,2040,135,2060,361
2826,2080,414,-16,0,2040,142,2050,174
2826,2081,211,0,-128,2040,135,2060,361
2826,2081,215,-16,-16,2040,142,2050,174
2828,2080,433,-16,0,2041,465,2061,358
2828,2080,434,48,-16,2031,185,2060,223
2828,2080,451,-48,64,2030,164,2061,377
2828,2081,295,-16,0,2041,465,2061,358
2828,2081,314,-48,48,2030,164,2061,377
2829,2080,176,-144,-32,2030,363,2050,228
2829,2080,197,80,0,2031,337,2060,286
2829,2081,478,-144,-16,2030,363,2050,228
2829,2081,497,96,0,2040,458,2060,286
2830,2070,289,0,48,2040,142,2051,182
2830,2071,465,0,48,2040,142,2051,182
2830,2080,389,-32,-16,2031,52,2050,348
2830,2080,390,0,0,2040,134,2051,173
2830,2080,393,0,0,2041,246,2051,174
2830,2080,405,96,0,2030,223,2060,111
2830,2081,300,-32,-16,2031,52,2050,348
2830,2081,302,0,0,2040,134,2051,173
2830,2081,304,0,0,2041,246,2051,174
2830,2081,314,96,-16,2030,223,2060,111
2831,2081,106,0,0,2041,344,2050,462
2832,2080,337,-32,-112,2040,257,2061,225
2834,2080,334,48,32,2040,222,2060,196
2834,2081,463,48,32,2040,222,2060,196
2835,2070,448,-80,32,2030,237,2061,477
2835,2071,580,-80,16,2030,237,2061,477
2835,2080,530,0,0,2041,381,2050,488
2835,2080,546,-160,32,2030,237,2051,176
2835,2081,147,-160,32,2030,237,2051,176
2836,2080,418,-128,160,2040,497,2060,234
2836,2080,423,-112,16,2030,345,2050,383
2836,2080,425,32,-16,2031,201,2060,243
2836,2080,432,64,0,2040,528,2060,257
2836,2080,435,128,-32,2040,530,2051,302
2836,2081,110,-112,0,2030,345,2050,383
2836,2081,112,32,-32,2031,201,2060,243
2836,2081,120,48,0,2030,358,2060,257
2836,2081,123,128,-48,2040,530,2051,302
2837,2080,341,16,0,2040,131,2051,229
2837,2081,255,16,0,2040,131,2051,229
2838,2080,313,0,-16,2031,279,2050,376
2838,2080,317,16,-16,2031,282,2050,381
2838,2080,318,32,-16,2031,284,2060,240
2838,2081,553,0,0,2030,203,2050,381
2838,2081,554,-48,16,2031,284,2050,383
2839,2080,384,-32,48,2040,238,2050,353
2839,2080,389,-16,0,2040,251,2050,360
2839,2081,95,-32,32,2040,238,2050,353
2839,2081,100,16,0,2040,251,2060,217
2841,2080,222,-32,0,2040,272,2050,180
2841,2080,228,64,0,2031,382,2060,332
2841,2081,413,16,-16,2040,272,2060,320
2841,2081,421,-32,16,2031,382,2050,193
2842,2080,123,-80,32,2040,378,2061,273
2842,2080,133,64,0,2040,398,2060,215
2842,2081,56,-80,32,2040,378,2061,273
2842,2081,67,64,-16,2040,398,2060,215
2844,2080,297,48,16,2040,165,2060,440
2844,2081,131,48,0,2040,165,2060,440
2845,2080,381,0,-16,2041,291,2050,347
2845,2081,120,0,-16,2041,291,2050,347
2847,2080,328,80,-32,2031,390,2060,354
2847,2081,143,80,0,2031,390,2060,354
2848,2070,532,48,80,2031,382,2060,341
2848,2070,533,48,64,2030,487,2060,354
2848,2080,263,0,0,2030,470,2050,176
2848,2080,274,0,0,2031,403,2051,222
2848,2080,284,64,0,2040,146,2060,362
2848,2080,288,112,0,2040,154,2060,367
2848,2081,433,48,0,2031,382,2060,341
2848,2081,444,-16,0,2031,403,2050,186
2848,2081,453,96,0,2041,568,2060,362
2848,2081,459,128,-16,2031,418,2060,367
2849,2070,485,32,64,2031,180,2061,265
2849,2071,231,32,48,2031,180,2061,265
2849,2080,326,32,0,2040,436,2061,234
2849,2080,327,80,16,2030,190,2060,98
2849,2080,332,16,0,2040,443,2050,64
2849,2080,333,-48,32,2030,199,2050,65
2849,2080,339,80,0,2040,456,2060,118
2849,2080,351,0,0,2030,221,2051,300
2849,2081,358,32,-16,2031,142,2060,98
2849,2081,362,16,0,2040,443,2050,64
2849,2081,363,-48,0,2030,199,2050,65
2849,2081,369,0,0,2031,164,2050,76
2849,2081,383,-16,-16,2030,221,2050,88
2850,2070,196,48,128,2040,105,2060,345
2850,2071,466,48,112,2040,105,2060,345
2850,2080,419,48,0,2040,105,2060,345
2850,2080,437,-16,0,2040,129,2050,404
2850,2080,440,64,-16,2030,300,2060,373
2850,2081,242,48,-32,2040,105,2060,345
2850,2081,259,-16,-32,2040,129,2050,404
2850,2081,262,64,-16,2030,300,2060,373
2852,2080,343,-16,0,2031,140,2050,178
2852,2080,357,0,-16,2040,276,2050,192
2852,2080,359,32,-16,2040,280,2060,117
2852,2080,365,-16,-32,2041,409,2050,201
2852,2081,216,-16,-16,2031,140,2050,178
2852,2081,231,0,-16,2040,276,2050,192
2852,2081,233,32,0,2040,280,2060,117
2852,2081,237,48,0,2041,409,2060,123
2853,2080,184,0,0,2031,377,2050,237
2853,2081,156,64,0,2040,285,2060,413
2854,2080,258,64,-16,2041,376,2060,334
2854,2081,98,64,-16,2041,376,2060,334
2855,2070,179,-112,16,2030,397,2060,277
2855,2071,407,-112,32,2030,397,2060,277
2856,2080,521,0,0,2041,354,2050,482
2856,2080,527,16,0,2030,109,2050,490
2856,2080,533,112,240,2040,451,2050,496
2856,2080,542,0,-16,2030,129,2050,506
2856,2081,251,0,-16,2041,354,2050,482
2856,2081,258,16,0,2030,109,2050,490
2856,2081,263,112,272,2040,451,2050,496
2856,2081,270,0,-16,2030,129,2050,506
2857,2070,339,32,112,2030,388,2060,137
2857,2071,36,32,64,2030,388,2060,137
2857,2080,270,16,-16,2030,385,2050,94
2857,2080,274,48,0,2040,62,2060,137
2857,2080,279,32,-16,2031,188,2050,112
2857,2081,358,16,-16,2030,385,2050,94
2857,2081,362,-16,0,2040,62,2050,100
2857,2081,367,32,0,2031,188,2050,112
2860,2070,355,48,64,2040,327,2061,480
2860,2080,408,0,0,2030,71,2050,455
2860,2081,280,0,0,2030,71,2050,455
2861,2080,538,-32,0,2040,310,2051,417
2861,2081,456,32,0,2030,384,2051,417
2862,2080,272,-32,16,2030,375,2050,199
2862,2080,278,-16,0,2040,161,2051,233
2862,2081,475,48,0,2030,375,2061,107
2862,2081,482,-32,0,2040,161,2050,204
2863,2081,361,-48,-16,2040,126,2050,191
2864,2080,334,0,16,2040,157,2060,132
2864,2080,339,48,0,2030,73,2061,244
2864,2080,344,-16,0,2040,171,2050,218
2864,2081,387,16,0,2030,67,2060,132
2864,2081,391,48,0,2030,73,2061,244
2864,2081,395,-16,0,2040,171,2050,218
2865,2070,584,48,80,2040,385,2060,161
2865,2071,309,48,80,2040,385,2060,161
2865,2080,447,112,-128,2031,177,2050,409
2865,2080,464,16,0,2041,523,2060,157
2865,2080,466,48,16,2030,276,2050,427
2865,2081,312,-80,208,2030,259,2060,142
2865,2081,329,32,-64,2040,377,2060,157
2865,2081,331,48,-16,2030,276,2050,427
2865,2081,344,-16,0,2031,216,2050,434
2866,2070,489,32,64,2030,321,2060,397
2866,2071,120,32,64,2030,321,2060,397
2866,2080,192,-80,-16,2040,246,2050,156
2866,2080,194,0,16,2031,357,2051,65
2866,2080,205,48,0,2040,268,2060,413
2866,2081,287,-80,-32,2040,246,2050,156
2866,2081,289,0,-16,2031,357,2051,65
2866,2081,300,48,-32,2040,268,2060,413
2867,2080,232,128,16,2041,425,2051,166
2867,2081,114,128,0,2041,425,2051,166
2868,2071,107,-144,48,2041,154,2060,245
2868,2080,359,-144,-80,2030,118,2051,309
2868,2080,360,-144,16,2041,154,2060,245
2868,2080,362,-32,32,2040,499,2060,246
2868,2080,366,0,0,2040,509,2050,423
2868,2081,272,-144,-96,2030,118,2051,309
2868,2081,273,-144,-16,2041,154,2060,245
2868,2081,275,-32,32,2040,499,2060,246
2868,2081,279,0,0,2040,509,2050,423
2870,2080,438,48,-16,2031,331,2050,405
2870,2080,444,64,0,2040,143,2060,368
2870,2081,251,48,-16,2031,331,2050,405
2870,2081,256,64,-16,2040,143,2060,368
2871,2070,618,32,64,2040,154,2060,295
2871,2080,367,0,0,2030,194,2050,427
2871,2080,376,-16,-16,2030,205,2050,437
2871,2081,510,0,-16,2030,194,2050,427
2871,2081,519,-16,-16,2030,205,2050,437
2872,2080,374,0,0,2041,323,2051,402
2872,2081,432,-16,0,2041,323,2050,153
2873,2080,130,16,-16,2041,387,2050,183
2873,2080,138,0,-32,2031,273,2050,192
2873,2081,443,16,-32,2041,387,2050,183
2874,2070,474,80,80,2031,499,2051,254
2874,2071,600,80,80,2031,499,2051,254
2874,2080,292,0,-16,2031,494,2050,216
2874,2080,308,64,16,2031,524,2061,591
2874,2081,340,64,0,2031,524,2061,591
2875,2080,241,80,0,2031,309,2060,273
2875,2080,253,48,0,2040,136,2060,288
2875,2081,77,80,0,2030,375,2060,264
2875,2081,86,80,-16,2031,309,2060,273
2875,2081,99,48,-16,2040,136,2060,288
2876,2080,208,64,-32,2040,105,2060,238
2876,2080,213,64,-16,2040,111,2060,242
2876,2081,409,64,-32,2040,105,2060,238
2876,2081,415,64,-32,2040,111,2060,242
2877,2070,501,32,64,2031,533,2060,575
2877,2071,594,48,48,2040,399,2060,569
2877,2071,596,32,64,2031,533,2060,575
2877,2080,272,64,-48,2031,526,2060,569
2877,2081,129,64,-48,2031,526,2060,569
2877,2081,134,48,0,2040,405,2060,575
2879,2080,183,-16,0,2030,34,2051,91
2879,2081,356,-16,0,2030,34,2051,91
2880,2070,461,32,80,2031,152,2060,190
2880,2071,59,32,80,2031,152,2060,190
2881,2080,364,32,0,2030,281,2061,429
2882,2080,488,80,0,2030,123,2060,282
2882,2080,507,160,-128,2040,432,2051,202
2882,2080,518,0,0,2030,157,2050,479
2882,2080,519,32,-16,2041,344,2060,307
2882,2081,352,80,-32,2030,123,2060,282
2882,2081,370,160,-144,2040,432,2051,202
2882,2081,381,-16,0,2030,157,2051,212
2882,2081,382,32,-16,2041,344,2060,307
2883,2080,249,-48,0,2040,295,2050,97
2883,2081,269,-48,0,2040,295,2050,97
2884,2080,305,16,32,2041,370,2050,151
2884,2081,63,32,0,2040,188,2050,151
2885,2080,379,0,-48,2030,222,2051,329
2885,2080,391,64,0,2031,57,2060,97
2885,2081,297,0,-16,2030,222,2051,329
2885,2081,310,64,0,2031,57,2060,97
2887,2070,252,0,80,2030,388,2050,97
2887,2071,109,0,64,2030,388,2050,97
2887,2080,205,32,0,2031,305,2060,337
2887,2080,206,48,0,2041,267,2060,338
2887,2080,217,32,32,2040,137,2050,89
2887,2081,401,48,-16,2041,267,2060,338
2888,2080,285,-16,0,2040,200,2050,247
2888,2081,525,0,0,2040,200,2051,97
2889,2080,353,80,0,2031,111,2060,153
2889,2081,215,96,0,2041,437,2060,153
2890,2080,309,80,0,2031,181,2060,137
2890,2081,401,80,-16,2031,181,2060,137
2891,2080,409,48,0,2041,492,2050,176
2891,2080,412,64,-16,2031,273,2060,225
2891,2080,420,48,-48,2031,278,2060,232
2891,2081,138,32,0,2031,270,2050,176
2891,2081,142,64,-32,2031,273,2060,225
2891,2081,149,48,-48,2031,278,2060,232
2892,2080,432,16,-16,2040,297,2050,402
2892,2081,226,16,-32,2040,297,2050,402
2893,2070,264,64,96,2031,487,2060,452
2893,2071,521,64,80,2031,487,2060,452
2893,2080,398,64,0,2031,481,2060,447
2893,2080,401,80,0,2030,98,2060,452
2893,2080,405,48,-16,2031,493,2060,458
2893,2080,421,0,0,2030,119,2050,390
2893,2081,281,80,-16,2030,98,2060,452
2893,2081,284,48,-16,2031,493,2060,458
2893,2081,300,16,0,2031,513,2050,390
2894,2080,406,0,-16,2041,82,2060,156
2894,2081,48,0,-48,2041,82,2060,156
2895,2080,443,48,-16,2041,312,2060,400
2895,2080,447,48,16,2040,180,2060,404
2895,2080,475,80,0,2030,286,2050,250
2895,2081,139,48,-16,2041,312,2060,400
2895,2081,142,48,-16,2040,180,2060,404
2895,2081,171,80,-16,2030,286,2050,250
2896,2070,403,-160,48,2031,584,2060,523
2896,2080,346,0,-16,2031,528,2050,309
2896,2081,155,0,0,2031,528,2050,309
2896,2081,163,-160,-16,2031,545,2051,199
2897,2080,346,0,-16,2031,178,2051,104
2897,2081,72,0,-16,2031,178,2051,104
2898,2070,321,16,64,2041,336,2060,284
2898,2071,499,16,64,2041,336,2060,284
2898,2080,412,-16,0,2040,186,2050,365
2898,2080,422,32,0,2040,198,2060,284
2898,2081,105,-16,-16,2040,186,2050,365
2898,2081,115,32,-32,2040,198,2060,284
2899,2080,497,-16,0,2040,302,2050,463
2899,2081,116,-32,-16,2040,302,2051,341
2901,2080,368,32,0,2031,266,2060,295
2901,2081,460,48,0,2040,95,2060,295
2902,2080,481,80,0,2040,166,2060,397
2902,2080,487,-144,-32,2040,175,2060,401
2902,2080,488,16,0,2030,323,2050,454
2902,2081,281,16,-48,2031,348,2050,444
2902,2081,286,80,0,2040,166,2060,397
2902,2081,291,-144,-32,2040,175,2060,401
2902,2081,293,16,0,2030,323,2050,454
2904,2081,64,144,144,2031,327,2050,162
2905,2080,295,32,0,2030,50,2050,237
2905,2081,180,32,-32,2030,50,2050,237
2906,2080,351,32,-16,2040,311,2060,209
2906,2081,137,32,-32,2040,311,2060,209
2907,2080,292,0,0,2031,85,2051,215
2907,2080,293,48,0,2031,86,2060,122
2907,2081,394,-16,0,2031,85,2050,261
2908,2080,144,16,0,2030,364,2050,114
2908,2081,336,0,0,2031,270,2050,114
2909,2070,537,0,64,2031,377,2060,330
2909,2070,542,-16,-96,2030,473,2051,126
2909,2071,97,0,64,2031,377,2060,330
2909,2071,102,-16,-112,2030,473,2051,126
2909,2080,271,16,0,2030,458,2060,330
2909,2080,278,0,128,2030,473,2050,248
2909,2081,201,-16,0,2030,458,2050,238
2909,2081,208,48,208,2030,473,2061,426
2910,2070,378,-144,240,2040,412,2060,136
2910,2080,255,80,0,2040,438,2060,160
2910,2081,83,80,-16,2040,438,2060,160
2912,2070,339,64,96,2031,150,2060,191
2912,2071,479,64,96,2031,150,2060,191
2912,2080,457,0,32,2030,373,2050,421
2912,2081,108,0,-16,2041,306,2050,416
2912,2081,114,0,0,2030,373,2050,421
2913,2080,274,16,16,2030,469,2051,305
2913,2081,336,16,0,2030,469,2051,305
2914,2080,170,16,16,2040,48,2050,91
2914,2081,330,16,16,2040,48,2050,91
2915,2080,377,80,-48,2040,514,2060,199
2915,2080,394,0,0,2031,260,2050,179
2915,2080,398,0,-16,2041,446,2051,343
2915,2080,407,0,-16,2031,278,2050,188
2915,2081,465,80,-16,2040,514,2060,199
2915,2081,482,0,-16,2031,260,2050,179
2915,2081,494,0,0,2031,278,2050,188
2916,2080,356,-80,96,2031,319,2060,270
2916,2081,203,-80,80,2031,319,2060,270
2917,2070,449,0,48,2040,286,2060,217
2917,2070,451,0,48,2040,302,2060,234
2917,2071,135,0,48,2040,286,2060,217
2917,2071,138,0,64,2040,302,2060,234
2917,2080,373,16,-16,2030,164,2060,234
2917,2081,267,-32,0,2030,164,2050,338
2918,2070,341,16,144,2040,229,2050,414
2918,2071,382,16,128,2040,229,2050,414
2918,2080,432,32,0,2031,241,2060,278
2918,2080,440,64,0,2041,356,2050,399
2918,2080,451,0,-16,2031,259,2050,410
2918,2080,453,16,32,2040,229,2050,414
2918,2081,90,32,0,2031,241,2060,278
2918,2081,98,64,0,2041,356,2050,399
2918,2081,108,-32,64,2031,260,2060,296
2918,2081,109,16,32,2040,229,2050,414
2921,2070,348,0,64,2040,254,2051,97
2921,2071,284,0,48,2040,254,2051,97
2921,2080,198,16,0,2040,246,2050,167
2921,2080,203,0,0,2040,254,2051,97
2921,2081,125,16,0,2040,246,2050,167
2921,2081,130,0,-16,2040,254,2051,97
2922,2080,224,-16,0,2031,134,2051,186
2922,2081,253,-32,0,2031,134,2050,72
2923,2080,122,80,-32,2031,272,2050,74
2923,2080,149,48,-16,2031,311,2060,343
2923,2081,46,80,-32,2031,272,2050,74
2924,2080,217,0,0,2030,386,2050,139
2924,2080,218,16,0,2030,387,2050,140
2924,2081,342,32,-16,2040,471,2050,139
2924,2081,343,32,-32,2031,294,2050,140
2925,2070,252,16,48,2031,309,2060,348
2925,2071,376,16,48,2031,309,2060,348
2925,2080,478,48,0,2040,155,2060,348
2925,2081,400,48,0,2040,155,2060,348
2926,2071,418,16,64,2040,153,2060,243
2926,2080,463,-128,96,2040,140,2061,523
2926,2080,473,-32,-16,2031,199,2050,432
2926,2080,479,-64,16,2041,305,2050,435
2926,2081,372,-128,112,2040,140,2061,523
2926,2081,382,-32,0,2031,199,2050,432
2926,2081,388,-64,16,2041,305,2050,435
2927,2070,283,112,64,2041,250,2050,429
2927,2071,208,112,64,2041,250,2050,429
2927,2080,444,0,-16,2040,50,2050,408
2927,2080,447,32,0,2030,366,2060,98
2927,2080,453,16,0,2040,67,2060,104
2927,2080,463,-112,32,2040,76,2060,107
2927,2080,466,0,-16,2040,82,2050,427
2927,2080,467,128,0,2030,396,2050,429
2927,2081,324,0,0,2040,54,2050,412
2927,2081,331,16,0,2040,67,2060,104
2927,2081,342,-112,0,2040,76,2060,107
2927,2081,344,0,0,2040,82,2050,427
2927,2081,345,112,0,2041,250,2050,429
2928,2080,388,32,0,2040,186,2050,354
2928,2081,453,32,-16,2040,186,2050,354
2929,2070,603,16,96,2030,499,2050,173
2929,2071,610,16,96,2030,499,2050,173
2929,2080,382,16,-32,2030,499,2050,173
2929,2080,396,16,16,2031,283,2050,188
2929,2080,405,-48,0,2040,474,2051,338
2929,2081,132,16,-16,2030,499,2050,173
2929,2081,145,16,-16,2031,283,2050,188
2929,2081,153,-48,0,2040,474,2051,338
2931,2080,412,16,-16,2031,220,2050,155
2931,2080,414,0,0,2031,224,2060,189
2931,2080,424,16,-16,2040,81,2050,166
2931,2081,110,16,-32,2031,220,2050,155
2931,2081,121,16,0,2040,81,2050,166
2932,2080,392,16,-16,2040,141,2050,351
2932,2080,401,16,0,2031,511,2050,361
2932,2081,198,16,0,2031,511,2050,361
2934,2080,318,48,0,2041,177,2060,147
2934,2081,431,64,0,2031,108,2060,142
2934,2081,434,48,-16,2041,177,2060,147
2937,2080,184,16,-16,2041,350,2060,263
2937,2081,322,16,-32,2041,350,2060,263
2938,2080,250,0,0,2031,373,2051,186
2938,2081,153,16,16,2030,456,2060,338
2939,2080,360,48,0,2040,300,2060,182
2939,2080,361,64,-112,2030,492,2050,156
2939,2081,124,64,-128,2030,492,2050,156
2940,2081,129,-16,-16,2040,392,2050,477
2941,2070,451,48,64,2040,386,2060,274
2941,2071,487,48,64,2040,386,2060,274
2941,2080,175,0,0,2030,334,2050,225
2941,2081,97,0,0,2030,334,2050,225
2942,2080,329,0,0,2030,156,2051,275
2942,2081,302,0,0,2031,54,2050,372
2943,2080,472,16,-16,2040,360,2050,433
2943,2081,218,16,0,2040,360,2050,433
2944,2080,455,0,-16,2030,111,2050,411
2944,2081,324,0,-32,2030,111,2050,411
2945,2080,497,0,-16,2030,309,2050,466
2945,2080,503,16,16,2041,394,2051,204
2945,2080,517,-80,16,2040,284,2050,485
2945,2081,421,0,-16,2030,309,2050,466
2945,2081,428,16,16,2041,394,2051,204
2945,2081,443,-16,-16,2040,284,2060,98
2946,2070,470,0,96,2031,259,2050,177
2946,2080,132,16,-16,2030,382,2050,177
2946,2081,303,16,0,2030,382,2050,177
2947,2070,433,-48,128,2030,256,2060,147
2947,2071,442,-48,160,2030,256,2060,147
2947,2080,310,-48,16,2030,256,2060,147
2947,2080,311,-32,-48,2041,368,2051,338
2947,2081,454,-48,16,2030,256,2060,147
2947,2081,456,-32,-16,2041,368,2051,338
2948,2080,569,0,-48,2040,322,2060,276
2948,2080,574,32,16,2030,167,2060,282
2948,2080,593,0,-16,2040,348,2051,542
2948,2080,599,0,0,2030,187,2051,546
2948,2080,600,-16,0,2030,189,2050,442
2948,2081,128,-96,32,2040,322,2050,404
2948,2081,133,48,0,2031,239,2060,282
2948,2081,151,0,0,2040,348,2051,542
2948,2081,157,0,-16,2030,187,2051,546
2948,2081,158,-16,0,2030,189,2050,442
2950,2080,232,64,0,2030,384,2060,532
2950,2080,238,32,-32,2040,305,2060,536
2950,2080,242,16,-16,2040,308,2050,206
2950,2081,343,64,-16,2030,384,2060,532
2950,2081,349,32,-48,2040,305,2060,536
2952,2080,439,-80,128,2030,186,2060,268
2952,2080,459,0,0,2040,542,2050,412
2952,2081,301,-80,128,2030,186,2060,268
2952,2081,321,0,0,2040,542,2050,412
2954,2080,211,64,-32,2040,278,2060,313
2954,2081,423,64,-48,2040,278,2060,313
2955,2070,389,0,80,2040,322,2060,257
2955,2071,436,0,80,2040,322,2060,257
2955,2080,164,80,-16,2040,312,2060,244
2955,2080,172,-48,48,2040,318,2050,218
2955,2081,89,80,-16,2040,312,2060,244
2958,2080,440,16,0,2031,239,2051,164
2958,2080,470,0,0,2031,283,2050,522
2958,2081,390,16,0,2031,239,2051,164
2958,2081,418,0,-16,2031,283,2050,522
2959,2080,422,32,0,2030,148,2060,236
2959,2081,119,-16,-16,2030,148,2050,467
2960,2081,213,16,0,2030,144,2050,431
2961,2080,242,64,0,2031,319,2060,282
2961,2081,119,80,-16,2040,399,2060,282
2962,2080,374,16,16,2030,179,2051,410
2962,2081,123,16,0,2030,179,2051,410
2963,2080,390,16,16,2031,299,2050,215
2963,2081,142,16,0,2031,299,2050,215
2963,2081,156,-16,0,2030,472,2051,359
2964,2080,356,0,-64,2040,459,2050,310
2964,2081,90,0,-48,2040,459,2050,310
2965,2080,371,16,0,2030,444,2050,240
2965,2080,386,-32,16,2040,298,2050,255
2965,2080,388,48,0,2040,300,2060,179
2965,2081,407,16,0,2030,444,2050,240
2965,2081,422,-32,16,2040,298,2050,255
2965,2081,424,-16,0,2040,300,2051,333
2967,2070,601,48,48,2031,377,2060,325
2967,2071,607,48,48,2031,377,2060,325
2967,2080,474,64,-16,2030,130,2060,325
2967,2080,480,-16,-16,2040,249,2050,293
2967,2081,194,64,-16,2030,130,2060,325
2967,2081,200,-16,-16,2040,249,2050,293
2968,2080,292,0,0,2040,418,2050,341
2968,2080,295,0,-16,2041,380,2050,346
2968,2080,307,48,-48,2040,440,2050,355
2968,2081,148,16,0,2041,373,2050,341
2968,2081,162,48,-64,2040,440,2050,355
2969,2080,425,0,-16,2040,345,2060,276
2969,2080,438,-16,0,2041,153,2050,403
2969,2080,451,16,0,2031,267,2060,304
2969,2081,80,0,-32,2040,345,2060,276
2969,2081,91,-16,0,2041,153,2050,403
2969,2081,103,-16,0,2040,383,2051,129
2970,2080,438,64,0,2041,254,2060,142
2970,2080,440,0,0,2031,102,2050,401
2970,2080,459,64,0,2031,125,2060,165
2970,2081,359,64,-16,2041,254,2060,142
2970,2081,378,64,0,2031,125,2060,165
2971,2080,510,96,0,2031,175,2060,220
2971,2080,511,16,0,2040,260,2050,463
2971,2080,521,-16,0,2031,196,2050,482
2971,2080,522,32,-32,2040,285,2050,483
2971,2080,530,0,-16,2031,211,2050,496
2971,2080,532,0,0,2040,302,2050,497
2971,2081,431,112,0,2030,143,2060,220
2971,2081,432,16,-16,2040,260,2050,463
2971,2081,443,-16,-16,2031,196,2050,482
2971,2081,444,32,-32,2040,285,2050,483
2971,2081,452,0,0,2031,211,2050,496
2971,2081,454,0,-16,2040,302,2050,497
2975,2080,324,-16,0,2031,207,2050,364
2975,2080,334,-32,16,2041,451,2050,373
2975,2080,339,-16,0,2040,309,2050,377
2975,2080,340,64,0,2041,458,2060,261
2975,2081,493,16,0,2031,207,2051,136
2975,2081,503,48,0,2041,451,2060,256
2975,2081,507,-16,-16,2040,309,2050,377
2975,2081,508,64,0,2041,458,2060,261
2976,2070,184,0,64,2041,196,2050,333
2976,2070,192,-128,16,2030,162,2061,433
2976,2071,45,0,64,2041,196,2050,333
2976,2071,54,-128,16,2030,162,2061,433
2976,2080,366,16,0,2040,93,2050,333
2976,2080,370,-16,0,2031,240,2051,310
2976,2080,380,0,0,2030,152,2050,351
2976,2081,58,16,-16,2040,93,2050,333
2976,2081,62,48,0,2031,240,2060,281
2976,2081,71,0,-32,2030,152,2050,351
2977,2070,407,32,96,2040,388,2060,90
2977,2071,459,32,96,2040,388,2060,90
2977,2080,243,32,-32,2040,388,2060,90
2977,2080,245,16,0,2031,130,2050,170
2977,2081,197,32,-32,2040,388,2060,90
2977,2081,199,-16,0,2031,130,2051,275
2978,2070,556,16,64,2041,511,2060,369
2978,2070,558,-16,144,2031,423,2061,133
2978,2071,567,-16,128,2031,423,2061,133
2978,2080,197,0,-16,2030,457,2050,159
2978,2080,208,16,0,2030,464,2050,169
2978,2080,212,-16,80,2031,423,2061,133
2978,2080,217,80,0,2030,467,2060,376
2978,2081,316,0,-16,2030,457,2050,159
2978,2081,327,-16,0,2030,464,2051,100
2978,2081,330,-16,32,2031,423,2061,133
2978,2081,335,64,0,2031,426,2060,376
2979,2080,486,-112,64,2040,226,2060,187
2979,2080,487,0,-16,2030,109,2050,449
2979,2080,493,48,-32,2040,235,2060,194
2979,2080,495,0,-32,2040,241,2050,462
2979,2081,412,-112,80,2040,226,2060,187
2979,2081,413,0,-16,2030,109,2050,449
2979,2081,419,48,-32,2040,235,2060,194
2979,2081,421,0,-16,2040,241,2050,462
2980,2080,330,16,0,2041,397,2050,99
2980,2081,207,0,0,2040,271,2050,99
2981,2080,253,16,0,2031,409,2050,222
2981,2080,256,16,32,2030,482,2050,228
2981,2081,106,16,32,2030,482,2050,228
2982,2080,433,0,0,2031,167,2050,202
2982,2081,503,0,-16,2031,167,2050,202
2983,2080,453,32,0,2031,218,2061,342
2983,2080,459,32,-16,2030,177,2060,268
2983,2080,462,0,-16,2030,178,2050,317
2983,2080,468,32,-16,2040,144,2060,273
2983,2081,520,0,0,2040,130,2050,311
2983,2081,526,32,0,2030,177,2060,268
2983,2081,528,0,0,2030,178,2050,317
2983,2081,534,32,-16,2040,144,2060,273
2984,2070,478,32,64,2041,448,2060,276
2984,2071,505,32,64,2041,448,2060,276
2984,2080,324,0,-16,2040,159,2050,123
2984,2080,325,0,16,2031,209,2050,127
2984,2080,335,16,-32,2030,361,2050,139
2984,2080,348,0,-16,2031,247,2061,404
2984,2081,101,0,0,2040,159,2050,123
2984,2081,113,16,-16,2030,361,2050,139
2984,2081,122,0,-16,2030,377,2060,274
2985,2080,403,64,-16,2041,296,2060,227
2985,2080,407,80,-16,2030,155,2060,233
2985,2080,408,48,-32,2041,302,2060,234
2985,2081,119,64,-32,2041,296,2060,227
2985,2081,123,80,-32,2030,155,2060,233
2986,2080,395,0,-16,2031,198,2050,457
2986,2080,396,64,16,2031,199,2060,239
2986,2080,403,16,0,2040,278,2051,307
2986,2081,108,0,-16,2031,198,2050,457
2986,2081,109,64,0,2031,199,2060,239
2986,2081,116,16,0,2031,210,2050,463
2987,2080,387,64,0,2030,556,2060,131
2987,2080,392,64,0,2031,183,2060,137
2987,2080,394,-144,-16,2041,479,2050,288
2987,2080,406,16,0,2030,572,2050,302
2987,2080,416,80,0,2030,586,2060,164
2987,2081,519,64,0,2030,556,2060,131
2987,2081,524,64,0,2031,183,2060,137
2987,2081,526,-144,-16,2041,479,2050,288
2987,2081,538,16,-16,2030,572,2050,302
2987,2081,548,80,-32,2030,586,2060,164
2988,2080,357,-64,0,2031,153,2050,321
2988,2080,363,-16,0,2031,158,2050,326
2988,2081,482,-48,0,2031,153,2060,118
2989,2070,445,-64,208,2031,89,2060,54
2989,2071,47,-32,192,2030,380,2060,54
2989,2080,274,-32,96,2030,380,2060,54
2989,2080,299,160,0,2030,409,2050,224
2989,2080,308,0,0,2030,418,2051,251
2989,2081,338,-32,80,2030,380,2060,54
2989,2081,362,160,0,2030,409,2050,224
2989,2081,371,0,-32,2030,418,2051,251
2990,2070,428,32,96,2030,470,2050,38
2990,2071,476,32,80,2030,470,2050,38
2990,2080,296,0,-32,2031,84,2050,0
2990,2080,314,32,16,2030,449,2061,140
2990,2080,320,0,0,2030,456,2061,146
2990,2081,159,0,-32,2031,84,2050,0
2990,2081,183,-16,-16,2030,456,2060,66
2991,2080,441,16,-32,2040,304,2060,108
2991,2080,455,48,16,2030,289,2050,220
2991,2081,231,16,-16,2040,304,2060,108
2991,2081,245,48,0,2030,289,2050,220
2993,2080,385,0,0,2031,485,2051,150
2993,2080,387,32,0,2031,488,2050,354
2993,2081,524,32,0,2031,488,2050,354
2994,2080,199,-16,-16,2040,409,2051,147
2994,2081,340,48,16,2031,266,2051,147
2996,2080,308,0,48,2031,202,2051,339
2997,2080,456,48,16,2030,130,2050,428
2997,2080,461,32,0,2031,234,2050,431
2997,2080,465,32,0,2030,142,2060,280
2997,2081,507,48,0,2030,130,2050,428
2997,2081,514,32,-32,2031,234,2050,431
2997,2081,518,32,-16,2030,142,2060,280
2998,2070,278,0,48,2030,75,2050,462
2998,2071,527,0,48,2030,75,2050,462
2998,2080,414,16,0,2040,168,2050,462
2998,2080,422,-32,16,2031,344,2050,469
2998,2081,133,16,-16,2040,168,2050,462
2998,2081,141,-32,16,2031,344,2050,469
2999,2080,145,64,-16,2030,410,2060,279
2999,2080,151,64,16,2031,253,2060,287
2999,2080,159,0,0,2031,260,2050,130
2999,2081,381,64,-16,2030,410,2060,279
2999,2081,387,64,16,2031,253,2060,287
2999,2081,394,0,0,2031,260,2050,130
3003,2080,255,-48,16,2040,184,2050,228
3003,2081,477,-48,-16,2040,184,2050,228
3004,2080,306,0,0,2030,80,2050,272
3004,2081,50,0,-16,2030,80,2050,272
3005,2070,477,0,80,2040,271,2060,208
3005,2071,534,0,64,2040,271,2060,208
3005,2080,390,-16,0,2031,159,2050,313
3005,2080,392,-16,0,2030,121,2050,315
3005,2081,486,-16,0,2031,159,2050,313
3005,2081,488,-16,-16,2030,121,2050,315
3006,2080,432,80,0,2031,227,2060,186
3006,2080,453,16,-16,2041,396,2050,278
3006,2081,499,80,0,2031,227,2060,186
3006,2081,520,16,0,2041,396,2050,278
3007,2080,240,-64,64,2040,351,2060,117
3007,2080,246,48,192,2031,159,2060,119
3007,2080,247,32,0,2031,161,2060,120
3007,2081,276,-64,64,2040,351,2060,117
3007,2081,282,48,192,2031,159,2060,119
3007,2081,283,32,-32,2031,161,2060,120
3008,2070,472,0,96,2040,349,2060,269
3008,2071,394,0,96,2040,349,2060,269
3009,2080,309,-16,0,2030,121,2050,272
3009,2080,328,-16,-16,2040,173,2050,301
3009,2081,438,-16,0,2030,121,2050,272
3009,2081,458,0,0,2040,173,2051,202
3010,2080,214,64,0,2040,400,2060,305
3010,2081,119,64,0,2040,400,2060,305
3010,2081,128,0,-32,2040,417,2050,279
3011,2080,423,-32,16,2030,104,2050,379
3011,2080,428,112,128,2030,109,2050,391
3011,2081,357,48,0,2030,104,2061,468
3011,2081,362,112,128,2030,109,2050,391
3012,2080,393,16,-16,2040,99,2061,295
3012,2081,271,16,-16,2040,99,2061,295
3013,2070,440,0,112,2040,350,2050,305
3013,2071,510,0,80,2040,350,2050,305
3013,2080,250,0,0,2040,350,2050,305
3013,2081,463,0,-16,2040,350,2050,305
3014,2080,412,32,0,2040,101,2050,454
3014,2080,413,-16,0,2031,149,2050,456
3014,2080,419,0,0,2031,158,2050,460
3014,2080,424,0,-16,2040,124,2050,469
3014,2081,353,48,-32,2031,147,2050,454
3014,2081,354,-16,0,2031,149,2050,456
3014,2081,360,0,0,2031,158,2050,460
3014,2081,365,0,-16,2040,124,2050,469
3015,2080,126,0,16,2040,172,2050,94
3015,2080,142,-16,0,2030,434,2051,68
3015,2080,144,-16,0,2030,438,2050,112
3015,2081,236,0,16,2040,172,2050,94
3015,2081,253,16,0,2031,322,2051,68
3015,2081,255,-16,0,2030,438,2050,112
3016,2080,230,64,-16,2030,422,2050,194
3016,2081,84,64,-16,2030,422,2050,194
3017,2080,127,32,-32,2041,288,2060,353
3017,2080,154,32,-16,2040,211,2060,391
3017,2081,253,32,-32,2041,288,2060,353
3017,2081,274,16,0,2041,316,2050,115
3017,2081,280,32,-16,2040,211,2060,391
3018,2080,323,64,0,2040,234,2061,115
3018,2081,442,64,0,2040,234,2061,115
3019,2070,535,-16,64,2040,400,2060,202
3019,2071,548,-16,48,2040,400,2060,202
3019,2080,279,80,-16,2041,472,2060,192
3019,2080,288,-32,-16,2041,488,2050,341
3019,2081,114,80,0,2041,472,2060,192
3019,2081,121,-32,0,2041,488,2050,341
3020,2070,346,32,48,2041,306,2061,181
3020,2080,373,48,0,2030,545,2061,181
3020,2081,223,0,0,2031,511,2050,432
3021,2080,397,80,0,2041,285,2060,217
3021,2081,335,80,16,2041,285,2060,217
3022,2070,469,-112,176,2040,382,2060,185
3022,2070,474,32,80,2040,398,2060,198
3022,2071,101,-112,144,2040,382,2060,185
3022,2071,105,32,64,2040,398,2060,198
3022,2080,301,-112,48,2040,382,2060,185
3022,2080,302,48,176,2031,223,2060,187
3022,2080,307,0,-16,2040,388,2050,158
3022,2080,314,32,-32,2040,398,2060,198
3022,2081,122,-112,32,2040,382,2060,185
3022,2081,123,0,160,2031,223,2050,152
3022,2081,128,0,-16,2040,388,2050,158
3022,2081,135,32,-32,2040,398,2060,198
3023,2070,180,0,80,2040,148,2060,224
3023,2071,42,0,48,2040,148,2060,224
3023,2080,290,-16,0,2031,256,2050,337
3023,2080,292,-16,0,2031,264,2050,338
3023,2081,121,-16,0,2031,256,2050,337
3023,2081,124,-16,0,2031,264,2050,338
3024,2070,359,0,64,2030,148,2060,216
3024,2071,494,0,64,2030,148,2060,216
3024,2080,443,16,0,2030,145,2051,280
3024,2080,448,16,0,2041,330,2060,216
3024,2081,117,0,0,2031,181,2050,405
3024,2081,121,16,0,2041,330,2060,216
3026,2081,464,-16,-16,2040,344,2050,239
3027,2080,184,32,0,2040,66,2060,222
3027,2080,199,-32,0,2040,81,2050,120
3027,2081,329,32,-32,2040,66,2060,222
3027,2081,341,-32,-16,2040,81,2050,120
3028,2080,243,-32,0,2031,132,2050,290
3028,2081,77,-32,16,2031,132,2050,290
3030,2080,389,64,0,2040,51,2060,331
3030,2080,410,0,0,2031,311,2050,465
3030,2080,411,0,0,2031,312,2050,466
3030,2081,254,64,0,2040,51,2060,331
3030,2081,274,0,0,2031,311,2050,465
3031,2070,534,0,80,2031,212,2050,293
3031,2070,537,0,0,2040,495,2050,301
3031,2071,153,0,80,2031,212,2050,293
3031,2071,156,0,16,2040,495,2050,301
3031,2080,402,0,0,2031,226,2050,307
3031,2080,406,112,-16,2030,134,2060,275
3031,2081,458,-96,-16,2031,217,2061,430
3031,2081,462,32,0,2041,183,2050,307
3031,2081,466,112,0,2030,134,2060,275
3031,2081,476,0,0,2031,245,2050,328
3032,2080,433,16,0,2030,81,2050,400
3032,2080,438,-16,0,2031,133,2050,410
3032,2081,237,16,0,2030,81,2050,400
3032,2081,241,-16,0,2031,133,2050,410
3033,2080,210,0,-32,2040,493,2060,299
3033,2081,396,0,-48,2040,493,2060,299
3034,2080,376,48,176,2031,473,2061,283
3034,2080,387,-48,0,2030,107,2050,355
3034,2081,58,48,160,2031,473,2061,283
3035,2080,377,-32,16,2031,248,2050,346
3035,2081,113,-32,0,2031,248,2050,346
3036,2080,102,-16,-16,2031,312,2050,58
3036,2081,204,-16,-16,2031,312,2050,58
3037,2080,420,48,0,2040,292,2060,181
3037,2080,426,16,-16,2030,105,2050,339
3037,2080,428,32,0,2040,298,2060,189
3037,2081,72,-16,0,2041,218,2050,333
3037,2081,77,16,-16,2030,105,2050,339
3037,2081,79,48,0,2030,107,2060,189
3038,2080,479,64,0,2030,408,2060,207
3038,2080,501,96,32,2031,189,2060,230
3038,2080,505,0,-32,2040,287,2050,467
3038,2081,88,64,-16,2030,408,2060,207
3038,2081,107,96,-16,2031,189,2060,230
3038,2081,111,0,-32,2040,287,2050,467
3039,2070,481,80,208,2040,165,2051,320
3039,2071,510,80,176,2040,165,2051,320
3039,2080,371,80,80,2040,165,2051,320
3039,2080,372,80,0,2030,402,2060,248
3039,2081,135,80,112,2040,165,2051,320
3040,2080,250,0,0,2030,99,2050,227
3040,2081,472,0,-32,2030,99,2050,227
3041,2080,363,16,-16,2040,156,2060,122
3041,2080,374,0,-16,2040,170,2050,419
3041,2080,375,16,-16,2040,173,2050,421
3041,2081,54,-32,0,2040,156,2050,406
3041,2081,63,32,0,2030,337,2060,136
3041,2081,64,16,0,2040,173,2050,421
3041,2081,77,-80,224,2030,357,2060,150
3042,2080,318,-16,-32,2030,443,2051,273
3042,2081,59,-16,-16,2030,443,2051,273
3043,2080,343,32,-16,2040,249,2060,135
3043,2080,352,-128,64,2041,421,2060,148
3043,2081,487,32,-16,2040,249,2060,135
3043,2081,496,-128,64,2041,421,2060,148
3044,2070,435,16,0,2040,303,2060,385
3044,2071,603,-16,0,2040,303,2051,160
3044,2080,507,-16,-16,2030,231,2050,569
3044,2080,529,-48,-80,2040,303,2050,589
3044,2081,199,-16,-16,2030,231,2050,569
3044,2081,220,-48,-80,2040,303,2050,589
3045,2081,186,64,16,2040,224,2060,425
3046,2080,224,32,0,2041,352,2060,438
3046,2080,227,96,-16,2030,478,2060,441
3046,2080,228,0,-48,2040,277,2050,198
3046,2080,229,-16,0,2040,279,2050,200
3046,2080,230,16,0,2030,481,2050,203
3046,2081,510,32,16,2041,352,2060,438
3046,2081,511,96,0,2030,478,2060,441
3046,2081,513,-16,0,2040,279,2050,200
3047,2070,324,0,48,2040,367,2061,577
3047,2070,332,48,80,2031,276,2060,317
3047,2071,603,0,64,2040,367,2061,577
3047,2080,474,-16,0,2040,367,2060,292
3047,2080,487,0,0,2031,272,2050,436
3047,2080,489,64,-16,2041,233,2060,317
3047,2081,541,-64,16,2040,367,2050,414
3047,2081,556,0,-16,2031,272,2050,436
3047,2081,560,64,-16,2041,233,2060,317
3048,2080,227,16,0,2030,482,2050,184
3048,2081,134,0,0,2031,368,2050,184
3050,2080,515,16,-32,2030,146,2051,411
3050,2081,218,16,-16,2030,146,2051,411
3051,2070,401,0,80,2031,231,2050,506
3051,2071,160,0,64,2031,231,2050,506
3051,2080,524,96,0,2030,170,2060,246
3051,2081,443,96,-16,2030,170,2060,246
3051,2081,464,16,-16,2030,188,2050,506
3052,2080,437,16,0,2030,216,2050,407
3052,2081,366,16,-32,2030,216,2050,407
3054,2070,406,48,32,2040,113,2060,150
3054,2071,414,48,64,2040,113,2060,150
3054,2080,291,16,-16,2030,426,2060,143
3054,2080,301,48,-16,2040,113,2060,150
3054,2081,243,16,-32,2030,426,2060,143
3054,2081,252,48,-32,2040,113,2060,150
3055,2080,297,64,-32,2030,184,2060,254
3055,2081,155,64,-32,2030,184,2060,254
3056,2080,483,-16,0,2031,159,2051,325
3056,2081,356,-32,0,2031,159,2050,445
3057,2070,518,0,48,2040,288,2060,140
3057,2071,525,0,32,2040,288,2060,140
3057,2080,393,32,-16,2031,180,2060,140
3057,2081,264,32,-16,2031,180,2060,140
3059,2080,358,80,0,2030,277,2060,601
3059,2080,367,0,16,2031,565,2050,327
3059,2080,372,64,0,2031,572,2060,611
3059,2081,177,80,-16,2030,277,2060,601
3061,2070,364,16,96,2040,286,2060,248
3061,2071,505,16,48,2040,286,2060,248
3061,2080,412,16,0,2041,317,2050,462
3061,2080,419,-48,16,2040,286,2051,140
3061,2081,381,0,0,2040,274,2050,462
3061,2081,388,-48,16,2040,286,2051,140
3062,2080,437,-16,16,2040,269,2051,302
3063,2070,203,80,96,2040,103,2060,300
3063,2070,209,16,32,2040,130,2050,431
3063,2071,492,80,80,2040,103,2060,300
3063,2071,496,16,32,2040,130,2050,431
3063,2080,439,16,0,2031,251,2050,410
3063,2080,447,48,-16,2031,254,2060,298
3063,2080,448,80,0,2040,103,2060,300
3063,2080,463,16,-48,2040,130,2050,431
3063,2080,469,0,0,2030,240,2051,382
3063,2081,56,16,-16,2031,251,2050,410
3063,2081,63,80,-16,2030,223,2060,298
3063,2081,64,80,-16,2040,103,2060,300
3063,2081,79,16,-64,2040,130,2050,431
3063,2081,84,0,-32,2040,134,2050,435
3064,2080,157,96,128,2040,216,2050,112
3064,2080,159,16,0,2031,313,2050,116
3064,2080,166,0,-16,2041,499,2050,126
3064,2081,398,96,112,2040,216,2050,112
3064,2081,399,16,0,2040,219,2051,54
3064,2081,400,16,0,2031,313,2050,116
3064,2081,407,0,-32,2041,499,2050,126
3065,2080,256,16,-16,2040,325,2050,213
3065,2080,257,-16,-16,2040,327,2050,214
3065,2080,271,-96,0,2040,350,2051,164
3065,2081,477,16,16,2040,325,2050,213
3065,2081,490,-96,-16,2040,350,2051,164
3067,2080,412,-16,0,2031,225,2050,374
3067,2081,143,-16,-16,2031,225,2050,374
3068,2070,192,0,48,2041,142,2060,73
3068,2071,6,0,48,2041,142,2060,73
3068,2080,306,0,16,2041,124,2051,15
3068,2081,248,16,0,2031,90,2051,15
3069,2081,70,32,0,2040,351,2060,177
3069,2081,74,-16,0,2031,224,2050,313
3070,2080,440,48,16,2031,376,2061,517
3070,2081,155,48,0,2031,376,2061,517
3071,2071,46,0,64,2041,361,2060,113
3071,2080,330,0,0,2031,158,2050,237
3071,2080,343,-48,-16,2040,85,2050,251
3071,2080,347,96,64,2030,483,2060,134
3071,2081,441,0,0,2031,158,2050,237
3071,2081,457,96,32,2030,483,2060,134
3072,2080,407,96,0,2040,308,2060,195
3072,2080,416,16,-16,2031,252,2061,284
3072,2081,98,96,-16,2040,308,2060,195
3072,2081,107,-48,16,2031,252,2050,167
3073,2070,278,0,80,2040,154,2050,388
3073,2080,337,-16,-16,2040,154,2051,196
3073,2080,361,64,-32,2031,486,2060,438
3073,2081,116,-16,-16,2040,154,2051,196
3073,2081,140,64,-16,2031,486,2060,438
3075,2080,471,160,-32,2041,286,2051,164
3075,2081,317,160,16,2041,286,2051,164
3076,2080,450,32,0,2031,381,2060,419
3076,2080,453,16,0,2031,385,2050,500
3076,2081,163,32,-32,2031,381,2060,419
3076,2081,165,32,0,2041,313,2050,500
3077,2070,453,32,80,2040,253,2050,301
3077,2071,492,32,80,2040,253,2050,301
3077,2080,341,32,0,2040,253,2050,301
3077,2080,349,48,0,2030,133,2060,222
3077,2080,351,16,0,2030,137,2050,314
3077,2080,352,48,16,2030,141,2060,227
3077,2081,463,32,-16,2040,253,2050,301
3077,2081,471,-32,16,2040,264,2050,312
3077,2081,473,16,0,2030,137,2050,314
3077,2081,475,-16,0,2030,141,2050,316
3078,2070,240,0,80,2031,257,2061,56
3078,2071,341,0,64,2031,257,2061,56
3078,2080,445,32,0,2040,130,2061,56
3078,2080,469,-16,-16,2031,299,2050,441
3078,2081,490,0,-16,2031,257,2061,56
3078,2081,516,-16,-32,2031,299,2050,441
3079,2080,365,16,-16,2040,174,2050,210
3079,2080,371,80,-16,2041,425,2060,142
3079,2081,281,16,-16,2040,174,2050,210
3079,2081,282,32,0,2041,420,2050,212
3079,2081,286,80,0,2041,425,2060,142
3079,2081,287,0,-96,2031,101,2050,222
3080,2071,506,0,48,2041,164,2050,364
3080,2080,396,0,0,2030,231,2051,130
3080,2080,411,16,0,2031,300,2050,381
3080,2081,479,0,0,2030,231,2051,130
3080,2081,494,0,0,2040,107,2050,381
3082,2080,212,0,16,2031,90,2050,130
3082,2080,230,32,0,2040,377,2060,75
3082,2081,318,0,16,2031,90,2050,130
3082,2081,335,64,0,2041,420,2060,75
3083,2080,360,0,-16,2030,81,2050,336
3083,2080,364,-16,0,2030,90,2050,342
3083,2081,47,0,-16,2030,81,2050,336
3083,2081,51,-16,0,2030,90,2050,342
3084,2081,436,80,-16,2041,365,2060,268
3085,2080,105,16,0,2040,284,2050,160
3085,2080,120,0,-16,2031,240,2050,170
3085,2080,129,48,32,2030,461,2050,179
3085,2081,329,16,-16,2040,284,2050,160
3085,2081,343,0,-16,2031,240,2050,170
3087,2080,400,48,0,2040,331,2060,298
3087,2080,409,0,32,2030,175,2060,309
3087,2080,417,0,-32,2040,354,2051,143
3087,2080,426,-16,-32,2031,291,2050,476
3087,2081,96,0,0,2030,159,2051,126
3087,2081,105,0,16,2030,175,2060,309
3087,2081,113,0,-32,2040,354,2051,143
3089,2080,214,32,0,2040,90,2060,248
3089,2080,233,-32,0,2041,367,2050,152
3089,2080,240,16,0,2040,120,2050,157
3089,2081,58,-16,0,2030,411,2050,134
3089,2081,83,16,0,2040,120,2050,157
3090,2080,204,-16,0,2040,449,2050,108
3090,2080,213,-16,0,2040,468,2051,165
3090,2081,342,-16,0,2040,449,2050,108
3090,2081,353,-16,0,2040,468,2051,165
3091,2080,363,0,0,2031,215,2050,143
3091,2080,390,48,16,2040,462,2060,205
3091,2081,284,-16,0,2031,215,2051,316
3091,2081,306,48,16,2040,462,2060,205
3092,2080,477,-16,-32,2040,245,2050,443
3092,2081,129,16,0,2040,245,2060,207
3093,2080,364,64,64,2041,200,2050,409
3093,2081,430,16,-64,2030,92,2050,386
3093,2081,452,64,48,2041,200,2050,409
3095,2080,491,64,0,2040,348,2060,225
3095,2080,493,0,-48,2040,353,2060,228
3095,2080,497,0,-16,2031,276,2050,469
3095,2080,500,0,-64,2040,367,2050,475
3095,2081,128,64,-32,2040,348,2060,225
3095,2081,131,0,-48,2040,353,2060,228
3095,2081,135,0,0,2031,276,2050,469
3095,2081,138,0,-96,2040,367,2050,475
3098,2080,464,64,0,2040,209,2060,166
3098,2080,465,16,0,2030,512,2050,426
3098,2080,480,32,0,2030,532,2060,186
3098,2081,386,80,0,2031,119,2060,166
3098,2081,387,16,-16,2030,512,2050,426
3098,2081,403,-32,16,2030,532,2050,446
3099,2070,223,0,112,2030,258,2061,456
3099,2070,231,160,-160,2031,322,2050,441
3099,2071,476,0,112,2030,258,2061,456
3099,2071,484,160,-160,2031,322,2050,441
3099,2080,367,80,0,2041,159,2060,341
3099,2080,373,0,16,2030,262,2050,428
3099,2080,396,0,0,2030,279,2050,444
3099,2081,39,80,-16,2041,159,2060,341
3099,2081,44,0,-16,2030,262,2050,428
3099,2081,68,0,16,2030,279,2050,444
3100,2070,155,32,80,2040,89,2060,309
3100,2071,203,32,64,2040,89,2060,309
3100,2080,437,-16,-16,2040,89,2050,268
3100,2081,487,32,32,2040,89,2060,309
3101,2080,303,48,0,2041,462,2060,369
3101,2080,306,64,0,2040,152,2060,378
3101,2080,310,-16,0,2040,164,2051,259
3101,2081,537,48,-16,2041,462,2060,369
3101,2081,540,64,0,2040,152,2060,378
3101,2081,543,0,0,2040,164,2050,217
3104,2080,217,16,-16,2040,325,2060,141
3104,2081,433,16,-16,2040,325,2060,141
3105,2080,311,-32,0,2030,108,2050,267
3105,2081,465,-32,0,2030,108,2050,267
3106,2080,268,-64,16,2031,420,2050,180
3106,2080,279,0,0,2040,336,2050,194
3106,2081,150,0,16,2031,416,2060,450
3106,2081,153,-64,16,2031,420,2050,180
3106,2081,163,0,0,2040,336,2050,194
3107,2070,505,32,64,2041,450,2060,151
3107,2071,560,32,48,2041,450,2060,151
3107,2080,348,0,0,2031,193,2050,110
3107,2080,352,0,0,2031,200,2051,304
3107,2080,360,-16,0,2031,207,2050,122
3107,2080,389,32,0,2030,553,2060,186
3107,2081,62,0,0,2031,193,2050,110
3107,2081,66,-16,-16,2031,200,2050,113
3107,2081,74,64,0,2030,530,2060,160
3107,2081,102,0,0,2041,485,2051,328
3108,2080,547,0,-16,2031,264,2051,338
3108,2081,136,-48,16,2031,264,2050,520
3109,2080,370,48,-16,2041,436,2060,317
3109,2081,129,48,-32,2041,436,2060,317
3110,2070,507,-128,64,2030,412,2060,287
3110,2071,510,-128,48,2030,412,2060,287
3110,2081,56,-112,240,2040,109,2060,288
3111,2080,422,16,0,2040,255,2051,357
3111,2081,390,16,16,2040,255,2051,357
3112,2070,360,144,80,2041,301,2050,387
3112,2071,473,144,96,2041,301,2050,387
3112,2080,423,160,-16,2040,230,2050,387
3112,2080,432,0,0,2030,120,2050,397
3112,2080,435,-16,0,2030,125,2050,403
3112,2080,440,-32,-16,2041,323,2050,410
3112,2080,446,64,0,2040,263,2060,220
3112,2080,448,-16,0,2030,139,2050,416
3112,2081,44,160,0,2040,230,2050,387
3112,2081,53,0,0,2040,245,2051,280
3112,2081,55,-16,-16,2030,125,2050,403
3112,2081,60,-32,16,2041,323,2050,410
3112,2081,67,64,0,2040,263,2060,220
3112,2081,69,-16,-16,2030,139,2050,416
3113,2080,308,-32,16,2031,427,2050,356
3113,2081,497,32,0,2031,427,2051,281
3114,2080,470,32,0,2031,264,2050,530
3114,2081,157,32,0,2031,264,2050,530
3115,2070,296,-16,48,2041,250,2060,190
3115,2080,302,32,0,2040,215,2060,190
3115,2080,309,0,-32,2031,169,2050,355
3115,2080,311,16,0,2031,171,2050,356
3115,2081,112,32,-32,2040,215,2060,190
3115,2081,120,64,16,2040,228,2050,355
3115,2081,121,16,0,2031,171,2050,356
3116,2070,430,0,64,2031,351,2051,264
3116,2071,120,0,64,2031,351,2051,264
3116,2080,297,-16,0,2031,351,2050,172
3116,2081,245,-16,-16,2031,351,2050,172
3117,2080,195,0,16,2040,280,2050,246
3118,2070,471,112,272,2030,397,2060,121
3118,2071,481,112,256,2030,397,2060,121
3118,2080,352,-16,0,2040,242,2051,301
3118,2080,360,48,160,2030,397,2050,177
3118,2080,363,-16,0,2040,255,2050,180
3118,2081,274,-16,0,2040,242,2051,301
3118,2081,281,48,160,2030,397,2050,177
3118,2081,284,-16,-16,2040,255,2050,180
3119,2070,429,64,80,2040,141,2060,507
3119,2071,629,64,80,2040,141,2060,507
3119,2080,343,16,-32,2040,135,2051,274
3119,2081,458,16,-48,2040,135,2051,274
3120,2070,456,32,64,2031,341,2060,288
3120,2071,366,32,48,2031,341,2060,288
3120,2080,179,-48,0,2031,341,2050,146
3120,2081,519,-48,0,2031,341,2050,146
3122,2070,590,48,64,2040,241,2060,199
3122,2071,110,48,48,2040,241,2060,199
3122,2080,400,64,0,2031,126,2060,165
3122,2080,411,64,0,2031,133,2060,177
3122,2081,496,32,-16,2041,532,2060,165
3122,2081,506,64,-16,2031,133,2060,177
3122,2081,513,-32,0,2031,148,2050,391
3123,2070,465,16,96,2030,388,2060,281
3123,2071,496,16,80,2030,388,2060,281
3123,2080,188,16,0,2031,318,2051,121
3124,2080,270,32,-16,2031,376,2060,326
3125,2080,306,32,-32,2031,176,2060,132
3125,2080,310,0,-16,2040,444,2051,346
3125,2080,312,16,-16,2041,267,2050,95
3125,2080,315,160,-16,2030,482,2051,350
3125,2081,366,-48,0,2030,461,2050,70
3125,2081,376,-64,0,2031,176,2050,87
3125,2081,380,0,-16,2040,444,2051,346
3125,2081,382,16,-16,2041,267,2050,95
3125,2081,385,160,16,2030,482,2051,350
3126,2080,365,48,0,2031,198,2060,238
3126,2080,395,16,0,2030,145,2050,452
3126,2081,83,80,0,2030,119,2060,238
3126,2081,113,16,0,2030,145,2050,452
3127,2080,349,0,-32,2031,165,2050,240
3127,2080,375,48,-32,2040,110,2060,232
3127,2081,451,0,-16,2031,165,2050,240
3127,2081,475,48,-48,2040,110,2060,232
3128,2080,240,80,0,2041,458,2060,347
3128,2081,113,80,16,2041,458,2060,347
3129,2071,535,16,32,2040,320,2060,363
3129,2080,211,64,-32,2040,275,2060,325
3129,2081,414,0,0,2030,538,2051,128
3129,2081,415,48,0,2030,539,2060,325
3130,2080,423,48,-16,2030,57,2060,185
3130,2080,433,0,0,2040,112,2051,308
3130,2081,336,48,-48,2030,57,2060,185
3130,2081,344,16,0,2030,64,2051,308
3131,2080,296,-32,0,2031,224,2050,92
3131,2080,308,-16,-16,2040,142,2060,266
3131,2081,339,-32,-16,2031,224,2050,92
3132,2080,409,0,0,2030,190,2051,24
3132,2080,410,96,0,2031,342,2060,376
3132,2081,139,0,0,2030,190,2051,24
3133,2070,460,48,64,2030,224,2060,264
3133,2080,185,64,-32,2041,411,2060,264
3133,2080,198,80,-16,2040,93,2060,275
3133,2081,370,64,-32,2041,411,2060,264
3133,2081,383,80,-16,2040,93,2060,275
3133,2081,385,-128,-48,2031,323,2060,278
3134,2070,151,0,80,2040,69,2051,249
3134,2071,199,0,80,2040,69,2051,249
3134,2080,294,-16,-16,2040,69,2050,214
3134,2081,483,-16,-16,2040,69,2050,214
3135,2080,386,-80,0,2040,307,2060,275
3135,2080,394,-16,0,2041,204,2050,444
3135,2081,69,0,-16,2030,151,2050,435
3135,2081,75,-16,-16,2041,204,2050,444
3136,2080,220,64,0,2030,249,2060,450
3136,2080,221,0,0,2041,292,2050,145
3136,2080,223,-32,0,2040,95,2050,146
3136,2080,232,48,0,2030,267,2061,76
3136,2080,240,64,0,2040,134,2060,474
3136,2081,369,16,-16,2040,91,2050,145
3136,2081,371,-32,-48,2040,95,2050,146
3136,2081,380,48,0,2030,267,2061,76
3136,2081,387,64,-16,2040,134,2060,474
3137,2080,132,48,-16,2040,316,2060,208
3137,2080,137,0,0,2041,427,2050,178
3137,2080,140,160,-16,2030,363,2050,179
3137,2080,142,160,-48,2040,326,2050,184
3137,2081,386,48,-16,2040,316,2060,208
3137,2081,391,-16,-16,2040,324,2051,111
3137,2081,394,160,-32,2030,363,2050,179
3137,2081,396,160,-48,2040,326,2050,184
3139,2080,391,64,-32,2030,437,2060,104
3139,2080,395,48,-80,2031,149,2060,109
3139,2081,214,48,0,2041,247,2060,104
3139,2081,219,48,0,2031,149,2060,109
3140,2080,347,32,-16,2030,123,2060,185
3140,2081,319,32,-16,2030,123,2060,185
3141,2080,385,32,16,2040,261,2050,434
3141,2080,395,-16,-16,2031,197,2050,453
3141,2081,115,48,0,2030,146,2050,434
3141,2081,126,-16,0,2031,197,2050,453
3142,2080,280,0,16,2040,55,2050,258
3142,2080,294,80,-16,2040,74,2060,343
3142,2081,213,0,0,2040,55,2050,258
3142,2081,228,80,-16,2040,74,2060,343
3143,2080,249,32,-16,2040,94,2060,360
3143,2080,273,-16,-16,2040,125,2050,163
3143,2080,282,16,0,2031,358,2051,238
3143,2081,61,32,-16,2040,94,2060,360
3143,2081,85,-16,0,2040,125,2050,163
3143,2081,93,16,0,2031,358,2051,238
3144,2080,356,-64,-48,2041,255,2050,404
3144,2080,370,-16,0,2030,338,2050,424
3144,2081,71,-16,-16,2041,255,2060,142
3144,2081,85,-16,-16,2030,338,2050,424
3145,2080,363,48,0,2031,156,2060,118
3145,2081,214,64,-16,2030,482,2060,118
3146,2070,385,32,96,2031,286,2060,248
3146,2071,191,32,80,2031,286,2060,248
3146,2080,459,-32,16,2031,286,2050,324
3146,2081,214,-32,0,2031,286,2050,324
3147,2070,276,0,80,2030,466,2050,387
3147,2080,414,0,0,2030,466,2050,387
3147,2081,164,0,-16,2030,466,2050,387
3148,2080,446,48,0,2031,132,2061,533
3148,2080,458,48,0,2031,146,2060,190
3148,2081,382,64,0,2041,266,2061,533
3148,2081,394,64,0,2041,281,2060,190
3149,2080,531,48,-16,2040,337,2060,287
3149,2080,544,32,-32,2030,177,2060,309
3149,2080,545,64,-16,2030,178,2060,311
3149,2081,119,48,-32,2040,337,2060,287
3149,2081,131,32,-16,2030,177,2060,309
3149,2081,132,64,-16,2030,178,2060,311
3150,2080,89,48,-48,2040,310,2051,59
3150,2080,91,-16,-16,2031,214,2050,144
3150,2081,457,48,-48,2040,310,2051,59
3150,2081,459,-16,-16,2031,214,2050,144
3152,2080,226,32,32,2041,409,2050,157
3152,2080,239,0,-48,2030,378,2050,171
3152,2081,55,32,32,2041,409,2050,157
3152,2081,68,0,-16,2030,378,2050,171
3153,2080,223,-48,-16,2040,394,2050,276
3153,2081,164,-48,0,2040,394,2050,276
3154,2081,141,64,0,2041,274,2060,216
3155,2080,436,96,80,2030,172,2050,409
3155,2080,445,0,0,2031,255,2051,212
3155,2081,316,96,96,2030,172,2050,409
3155,2081,325,0,0,2031,255,2051,212
3156,2080,294,16,-16,2040,197,2060,70
3156,2080,329,16,0,2041,360,2051,279
3156,2081,157,-48,-16,2040,197,2050,232
3156,2081,182,112,0,2040,218,2060,86
3156,2081,192,-16,-16,2041,360,2050,252
3157,2080,225,0,16,2030,485,2050,284
3157,2081,80,0,-16,2030,485,2050,284
3158,2070,522,16,48,2031,420,2061,170
3158,2080,297,-16,0,2041,483,2051,201
3158,2081,137,-16,0,2041,483,2051,201
3159,2080,388,-48,0,2040,90,2050,351
3159,2081,61,-48,0,2040,90,2050,351
3160,2080,437,48,192,2040,294,2060,343
3160,2080,440,-16,0,2041,214,2050,492
3160,2080,444,32,16,2040,312,2060,355
3160,2081,115,48,192,2040,294,2060,343
3160,2081,118,-16,0,2041,214,2050,492
3160,2081,123,-16,0,2040,312,2050,502
3161,2080,222,16,-16,2031,319,2050,199
3161,2081,450,0,0,2030,161,2050,199
3162,2070,511,48,80,2040,137,2060,324
3162,2071,574,48,96,2040,137,2060,324
3162,2080,274,0,-16,2030,460,2050,176
3162,2080,283,48,0,2030,468,2060,330
3162,2080,284,-16,0,2040,142,2051,233
3162,2081,594,0,0,2030,460,2050,176
3162,2081,603,64,-32,2041,548,2060,330
3162,2081,604,-16,0,2040,142,2051,233
3163,2080,372,16,-32,2041,265,2050,424
3163,2081,345,16,-32,2041,265,2050,424
3164,2080,480,16,0,2031,261,2050,441
3164,2080,481,16,0,2040,344,2050,443
3164,2081,535,32,0,2030,180,2050,441
3164,2081,536,16,0,2040,344,2050,443
3165,2070,435,48,48,2030,210,2060,290
3165,2071,530,48,80,2030,210,2060,290
3165,2080,464,0,-16,2030,216,2050,523
3165,2081,125,0,0,2030,216,2050,523
3166,2080,200,32,0,2030,358,2061,109
3166,2080,208,0,0,2041,398,2050,255
3166,2081,147,0,0,2041,398,2050,255
3167,2070,356,32,64,2040,73,2060,309
3167,2071,56,32,80,2040,73,2060,309
3167,2080,196,32,-16,2040,73,2060,309
3167,2080,212,32,0,2041,392,2060,325
3167,2081,412,32,-16,2040,73,2060,309
3167,2081,426,32,-16,2041,392,2060,325
3168,2080,250,48,-16,2031,416,2060,371
3168,2080,274,-128,208,2030,489,2060,399
3168,2081,80,-128,192,2030,489,2060,399
3169,2080,353,48,0,2040,166,2060,313
3169,2081,333,0,-16,2031,286,2050,394
3170,2080,273,48,0,2040,215,2060,159
3170,2080,292,16,0,2031,142,2051,73
3170,2080,295,48,-16,2031,146,2060,183
3170,2081,421,80,-16,2031,127,2060,159
3170,2081,441,0,0,2030,476,2051,73
3170,2081,444,48,0,2031,146,2060,183
3171,2080,167,32,0,2030,401,2050,207
3171,2080,174,80,-16,2041,448,2060,254
3171,2081,491,32,0,2030,401,2050,207
3171,2081,498,80,-16,2041,448,2060,254
3174,2080,533,0,-16,2030,367,2050,502
3174,2081,326,0,-16,2030,367,2050,502
3175,2080,299,0,0,2040,353,2050,106
3175,2080,303,16,-32,2030,75,2060,144
3175,2081,385,-32,0,2040,337,2051,248
3175,2081,391,0,-32,2040,353,2050,106
3175,2081,396,16,-32,2030,75,2060,144
3176,2070,503,32,64,2041,436,2060,269
3176,2071,509,32,48,2041,436,2060,269
3176,2080,218,64,0,2030,389,2060,269
3176,2080,243,32,0,2030,429,2050,213
3176,2081,357,64,-16,2030,389,2060,269
3176,2081,382,0,-16,2041,477,2050,213
3178,2080,323,80,-16,2040,252,2060,415
3178,2081,115,80,-16,2040,252,2060,415
3180,2080,356,-16,-32,2040,221,2051,396
3180,2080,377,-16,-16,2040,242,2050,176
3180,2081,428,-16,0,2040,221,2051,396
3180,2081,447,-16,-16,2040,242,2050,176
3181,2080,378,64,0,2030,112,2060,193
3181,2081,441,64,0,2030,112,2060,193
3182,2080,231,0,16,2031,379,2050,287
3183,2070,501,-48,192,2030,348,2061,125
3183,2070,502,32,48,2040,424,2060,167
3183,2071,542,-48,176,2030,348,2061,125
3183,2080,249,48,-32,2030,351,2060,167
3183,2081,530,-16,0,2040,422,2051,93
3184,2070,462,0,48,2040,418,2061,239
3184,2071,610,0,48,2040,418,2061,239
3185,2070,431,16,80,2041,330,2060,227
3185,2071,122,16,64,2041,330,2060,227
3185,2080,400,112,64,2041,319,2060,221
3185,2081,124,64,0,2041,300,2060,204
3185,2081,136,112,32,2041,319,2060,221
3187,2080,452,48,-16,2040,163,2061,198
3187,2081,555,32,0,2031,415,2061,198
3189,2080,148,0,-16,2040,266,2050,186
3189,2080,156,16,0,2031,315,2050,201
3189,2080,157,-96,-96,2030,236,2060,349
3189,2081,96,0,0,2040,266,2050,186
3189,2081,105,-96,-80,2030,236,2060,349
3191,2070,334,-80,64,2030,171,2060,268
3191,2071,127,-80,64,2030,171,2060,268
3191,2080,427,16,-32,2031,227,2050,391
3191,2080,436,-160,32,2030,171,2050,397
3191,2081,96,16,-16,2031,227,2050,391
3191,2081,103,-160,32,2030,171,2050,397
3192,2080,237,0,0,2030,392,2051,195
3192,2080,240,16,-16,2031,367,2050,168
3192,2081,267,-16,0,2030,392,2050,167
3193,2070,174,32,80,2040,81,2060,354
3193,2071,478,32,64,2040,81,2060,354
3193,2080,254,-16,-16,2040,81,2050,309
3193,2080,261,0,-16,2041,127,2050,317
3193,2080,265,48,16,2030,58,2060,365
3193,2080,273,0,0,2030,70,2051,202
3193,2080,285,-16,0,2030,76,2050,346
3193,2081,220,-16,-16,2040,81,2050,309
3193,2081,227,0,-16,2041,127,2050,317
3193,2081,231,-16,0,2041,131,2050,319
3193,2081,237,-48,16,2030,70,2050,332
3193,2081,248,0,0,2041,153,2051,210
3194,2080,370,160,-32,2040,433,2051,325
3194,2081,398,160,-32,2040,433,2051,325
3195,2080,265,-16,-32,2041,368,2051,223
3195,2081,166,-16,0,2041,368,2051,223
3197,2080,248,16,0,2030,469,2051,200
3197,2081,76,-48,0,2031,335,2050,165
3198,2070,285,0,96,2030,251,2051,73
3198,2070,286,32,96,2031,341,2060,373
3198,2071,58,32,96,2031,341,2060,373
3198,2080,184,80,0,2030,243,2060,349
3198,2080,185,-16,0,2040,121,2050,151
3198,2080,191,0,0,2030,251,2051,73
3198,2081,223,80,0,2030,243,2060,349
3198,2081,224,-16,0,2040,121,2050,151
3198,2081,230,-16,0,2030,251,2050,163
3198,2081,237,48,-16,2041,313,2060,373
3199,2081,177,0,0,2040,214,2050,371
3200,2080,307,16,-32,2031,212,2060,173
3200,2080,309,64,0,2030,424,2061,459
3200,2081,71,16,-16,2031,212,2060,173
3200,2081,73,64,-16,2030,424,2061,459
3202,2080,483,32,-16,2040,228,2060,183
3202,2080,488,0,0,2030,327,2050,452
3202,2081,417,32,-16,2040,228,2060,183
3202,2081,422,16,0,2031,151,2050,452
3203,2080,321,48,16,2030,86,2050,154
3203,2080,328,64,-16,2030,92,2060,193
3203,2080,333,0,-16,2040,377,2050,164
3203,2081,116,-160,-16,2031,218,2051,286
3203,2081,123,64,-32,2030,92,2060,193
3203,2081,128,0,-16,2040,377,2050,164
3204,2080,405,48,0,2031,163,2060,202
3204,2081,341,48,-16,2031,163,2060,202
3205,2080,396,80,0,2041,432,2060,175
3205,2080,405,48,-16,2041,446,2060,185
3205,2080,419,64,-16,2040,256,2060,205
3205,2081,502,80,-16,2041,432,2060,175
3205,2081,512,48,-16,2041,446,2060,185
3205,2081,527,64,-32,2040,256,2060,205
3206,2071,568,16,32,2041,481,2060,172
3206,2080,353,16,-48,2041,481,2060,172
3206,2080,357,48,-32,2030,270,2060,177
3206,2081,549,16,-64,2041,481,2060,172
3206,2081,552,48,0,2030,270,2060,177
3207,2080,363,-16,16,2030,57,2050,273
3207,2080,365,-32,0,2031,123,2050,275
3207,2080,372,96,16,2030,64,2060,176
3207,2080,383,-48,32,2040,226,2050,297
3207,2081,432,-16,32,2030,57,2050,273
3207,2081,434,-32,0,2031,123,2050,275
3207,2081,440,96,16,2030,64,2060,176
3207,2081,452,-48,32,2040,226,2050,297
3208,2070,530,16,64,2040,355,2060,131
3208,2070,534,48,96,2031,195,2060,152
3208,2071,59,16,64,2040,355,2060,131
3208,2071,63,48,96,2031,195,2060,152
3208,2080,329,-32,16,2031,206,2050,295
3208,2081,68,16,32,2040,355,2060,131
3208,2081,98,16,-16,2030,443,2050,295
3209,2080,289,128,176,2031,222,2050,336
3210,2080,152,-64,-16,2040,79,2050,48
3210,2080,155,80,0,2031,231,2060,193
3210,2081,3,0,-32,2040,79,2060,191
3210,2081,6,80,-32,2031,231,2060,193
3211,2080,293,48,-16,2031,469,2061,138
3211,2080,298,-48,0,2031,473,2050,259
3211,2081,651,48,-16,2031,469,2061,138
3211,2081,656,-48,16,2031,473,2050,259
3212,2080,228,0,0,2030,259,2060,100
3212,2081,377,0,32,2030,259,2060,100
3213,2080,321,0,-32,2031,249,2050,367
3213,2080,335,0,-16,2030,189,2050,382
3213,2081,432,0,0,2031,249,2050,367
3213,2081,445,0,0,2030,189,2050,382
3214,2080,372,0,0,2040,433,2050,173
3214,2081,120,0,0,2041,504,2050,151
3214,2081,135,0,-16,2040,433,2050,173
3215,2080,450,-32,-32,2031,550,2050,409
3215,2080,460,-16,-32,2040,153,2060,510
3215,2081,313,-32,-64,2031,550,2050,409
3215,2081,323,-16,-32,2040,153,2060,510
3217,2070,330,-64,48,2030,156,2051,384
3217,2070,333,0,64,2030,161,2050,30
3217,2071,435,32,64,2040,205,2060,73
3217,2080,360,-96,-32,2030,156,2060,62
3217,2080,361,-16,0,2030,158,2050,25
3217,2080,366,16,0,2031,115,2050,30
3217,2080,367,-48,0,2040,205,2050,32
3217,2081,414,-96,-32,2030,156,2060,62
3217,2081,415,-16,0,2030,158,2050,25
3217,2081,421,32,-16,2040,202,2050,30
3217,2081,422,-48,0,2040,205,2050,32
3218,2070,280,-16,-16,2030,482,2061,444
3218,2071,148,-48,0,2030,482,2060,359
3218,2080,561,-16,0,2040,162,2051,503
3218,2080,562,-32,0,2040,167,2051,506
3218,2080,572,16,0,2031,399,2050,311
3218,2080,573,-32,16,2031,401,2050,313
3218,2081,115,48,0,2040,162,2060,339
3218,2081,116,-32,0,2040,167,2051,506
3218,2081,126,16,-32,2031,399,2050,311
3218,2081,128,-32,16,2031,401,2050,313
3219,2080,582,-16,-16,2040,366,2050,544
3220,2080,246,32,0,2041,439,2060,565
3220,2081,341,48,0,2040,286,2061,97
3220,2081,358,0,0,2030,397,2051,151
3220,2081,372,32,144,2031,531,2060,572
3221,2080,293,0,0,2041,448,2050,61
3221,2080,301,32,16,2030,365,2060,108
3221,2081,325,16,0,2031,147,2051,240
3221,2081,333,0,-32,2040,407,2050,68
3222,2080,358,0,-16,2040,238,2051,300
3222,2081,179,0,-16,2040,238,2051,300
3224,2080,244,32,0,2031,208,2050,297
3224,2081,131,0,0,2040,411,2050,297
3226,2080,372,0,0,2030,460,2050,417
3226,2080,376,0,-16,2040,79,2050,421
3226,2080,393,16,0,2031,219,2051,289
3226,2081,154,0,-32,2040,79,2050,421
3227,2080,367,64,0,2030,266,2060,155
3227,2081,393,-16,-16,2030,266,2050,290
3228,2080,242,0,0,2030,469,2050,284
3228,2080,243,80,-32,2030,474,2060,329
3228,2080,262,-16,-16,2030,495,2061,147
3228,2081,151,0,16,2030,469,2050,284
3228,2081,152,80,-16,2030,474,2060,329
3228,2081,171,-48,-16,2030,495,2060,356
3229,2070,446,112,192,2040,348,2060,75
3229,2071,457,112,160,2040,348,2060,75
3229,2080,217,112,48,2040,348,2060,75
3229,2080,234,0,0,2041,415,2050,58
3229,2080,239,80,0,2030,334,2060,97
3229,2081,276,112,48,2040,348,2060,75
3229,2081,293,16,0,2030,330,2050,58
3229,2081,297,80,-16,2030,334,2060,97
3230,2080,179,-32,0,2041,199,2051,148
3230,2081,64,-32,0,2041,199,2051,148
3231,2080,167,16,0,2040,384,2060,250
3231,2080,178,0,-16,2040,401,2050,230
3231,2080,188,48,-32,2030,454,2060,277
3231,2081,329,0,0,2030,431,2050,216
3231,2081,340,0,-16,2040,401,2050,230
3231,2081,351,48,-32,2030,454,2060,277
3232,2070,359,-96,32,2031,207,2060,170
3232,2080,245,-144,-16,2031,207,2050,298
3232,2081,427,-144,-16,2031,207,2050,298
3233,2080,318,-48,0,2040,204,2051,285
3233,2080,328,48,-32,2040,223,2060,359
3233,2081,169,-48,0,2040,204,2051,285
3233,2081,182,48,-32,2040,223,2060,359
3234,2080,261,48,0,2040,139,2060,289
3234,2080,267,-48,0,2031,349,2050,193
3234,2081,406,64,0,2030,513,2060,289
3234,2081,413,-48,0,2031,349,2050,193
3235,2080,286,-64,80,2040,160,2061,100
3235,2081,130,-64,64,2040,160,2061,100
3236,2080,394,32,0,2030,137,2050,357
3236,2080,407,144,-32,2041,459,2050,369
3236,2081,260,32,0,2030,137,2050,357
3236,2081,274,144,-32,2041,459,2050,369
3237,2080,436,48,-16,2040,242,2060,207
3237,2081,106,48,-64,2040,242,2060,207
3238,2080,117,48,0,2030,266,2060,188
3238,2080,126,48,-48,2040,318,2060,203
3238,2081,340,64,0,2040,303,2060,188
3238,2081,349,48,-64,2040,318,2060,203
3240,2080,306,16,-16,2030,478,2050,269
3240,2081,440,48,-32,2031,137,2050,269
3241,2080,182,0,0,2040,117,2051,84
3241,2081,442,0,0,2040,117,2051,84
3241,2081,451,0,0,2030,275,2050,166
3243,2070,503,16,64,2041,463,2060,227
3243,2071,544,16,48,2041,463,2060,227
3243,2080,419,48,-32,2031,194,2060,227
3243,2080,421,32,0,2031,195,2050,310
3243,2081,527,48,-32,2031,194,2060,227
3243,2081,528,32,-16,2031,195,2050,310
3245,2080,165,-32,0,2030,330,2050,215
3245,2080,185,16,0,2040,426,2060,274
3245,2081,103,-16,0,2030,330,2051,135
3245,2081,123,48,0,2030,350,2060,274
3246,2070,456,32,64,2030,547,2060,192
3246,2071,122,32,80,2030,547,2060,192
3246,2080,413,16,0,2041,274,2050,375
3246,2080,423,0,0,2030,563,2051,247
3246,2081,585,16,0,2041,274,2050,375
3246,2081,595,-16,-16,2030,563,2050,390
3247,2070,452,32,192,2030,378,2060,143
3247,2080,298,16,-16,2041,422,2060,142
3247,2081,111,16,-16,2041,422,2060,142
3248,2080,342,0,0,2030,577,2050,252
3248,2080,348,16,32,2030,581,2060,389
3248,2080,349,0,16,2031,428,2050,261
3248,2081,540,0,0,2030,577,2050,252
3248,2081,545,16,16,2030,581,2060,389
3248,2081,546,0,-16,2031,428,2050,261
3249,2070,481,0,80,2040,550,2051,429
3249,2071,136,0,-48,2040,550,2051,429
3249,2080,398,0,-32,2040,550,2051,429
3249,2081,455,0,-16,2040,525,2050,155
3249,2081,466,0,-16,2040,550,2051,429
3250,2080,324,16,0,2030,44,2050,141
3250,2080,346,-112,64,2040,124,2060,196
3250,2081,429,16,0,2030,44,2050,141
3250,2081,450,-112,48,2040,124,2060,196
3251,2070,351,-16,64,2040,322,2060,276
3251,2071,549,-16,48,2040,322,2060,276
3251,2080,451,48,0,2030,157,2060,266
3251,2081,130,-16,0,2030,157,2050,385
3253,2080,290,16,0,2031,356,2050,210
3253,2080,302,-16,16,2030,416,2050,225
3253,2081,133,16,-16,2031,356,2050,210
3253,2081,135,0,-16,2040,490,2050,215
3254,2080,336,-16,0,2031,121,2051,296
3254,2081,418,0,0,2040,192,2050,162
3255,2070,516,16,80,2031,407,2050,225
3255,2071,524,16,96,2031,407,2050,225
3255,2080,311,16,0,2031,407,2050,225
3255,2081,142,16,0,2031,407,2050,225
3256,2070,509,16,64,2031,419,2051,184
3256,2071,141,16,48,2031,419,2051,184
3256,2080,227,0,0,2031,405,2051,176
3256,2080,237,0,-16,2030,379,2050,157
3256,2080,245,-16,0,2040,495,2050,161
3256,2081,340,-16,0,2031,405,2050,148
3256,2081,350,0,-32,2030,379,2050,157
3256,2081,356,-16,-16,2040,495,2050,161
3257,2080,254,80,0,2031,361,2060,401
3257,2081,286,80,-32,2031,361,2060,401
3258,2070,278,32,80,2040,132,2060,383
3258,2071,53,32,64,2040,132,2060,383
3258,2080,249,0,0,2031,364,2050,186
3258,2081,424,0,-16,2031,364,2050,186
3259,2080,355,0,-96,2031,145,2051,296
3259,2081,74,0,-64,2031,145,2051,296
3260,2080,492,-16,0,2040,150,2050,301
3260,2080,510,32,-32,2041,428,2060,229
3260,2080,520,64,-16,2030,134,2060,239
3260,2081,576,-16,0,2040,150,2050,301
3260,2081,595,32,-32,2041,428,2060,229
3260,2081,605,64,-16,2030,134,2060,239
3261,2080,205,32,-48,2030,527,2050,172
3261,2081,255,32,-48,2030,527,2050,172
3262,2080,223,16,0,2031,314,2050,155
3262,2081,414,0,16,2030,445,2050,155
3263,2080,235,80,-16,2040,316,2060,97
3263,2081,391,80,-32,2040,316,2060,97
3265,2080,233,48,-16,2040,153,2060,323
3265,2080,236,64,0,2040,156,2060,325
3265,2081,454,48,0,2040,153,2060,323
3265,2081,457,80,0,2031,281,2060,325
3266,2070,291,0,64,2041,186,2061,92
3266,2071,438,0,64,2041,186,2061,92
3266,2080,264,16,-16,2040,350,2061,92
3266,2080,265,-16,-16,2031,390,2050,236
3266,2081,150,-48,16,2040,350,2051,62
3266,2081,151,-16,-16,2031,390,2050,236
3267,2080,454,32,-16,2040,205,2060,162
3267,2081,522,32,0,2040,205,2060,162
3268,2071,187,-144,32,2031,108,2060,69
3268,2080,307,-160,-48,2031,108,2061,40
3268,2081,198,-160,-64,2031,108,2061,40
3269,2080,191,16,0,2031,309,2050,155
3269,2080,197,16,0,2040,243,2050,158
3269,2080,205,32,0,2040,248,2050,165
3269,2081,386,16,0,2031,309,2050,155
3269,2081,392,16,-16,2040,243,2050,158
3269,2081,400,16,16,2030,360,2050,165
3270,2070,464,0,96,2040,93,2050,126
3270,2071,467,0,96,2040,93,2050,126
3270,2080,209,0,-32,2040,93,2050,126
3270,2081,344,0,-32,2040,93,2050,126
3271,2080,480,64,16,2030,144,2050,444
3271,2081,104,64,16,2030,144,2050,444
3273,2080,248,64,0,2040,301,2060,428
3273,2080,270,48,-48,2041,524,2060,455
3273,2081,345,64,-16,2040,301,2060,428
3274,2080,332,48,0,2030,55,2060,147
3274,2081,225,-16,0,2030,55,2050,255
3276,2070,494,96,160,2040,339,2060,96
3276,2071,505,96,192,2040,339,2060,96
3276,2080,272,96,-128,2040,339,2060,96
3276,2080,277,0,0,2030,396,2050,63
3276,2080,281,0,-16,2031,149,2050,67
3276,2080,282,80,-16,2040,357,2060,105
3276,2081,304,96,-112,2040,339,2060,96
3276,2081,310,0,0,2030,396,2050,63
3276,2081,313,0,0,2031,149,2050,67
3276,2081,315,80,0,2040,357,2060,105
3277,2080,454,64,224,2031,220,2060,184
3277,2081,63,64,208,2031,220,2060,184
3278,2080,301,0,-32,2040,213,2050,259
3278,2080,320,0,0,2040,238,2050,283
3278,2080,326,0,0,2040,250,2050,294
3278,2080,327,0,0,2041,149,2051,104
3278,2081,153,0,-32,2040,213,2050,259
3278,2081,172,0,0,2040,238,2050,283
3278,2081,178,0,0,2040,250,2050,294
3278,2081,179,-16,0,2030,500,2050,296
3279,2080,437,64,-16,2030,153,2060,235
3279,2080,438,64,-16,2030,156,2060,237
3279,2081,117,64,-16,2030,153,2060,235
3279,2081,119,64,-32,2030,156,2060,237
3280,2071,481,0,32,2030,446,2050,154
3280,2080,236,0,-16,2030,446,2050,154
3280,2080,246,80,-48,2031,322,2060,278
3280,2081,349,0,-16,2030,446,2050,154
3280,2081,358,80,-32,2031,322,2060,278
3281,2080,181,0,0,2030,303,2050,146
3281,2081,413,-16,0,2031,259,2051,71
3281,2081,421,0,16,2030,303,2050,146
3282,2080,486,48,-32,2040,414,2060,321
3282,2080,503,16,16,2040,434,2050,469
3282,2080,508,16,16,2030,204,2050,477
3282,2081,151,48,-32,2040,414,2060,321
3282,2081,168,16,64,2040,434,2050,469
3282,2081,172,16,0,2030,204,2050,477
3283,2080,445,48,-16,2031,338,2060,303
3283,2080,453,16,160,2040,118,2060,306
3283,2080,468,16,-16,2040,145,2050,293
3283,2081,512,32,0,2040,112,2060,303
3283,2081,533,16,-16,2040,145,2050,293
3284,2080,250,80,-32,2031,359,2060,323
3284,2081,293,48,-16,2030,394,2060,323
3285,2080,213,0,0,2030,506,2051,129
3285,2080,220,-32,16,2040,289,2050,186
3285,2081,469,0,-16,2031,392,2050,181
3286,2070,497,-144,0,2030,124,2060,309
3286,2080,223,-144,-80,2030,124,2060,309
3286,2080,236,0,0,2040,566,2051,207
3286,2080,247,32,0,2030,154,2060,337
3286,2081,446,-144,-80,2030,124,2060,309
3286,2081,461,0,-16,2040,566,2051,207
3286,2081,471,-16,0,2031,386,2050,304
3287,2071,458,0,48,2030,295,2061,198
3287,2080,340,16,0,2031,164,2061,198
3287,2080,369,32,0,2031,196,2060,161
3287,2081,102,32,0,2041,394,2061,198
3287,2081,131,32,-32,2031,196,2060,161
3288,2080,367,64,-16,2031,239,2060,200
3288,2081,136,64,-32,2031,239,2060,200
3289,2080,218,0,0,2041,462,2050,263
3289,2081,138,0,0,2041,462,2050,263
3291,2070,324,32,128,2030,342,2051,239
3291,2080,371,32,48,2030,342,2051,239
3291,2080,376,32,0,2031,138,2050,432
3291,2081,100,32,48,2030,342,2051,239
3291,2081,106,32,16,2031,138,2050,432
3292,2080,194,16,16,2031,337,2060,296
3292,2081,374,16,0,2031,337,2060,296
3293,2080,410,-80,-48,2031,268,2060,314
3293,2081,232,-80,-48,2031,268,2060,314
3295,2080,474,16,-32,2031,245,2050,300
3295,2080,480,48,0,2031,260,2060,219
3295,2080,487,64,0,2030,173,2060,225
3295,2081,334,16,-32,2031,245,2050,300
3295,2081,345,64,0,2030,173,2060,225
3296,2080,398,48,0,2031,165,2050,375
3296,2081,104,48,0,2031,165,2050,375
3298,2080,383,32,16,2030,114,2061,316
3299,2080,468,32,0,2040,292,2050,422
3299,2080,476,-96,-16,2030,396,2050,434
3299,2081,217,32,-16,2040,292,2050,422
3299,2081,224,-96,16,2030,396,2050,434
3300,2080,424,32,-16,2040,282,2060,242
3300,2080,433,-128,-32,2030,479,2050,399
3300,2080,448,32,0,2041,351,2060,266
3300,2081,171,-128,-32,2030,479,2050,399
3300,2081,188,0,0,2040,309,2050,409
3301,2080,318,0,-32,2040,263,2051,345
3301,2080,339,80,0,2031,200,2060,162
3301,2081,85,0,-32,2040,263,2051,345
3302,2080,318,-32,0,2031,282,2050,376
3302,2080,321,128,-32,2041,148,2050,379
3302,2080,330,0,0,2041,154,2050,389
3302,2081,72,-32,0,2031,282,2050,376
3302,2081,75,128,-48,2041,148,2050,379
3302,2081,83,0,-16,2041,154,2050,389
3303,2080,327,16,-16,2031,373,2050,290
3303,2080,342,0,-16,2041,203,2051,150
3303,2080,345,-16,0,2040,122,2050,309
3303,2080,347,0,16,2041,210,2051,155
3303,2080,349,64,0,2030,75,2060,448
3303,2081,273,0,-16,2041,203,2051,150
3303,2081,276,-16,-16,2040,122,2050,309
3303,2081,278,-16,0,2041,210,2050,313
3303,2081,279,64,0,2030,75,2060,448
3305,2080,373,80,0,2041,444,2060,145
3305,2081,48,80,-32,2041,444,2060,145
3306,2080,455,128,0,2030,81,2050,424
3306,2080,464,-32,-16,2031,132,2061,249
3306,2081,299,128,0,2030,81,2050,424
3306,2081,307,-32,-16,2031,132,2061,249
3308,2080,399,64,-48,2040,250,2060,211
3308,2080,403,-16,0,2031,189,2050,364
3308,2080,415,-16,0,2041,171,2050,382
3308,2080,416,0,0,2040,273,2051,320
3308,2081,332,64,-64,2040,250,2060,211
3308,2081,336,16,0,2030,129,2050,364
3308,2081,346,-16,-16,2041,171,2050,382
3308,2081,347,-16,-16,2040,273,2050,386
3310,2080,253,-144,-32,2030,138,2060,194
3310,2081,328,-144,-64,2030,138,2060,194
3311,2070,415,0,64,2040,397,2051,142
3311,2080,173,16,-16,2030,443,2060,336
3311,2080,180,64,-16,2041,261,2060,341
3311,2080,205,16,0,2041,283,2051,142
3311,2081,221,64,-16,2041,261,2060,341
3311,2081,246,16,-16,2041,283,2051,142
3312,2080,321,-16,-16,2040,516,2050,151
3312,2080,332,48,-16,2040,525,2060,192
3312,2081,262,-16,-16,2040,516,2050,151
3312,2081,273,48,-16,2040,525,2060,192
3313,2070,312,0,64,2040,300,2060,264
3313,2080,441,0,-16,2040,300,2060,264
3313,2081,122,0,-32,2040,300,2060,264
3314,2070,279,0,48,2040,178,2060,412
3314,2071,387,0,48,2040,178,2060,412
3314,2080,361,-48,0,2040,178,2050,336
3314,2081,304,-48,0,2040,178,2050,336
3316,2080,448,-32,-16,2040,306,2050,362
3316,2081,70,-32,-16,2040,306,2050,362
3317,2080,323,48,-48,2040,270,2060,106
3317,2080,325,-16,0,2030,239,2050,185
3317,2081,80,48,-32,2040,270,2060,106
3317,2081,82,64,0,2030,239,2060,107
3318,2080,375,64,-48,2040,297,2060,165
3318,2081,267,64,-48,2040,297,2060,165
3319,2080,157,0,16,2040,198,2061,61
3319,2080,162,16,0,2030,304,2050,136
3319,2080,165,-16,-16,2040,210,2051,83
3319,2081,100,0,0,2040,198,2061,61
3319,2081,105,16,0,2030,304,2050,136
3319,2081,108,-48,0,2040,210,2050,137
3320,2080,408,48,0,2040,109,2060,257
3320,2080,439,-80,-112,2031,332,2050,401
3320,2081,80,80,0,2031,297,2060,257
3320,2081,106,-80,-144,2031,332,2050,401
3321,2080,291,0,0,2030,60,2051,213
3321,2081,184,0,0,2030,60,2051,213
3322,2080,326,80,0,2031,44,2060,85
3322,2080,327,0,16,2041,258,2050,188
3322,2080,334,64,0,2031,50,2060,90
3322,2081,217,96,0,2030,410,2060,85
3322,2081,224,80,0,2030,412,2060,90
3323,2080,229,16,-16,2040,92,2060,269
3323,2081,366,0,-16,2031,294,2050,116
3323,2081,386,16,-32,2040,92,2060,269
3324,2080,207,0,-16,2031,279,2050,130
3324,2080,209,80,-16,2040,82,2060,331
3324,2080,214,128,48,2031,288,2060,336
3324,2081,430,0,-32,2031,279,2050,130
3324,2081,432,80,-32,2040,82,2060,331
3324,2081,438,128,32,2031,288,2060,336
3325,2080,341,0,0,2040,489,2051,214
3326,2080,439,32,-16,2040,172,2060,252
3326,2080,442,96,0,2031,222,2060,260
3327,2080,282,16,-32,2031,172,2050,101
3327,2081,408,16,-16,2031,172,2050,101
3330,2071,177,0,80,2040,333,2051,425
3330,2080,541,0,-16,2040,333,2051,425
3330,2080,546,80,0,2041,192,2060,292
3330,2080,554,48,0,2030,148,2060,310
3330,2081,641,-32,0,2040,333,2050,498
3330,2081,646,80,16,2041,192,2060,292
3330,2081,655,64,-32,2040,347,2060,310
3332,2080,488,0,0,2040,187,2050,449
3332,2081,60,0,0,2040,187,2050,449
3333,2080,236,64,0,2041,371,2060,289
3333,2080,239,112,-16,2031,334,2060,293
3333,2081,434,64,0,2041,371,2060,289
3333,2081,438,96,16,2030,478,2060,293
3334,2080,203,-64,-16,2030,305,2060,367
3334,2081,258,-48,16,2040,67,2050,110
3334,2081,269,-128,0,2030,305,2050,124
3335,2070,554,0,96,2040,79,2051,319
3335,2070,562,-144,256,2040,119,2050,209
3335,2071,72,0,96,2040,79,2051,319
3335,2071,78,-144,240,2040,119,2050,209
3335,2080,383,0,-16,2040,79,2051,319
3335,2080,410,0,-16,2040,115,2050,205
3335,2080,415,-48,160,2031,290,2050,209
3335,2080,416,0,0,2031,291,2050,211
3335,2081,453,-32,0,2040,79,2050,164
3335,2081,482,0,-32,2040,115,2050,205
3335,2081,486,-48,160,2031,290,2050,209
3335,2081,487,48,0,2030,449,2050,211
3336,2080,277,64,48,2041,364,2050,329
3336,2081,86,64,64,2041,364,2050,329
3337,2080,188,32,-32,2041,312,2060,403
3337,2080,202,80,0,2040,254,2060,416
3337,2081,370,16,-16,2030,487,2051,111
3337,2081,372,32,-16,2041,312,2060,403
3337,2081,385,80,0,2040,254,2060,416
3338,2070,435,80,80,2040,176,2060,143
3338,2071,443,80,64,2040,176,2060,143
3338,2080,363,96,-16,2031,103,2060,143
3338,2080,374,-16,0,2031,111,2050,291
3338,2081,209,96,0,2031,103,2060,143
3338,2081,220,-16,0,2031,111,2050,291
3339,2080,343,0,0,2040,232,2050,386
3339,2081,91,0,0,2040,232,2050,386
3340,2080,347,80,0,2030,533,2060,130
3340,2080,350,0,0,2030,535,2050,92
3340,2080,352,48,0,2040,382,2060,137
3340,2080,372,32,16,2031,211,2050,125
3340,2081,258,80,0,2030,533,2060,130
3340,2081,261,0,0,2030,535,2050,92
3340,2081,263,48,0,2040,382,2060,137
3340,2081,284,32,16,2031,211,2050,125
3341,2070,537,0,96,2030,489,2051,147
3341,2080,232,-32,0,2030,479,2050,190
3341,2080,241,0,32,2030,489,2051,147
3341,2081,597,0,0,2030,479,2051,131
3341,2081,607,0,16,2030,489,2051,147
3342,2080,168,0,0,2031,301,2050,217
3342,2081,68,16,-16,2040,358,2050,217
3343,2080,364,0,0,2031,228,2050,404
3343,2081,537,16,0,2041,462,2050,404
3344,2070,431,0,96,2041,401,2051,351
3344,2071,188,0,64,2041,401,2051,351
3344,2080,298,64,0,2031,492,2060,531
3344,2080,314,48,0,2040,259,2060,553
3344,2080,317,-16,-16,2041,401,2050,177
3344,2081,198,0,0,2030,445,2050,147
3344,2081,214,48,0,2040,259,2060,553
3344,2081,217,-16,-16,2041,401,2050,177
3345,2080,298,64,-16,2030,166,2060,365
3345,2081,443,64,0,2030,166,2060,365
3346,2081,303,0,0,2031,142,2050,508
3348,2070,558,16,64,2031,376,2061,420
3348,2071,105,16,64,2031,376,2061,420
3348,2080,279,-32,0,2031,376,2050,185
3348,2080,292,96,0,2031,397,2050,198
3348,2081,109,-32,0,2031,376,2050,185
3348,2081,120,96,-16,2031,397,2050,198
3349,2070,178,96,80,2030,59,2051,189
3349,2071,47,96,80,2030,59,2051,189
3349,2080,371,-16,0,2030,58,2050,342
3349,2081,214,16,0,2040,93,2050,342
3351,2080,173,0,0,2030,0,2051,35
3352,2070,409,0,64,2031,312,2051,111
3352,2071,349,0,64,2031,312,2051,111
3352,2080,216,0,0,2031,302,2050,182
3352,2080,221,-32,0,2031,312,2050,186
3352,2081,474,0,-48,2031,302,2050,182
3352,2081,479,-32,-16,2031,312,2050,186
3353,2080,400,96,0,2030,140,2060,495
3353,2080,416,64,-32,2040,199,2060,512
3353,2081,101,96,-16,2030,140,2060,495
3353,2081,118,64,0,2040,199,2060,512
3354,2070,353,48,64,2040,210,2060,122
3354,2080,285,0,-16,2031,167,2050,90
3354,2081,374,0,-32,2031,167,2050,90
3355,2080,431,-64,-16,2031,247,2051,103
3355,2080,434,0,16,2041,336,2050,479
3355,2081,401,-64,-32,2031,247,2051,103
3355,2081,403,0,-16,2041,336,2050,479
3355,2081,415,-32,0,2040,182,2050,498
3356,2070,446,16,32,2030,58,2061,330
3356,2080,287,16,-16,2040,169,2050,251
3356,2081,362,16,-32,2040,169,2050,251
3357,2080,336,16,-32,2040,274,2050,310
3357,2080,337,0,0,2041,201,2051,174
3357,2080,350,64,0,2031,422,2060,388
3357,2081,109,0,0,2031,402,2050,310
3357,2081,110,0,0,2040,275,2050,311
3357,2081,121,80,0,2040,294,2060,388
3359,2080,555,0,0,2040,193,2050,519
3359,2081,456,0,-48,2040,193,2050,519
3360,2080,396,32,16,2030,237,2050,365
3360,2080,402,32,0,2031,273,2060,308
3360,2081,72,32,-16,2030,237,2050,365
3360,2081,78,-32,16,2031,273,2050,369
3361,2070,289,-144,32,2030,324,2060,204
3361,2070,292,64,80,2030,332,2060,209
3361,2071,461,-144,48,2030,324,2060,204
3361,2080,396,-144,-48,2030,324,2060,204
3361,2080,398,-16,0,2030,328,2050,367
3361,2080,400,64,-16,2030,332,2060,209
3361,2081,471,-144,-48,2030,324,2060,204
3361,2081,473,-16,-16,2030,328,2050,367
3361,2081,475,64,0,2030,332,2060,209
3362,2080,203,16,32,2040,68,2050,126
3362,2080,212,-16,-16,2041,371,2050,141
3362,2081,412,16,32,2040,68,2050,126
3362,2081,423,-16,0,2041,371,2050,141
3363,2080,283,-32,-16,2040,394,2050,207
3363,2080,304,-160,-32,2040,425,2050,229
3363,2081,92,-32,-16,2040,394,2050,207
3363,2081,113,-160,-16,2040,425,2050,229
3365,2080,454,32,0,2041,253,2050,411
3365,2080,465,0,0,2031,333,2051,224
3365,2080,475,32,0,2031,341,2060,385
3365,2081,110,32,0,2041,253,2050,411
3365,2081,120,32,0,2031,331,2050,419
3365,2081,133,32,-16,2031,341,2060,385
3366,2070,257,80,112,2031,419,2060,379
3366,2071,454,80,112,2031,419,2060,379
3366,2080,283,80,0,2031,411,2060,366
3366,2080,291,-16,-16,2031,422,2050,345
3366,2081,190,80,-16,2031,411,2060,366
3366,2081,198,32,0,2030,65,2050,345
3367,2080,160,80,16,2031,255,2050,85
3367,2081,190,80,0,2031,255,2050,85
3369,2070,335,0,64,2041,297,2060,190
3369,2071,455,0,64,2041,297,2060,190
3370,2080,392,-16,0,2040,259,2051,342
3370,2080,398,48,0,2031,480,2060,435
3370,2081,174,0,0,2030,527,2050,302
3370,2081,179,0,0,2030,528,2050,305
3371,2070,230,48,208,2040,137,2060,361
3371,2071,549,48,192,2040,137,2060,361
3371,2080,460,48,-32,2040,137,2060,361
3371,2081,285,48,-32,2040,137,2060,361
3372,2080,339,16,-32,2031,193,2051,95
3372,2081,121,16,-32,2031,193,2051,95
3373,2080,429,0,-16,2031,278,2050,393
3373,2081,102,-32,0,2031,278,2051,189
3374,2070,415,-32,144,2040,264,2060,109
3374,2080,319,-32,32,2040,264,2060,109
3374,2081,219,80,-32,2031,138,2060,104
3374,2081,227,-32,48,2040,264,2060,109
3376,2070,482,0,48,2031,224,2060,258
3376,2071,126,0,32,2031,224,2060,258
3376,2080,376,-48,16,2040,295,2050,335
3376,2080,383,80,0,2030,193,2060,263
3376,2081,139,0,-32,2040,291,2050,333
3376,2081,141,-48,0,2040,295,2050,335
3376,2081,148,80,-16,2030,193,2060,263
3377,2080,226,0,-48,2040,100,2060,264
3377,2081,369,0,-64,2040,100,2060,264
3379,2080,287,0,0,2031,254,2050,330
3379,2081,434,16,-16,2030,462,2050,330
3380,2080,264,0,-16,2031,388,2050,189
3380,2081,311,0,-16,2031,388,2050,189
3381,2080,218,0,0,2030,469,2051,109
3382,2080,356,32,-32,2040,301,2060,258
3382,2080,364,32,16,2030,173,2060,269
3382,2081,533,32,-48,2040,301,2060,258
3382,2081,540,48,0,2031,224,2060,269
3383,2080,276,0,-16,2030,312,2050,194
3383,2080,277,0,0,2030,313,2050,195
3383,2080,279,16,-32,2030,315,2051,235
3383,2080,282,48,0,2030,317,2060,471
3383,2081,109,0,-16,2030,312,2050,194
3383,2081,110,0,0,2030,313,2050,195
3383,2081,112,16,-32,2030,315,2051,235
3383,2081,114,48,-16,2030,317,2060,471
3383,2081,144,80,0,2041,417,2050,231
3386,2080,140,-16,0,2040,339,2060,223
3386,2080,151,16,-16,2041,422,2050,200
3386,2080,153,16,16,2031,279,2051,102
3386,2080,158,32,-16,2031,283,2060,240
3386,2080,159,64,0,2041,430,2060,242
3386,2081,57,-16,-16,2040,339,2060,223
3386,2081,66,16,-16,2041,422,2050,200
3386,2081,67,16,0,2031,279,2051,102
3386,2081,73,64,0,2041,430,2060,242
3387,2080,334,16,0,2040,442,2050,391
3387,2081,300,16,0,2040,442,2050,391
3388,2080,306,-16,0,2030,371,2050,80
3388,2081,338,-16,0,2030,371,2050,80
3389,2070,501,48,80,2040,181,2060,365
3389,2071,591,48,64,2040,181,2060,365
3389,2080,291,64,-16,2040,132,2060,323
3389,2080,309,16,0,2030,560,2050,203
3389,2080,318,16,0,2030,575,2050,219
3389,2081,503,64,-32,2040,132,2060,323
3389,2081,524,16,0,2030,560,2050,203
3389,2081,534,16,-16,2030,575,2050,219
3389,2081,538,-16,-16,2040,181,2050,224
3390,2080,217,32,0,2030,397,2050,185
3390,2081,123,32,-16,2030,397,2050,185
3391,2070,527,32,64,2031,361,2060,401
3391,2071,538,32,48,2031,361,2060,401
3391,2080,257,16,-16,2030,101,2050,219
3391,2080,260,32,-32,2031,361,2060,401
3391,2081,436,16,-16,2030,101,2050,219
3391,2081,438,32,-32,2031,361,2060,401
3393,2071,460,-48,112,2040,165,2050,415
3393,2080,367,-48,16,2040,165,2050,415
3393,2080,370,0,0,2030,51,2050,416
3393,2080,395,112,-32,2030,80,2060,162
3393,2081,244,-48,32,2040,165,2050,415
3393,2081,247,0,0,2030,51,2050,416
3393,2081,271,112,-16,2030,80,2060,162
3394,2080,391,-16,0,2030,140,2050,438
3396,2080,171,64,0,2030,398,2060,253
3396,2081,524,64,0,2030,398,2060,253
3397,2080,150,0,0,2031,257,2051,94
3397,2080,155,0,16,2030,230,2050,124
3397,2081,366,-16,0,2031,257,2050,119
3397,2081,371,0,32,2030,230,2050,124
3398,2080,381,-16,0,2041,231,2050,347
3398,2081,187,48,0,2041,231,2060,266
3399,2080,432,32,-64,2031,210,2060,247
3399,2080,433,16,0,2030,122,2050,383
3399,2081,83,32,-32,2031,210,2060,247
3399,2081,84,16,-16,2030,122,2050,383
3400,2080,381,0,0,2040,247,2051,49
3400,2080,391,32,-48,2031,186,2050,355
3400,2081,452,32,16,2031,186,2050,355
3402,2070,281,0,-128,2040,239,2060,491
3402,2071,116,0,16,2040,239,2060,491
3402,2080,402,-48,32,2031,459,2050,365
3402,2081,139,-48,32,2031,459,2050,365
3403,2080,348,0,-16,2030,184,2050,312
3403,2080,368,0,0,2040,244,2050,330
3403,2081,143,0,0,2030,184,2050,312
3403,2081,161,0,-16,2040,244,2050,330
3404,2080,450,16,16,2041,143,2050,350
3404,2080,457,-128,0,2040,290,2050,362
3404,2080,473,0,16,2031,219,2050,382
3404,2081,520,16,-16,2041,143,2050,350
3404,2081,527,-128,-16,2040,290,2050,362
3404,2081,541,0,16,2031,219,2050,382
3404,2081,543,-128,208,2030,132,2060,265
3405,2071,100,0,96,2030,323,2050,114
3405,2080,295,0,-16,2030,323,2050,114
3405,2081,485,0,-32,2030,323,2050,114
3406,2080,369,80,0,2040,446,2060,179
3406,2081,115,64,192,2040,410,2050,239
3406,2081,141,80,-16,2040,446,2060,179
3407,2070,400,48,80,2030,169,2060,267
3407,2080,334,-32,0,2031,237,2050,100
3407,2080,338,0,64,2041,204,2061,437
3407,2081,138,-32,16,2031,237,2050,100
3407,2081,142,0,0,2041,204,2061,437
3409,2070,311,16,64,2040,283,2060,358
3409,2071,591,16,48,2040,283,2060,358
3409,2080,442,32,0,2030,566,2060,358
3409,2080,450,32,-32,2030,581,2060,369
3409,2081,126,-16,0,2030,566,2051,165
3409,2081,134,32,-48,2030,581,2060,369
3411,2070,244,48,64,2031,130,2060,97
3411,2080,328,16,0,2031,106,2051,292
3411,2080,329,0,0,2040,205,2051,294
3411,2080,342,16,32,2031,122,2050,280
3411,2080,345,64,0,2030,68,2060,97
3411,2080,349,0,0,2031,137,2050,283
3411,2081,356,16,0,2031,106,2051,292
3411,2081,357,0,0,2041,163,2050,268
3411,2081,369,16,16,2031,122,2050,280
3411,2081,372,64,0,2030,68,2060,97
3411,2081,377,0,-16,2031,137,2050,283
3412,2080,539,0,0,2040,433,2051,489
3412,2081,188,16,0,2041,386,2051,489
3413,2080,242,32,0,2030,366,2060,116
3413,2081,333,48,-16,2031,163,2060,116
3414,2080,279,48,16,2040,347,2061,189
3414,2080,304,0,0,2031,452,2050,265
3414,2081,467,48,16,2040,347,2061,189
3414,2081,489,0,0,2031,452,2050,265
3416,2080,421,-16,0,2031,104,2050,388
3416,2080,424,0,-16,2030,76,2050,392
3416,2081,302,-16,-16,2031,104,2050,388
3416,2081,305,0,0,2030,76,2050,392
3418,2070,392,32,64,2040,438,2061,111
3418,2071,546,32,48,2040,438,2061,111
3418,2080,343,-16,-48,2030,270,2050,305
3418,2080,352,-32,16,2041,220,2050,312
3418,2081,173,-16,-64,2030,270,2050,305
3418,2081,182,-32,-16,2041,220,2050,312
3418,2081,194,0,-16,2040,451,2050,325
3419,2070,511,-32,64,2040,235,2060,414
3419,2071,540,-32,64,2040,235,2060,414
3419,2080,314,16,0,2030,153,2060,410
3419,2080,319,48,-32,2040,234,2060,412
3419,2080,320,-48,-32,2040,235,2050,281
3419,2080,325,16,0,2040,241,2050,284
3419,2081,91,48,-64,2040,234,2060,412
3419,2081,92,-48,-32,2040,235,2050,281
3419,2081,96,16,-16,2040,241,2050,284
3419,2081,106,-16,-32,2031,396,2050,305
3420,2080,194,80,0,2041,385,2060,293
3420,2080,198,0,16,2041,391,2050,155
3420,2080,217,0,16,2030,521,2050,179
3420,2081,458,80,0,2041,385,2060,293
3420,2081,461,0,16,2041,391,2050,155
3420,2081,485,-16,0,2030,521,2051,122
3421,2080,341,64,0,2040,150,2060,121
3421,2080,344,-16,-16,2040,158,2050,385
3421,2081,293,80,0,2030,190,2060,121
3421,2081,296,-16,-16,2040,158,2050,385
3422,2080,338,0,0,2031,180,2050,302
3422,2081,384,0,-32,2031,180,2050,302
3423,2080,423,32,0,2030,217,2050,125
3424,2080,343,16,-16,2041,467,2060,183
3424,2081,505,16,-32,2041,467,2060,183
3425,2071,80,16,64,2031,332,2060,305
3425,2080,218,32,0,2030,428,2060,305
3425,2080,230,32,-16,2040,281,2060,312
3425,2081,144,32,-16,2030,428,2060,305
3425,2081,157,32,-16,2040,281,2060,312
3426,2070,259,0,80,2030,92,2050,411
3426,2071,189,0,80,2030,92,2050,411
3426,2080,450,0,16,2030,92,2050,411
3426,2080,451,80,-32,2041,199,2060,347
3426,2080,464,-16,0,2030,100,2050,433
3426,2080,465,16,0,2031,318,2050,434
3426,2081,271,0,-16,2030,92,2050,411
3426,2081,272,80,-64,2041,199,2060,347
3426,2081,275,0,16,2031,306,2051,67
3426,2081,283,-16,0,2030,100,2050,433
3428,2080,517,-16,0,2040,327,2050,285
3428,2081,152,-16,0,2040,327,2050,285
3429,2080,290,-32,-32,2040,217,2051,262
3429,2080,314,-48,64,2040,257,2061,93
3429,2081,435,-32,-32,2040,217,2051,262
3429,2081,459,-48,48,2040,257,2061,93
3430,2071,519,64,208,2040,200,2051,271
3430,2080,316,64,176,2040,200,2051,271
3430,2080,334,-16,32,2040,222,2050,255
3430,2081,164,64,208,2040,200,2051,271
3430,2081,182,-16,16,2040,222,2050,255
3430,2081,188,-16,-32,2040,228,2050,260
3431,2081,398,48,0,2040,104,2051,47
3432,2080,353,64,0,2030,427,2060,202
3432,2080,377,0,0,2031,274,2050,184
3432,2081,72,-16,0,2030,427,2050,157
3432,2081,97,0,0,2031,274,2050,184
3433,2070,337,48,80,2041,187,2060,270
3433,2071,107,48,64,2041,187,2060,270
3433,2080,447,48,0,2031,212,2060,252
3433,2080,448,64,0,2030,368,2060,254
3433,2080,459,0,0,2030,384,2050,434
3433,2080,461,0,0,2030,385,2050,435
3433,2081,487,-16,0,2031,212,2050,418
3433,2081,488,48,0,2031,214,2060,254
3433,2081,501,0,0,2030,385,2050,435
3434,2070,322,16,64,2040,252,2060,215
3434,2071,448,16,64,2040,252,2060,215
3435,2070,472,16,48,2041,425,2060,161
3435,2080,365,16,-64,2040,185,2060,145
3435,2080,372,-32,-16,2040,193,2050,329
3435,2080,377,-32,0,2040,197,2050,335
3435,2080,388,64,-16,2030,80,2060,175
3435,2081,477,-16,0,2040,184,2050,317
3435,2081,478,16,-48,2040,185,2060,145
3435,2081,483,48,-16,2030,58,2060,154
3435,2081,485,-32,-32,2040,193,2050,329
3435,2081,491,-32,-16,2040,197,2050,335
3435,2081,501,64,-48,2030,80,2060,175
3436,2080,389,-48,-16,2040,247,2050,447
3436,2080,399,32,16,2030,214,2061,136
3436,2081,586,-48,-32,2040,247,2050,447
3436,2081,595,48,0,2031,358,2061,136
3437,2080,345,16,-16,2030,397,2050,307
3437,2080,356,16,0,2040,489,2051,170
3437,2080,358,64,0,2031,250,2060,212
3437,2081,275,16,-16,2030,397,2050,307
3437,2081,286,0,0,2030,409,2050,318
3437,2081,288,96,0,2030,412,2060,212
3438,2080,453,96,0,2030,104,2060,234
3438,2080,476,0,16,2040,175,2050,395
3438,2080,478,64,0,2040,178,2061,508
3438,2081,339,96,-16,2030,104,2060,234
3438,2081,362,64,-16,2040,178,2061,508
3439,2080,243,-16,0,2040,51,2050,162
3439,2080,260,-32,-16,2040,75,2050,176
3439,2080,264,-16,16,2030,128,2050,179
3439,2081,394,0,0,2040,51,2051,196
3439,2081,410,-32,0,2040,75,2050,176
3439,2081,414,-16,16,2030,128,2050,179
3440,2080,252,-32,16,2031,149,2050,89
3440,2080,269,64,0,2030,323,2060,127
3440,2080,277,160,-16,2031,176,2050,106
3440,2081,460,-32,16,2031,149,2050,89
3440,2081,477,64,0,2030,323,2060,127
3442,2080,308,0,0,2030,440,2050,87
3442,2081,410,0,0,2030,440,2050,87
3443,2070,470,0,64,2030,369,2051,94
3443,2071,162,0,80,2030,369,2051,94
3443,2080,166,48,-16,2031,281,2060,242
3443,2080,168,0,0,2041,423,2051,86
3443,2081,384,48,-32,2031,281,2060,242
3443,2081,386,0,0,2041,423,2051,86
3445,2080,210,144,192,2031,288,2050,134
3445,2080,237,16,0,2031,325,2061,515
3445,2081,459,144,160,2031,288,2050,134
3446,2080,171,48,16,2030,263,2060,355
3446,2080,180,32,16,2040,228,2060,364
3446,2081,54,0,0,2040,217,2051,82
3446,2081,61,32,0,2040,228,2060,364
3447,2070,498,0,128,2030,469,2050,357
3447,2071,185,0,96,2030,469,2050,357
3447,2080,276,32,32,2040,388,2060,193
3447,2080,303,16,-96,2031,272,2050,357
3447,2081,544,32,32,2040,388,2060,193
3447,2081,571,0,0,2030,469,2050,357
3448,2080,284,-16,0,2041,480,2050,345
3448,2080,289,-16,0,2040,409,2050,348
3448,2080,295,0,0,2041,491,2050,352
3448,2081,112,-16,0,2041,480,2050,345
3448,2081,115,16,0,2040,409,2051,183
3448,2081,122,0,0,2040,418,2051,187
3449,2080,390,64,0,2040,298,2060,259
3449,2081,188,64,0,2040,298,2060,259
3450,2080,391,48,0,2040,134,2060,171
3450,2080,396,0,0,2040,140,2050,256
3450,2081,459,48,-32,2040,134,2060,171
3451,2080,277,32,0,2031,427,2060,389
3451,2080,291,0,-16,2031,451,2050,264
3451,2081,119,0,-16,2031,451,2050,264
3452,2080,412,48,0,2041,196,2060,344
3452,2081,70,64,0,2030,262,2060,344
3453,2070,327,48,64,2031,241,2061,264
3453,2071,273,48,64,2031,241,2061,264
3453,2080,163,16,0,2031,230,2050,94
3453,2080,172,0,-16,2041,295,2050,103
3453,2080,176,0,0,2030,393,2050,111
3453,2081,342,16,-16,2031,230,2050,94
3453,2081,352,0,-16,2041,295,2050,103
3453,2081,357,0,0,2030,393,2050,111
3454,2070,224,96,160,2040,265,2060,116
3454,2071,1,96,128,2040,265,2060,116
3454,2080,343,64,32,2041,10,2060,109
3454,2080,348,-16,0,2030,445,2050,307
3454,2080,349,-32,0,2041,19,2050,308
3454,2080,353,96,16,2040,265,2060,116
3454,2080,366,0,0,2041,41,2060,126
3454,2081,182,64,32,2041,10,2060,109
3454,2081,186,-16,0,2030,445,2050,307
3454,2081,187,-48,0,2041,19,2051,152
3454,2081,192,96,32,2040,265,2060,116
3454,2081,205,0,0,2031,89,2051,166
3455,2080,167,0,16,2031,101,2051,70
3456,2080,530,0,0,2040,231,2050,361
3456,2080,534,48,0,2031,320,2050,368
3456,2081,596,0,0,2040,231,2050,361
3456,2081,599,48,-16,2031,320,2050,368
3458,2080,415,-32,-16,2031,139,2050,378
3458,2081,204,-16,-16,2031,136,2051,68
3458,2081,209,-32,0,2031,139,2050,378
3459,2080,419,48,-32,2030,247,2060,126
3459,2080,430,-32,-48,2030,256,2050,219
3459,2080,435,64,-16,2040,301,2060,144
3459,2080,440,16,96,2040,312,2050,231
3459,2081,488,48,-16,2030,247,2060,126
3459,2081,499,0,0,2040,297,2051,463
3459,2081,504,64,0,2040,301,2060,144
3459,2081,509,16,80,2040,312,2050,231
3460,2080,465,48,0,2041,302,2060,124
3460,2081,225,32,16,2040,345,2060,124
3461,2080,326,64,0,2040,173,2060,502
3461,2080,335,0,0,2031,471,2050,230
3461,2080,352,0,-16,2040,206,2050,249
3461,2081,116,-16,-32,2040,173,2050,221
3461,2081,125,0,0,2031,471,2050,230
3461,2081,142,0,-16,2040,206,2050,249
3462,2070,486,32,80,2030,120,2060,307
3462,2080,196,80,-16,2030,108,2060,299
3462,2080,207,-32,16,2030,120,2050,167
3462,2081,381,80,-16,2030,108,2060,299
3462,2081,394,-32,16,2030,120,2050,167
3463,2080,303,0,0,2031,147,2050,74
3463,2080,313,0,0,2031,163,2050,89
3463,2080,325,0,16,2030,354,2051,279
3463,2081,191,0,0,2040,228,2051,268
3463,2081,202,0,0,2030,354,2051,279
3464,2080,389,16,-32,2040,230,2050,361
3464,2081,258,16,-16,2040,230,2050,361
3465,2080,458,80,0,2040,321,2060,285
3465,2081,150,80,-48,2040,321,2060,285
3466,2080,251,0,-16,2040,113,2050,138
3466,2080,256,-64,0,2040,117,2050,143
3466,2081,54,0,0,2040,113,2050,138
3466,2081,59,-64,0,2040,117,2050,143
3467,2080,380,0,0,2031,275,2050,201
3467,2081,495,16,-16,2040,170,2050,201
3469,2080,76,48,0,2030,174,2060,312
3469,2081,342,0,-48,2031,279,2050,49
3471,2070,343,0,32,2030,370,2061,408
3471,2071,559,0,16,2030,370,2061,408
3471,2080,518,48,-32,2041,291,2060,207
3471,2080,520,-16,0,2040,85,2050,481
3471,2081,123,48,-16,2041,291,2060,207
3471,2081,125,-16,0,2040,85,2050,481
3472,2080,190,0,-32,2031,272,2050,110
3472,2080,208,64,0,2030,389,2060,250
3472,2081,337,0,-48,2031,272,2050,110
3472,2081,355,64,0,2030,389,2060,250
3474,2081,378,0,-16,2040,238,2051,349
3475,2080,326,48,0,2040,221,2060,111
3475,2080,329,-48,-48,2030,415,2060,114
3475,2080,337,48,-32,2030,427,2060,120
3475,2080,341,16,0,2041,273,2050,96
3475,2081,382,-32,16,2040,221,2050,81
3475,2081,385,-48,-48,2030,415,2060,114
3475,2081,392,48,-32,2030,427,2060,120
3475,2081,396,16,0,2041,273,2050,96
3476,2080,495,0,0,2041,166,2050,454
3476,2080,514,-32,48,2031,236,2060,271
3476,2081,318,16,-16,2040,355,2050,454
3476,2081,338,-32,48,2031,236,2060,271
3477,2080,309,-16,-16,2030,225,2050,272
3477,2080,324,80,-16,2040,392,2060,494
3477,2080,329,-16,0,2041,537,2050,293
3477,2080,330,32,0,2031,453,2050,294
3477,2081,98,-16,-48,2030,225,2050,272
3477,2081,110,80,-32,2040,392,2060,494
3477,2081,115,-16,0,2041,537,2050,293
3477,2081,116,32,-16,2031,453,2050,294
3478,2080,445,16,0,2031,252,2050,328
3481,2080,361,64,-32,2031,160,2060,130
3481,2080,362,16,-48,2030,211,2050,103
3481,2080,365,32,-32,2031,166,2060,134
3481,2080,390,16,-32,2031,202,2060,156
3481,2080,391,0,-16,2040,449,2050,126
3481,2081,287,64,-16,2031,160,2060,130
3481,2081,288,16,-64,2030,211,2050,103
3481,2081,290,32,-32,2031,166,2060,134
3481,2081,314,16,-16,2031,202,2060,156
3481,2081,315,64,0,2031,205,2060,157
3482,2080,246,128,192,2030,418,2051,92
3482,2081,133,128,176,2030,418,2051,92
3483,2070,569,0,112,2031,426,2060,379
3483,2070,571,16,96,2040,204,2060,381
3483,2070,572,32,64,2040,206,2060,383
3483,2071,621,16,80,2040,204,2060,381
3483,2071,622,32,48,2040,206,2060,383
3483,2080,338,0,16,2031,426,2060,379
3483,2081,150,0,0,2040,198,2051,289
3483,2081,151,32,-48,2040,206,2060,383
3484,2080,264,48,0,2031,345,2060,298
3484,2080,275,112,0,2041,428,2051,220
3484,2081,477,32,0,2041,417,2060,298
3484,2081,482,48,0,2030,393,2060,305
3484,2081,487,112,0,2041,428,2051,220
3486,2080,445,-48,32,2040,274,2060,226
3486,2080,452,0,-48,2030,146,2050,405
3486,2080,454,48,-16,2030,148,2060,238
3486,2081,363,-48,16,2040,274,2060,226
3486,2081,370,0,-80,2030,146,2050,405
3486,2081,372,48,0,2030,148,2060,238
3488,2070,471,16,128,2040,125,2050,158
3488,2071,63,16,112,2040,125,2050,158
3489,2080,279,0,0,2031,472,2050,219
3489,2081,190,0,0,2031,472,2050,219
3490,2070,419,112,-144,2030,374,2060,211
3490,2071,60,112,-144,2030,374,2060,211
3490,2080,492,0,32,2040,108,2050,149
3490,2080,522,48,0,2031,287,2060,236
3490,2081,69,0,0,2040,108,2050,149
3490,2081,97,0,0,2030,391,2050,189
3491,2070,476,0,96,2040,385,2050,316
3491,2071,516,0,64,2040,385,2050,316
3491,2080,269,16,0,2031,237,2050,316
3491,2081,345,16,-16,2031,237,2050,316
3492,2080,138,0,0,2031,225,2060,179
3492,2080,162,48,16,2030,313,2050,68
3492,2081,459,0,-16,2031,225,2060,179
3492,2081,481,48,16,2030,313,2050,68
3493,2071,439,16,96,2040,137,2050,251
3493,2080,274,32,16,2031,319,2060,349
3493,2080,279,16,0,2040,137,2050,251
3493,2081,222,16,0,2040,137,2050,251
3494,2080,413,16,-48,2030,209,2061,158
3494,2081,179,16,-32,2030,209,2061,158
3495,2080,441,0,0,2031,213,2051,362
3495,2081,95,0,0,2041,162,2051,353
3497,2080,391,16,-16,2040,516,2050,145
3497,2080,396,-32,0,2040,520,2051,344
3497,2081,275,16,-16,2040,516,2050,145
3497,2081,280,-32,-16,2040,520,2051,344
3498,2080,459,-16,0,2030,118,2050,388
3498,2081,198,-16,-48,2030,118,2050,388
3499,2080,409,16,-16,2030,610,2050,311
3499,2081,573,16,-16,2030,610,2050,311
3500,2080,195,96,0,2031,367,2060,417
3500,2080,204,80,-32,2041,326,2060,424
3500,2080,213,0,0,2030,284,2060,435
3500,2081,547,96,0,2031,367,2060,417
3500,2081,557,80,0,2041,326,2060,424
3501,2080,304,32,-64,2040,419,2060,142
3501,2080,313,128,176,2030,75,2050,367
3501,2080,324,0,-32,2030,89,2050,381
3501,2081,202,32,-48,2040,419,2060,142
3501,2081,224,0,-48,2030,89,2050,381
3504,2080,252,48,0,2040,355,2060,540
3504,2080,259,80,-32,2031,504,2061,592
3504,2081,176,48,-48,2040,355,2060,540
3505,2080,505,0,-64,2041,302,2060,156
3505,2080,522,64,0,2040,383,2060,175
3505,2080,523,64,-16,2031,220,2060,176
3505,2081,557,0,-48,2041,302,2060,156
3505,2081,574,64,0,2031,220,2060,176
3505,2081,575,64,-16,2040,383,2060,175
3507,2080,185,0,16,2030,368,2051,67
3507,2081,395,16,0,2031,273,2050,151
3508,2070,440,16,48,2031,268,2060,303
3508,2071,551,16,48,2031,268,2060,303
3508,2080,520,-16,-16,2030,223,2050,486
3508,2081,123,-16,-16,2030,223,2050,486
3509,2080,419,16,0,2031,237,2050,146
3509,2081,110,0,-64,2031,246,2050,159
3510,2080,237,80,0,2030,371,2060,269
3510,2080,243,48,0,2030,380,2060,277
3510,2080,244,16,0,2030,383,2051,191
3510,2081,518,80,-16,2030,371,2060,269
3510,2081,524,16,0,2030,383,2051,191
3511,2080,282,0,-16,2040,335,2051,169
3511,2081,199,0,0,2040,335,2051,169
3511,2081,210,0,0,2030,467,2051,186
3512,2070,497,48,112,2040,373,2060,159
3512,2071,137,48,96,2040,373,2060,159
3512,2080,552,48,16,2040,373,2060,159
3512,2080,565,0,0,2040,388,2050,534
3512,2081,328,48,16,2040,373,2060,159
3512,2081,343,16,0,2031,216,2050,534
3513,2080,407,48,-16,2030,454,2060,213
3513,2081,345,48,-32,2030,454,2060,213
3514,2080,393,16,-16,2040,288,2060,184
3514,2081,149,16,0,2040,288,2060,184
3515,2070,498,16,32,2040,254,2060,284
3515,2071,504,16,48,2040,254,2060,284
3515,2080,163,-16,-16,2040,234,2050,128
3515,2080,167,64,16,2030,410,2060,278
3515,2080,181,-48,0,2040,254,2050,143
3515,2081,370,-16,-16,2040,234,2050,128
3515,2081,374,64,16,2030,410,2060,278
3515,2081,387,-16,-16,2040,254,2051,79
3516,2080,457,0,0,2040,179,2051,70
3516,2081,143,0,0,2040,179,2051,70
3517,2080,157,-16,-16,2040,378,2051,118
3517,2081,94,-16,-16,2040,378,2051,118
3518,2070,537,0,112,2030,499,2050,333
3518,2071,130,0,96,2030,499,2050,333
3518,2080,363,-128,16,2030,490,2050,325
3518,2080,373,0,0,2030,499,2050,333
3518,2080,377,0,0,2031,257,2051,294
3518,2081,620,-128,-16,2030,490,2050,325
3518,2081,631,-16,0,2030,499,2051,287
3518,2081,636,0,0,2030,506,2050,339
3519,2080,299,64,-16,2031,145,2050,258
3519,2081,406,64,-16,2031,145,2050,258
3520,2081,109,144,0,2040,355,2060,295
3521,2080,362,-96,-48,2041,128,2051,212
3521,2080,374,80,-32,2041,143,2050,345
3521,2080,385,16,-16,2031,272,2050,356
3521,2081,56,-96,-16,2041,128,2051,212
3521,2081,67,80,-32,2041,143,2050,345
3521,2081,80,16,0,2031,272,2050,356
3522,2080,284,16,16,2030,363,2051,129
3522,2081,432,-16,0,2030,363,2050,333
3524,2070,384,64,96,2040,264,2060,352
3524,2071,185,64,96,2040,264,2060,352
3524,2080,154,64,0,2040,264,2060,352
3524,2081,454,64,0,2040,264,2060,352
3525,2080,329,-16,-16,2030,520,2050,382
3525,2080,337,16,144,2031,466,2061,156
3526,2080,473,-16,0,2040,155,2050,364
3526,2081,506,-16,-16,2040,155,2050,364
3527,2080,303,32,-32,2041,491,2060,368
3527,2081,157,48,0,2040,111,2060,329
3527,2081,190,32,-48,2041,491,2060,368
3529,2080,427,16,0,2031,92,2050,289
3529,2080,428,0,-16,2031,94,2050,290
3529,2081,549,16,0,2031,92,2050,289
3529,2081,551,0,0,2031,94,2050,290
3531,2080,184,0,0,2040,275,2060,438
3531,2080,203,0,0,2040,306,2051,134
3531,2080,212,48,0,2030,531,2060,469
3531,2081,151,16,0,2031,396,2060,438
3531,2081,171,-16,0,2040,306,2050,261
3531,2081,180,48,0,2030,531,2060,469
3532,2070,450,32,96,2040,425,2050,70
3532,2071,335,32,96,2040,425,2050,70
3532,2080,214,80,0,2030,340,2060,78
3532,2080,217,0,16,2031,112,2050,52
3532,2080,236,-16,0,2031,148,2050,71
3532,2081,245,80,0,2030,340,2060,78
3532,2081,247,16,0,2030,345,2050,52
3532,2081,265,48,0,2041,316,2060,98
3533,2070,540,32,80,2030,181,2060,275
3533,2071,592,32,64,2030,181,2060,275
3533,2080,367,32,0,2030,181,2060,275
3533,2080,369,32,0,2041,486,2050,331
3533,2081,573,48,0,2031,230,2060,275
3533,2081,575,16,0,2031,233,2050,331
3534,2080,188,0,16,2030,298,2050,104
3534,2080,219,32,0,2040,96,2060,462
3534,2081,258,0,0,2030,298,2050,104
3534,2081,287,48,0,2031,429,2060,462
3535,2080,236,-32,0,2041,414,2050,204
3535,2080,246,-144,-64,2041,427,2060,110
3535,2081,49,-32,-16,2041,414,2050,204
3535,2081,59,-144,-48,2041,427,2060,110
3535,2081,72,0,0,2030,364,2050,226
3536,2071,581,16,32,2041,211,2060,368
3536,2080,516,16,-16,2030,261,2051,122
3536,2080,539,32,0,2030,281,2060,368
3536,2080,548,0,-32,2031,337,2050,505
3536,2081,149,16,0,2030,261,2051,122
3536,2081,167,48,-16,2031,326,2060,368
3536,2081,176,0,-16,2031,337,2050,505
3537,2080,219,48,0,2030,387,2060,77
3537,2080,225,16,-32,2040,290,2060,85
3537,2081,414,64,0,2031,49,2060,77
3537,2081,420,16,-32,2040,290,2060,85
3539,2070,406,48,96,2041,365,2060,251
3539,2071,516,48,96,2041,365,2060,251
3539,2080,435,16,0,2030,149,2050,485
3539,2080,454,48,0,2041,365,2060,251
3539,2081,100,16,0,2030,149,2050,485
3539,2081,119,48,16,2041,365,2060,251
3540,2070,311,32,64,2031,211,2060,249
3540,2071,101,32,48,2031,211,2060,249
3540,2080,419,64,-16,2040,296,2060,249
3540,2080,424,0,0,2030,135,2050,485
3540,2081,89,64,-16,2040,296,2060,249
3540,2081,94,0,-16,2030,135,2050,485
3541,2080,168,80,0,2040,231,2061,99
3541,2080,180,0,16,2030,391,2050,139
3541,2081,493,-16,0,2040,231,2050,130
3541,2081,505,0,-16,2030,391,2050,139
3542,2070,419,0,80,2031,168,2051,108
3542,2071,79,0,80,2031,168,2051,108
3542,2080,319,16,0,2040,242,2051,108
3542,2081,55,16,0,2040,242,2051,108
3543,2080,282,-48,32,2040,452,2060,201
3543,2081,371,-48,32,2040,452,2060,201
3544,2070,534,16,64,2030,559,2060,292
3544,2080,400,64,0,2040,249,2060,292
3544,2081,115,64,0,2040,238,2060,284
3544,2081,121,-16,0,2040,249,2050,202
3545,2080,360,-16,-16,2030,232,2051,169
3545,2080,367,0,0,2040,126,2050,427
3545,2081,196,-16,-48,2030,232,2051,169
3545,2081,204,0,16,2040,126,2050,427
3546,2080,418,16,16,2031,162,2060,196
3547,2080,444,-32,-16,2040,364,2051,289
3547,2080,453,32,-16,2040,377,2060,559
3547,2081,146,-32,-16,2040,364,2051,289
3547,2081,155,32,-32,2040,377,2060,559
3548,2080,528,48,0,2040,249,2060,209
3548,2080,539,0,32,2030,120,2050,502
3548,2080,549,32,-32,2040,272,2060,229
3548,2080,555,-16,0,2040,286,2050,516
3548,2081,437,64,-16,2031,158,2060,209
3548,2081,447,0,16,2030,120,2050,502
3548,2081,456,32,-32,2040,272,2060,229
3548,2081,462,-16,-16,2040,286,2050,516
3549,2080,203,0,0,2041,417,2050,171
3551,2080,437,0,-32,2040,165,2051,101
3551,2080,454,64,0,2030,335,2060,418
3551,2080,456,0,0,2040,186,2051,109
3551,2081,278,0,-48,2040,165,2051,101
3551,2081,293,48,0,2040,184,2060,418
3551,2081,295,-32,0,2040,186,2050,505
3552,2070,302,16,48,2040,355,2060,395
3552,2070,305,32,80,2040,374,2060,412
3552,2071,514,16,48,2040,355,2060,395
3552,2071,518,32,80,2040,374,2060,412
3552,2080,264,-16,0,2041,142,2050,234
3552,2080,268,0,0,2031,451,2050,241
3552,2081,205,-16,-16,2041,142,2050,234
3552,2081,209,48,0,2040,368,2060,407
3555,2080,179,32,0,2041,407,2050,109
3555,2080,190,80,-32,2030,362,2060,262
3555,2081,456,32,-32,2041,407,2050,109
3555,2081,467,80,-16,2030,362,2060,262
3556,2080,490,32,-16,2041,357,2060,197
3556,2081,61,32,0,2041,357,2060,197
3557,2080,389,0,0,2030,125,2050,355
3557,2080,400,32,-16,2040,194,2060,500
3557,2081,320,0,0,2030,125,2050,355
3559,2070,364,16,80,2040,249,2060,208
3559,2071,100,16,80,2040,249,2060,208
3559,2080,479,64,32,2040,255,2060,213
3559,2081,578,64,16,2040,255,2060,213
3560,2081,397,0,-48,2031,357,2050,198
3561,2080,167,16,0,2030,399,2051,64
3561,2080,175,64,0,2031,453,2060,495
3561,2080,184,16,0,2030,416,2050,143
3561,2081,289,16,0,2030,399,2051,64
3561,2081,297,64,0,2031,453,2060,495
3561,2081,305,16,0,2030,416,2050,143
3563,2080,210,0,32,2030,455,2050,174
3564,2080,331,64,0,2030,291,2060,101
3564,2081,22,64,-32,2030,291,2060,101
3565,2070,314,32,64,2041,288,2061,425
3565,2071,462,-16,112,2040,217,2050,374
3565,2071,467,32,48,2041,288,2061,425
3565,2080,319,-16,16,2040,217,2050,374
3565,2080,337,-16,0,2041,285,2050,392
3565,2080,344,-48,16,2040,248,2050,396
3565,2080,347,-96,128,2041,291,2061,428
3565,2081,78,-16,32,2040,217,2050,374
3565,2081,94,32,0,2041,285,2061,423
3565,2081,99,-48,16,2040,248,2050,396
3565,2081,102,-96,112,2041,291,2061,428
3566,2080,275,16,-16,2040,198,2060,323
3566,2080,299,0,0,2030,461,2060,352
3566,2081,405,-32,0,2040,198,2050,239
3567,2080,258,-16,0,2030,168,2050,222
3567,2080,276,16,-16,2040,347,2060,385
3567,2081,126,-16,0,2030,168,2050,222
3568,2080,315,32,32,2040,375,2051,220
3568,2080,321,0,16,2031,120,2061,497
3568,2081,184,32,0,2040,375,2051,220
3568,2081,191,0,0,2031,120,2061,497
3569,2080,304,0,-16,2041,379,2050,65
3569,2081,257,0,-32,2041,379,2050,65
3570,2080,380,48,0,2031,258,2060,289
3570,2081,185,0,0,2030,125,2050,427
3572,2080,300,16,0,2030,140,2050,353
3572,2080,314,112,32,2030,148,2050,365
3572,2081,93,16,32,2030,140,2050,353
3572,2081,107,32,-32,2031,177,2050,365
3575,2080,236,0,0,2040,294,2050,200
3575,2081,64,80,0,2040,274,2060,443
3575,2081,76,0,0,2040,294,2050,200
3577,2080,215,16,32,2041,314,2050,176
3577,2081,139,16,64,2041,314,2050,176
3579,2080,347,48,-16,2040,128,2060,280
3579,2081,450,48,-32,2040,128,2060,280
3580,2080,335,-16,0,2041,541,2051,281
3580,2081,123,-16,0,2041,541,2051,281
3581,2080,216,0,0,2040,331,2050,268
3581,2081,378,0,-16,2040,331,2050,268
3582,2070,600,16,112,2031,310,2050,114
3582,2071,611,16,96,2031,310,2050,114
3582,2080,204,-112,96,2041,531,2060,267
3582,2080,235,64,0,2041,570,2060,296
3582,2081,389,-112,96,2041,531,2060,267
3584,2080,382,-16,0,2041,414,2050,295
3584,2081,482,0,0,2041,414,2051,332
3585,2080,332,16,0,2031,189,2050,99
3585,2081,59,16,0,2031,189,2050,99
3585,2081,64,48,-16,2031,192,2060,147
3586,2080,478,-16,0,2030,175,2050,533
3586,2080,494,-16,-48,2040,318,2051,360
3586,2081,120,-16,-16,2030,175,2050,533
3586,2081,137,-16,-48,2040,318,2051,360
3587,2080,360,-16,0,2041,164,2050,410
3587,2081,66,-16,-16,2041,164,2050,410
3588,2080,263,112,128,2040,183,2050,226
3588,2081,155,112,96,2040,183,2050,226
3589,2080,360,-144,160,2040,155,2060,331
3589,2080,375,48,0,2031,314,2060,346
3589,2081,92,-144,160,2040,155,2060,331
3589,2081,108,48,0,2031,314,2060,346
3590,2070,432,48,80,2041,399,2060,191
3590,2071,467,48,80,2041,399,2060,191
3590,2080,260,64,0,2041,374,2050,303
3590,2081,442,64,0,2041,374,2050,303
3591,2070,298,0,64,2040,279,2060,108
3591,2071,80,0,48,2040,279,2060,108
3591,2080,420,0,-48,2040,279,2060,108
3591,2081,67,0,-64,2040,279,2060,108
3592,2080,287,32,0,2031,394,2060,356
3592,2081,458,32,0,2031,394,2060,356
3593,2070,377,32,96,2040,132,2061,167
3593,2070,380,-32,96,2040,147,2060,252
3593,2071,340,32,80,2040,132,2061,167
3593,2071,343,-32,80,2040,147,2060,252
3593,2080,450,0,0,2040,108,2051,487
3593,2080,466,0,-32,2040,123,2060,232
3593,2080,473,32,-16,2040,132,2061,167
3593,2080,486,-48,-16,2040,147,2050,214
3593,2081,298,0,16,2040,108,2051,487
3593,2081,314,0,-32,2040,123,2060,232
3593,2081,320,32,-32,2040,132,2061,167
3593,2081,334,-48,0,2040,147,2050,214
3594,2080,366,96,0,2030,500,2060,234
3594,2080,372,-16,0,2040,161,2050,317
3594,2080,399,16,-32,2030,529,2050,348
3594,2081,121,96,-16,2030,500,2060,234
3594,2081,127,48,0,2040,161,2060,242
3594,2081,153,16,-16,2030,529,2050,348
3595,2080,504,-32,-64,2031,235,2050,467
3595,2081,437,-32,-64,2031,235,2050,467
3597,2080,271,0,0,2041,413,2050,177
3597,2081,480,0,-16,2041,413,2050,177
3598,2070,431,64,160,2040,337,2050,523
3598,2071,627,64,144,2040,337,2050,523
3598,2080,551,48,0,2040,324,2060,274
3598,2081,153,0,-16,2031,234,2051,450
3598,2081,154,48,-32,2040,324,2060,274
3599,2080,240,-16,-16,2040,109,2050,153
3599,2080,242,0,0,2031,277,2050,155
3599,2080,246,64,0,2041,371,2060,321
3599,2080,253,-16,-16,2031,292,2050,168
3599,2080,264,48,16,2030,65,2050,178
3599,2081,76,-16,-16,2040,109,2050,153
3599,2081,78,0,0,2031,277,2050,155
3599,2081,82,-16,0,2041,371,2051,196
3599,2081,90,-16,0,2031,292,2050,168
3599,2081,100,0,-16,2031,300,2050,178
3600,2070,501,64,96,2031,265,2060,222
3600,2071,203,64,80,2031,265,2060,222
3600,2080,151,16,0,2030,347,2050,65
3600,2080,155,80,0,2041,453,2060,222
3600,2081,313,16,0,2030,347,2050,65
3600,2081,316,80,-16,2041,453,2060,222
3602,2070,443,0,48,2030,325,2060,218
3602,2071,90,0,48,2030,325,2060,218
3602,2080,187,80,0,2031,253,2060,216
3602,2080,188,-16,-16,2031,254,2051,136
3602,2080,195,80,48,2031,265,2060,229
3602,2080,199,-48,16,2040,416,2050,117
3602,2080,214,16,-16,2040,441,2050,132
3602,2081,475,80,0,2031,253,2060,216
3602,2081,476,-16,0,2031,254,2051,136
3602,2081,483,80,16,2031,265,2060,229
3602,2081,486,-48,0,2040,416,2050,117
3602,2081,499,16,-16,2040,441,2050,132
3603,2071,515,0,48,2030,381,2060,109
3603,2080,342,-16,0,2041,411,2050,177
3603,2081,486,-16,-16,2041,411,2050,177
3604,2071,558,0,64,2030,369,2061,553
3604,2080,232,64,0,2031,468,2060,504
3604,2080,242,-64,16,2030,369,2050,216
3604,2081,321,64,0,2031,468,2060,504
3604,2081,331,-64,16,2030,369,2050,216
3606,2080,289,0,0,2041,353,2050,166
3606,2081,197,0,-16,2041,353,2050,166
3607,2080,358,0,-16,2041,419,2060,197
3607,2080,362,-48,0,2031,234,2050,126
3607,2081,293,-48,16,2031,234,2050,126
3609,2080,334,-16,-16,2040,190,2050,384
3609,2081,125,-16,0,2040,190,2050,384
3610,2070,451,-16,0,2041,396,2051,196
3610,2070,452,80,144,2040,108,2060,281
3610,2071,491,0,0,2041,396,2060,279
3610,2071,492,80,144,2040,108,2060,281
3610,2080,240,80,16,2040,108,2060,281
3610,2081,461,-64,16,2041,396,2050,159
3610,2081,463,80,0,2040,108,2060,281
3612,2080,232,-48,0,2031,329,2051,84
3612,2080,263,-48,16,2040,326,2050,231
3612,2081,48,0,0,2031,329,2061,173
3612,2081,82,-48,16,2040,326,2050,231
3613,2080,348,0,0,2031,258,2050,391
3613,2081,59,0,0,2031,258,2050,391
3614,2070,285,16,0,2040,122,2051,394
3614,2071,78,16,0,2040,122,2051,394
3614,2080,366,32,-112,2030,420,2051,394
3614,2080,375,16,-16,2030,431,2050,176
3614,2080,382,32,0,2030,441,2050,180
3614,2081,88,32,-112,2030,420,2051,394
3614,2081,96,16,-16,2030,431,2050,176
3614,2081,103,16,0,2041,331,2050,180
3615,2070,426,32,64,2030,91,2060,170
3615,2071,464,32,48,2030,91,2060,170
3615,2080,337,-48,0,2040,191,2051,292
3615,2080,343,64,0,2030,79,2060,162
3615,2080,350,64,-16,2031,133,2060,170
3615,2080,363,0,-48,2031,148,2050,287
3615,2081,435,-32,16,2040,191,2050,252
3615,2081,441,80,0,2040,202,2060,162
3615,2081,448,64,-16,2031,133,2060,170
3615,2081,460,0,-16,2031,148,2050,287
3616,2080,351,-16,0,2030,505,2050,156
3616,2080,361,-144,192,2030,517,2051,388
3616,2081,267,-144,176,2030,517,2051,388
3617,2080,200,16,0,2030,441,2060,282
3618,2080,243,80,0,2031,109,2061,42
3618,2081,198,80,0,2031,109,2061,42
3620,2081,380,32,192,2030,565,2060,200
3622,2070,370,32,80,2040,190,2060,230
3622,2071,426,32,64,2040,190,2060,230
3622,2080,149,-16,0,2041,389,2051,92
3622,2080,153,0,-16,2040,197,2050,60
3622,2080,169,-32,16,2031,302,2051,112
3622,2080,170,-32,16,2040,215,2050,77
3622,2081,483,-16,-16,2041,389,2051,92
3622,2081,486,0,0,2040,197,2050,60
3622,2081,501,-32,0,2031,302,2051,112
3622,2081,502,-32,16,2040,215,2050,77
3623,2080,272,80,-16,2040,136,2060,315
3623,2080,273,-16,0,2030,88,2050,184
3623,2081,424,80,0,2040,136,2060,315
3623,2081,425,-16,-16,2030,88,2050,184
3624,2080,292,64,0,2030,59,2060,121
3624,2080,313,0,0,2041,380,2050,213
3624,2080,315,-16,0,2030,75,2050,214
3624,2081,324,64,0,2030,59,2060,121
3624,2081,346,32,0,2030,73,2050,213
3624,2081,348,-16,-32,2030,75,2050,214
3625,2070,603,-16,80,2040,321,2050,367
3625,2070,608,0,48,2030,146,2060,236
3625,2071,687,-16,96,2040,321,2050,367
3625,2071,693,0,32,2030,146,2060,236
3625,2080,430,160,144,2030,124,2050,360
3625,2080,451,16,0,2040,333,2060,227
3625,2080,458,-32,-16,2040,338,2050,381
3625,2080,474,0,0,2031,207,2051,517
3625,2081,258,160,128,2030,124,2050,360
3625,2081,277,16,0,2040,333,2060,227
3625,2081,285,-32,0,2040,338,2050,381
3625,2081,300,-16,0,2031,207,2050,399
3626,2080,303,0,0,2031,379,2050,213
3626,2080,310,16,0,2031,388,2060,349
3626,2080,311,-48,-16,2040,126,2050,217
3626,2080,325,-16,0,2031,409,2050,232
3626,2081,549,0,16,2031,379,2050,213
3626,2081,556,16,-32,2031,388,2060,349
3626,2081,557,-48,0,2040,126,2050,217
3626,2081,569,32,0,2031,409,2060,365
3628,2080,140,0,-16,2030,383,2050,113
3628,2080,151,0,96,2040,206,2060,324
3628,2081,42,0,-16,2030,383,2050,113
3628,2081,54,0,112,2040,206,2060,324
3629,2080,289,0,0,2030,327,2050,202
3629,2080,300,32,16,2040,505,2060,464
3629,2080,309,16,-16,2030,342,2050,224
3629,2081,162,32,0,2040,491,2060,448
3629,2081,175,0,0,2030,336,2051,258
3629,2081,183,32,0,2031,427,2060,471
3630,2080,204,16,0,2041,400,2060,133
3631,2080,352,0,-160,2041,414,2050,122
3631,2080,368,-16,-32,2031,218,2050,141
3631,2081,264,0,-160,2041,414,2050,122
3631,2081,279,-16,-16,2031,218,2050,141
3632,2080,373,48,0,2030,102,2060,336
3632,2081,70,0,-16,2031,297,2050,424
3633,2080,358,64,-32,2040,282,2060,155
3633,2081,253,64,-32,2040,282,2060,155
3634,2070,365,-128,144,2040,52,2050,87
3634,2071,331,-128,144,2040,52,2050,87
3634,2080,163,-128,48,2040,52,2050,87
3634,2080,192,48,0,2031,258,2060,221
3634,2081,293,-128,32,2040,52,2050,87
3634,2081,321,80,0,2041,402,2060,221
3635,2070,455,96,160,2040,184,2050,363
3635,2071,493,96,160,2040,184,2050,363
3635,2080,305,96,112,2040,184,2050,363
3635,2080,312,16,0,2040,192,2060,269
3635,2081,466,96,80,2040,184,2050,363
3636,2080,136,16,0,2040,414,2051,62
3636,2080,152,64,-16,2030,398,2060,257
3636,2081,360,64,0,2030,398,2060,257
3638,2080,208,16,0,2040,253,2051,118
3638,2081,429,16,-16,2040,253,2051,118
3639,2070,271,32,80,2041,181,2060,434
3639,2071,535,32,64,2041,181,2060,434
3640,2080,191,-16,-16,2031,309,2050,229
3640,2081,367,-16,-16,2031,309,2050,229
3641,2070,517,96,208,2040,101,2050,159
3641,2071,584,96,208,2040,101,2050,159
3641,2080,248,96,128,2040,101,2050,159
3641,2081,315,96,112,2040,101,2050,159
3643,2080,462,32,-16,2031,209,2050,520
3643,2080,492,128,160,2031,251,2050,556
3643,2081,319,16,0,2040,349,2050,520
3643,2081,345,128,160,2031,251,2050,556
3644,2080,355,64,-32,2031,225,2060,260
3644,2081,429,64,-16,2031,225,2060,260
3645,2070,340,-96,32,2030,51,2050,390
3645,2071,517,-16,16,2031,86,2061,487
3646,2080,422,160,176,2040,320,2050,54
3646,2080,437,64,0,2041,289,2061,501
3646,2080,446,0,-16,2040,354,2050,81
3646,2080,451,32,16,2030,259,2060,121
3646,2081,190,160,160,2040,320,2050,54
3646,2081,205,64,-32,2041,289,2061,501
3646,2081,211,0,-16,2040,354,2050,81
3646,2081,216,0,0,2040,359,2050,85
3647,2071,520,48,128,2040,149,2050,185
3647,2080,242,-16,0,2030,408,2050,170
3647,2080,251,48,48,2040,149,2050,185
3647,2080,256,144,-16,2030,437,2051,220
3647,2081,379,-16,0,2030,408,2050,170
3647,2081,390,48,64,2040,149,2050,185
3647,2081,396,144,-32,2030,437,2051,220
3648,2080,190,-32,-32,2040,233,2050,163
3648,2081,405,-32,-48,2040,233,2050,163
3649,2080,369,-32,-16,2040,244,2060,409
3649,2081,116,-32,-32,2040,244,2060,409
3651,2080,363,-16,-32,2030,533,2050,329
3651,2080,378,0,0,2030,548,2051,235
3651,2081,137,-16,-16,2030,533,2050,329
3651,2081,151,0,0,2030,548,2051,235
3652,2080,376,32,0,2030,422,2060,145
3652,2080,386,0,0,2031,199,2050,116
3652,2081,62,32,0,2030,422,2060,145
3653,2070,159,16,96,2040,113,2060,403
3653,2071,107,16,96,2040,113,2060,403
3653,2080,351,16,-16,2040,113,2060,403
3653,2081,261,16,-48,2040,113,2060,403
3654,2080,232,32,0,2031,299,2060,264
3654,2081,447,32,0,2031,299,2060,264
3655,2080,258,48,-16,2031,403,2060,364
3655,2080,263,48,16,2030,558,2050,229
3655,2080,265,48,80,2041,494,2050,232
3655,2081,445,96,16,2030,550,2060,364
3655,2081,450,0,0,2031,412,2050,229
3655,2081,452,48,48,2041,494,2050,232
3656,2070,325,32,80,2031,209,2060,251
3656,2071,520,32,64,2031,209,2060,251
3656,2080,441,-16,0,2031,209,2050,405
3656,2080,451,-16,-16,2040,301,2051,381
3656,2080,462,-96,96,2040,317,2050,427
3656,2081,86,-16,0,2031,209,2050,405
3656,2081,97,-64,16,2040,301,2050,418
3656,2081,108,-96,64,2040,317,2050,427
3657,2080,221,0,-48,2040,105,2050,138
3657,2080,231,48,-16,2040,118,2060,265
3657,2081,78,0,-48,2040,105,2050,138
3657,2081,87,48,-32,2040,118,2060,265
3658,2070,419,-112,208,2031,305,2050,166
3658,2071,429,-112,192,2031,305,2050,166
3658,2080,193,-112,96,2031,305,2050,166
3658,2081,95,-112,96,2031,305,2050,166
3659,2080,304,48,16,2041,444,2061,401
3659,2080,310,16,16,2040,369,2050,278
3659,2081,65,16,-16,2040,359,2050,271
3659,2081,71,16,0,2040,369,2050,278
3660,2080,380,-160,144,2041,463,2060,280
3660,2081,112,-160,144,2041,463,2060,280
3661,2081,121,-80,64,2031,192,2060,233
3664,2080,316,16,0,2031,163,2060,205
3664,2080,332,0,16,2031,185,2050,388
3664,2080,339,80,-16,2031,192,2060,231
3664,2080,346,0,0,2031,200,2050,396
3664,2081,433,-16,-16,2030,126,2050,368
3664,2081,450,0,16,2031,185,2050,388
3664,2081,457,80,-32,2031,192,2060,231
3664,2081,463,0,-16,2031,200,2050,396
3665,2070,565,16,64,2040,286,2060,244
3665,2071,575,16,48,2040,286,2060,244
3665,2080,340,-16,-16,2040,286,2051,94
3665,2080,356,-32,0,2040,314,2050,409
3665,2080,372,128,16,2031,241,2050,423
3665,2081,463,-16,-16,2040,286,2051,94
3665,2081,478,-32,0,2040,314,2050,409
3665,2081,492,128,16,2031,241,2050,423
3666,2080,332,16,16,2030,390,2051,242
3666,2081,269,16,16,2030,390,2051,242
3667,2080,221,-32,0,2040,111,2051,176
3667,2080,227,-112,0,2040,120,2050,154
3667,2080,231,32,0,2031,313,2060,264
3667,2081,64,-48,0,2040,111,2050,147
3667,2081,69,32,16,2041,412,2050,154
3667,2081,73,0,16,2040,127,2050,159
3668,2080,364,0,0,2040,302,2050,199
3668,2081,239,0,0,2040,302,2050,199
3669,2070,429,0,48,2041,147,2060,258
3669,2071,512,0,32,2041,147,2060,258
3669,2080,348,32,0,2031,299,2050,403
3669,2080,359,0,0,2040,496,2050,417
3669,2081,53,32,-16,2031,299,2050,403
3669,2081,66,0,-16,2040,496,2050,417
3671,2080,233,-32,0,2040,113,2051,189
3671,2080,237,-128,-16,2031,294,2051,194
3671,2081,67,-32,-16,2040,113,2051,189
3671,2081,71,-128,-16,2031,294,2051,194
3672,2070,346,16,80,2041,304,2051,100
3672,2071,57,16,64,2041,304,2051,100
3672,2080,144,16,0,2041,304,2051,100
3672,2081,367,0,0,2031,203,2050,75
3673,2070,568,0,48,2040,230,2060,408
3673,2071,116,0,48,2040,230,2060,408
3673,2080,372,16,-48,2041,595,2060,408
3673,2080,390,0,0,2030,164,2051,330
3673,2080,393,16,64,2041,624,2060,437
3673,2080,397,-16,-16,2031,500,2050,306
3673,2081,514,16,-64,2041,595,2060,408
3673,2081,532,16,0,2031,494,2051,330
3673,2081,534,16,48,2041,624,2060,437
3674,2080,334,80,-16,2040,151,2060,384
3674,2080,339,16,-32,2040,158,2050,309
3674,2081,95,80,-16,2040,151,2060,384
3674,2081,100,16,-32,2040,158,2050,309
3675,2080,491,32,32,2031,238,2050,449
3675,2080,499,16,-16,2031,253,2051,421
3675,2081,84,32,16,2031,238,2050,449
3675,2081,92,-32,0,2031,253,2050,459
3675,2081,102,128,16,2031,263,2061,555
3676,2070,365,96,224,2031,234,2050,273
3676,2070,366,-112,48,2031,241,2061,73
3676,2071,295,-112,32,2031,241,2061,73
3676,2080,453,96,128,2031,234,2050,273
3676,2080,464,0,-16,2031,252,2050,283
3676,2081,117,-16,-16,2040,159,2050,270
3676,2081,122,96,128,2031,234,2050,273
3676,2081,133,0,-16,2031,252,2050,283
3677,2070,462,-16,112,2031,239,2050,72
3677,2080,160,-16,0,2031,239,2050,72
3677,2080,165,48,32,2040,424,2060,209
3677,2080,166,48,0,2031,250,2060,210
3677,2080,177,80,0,2030,342,2060,224
3677,2081,496,-16,0,2031,239,2050,72
3677,2081,501,64,0,2031,248,2060,209
3677,2081,503,32,0,2040,427,2060,210
3677,2081,513,80,0,2030,342,2060,224
3677,2081,520,0,-32,2030,348,2050,96
3678,2080,364,0,-16,2041,201,2050,333
3678,2081,300,0,0,2041,201,2050,333
3680,2080,416,48,0,2031,229,2060,267
3680,2080,440,16,0,2030,120,2050,414
3680,2081,202,48,0,2031,229,2060,267
3680,2081,225,32,16,2041,175,2060,292
3681,2080,327,-16,-16,2031,402,2050,239
3681,2080,332,16,0,2040,165,2060,460
3681,2080,343,0,0,2041,509,2050,266
3681,2081,212,-16,-16,2031,402,2050,239
3681,2081,215,16,-32,2040,165,2060,460
3681,2081,226,0,0,2041,509,2050,266
3683,2080,213,16,16,2040,404,2050,137
3683,2081,322,16,16,2040,404,2050,137
3684,2080,203,16,64,2041,377,2050,124
3684,2081,330,16,32,2041,377,2050,124
3685,2080,172,-64,64,2030,413,2051,94
3685,2080,192,-16,0,2030,435,2050,260
3685,2081,66,-64,64,2030,413,2051,94
3685,2081,87,16,-16,2031,340,2050,260
3687,2080,540,32,-16,2031,226,2050,496
3687,2080,547,-16,0,2030,190,2050,505
3687,2080,556,-16,-16,2031,240,2050,512
3687,2080,573,0,-32,2040,448,2050,530
3687,2081,138,32,-16,2031,226,2050,496
3687,2081,146,-16,0,2030,190,2050,505
3687,2081,154,-16,-32,2031,240,2050,512
3690,2070,390,48,80,2031,190,2060,236
3690,2071,526,48,96,2031,190,2060,236
3690,2080,423,-144,-48,2031,165,2050,470
3690,2080,440,0,0,2031,192,2050,498
3690,2081,96,-144,-48,2031,165,2050,470
3690,2081,113,0,-16,2031,192,2050,498
3691,2080,269,64,0,2041,71,2060,420
3691,2081,460,64,-16,2041,71,2060,420
3692,2080,384,16,0,2031,252,2050,182
3692,2081,102,16,0,2031,252,2050,182
3693,2080,240,0,16,2030,272,2050,23
3693,2080,249,32,0,2030,281,2050,34
3693,2081,361,0,16,2030,272,2050,23
3694,2081,263,128,-16,2030,231,2051,24
3695,2080,414,16,0,2031,197,2050,463
3695,2080,421,16,0,2040,541,2051,291
3695,2081,126,0,0,2030,153,2050,463
3695,2081,132,-32,0,2040,541,2050,473
3696,2080,211,-16,-16,2041,253,2050,180
3696,2081,55,-16,0,2041,253,2050,180
3697,2080,302,48,-32,2030,176,2060,235
3697,2080,308,-16,0,2030,181,2050,359
3697,2081,386,48,-32,2030,176,2060,235
3697,2081,392,-16,-16,2030,181,2050,359
3698,2080,363,32,64,2040,275,2050,242
3699,2080,435,80,-32,2040,223,2060,96
3699,2080,450,0,-16,2040,241,2060,107
3699,2081,354,80,0,2040,223,2060,96
3699,2081,372,0,-16,2040,241,2060,107
3699,2081,384,-160,-16,2030,216,2051,349
3700,2080,303,0,32,2041,407,2060,205
3700,2081,483,0,16,2041,407,2060,205
3701,2070,339,0,80,2040,246,2051,274
3701,2071,488,0,48,2040,220,2050,417
3701,2071,494,0,80,2040,246,2051,274
3701,2080,356,16,-16,2030,102,2050,417
3701,2080,364,-128,-16,2030,112,2050,425
3701,2081,66,16,-32,2030,102,2050,417
3701,2081,75,-128,-32,2030,112,2050,425
3702,2080,450,-80,-32,2040,234,2060,201
3702,2080,469,0,0,2041,327,2051,293
3702,2081,384,-80,-64,2040,234,2060,201
3702,2081,403,-32,0,2040,260,2050,444
3703,2070,350,16,112,2031,411,2051,62
3703,2080,144,16,0,2031,411,2051,62
3703,2080,149,48,0,2030,305,2060,458
3703,2081,261,16,16,2031,411,2051,62
3703,2081,267,48,-16,2030,305,2060,458
3704,2080,281,0,0,2030,436,2050,246
3704,2080,284,16,-80,2030,439,2050,248
3704,2081,57,0,0,2030,436,2050,246
3704,2081,60,16,-16,2030,439,2050,248
3705,2080,483,-48,0,2040,177,2051,364
3705,2081,399,-48,0,2040,177,2051,364
3706,2080,401,64,0,2040,243,2060,210
3706,2080,403,-16,0,2031,178,2050,366
3706,2081,116,64,0,2040,243,2060,210
3706,2081,118,-16,0,2031,178,2050,366
3707,2080,363,-16,0,2040,183,2050,290
3707,2081,131,-16,0,2040,183,2050,290
3709,2080,432,0,-16,2031,223,2050,397
3709,2081,262,0,-16,2031,223,2050,397
3710,2080,168,0,-16,2040,224,2050,124
3710,2081,391,0,-32,2040,224,2050,124
3711,2070,455,-112,224,2040,315,2051,236
3711,2071,463,-112,224,2040,315,2051,236
3711,2080,282,0,-16,2030,374,2050,118
3711,2081,81,-48,-16,2040,312,2051,233
3711,2081,86,0,0,2030,374,2050,118
3713,2070,371,32,64,2041,341,2060,248
3713,2071,416,32,64,2041,341,2060,248
3713,2080,128,32,-16,2030,305,2060,246
3713,2080,131,-16,-32,2030,307,2050,96
3713,2081,398,32,-32,2030,305,2060,246
3713,2081,400,-16,-16,2030,307,2050,96
3714,2080,351,64,-16,2030,524,2060,167
3714,2080,353,0,0,2040,488,2050,121
3714,2080,371,80,-16,2031,234,2060,196
3714,2080,379,48,0,2041,324,2060,207
3714,2081,422,64,0,2030,524,2060,167
3714,2081,424,32,0,2041,292,2060,169
3714,2081,449,48,0,2041,324,2060,207
3715,2071,547,64,96,2030,439,2060,266
3715,2080,179,-16,16,2040,358,2050,227
3715,2081,395,-16,0,2040,358,2050,227
3717,2080,559,48,0,2040,225,2060,185
3718,2070,452,16,64,2040,130,2061,160
3718,2071,459,16,64,2040,130,2061,160
3718,2080,174,-48,16,2040,110,2050,217
3718,2080,181,-32,-16,2040,130,2060,261
3718,2081,322,-48,16,2040,110,2050,217
3718,2081,329,-32,-16,2040,130,2060,261
3719,2080,417,-16,0,2040,132,2050,244
3719,2080,420,64,-32,2040,140,2060,281
3719,2080,440,0,0,2031,349,2050,267
3719,2081,204,-16,0,2040,132,2050,244
3719,2081,207,64,-32,2040,140,2060,281
3719,2081,226,16,-32,2041,560,2050,267
3720,2070,306,0,48,2041,140,2060,231
3720,2071,178,0,48,2041,140,2060,231
3720,2080,335,32,-32,2040,265,2060,231
3720,2080,367,64,0,2040,298,2060,260
3720,2081,82,32,-16,2040,265,2060,231
3720,2081,113,64,-16,2040,298,2060,260
3723,2070,338,48,80,2040,124,2060,466
3723,2071,171,48,96,2040,124,2060,466
3723,2080,557,48,-16,2040,124,2060,466
3723,2080,584,-16,0,2030,225,2051,372
3723,2081,387,48,-16,2040,124,2060,466
3723,2081,411,-16,0,2030,225,2051,372
3724,2080,237,16,-32,2031,152,2060,121
3724,2080,244,80,0,2030,300,2060,127
3724,2081,265,16,-32,2031,152,2060,121
3724,2081,273,96,0,2031,160,2060,127
3726,2080,380,-112,128,2041,245,2060,172
3726,2080,417,128,144,2040,126,2050,317
3726,2081,457,-112,128,2041,245,2060,172
3726,2081,492,128,160,2040,126,2050,317
3729,2070,388,48,80,2031,266,2060,228
3729,2071,484,48,96,2031,266,2060,228
3729,2080,290,48,-32,2031,252,2060,220
3729,2080,301,16,-32,2040,429,2050,348
3729,2080,305,48,-16,2031,266,2060,228
3729,2081,103,48,-64,2031,252,2060,220
3729,2081,115,16,0,2040,429,2050,348
3729,2081,119,48,-16,2031,266,2060,228
3731,2070,504,64,96,2040,359,2060,306
3731,2071,641,64,96,2040,359,2060,306
3731,2080,578,48,16,2031,272,2060,311
3731,2080,584,0,-16,2040,371,2050,543
3731,2080,588,-16,-16,2031,285,2050,549
3731,2081,212,96,144,2041,445,2051,399
3731,2081,218,-32,16,2031,272,2050,540
3731,2081,224,0,32,2040,371,2050,543
3731,2081,227,-16,-16,2031,285,2050,549
3732,2070,306,48,80,2040,161,2060,236
3732,2071,109,48,64,2040,161,2060,236
3732,2080,445,48,-48,2040,161,2060,236
3732,2080,446,-16,-16,2031,205,2050,377
3732,2080,463,16,16,2030,141,2050,405
3732,2081,520,48,-48,2040,161,2060,236
3732,2081,521,-16,-16,2031,205,2050,377
3734,2070,326,32,80,2031,169,2060,206
3734,2071,531,32,64,2031,169,2060,206
3734,2080,445,64,0,2040,244,2060,206
3734,2080,448,32,0,2031,174,2060,209
3734,2081,379,64,0,2040,244,2060,206
3734,2081,382,48,0,2040,252,2060,209
3735,2080,213,0,0,2040,397,2050,159
3735,2080,215,64,-16,2030,457,2060,79
3735,2081,319,0,-16,2040,397,2050,159
3735,2081,321,64,-16,2030,457,2060,79
3736,2070,318,0,48,2041,78,2060,237
3736,2071,537,0,32,2041,78,2060,237
3736,2080,371,-32,0,2040,273,2050,435
3736,2080,376,16,0,2030,513,2051,130
3736,2081,158,-32,-16,2040,273,2050,435
3736,2081,164,16,0,2030,513,2051,130
3737,2080,517,0,0,2030,138,2060,274
3737,2081,442,0,0,2041,185,2061,570
3738,2081,476,16,0,2030,274,2050,153
3739,2080,203,-16,0,2031,367,2050,143
3739,2080,226,0,-32,2030,458,2050,172
3739,2081,111,-16,0,2031,367,2050,143
3739,2081,134,0,-32,2030,458,2050,172
3740,2080,335,0,-32,2030,266,2050,397
3740,2080,358,-128,64,2031,148,2060,185
3740,2081,206,0,0,2030,266,2050,397
3740,2081,228,-128,64,2031,148,2060,185
3741,2080,408,64,-16,2030,368,2060,328
3741,2081,455,64,-16,2030,368,2060,328
3743,2080,299,0,0,2041,397,2050,352
3743,2081,15,64,0,2040,266,2060,220
3745,2080,434,0,0,2031,185,2050,220
3745,2080,446,48,0,2031,200,2060,164
3745,2081,360,0,0,2031,185,2050,220
3745,2081,372,0,0,2030,268,2050,230
3747,2071,67,0,32,2041,169,2060,265
3747,2080,403,32,-16,2031,220,2060,265
3747,2081,121,-48,0,2031,220,2050,303
3748,2080,447,-16,0,2041,383,2050,500
3748,2080,449,16,0,2031,219,2050,501
3748,2080,460,0,0,2031,243,2050,519
3748,2080,466,64,0,2031,248,2061,555
3748,2081,135,-16,-16,2041,383,2050,500
3748,2081,137,0,0,2030,172,2050,501
3748,2081,149,0,0,2031,243,2050,519
3748,2081,154,64,-16,2031,248,2061,555
3750,2080,344,64,-16,2040,460,2060,188
3750,2081,108,64,0,2040,460,2060,188
3751,2080,303,-64,0,2030,476,2050,222
3751,2081,434,-64,0,2030,476,2050,222
3752,2080,437,0,-16,2030,114,2050,405
3752,2081,86,0,-16,2030,114,2050,405
3753,2080,383,-32,16,2030,127,2050,358
3753,2081,89,-32,16,2030,127,2050,358
3754,2080,327,80,-32,2031,231,2050,162
3754,2080,341,64,-32,2040,380,2060,210
3754,2080,345,80,-16,2030,520,2060,212
3754,2081,470,80,96,2031,231,2050,162
3754,2081,481,64,-48,2040,380,2060,210
3755,2080,307,16,0,2031,370,2051,257
3755,2080,315,0,0,2041,453,2050,235
3755,2081,112,-16,0,2031,370,2050,222
3755,2081,120,0,0,2041,453,2050,235
3756,2070,482,16,48,2031,182,2060,132
3756,2071,534,16,64,2031,182,2060,132
3756,2080,211,80,0,2030,388,2060,121
3756,2081,509,80,-16,2030,388,2060,121
3757,2070,564,-32,144,2030,476,2060,273
3757,2071,574,-32,144,2030,476,2060,273
3757,2080,362,16,-32,2040,323,2060,277
3757,2080,367,48,0,2030,482,2060,282
3757,2081,195,16,-48,2040,323,2060,277
3757,2081,199,0,0,2031,244,2050,423
3758,2070,262,0,96,2040,128,2051,277
3758,2071,463,0,80,2040,128,2051,277
3758,2080,423,64,0,2040,138,2060,101
3758,2080,427,48,-32,2030,19,2060,107
3758,2080,442,16,0,2030,37,2051,306
3758,2081,322,-32,16,2040,138,2050,384
3758,2081,326,48,-32,2030,19,2060,107
3758,2081,341,-16,-16,2030,37,2050,405
3759,2070,327,48,80,2030,125,2060,197
3759,2071,87,48,64,2030,125,2060,197
3759,2080,455,96,-16,2040,219,2060,183
3759,2080,468,64,0,2041,282,2060,197
3759,2080,471,-80,80,2031,163,2050,388
3759,2080,476,32,0,2031,170,2060,210
3759,2080,482,48,0,2040,259,2060,216
3759,2081,333,96,-16,2040,219,2060,183
3759,2081,348,64,-16,2041,282,2060,197
3759,2081,351,-80,64,2031,163,2050,388
3759,2081,359,32,16,2031,170,2060,210
3760,2080,378,0,0,2030,109,2051,331
3760,2080,390,-16,0,2031,280,2050,197
3760,2080,405,-16,0,2031,300,2050,207
3760,2081,149,0,0,2041,436,2050,180
3760,2081,160,32,0,2030,130,2050,197
3760,2081,177,32,0,2031,300,2060,251
3761,2080,247,48,0,2040,512,2060,293
3761,2080,252,48,-16,2041,471,2060,300
3761,2080,272,-32,0,2041,495,2050,178
3761,2081,108,48,0,2040,512,2060,293
3761,2081,112,48,-32,2041,471,2060,300
3761,2081,134,-32,0,2041,495,2050,178
3762,2070,425,0,48,2031,391,2060,341
3762,2071,536,0,48,2031,391,2060,341
3762,2080,236,-32,0,2040,452,2051,157
3762,2080,247,64,0,2030,514,2060,333
3762,2081,124,-32,-16,2040,452,2051,157
3762,2081,136,32,-16,2040,474,2060,333
3763,2080,470,32,0,2041,536,2060,206
3763,2081,347,0,0,2030,614,2050,437
3764,2080,421,80,-48,2040,191,2051,467
3764,2081,508,80,-48,2040,191,2051,467
3765,2080,377,0,-16,2030,196,2060,259
3765,2080,383,48,-32,2041,330,2060,266
3765,2081,168,0,-16,2030,196,2060,259
3765,2081,174,48,-48,2041,330,2060,266
3766,2080,535,16,0,2040,373,2051,198
3766,2080,557,32,48,2030,139,2050,522
3766,2081,239,-16,-16,2040,373,2050,493
3766,2081,261,32,16,2030,139,2050,522
3767,2080,484,160,0,2041,351,2050,161
3768,2080,312,32,0,2031,412,2060,373
3768,2080,321,32,0,2040,236,2060,387
3768,2081,164,-16,0,2031,412,2050,274
3768,2081,171,48,0,2030,505,2060,387
3770,2080,196,80,-16,2030,458,2060,249
3770,2080,206,0,0,2040,132,2050,176
3770,2080,207,0,0,2030,471,2050,175
3770,2080,215,64,0,2031,323,2060,269
3770,2081,424,80,0,2030,458,2060,249
3770,2081,433,0,-32,2030,471,2050,175
3770,2081,434,0,0,2040,132,2050,176
3770,2081,443,32,-16,2041,375,2060,269
3771,2070,299,16,64,2040,207,2060,445
3771,2071,517,16,64,2040,207,2060,445
3771,2080,372,16,0,2031,477,2050,333
3771,2080,376,16,0,2040,198,2050,338
3771,2080,384,-32,0,2040,207,2050,349
3771,2081,117,16,0,2031,477,2050,333
3771,2081,121,32,-16,2030,151,2050,338
3771,2081,129,-32,-16,2040,207,2050,349
3772,2080,323,16,0,2040,223,2051,264
3772,2081,492,32,0,2031,144,2051,264
3773,2070,450,-16,32,2031,234,2061,483
3773,2071,616,-16,0,2031,234,2061,483
3773,2080,566,48,0,2031,204,2060,254
3773,2080,580,64,-32,2031,231,2060,272
3773,2080,581,-64,-16,2031,234,2051,310
3773,2081,167,64,0,2030,126,2060,254
3773,2081,181,64,-32,2031,231,2060,272
3773,2081,183,-64,0,2031,234,2051,310
3775,2080,452,16,-32,2030,191,2050,406
3775,2081,380,16,-48,2030,191,2050,406
3778,2080,195,16,0,2031,346,2050,161
3778,2080,215,-16,0,2030,442,2050,177
3778,2081,72,16,0,2031,346,2050,161
3781,2080,229,48,0,2041,410,2060,260
3781,2080,248,64,-32,2040,392,2060,279
3781,2080,251,32,0,2040,398,2061,99
3781,2081,113,64,-48,2030,338,2060,260
3781,2081,131,64,0,2040,392,2060,279
3782,2070,487,16,64,2040,397,2051,75
3782,2080,145,-48,0,2040,394,2050,206
3782,2081,110,-48,0,2040,394,2050,206
3784,2080,92,32,16,2031,194,2050,129
3784,2081,311,-144,16,2030,337,2051,56
3784,2081,322,32,0,2031,194,2050,129
3785,2080,437,0,0,2030,103,2050,487
3785,2080,445,-32,0,2030,111,2050,493
3785,2081,398,0,-16,2030,103,2050,487
3785,2081,406,-16,0,2030,111,2051,365
3786,2080,489,0,0,2040,407,2050,168
3786,2080,491,112,0,2031,324,2060,370
3786,2080,510,0,-16,2030,258,2050,189
3786,2080,512,-16,-16,2031,356,2050,192
3786,2081,203,16,0,2030,240,2060,369
3786,2081,205,96,16,2041,276,2060,370
3786,2081,214,16,0,2040,425,2050,178
3786,2081,225,0,0,2030,258,2050,189
3786,2081,227,-16,-16,2031,356,2050,192
3787,2080,452,-96,96,2031,203,2061,343
3787,2081,517,-96,96,2031,203,2061,343
3789,2080,333,64,0,2040,221,2061,431
3789,2081,545,64,0,2040,221,2061,431
3790,2080,294,-48,48,2031,437,2061,157
3790,2080,310,0,-16,2040,373,2050,273
3790,2080,319,64,-16,2031,468,2061,182
3790,2081,123,-48,64,2031,437,2061,157
3790,2081,146,64,-48,2031,468,2061,182
3791,2080,404,48,0,2030,439,2060,205
3791,2080,418,0,-16,2030,455,2050,184
3791,2080,431,16,0,2030,464,2050,196
3791,2081,116,64,0,2031,238,2060,205
3791,2081,130,0,-16,2030,455,2050,184
3791,2081,143,16,0,2030,464,2050,196
3792,2080,519,-128,-64,2041,320,2060,194
3792,2080,522,0,0,2040,241,2050,483
3792,2081,425,-128,-64,2041,320,2060,194
3792,2081,427,0,0,2040,241,2050,483
3793,2070,387,0,112,2040,370,2050,496
3793,2071,596,0,96,2040,370,2050,496
3793,2080,534,16,-16,2041,234,2050,496
3793,2081,454,-16,0,2030,146,2050,493
3793,2081,457,16,-16,2041,234,2050,496
3794,2080,336,0,0,2031,126,2050,261
3794,2081,162,0,0,2031,126,2050,261
3795,2080,352,16,0,2041,116,2050,406
3795,2080,360,0,0,2040,292,2050,417
3795,2080,364,32,0,2041,130,2050,418
3795,2081,158,32,0,2031,198,2050,406
3795,2081,166,0,0,2040,292,2050,417
3795,2081,170,32,0,2041,130,2050,418
3797,2070,325,32,112,2030,392,2050,585
3797,2080,506,-32,16,2030,365,2050,561
3797,2080,526,64,-16,2030,385,2060,488
3797,2080,531,32,0,2030,392,2050,585
3797,2080,532,0,0,2031,443,2050,587
3797,2080,543,0,-16,2031,454,2051,246
3797,2080,544,48,0,2040,204,2060,502
3797,2081,120,-32,16,2030,365,2050,561
3797,2081,139,64,-32,2030,385,2060,488
3797,2081,143,32,32,2030,392,2050,585
3797,2081,155,-32,-16,2031,454,2050,596
3797,2081,156,48,0,2040,204,2060,502
3799,2080,488,0,-16,2031,254,2050,455
3799,2080,491,64,0,2041,206,2060,307
3799,2080,493,16,32,2030,170,2050,464
3799,2081,133,0,-16,2031,254,2050,455
3799,2081,135,64,-16,2041,206,2060,307
3799,2081,136,-144,-16,2031,262,2060,312
3800,2080,342,0,-32,2031,461,2050,307
3800,2080,357,0,0,2040,425,2050,322
3800,2081,215,0,0,2040,425,2050,322
3801,2080,481,0,-32,2040,161,2061,66
3801,2080,496,64,0,2031,395,2060,437
3801,2081,545,0,-32,2040,161,2061,66
3801,2081,559,64,0,2031,395,2060,437
3802,2080,399,48,0,2041,134,2050,367
3802,2081,332,32,16,2040,245,2050,367
3804,2070,288,0,64,2030,107,2051,230
3804,2071,423,0,80,2030,107,2051,230
3804,2080,389,0,16,2030,107,2051,230
3804,2080,390,48,-32,2031,166,2060,199
3804,2080,397,48,0,2031,177,2060,211
3804,2081,441,0,-16,2040,266,2050,354
3804,2081,442,48,-48,2031,166,2060,199
3804,2081,448,32,0,2040,278,2060,211
3806,2080,443,48,-48,2030,130,2050,359
3806,2080,455,16,0,2031,234,2050,370
3806,2081,510,48,-32,2030,130,2050,359
3806,2081,522,0,0,2040,312,2050,370
3807,2070,502,160,272,2040,466,2050,71
3807,2071,46,160,272,2040,466,2050,71
3807,2080,137,64,-16,2030,172,2060,255
3807,2080,152,160,160,2040,466,2050,71
3807,2080,168,0,-16,2040,486,2060,286
3807,2081,405,64,0,2030,172,2060,255
3807,2081,421,160,160,2040,466,2050,71
3807,2081,438,32,0,2031,342,2060,286
3808,2081,448,-16,-16,2040,370,2050,64
3809,2080,486,-48,16,2031,107,2051,282
3809,2080,487,32,-32,2041,314,2060,156
3809,2081,244,-48,16,2031,107,2051,282
3809,2081,246,32,-48,2041,314,2060,156
3811,2080,365,16,-48,2031,109,2060,149
3811,2081,173,16,-64,2031,109,2060,149
3812,2080,272,16,-16,2040,144,2060,303
3812,2081,408,16,0,2040,144,2060,303
3814,2080,437,0,0,2031,255,2050,499
3814,2081,213,16,0,2030,138,2050,499
3815,2080,209,64,0,2031,359,2060,325
3815,2081,60,0,16,2031,353,2051,158
3815,2081,65,-16,0,2031,359,2050,134
3816,2080,427,16,0,2031,197,2060,240
3816,2081,109,16,0,2031,197,2060,240
3817,2070,401,0,48,2031,160,2050,75
3817,2070,406,32,96,2031,179,2050,93
3817,2071,328,32,80,2031,179,2050,93
3817,2080,297,0,0,2031,160,2050,75
3817,2081,497,0,16,2031,160,2050,75
3818,2080,178,32,-48,2041,396,2060,215
3818,2081,440,32,-48,2041,396,2060,215
3819,2080,193,-48,-16,2040,401,2051,163
3819,2080,215,-32,0,2031,354,2050,272
3819,2081,112,-48,0,2040,401,2051,163
3819,2081,133,-32,0,2031,354,2050,272
3820,2080,427,48,-80,2030,126,2060,265
3820,2081,555,48,-80,2030,126,2060,265
3822,2080,281,96,0,2040,148,2060,401
3822,2080,297,-16,0,2030,333,2051,244
3822,2080,306,16,0,2030,343,2050,213
3822,2081,109,80,0,2031,358,2060,401
3822,2081,124,-48,0,2030,333,2050,207
3822,2081,133,16,0,2030,343,2050,213
3823,2080,446,48,0,2041,170,2060,248
3823,2080,454,32,0,2030,139,2060,255
3823,2081,96,48,-16,2041,170,2060,248
3824,2080,399,32,16,2041,285,2060,319
3824,2080,412,-16,-16,2031,374,2050,471
3824,2080,419,48,-32,2040,523,2060,334
3824,2081,150,32,0,2041,285,2060,319
3824,2081,162,-16,-16,2031,374,2050,471
3824,2081,168,48,-48,2040,523,2060,334
3825,2080,266,48,0,2030,447,2060,368
3826,2080,346,-32,0,2031,230,2050,157
3826,2081,377,-32,0,2031,230,2050,157
3827,2080,281,-16,-48,2040,342,2050,244
3827,2080,290,-16,0,2030,541,2051,201
3827,2081,134,-16,-16,2040,342,2050,244
3827,2081,142,-16,0,2030,541,2051,201
3828,2080,379,0,-32,2030,179,2060,259
3828,2081,143,0,-16,2030,179,2060,259
3829,2080,331,32,-48,2040,104,2060,208
3829,2080,348,80,-16,2031,178,2060,228
3829,2080,354,80,0,2031,184,2060,240
3829,2081,441,32,-48,2040,104,2060,208
3829,2081,457,80,-48,2031,178,2060,228
3829,2081,465,-128,208,2031,187,2061,604
3830,2080,185,48,-16,2030,356,2060,546
3830,2080,186,16,0,2030,357,2050,234
3830,2080,192,64,0,2041,399,2060,556
3830,2080,207,144,96,2030,376,2060,580
3830,2081,473,48,0,2030,356,2060,546
3830,2081,474,16,-16,2030,357,2050,234
3830,2081,480,64,32,2041,399,2060,556
3830,2081,495,144,64,2030,376,2060,580
3831,2070,317,0,64,2030,438,2050,184
3831,2071,457,0,80,2030,438,2050,184
3831,2080,221,16,-32,2031,374,2050,184
3831,2081,109,16,-32,2031,374,2050,184
3832,2080,316,80,-16,2031,108,2060,146
3832,2080,325,16,0,2031,122,2050,304
3832,2081,44,80,-16,2031,108,2060,146
3832,2081,55,-16,0,2030,273,2050,304
3833,2080,354,16,0,2031,268,2050,327
3833,2080,355,80,-16,2031,269,2060,303
3833,2080,356,16,0,2031,270,2051,160
3833,2080,360,32,-112,2031,273,2060,307
3833,2081,90,16,0,2031,268,2050,327
3833,2081,91,64,0,2040,126,2060,303
3833,2081,92,16,0,2031,270,2051,160
3833,2081,95,32,-128,2031,273,2060,307
3834,2080,311,-112,0,2030,464,2051,187
3834,2080,313,-16,0,2031,424,2050,357
3834,2081,167,-16,0,2031,424,2050,357
3835,2080,338,16,0,2031,171,2050,106
3835,2080,354,0,144,2031,203,2050,127
3835,2081,369,16,0,2031,171,2050,106
3835,2081,386,0,160,2031,203,2050,127
3836,2080,455,16,-16,2040,349,2060,307
3836,2080,469,0,-16,2030,239,2050,524
3836,2081,127,16,-16,2040,349,2060,307
3836,2081,141,0,0,2030,239,2050,524
3837,2080,173,96,0,2041,202,2050,100
3837,2081,74,96,0,2041,202,2050,100
3838,2080,392,-32,0,2040,477,2050,223
3838,2080,398,64,16,2041,334,2060,149
3838,2080,424,160,-16,2031,214,2050,243
3838,2081,250,-32,-16,2040,477,2050,223
3838,2081,255,0,0,2031,178,2050,226
3839,2070,493,0,96,2031,321,2050,241
3839,2071,162,0,96,2031,321,2050,241
3839,2080,179,0,0,2040,452,2050,234
3839,2080,189,16,0,2030,416,2050,241
3839,2080,194,64,-16,2040,475,2060,277
3839,2080,198,48,48,2031,334,2050,250
3839,2080,199,16,48,2031,335,2050,251
3839,2081,135,0,0,2040,452,2050,234
3839,2081,144,16,-16,2030,416,2050,241
3839,2081,147,112,16,2030,422,2060,277
3839,2081,152,48,16,2031,334,2050,250
3839,2081,153,16,32,2031,335,2050,251
3840,2080,381,32,-32,2031,473,2060,507
3840,2081,225,32,-32,2031,473,2060,507
3841,2080,354,0,-32,2030,56,2050,164
3841,2080,363,0,-16,2040,129,2051,312
3841,2080,365,64,0,2031,243,2051,315
3841,2080,366,-16,0,2040,133,2050,180
3841,2081,389,0,-32,2030,56,2050,164
3841,2081,397,0,-32,2040,129,2051,312
3841,2081,400,48,0,2030,68,2051,315
3841,2081,401,-16,-16,2040,133,2050,180
3842,2080,452,48,-32,2040,314,2060,394
3842,2081,152,48,0,2040,314,2060,394
3843,2071,454,32,32,2041,365,2060,135
3843,2080,353,0,0,2040,223,2050,281
3843,2081,451,0,-16,2040,223,2050,281
3844,2070,386,0,64,2041,332,2060,252
3844,2071,482,0,48,2041,332,2060,252
3844,2080,445,-16,0,2031,214,2051,112
3844,2080,459,16,0,2040,313,2051,123
3844,2081,80,16,0,2040,313,2051,123
3845,2080,360,0,0,2030,180,2050,413
3845,2081,130,0,0,2030,180,2050,413
3846,2070,200,64,48,2040,76,2060,308
3846,2071,63,64,64,2040,76,2060,308
3846,2080,481,32,0,2041,212,2060,307
3846,2080,482,64,0,2040,76,2060,308
3846,2081,419,64,-16,2040,76,2060,308
3847,2070,476,0,64,2031,346,2060,309
3847,2071,520,0,64,2031,346,2060,309
3848,2080,245,-16,0,2041,410,2050,209
3848,2081,465,64,0,2041,410,2060,335
3849,2080,384,-16,0,2030,254,2050,114
3853,2080,192,-16,-16,2031,289,2050,158
3853,2080,200,-16,0,2041,429,2050,163
3853,2081,328,-16,-16,2031,289,2050,158
3853,2081,336,-16,0,2041,429,2050,163
3854,2080,394,16,-32,2040,143,2060,264
3854,2081,438,16,-16,2040,143,2060,264
3855,2070,370,32,80,2031,221,2060,187
3855,2071,164,32,64,2031,221,2060,187
3855,2080,127,16,16,2031,201,2050,61
3855,2081,265,32,0,2040,333,2050,61
3855,2081,282,-16,-16,2040,357,2050,79
3856,2070,435,64,96,2040,301,2060,246
3856,2080,518,48,0,2040,266,2060,219
3856,2080,536,16,0,2041,382,2050,600
3856,2080,539,64,-32,2040,301,2060,246
3856,2080,540,0,16,2031,205,2050,606
3856,2080,545,0,0,2041,395,2050,612
3856,2080,547,16,-32,2040,313,2060,254
3856,2081,480,48,-16,2040,266,2060,219
3856,2081,499,16,0,2041,382,2050,600
3856,2081,502,64,-32,2040,301,2060,246
3856,2081,503,0,0,2031,205,2050,606
3856,2081,508,0,-16,2041,395,2050,612
3856,2081,510,16,-32,2040,313,2060,254
3857,2080,422,-32,0,2040,351,2050,489
3857,2080,428,112,-16,2040,361,2050,497
3857,2080,443,0,0,2030,581,2050,507
3857,2080,444,32,0,2030,583,2060,212
3857,2081,229,-16,0,2040,351,2051,273
3857,2081,235,112,-16,2040,361,2050,497
3857,2081,250,0,-16,2030,581,2050,507
3857,2081,251,48,0,2031,162,2060,212
3858,2080,319,16,0,2031,190,2050,366
3858,2081,397,0,0,2040,256,2050,366
3859,2080,533,-16,-80,2041,410,2050,500
3859,2080,549,48,32,2040,348,2050,512
3859,2081,181,-16,-64,2041,410,2050,500
3859,2081,198,48,32,2040,348,2050,512
3860,2080,282,64,-16,2031,361,2060,319
3860,2080,285,16,0,2041,467,2051,245
3860,2081,114,48,0,2030,426,2060,318
3860,2081,115,64,-32,2031,361,2060,319
3860,2081,118,-16,0,2041,467,2050,213
3861,2080,299,32,-32,2040,187,2060,42
3861,2081,108,32,-32,2040,187,2060,42
3862,2080,523,16,-16,2040,166,2050,486
3862,2080,525,64,-16,2041,246,2060,401
3862,2080,532,0,-32,2040,173,2050,492
3862,2081,121,16,-16,2040,166,2050,486
3862,2081,124,64,-16,2041,246,2060,401
3862,2081,131,0,-16,2040,173,2050,492
3863,2080,446,16,-32,2041,326,2060,283
3863,2080,463,0,0,2030,215,2050,422
3863,2081,162,16,-16,2041,326,2060,283
3863,2081,178,-16,0,2030,215,2051,140
3864,2080,287,48,32,2031,194,2060,143
3864,2081,386,48,-16,2031,194,2060,143
3866,2080,157,0,-32,2040,325,2050,206
3866,2081,388,0,-32,2040,325,2050,206
3870,2080,297,16,16,2041,435,2051,252
3870,2080,305,-16,0,2041,447,2050,232
3870,2081,118,32,0,2040,207,2050,232
3871,2070,479,80,224,2031,236,2051,167
3871,2080,376,-16,32,2031,234,2050,343
3871,2080,377,80,112,2031,236,2051,167
3871,2081,139,-16,32,2031,234,2050,343
3871,2081,140,80,128,2031,236,2051,167
3872,2080,515,16,0,2040,295,2060,244
3872,2081,101,16,-16,2040,295,2060,244
3873,2080,556,-32,0,2030,162,2050,518
3873,2080,564,0,0,2030,177,2050,531
3873,2081,124,-32,-16,2030,162,2050,518
3874,2070,708,32,64,2040,552,2060,273
3874,2071,723,32,48,2040,552,2060,273
3874,2080,468,-96,160,2030,170,2060,258
3874,2080,482,32,-48,2040,552,2060,273
3874,2081,587,-96,160,2030,170,2060,258
3874,2081,599,32,-48,2040,552,2060,273
3875,2070,430,0,64,2031,261,2060,209
3875,2071,54,0,80,2031,261,2060,209
3875,2080,147,16,0,2040,386,2051,97
3875,2080,152,64,0,2041,346,2060,189
3875,2080,159,48,-32,2031,243,2060,194
3875,2080,171,0,16,2031,261,2060,209
3875,2081,458,-16,0,2030,301,2050,63
3875,2081,463,64,0,2041,346,2060,189
3875,2081,471,48,-32,2031,243,2060,194
3875,2081,483,16,0,2030,330,2060,209
3876,2080,436,0,0,2030,98,2050,406
3876,2080,439,0,0,2030,109,2050,410
3876,2081,518,0,-32,2030,98,2050,406
3876,2081,520,0,0,2030,109,2050,410
3877,2080,319,-144,-48,2031,139,2060,174
3877,2080,339,-16,-16,2030,118,2050,307
3877,2081,52,-144,-80,2031,139,2060,174
3877,2081,72,0,16,2030,120,2050,308
3878,2080,391,16,0,2030,72,2060,187
3878,2081,107,0,0,2031,144,2050,355
3879,2070,406,32,80,2030,115,2060,259
3879,2071,540,32,80,2030,115,2060,259
3879,2080,496,80,0,2030,90,2050,459
3879,2080,510,0,0,2040,166,2051,437
3879,2080,513,-16,0,2031,223,2060,267
3879,2081,275,64,0,2031,189,2050,459
3879,2081,288,0,0,2040,166,2051,437
3879,2081,291,-16,0,2031,223,2060,267
3880,2080,210,96,-16,2040,414,2060,257
3880,2081,476,96,0,2040,414,2060,257
3881,2070,249,32,64,2030,524,2060,437
3881,2071,70,32,64,2030,524,2060,437
3881,2080,378,-16,-16,2031,484,2050,344
3881,2080,379,64,0,2040,125,2050,345
3881,2081,303,48,0,2031,484,2060,437
3881,2081,304,64,16,2040,125,2050,345
3882,2080,234,0,0,2041,435,2051,93
3882,2080,237,32,0,2031,388,2060,342
3882,2080,253,-48,208,2030,521,2061,69
3882,2081,129,16,0,2040,294,2051,93
3882,2081,147,-32,192,2031,408,2061,69
3883,2080,276,0,0,2031,234,2051,160
3883,2080,283,0,0,2031,247,2051,171
3883,2080,289,48,-16,2041,136,2060,213
3883,2081,491,0,0,2031,234,2051,160
3883,2081,498,32,0,2030,384,2060,202
3883,2081,504,48,-32,2041,136,2060,213
3884,2080,462,48,0,2030,65,2060,208
3884,2080,468,-32,0,2031,259,2051,493
3884,2080,478,0,16,2040,144,2050,188
3884,2081,542,0,32,2040,144,2050,188
3885,2080,320,0,-16,2030,141,2050,370
3885,2081,74,0,-16,2030,141,2050,370
3886,2080,365,0,0,2030,107,2050,409
3886,2081,336,16,0,2040,150,2050,409
3887,2080,236,64,-16,2030,442,2060,310
3887,2080,242,-16,-16,2031,278,2050,153
3887,2080,267,32,16,2031,304,2060,340
3887,2081,62,64,-16,2030,442,2060,310
3887,2081,69,-16,0,2031,278,2050,153
3887,2081,95,32,16,2031,304,2060,340
3888,2080,311,80,0,2030,168,2060,429
3888,2081,202,80,-16,2030,168,2060,429
3889,2080,456,0,-32,2040,283,2050,328
3889,2080,463,0,-16,2031,199,2060,250
3889,2081,524,0,-16,2040,283,2050,328
3889,2081,531,0,-32,2031,199,2060,250
3890,2070,177,48,16,2041,147,2060,245
3890,2071,256,48,16,2041,147,2060,245
3890,2080,363,48,0,2030,49,2060,224
3890,2081,410,-16,-16,2030,49,2050,330
3891,2070,289,0,128,2041,250,2060,305
3891,2071,422,0,128,2041,250,2060,305
3891,2080,191,0,0,2040,84,2050,146
3891,2080,195,0,0,2031,339,2051,223
3891,2080,199,64,-16,2040,93,2060,313
3891,2081,112,0,0,2040,84,2050,146
3891,2081,116,0,0,2041,250,2060,305
3891,2081,121,64,-32,2040,93,2060,313
3892,2070,342,16,96,2031,199,2060,167
3892,2071,354,16,80,2031,199,2060,167
3892,2080,445,0,0,2040,162,2050,274
3892,2081,501,0,-16,2040,162,2050,274
3894,2070,406,-16,176,2040,287,2061,247
3894,2071,443,-16,160,2040,287,2061,247
3895,2080,285,0,16,2040,166,2050,204
3895,2081,120,16,0,2041,437,2050,204
3896,2080,250,16,0,2031,403,2060,443
3896,2080,259,16,-16,2030,298,2051,216
3896,2081,81,16,0,2031,385,2050,159
3896,2081,93,16,0,2031,403,2060,443
3896,2081,102,-32,0,2030,298,2050,183
3897,2080,265,80,-16,2040,313,2060,105
3897,2080,278,0,-16,2031,155,2050,244
3897,2081,361,80,0,2040,313,2060,105
3897,2081,374,0,0,2031,155,2050,244
3898,2080,271,32,-16,2031,402,2050,243
3898,2081,118,32,-80,2031,402,2050,243
3900,2080,268,128,-16,2031,143,2050,69
3900,2080,275,-64,-112,2031,148,2060,109
3900,2081,306,128,0,2031,143,2050,69
3901,2070,365,16,112,2040,244,2050,440
3901,2080,477,16,0,2040,244,2050,440
3901,2080,482,0,-32,2031,169,2050,445
3901,2081,81,16,0,2040,244,2050,440
3901,2081,84,0,-48,2031,169,2050,445
3902,2080,345,0,-32,2030,246,2050,314
3902,2080,347,-64,0,2031,134,2050,319
3902,2081,282,0,-32,2030,246,2050,314
3902,2081,284,-64,0,2031,134,2050,319
3903,2080,322,80,0,2031,140,2060,180
3903,2080,326,64,0,2031,146,2060,182
3903,2081,67,80,-32,2031,140,2060,180
3903,2081,71,64,-32,2031,146,2060,182
3904,2080,551,-48,160,2040,260,2051,378
3904,2080,552,64,0,2030,121,2060,213
3904,2081,414,-48,144,2040,260,2051,378
3904,2081,415,48,0,2031,169,2060,213
3906,2070,484,0,64,2040,437,2060,405
3906,2071,349,0,64,2040,437,2060,405
3906,2080,173,16,0,2030,269,2060,405
3906,2080,192,144,32,2030,284,2060,416
3906,2081,210,0,0,2040,437,2060,405
3906,2081,229,64,0,2031,383,2060,416
3907,2080,230,0,-16,2030,338,2050,138
3907,2081,435,0,-16,2030,338,2050,138
3908,2070,442,96,240,2041,393,2050,145
3908,2071,490,96,240,2041,393,2050,145
3908,2080,312,64,-16,2040,252,2060,167
3908,2080,318,0,-48,2040,257,2050,143
3908,2080,321,-16,0,2041,389,2051,354
3908,2080,330,16,-16,2041,403,2060,185
3908,2081,51,64,-32,2040,252,2060,167
3908,2081,59,0,-32,2040,257,2050,143
3908,2081,70,48,-16,2030,478,2060,185
3909,2080,482,64,224,2030,113,2061,325
3909,2080,491,-16,0,2031,381,2050,546
3909,2080,500,0,16,2031,395,2050,552
3909,2080,506,80,0,2030,138,2061,338
3909,2081,93,0,16,2031,395,2050,552
3909,2081,98,96,-16,2041,274,2061,338
3910,2080,161,32,0,2040,50,2050,130
3910,2080,181,80,-32,2030,455,2060,374
3910,2080,182,-48,0,2040,79,2050,151
3910,2081,294,-48,16,2040,79,2050,151
3910,2081,295,80,-32,2030,455,2060,374
3911,2080,325,32,-32,2030,470,2060,133
3911,2081,226,32,112,2030,470,2060,133
3912,2070,140,0,16,2030,176,2061,410
3912,2080,381,-48,-16,2041,88,2051,327
3912,2080,401,0,0,2041,116,2050,319
3912,2081,4,-48,0,2041,88,2051,327
3912,2081,28,0,-16,2041,116,2050,319
3914,2080,436,16,-32,2040,178,2060,282
3914,2080,454,48,32,2040,203,2060,298
3914,2081,494,16,-32,2040,178,2060,282
3914,2081,511,-16,-32,2040,200,2050,270
3914,2081,512,48,0,2040,203,2060,298
3915,2080,122,48,0,2031,194,2060,166
3915,2081,245,48,-16,2031,194,2060,166
3916,2080,365,-16,0,2031,128,2050,337
3917,2080,448,48,-16,2031,293,2060,333
3917,2081,108,48,-32,2031,293,2060,333
3918,2070,441,96,80,2030,349,2050,120
3918,2071,54,96,80,2030,349,2050,120
3918,2080,200,64,0,2031,233,2060,273
3918,2080,203,80,0,2030,339,2060,275
3918,2081,447,48,0,2040,59,2060,273
3918,2081,450,80,0,2030,339,2060,275
3921,2070,351,16,64,2040,346,2060,304
3921,2080,465,0,16,2030,199,2050,438
3921,2080,484,32,0,2030,220,2060,296
3921,2080,490,32,0,2030,229,2060,304
3921,2081,96,16,0,2031,233,2050,438
3921,2081,116,32,0,2030,220,2060,296
3921,2081,121,32,0,2030,229,2060,304
3922,2080,357,16,0,2040,188,2051,265
3922,2081,524,0,16,2041,442,2051,265
3923,2080,169,32,0,2031,138,2060,98
3923,2081,62,32,16,2031,138,2060,98
3924,2080,139,0,0,2040,185,2051,80
3924,2081,308,0,0,2040,185,2051,80
3925,2080,584,48,-32,2030,389,2060,176
3925,2080,594,64,16,2040,457,2060,188
3925,2080,609,32,0,2041,294,2050,571
3925,2081,346,48,0,2030,389,2060,176
3925,2081,356,64,0,2040,457,2060,188
3925,2081,370,32,0,2041,294,2050,571
3927,2080,239,-48,0,2040,310,2050,204
3930,2080,557,64,0,2031,228,2060,271
3930,2080,570,16,16,2031,244,2050,462
3930,2081,75,80,-16,2030,153,2060,271
3930,2081,90,16,16,2031,244,2050,462
3931,2080,450,-32,16,2030,105,2050,413
3931,2080,454,80,48,2031,155,2050,418
3931,2081,389,80,64,2031,155,2050,418
3932,2080,523,-16,0,2031,237,2051,361
3932,2080,531,16,0,2040,333,2060,285
3932,2080,539,64,-16,2030,181,2060,293
3932,2081,125,0,0,2031,237,2050,485
3932,2081,134,16,-16,2040,333,2060,285
3932,2081,141,64,-48,2030,181,2060,293
3933,2080,172,64,-32,2041,375,2060,254
3933,2080,175,32,0,2041,379,2061,105
3933,2080,188,80,0,2031,312,2060,269
3933,2080,193,-16,-16,2040,246,2050,161
3933,2080,194,0,96,2041,405,2051,92
3933,2081,44,64,-32,2041,375,2060,254
3933,2081,57,96,0,2030,339,2060,269
3933,2081,64,0,96,2041,405,2051,92
3935,2080,240,48,0,2030,478,2060,280
3935,2080,249,-16,0,2041,395,2050,175
3935,2081,442,48,0,2030,478,2060,280
3935,2081,452,16,-16,2040,131,2050,175
3936,2071,428,16,0,2040,205,2050,124
3936,2080,157,16,-128,2040,205,2050,124
3936,2081,51,16,-128,2040,205,2050,124
3937,2080,222,64,16,2031,387,2060,336
3937,2081,510,64,-16,2031,387,2060,336
3938,2080,151,-96,80,2031,269,2060,231
3938,2081,301,-96,64,2031,269,2060,231
3939,2080,442,64,0,2041,179,2050,397
3939,2080,449,80,0,2031,558,2060,508
3939,2080,462,0,16,2031,581,2050,424
3939,2080,465,0,0,2031,583,2060,535
3939,2081,143,64,0,2041,179,2050,397
3939,2081,150,80,0,2031,558,2060,508
3939,2081,165,-16,0,2040,288,2051,244
3940,2080,276,64,-16,2031,325,2060,356
3940,2081,173,64,-16,2031,325,2060,356
3942,2080,195,16,16,2040,460,2050,130
3943,2070,419,0,80,2030,446,2050,169
3943,2071,454,0,80,2030,446,2050,169
3943,2080,350,32,0,2030,437,2060,184
3943,2080,360,0,0,2030,446,2050,169
3943,2081,111,0,0,2031,226,2051,317
3944,2080,468,0,0,2040,177,2050,296
3944,2081,535,0,0,2040,177,2050,296
3946,2080,260,32,0,2030,322,2050,144
3946,2081,488,32,-16,2030,322,2050,144
3946,2081,504,-16,0,2040,554,2050,158
3947,2080,537,-160,-96,2040,363,2060,261
3947,2081,323,-160,-112,2040,363,2060,261
3948,2070,241,0,64,2031,293,2051,254
3948,2071,134,0,64,2031,293,2051,254
3948,2080,394,16,-32,2031,314,2060,355
3948,2081,84,96,32,2030,118,2060,355
3949,2080,280,48,0,2031,418,2060,449
3950,2070,547,16,48,2030,504,2051,199
3950,2071,174,16,48,2030,504,2051,199
3950,2080,282,16,0,2041,557,2060,396
3950,2080,292,48,32,2030,498,2060,405
3950,2080,293,0,0,2040,356,2051,190
3950,2080,307,-16,-32,2040,367,2051,198
3950,2080,308,0,0,2031,465,2050,258
3950,2080,310,0,32,2031,471,2060,417
3950,2081,132,0,0,2031,437,2050,238
3950,2081,141,48,32,2030,498,2060,405
3950,2081,142,-16,0,2040,356,2050,248
3950,2081,156,-16,-16,2040,367,2051,198
3950,2081,157,0,0,2031,465,2050,258
3950,2081,161,0,32,2031,471,2060,417
3951,2080,425,64,0,2041,373,2060,149
3951,2080,426,-32,0,2031,187,2050,107
3951,2081,225,64,0,2041,373,2060,149
3951,2081,226,-32,16,2031,187,2050,107
3952,2080,210,0,-32,2041,337,2050,242
3952,2080,214,80,16,2030,86,2060,155
3952,2080,218,-160,128,2040,296,2060,163
3952,2081,404,80,16,2030,86,2060,155
3952,2081,408,-160,160,2040,296,2060,163
3953,2080,399,-64,112,2040,121,2060,323
3953,2080,400,-144,224,2030,173,2061,485
3953,2080,409,64,-16,2040,142,2060,336
3953,2081,456,-64,128,2040,121,2060,323
3953,2081,465,64,0,2040,142,2060,336
3954,2070,238,32,80,2040,291,2060,139
3954,2071,411,32,80,2040,291,2060,139
3954,2080,320,64,0,2040,260,2060,128
3955,2080,396,-144,160,2030,81,2060,338
3955,2081,198,-144,160,2030,81,2060,338
3956,2080,410,0,0,2031,226,2051,157
3956,2081,182,-16,-16,2031,226,2050,380
3956,2081,204,32,-48,2031,256,2060,287
3957,2080,310,0,32,2030,336,2060,409
3957,2080,311,32,0,2030,338,2050,215
3957,2080,316,-32,-16,2031,377,2050,221
3957,2081,133,0,16,2030,336,2060,409
3957,2081,134,32,16,2030,338,2050,215
3957,2081,138,-32,0,2031,377,2050,221
3959,2070,397,0,96,2030,56,2051,183
3959,2071,443,0,96,2030,56,2051,183
3959,2080,262,0,0,2030,56,2051,183
3959,2080,268,16,-32,2041,357,2060,133
3959,2081,419,0,0,2031,90,2050,228
3959,2081,424,16,-32,2041,357,2060,133
3960,2080,125,64,192,2030,336,2060,172
3960,2080,137,64,0,2030,355,2060,187
3960,2081,52,64,0,2030,355,2060,187
3961,2070,444,0,64,2031,239,2051,169
3961,2071,587,0,80,2031,239,2051,169
3961,2080,511,0,-16,2030,137,2050,479
3961,2081,314,0,-16,2030,137,2050,479
3962,2080,443,16,0,2040,265,2050,408
3962,2080,444,112,-16,2040,268,2050,411
3962,2080,454,-16,0,2031,206,2051,386
3962,2080,456,16,0,2041,515,2050,425
3962,2081,159,16,0,2040,265,2050,408
3962,2081,161,112,0,2040,268,2050,411
3963,2070,415,0,64,2041,380,2051,302
3963,2071,98,0,64,2041,380,2051,302
3963,2080,333,64,0,2040,153,2060,227
3963,2080,346,32,-32,2030,474,2060,238
3963,2081,428,80,0,2031,258,2060,227
3963,2081,442,32,-16,2030,474,2060,238
3964,2080,542,-16,-16,2030,161,2050,454
3964,2081,127,-16,-16,2030,161,2050,454
3965,2070,451,16,64,2040,433,2060,302
3965,2080,258,-32,0,2040,433,2050,230
3965,2081,182,32,0,2040,410,2061,359
3965,2081,196,-32,-16,2040,433,2050,230
3966,2080,309,16,-16,2040,121,2050,237
3966,2081,52,16,-16,2040,121,2050,237
3967,2071,493,16,64,2030,405,2060,302
3967,2080,268,0,-16,2040,167,2050,201
3967,2081,126,0,0,2040,167,2050,201
3968,2070,347,0,128,2031,284,2051,69
3968,2071,398,0,112,2031,284,2051,69
3968,2080,130,-16,0,2041,353,2050,93
3968,2081,294,-16,0,2041,353,2050,93
3969,2071,432,32,64,2040,75,2060,206
3969,2080,178,-16,0,2031,245,2050,113
3969,2080,182,48,0,2031,248,2060,211
3969,2081,307,48,0,2031,245,2060,206
3969,2081,311,0,0,2040,78,2051,144
3970,2070,436,16,112,2040,322,2050,512
3970,2080,520,32,0,2031,194,2060,244
3970,2080,554,16,-16,2040,322,2050,512
3970,2081,104,32,0,2031,194,2060,244
3970,2081,135,16,-16,2040,322,2050,512
3971,2080,320,-16,0,2031,383,2050,241
3971,2081,72,-16,0,2031,383,2050,241
3972,2080,145,-32,0,2040,353,2051,84
3972,2080,159,64,-112,2030,323,2060,247
3972,2081,112,-32,16,2040,353,2051,84
3972,2081,124,64,-48,2030,323,2060,247
3973,2070,431,48,64,2031,332,2050,74
3973,2071,54,48,80,2031,332,2050,74
3973,2080,157,48,0,2031,332,2050,74
3973,2081,243,48,-16,2031,332,2050,74
3977,2080,448,48,-16,2031,365,2060,315
3977,2080,449,32,0,2030,538,2050,280
3977,2081,570,80,0,2030,536,2060,315
3977,2081,571,32,0,2030,538,2050,280
3978,2080,455,0,-16,2030,170,2050,432
3978,2080,458,80,-32,2040,335,2060,296
3978,2081,131,0,-32,2030,170,2050,432
3978,2081,134,80,-32,2040,335,2060,296
3980,2070,274,16,128,2030,237,2051,342
3980,2071,320,16,112,2030,237,2051,342
3980,2080,393,16,32,2030,237,2051,342
3980,2081,206,16,32,2030,237,2051,342
3981,2070,552,16,48,2041,487,2060,354
3981,2071,121,16,48,2041,487,2060,354
3981,2080,331,0,0,2030,585,2050,233
3981,2081,614,16,-32,2031,418,2050,233
3982,2070,416,-160,288,2030,150,2061,263
3982,2071,538,-160,272,2030,150,2061,263
3982,2080,501,-160,192,2030,150,2061,263
3982,2081,123,-160,176,2030,150,2061,263
3983,2080,511,48,-32,2031,252,2060,292
3983,2080,514,48,-16,2040,343,2060,296
3983,2081,144,48,0,2031,252,2060,292
3983,2081,148,48,-16,2040,343,2060,296
3984,2080,309,32,0,2040,373,2060,122
3984,2081,229,16,0,2030,410,2050,85
3985,2080,436,0,-32,2030,372,2050,406
3985,2081,133,-112,128,2040,239,2061,106
3985,2081,134,0,-16,2030,372,2050,406
3986,2080,126,64,-48,2040,189,2050,97
3986,2080,131,96,0,2030,233,2060,416
3986,2081,335,64,-48,2040,189,2050,97
3986,2081,340,80,0,2031,384,2060,416
3987,2080,313,-16,0,2031,194,2050,123
3987,2080,331,-80,16,2031,215,2050,135
3987,2081,78,-16,0,2031,194,2050,123
3988,2080,301,16,-16,2040,181,2050,264
3988,2080,309,64,0,2030,94,2060,361
3988,2080,323,-32,-16,2031,412,2050,286
3988,2081,47,16,0,2040,181,2050,264
3988,2081,56,64,0,2030,94,2060,361
3988,2081,68,-32,-16,2031,412,2050,286
3989,2080,284,32,-32,2031,360,2060,322
3989,2081,488,32,-48,2031,360,2060,322
3990,2070,445,48,80,2040,265,2061,523
3990,2080,199,-16,0,2040,265,2050,162
3990,2081,372,-16,0,2040,265,2050,162
3991,2080,289,48,0,2031,439,2060,391
3991,2080,297,-16,0,2040,555,2050,363
3991,2080,300,-16,-16,2031,458,2050,368
3991,2081,201,48,-32,2031,439,2060,391
3991,2081,208,-16,-16,2040,555,2050,363
3991,2081,211,-16,0,2031,458,2050,368
3992,2080,436,0,0,2031,162,2051,280
3992,2080,446,32,-32,2040,260,2060,217
3992,2081,124,0,0,2030,492,2050,405
3992,2081,134,32,-48,2040,260,2060,217
3993,2070,315,16,64,2040,152,2060,416
3993,2071,433,16,48,2040,152,2060,416
3993,2080,244,32,0,2040,170,2050,210
3993,2081,132,32,-16,2040,170,2050,210
3994,2080,233,16,0,2030,332,2050,293
3994,2080,235,0,0,2040,123,2050,294
3994,2080,249,-16,0,2030,349,2051,193
3994,2081,83,0,0,2031,448,2050,293
3994,2081,85,16,-16,2041,402,2050,294
3994,2081,99,48,0,2031,470,2061,64
3995,2080,248,80,0,2030,303,2060,426
3995,2080,265,64,-16,2031,405,2060,444
3995,2080,271,-48,-16,2041,366,2050,237
3995,2081,177,80,-16,2030,303,2060,426
3995,2081,193,64,-16,2031,405,2060,444
3995,2081,199,-48,16,2041,366,2050,237
3996,2070,460,-16,80,2041,411,2050,540
3996,2071,591,-16,80,2041,411,2050,540
3996,2080,496,16,0,2030,209,2050,560
3996,2081,143,16,0,2030,209,2050,560
3997,2070,327,112,256,2030,118,2050,431
3997,2071,61,112,240,2030,118,2050,431
3997,2080,374,0,0,2030,117,2051,81
3997,2080,375,112,0,2030,118,2050,431
3997,2081,465,0,0,2031,215,2050,430
3997,2081,466,112,0,2030,118,2050,431
3998,2080,569,48,16,2040,262,2060,460
3998,2080,576,32,-16,2041,331,2060,466
3998,2080,596,-48,32,2031,445,2060,490
3998,2081,631,48,0,2040,262,2060,460
3998,2081,638,32,-32,2041,331,2060,466
3998,2081,659,-48,32,2031,445,2060,490
3999,2080,254,16,0,2031,89,2060,132
3999,2080,283,16,0,2040,211,2050,351
3999,2081,469,32,0,2041,396,2060,132
3999,2081,500,16,0,2040,211,2050,351
4001,2080,274,64,0,2041,471,2060,313
4001,2080,277,0,0,2040,139,2061,399
4001,2081,93,64,0,2041,471,2060,313
4001,2081,96,-16,0,2030,429,2051,220
4002,2080,306,0,-80,2040,217,2050,272
4002,2080,321,-112,128,2041,366,2060,203
4002,2081,414,0,-96,2040,217,2050,272
4002,2081,429,-112,48,2041,366,2060,203
4003,2080,133,64,0,2030,433,2060,218
4003,2081,400,64,0,2030,433,2060,218
4004,2080,238,0,0,2030,485,2051,183
4005,2080,366,0,16,2030,580,2051,153
4005,2081,456,0,0,2031,186,2050,327
4009,2080,366,-48,-32,2040,240,2050,86
4009,2080,370,-48,16,2030,462,2050,95
4009,2081,425,-48,-48,2040,240,2050,86
4011,2070,421,16,80,2040,225,2061,339
4011,2071,185,16,64,2040,225,2061,339
4012,2081,485,0,16,2031,100,2051,255
4012,2081,491,-16,0,2040,184,2050,318
4013,2080,428,-80,64,2041,354,2061,553
4013,2081,292,-80,48,2041,354,2061,553
4014,2080,453,0,0,2031,136,2050,422
4014,2080,483,16,-16,2030,395,2050,449
4014,2080,487,16,0,2031,176,2050,451
4014,2081,126,16,-16,2030,395,2050,449
4014,2081,131,16,0,2031,176,2050,451
4016,2070,462,0,96,2040,195,2051,105
4016,2071,469,0,80,2040,195,2051,105
4016,2080,256,0,-16,2040,195,2051,105
4016,2081,154,0,0,2040,195,2051,105
4017,2080,462,0,0,2030,254,2050,417
4017,2080,469,16,0,2030,262,2051,71
4017,2080,470,16,0,2040,345,2050,429
4017,2080,481,64,0,2040,361,2060,116
4017,2081,209,0,-16,2041,294,2061,177
4017,2081,216,-16,0,2030,262,2050,427
4017,2081,228,64,0,2040,361,2060,116
4018,2080,447,16,-16,2040,283,2060,184
4018,2080,450,16,-16,2040,286,2050,410
4018,2080,454,0,32,2030,548,2050,414
4018,2080,456,-144,-32,2031,150,2060,196
4018,2081,507,-48,0,2040,283,2051,91
4018,2081,510,16,0,2040,286,2050,410
4018,2081,515,0,16,2030,548,2050,414
4019,2080,181,64,0,2031,296,2060,334
4019,2081,236,64,0,2031,296,2060,334
4021,2080,134,0,-16,2031,246,2050,177
4021,2080,148,80,0,2030,372,2060,227
4021,2081,55,0,-16,2031,246,2050,177
4021,2081,70,80,-16,2030,372,2060,227
4022,2080,506,80,32,2031,332,2060,370
4022,2080,510,64,0,2031,338,2060,372
4022,2080,521,16,0,2030,277,2050,203
4022,2080,531,0,-16,2041,315,2050,210
4022,2080,537,-128,128,2031,367,2061,181
4022,2081,226,80,32,2031,332,2060,370
4022,2081,231,64,0,2031,338,2060,372
4022,2081,244,16,0,2030,277,2050,203
4022,2081,253,32,0,2040,435,2050,210
4022,2081,257,-128,112,2031,367,2061,181
4023,2070,371,16,64,2040,208,2060,396
4023,2071,132,16,64,2040,208,2060,396
4023,2080,290,16,-16,2030,447,2050,225
4023,2080,302,-64,16,2040,208,2050,240
4023,2081,139,16,-16,2030,447,2050,225
4023,2081,151,-64,0,2040,208,2050,240
4024,2070,566,48,96,2041,516,2060,384
4024,2070,568,48,80,2030,476,2060,390
4024,2080,266,80,0,2030,456,2060,372
4024,2080,267,-32,-128,2041,499,2051,159
4024,2080,275,48,0,2041,516,2060,384
4024,2080,284,64,-16,2040,356,2060,390
4024,2081,121,80,0,2030,456,2060,372
4024,2081,122,-32,-160,2041,499,2051,159
4024,2081,131,0,0,2030,469,2051,167
4024,2081,142,64,-16,2040,356,2060,390
4025,2080,184,64,0,2041,359,2060,281
4025,2081,55,64,-32,2041,359,2060,281
4026,2080,245,32,0,2031,316,2060,275
4026,2081,150,32,-32,2031,316,2060,275
4027,2070,547,48,80,2041,502,2060,354
4027,2071,552,48,64,2041,502,2060,354
4027,2071,553,0,32,2041,518,2060,370
4027,2080,325,64,-16,2031,395,2060,354
4027,2080,327,32,0,2031,397,2060,356
4027,2080,338,32,-16,2040,224,2060,370
4027,2081,165,96,0,2030,462,2060,354
4027,2081,167,32,0,2031,397,2060,356
4027,2081,178,32,-16,2040,224,2060,370
4028,2080,218,0,16,2030,383,2050,182
4028,2080,233,16,0,2030,395,2061,85
4028,2081,340,0,-16,2030,383,2050,182
4028,2081,352,-32,-16,2030,395,2050,191
4029,2081,96,0,48,2031,130,2050,455
4030,2080,369,48,0,2031,240,2060,287
4032,2080,484,48,-16,2040,293,2060,248
4032,2081,177,48,-16,2040,293,2060,248
4034,2080,260,0,16,2031,317,2051,207
4034,2080,267,-32,0,2031,328,2050,186
4034,2081,115,-32,-16,2031,328,2050,186
4035,2080,368,-48,0,2041,196,2051,69
4035,2080,369,-160,-48,2031,93,2060,129
4035,2080,384,-16,-32,2031,109,2050,347
4035,2080,387,-16,-16,2040,174,2050,351
4035,2081,258,-48,-16,2041,196,2051,69
4035,2081,259,-160,-32,2031,93,2060,129
4035,2081,274,-16,-16,2031,109,2050,347
4035,2081,277,-16,-16,2040,174,2050,351
4036,2080,350,0,0,2040,278,2050,311
4036,2080,362,-16,0,2040,291,2050,328
4036,2081,121,0,0,2040,278,2050,311
4037,2070,422,16,32,2041,395,2060,302
4037,2080,274,0,-16,2040,181,2050,212
4037,2080,276,-64,-64,2030,146,2060,303
4037,2081,107,0,-16,2040,181,2050,212
4037,2081,109,-64,-48,2030,146,2060,303
4038,2080,102,32,-48,2031,221,2060,184
4038,2081,319,32,-16,2031,221,2060,184
4039,2080,383,-16,-16,2031,181,2050,421
4039,2080,398,-128,-16,2030,127,2050,439
4039,2081,356,-16,0,2031,181,2050,421
4039,2081,370,-160,0,2030,127,2051,343
4040,2080,454,64,16,2030,546,2060,176
4041,2080,220,0,-32,2040,258,2060,148
4041,2081,294,0,-48,2040,258,2060,148
4042,2080,300,32,0,2030,414,2050,179
4042,2080,301,0,0,2040,242,2050,181
4042,2081,203,16,0,2040,241,2050,179
4042,2081,204,0,-16,2040,242,2050,181
4043,2080,416,0,16,2030,541,2050,222
4043,2080,429,0,0,2031,310,2060,263
4043,2080,446,-16,-16,2040,208,2050,245
4043,2080,448,-48,0,2040,212,2050,247
4043,2081,129,32,64,2030,539,2050,219
4043,2081,130,0,0,2030,541,2050,222
4043,2081,144,16,-16,2030,561,2060,263
4043,2081,161,-16,-32,2040,208,2050,245
4044,2080,411,0,0,2041,197,2051,224
4044,2080,415,-32,0,2031,139,2050,389
4044,2081,250,0,0,2041,197,2051,224
4044,2081,254,-32,0,2031,139,2050,389
4045,2070,428,16,128,2040,321,2050,109
4045,2080,155,-32,-16,2040,290,2050,84
4045,2080,176,16,16,2040,321,2050,109
4045,2081,329,-32,-32,2040,290,2050,84
4045,2081,347,16,0,2040,321,2050,109
4046,2080,205,0,0,2030,375,2051,155
4046,2081,331,0,-16,2030,375,2051,155
4047,2080,525,0,0,2040,424,2051,463
4047,2081,557,32,0,2030,143,2060,265
4048,2080,178,-32,-32,2040,95,2050,142
4048,2080,190,-64,0,2040,108,2050,152
4048,2081,253,-32,-32,2040,95,2050,142
4048,2081,266,-64,16,2040,108,2050,152
4049,2080,324,-160,16,2040,236,2051,273
4049,2080,328,0,0,2031,168,2050,207
4049,2081,425,-160,16,2040,236,2051,273
4049,2081,429,0,0,2031,168,2050,207
4050,2080,556,160,-16,2031,275,2050,318
4050,2080,558,16,16,2030,493,2051,591
4050,2080,570,112,0,2030,504,2060,242
4050,2081,450,160,-16,2031,275,2050,318
4050,2081,462,112,-16,2030,504,2060,242
4051,2080,248,-16,-16,2031,392,2050,216
4051,2080,250,32,0,2041,510,2060,361
4051,2080,253,-16,-16,2041,522,2051,178
4051,2081,433,-16,0,2031,392,2050,216
4051,2081,435,0,0,2030,471,2050,222
4051,2081,439,-48,0,2041,522,2050,232
4052,2080,264,80,0,2040,322,2060,368
4052,2081,135,64,0,2031,408,2060,368
4053,2080,435,160,-16,2041,196,2050,493
4053,2080,445,112,-32,2031,263,2050,502
4053,2080,452,48,-16,2040,363,2060,319
4053,2080,456,80,-16,2030,171,2060,323
4053,2081,118,160,-48,2041,196,2050,493
4053,2081,128,112,-48,2031,263,2050,502
4053,2081,135,-48,16,2040,363,2050,506
4053,2081,139,80,-16,2030,171,2060,323
4054,2070,478,0,80,2030,501,2051,171
4054,2071,122,0,96,2030,501,2051,171
4054,2080,249,64,-32,2040,300,2060,336
4054,2081,404,64,-32,2040,300,2060,336
4055,2080,465,-16,0,2030,535,2050,126
4055,2080,466,64,-16,2030,536,2060,313
4055,2080,468,80,0,2030,538,2060,319
4055,2081,175,-16,-16,2030,535,2050,126
4055,2081,176,64,-32,2030,536,2060,313
4055,2081,178,80,-16,2030,538,2060,319
4057,2080,215,-144,176,2030,343,2061,128
4057,2080,218,48,0,2040,313,2060,434
4057,2081,528,48,-32,2040,313,2060,434
4058,2070,494,0,96,2040,464,2050,244
4058,2070,497,16,64,2031,211,2060,173
4058,2071,125,16,48,2031,211,2060,173
4058,2080,296,64,0,2031,203,2060,164
4058,2080,298,0,0,2040,464,2050,244
4058,2080,299,0,-16,2030,431,2050,249
4058,2081,138,64,0,2031,203,2060,164
4058,2081,140,16,-32,2041,363,2050,244
4058,2081,141,0,-32,2030,431,2050,249
4060,2080,199,0,0,2031,327,2050,257
4060,2081,136,0,0,2031,327,2050,257
4061,2080,307,32,0,2031,433,2050,361
4061,2080,332,-64,64,2030,525,2050,380
4061,2080,340,16,-16,2030,535,2050,389
4061,2081,150,32,0,2031,433,2050,361
4061,2081,174,-64,48,2030,525,2050,380
4061,2081,181,16,-16,2030,535,2050,389
4062,2080,496,0,0,2041,397,2050,554
4062,2081,196,32,0,2040,315,2060,281
4063,2071,447,-128,32,2031,402,2060,363
4063,2080,248,112,32,2030,433,2060,363
4063,2080,259,-80,96,2031,414,2060,373
4063,2081,163,112,0,2030,433,2060,363
4063,2081,175,-80,80,2031,414,2060,373
4064,2080,321,16,-16,2040,346,2050,135
4064,2080,330,144,96,2040,359,2050,143
4064,2080,336,16,0,2031,229,2050,150
4064,2081,447,16,-16,2040,346,2050,135
4064,2081,457,144,96,2040,359,2050,143
4064,2081,463,16,0,2031,229,2050,150
4065,2080,143,80,-16,2031,230,2060,187
4065,2080,155,48,0,2040,388,2060,197
4065,2080,160,16,0,2030,314,2050,83
4065,2080,170,16,32,2030,326,2050,92
4065,2081,443,80,-16,2031,230,2060,187
4065,2081,453,48,-32,2040,388,2060,197
4065,2081,459,16,-16,2030,314,2050,83
4065,2081,466,16,16,2030,326,2050,92
4067,2080,223,-16,0,2030,250,2050,164
4067,2080,225,48,16,2041,286,2060,346
4067,2081,94,64,-16,2040,125,2060,346
4070,2070,447,32,128,2041,411,2051,85
4070,2071,63,32,112,2041,411,2051,85
4070,2080,188,0,-16,2040,106,2050,151
4070,2080,195,-32,-16,2031,285,2050,156
4070,2080,208,-16,-16,2040,134,2050,175
4070,2081,318,32,0,2030,350,2050,151
4070,2081,337,32,0,2030,377,2050,175
4071,2080,256,64,48,2031,328,2050,182
4071,2081,461,64,16,2031,328,2050,182
4072,2080,304,80,16,2031,385,2060,416
4072,2080,308,48,0,2030,79,2060,422
4072,2081,350,80,-16,2031,385,2060,416
4072,2081,354,0,0,2031,391,2051,224
4073,2080,241,32,32,2040,99,2061,375
4073,2080,249,-64,64,2030,452,2061,379
4073,2081,409,32,0,2040,99,2061,375
4073,2081,417,-64,64,2030,452,2061,379
4074,2080,379,0,-64,2030,477,2050,179
4074,2080,395,0,0,2030,492,2051,352
4074,2081,148,0,-32,2030,477,2050,179
4075,2080,379,0,0,2040,190,2050,348
4075,2080,388,0,0,2031,138,2051,236
4075,2081,59,16,0,2030,84,2050,348
4076,2071,521,32,80,2030,208,2060,83
4076,2080,433,0,0,2041,337,2050,172
4076,2080,444,0,0,2031,146,2051,472
4076,2080,448,48,16,2030,232,2050,188
4076,2080,450,16,-16,2040,281,2061,507
4076,2081,383,0,16,2041,337,2050,172
4076,2081,394,-16,0,2031,146,2050,183
4076,2081,398,-16,-16,2031,152,2050,188
4076,2081,401,16,-16,2040,281,2061,507
4077,2080,353,64,0,2030,149,2060,223
4077,2081,120,64,0,2030,149,2060,223
4078,2080,320,48,0,2040,193,2060,391
4078,2080,331,48,0,2031,371,2060,416
4078,2081,163,64,-16,2030,528,2060,391
4078,2081,175,-16,-16,2030,541,2050,257
4079,2081,339,64,-16,2030,378,2060,259
4081,2070,494,0,0,2030,531,2051,195
4081,2080,254,0,-96,2040,451,2050,153
4081,2080,262,48,0,2030,541,2060,305
4081,2081,121,0,-112,2040,451,2050,153
4081,2081,131,48,16,2030,541,2060,305
4082,2070,491,-160,192,2041,449,2060,411
4082,2071,521,-160,192,2041,449,2060,411
4082,2080,275,-160,112,2041,449,2060,411
4082,2080,282,64,0,2040,340,2060,416
4082,2081,130,-160,80,2041,449,2060,411
4082,2081,136,64,0,2040,340,2060,416
4083,2080,380,-32,0,2031,298,2050,160
4083,2080,402,0,-16,2040,231,2050,186
4083,2081,74,-32,0,2031,298,2050,160
4083,2081,96,0,0,2040,231,2050,186
4084,2080,331,16,0,2041,254,2051,85
4084,2081,151,16,0,2041,254,2051,85
4085,2080,291,80,-16,2031,199,2060,158
4085,2081,501,80,-16,2031,199,2060,158
4086,2080,496,80,16,2030,170,2060,243
4086,2080,499,48,-32,2040,287,2060,247
4086,2081,426,80,-16,2030,170,2060,243
4086,2081,429,48,-32,2040,287,2060,247
4087,2070,462,16,64,2040,269,2061,239
4087,2070,464,16,80,2030,512,2060,166
4087,2071,539,16,64,2040,269,2061,239
4087,2071,542,16,32,2030,512,2060,166
4087,2080,364,32,0,2041,398,2061,239
4087,2080,369,-16,0,2040,278,2050,127
4087,2080,377,-16,0,2031,215,2050,140
4087,2081,474,32,0,2041,398,2061,239
4087,2081,480,-16,-16,2040,278,2050,127
4087,2081,487,0,0,2031,215,2051,326
4088,2080,233,32,32,2040,179,2050,144
4088,2081,11,32,0,2040,179,2050,144
4089,2080,177,0,0,2040,91,2050,142
4089,2080,178,0,0,2030,325,2050,144
4089,2080,183,64,0,2030,330,2060,245
4089,2081,439,16,0,2040,93,2050,144
4089,2081,445,80,0,2041,373,2060,245
4091,2070,309,0,64,2031,476,2060,442
4091,2071,533,0,48,2031,476,2060,442
4091,2080,383,16,-48,2040,223,2060,434
4091,2080,385,64,0,2041,265,2060,436
4091,2080,392,48,0,2031,474,2060,440
4091,2080,393,-32,0,2031,476,2050,356
4091,2080,400,64,0,2031,487,2060,447
4091,2080,403,16,-16,2031,490,2050,366
4091,2081,156,16,-48,2040,223,2060,434
4091,2081,165,64,-16,2040,227,2060,440
4091,2081,166,-32,0,2031,476,2050,356
4091,2081,176,16,0,2031,490,2050,366
4092,2080,327,-16,-16,2040,431,2060,174
4092,2080,343,-16,0,2030,282,2060,187
4092,2081,97,-16,-16,2040,431,2060,174
4092,2081,114,-16,-16,2030,282,2060,187
4094,2080,386,16,0,2030,71,2050,150
4094,2080,410,112,16,2031,222,2060,251
4094,2081,447,16,0,2030,71,2050,150
4094,2081,469,112,32,2031,222,2060,251
4095,2080,123,0,0,2030,347,2050,87
4095,2080,145,0,-16,2030,373,2051,78
4095,2081,318,0,0,2030,347,2050,87
4095,2081,341,0,-32,2030,373,2051,78
4098,2080,310,-96,64,2040,455,2050,367
4098,2081,110,-128,-16,2031,245,2051,146
4098,2081,127,-96,96,2040,455,2050,367
4100,2080,334,16,-16,2031,473,2050,396
4100,2081,286,16,0,2031,473,2050,396
4102,2080,185,16,-16,2040,449,2060,298
4102,2080,186,-48,0,2040,450,2050,251
4102,2080,187,64,16,2030,492,2060,305
4102,2081,520,-48,16,2040,450,2050,251
4102,2081,521,64,0,2030,492,2060,305
4103,2070,432,16,32,2040,307,2060,255
4103,2080,454,-32,16,2031,215,2050,505
4103,2080,456,16,0,2031,217,2060,252
4103,2080,457,-32,-16,2040,307,2051,344
4103,2081,128,48,-48,2030,168,2060,252
4103,2081,129,-64,0,2040,307,2050,509
4104,2080,310,32,-16,2040,240,2050,271
4104,2081,110,0,0,2031,354,2050,271
4105,2080,258,-160,-64,2031,83,2061,3
4106,2080,443,16,-32,2031,339,2060,371
4106,2081,121,16,-16,2031,339,2060,371
4107,2070,414,64,112,2031,167,2060,135
4107,2071,70,32,64,2031,194,2060,149
4107,2080,281,80,0,2040,370,2060,135
4107,2080,288,-16,-32,2040,388,2050,117
4107,2080,293,48,0,2040,394,2060,149
4107,2081,78,80,-32,2040,370,2060,135
4107,2081,86,-16,-16,2040,388,2050,117
4107,2081,91,-16,0,2040,394,2051,249
4108,2070,397,32,64,2040,232,2060,148
4108,2071,452,32,64,2040,232,2060,148
4108,2080,268,48,0,2041,342,2060,131
4108,2080,289,16,-16,2030,67,2050,193
4108,2081,9,48,0,2041,342,2060,131
4108,2081,22,32,-16,2031,102,2060,143
4109,2081,448,32,0,2040,341,2060,267
4110,2080,328,48,0,2041,473,2060,227
4110,2080,342,32,0,2041,493,2050,413
4110,2081,553,48,0,2041,473,2060,227
4110,2081,567,16,0,2031,198,2050,413
4111,2070,170,48,80,2040,84,2060,231
4111,2071,179,48,64,2040,84,2060,231
4111,2080,367,-48,32,2030,412,2060,224
4111,2080,370,16,0,2041,117,2050,194
4111,2080,372,48,-48,2040,84,2060,231
4111,2081,437,-48,48,2030,412,2060,224
4111,2081,440,0,0,2030,415,2050,194
4111,2081,442,48,-48,2040,84,2060,231
4112,2080,350,48,0,2031,129,2060,167
4112,2080,360,48,-32,2040,216,2060,184
4112,2081,72,48,-48,2031,129,2060,167
4112,2081,82,48,-48,2040,216,2060,184
4113,2080,393,-16,0,2030,173,2050,355
4113,2080,410,80,0,2031,227,2060,272
4113,2081,58,-16,0,2030,173,2050,355
4113,2081,76,80,-16,2031,227,2060,272
4114,2080,441,64,-48,2031,287,2061,169
4114,2080,457,0,0,2030,484,2050,235
4114,2080,467,0,-16,2040,385,2050,248
4114,2081,139,64,-32,2031,287,2061,169
4114,2081,156,0,-32,2030,484,2050,235
4114,2081,164,0,-32,2040,385,2050,248
4115,2080,224,0,48,2031,195,2051,93
4115,2080,236,48,0,2040,393,2060,167
4115,2080,242,0,0,2040,401,2051,110
4115,2080,244,-16,0,2040,403,2050,288
4115,2081,470,0,64,2031,195,2051,93
4115,2081,483,-16,0,2040,393,2050,283
4115,2081,489,-16,0,2031,211,2050,287
4115,2081,491,-16,0,2040,403,2050,288
4116,2080,233,0,0,2031,151,2050,91
4116,2081,183,0,-16,2031,151,2050,91
4117,2070,496,0,48,2040,340,2060,229
4117,2071,498,0,32,2040,340,2060,229
4117,2080,140,0,0,2030,407,2050,188
4117,2080,147,-16,-16,2031,274,2051,106
4117,2080,150,32,-16,2031,283,2060,234
4117,2081,374,0,-16,2030,407,2050,188
4117,2081,381,-64,16,2031,274,2050,190
4117,2081,386,32,-48,2031,283,2060,234
4118,2071,78,32,112,2041,349,2050,122
4118,2080,184,0,-32,2030,398,2050,110
4118,2080,197,32,16,2041,349,2050,122
4118,2081,86,0,-16,2030,398,2050,110
4118,2081,98,32,0,2041,349,2050,122
4119,2080,428,16,0,2031,189,2051,327
4119,2081,361,16,-32,2031,189,2051,327
4120,2080,538,48,0,2041,252,2060,385
4120,2081,126,0,0,2030,297,2050,502
4122,2080,319,-16,-16,2030,210,2050,56
4122,2080,326,0,0,2030,219,2051,356
4122,2080,339,-32,0,2040,45,2050,75
4122,2081,90,16,16,2031,169,2060,131
4122,2081,110,-32,0,2040,45,2050,75
4123,2080,363,0,16,2030,118,2051,86
4123,2080,372,-16,0,2031,155,2050,337
4123,2081,13,0,0,2040,222,2050,329
4123,2081,22,-16,0,2031,155,2050,337
4124,2080,421,16,0,2040,329,2050,286
4124,2081,125,16,-32,2040,329,2050,286
4125,2080,276,48,0,2030,480,2060,318
4125,2081,447,48,-32,2030,480,2060,318
4126,2080,187,64,0,2031,263,2060,308
4126,2080,214,-32,-16,2031,301,2050,133
4126,2080,215,0,0,2031,302,2050,134
4126,2081,18,48,0,2040,52,2060,308
4126,2081,43,-32,-16,2031,301,2050,133
4126,2081,44,0,-16,2031,302,2050,134
4127,2080,335,48,0,2041,444,2061,66
4127,2080,352,0,0,2031,230,2050,424
4127,2081,517,0,-16,2040,298,2050,395
4127,2081,533,16,-16,2041,468,2050,424
4128,2080,452,80,0,2031,289,2060,325
4128,2080,453,0,-16,2030,382,2050,415
4128,2081,163,80,0,2031,289,2060,325
4128,2081,165,0,0,2030,382,2050,415
4129,2070,559,0,96,2041,520,2050,389
4129,2071,571,0,96,2041,520,2050,389
4129,2080,467,80,-80,2040,263,2061,121
4129,2080,479,0,0,2041,520,2050,389
4129,2081,340,80,-144,2040,263,2061,121
4129,2081,352,0,0,2041,520,2050,389
4130,2080,410,0,0,2040,65,2051,449
4130,2080,423,16,0,2040,81,2050,127
4130,2080,440,32,-16,2031,219,2060,259
4130,2080,443,-16,-16,2041,352,2050,147
4130,2080,444,64,-16,2041,351,2060,262
4130,2081,483,-16,0,2040,65,2050,112
4130,2081,493,16,-16,2040,81,2050,127
4130,2081,509,80,0,2030,302,2060,259
4130,2081,512,64,-16,2041,351,2060,262
4130,2081,513,-16,-16,2041,352,2050,147
4131,2080,343,0,0,2040,380,2051,289
4131,2080,378,64,16,2040,421,2061,186
4131,2081,251,0,0,2040,380,2051,289
4131,2081,286,64,-32,2040,421,2061,186
4132,2080,322,0,0,2031,394,2050,250
4132,2081,140,0,-16,2031,394,2050,250
4133,2080,432,0,-64,2030,169,2060,281
4133,2081,388,0,-48,2030,169,2060,281
4134,2080,427,-32,0,2040,190,2050,399
4134,2081,323,-32,0,2040,190,2050,399
4135,2071,579,48,48,2040,367,2060,319
4135,2080,532,64,-16,2031,273,2060,319
4135,2080,545,16,0,2030,254,2050,516
4135,2081,200,64,-16,2031,273,2060,319
4136,2080,449,0,-16,2030,536,2051,341
4136,2081,374,0,0,2030,536,2051,341
4137,2080,473,0,-32,2031,302,2050,181
4137,2080,489,16,0,2031,318,2060,281
4137,2081,93,0,-16,2031,302,2050,181
4137,2081,107,0,0,2030,366,2051,520
4139,2070,372,16,80,2040,427,2060,463
4139,2071,567,16,64,2040,427,2060,463
4139,2080,333,48,0,2030,544,2060,459
4139,2080,338,-16,-16,2040,427,2050,306
4139,2081,163,-16,0,2030,544,2051,191
4139,2081,167,-16,-32,2040,427,2050,306
4140,2070,441,32,96,2041,460,2060,144
4140,2070,446,80,80,2031,214,2060,164
4140,2070,447,32,0,2030,419,2061,567
4140,2071,53,32,80,2041,460,2060,144
4140,2071,57,80,64,2031,214,2060,164
4140,2071,59,32,16,2030,419,2061,567
4140,2080,369,-80,112,2030,406,2050,259
4140,2080,370,80,-16,2031,214,2060,164
4140,2080,373,32,48,2030,416,2051,311
4140,2080,375,-32,-48,2031,227,2050,272
4140,2081,523,-80,96,2030,406,2050,259
4140,2081,524,80,-32,2031,214,2060,164
4140,2081,527,32,48,2030,416,2051,311
4140,2081,529,-32,-32,2031,227,2050,272
4141,2080,207,0,-16,2041,100,2051,61
4141,2081,148,0,-16,2041,100,2051,61
4142,2080,367,0,-16,2030,401,2050,295
4142,2080,370,16,0,2031,151,2050,300
4142,2081,212,0,0,2030,401,2050,295
4142,2081,216,16,0,2031,151,2050,300
4143,2080,356,48,0,2040,122,2060,202
4143,2080,358,-96,64,2040,124,2050,170
4143,2080,359,32,-32,2030,79,2060,206
4143,2080,361,0,16,2030,81,2050,173
4143,2081,468,48,0,2040,122,2060,202
4143,2081,470,-96,64,2040,124,2050,170
4143,2081,471,32,-32,2030,79,2060,206
4143,2081,473,16,0,2031,248,2050,173
4144,2080,158,-32,0,2030,352,2050,122
4144,2080,170,0,0,2031,291,2050,134
4144,2081,319,-48,0,2030,352,2051,78
4144,2081,330,0,0,2031,291,2050,134
4145,2080,224,-48,-16,2031,304,2050,146
4145,2080,240,48,0,2031,321,2060,278
4145,2081,74,-48,16,2031,304,2050,146
4145,2081,92,48,0,2031,321,2060,278
4146,2080,182,64,0,2040,227,2060,396
4146,2081,332,64,16,2040,227,2060,396
4147,2080,537,0,0,2031,244,2050,502
4147,2081,155,0,-48,2031,244,2050,502
4147,2081,166,-48,0,2030,311,2050,522
4148,2070,491,16,64,2040,152,2060,333
4148,2070,492,48,80,2031,373,2060,334
4148,2071,568,16,64,2040,152,2060,333
4148,2071,569,48,80,2031,373,2060,334
4148,2080,292,16,-32,2040,152,2060,333
4148,2080,293,-32,16,2031,373,2050,202
4148,2081,514,16,-32,2040,152,2060,333
4148,2081,515,-32,16,2031,373,2050,202
4150,2080,160,16,0,2031,345,2050,116
4150,2080,170,64,0,2030,92,2060,397
4150,2081,465,16,0,2031,345,2050,116
4150,2081,475,80,0,2031,356,2060,397
4151,2070,382,80,112,2040,203,2060,85
4151,2080,257,80,0,2040,203,2060,85
4151,2080,283,80,-16,2030,420,2060,111
4151,2080,285,0,-16,2041,359,2050,73
4151,2081,162,80,-16,2040,203,2060,85
4151,2081,187,80,0,2030,420,2060,111
4151,2081,189,0,-32,2041,359,2050,73
4152,2080,136,-32,0,2040,189,2051,66
4152,2080,150,-32,-16,2041,388,2050,127
4152,2081,433,16,0,2041,363,2051,66
4152,2081,448,-32,-16,2041,388,2050,127
4153,2070,373,32,48,2030,120,2060,277
4153,2071,216,32,48,2030,120,2060,277
4153,2080,439,-16,0,2040,128,2050,219
4153,2080,463,0,-32,2031,324,2050,239
4153,2080,469,-16,0,2040,170,2050,251
4153,2081,172,-16,0,2040,128,2050,219
4153,2081,198,0,-16,2031,324,2050,239
4153,2081,205,-16,0,2040,170,2050,251
4154,2080,316,16,0,2040,80,2050,358
4154,2080,322,48,0,2030,214,2060,296
4154,2081,420,16,-32,2040,80,2050,358
4154,2081,425,48,16,2030,214,2060,296
4155,2080,486,0,-16,2031,333,2050,439
4155,2080,487,32,0,2040,566,2050,440
4155,2080,493,64,0,2041,301,2060,380
4155,2080,507,0,0,2040,595,2051,137
4155,2080,515,0,-16,2040,602,2050,469
4155,2081,159,0,0,2031,333,2050,439
4155,2081,160,32,0,2040,566,2050,440
4155,2081,167,0,0,2031,343,2050,446
4155,2081,179,0,0,2040,595,2051,137
4155,2081,188,0,0,2040,602,2050,469
4156,2080,175,48,-32,2040,107,2060,401
4156,2080,176,16,0,2030,335,2050,144
4156,2081,230,48,-48,2040,107,2060,401
4156,2081,231,16,0,2030,335,2050,144
4157,2080,442,0,-32,2040,203,2050,408
4157,2081,375,0,-16,2040,203,2050,408
4158,2080,297,64,0,2031,425,2060,382
4158,2080,299,0,-16,2040,67,2050,345
4158,2080,307,-16,0,2040,81,2051,239
4158,2080,312,32,0,2030,490,2050,361
4158,2081,264,64,0,2031,425,2060,382
4158,2081,267,0,-32,2040,67,2050,345
4158,2081,272,48,0,2040,81,2061,119
4158,2081,277,0,-16,2041,184,2050,361
4159,2080,452,-32,0,2040,76,2050,425
4159,2080,453,-48,0,2030,120,2050,426
4159,2080,467,-32,0,2040,90,2050,438
4159,2081,255,-48,-16,2040,76,2051,229
4159,2081,257,-32,0,2030,120,2060,340
4159,2081,268,0,-16,2040,90,2051,242
4160,2080,363,112,-96,2030,60,2050,412
4160,2081,322,112,-16,2030,60,2050,412
4162,2070,488,32,80,2030,343,2060,215
4162,2071,52,32,80,2030,343,2060,215
4162,2080,183,0,0,2030,347,2050,96
4162,2080,186,16,48,2031,264,2051,136
4162,2080,188,-144,128,2030,354,2061,70
4162,2081,310,0,-16,2030,347,2050,96
4162,2081,315,-144,160,2030,354,2061,70
4163,2070,474,64,80,2030,184,2060,392
4163,2071,522,64,64,2030,184,2060,392
4163,2080,316,64,16,2030,187,2050,277
4163,2081,216,64,0,2030,187,2050,277
4164,2080,177,0,0,2031,313,2050,140
4164,2080,184,-16,-32,2040,241,2060,285
4164,2081,76,0,-32,2031,313,2050,140
4164,2081,83,-16,-32,2040,241,2060,285
4165,2080,577,16,-128,2040,174,2050,535
4165,2080,593,96,112,2040,202,2050,560
4165,2080,612,48,-16,2041,308,2060,472
4165,2081,133,16,-128,2040,174,2050,535
4165,2081,148,96,96,2040,202,2050,560
4165,2081,169,48,-16,2041,308,2060,472
4166,2080,104,80,0,2040,309,2060,191
4166,2080,108,16,0,2030,398,2051,60
4166,2081,354,64,0,2030,390,2060,191
4166,2081,358,0,0,2031,235,2050,160
4167,2080,386,80,0,2040,253,2060,463
4167,2080,402,32,-16,2040,274,2060,471
4167,2080,411,96,-16,2040,281,2060,480
4167,2081,216,80,-16,2040,253,2060,463
4167,2081,231,32,-16,2040,274,2060,471
4167,2081,240,96,0,2040,281,2060,480
4168,2080,269,0,0,2030,305,2050,85
4169,2080,429,-32,16,2030,176,2050,483
4169,2081,111,-32,16,2030,176,2050,483
4172,2070,247,64,112,2040,112,2060,315
4172,2080,476,64,-16,2040,112,2060,315
4172,2080,496,64,-16,2030,90,2060,339
4172,2081,365,0,-32,2041,185,2050,423
4172,2081,371,64,-16,2040,112,2060,315
4172,2081,390,64,-16,2030,90,2060,339
4173,2070,486,64,48,2041,453,2060,236
4173,2080,297,80,-16,2031,268,2060,230
4173,2080,298,0,-32,2040,206,2050,348
4173,2080,299,80,0,2030,415,2060,236
4173,2081,368,80,-32,2031,268,2060,230
4173,2081,369,0,0,2040,206,2050,348
4174,2080,145,-16,0,2040,236,2051,92
4174,2080,148,0,0,2030,294,2050,205
4174,2080,163,-16,0,2041,383,2050,222
4174,2081,485,-16,0,2040,236,2051,92
4174,2081,489,16,0,2031,407,2050,205
4174,2081,504,-16,0,2041,383,2050,222
4175,2080,330,-16,-16,2041,412,2050,120
4175,2081,76,64,16,2031,226,2060,276
4177,2080,292,-160,144,2041,349,2050,255
4177,2081,119,-160,128,2041,349,2050,255
4178,2080,390,64,0,2031,183,2060,219
4178,2080,392,-16,0,2040,263,2050,448
4178,2081,82,-16,0,2031,183,2050,444
4178,2081,84,0,0,2040,263,2051,297
4179,2080,406,32,0,2031,130,2060,175
4179,2080,413,32,0,2040,237,2060,187
4179,2080,418,0,0,2031,152,2050,344
4179,2080,422,48,-16,2031,155,2050,349
4179,2081,552,48,0,2030,289,2060,175
4179,2081,559,-16,0,2040,237,2051,376
4179,2081,564,0,0,2031,152,2050,344
4180,2080,333,32,-80,2041,199,2060,441
4180,2080,337,-144,-48,2030,483,2060,445
4180,2081,47,32,-96,2041,199,2060,441
4180,2081,52,-144,-48,2030,483,2060,445
4181,2080,173,96,0,2031,411,2060,372
4181,2081,340,96,-16,2031,411,2060,372
4182,2080,490,16,0,2030,276,2050,441
4182,2080,495,0,-32,2031,239,2050,444
4182,2081,167,16,-32,2030,276,2050,441
4182,2081,173,0,-32,2031,239,2050,444
4183,2070,394,-32,160,2031,104,2061,253
4183,2071,177,-32,192,2031,104,2061,253
4183,2080,238,96,0,2030,416,2060,79
4183,2080,242,32,-16,2030,422,2060,85
4183,2081,289,96,-16,2030,416,2060,79
4183,2081,293,32,-16,2030,422,2060,85
4184,2080,251,0,16,2040,383,2050,310
4185,2070,424,0,48,2041,360,2060,262
4185,2080,506,64,0,2030,168,2060,262
4185,2081,66,48,0,2040,306,2060,262
4186,2080,174,-16,0,2041,279,2050,89
4186,2080,198,48,0,2030,250,2060,364
4186,2081,374,-16,0,2041,279,2050,89
4186,2081,398,-32,0,2030,250,2050,116
4188,2080,452,32,-16,2040,275,2050,504
4188,2080,459,0,-16,2030,91,2050,518
4188,2081,387,32,-32,2040,275,2050,504
4188,2081,394,0,0,2030,91,2050,518
4189,2080,226,-80,0,2031,390,2050,199
4189,2081,68,48,0,2040,302,2060,417
4190,2070,407,-16,-112,2031,464,2060,422
4190,2070,408,32,80,2041,366,2060,426
4190,2071,532,-16,-128,2031,464,2060,422
4190,2080,319,0,0,2041,356,2051,270
4190,2080,324,32,0,2041,366,2060,426
4190,2080,329,64,0,2041,371,2060,433
4190,2080,336,-32,16,2040,220,2050,260
4190,2081,117,0,-48,2041,356,2051,270
4190,2081,122,0,0,2040,205,2051,276
4190,2081,127,-32,0,2041,371,2050,249
4190,2081,132,-32,-16,2040,220,2050,260
4191,2080,488,0,0,2031,219,2050,452
4191,2080,507,-128,144,2030,145,2061,407
4191,2080,510,-16,-16,2041,202,2050,477
4191,2081,551,-128,128,2030,145,2061,407
4191,2081,555,-16,-16,2041,202,2050,477
4191,2081,561,32,-32,2040,358,2060,306
4192,2080,280,0,0,2041,491,2050,242
4192,2080,287,0,-16,2040,206,2050,249
4192,2080,292,32,0,2030,439,2060,352
4192,2080,302,-112,128,2030,449,2060,364
4192,2080,313,0,0,2030,455,2051,160
4192,2081,61,16,-16,2030,429,2050,242
4192,2081,68,0,-16,2040,206,2050,249
4192,2081,73,32,-16,2030,439,2060,352
4192,2081,83,-112,128,2030,449,2060,364
4192,2081,93,0,0,2030,455,2051,160
4193,2080,409,-16,-16,2030,67,2050,327
4193,2080,411,-32,0,2031,153,2050,330
4193,2081,443,-16,0,2030,67,2050,327
4193,2081,445,16,-16,2031,153,2051,365
4194,2070,405,32,48,2031,254,2060,203
4194,2071,467,32,48,2031,254,2060,203
4194,2080,156,48,0,2031,244,2060,194
4194,2080,157,-160,-64,2030,428,2060,195
4194,2080,171,-16,0,2041,369,2050,76
4194,2081,288,64,-16,2030,427,2060,194
4194,2081,289,-160,-48,2030,428,2060,195
4194,2081,300,-16,0,2041,369,2050,76
4195,2070,378,0,32,2041,332,2061,294
4195,2071,537,0,64,2041,332,2061,294
4195,2080,483,32,0,2031,159,2050,456
4195,2080,490,16,0,2031,177,2050,462
4195,2080,496,-48,0,2031,190,2050,475
4195,2081,407,32,0,2031,159,2050,456
4195,2081,415,16,0,2031,177,2050,462
4195,2081,421,-48,16,2031,190,2050,475
4196,2080,284,32,0,2031,329,2050,248
4196,2081,204,32,-16,2031,329,2050,248
4199,2080,343,16,0,2040,244,2051,376
4199,2081,8,16,16,2040,244,2051,376
4200,2080,416,-32,16,2040,220,2050,379
4200,2081,56,-32,0,2040,220,2050,379
4201,2080,258,16,-48,2031,226,2060,186
4201,2081,410,112,16,2030,447,2060,186
4202,2071,655,0,80,2040,219,2050,469
4202,2080,476,-16,0,2040,173,2050,432
4202,2080,504,32,-48,2041,575,2060,395
4202,2080,506,16,-16,2041,579,2050,469
4202,2081,616,32,0,2040,173,2060,361
4202,2081,644,32,-48,2041,575,2060,395
4202,2081,646,0,0,2040,219,2050,469
4203,2080,422,0,0,2041,104,2050,378
4203,2081,76,0,-16,2041,104,2050,378
4204,2080,296,32,0,2041,329,2061,126
4204,2080,312,0,0,2031,441,2050,216
4204,2081,167,32,0,2041,329,2061,126
4204,2081,179,0,-16,2031,441,2050,216
4205,2070,547,0,64,2030,185,2050,388
4205,2071,105,0,64,2030,185,2050,388
4205,2080,435,0,0,2030,185,2050,388
4205,2081,152,16,-16,2031,231,2050,388
4206,2071,332,32,64,2031,260,2060,209
4206,2080,139,0,0,2040,439,2050,103
4206,2080,148,64,0,2030,355,2060,209
4206,2080,155,16,-16,2030,361,2050,115
4206,2081,524,0,0,2040,439,2050,103
4206,2081,532,64,0,2030,355,2060,209
4206,2081,539,16,0,2030,361,2050,115
4207,2080,338,0,0,2030,209,2050,156
4207,2081,76,0,-16,2030,209,2050,156
4208,2080,450,32,0,2040,161,2060,240
4208,2080,453,-112,48,2040,165,2060,242
4208,2081,501,16,0,2041,359,2060,240
4209,2080,416,0,0,2041,187,2050,389
4209,2081,290,0,-32,2041,187,2050,389
4212,2080,292,0,-16,2041,491,2051,212
4212,2081,175,-32,0,2041,491,2050,253
4214,2080,443,0,16,2040,314,2050,348
4214,2080,446,0,-16,2040,319,2050,354
4214,2081,80,0,16,2040,314,2050,348
4214,2081,84,0,-32,2040,319,2050,354
4215,2070,405,16,80,2031,226,2051,78
4215,2070,408,16,32,2030,470,2060,205
4215,2071,489,16,32,2030,470,2060,205
4215,2080,121,0,0,2040,318,2050,170
4215,2080,126,-16,-160,2040,325,2050,174
4215,2080,137,32,0,2030,482,2060,216
4215,2081,421,16,64,2031,226,2051,78
4215,2081,433,-16,-160,2040,325,2050,174
4215,2081,445,-48,16,2030,482,2050,186
4216,2080,268,80,-16,2041,334,2060,104
4216,2080,294,80,-16,2031,168,2060,128
4216,2081,208,80,-32,2041,334,2060,104
4216,2081,235,80,-16,2031,168,2060,128
4219,2080,414,32,0,2031,128,2060,168
4219,2080,418,80,0,2040,215,2060,175
4219,2080,423,48,0,2041,462,2060,179
4219,2080,428,64,0,2031,147,2060,184
4219,2081,518,0,0,2030,251,2050,292
4219,2081,520,32,0,2031,128,2060,168
4219,2081,524,80,0,2040,215,2060,175
4219,2081,529,48,0,2041,462,2060,179
4219,2081,533,64,0,2031,147,2060,184
4220,2080,394,-16,160,2040,559,2060,325
4220,2080,399,96,0,2041,254,2061,369
4220,2081,167,-16,144,2040,559,2060,325
4220,2081,171,96,0,2041,254,2061,369
4221,2080,233,32,0,2031,311,2060,360
4221,2080,238,-16,-16,2030,466,2050,159
4221,2080,247,64,0,2031,329,2051,201
4221,2081,126,0,-16,2030,462,2050,154
4221,2081,130,-16,-16,2030,466,2050,159
4221,2081,138,64,0,2031,329,2051,201
4224,2080,483,0,-16,2040,125,2050,312
4224,2081,546,0,-48,2040,125,2050,312
4225,2070,555,0,112,2040,399,2050,312
4225,2080,353,0,0,2040,399,2050,312
4225,2081,449,0,16,2040,399,2050,312
4226,2080,497,16,0,2040,186,2050,456
4226,2080,512,48,0,2040,207,2051,416
4226,2081,431,16,-16,2040,186,2050,456
4226,2081,448,48,-16,2040,207,2051,416
4227,2081,166,16,-16,2031,123,2050,304
4228,2080,435,16,-16,2031,232,2050,493
4228,2080,455,-112,144,2030,212,2060,298
4228,2081,123,16,0,2031,232,2050,493
4228,2081,142,-112,144,2030,212,2060,298
4229,2070,369,48,64,2031,145,2060,194
4229,2070,370,16,64,2031,146,2060,195
4229,2071,644,48,80,2031,145,2060,194
4229,2071,645,16,32,2031,146,2060,195
4229,2080,461,-16,-16,2040,239,2050,531
4229,2080,462,-16,-32,2041,295,2050,533
4229,2080,485,48,0,2040,271,2060,221
4229,2081,424,-16,-16,2040,239,2050,531
4229,2081,427,-16,-32,2041,295,2050,533
4229,2081,447,-32,16,2040,271,2050,558
4230,2080,307,16,0,2041,401,2050,277
4230,2081,236,16,0,2041,401,2050,277
4232,2080,253,0,0,2031,169,2050,303
4232,2080,267,32,-16,2030,147,2051,83
4232,2081,396,0,0,2031,169,2050,303
4232,2081,410,32,-16,2030,147,2051,83
4233,2080,521,16,0,2030,161,2060,375
4233,2080,532,-32,0,2040,202,2050,492
4233,2080,543,0,0,2031,354,2050,503
4233,2081,134,-32,0,2040,202,2050,492
4234,2070,351,32,80,2030,385,2060,226
4234,2071,514,-16,-32,2031,190,2050,417
4234,2080,449,48,0,2031,187,2060,224
4234,2080,450,16,0,2031,190,2051,152
4234,2080,467,32,-32,2031,220,2060,250
4234,2081,125,64,0,2030,383,2060,224
4234,2081,128,16,0,2031,190,2051,152
4234,2081,146,32,-32,2031,220,2060,250
4235,2080,365,16,-16,2040,111,2060,412
4235,2080,387,48,-32,2040,142,2060,435
4235,2081,259,16,-16,2040,111,2060,412
4235,2081,279,48,-48,2040,142,2060,435
4236,2080,438,32,0,2031,184,2050,485
4236,2081,388,0,-16,2040,271,2050,485
4237,2080,230,0,-32,2030,381,2050,138
4237,2080,245,32,0,2040,110,2060,283
4237,2080,247,32,0,2031,328,2060,286
4237,2081,57,0,-16,2030,381,2050,138
4237,2081,70,-32,0,2031,326,2050,158
4237,2081,72,0,0,2030,393,2050,161
4238,2070,393,-32,160,2031,208,2061,76
4238,2071,483,-32,144,2031,208,2061,76
4239,2080,178,0,16,2041,447,2050,90
4239,2080,196,80,96,2030,385,2061,306
4239,2081,329,0,32,2041,447,2050,90
4239,2081,346,80,80,2030,385,2061,306
4240,2080,204,32,0,2040,258,2060,319
4240,2081,121,32,-16,2040,258,2060,319
4241,2080,416,16,0,2040,238,2060,131
4241,2081,93,0,-16,2031,166,2050,387
4243,2080,497,48,-16,2041,380,2060,193
4243,2080,529,0,-32,2030,133,2050,489
4243,2081,342,80,0,2031,244,2060,193
4243,2081,369,0,0,2030,133,2050,489
4245,2080,557,-160,-64,2031,381,2061,475
4245,2081,334,-160,-64,2031,381,2061,475
4246,2080,454,0,-16,2030,107,2050,331
4246,2080,459,-16,0,2030,111,2050,334
4246,2080,463,0,-32,2031,155,2050,337
4246,2080,467,-32,0,2041,229,2050,339
4246,2081,363,0,-32,2030,107,2050,331
4246,2081,368,64,0,2030,111,2060,185
4246,2081,372,0,0,2031,155,2050,337
4246,2081,376,-32,0,2041,229,2050,339
4247,2070,543,48,48,2040,364,2060,207
4247,2071,553,48,16,2040,364,2060,207
4247,2080,444,80,-16,2030,105,2060,203
4247,2080,450,16,32,2031,260,2050,172
4247,2081,321,80,-16,2030,105,2060,203
4247,2081,327,16,16,2031,260,2050,172
4248,2070,360,-160,224,2030,129,2060,213
4248,2080,410,48,0,2031,152,2060,193
4248,2080,412,0,0,2041,310,2051,278
4248,2080,426,-160,160,2030,129,2060,213
4248,2081,74,48,16,2031,152,2060,193
4248,2081,75,0,16,2041,310,2051,278
4248,2081,90,-160,160,2030,129,2060,213
4249,2080,346,0,0,2040,190,2050,254
4249,2081,484,32,0,2031,104,2050,254
4251,2080,410,-48,0,2031,228,2051,368
4251,2081,302,-48,0,2031,228,2051,368
4253,2080,448,-32,32,2040,290,2060,233
4253,2081,256,-32,0,2040,290,2060,233
4253,2081,280,-32,-16,2041,365,2050,443
4254,2080,326,16,-16,2040,479,2060,132
4254,2081,404,-16,0,2031,181,2050,88
4255,2080,285,32,0,2040,342,2060,131
4255,2081,62,-32,0,2040,342,2050,202
4256,2080,309,48,-16,2031,496,2060,457
4256,2081,422,48,-32,2031,496,2060,457
4257,2070,449,16,64,2031,327,2060,286
4257,2071,263,16,64,2031,327,2060,286
4257,2080,239,-16,0,2041,475,2051,188
4257,2081,370,0,0,2040,108,2050,149
4258,2070,240,32,48,2041,180,2060,359
4258,2070,245,32,64,2040,127,2060,387
4258,2071,250,32,48,2041,180,2060,359
4258,2071,254,32,80,2040,127,2060,387
4258,2080,298,-16,0,2041,167,2050,256
4258,2080,309,-16,-16,2031,404,2050,268
4258,2080,321,-16,0,2040,115,2050,286
4258,2080,329,0,-16,2031,437,2050,295
4258,2081,51,-16,-16,2041,167,2050,256
4258,2081,62,-16,0,2031,404,2050,268
4258,2081,76,-16,-16,2040,115,2050,286
4258,2081,84,0,-32,2031,437,2050,295
4259,2070,423,-160,176,2040,283,2060,112
4259,2071,453,-160,176,2040,283,2060,112
4259,2080,190,-160,80,2040,283,2060,112
4259,2080,194,-112,144,2031,156,2061,437
4259,2081,79,0,0,2041,361,2060,107
4259,2081,83,-160,80,2040,283,2060,112
4259,2081,87,-112,144,2031,156,2061,437
4260,2080,343,-64,64,2040,405,2061,161
4260,2081,222,-64,48,2040,405,2061,161
4261,2070,521,16,176,2030,356,2060,431
4261,2080,223,64,0,2040,89,2060,425
4261,2080,230,16,48,2030,356,2060,431
4261,2080,239,16,0,2031,404,2050,141
4261,2081,308,64,0,2040,89,2060,425
4261,2081,315,16,16,2030,356,2060,431
4261,2081,325,0,0,2041,483,2050,141
4262,2071,67,0,64,2040,243,2050,272
4262,2080,346,80,16,2031,138,2060,90
4262,2080,352,32,-16,2031,145,2050,272
4262,2081,383,80,0,2031,138,2060,90
4262,2081,389,32,0,2031,145,2050,272
4263,2080,425,16,0,2031,212,2050,391
4263,2080,436,-16,-32,2031,224,2060,261
4263,2080,438,64,-16,2040,309,2060,263
4263,2081,91,16,0,2031,212,2050,391
4263,2081,99,-16,-32,2031,224,2060,261
4263,2081,100,64,-16,2040,309,2060,263
4264,2080,443,0,0,2040,251,2051,345
4265,2080,277,-16,-16,2030,469,2050,199
4265,2080,279,16,0,2030,470,2060,339
4265,2080,287,160,0,2031,378,2060,345
4265,2081,134,-16,0,2030,469,2050,199
4265,2081,136,0,-16,2040,167,2050,202
4266,2080,322,48,-16,2040,432,2060,93
4266,2080,328,0,0,2041,494,2051,272
4266,2080,340,0,-48,2040,454,2050,240
4266,2080,357,48,16,2041,526,2060,125
4266,2081,382,48,0,2040,432,2060,93
4266,2081,387,0,0,2041,494,2051,272
4266,2081,399,0,-16,2040,454,2050,240
4266,2081,417,48,16,2041,526,2060,125
4267,2080,381,32,0,2030,413,2050,276
4267,2081,203,32,-32,2030,413,2050,276
4268,2070,482,16,0,2031,243,2050,403
4268,2071,487,16,0,2031,243,2050,403
4268,2080,350,80,-16,2030,135,2060,275
4268,2080,369,-16,0,2031,262,2061,179
4268,2081,104,80,-32,2030,135,2060,275
4268,2081,125,-16,16,2031,262,2061,179
4269,2080,322,-128,176,2031,227,2061,104
4269,2080,324,32,-32,2041,488,2060,188
4269,2080,340,0,-16,2040,451,2050,161
4269,2080,343,-160,-64,2031,247,2061,123
4269,2081,69,-128,112,2031,227,2061,104
4269,2081,71,32,-32,2041,488,2060,188
4269,2081,88,0,0,2040,451,2050,161
4269,2081,91,-160,-64,2031,247,2061,123
4270,2070,364,-144,32,2041,321,2060,198
4270,2080,435,0,0,2031,139,2051,262
4270,2080,444,0,-16,2041,309,2050,409
4270,2080,455,-160,-64,2041,321,2061,506
4270,2080,457,-32,-16,2040,247,2050,421
4270,2080,465,96,16,2030,128,2060,209
4270,2081,64,0,0,2031,139,2051,262
4270,2081,73,48,-16,2040,229,2050,409
4270,2081,84,-160,-80,2041,321,2061,506
4270,2081,86,-32,-32,2040,247,2050,421
4270,2081,94,96,16,2030,128,2060,209
4275,2080,380,-16,-32,2040,139,2050,349
4275,2081,434,-16,-16,2040,139,2050,349
4276,2080,361,96,-16,2040,193,2060,251
4276,2081,163,96,0,2040,193,2060,251
4277,2070,519,16,64,2030,88,2061,388
4277,2071,530,16,64,2030,88,2061,388
4279,2070,399,0,64,2030,447,2051,105
4279,2080,154,-32,0,2030,447,2050,62
4279,2080,162,32,0,2040,213,2060,254
4279,2080,167,32,-16,2040,222,2060,257
4279,2081,414,0,-16,2030,447,2051,105
4279,2081,429,64,0,2031,304,2060,257
4280,2080,201,48,0,2040,362,2060,291
4280,2081,400,-16,-32,2040,362,2050,251
4281,2070,490,0,48,2040,357,2060,308
4281,2071,627,0,64,2040,357,2060,308
4281,2080,521,0,-16,2040,357,2060,308
4281,2081,129,0,-32,2040,357,2060,308
4282,2080,336,-32,16,2041,60,2050,392
4282,2080,354,64,0,2030,468,2060,232
4282,2081,491,-32,0,2041,60,2050,392
4282,2081,508,80,0,2040,285,2060,232
4283,2070,304,0,96,2040,194,2051,330
4283,2071,632,0,96,2040,194,2051,330
4283,2080,436,32,0,2030,127,2050,391
4283,2080,444,48,0,2041,240,2051,317
4283,2080,458,0,-16,2040,194,2051,330
4283,2081,348,48,-16,2031,540,2050,391
4283,2081,372,0,-16,2040,194,2051,330
4286,2070,520,0,80,2040,294,2060,340
4286,2071,562,0,64,2040,294,2060,340
4286,2080,217,64,208,2030,554,2050,186
4286,2081,77,64,192,2030,554,2050,186
4287,2080,293,16,-16,2031,232,2050,149
4287,2080,312,0,0,2031,261,2051,344
4287,2081,70,16,-16,2031,232,2050,149
4287,2081,86,0,-16,2031,261,2051,344
4288,2080,229,-32,0,2030,335,2051,197
4288,2081,416,-48,0,2030,335,2050,176
4290,2070,539,16,80,2040,426,2060,118
4290,2071,408,16,64,2040,426,2060,118
4290,2080,303,16,-32,2040,426,2060,118
4290,2081,342,16,-48,2040,426,2060,118
4293,2070,434,-96,128,2040,407,2051,146
4293,2071,65,-96,128,2040,407,2051,146
4293,2080,174,64,0,2030,355,2060,202
4293,2080,176,0,-16,2030,359,2050,101
4293,2080,192,80,16,2040,414,2060,219
4293,2080,198,48,-16,2031,275,2060,233
4293,2081,73,80,0,2031,240,2060,202
4293,2081,74,0,-16,2030,359,2050,101
4293,2081,86,-96,32,2040,407,2051,146
4293,2081,89,80,16,2040,414,2060,219
4293,2081,95,48,-16,2031,275,2060,233
4294,2070,337,-64,160,2040,268,2061,463
4294,2071,73,-64,160,2040,268,2061,463
4294,2080,212,-16,0,2031,398,2050,174
4294,2081,299,-16,0,2031,398,2050,174
4295,2080,502,-16,0,2041,141,2050,367
4295,2080,527,16,0,2031,249,2051,478
4295,2081,134,-16,-16,2031,249,2050,393
4296,2080,279,-48,32,2040,381,2050,338
4296,2080,295,64,48,2030,440,2060,215
4296,2081,525,-48,16,2040,381,2050,338
4296,2081,540,64,0,2030,440,2060,215
4299,2080,333,0,0,2030,563,2050,390
4299,2080,341,64,0,2031,295,2060,252
4299,2080,367,64,-16,2041,463,2060,280
4299,2081,205,0,-16,2030,563,2050,390
4299,2081,213,80,0,2030,568,2060,252
4299,2081,215,-32,-128,2041,437,2050,397
4299,2081,238,64,-16,2041,463,2060,280
4300,2080,286,16,0,2040,491,2060,365
4300,2080,288,64,0,2030,152,2060,367
4300,2081,182,16,0,2040,491,2060,365
4300,2081,184,48,0,2031,403,2060,367
4301,2080,139,32,0,2040,182,2060,382
4301,2080,150,0,0,2040,203,2050,57
4301,2080,152,-64,16,2030,245,2050,58
4301,2081,412,32,-32,2040,182,2060,382
4301,2081,422,0,-32,2040,203,2050,57
4301,2081,424,-64,16,2030,245,2050,58
4302,2070,449,48,80,2031,502,2060,462
4302,2070,456,48,96,2030,602,2060,490
4302,2071,139,48,96,2031,502,2060,462
4302,2071,146,48,96,2030,602,2060,490
4302,2080,335,-16,0,2031,531,2051,377
4302,2081,241,-16,0,2031,531,2051,377
4303,2080,452,0,0,2031,129,2050,427
4303,2081,226,0,-32,2031,129,2050,427
4304,2080,276,16,0,2031,148,2050,71
4304,2080,307,48,0,2030,347,2060,140
4304,2081,395,16,-16,2031,148,2050,71
4304,2081,414,32,0,2030,331,2060,125
4304,2081,427,-16,-16,2030,347,2050,99
4305,2080,497,32,0,2040,380,2050,456
4305,2080,501,32,0,2041,257,2060,344
4305,2080,514,48,-16,2041,270,2060,357
4305,2081,120,32,32,2040,380,2050,456
4305,2081,124,32,0,2041,257,2060,344
4305,2081,136,80,-16,2031,321,2060,357
4306,2080,194,0,16,2041,412,2050,114
4306,2081,329,0,-16,2041,412,2050,114
4307,2080,406,-32,0,2041,232,2051,305
4307,2080,416,48,0,2040,208,2060,475
4307,2081,572,-16,0,2041,232,2050,365
4307,2081,582,64,-16,2041,244,2060,475
4310,2070,397,64,144,2031,454,2050,151
4310,2071,227,64,80,2031,454,2050,151
4310,2080,302,80,0,2041,409,2050,151
4310,2080,318,-16,-32,2031,471,2050,167
4310,2081,543,64,0,2031,454,2050,151
4310,2081,561,-16,-16,2031,471,2050,167
4312,2080,231,96,0,2041,346,2060,118
4312,2080,232,64,0,2040,161,2061,313
4312,2081,411,96,0,2041,346,2060,118
4313,2080,314,0,0,2040,496,2050,366
4313,2081,436,0,0,2040,496,2050,366
4314,2080,324,0,16,2031,395,2060,367
4314,2080,327,0,16,2040,94,2051,185
4314,2081,209,0,0,2031,395,2060,367
4314,2081,213,0,16,2040,94,2051,185
4315,2070,364,0,48,2040,297,2061,440
4315,2080,188,64,0,2031,162,2060,123
4315,2080,194,0,0,2031,170,2050,243
4315,2081,376,80,0,2030,408,2060,123
4315,2081,382,0,-16,2031,170,2050,243
4316,2080,142,48,-16,2031,281,2060,239
4316,2081,437,48,0,2031,281,2060,239
4317,2080,337,-32,-32,2040,409,2050,300
4317,2080,352,16,16,2030,556,2050,326
4317,2081,179,-32,0,2040,409,2050,300
4317,2081,191,16,16,2030,556,2050,326
4318,2080,307,48,-16,2040,372,2060,425
4318,2080,327,0,0,2041,601,2050,292
4318,2081,171,48,-32,2040,372,2060,425
4318,2081,191,0,0,2041,601,2050,292
4319,2080,380,-80,16,2030,104,2060,195
4319,2080,393,64,16,2030,122,2060,216
4319,2081,71,-80,0,2030,104,2060,195
4319,2081,80,48,0,2030,119,2060,214
4319,2081,83,64,0,2030,122,2060,216
4321,2080,246,32,0,2041,107,2061,172
4321,2080,258,-48,128,2040,81,2061,182
4321,2081,440,32,0,2041,107,2061,172
4321,2081,453,-48,160,2040,81,2061,182
4322,2080,248,64,-16,2030,386,2060,303
4322,2080,260,0,16,2030,400,2050,227
4322,2080,262,96,-16,2040,187,2060,320
4322,2081,71,64,-16,2030,386,2060,303
4322,2081,80,0,16,2030,400,2050,227
4322,2081,82,96,-32,2040,187,2060,320
4323,2080,256,16,16,2041,430,2050,171
4323,2080,258,16,-32,2030,290,2050,176
4323,2080,279,16,112,2040,161,2050,201
4323,2081,505,16,0,2041,430,2050,171
4323,2081,507,16,0,2030,290,2050,176
4324,2080,234,0,-16,2030,366,2051,181
4325,2080,363,16,0,2031,294,2050,416
4325,2080,377,32,0,2040,175,2061,468
4325,2081,479,-16,0,2040,156,2050,416
4325,2081,493,0,0,2031,315,2050,433
4326,2080,374,-16,0,2031,192,2050,103
4326,2081,288,32,0,2031,192,2051,405
4327,2080,336,-16,0,2041,389,2050,277
4327,2080,358,0,-32,2030,132,2050,314
4327,2081,216,-16,-48,2041,389,2050,277
4327,2081,237,0,-16,2030,132,2050,314
4330,2080,265,32,16,2031,234,2050,310
4330,2080,268,-32,0,2030,349,2050,314
4330,2080,287,128,112,2030,364,2050,331
4330,2081,108,32,64,2031,234,2050,310
4330,2081,112,-32,0,2030,349,2050,314
4330,2081,115,-16,0,2031,244,2050,315
4330,2081,130,128,96,2030,364,2050,331
4331,2070,367,0,48,2040,116,2060,255
4331,2071,441,0,48,2040,116,2060,255
4331,2080,197,0,-16,2030,416,2050,75
4331,2080,199,16,-16,2030,418,2050,77
4331,2080,202,-48,16,2031,288,2050,83
4331,2081,380,0,-16,2030,416,2050,75
4331,2081,382,16,-16,2030,418,2050,77
4331,2081,385,-48,16,2031,288,2050,83
4333,2080,387,80,-16,2030,612,2060,176
4333,2080,419,64,0,2030,644,2060,208
4333,2081,689,64,-32,2030,644,2060,208
4335,2080,258,80,-32,2030,439,2060,124
4335,2081,391,80,-16,2030,439,2060,124
4336,2071,539,32,32,2041,382,2060,446
4336,2080,310,0,-80,2031,479,2060,438
4336,2080,314,0,16,2040,230,2050,156
4336,2080,322,16,48,2040,247,2050,170
4336,2080,323,16,64,2040,249,2050,173
4336,2081,189,0,-80,2031,479,2060,438
4336,2081,194,0,-16,2040,230,2050,156
4336,2081,201,16,32,2040,247,2050,170
4336,2081,202,16,32,2040,249,2050,173
4337,2080,210,32,-48,2040,330,2060,133
4337,2081,355,64,-16,2031,177,2060,132
4338,2080,203,160,0,2040,258,2050,173
4338,2081,115,160,-16,2040,258,2050,173
4339,2080,330,16,0,2040,125,2050,164
4339,2080,341,16,0,2040,137,2050,175
4339,2081,504,-96,224,2030,392,2051,269
4339,2081,510,0,0,2031,234,2050,164
4339,2081,519,16,-16,2040,137,2050,175
4341,2080,310,32,0,2031,219,2060,183
4341,2080,316,-16,0,2030,346,2050,154
4341,2080,318,-16,-16,2030,348,2050,157
4341,2081,400,32,0,2031,219,2060,183
4341,2081,406,32,0,2030,346,2051,263
4341,2081,408,-16,0,2030,348,2050,157
4343,2080,507,0,-32,2040,182,2050,471
4343,2080,509,32,16,2030,147,2050,477
4343,2081,440,0,-48,2040,182,2050,471
4343,2081,443,-128,0,2031,225,2050,477
4343,2081,445,144,192,2030,153,2051,417
4344,2080,508,16,0,2040,416,2060,207
4344,2080,511,-64,-96,2040,419,2060,210
4344,2080,515,-16,0,2030,121,2050,478
4344,2080,516,80,0,2031,173,2060,223
4344,2081,333,-64,-128,2040,419,2060,210
4344,2081,337,-16,-16,2030,121,2050,478
4344,2081,338,80,-16,2031,173,2060,223
4345,2080,267,16,160,2030,368,2051,221
4345,2081,80,16,128,2030,368,2051,221
4346,2080,534,32,16,2031,175,2051,402
4346,2081,288,32,0,2031,175,2051,402
4347,2070,244,0,112,2031,268,2051,170
4347,2070,249,48,112,2031,296,2060,329
4347,2071,52,0,112,2031,268,2051,170
4347,2071,57,48,96,2031,296,2060,329
4347,2080,409,0,0,2031,268,2051,170
4347,2080,428,48,32,2031,296,2060,329
4347,2081,95,0,0,2031,268,2051,170
4347,2081,110,48,32,2031,296,2060,329
4348,2080,267,64,32,2030,431,2050,317
4348,2081,449,16,0,2040,72,2060,325
4348,2081,464,64,16,2030,431,2050,317
4349,2080,407,-32,16,2031,96,2050,373
4349,2080,408,32,-32,2030,169,2060,69
4349,2080,416,0,-16,2031,108,2061,457
4349,2080,423,-16,0,2031,121,2050,392
4349,2081,323,48,0,2031,96,2060,67
4349,2081,324,32,-48,2030,169,2060,69
4349,2081,333,-32,16,2040,265,2050,382
4349,2081,339,0,0,2031,121,2051,153
4350,2080,330,64,-16,2030,153,2060,301
4350,2081,189,64,0,2030,153,2060,301
4351,2070,364,96,96,2040,348,2050,235
4351,2070,369,16,64,2031,320,2060,285
4351,2071,521,96,96,2040,348,2050,235
4351,2071,525,16,48,2031,320,2060,285
4351,2080,484,-16,0,2040,330,2050,222
4351,2080,515,32,-16,2040,356,2060,285
4351,2080,519,32,-16,2031,325,2060,289
4351,2081,97,-32,-16,2040,330,2051,434
4351,2081,128,32,-32,2040,356,2060,285
4351,2081,132,32,-32,2031,325,2060,289
4352,2070,423,48,64,2040,189,2060,235
4352,2070,430,-16,64,2040,221,2060,255
4352,2071,494,-16,64,2040,221,2060,255
4352,2080,123,80,-16,2030,322,2060,234
4352,2080,128,64,-16,2041,447,2060,235
4352,2080,157,112,-48,2040,225,2050,114
4352,2081,364,80,-32,2030,322,2060,234
4352,2081,369,64,-32,2041,447,2060,235
4352,2081,399,112,-48,2040,225,2050,114
4354,2070,409,0,80,2040,87,2060,284
4354,2071,480,0,80,2040,87,2060,284
4354,2080,207,0,16,2031,311,2051,158
4354,2080,216,-80,32,2040,87,2050,129
4354,2081,416,0,-16,2031,311,2051,158
4354,2081,426,-80,32,2040,87,2050,129
4354,2081,433,32,-16,2040,99,2060,296
4356,2071,559,-48,112,2040,155,2050,377
4356,2080,400,32,0,2041,189,2060,499
4356,2080,406,64,0,2040,144,2060,504
4356,2080,412,-48,48,2040,155,2050,377
4356,2080,419,0,-16,2031,477,2050,386
4356,2081,344,48,0,2030,303,2060,504
4356,2081,349,-48,48,2040,155,2050,377
4356,2081,354,0,-16,2031,477,2050,386
4357,2080,547,16,96,2030,303,2060,409
4357,2080,553,-64,-64,2030,308,2051,494
4357,2081,79,16,80,2030,303,2060,409
4357,2081,84,-64,-80,2030,308,2051,494
4358,2070,431,0,80,2031,171,2050,278
4358,2071,93,0,48,2031,171,2050,278
4358,2080,335,64,0,2031,131,2060,96
4358,2080,357,16,0,2030,396,2050,278
4358,2081,61,64,0,2031,131,2060,96
4358,2081,80,16,0,2030,396,2050,278
4359,2080,448,16,-48,2040,254,2060,210
4359,2080,449,0,0,2031,181,2050,297
4359,2081,511,16,-48,2040,254,2060,210
4360,2080,555,-16,0,2030,262,2050,514
4360,2081,200,-16,-32,2030,262,2050,514
4361,2080,482,80,-16,2040,374,2060,324
4361,2080,486,-16,0,2031,291,2050,553
4361,2081,169,80,-32,2040,374,2060,324
4361,2081,174,-16,0,2031,291,2050,553
4362,2070,468,0,64,2041,431,2060,312
4362,2080,203,48,0,2041,412,2060,299
4362,2080,216,96,0,2030,389,2060,310
4362,2080,219,80,-48,2030,393,2050,178
4362,2080,236,0,0,2031,368,2051,141
4362,2081,41,80,-16,2030,376,2060,299
4362,2081,55,64,-16,2031,352,2060,310
4362,2081,58,80,32,2030,393,2050,178
4362,2081,76,0,0,2031,368,2051,141
4363,2081,489,48,0,2040,290,2060,257
4364,2070,399,32,80,2030,313,2060,80
4364,2070,405,-96,80,2031,135,2061,165
4364,2071,438,32,64,2030,313,2060,80
4364,2071,441,-96,64,2031,135,2061,165
4364,2080,226,0,-32,2031,115,2050,44
4364,2080,241,-112,-16,2031,135,2060,99
4364,2080,245,32,-32,2031,141,2050,70
4364,2081,413,0,-16,2031,115,2050,44
4364,2081,427,-112,-32,2031,135,2060,99
4364,2081,432,0,0,2041,373,2050,70
4365,2080,440,16,-16,2040,270,2050,361
4365,2080,442,32,0,2040,273,2060,237
4365,2080,443,0,16,2040,275,2050,365
4365,2080,464,80,0,2030,172,2050,382
4365,2081,326,16,0,2040,270,2050,361
4365,2081,328,-16,0,2040,273,2050,364
4365,2081,329,0,0,2040,275,2050,365
4365,2081,351,80,0,2030,172,2050,382
4367,2080,327,16,-16,2040,509,2060,300
4367,2080,335,160,144,2041,130,2050,404
4367,2081,546,16,-32,2040,509,2060,300
4368,2080,510,160,16,2041,331,2050,474
4368,2081,439,160,-16,2041,331,2050,474
4369,2080,147,0,-16,2030,280,2060,431
4369,2080,165,64,0,2040,216,2060,451
4369,2080,166,-16,0,2040,218,2050,128
4369,2080,179,64,224,2040,239,2060,466
4369,2081,247,0,-16,2030,280,2060,431
4369,2081,265,64,-16,2040,216,2060,451
4369,2081,266,-16,0,2040,218,2050,128
4369,2081,277,48,192,2040,239,2061,497
4370,2081,76,0,-32,2040,102,2050,155
4371,2080,259,64,0,2031,322,2060,359
4371,2080,263,48,-16,2030,296,2060,365
4371,2081,501,80,0,2040,126,2060,359
4372,2070,156,0,96,2041,94,2051,62
4372,2071,406,0,80,2041,94,2051,62
4372,2080,263,0,0,2031,351,2050,224
4372,2080,286,-80,48,2040,58,2060,346
4372,2081,166,0,-16,2031,351,2050,224
4372,2081,188,-80,32,2040,58,2060,346
4373,2080,207,32,-32,2030,259,2060,299
4373,2081,492,32,-32,2030,259,2060,299
4374,2070,590,32,80,2041,487,2060,368
4374,2070,595,0,128,2030,240,2061,175
4374,2071,357,32,80,2041,487,2060,368
4374,2071,358,48,96,2031,409,2060,370
4374,2080,301,-16,0,2031,409,2050,266
4374,2080,311,0,0,2030,240,2061,175
4374,2080,321,32,16,2040,571,2060,392
4374,2081,455,-16,0,2031,409,2050,266
4374,2081,465,0,0,2030,240,2061,175
4374,2081,476,48,0,2041,518,2060,392
4375,2070,378,32,80,2031,265,2060,221
4375,2071,430,32,64,2031,265,2060,221
4375,2080,507,96,-32,2040,132,2060,211
4375,2080,514,48,0,2030,187,2060,221
4375,2080,517,-32,0,2031,268,2050,485
4375,2080,522,16,0,2031,271,2050,490
4375,2081,441,96,-16,2040,132,2060,211
4375,2081,449,48,0,2030,187,2060,221
4375,2081,452,-32,0,2031,268,2050,485
4375,2081,457,16,-32,2031,271,2050,490
4377,2080,404,16,-64,2031,137,2050,365
4377,2080,421,-48,0,2031,154,2050,381
4377,2081,475,16,-80,2031,137,2050,365
4377,2081,489,16,0,2030,349,2050,381
4379,2070,391,0,80,2031,473,2051,150
4379,2071,223,0,80,2031,473,2051,150
4379,2080,343,-48,16,2041,194,2050,306
4380,2080,510,16,-16,2040,171,2050,480
4380,2081,310,16,-16,2040,171,2050,480
4381,2080,191,-32,-16,2040,253,2050,146
4381,2080,206,0,-16,2031,468,2050,163
4381,2081,297,-32,-32,2040,253,2050,146
4381,2081,312,0,-16,2031,468,2050,163
4382,2080,202,0,-32,2031,327,2050,164
4382,2080,209,64,0,2040,260,2060,299
4382,2080,219,64,0,2031,341,2050,179
4382,2081,372,0,-32,2031,327,2050,164
4382,2081,379,64,-32,2040,260,2060,299
4382,2081,381,-16,0,2040,263,2050,172
4382,2081,389,64,16,2031,341,2050,179
4383,2080,180,-16,0,2031,267,2050,85
4383,2081,335,-16,0,2031,267,2050,85
4384,2070,349,16,48,2041,190,2060,265
4384,2081,415,0,0,2031,203,2050,450
4386,2080,241,-80,80,2030,378,2061,349
4388,2080,199,-16,0,2031,282,2051,152
4388,2080,222,-48,-32,2031,315,2050,138
4388,2081,367,-32,0,2031,282,2050,117
4388,2081,388,112,16,2030,431,2050,138
4390,2080,218,0,0,2031,300,2050,130
4390,2080,234,144,0,2030,499,2050,145
4390,2080,237,16,0,2040,109,2050,148
4390,2080,242,-16,0,2030,508,2060,279
4390,2081,464,144,16,2030,499,2050,145
4390,2081,467,16,-16,2040,109,2050,148
4390,2081,471,-16,-16,2030,508,2060,279
4391,2080,267,80,0,2031,401,2060,359
4391,2081,560,48,-16,2040,319,2060,359
4393,2080,437,64,0,2031,207,2060,173
4393,2080,439,64,16,2031,210,2060,175
4393,2081,249,64,-16,2031,207,2060,173
4393,2081,251,64,0,2031,210,2060,175
4394,2080,270,0,0,2040,234,2061,153
4394,2081,532,16,-16,2031,411,2061,153
4395,2080,446,16,80,2041,307,2050,417
4395,2081,136,16,64,2041,307,2050,417
4397,2080,332,0,16,2041,246,2050,383
4397,2081,36,0,-16,2041,246,2050,383
4399,2070,515,112,112,2041,527,2060,355
4399,2080,234,112,48,2041,527,2060,355
4399,2080,265,-32,-32,2031,445,2050,226
4399,2081,621,112,48,2041,527,2060,355
4399,2081,647,-32,-16,2031,445,2050,226
4401,2070,445,-32,64,2030,410,2060,564
4401,2080,350,-32,16,2040,214,2050,263
4401,2080,361,16,0,2040,223,2050,273
4401,2080,363,0,32,2041,459,2050,274
4401,2080,374,-32,32,2030,410,2060,564
4401,2081,177,-32,16,2040,214,2050,263
4401,2081,188,16,-16,2040,223,2050,273
4401,2081,190,0,0,2041,459,2050,274
4401,2081,202,-32,32,2030,410,2060,564
4402,2080,400,48,0,2040,227,2051,333
4402,2080,401,0,-16,2031,65,2051,335
4402,2081,196,48,0,2040,227,2051,333
4402,2081,197,0,0,2031,65,2051,335
4403,2080,193,0,0,2030,385,2050,100
4403,2081,270,0,-16,2030,385,2050,100
4404,2080,291,-80,96,2030,425,2061,138
4404,2081,170,-80,112,2030,425,2061,138
4405,2080,170,80,0,2040,220,2060,258
4405,2080,175,0,-32,2040,225,2050,139
4405,2081,398,80,0,2040,220,2060,258
4405,2081,403,0,-48,2040,225,2050,139
4406,2070,280,0,96,2031,322,2050,150
4406,2071,139,0,112,2031,322,2050,150
4406,2080,244,16,-16,2031,333,2050,165
4406,2081,82,16,0,2031,333,2050,165
4407,2070,591,-144,32,2031,478,2061,512
4407,2071,645,-144,32,2031,478,2061,512
4407,2080,366,32,0,2030,617,2060,406
4407,2081,179,48,0,2031,457,2060,406
4409,2080,348,-32,0,2041,409,2051,189
4409,2080,360,32,-16,2031,549,2060,506
4409,2080,363,0,0,2030,235,2051,200
4409,2080,376,16,0,2031,567,2051,207
4409,2081,118,-32,16,2041,409,2051,189
4409,2081,130,32,-32,2031,549,2060,506
4409,2081,144,16,0,2031,567,2051,207
4410,2080,251,0,16,2030,367,2051,205
4410,2081,73,0,0,2041,407,2050,169
4411,2070,391,80,96,2041,352,2060,181
4411,2071,428,80,32,2041,352,2060,181
4411,2080,277,48,0,2031,195,2060,158
4411,2080,284,16,0,2031,207,2060,171
4411,2080,289,16,0,2040,106,2060,179
4411,2080,296,48,0,2031,220,2060,190
4411,2081,63,0,0,2040,88,2050,124
4411,2081,70,16,-16,2031,207,2060,171
4411,2081,75,0,0,2030,409,2050,143
4411,2081,82,64,-16,2030,417,2060,190
4412,2080,268,48,-48,2040,323,2060,363
4412,2080,283,-32,16,2040,339,2050,255
4412,2081,154,48,-32,2040,323,2060,363
4413,2080,488,112,-32,2041,236,2060,338
4413,2081,128,112,-32,2041,236,2060,338
4414,2070,319,32,64,2031,139,2060,188
4414,2070,320,0,80,2031,141,2050,430
4414,2071,485,32,80,2031,139,2060,188
4414,2071,486,0,80,2031,141,2050,430
4414,2080,366,80,0,2030,336,2060,181
4414,2080,372,32,-32,2031,139,2060,188
4414,2080,374,0,0,2040,228,2051,80
4414,2081,41,80,16,2030,336,2060,181
4414,2081,47,32,-32,2031,139,2060,188
4414,2081,49,0,0,2040,228,2051,80
4414,2081,51,-16,-32,2031,142,2050,431
4415,2070,415,-80,208,2040,228,2050,48
4415,2071,424,-80,208,2040,228,2050,48
4415,2080,296,-80,96,2040,228,2050,48
4415,2081,159,-80,96,2040,228,2050,48
4416,2071,541,32,48,2040,394,2061,355
4416,2080,161,80,-16,2030,526,2060,266
4416,2080,166,-16,-32,2040,394,2050,230
4416,2081,480,80,-32,2030,526,2060,266
4416,2081,483,-16,-32,2040,394,2050,230
4417,2080,492,-16,0,2041,162,2050,279
4417,2080,505,64,0,2031,385,2061,417
4417,2081,523,-16,0,2030,557,2060,319
4417,2081,537,48,0,2030,577,2061,417
4419,2070,422,16,32,2030,524,2060,341
4419,2071,314,16,32,2030,524,2060,341
4419,2080,271,-32,-48,2040,195,2051,103
4419,2080,273,16,-16,2041,441,2060,329
4419,2080,281,48,-16,2040,213,2060,341
4419,2081,156,-32,0,2041,441,2050,236
4419,2081,165,48,0,2040,213,2060,341
4420,2080,543,0,160,2040,175,2061,348
4420,2080,557,48,16,2031,400,2060,449
4420,2081,604,0,144,2040,175,2061,348
4420,2081,615,48,-16,2031,400,2060,449
4421,2070,315,0,80,2030,67,2051,245
4421,2071,451,0,64,2030,67,2051,245
4421,2080,414,0,0,2030,62,2050,375
4421,2080,422,0,0,2031,107,2050,388
4421,2080,423,16,0,2031,110,2050,389
4421,2081,332,0,-16,2030,62,2050,375
4421,2081,341,0,-16,2031,107,2050,388
4421,2081,342,16,0,2031,110,2050,389
4422,2080,311,48,-16,2031,87,2060,118
4422,2081,52,48,-32,2031,87,2060,118
4423,2080,280,0,-16,2040,165,2050,333
4423,2081,99,0,-16,2040,165,2050,333
4424,2080,315,0,-16,2031,223,2050,158
4424,2081,461,0,-64,2031,223,2050,158
4425,2080,211,0,0,2031,327,2050,176
4425,2080,225,80,-16,2030,436,2060,305
4425,2081,454,0,0,2031,327,2050,176
4425,2081,466,80,-16,2030,436,2060,305
4426,2080,421,0,0,2031,168,2051,128
4426,2081,497,-16,-16,2031,168,2050,386
4428,2070,360,32,80,2031,122,2060,94
4428,2071,462,32,64,2031,122,2060,94
4428,2080,421,48,-16,2040,325,2060,94
4428,2081,187,48,-32,2040,325,2060,94
4429,2080,326,0,0,2041,421,2050,234
4429,2080,337,-160,16,2030,557,2051,273
4430,2080,298,32,-32,2031,106,2060,74
4430,2080,322,-96,64,2040,278,2050,165
4430,2081,177,32,-32,2031,106,2060,74
4430,2081,201,-96,48,2040,278,2050,165
4431,2080,446,-32,0,2040,60,2051,218
4431,2080,453,16,0,2030,287,2060,381
4431,2080,465,-16,0,2030,298,2050,434
4431,2081,117,16,0,2030,287,2060,381
4431,2081,128,16,16,2030,298,2051,242
4432,2070,491,16,48,2041,367,2060,236
4432,2080,197,16,0,2031,274,2050,106
4432,2081,410,16,-16,2031,274,2050,106
4433,2070,470,64,96,2031,319,2050,150
4433,2071,477,64,80,2031,319,2050,150
4433,2080,174,64,0,2030,50,2060,266
4433,2080,182,48,0,2040,232,2060,274
4433,2080,187,80,0,2040,239,2050,150
4433,2081,376,48,0,2040,222,2060,266
4433,2081,383,48,0,2040,232,2060,274
4433,2081,388,80,0,2040,239,2050,150
4435,2080,188,32,-48,2030,438,2050,112
4435,2081,310,32,0,2030,438,2050,112
4436,2080,269,-16,16,2030,376,2051,221
4436,2080,273,80,0,2030,383,2060,308
4436,2081,103,48,0,2031,313,2060,277
4436,2081,128,-16,-16,2030,376,2051,221
4436,2081,131,80,-32,2030,383,2060,308
4438,2080,257,0,0,2030,502,2051,292
4438,2081,122,0,0,2030,502,2051,292
4439,2080,277,0,16,2030,329,2051,128
4439,2080,302,16,0,2031,395,2051,149
4439,2081,82,-16,-16,2031,395,2050,268
4441,2080,163,16,-16,2030,282,2050,83
4441,2081,423,16,-16,2030,282,2050,83
4442,2080,170,48,-16,2040,92,2060,339
4442,2080,177,16,0,2040,95,2050,51
4442,2080,181,0,0,2040,102,2050,55
4442,2081,373,48,-48,2040,92,2060,339
4442,2081,380,16,16,2040,95,2050,51
4442,2081,384,0,-16,2040,102,2050,55
4443,2070,550,0,80,2030,236,2050,310
4443,2071,61,0,64,2030,236,2050,310
4443,2080,323,-16,-32,2031,389,2050,283
4443,2080,349,16,0,2041,86,2050,296
4443,2081,153,-16,-16,2031,389,2050,283
4443,2081,176,16,0,2041,86,2050,296
4444,2080,151,160,-16,2040,356,2050,207
4444,2081,452,160,-32,2040,356,2050,207
4445,2080,293,0,0,2031,156,2050,93
4445,2081,205,16,-32,2030,475,2050,93
4446,2071,60,-32,192,2030,530,2060,283
4447,2080,276,64,32,2040,353,2050,83
4447,2080,284,96,0,2030,443,2050,88
4447,2080,285,16,0,2041,530,2050,92
4447,2081,407,96,0,2030,443,2050,88
4447,2081,408,16,-16,2041,530,2050,92
4449,2070,394,0,48,2030,411,2060,316
4449,2071,437,0,64,2030,411,2060,316
4450,2080,361,128,144,2030,489,2050,117
4450,2081,266,128,144,2030,489,2050,117
4451,2080,326,-16,0,2040,84,2050,374
4451,2080,328,80,48,2030,50,2050,376
4451,2081,291,-48,0,2040,84,2051,260
4451,2081,293,80,16,2030,50,2050,376
4452,2080,471,0,0,2040,200,2051,501
4452,2081,239,0,0,2030,262,2050,164
4453,2070,403,80,80,2040,350,2050,435
4453,2071,171,80,80,2040,350,2050,435
4453,2080,497,-16,-16,2041,221,2050,433
4453,2080,520,32,-16,2040,378,2060,331
4453,2081,133,-16,0,2041,221,2050,433
4453,2081,155,32,-16,2040,378,2060,331
4454,2080,276,96,16,2041,424,2060,307
4454,2081,114,96,0,2041,424,2060,307
4455,2080,367,0,-16,2041,136,2050,416
4455,2080,379,0,0,2041,156,2050,429
4455,2081,233,0,-16,2041,136,2050,416
4455,2081,244,0,0,2041,156,2050,429
4456,2070,453,-64,176,2031,287,2051,89
4456,2071,456,-64,160,2031,287,2051,89
4456,2080,168,-64,48,2031,287,2051,89
4456,2080,175,64,0,2040,338,2060,253
4456,2080,181,64,0,2041,418,2060,260
4456,2081,124,-64,64,2031,287,2051,89
4456,2081,131,64,-32,2040,338,2060,253
4456,2081,138,64,0,2041,418,2060,260
4457,2080,264,-32,16,2031,161,2050,94
4457,2081,435,-32,-32,2031,161,2050,94
4458,2070,303,32,112,2030,113,2050,482
4458,2071,388,32,112,2030,113,2050,482
4459,2070,497,48,96,2030,116,2060,356
4459,2071,507,48,80,2030,116,2060,356
4459,2080,250,-32,-96,2040,123,2060,325
4459,2080,281,48,0,2030,116,2060,356
4459,2081,397,-32,-80,2040,123,2060,325
4459,2081,429,48,0,2030,116,2060,356
4460,2080,350,32,-16,2040,138,2050,399
4460,2081,183,32,-16,2040,138,2050,399
4461,2080,371,80,0,2031,68,2060,107
4461,2081,202,80,0,2031,68,2060,107
4462,2070,402,32,96,2040,358,2060,114
4462,2071,549,32,80,2040,358,2060,114
4462,2080,507,-32,0,2040,358,2050,469
4462,2080,522,16,0,2031,175,2050,486
4462,2080,524,0,-16,2031,177,2051,94
4462,2080,528,80,-16,2040,393,2061,219
4462,2081,234,-32,0,2040,358,2050,469
4462,2081,249,16,0,2031,175,2050,486
4462,2081,251,0,0,2031,177,2051,94
4462,2081,253,80,0,2040,393,2061,219
4463,2080,302,64,0,2030,402,2060,218
4463,2081,496,32,-16,2031,263,2060,218
4465,2080,304,48,-16,2041,99,2060,241
4465,2080,326,-48,16,2041,125,2050,298
4465,2080,332,16,0,2030,74,2050,301
4465,2081,162,48,-16,2041,99,2060,241
4465,2081,184,-48,0,2041,125,2050,298
4465,2081,191,16,0,2030,74,2050,301
4466,2080,298,0,0,2030,466,2051,246
4466,2080,329,0,0,2040,188,2050,235
4466,2081,590,0,0,2031,385,2050,200
4466,2081,610,112,-80,2040,174,2061,448
4466,2081,620,0,-16,2040,188,2050,235
4467,2080,401,-16,-16,2040,254,2050,370
4467,2080,404,64,16,2040,257,2060,141
4467,2081,60,-16,0,2040,254,2050,370
4467,2081,62,64,16,2040,257,2060,141
4469,2070,440,-32,112,2041,374,2050,449
4469,2070,444,0,48,2040,353,2060,219
4469,2071,55,-32,112,2041,374,2050,449
4469,2071,59,0,64,2040,353,2060,219
4469,2080,496,-32,-16,2040,326,2050,447
4469,2080,497,-32,0,2041,374,2050,449
4469,2080,517,16,-16,2031,270,2050,469
4469,2080,519,48,16,2031,273,2060,225
4469,2080,520,32,0,2031,274,2060,226
4469,2080,529,-32,0,2040,369,2050,495
4469,2081,128,-32,-32,2041,374,2050,449
4469,2081,146,16,-16,2031,270,2050,469
4469,2081,149,48,-32,2040,357,2060,226
4469,2081,159,0,-16,2040,369,2051,199
4471,2080,378,0,0,2030,507,2050,426
4472,2080,314,0,-16,2031,181,2050,106
4472,2081,61,0,-16,2031,181,2050,106
4477,2070,404,0,32,2040,201,2050,247
4477,2071,337,0,48,2040,201,2050,247
4477,2080,285,16,-48,2041,345,2050,247
4477,2080,299,16,32,2030,177,2050,263
4477,2080,320,80,16,2031,454,2060,491
4477,2081,97,16,-32,2041,345,2050,247
4477,2081,130,80,0,2031,454,2060,491
4479,2081,168,0,-16,2030,132,2050,299
4480,2080,409,0,-16,2031,178,2051,347
4480,2080,413,48,0,2031,190,2060,231
4480,2080,415,-32,0,2040,281,2050,477
4480,2081,585,0,-16,2031,178,2051,347
4480,2081,590,48,0,2031,190,2060,231
4480,2081,592,-32,0,2040,281,2050,477
4481,2080,255,32,0,2030,293,2061,51
4481,2081,326,0,0,2031,134,2051,77
4487,2070,310,0,80,2031,209,2050,155
4487,2071,410,0,48,2031,209,2050,155
4487,2080,346,16,0,2041,261,2050,155
4487,2080,350,-16,0,2030,125,2050,158
4487,2081,392,16,0,2041,261,2050,155
4487,2081,395,32,0,2030,125,2051,372
4488,2080,152,-16,0,2030,369,2061,67
4488,2080,156,-48,64,2031,288,2061,68
4488,2081,321,-16,-16,2030,369,2061,67
4488,2081,325,-48,64,2031,288,2061,68
4490,2080,488,32,-48,2031,185,2060,151
4490,2080,490,96,144,2030,264,2050,453
4490,2081,232,32,-48,2031,185,2060,151
4490,2081,234,96,144,2030,264,2050,453
4492,2080,515,48,16,2031,424,2060,471
4492,2080,522,48,0,2030,284,2060,480
4492,2081,243,48,0,2030,284,2060,480
4493,2080,361,16,0,2040,226,2050,408
4493,2080,372,64,16,2040,242,2060,207
4493,2081,314,16,0,2040,226,2050,408
4493,2081,325,64,0,2040,242,2060,207
4494,2080,1236,-96,128,2030,1369,2061,1139
4494,2080,1237,0,0,2031,1337,2051,1203
4494,2080,1241,-16,0,2030,1375,2050,1006
4494,2081,1173,-96,144,2030,1369,2061,1139
4494,2081,1174,0,0,2030,1370,2050,999
4494,2081,1178,0,0,2030,1375,2051,1209
4495,2080,465,-32,0,2041,160,2050,442
4495,2080,475,48,-16,2040,342,2060,299
4495,2081,216,-32,16,2041,160,2050,442
4495,2081,227,48,-16,2040,342,2060,299
4496,2080,165,32,0,2031,293,2050,216
4496,2081,42,80,0,2030,419,2061,94
4496,2081,61,32,0,2031,293,2050,216
4497,2080,465,48,32,2040,289,2060,213
4497,2081,242,48,0,2040,289,2060,213
4498,2080,352,0,16,2041,93,2050,326
4498,2080,354,-32,0,2031,136,2051,280
4498,2081,304,0,0,2041,93,2050,326
4498,2081,305,-32,0,2031,136,2051,280
4499,2070,520,64,128,2040,336,2060,386
4499,2071,563,64,128,2040,336,2060,386
4499,2080,265,64,16,2040,336,2060,386
4499,2081,548,64,0,2040,336,2060,386
4501,2080,275,0,0,2040,185,2050,212
4501,2081,136,0,-16,2040,185,2050,212
4502,2070,332,0,96,2040,188,2061,456
4502,2071,346,0,128,2040,188,2061,456
4502,2080,389,48,-64,2030,565,2060,482
4502,2080,396,-16,-32,2031,529,2050,362
4502,2081,118,48,-48,2030,565,2060,482
4502,2081,126,0,0,2040,188,2061,456
4503,2080,321,-32,0,2031,528,2050,272
4503,2080,328,96,32,2040,233,2060,581
4503,2080,337,-16,-48,2040,244,2050,295
4503,2080,346,32,0,2030,439,2060,607
4503,2081,372,-16,0,2031,528,2051,162
4503,2081,379,96,16,2040,233,2060,581
4503,2081,388,-16,-32,2040,244,2050,295
4503,2081,390,0,0,2030,430,2050,298
4503,2081,396,32,-16,2030,439,2060,607
4504,2080,454,-16,0,2041,297,2050,421
4504,2080,455,0,0,2040,229,2050,422
4504,2081,380,-16,0,2041,297,2050,421
4505,2080,473,32,0,2030,114,2050,438
4505,2081,270,0,-16,2041,305,2050,438
4506,2070,356,-128,80,2031,190,2060,162
4506,2071,118,-128,48,2031,190,2060,162
4506,2080,393,144,0,2030,244,2050,366
4506,2081,79,144,0,2030,244,2050,366
4507,2080,317,-16,-16,2030,517,2050,228
4507,2081,144,-16,-16,2030,517,2050,228
4508,2080,497,-32,0,2040,374,2051,452
4508,2081,273,-32,-16,2040,374,2051,452
4509,2080,385,64,0,2030,224,2060,137
4509,2080,388,-80,0,2030,227,2050,267
4509,2081,502,64,-16,2030,224,2060,137
4509,2081,504,-80,-16,2030,227,2050,267
4510,2080,420,-32,16,2040,275,2050,397
4510,2081,147,-32,-16,2040,275,2050,397
4511,2080,564,0,0,2031,204,2051,440
4511,2080,579,-16,-32,2031,228,2060,272
4511,2081,474,0,0,2031,204,2051,440
4511,2081,485,112,48,2030,172,2060,272
4512,2070,275,-64,144,2040,125,2050,377
4512,2071,450,-64,144,2040,125,2050,377
4512,2080,403,-64,16,2040,125,2050,377
4512,2081,320,-64,0,2040,125,2050,377
4513,2080,476,-48,0,2041,321,2050,445
4514,2080,366,112,0,2031,455,2060,502
4514,2080,369,0,0,2030,422,2050,332
4514,2081,541,112,0,2031,455,2060,502
4514,2081,544,0,0,2030,422,2050,332
4515,2070,610,-16,64,2040,145,2050,200
4515,2070,611,32,64,2040,147,2060,351
4515,2070,616,-16,48,2040,175,2060,373
4515,2071,624,32,64,2040,147,2060,351
4515,2071,628,-16,48,2040,175,2060,373
4515,2080,303,-16,0,2040,145,2050,200
4515,2080,312,48,-32,2030,507,2060,359
4515,2081,449,-16,-16,2040,145,2050,200
4515,2081,458,48,-16,2030,507,2060,359
4516,2080,237,-16,0,2031,399,2050,204
4516,2081,90,48,0,2031,399,2060,432
4517,2080,91,-16,-16,2030,261,2050,131
4517,2081,364,-16,-32,2030,261,2050,131
4519,2080,295,96,-16,2040,354,2060,167
4519,2080,297,48,0,2031,135,2060,171
4519,2081,191,0,-16,2040,340,2051,59
4519,2081,202,96,-48,2040,354,2060,167
4519,2081,204,48,0,2031,135,2060,171
4520,2080,238,32,0,2031,306,2060,265
4520,2081,371,48,0,2030,403,2060,265
4524,2080,422,0,-16,2040,181,2050,385
4524,2080,425,64,0,2031,107,2060,146
4524,2081,327,0,0,2040,181,2050,385
4524,2081,330,-16,0,2031,107,2050,388
4526,2080,481,80,0,2031,241,2050,322
4526,2081,186,96,-16,2040,380,2050,322
4527,2080,336,32,-16,2031,245,2060,213
4527,2080,345,-16,0,2031,255,2050,145
4527,2080,346,-128,128,2031,257,2060,225
4527,2081,371,-16,0,2031,255,2050,145
4527,2081,372,-128,192,2031,257,2060,225
4529,2070,449,0,64,2031,221,2060,271
4529,2071,545,0,48,2031,221,2060,271
4529,2080,357,-64,0,2031,221,2051,102
4529,2080,383,0,-16,2031,252,2050,439
4529,2081,129,-80,0,2031,221,2050,420
4529,2081,155,0,0,2031,252,2050,439
4530,2071,131,-16,128,2040,365,2050,512
4530,2080,554,-16,32,2040,365,2050,512
4530,2081,475,-16,32,2040,365,2050,512
4531,2080,422,-48,0,2040,122,2050,160
4531,2081,202,-48,-16,2040,122,2050,160
4533,2070,463,0,80,2040,309,2060,155
4533,2080,533,-32,0,2040,309,2050,500
4533,2080,555,64,0,2031,223,2060,179
4533,2080,560,32,16,2030,630,2050,529
4533,2081,272,0,-16,2040,309,2060,155
4533,2081,297,64,16,2031,223,2060,179
4533,2081,303,32,0,2030,630,2050,529
4534,2080,456,0,144,2031,160,2050,419
4534,2081,368,0,160,2031,160,2050,419
4536,2080,445,0,-16,2040,489,2050,259
4536,2081,302,0,-16,2040,489,2050,259
4537,2080,228,64,16,2040,476,2060,330
4537,2080,229,0,16,2031,371,2051,129
4537,2080,240,32,0,2041,538,2050,302
4537,2080,253,80,0,2041,554,2060,363
4537,2081,410,64,16,2040,476,2060,330
4537,2081,411,0,0,2031,371,2051,129
4537,2081,422,32,-32,2041,538,2050,302
4537,2081,435,96,-16,2040,510,2060,363
4538,2080,379,-16,0,2041,206,2061,507
4538,2080,387,48,-16,2040,108,2060,307
4538,2080,399,0,-16,2031,281,2050,450
4538,2081,333,-16,0,2041,206,2061,507
4538,2081,342,48,-32,2040,108,2060,307
4538,2081,353,0,-32,2031,281,2050,450
4539,2080,531,-16,16,2041,435,2050,241
4539,2080,546,-16,-16,2041,452,2050,265
4539,2080,548,128,0,2041,456,2060,317
4539,2080,549,64,-16,2030,169,2060,318
4539,2081,602,-16,0,2041,435,2050,241
4539,2081,617,-16,0,2041,452,2050,265
4539,2081,620,144,0,2030,168,2060,317
4539,2081,621,64,-16,2030,169,2060,318
4540,2080,432,16,-16,2031,110,2061,75
4540,2080,449,48,160,2031,129,2061,87
4540,2081,473,16,-32,2031,110,2061,75
4540,2081,489,48,192,2031,129,2061,87
4541,2080,160,16,-16,2041,386,2050,124
4541,2080,172,32,0,2041,406,2060,261
4541,2081,324,16,0,2041,386,2050,124
4542,2080,423,0,-16,2040,382,2050,486
4542,2080,425,0,0,2041,525,2050,489
4542,2080,427,-32,0,2040,388,2050,491
4542,2081,214,0,-16,2040,382,2050,486
4542,2081,216,0,0,2031,294,2051,148
4543,2070,419,32,112,2040,343,2050,481
4543,2080,489,0,0,2030,168,2050,455
4543,2080,511,32,32,2040,343,2050,481
4543,2081,101,0,-16,2030,168,2050,455
4543,2081,124,32,16,2040,343,2050,481
4544,2070,475,16,64,2040,225,2060,264
4544,2071,479,16,64,2040,225,2060,264
4544,2080,167,64,0,2030,370,2060,263
4545,2070,311,-32,128,2040,303,2050,396
4545,2071,109,-32,128,2040,303,2050,396
4546,2080,232,48,16,2040,287,2060,84
4546,2080,235,64,-160,2031,121,2061,156
4546,2081,395,48,0,2040,287,2060,84
4548,2080,469,48,-32,2040,236,2060,192
4548,2080,474,32,-16,2040,241,2060,196
4548,2081,264,16,0,2031,148,2051,75
4548,2081,271,48,-32,2040,236,2060,192
4548,2081,274,32,-16,2040,241,2060,196
4549,2080,215,0,0,2041,450,2051,163
4549,2080,224,-16,0,2040,91,2050,136
4549,2081,371,-32,0,2041,450,2050,124
4549,2081,379,-16,-16,2040,91,2050,136
4550,2080,267,64,-16,2040,139,2060,302
4550,2080,295,0,-16,2040,175,2050,207
4550,2081,77,64,-16,2040,139,2060,302
4550,2081,102,-32,0,2040,175,2051,234
4551,2070,416,32,64,2040,373,2060,217
4551,2080,141,0,-16,2031,247,2050,50
4551,2080,142,0,-32,2030,290,2050,51
4551,2081,195,0,-32,2031,247,2050,50
4551,2081,196,0,-32,2030,290,2050,51
4552,2080,546,16,0,2040,215,2060,350
4552,2080,555,32,-48,2040,229,2060,364
4552,2081,173,-16,0,2030,134,2050,266
4552,2081,182,32,-32,2040,229,2060,364
4553,2070,374,112,272,2040,357,2060,316
4553,2071,497,112,272,2040,357,2060,316
4553,2080,400,16,0,2031,257,2050,446
4553,2080,410,16,0,2030,187,2050,459
4553,2080,419,0,-48,2031,286,2060,319
4553,2081,143,32,0,2030,174,2050,446
4553,2081,152,16,0,2030,187,2050,459
4553,2081,161,0,-48,2031,286,2060,319
4555,2080,359,48,-32,2040,259,2060,107
4555,2080,393,16,0,2031,186,2051,329
4555,2081,225,48,-16,2040,259,2060,107
4555,2081,255,16,0,2031,186,2051,329
4556,2080,300,48,0,2031,364,2060,327
4556,2080,315,64,0,2031,387,2060,344
4556,2081,136,48,16,2031,364,2060,327
4556,2081,152,64,0,2031,387,2060,344
4557,2080,537,80,64,2030,213,2050,494
4557,2080,556,112,-16,2031,291,2050,520
4557,2081,461,80,96,2030,213,2050,494
4557,2081,481,112,-16,2031,291,2050,520
4558,2080,418,0,32,2031,144,2050,257
4558,2081,83,0,-16,2031,144,2050,257
4559,2070,500,48,80,2031,417,2060,369
4559,2080,263,0,0,2040,169,2050,224
4559,2080,280,48,-48,2031,417,2060,369
4559,2081,506,0,-16,2040,169,2050,224
4559,2081,526,48,-32,2031,417,2060,369
4560,2071,476,16,48,2040,220,2060,179
4560,2080,402,0,-112,2030,84,2050,370
4560,2080,411,-16,0,2041,291,2050,382
4560,2081,58,0,-96,2030,84,2050,370
4560,2081,68,-16,0,2041,291,2050,382
4561,2080,229,16,-16,2040,447,2060,263
4561,2080,230,64,-32,2040,450,2051,176
4561,2080,237,-128,0,2030,105,2051,179
4561,2080,246,48,0,2031,334,2060,284
4561,2080,255,48,-16,2030,127,2060,302
4561,2081,60,-32,0,2040,447,2050,133
4561,2081,61,64,-32,2040,450,2051,176
4561,2081,69,-128,-16,2030,105,2051,179
4561,2081,78,48,-16,2031,334,2060,284
4561,2081,88,48,-16,2030,127,2060,302
4562,2080,435,-160,192,2040,269,2060,231
4563,2080,283,16,16,2030,494,2050,342
4563,2081,452,16,-16,2030,494,2050,342
4564,2080,416,0,0,2041,237,2051,298
4564,2080,423,64,0,2040,207,2060,175
4564,2081,319,16,0,2031,135,2051,298
4564,2081,326,64,0,2040,207,2060,175
4565,2080,503,64,-32,2040,323,2060,269
4565,2081,621,64,-48,2040,323,2060,269
4567,2081,343,-32,0,2040,162,2050,196
4568,2080,451,144,0,2031,309,2050,131
4569,2080,227,16,0,2031,312,2050,121
4569,2080,234,48,16,2041,493,2060,279
4569,2080,243,0,0,2041,502,2050,141
4569,2080,251,-48,0,2040,104,2050,150
4569,2081,401,0,0,2030,442,2050,121
4569,2081,416,0,-16,2041,502,2050,141
4569,2081,423,-48,-16,2040,104,2050,150
4570,2080,220,64,0,2030,450,2060,268
4570,2081,114,64,16,2030,450,2060,268
4571,2080,449,16,-16,2031,99,2050,415
4571,2081,61,16,0,2031,99,2050,415
4574,2080,453,0,0,2040,276,2060,172
4574,2081,386,0,-16,2040,276,2060,172
4575,2080,465,0,0,2030,256,2050,430
4575,2081,289,-16,0,2030,256,2051,395
4576,2080,270,48,-16,2030,399,2060,150
4576,2080,294,-16,-32,2041,364,2050,138
4576,2081,87,48,-32,2030,399,2060,150
4576,2081,111,-16,-48,2041,364,2050,138
4578,2070,405,32,80,2031,297,2060,254
4578,2071,476,32,64,2031,297,2060,254
4578,2080,152,0,0,2031,290,2050,118
4578,2081,428,0,0,2041,361,2051,67
4579,2080,237,16,32,2030,298,2050,199
4580,2080,385,-64,224,2030,422,2060,278
4580,2080,401,32,-32,2031,247,2050,319
4580,2081,190,-48,208,2040,145,2060,278
4580,2081,206,32,-16,2031,247,2050,319
4581,2080,316,-32,-32,2040,169,2050,282
4581,2081,209,-32,-32,2040,169,2050,282
4582,2081,116,-32,0,2031,320,2050,256
4583,2070,320,32,48,2040,223,2060,178
4583,2071,438,32,32,2040,223,2060,178
4583,2080,353,128,48,2031,132,2060,165
4583,2081,61,128,16,2031,132,2060,165
4585,2070,426,-48,0,2041,394,2050,272
4585,2071,591,-96,0,2041,394,2060,533
4585,2080,308,32,0,2040,210,2060,513
4585,2080,318,0,-32,2041,389,2050,261
4585,2080,325,-48,-16,2041,394,2050,272
4585,2081,176,32,0,2040,210,2060,513
4585,2081,185,0,-16,2041,389,2050,261
4585,2081,192,-48,64,2041,394,2050,272
4586,2080,301,0,16,2031,388,2051,188
4586,2080,309,16,0,2030,362,2050,266
4586,2081,226,0,-16,2031,388,2051,188
4586,2081,233,0,16,2031,400,2050,266
4586,2081,255,-16,0,2040,108,2050,297
4587,2070,473,64,0,2030,389,2050,185
4587,2080,273,48,16,2031,347,2050,185
4587,2080,279,96,16,2030,396,2060,313
4587,2081,85,96,0,2030,396,2060,313
4588,2070,408,0,80,2030,356,2051,77
4588,2071,484,0,64,2030,356,2051,77
4589,2080,410,0,0,2030,67,2050,462
4589,2080,417,0,0,2030,77,2050,475
4589,2081,107,0,0,2030,67,2050,462
4589,2081,115,0,0,2030,77,2050,475
4590,2080,321,32,0,2041,386,2060,177
4590,2081,73,32,0,2041,386,2060,177
4591,2080,166,64,-16,2030,321,2060,251
4591,2080,167,48,0,2030,322,2060,252
4591,2081,22,64,0,2030,321,2060,251
4591,2081,23,48,0,2030,322,2060,252
4592,2070,379,32,80,2040,78,2060,241
4592,2071,205,32,64,2040,78,2060,241
4592,2080,165,80,0,2041,380,2060,206
4592,2080,191,32,-16,2040,68,2050,110
4592,2081,423,-16,0,2041,380,2050,80
4592,2081,452,32,0,2040,68,2050,110
4593,2080,248,-16,0,2031,287,2050,185
4593,2080,260,80,0,2031,297,2060,341
4593,2081,102,-16,0,2031,287,2050,185
4593,2081,114,80,0,2031,297,2060,341
4595,2080,280,48,0,2041,462,2050,330
4595,2081,427,48,0,2041,462,2050,330
4596,2070,315,16,80,2040,228,2060,163
4596,2071,425,16,80,2040,228,2060,163
4596,2080,345,32,-16,2031,128,2060,163
4596,2081,81,32,-32,2031,128,2060,163
4597,2080,463,80,0,2040,297,2060,255
4597,2081,393,80,-16,2040,297,2060,255
4598,2080,240,0,-16,2040,158,2050,275
4598,2080,248,32,16,2040,168,2051,92
4598,2081,67,0,-32,2040,158,2050,275
4598,2081,75,32,0,2040,168,2051,92
4600,2080,291,-16,0,2041,350,2051,240
4600,2081,407,-16,0,2041,350,2051,240
4601,2070,468,32,80,2031,196,2060,157
4601,2071,214,32,64,2031,196,2060,157
4601,2080,300,-32,0,2031,196,2050,119
4601,2080,302,64,-32,2040,453,2060,160
4601,2081,337,-32,0,2031,196,2050,119
4601,2081,339,64,-32,2040,453,2060,160
4602,2080,449,0,0,2030,91,2051,367
4602,2080,471,0,0,2041,170,2050,442
4602,2081,391,0,16,2030,91,2051,367
4602,2081,415,0,0,2041,170,2050,442
4603,2080,297,48,16,2030,531,2060,356
4603,2080,307,-112,144,2040,219,2061,171
4603,2081,88,48,0,2030,531,2060,356
4603,2081,99,-112,144,2040,219,2061,171
4605,2080,319,16,16,2030,395,2050,180
4605,2080,324,16,16,2031,148,2050,187
4605,2080,325,0,16,2030,402,2050,191
4605,2081,238,32,0,2031,140,2050,180
4605,2081,244,32,-16,2030,401,2050,187
4605,2081,245,16,0,2031,149,2050,191
4606,2080,385,64,-16,2031,255,2060,299
4606,2081,91,64,-16,2031,255,2060,299
4607,2080,493,48,0,2030,142,2060,282
4607,2080,515,32,-48,2040,224,2060,305
4607,2081,485,32,-48,2040,224,2060,305
4608,2070,234,112,48,2041,161,2060,465
4608,2070,240,0,112,2031,533,2051,268
4608,2071,314,112,48,2041,161,2060,465
4608,2080,410,144,-16,2031,508,2060,465
4608,2080,415,-48,0,2040,119,2051,250
4608,2080,427,0,0,2031,533,2051,268
4608,2081,282,144,-16,2031,508,2060,465
4608,2081,286,-48,0,2040,119,2051,250
4608,2081,298,0,32,2031,533,2051,268
4609,2080,243,-48,16,2030,320,2050,216
4609,2081,107,-48,16,2030,320,2050,216
4610,2080,444,32,-32,2040,304,2060,272
4610,2081,155,32,-48,2040,304,2060,272
4612,2080,366,-32,16,2030,281,2051,78
4612,2081,45,-32,16,2030,281,2051,78
4613,2080,341,-16,-16,2041,516,2050,240
4613,2080,378,128,80,2040,231,2050,272
4613,2081,182,128,128,2040,231,2050,272
4616,2080,301,-48,0,2041,476,2051,196
4616,2081,165,-48,16,2041,476,2051,196
4617,2080,518,-48,80,2031,209,2060,257
4617,2080,531,48,-16,2040,322,2060,278
4617,2080,541,0,0,2031,244,2050,506
4617,2081,104,-48,80,2031,209,2060,257
4617,2081,118,48,-16,2040,322,2060,278
4617,2081,126,0,0,2031,244,2050,506
4618,2070,501,16,112,2040,315,2050,213
4618,2071,579,16,96,2040,315,2050,213
4618,2080,251,16,16,2040,315,2050,213
4618,2080,261,96,96,2031,426,2050,228
4618,2081,518,16,-16,2040,315,2050,213
4618,2081,528,96,96,2031,426,2050,228
4619,2071,409,0,48,2041,370,2060,187
4619,2080,514,48,0,2041,367,2060,185
4619,2080,516,-16,0,2040,146,2050,473
4619,2080,523,-32,-16,2030,311,2050,489
4619,2081,423,-32,0,2041,367,2051,103
4619,2081,425,16,-16,2031,228,2050,473
4619,2081,433,-32,0,2030,311,2050,489
4620,2080,471,0,0,2041,325,2050,529
4620,2080,473,0,16,2031,142,2051,398
4620,2081,435,0,0,2041,325,2050,529
4620,2081,437,0,0,2031,142,2051,398
4621,2081,149,16,0,2040,482,2051,219
4622,2080,613,-16,-16,2040,390,2050,573
4622,2080,622,48,-16,2030,343,2060,196
4622,2081,287,-16,-16,2040,390,2050,573
4622,2081,296,48,-32,2030,343,2060,196
4623,2080,478,80,16,2030,117,2060,203
4623,2080,482,-16,-16,2040,262,2050,450
4623,2081,412,80,0,2030,117,2060,203
4623,2081,416,-16,-16,2040,262,2050,450
4624,2070,502,-160,288,2031,367,2061,526
4624,2071,546,-160,288,2031,367,2061,526
4624,2081,404,-160,-48,2031,367,2061,526
4625,2080,114,0,16,2031,385,2050,166
4625,2080,131,48,0,2030,247,2060,435
4625,2081,197,0,0,2031,385,2050,166
4626,2070,419,16,64,2030,302,2060,130
4626,2070,421,0,64,2031,171,2060,138
4626,2071,81,16,48,2030,302,2060,130
4626,2071,84,0,64,2031,171,2060,138
4626,2080,265,-32,0,2040,375,2050,91
4626,2080,273,-16,0,2030,306,2051,233
4626,2080,277,16,-32,2040,390,2060,138
4626,2081,44,-32,0,2040,375,2050,91
4626,2081,48,-16,0,2040,379,2050,95
4626,2081,52,0,0,2030,306,2050,100
4626,2081,56,16,-32,2040,390,2060,138
4627,2070,570,16,48,2030,205,2060,285
4627,2080,359,48,0,2030,175,2060,261
4627,2080,369,0,0,2041,511,2051,334
4627,2080,387,-16,0,2041,532,2051,347
4627,2080,397,48,-16,2031,255,2060,291
4627,2081,131,48,-32,2030,175,2060,261
4627,2081,160,-16,-16,2041,532,2051,347
4627,2081,170,48,-16,2031,255,2060,291
4628,2080,253,64,16,2031,376,2060,341
4628,2080,274,0,-16,2040,97,2050,192
4628,2081,136,64,0,2031,376,2060,341
4628,2081,156,0,16,2040,97,2050,192
4629,2080,517,32,0,2030,570,2060,289
4629,2080,529,0,0,2031,267,2050,493
4629,2081,185,-16,-16,2030,570,2050,478
4629,2081,197,0,0,2031,267,2050,493
4630,2080,234,16,-16,2041,301,2050,107
4632,2070,543,32,64,2041,492,2061,219
4632,2071,552,32,64,2041,492,2061,219
4632,2080,329,80,0,2031,150,2060,106
4632,2081,237,80,-32,2031,150,2060,106
4634,2080,193,80,0,2031,343,2060,291
4634,2081,597,-32,16,2031,343,2050,250
4635,2070,506,32,112,2030,432,2050,169
4635,2071,514,32,112,2030,432,2050,169
4635,2080,205,0,16,2030,431,2050,167
4635,2080,206,32,-16,2030,432,2050,169
4635,2081,391,0,0,2030,431,2050,167
4635,2081,392,32,-16,2030,432,2050,169
4636,2070,515,32,64,2040,225,2060,91
4636,2071,528,32,48,2040,225,2060,91
4636,2080,332,32,0,2041,447,2060,57
4636,2080,334,-32,0,2040,193,2051,276
4636,2080,342,48,-16,2040,201,2060,65
4636,2081,372,32,0,2041,447,2060,57
4636,2081,374,-16,0,2040,193,2050,235
4636,2081,382,48,-32,2040,201,2060,65
4637,2080,467,-32,0,2040,239,2050,438
4637,2080,470,-48,16,2040,243,2050,440
4637,2080,473,0,-16,2030,308,2050,442
4637,2081,117,-32,-16,2040,239,2050,438
4637,2081,123,0,-48,2030,308,2050,442
4638,2070,493,96,80,2041,412,2051,288
4638,2071,361,96,80,2041,412,2051,288
4638,2080,348,48,0,2041,429,2060,155
4638,2081,387,16,-16,2040,478,2060,155
4639,2080,290,32,0,2041,140,2060,341
4639,2081,108,48,0,2031,381,2060,341
4640,2080,251,48,0,2031,347,2060,308
4640,2080,262,16,-32,2041,394,2050,181
4640,2081,277,-32,16,2030,440,2050,169
4640,2081,289,16,-32,2041,394,2050,181
4641,2080,227,0,0,2040,101,2050,164
4641,2081,330,-16,0,2040,101,2051,185
4642,2080,441,80,0,2030,499,2060,158
4642,2080,471,48,-16,2031,237,2060,188
4642,2081,52,80,-32,2030,499,2060,158
4642,2081,83,48,16,2031,237,2060,188
4643,2080,287,48,32,2031,354,2051,235
4643,2080,308,0,0,2040,185,2050,221
4643,2081,416,48,32,2031,354,2051,235
4643,2081,436,0,0,2040,185,2050,221
4644,2070,487,0,64,2031,127,2060,161
4644,2070,489,-16,112,2030,394,2050,276
4644,2071,500,-16,144,2030,394,2050,276
4644,2080,350,48,-16,2030,382,2060,151
4644,2080,362,16,0,2041,447,2050,265
4644,2080,366,48,0,2031,132,2060,166
4644,2080,367,-16,0,2030,394,2050,276
4644,2081,407,48,-16,2030,382,2060,151
4644,2081,419,-16,0,2041,447,2051,306
4644,2081,423,-32,16,2031,132,2050,273
4644,2081,424,-16,0,2030,394,2050,276
4645,2071,285,80,80,2031,152,2060,207
4645,2080,442,16,0,2030,296,2050,339
4645,2080,451,16,-16,2031,140,2060,195
4645,2080,464,80,-32,2031,152,2060,207
4645,2081,612,16,0,2030,296,2050,339
4645,2081,634,80,-32,2031,152,2060,207
4646,2080,368,0,0,2030,104,2051,291
4646,2080,392,16,0,2030,124,2051,320
4646,2081,323,-16,-16,2030,104,2050,413
4646,2081,348,16,0,2030,124,2051,320
4648,2080,356,-64,96,2030,435,2061,46
4648,2080,368,-16,0,2041,225,2050,422
4648,2081,304,-64,112,2030,435,2061,46
4648,2081,317,-16,0,2041,225,2050,422
4650,2070,336,0,64,2030,63,2051,147
4650,2070,339,0,64,2030,70,2051,152
4650,2071,480,0,64,2030,63,2051,147
4650,2071,483,0,64,2030,70,2051,152
4650,2080,435,0,0,2030,63,2051,147
4650,2080,440,0,0,2031,215,2050,407
4650,2080,449,80,0,2030,81,2060,272
4650,2081,175,0,0,2031,208,2050,402
4650,2081,180,0,0,2031,215,2050,407
4650,2081,188,96,0,2041,123,2060,272
4651,2080,419,-32,0,2031,211,2051,363
4651,2081,390,-32,-16,2031,211,2051,363
4654,2080,443,0,-16,2031,123,2050,408
4654,2080,448,32,0,2030,82,2051,266
4654,2081,196,16,0,2031,126,2051,266
4655,2080,173,0,-16,2040,332,2060,248
4655,2081,420,48,0,2031,277,2060,248
4656,2080,142,64,0,2040,89,2060,209
4656,2081,181,80,0,2031,246,2060,209
4657,2080,342,64,0,2041,488,2060,210
4657,2081,446,64,0,2041,488,2060,210
4659,2080,407,0,0,2030,534,2050,372
4659,2080,436,32,-16,2040,163,2060,487
4659,2081,311,0,16,2030,534,2050,372
4659,2081,339,64,0,2031,530,2060,487
4660,2080,324,48,0,2040,248,2060,105
4660,2080,345,16,0,2030,190,2051,370
4660,2081,382,48,0,2040,248,2060,105
4660,2081,402,16,-32,2030,190,2051,370
4661,2070,415,32,64,2041,373,2060,155
4661,2071,133,32,64,2041,373,2060,155
4661,2080,315,0,-16,2030,463,2050,282
4661,2080,321,32,-32,2041,373,2060,155
4661,2080,324,32,0,2040,80,2061,237
4661,2080,329,-64,0,2040,85,2050,295
4661,2081,433,0,0,2030,463,2050,282
4661,2081,438,32,-32,2041,373,2060,155
4661,2081,441,16,0,2041,377,2051,117
4661,2081,447,-64,16,2040,85,2050,295
4662,2080,457,48,-16,2040,128,2060,337
4662,2081,268,48,-16,2040,128,2060,337
4663,2080,408,16,-16,2030,156,2051,308
4663,2080,412,16,-16,2041,347,2060,229
4663,2080,437,16,16,2030,175,2051,327
4663,2081,114,16,-16,2030,156,2051,308
4663,2081,118,-32,0,2041,347,2051,311
4663,2081,142,0,-16,2031,213,2050,486
4664,2080,163,-48,-32,2040,242,2051,14
4664,2080,169,-32,-16,2041,351,2050,209
4664,2081,278,-48,0,2040,242,2051,14
4664,2081,284,-32,16,2041,351,2050,209
4665,2080,206,64,-32,2041,398,2060,314
4665,2080,227,16,80,2031,377,2050,178
4665,2080,241,-64,64,2040,303,2050,195
4665,2081,514,64,-32,2041,398,2060,314
4665,2081,533,16,96,2031,377,2050,178
4665,2081,545,-64,64,2040,303,2050,195
4666,2070,367,0,160,2040,235,2050,280
4666,2071,96,0,160,2040,235,2050,280
4666,2080,405,0,16,2030,68,2050,279
4666,2080,406,0,48,2040,235,2050,280
4666,2080,408,64,0,2041,323,2060,200
4666,2080,415,48,0,2031,170,2060,207
4666,2081,472,0,0,2030,68,2050,279
4666,2081,475,64,0,2041,323,2060,200
4666,2081,483,0,-16,2030,82,2050,291
4667,2071,512,128,192,2031,139,2051,315
4667,2080,390,160,-32,2040,98,2051,315
4667,2081,205,160,-48,2040,98,2051,315
4668,2081,195,0,0,2030,404,2050,59
4669,2080,303,0,0,2031,111,2050,28
4669,2080,322,48,-32,2040,234,2060,94
4669,2081,413,0,-16,2031,111,2050,28
4669,2081,432,48,-32,2040,234,2060,94
4670,2070,370,96,32,2040,338,2060,96
4670,2071,398,96,128,2040,338,2060,96
4670,2081,72,96,-16,2040,338,2060,96
4671,2080,235,-80,64,2040,95,2060,413
4671,2080,237,48,0,2030,317,2060,415
4671,2080,253,32,0,2041,504,2050,160
4671,2080,255,0,-16,2030,336,2050,163
4671,2080,264,16,0,2030,345,2050,174
4671,2081,561,-80,48,2040,95,2060,413
4671,2081,579,16,0,2040,119,2050,160
4671,2081,581,0,-16,2030,336,2050,163
4671,2081,589,16,-16,2030,345,2050,174
4672,2080,295,-16,-32,2031,227,2050,348
4672,2081,453,-16,-48,2031,227,2050,348
4673,2080,448,80,0,2031,166,2060,205
4673,2081,386,80,0,2031,166,2060,205
4674,2080,223,0,0,2030,92,2050,192
4674,2080,255,-32,-16,2031,392,2050,219
4674,2081,468,0,0,2030,92,2050,192
4676,2080,272,0,-16,2030,384,2050,134
4676,2080,283,48,-16,2031,221,2060,179
4676,2081,104,0,-16,2030,384,2050,134
4676,2081,114,48,-32,2031,221,2060,179
4677,2080,344,0,0,2030,466,2050,301
4677,2081,129,0,0,2030,466,2050,301
4678,2080,493,0,0,2041,394,2050,315
4678,2080,503,-48,0,2040,280,2060,236
4678,2081,565,0,-16,2041,394,2050,315
4678,2081,575,-48,0,2040,280,2060,236
4680,2080,200,0,0,2031,326,2050,131
4680,2081,257,0,0,2031,326,2050,131
4681,2080,343,0,-16,2041,182,2050,382
4681,2080,344,-32,0,2040,281,2050,385
4681,2081,101,0,-16,2041,182,2050,382
4681,2081,102,16,0,2031,214,2050,385
4682,2080,404,16,0,2040,289,2060,245
4683,2070,330,0,112,2031,381,2050,181
4683,2070,334,48,96,2030,166,2060,429
4683,2070,337,-160,64,2040,295,2060,440
4683,2071,78,-160,80,2040,295,2060,440
4683,2080,225,16,0,2040,270,2050,181
4683,2080,237,48,0,2030,166,2060,429
4683,2080,245,-160,-16,2040,295,2060,440
4683,2081,462,16,0,2040,270,2050,181
4683,2081,473,-16,0,2031,399,2050,197
4683,2081,481,-160,-32,2040,295,2060,440
4685,2080,390,-48,0,2040,202,2050,361
4685,2080,399,16,0,2030,340,2061,440
4685,2081,109,-48,-16,2040,202,2050,361
4685,2081,119,0,0,2031,153,2050,373
4686,2080,381,48,0,2041,508,2060,281
4686,2080,387,0,-16,2031,242,2050,446
4686,2080,395,64,16,2040,351,2060,298
4686,2081,124,48,16,2041,508,2060,281
4686,2081,128,64,0,2040,331,2060,287
4686,2081,130,0,-16,2031,242,2050,446
4686,2081,140,64,16,2040,351,2060,298
4687,2080,239,-16,0,2041,38,2050,165
4687,2080,255,0,-16,2040,144,2050,182
4687,2081,375,0,0,2040,144,2050,182
4688,2080,404,0,0,2041,292,2051,436
4688,2081,119,-16,0,2041,292,2050,199
4689,2080,131,0,0,2040,340,2051,95
4689,2080,148,0,0,2040,373,2050,195
4689,2081,67,-16,-16,2040,340,2050,173
4689,2081,85,0,-16,2040,373,2050,195
4690,2080,466,16,0,2030,126,2050,427
4690,2081,397,-16,-16,2030,126,2051,366
4691,2070,467,48,112,2040,103,2060,254
4691,2070,475,16,64,2040,125,2060,274
4691,2071,55,48,96,2040,103,2060,254
4691,2071,62,16,32,2040,125,2060,274
4691,2080,226,48,0,2041,418,2060,256
4691,2080,239,16,0,2040,125,2060,274
4691,2081,71,48,-16,2041,418,2060,256
4691,2081,83,16,-16,2040,125,2060,274
4693,2080,321,0,0,2031,184,2050,245
4693,2080,335,0,-16,2030,365,2050,258
4693,2080,338,0,0,2041,402,2050,260
4693,2080,351,0,0,2040,244,2050,273
4693,2081,450,0,-16,2031,184,2050,245
4693,2081,463,0,-16,2030,365,2050,258
4693,2081,466,0,-16,2041,402,2050,260
4693,2081,477,32,0,2030,376,2060,183
4694,2080,385,0,-16,2040,333,2051,122
4694,2081,150,0,-16,2040,333,2051,122
4695,2070,457,16,80,2040,371,2060,275
4695,2071,542,-128,64,2031,298,2060,252
4695,2071,546,16,80,2040,371,2060,275
4695,2080,153,-128,-16,2031,298,2060,252
4695,2080,174,16,-16,2040,371,2060,275
4695,2081,465,-128,-32,2031,298,2060,252
4695,2081,489,-32,-16,2040,371,2050,230
4695,2081,497,16,-160,2040,379,2050,240
4696,2080,496,0,-16,2031,214,2051,444
4696,2080,505,64,0,2040,310,2061,532
4696,2081,370,0,0,2031,214,2051,444
4696,2081,378,64,0,2040,310,2061,532
4696,2081,379,0,48,2040,312,2061,534
4698,2080,502,48,48,2031,284,2050,469
4698,2081,241,48,48,2031,284,2050,469
4699,2070,319,32,80,2040,115,2060,403
4699,2071,102,32,64,2040,115,2060,403
4699,2080,239,-48,16,2040,115,2050,152
4699,2080,246,32,-16,2031,376,2050,165
4699,2080,263,-16,-16,2031,392,2050,183
4699,2080,264,0,0,2030,295,2050,185
4699,2081,446,-48,0,2040,115,2050,152
4699,2081,454,32,-16,2031,376,2050,165
4699,2081,470,0,0,2031,392,2051,215
4699,2081,471,16,0,2040,141,2050,185
4700,2070,482,160,224,2031,326,2061,81
4700,2070,483,64,64,2030,400,2061,87
4700,2071,490,160,224,2031,326,2061,81
4700,2071,491,64,80,2030,400,2061,87
4700,2080,241,64,0,2040,116,2060,276
4700,2080,251,160,128,2031,326,2061,81
4700,2080,255,64,0,2030,400,2061,87
4700,2081,358,48,0,2041,427,2060,276
4700,2081,365,0,-32,2031,324,2050,157
4700,2081,367,160,96,2031,326,2061,81
4700,2081,370,-16,0,2030,400,2051,199
4702,2070,435,16,64,2040,395,2060,251
4702,2070,436,0,96,2040,398,2050,470
4702,2071,543,16,48,2040,395,2060,251
4702,2071,544,0,96,2040,398,2050,470
4702,2080,514,160,-48,2040,412,2060,268
4702,2080,522,16,0,2031,234,2060,274
4702,2081,373,160,0,2040,412,2060,268
4702,2081,379,16,-16,2031,234,2060,274
4704,2080,355,0,0,2031,405,2050,318
4704,2080,364,-64,0,2030,173,2051,268
4704,2081,291,32,0,2030,161,2060,447
4704,2081,300,-64,16,2030,173,2051,268
4705,2080,138,-32,0,2040,443,2051,96
4705,2080,139,0,-16,2031,276,2050,190
4705,2081,505,-32,0,2040,443,2051,96
4705,2081,506,0,16,2031,276,2050,190
4706,2080,370,48,-16,2040,437,2060,202
4706,2080,375,-16,0,2031,168,2050,338
4706,2081,473,48,-32,2040,437,2060,202
4707,2080,436,16,0,2031,247,2050,489
4707,2081,171,0,0,2041,368,2050,489
4708,2070,446,16,80,2030,514,2060,162
4708,2070,449,80,128,2040,335,2060,167
4708,2071,50,80,128,2040,335,2060,167
4708,2080,198,32,-16,2040,330,2060,162
4708,2080,200,48,-32,2030,516,2060,165
4708,2080,201,80,0,2040,335,2060,167
4708,2080,212,80,0,2030,530,2060,179
4708,2081,472,16,0,2040,326,2050,251
4708,2081,475,32,-16,2040,330,2060,162
4708,2081,477,48,0,2030,516,2060,165
4708,2081,479,80,0,2040,335,2060,167
4708,2081,491,80,0,2030,530,2060,179
4709,2080,240,0,-48,2030,312,2050,150
4709,2080,241,96,0,2040,365,2060,400
4709,2080,250,16,-16,2031,457,2060,408
4709,2081,280,96,0,2040,365,2060,400
4709,2081,288,0,16,2030,331,2060,408
4710,2080,175,160,-16,2030,409,2060,282
4710,2081,373,144,16,2031,319,2060,282
4711,2080,195,16,0,2031,306,2050,166
4711,2081,395,16,0,2031,306,2050,166
4714,2080,279,0,0,2030,77,2050,197
4714,2081,500,-16,0,2030,77,2051,232
4716,2070,423,32,80,2041,394,2060,143
4716,2071,429,32,80,2041,394,2060,143
4716,2080,312,16,-64,2040,234,2050,164
4716,2080,327,-16,-16,2041,398,2050,179
4716,2081,344,16,-96,2040,234,2050,164
4716,2081,361,0,0,2041,398,2051,282
4717,2070,493,48,208,2040,138,2061,401
4717,2070,498,0,48,2031,368,2060,328
4717,2071,548,32,192,2040,138,2060,322
4717,2071,552,0,32,2031,368,2060,328
4717,2080,268,32,-16,2031,339,2060,305
4717,2080,272,-16,-16,2030,515,2050,178
4717,2080,291,32,-16,2040,152,2060,328
4717,2081,79,64,0,2030,506,2060,305
4717,2081,83,32,0,2030,515,2060,309
4717,2081,93,0,-16,2031,357,2050,188
4717,2081,104,32,-16,2040,152,2060,328
4719,2080,214,64,-16,2030,386,2060,252
4719,2081,337,48,192,2031,290,2060,251
4719,2081,339,64,-16,2030,386,2060,252
4721,2070,481,32,64,2041,435,2060,207
4721,2071,488,32,80,2041,435,2060,207
4721,2080,116,48,-16,2040,356,2060,207
4721,2080,125,-32,-16,2030,402,2050,184
4721,2081,51,48,-32,2040,356,2060,207
4721,2081,53,16,0,2031,254,2051,86
4721,2081,60,-32,-32,2030,402,2050,184
4722,2080,380,0,0,2030,424,2051,326
4722,2081,99,32,0,2040,294,2061,63
4723,2070,626,0,32,2040,252,2061,443
4723,2071,630,0,48,2040,252,2061,443
4723,2080,526,0,0,2041,562,2051,467
4723,2080,531,16,-16,2030,175,2060,398
4723,2080,549,0,-32,2030,198,2050,321
4723,2081,206,0,-16,2041,562,2051,467
4723,2081,210,16,-16,2030,175,2060,398
4724,2080,529,-16,0,2031,311,2060,358
4724,2080,535,64,-16,2041,443,2060,365
4724,2080,543,0,-16,2040,173,2051,573
4724,2081,240,-16,-32,2031,311,2060,358
4724,2081,246,64,-16,2041,443,2060,365
4724,2081,253,0,-16,2040,173,2051,573
4725,2080,211,64,0,2030,251,2060,377
4725,2080,215,64,32,2041,305,2060,383
4725,2080,230,32,0,2031,363,2060,397
4725,2080,231,64,-16,2040,124,2060,398
4725,2080,236,32,0,2030,275,2050,162
4725,2080,237,48,0,2030,277,2060,403
4725,2080,238,64,0,2041,332,2060,405
4725,2081,436,64,-16,2030,251,2060,377
4725,2081,456,64,0,2040,124,2060,398
4725,2081,461,16,0,2031,369,2050,162
4725,2081,462,48,0,2030,277,2060,403
4725,2081,463,64,-32,2041,332,2060,405
4726,2080,220,48,0,2040,261,2060,313
4726,2080,222,0,0,2031,364,2050,139
4726,2081,99,48,-32,2040,261,2060,313
4726,2081,102,0,-32,2031,364,2050,139
4727,2070,296,32,64,2040,94,2060,467
4727,2071,156,32,64,2040,94,2060,467
4727,2080,342,32,-32,2040,94,2060,467
4727,2081,394,32,-32,2040,94,2060,467
4728,2080,485,0,0,2041,323,2050,452
4728,2080,498,32,0,2030,149,2060,237
4728,2081,537,0,-16,2041,323,2050,452
4728,2081,552,16,0,2040,277,2060,237
4730,2070,480,16,48,2040,188,2060,306
4730,2071,522,16,48,2040,188,2060,306
4730,2080,360,48,-32,2041,417,2060,306
4730,2080,361,32,16,2030,498,2060,308
4730,2081,134,48,-32,2041,417,2060,306
4730,2081,135,0,0,2031,275,2050,238
4731,2080,524,48,-16,2040,298,2060,233
4731,2081,456,48,-16,2040,298,2060,233
4732,2080,377,32,0,2031,239,2060,204
4732,2080,387,0,-16,2030,295,2050,175
4732,2081,326,32,16,2031,239,2060,204
4732,2081,336,0,0,2030,295,2050,175
4733,2080,281,0,112,2030,425,2050,110
4733,2081,396,0,128,2030,425,2050,110
4735,2070,518,16,112,2041,472,2051,278
4735,2071,122,16,112,2041,472,2051,278
4735,2080,342,0,32,2030,534,2060,131
4735,2080,344,48,16,2030,537,2060,132
4735,2080,360,16,0,2041,472,2051,278
4735,2081,231,48,0,2030,530,2051,260
4735,2081,233,0,16,2030,534,2060,131
4735,2081,250,-16,0,2041,472,2050,327
4736,2080,399,0,-16,2041,296,2050,358
4736,2080,401,16,16,2031,148,2050,364
4736,2080,410,80,0,2040,233,2060,193
4736,2081,102,0,-32,2041,296,2050,358
4736,2081,104,16,0,2031,148,2050,364
4736,2081,113,80,0,2040,233,2060,193
4738,2080,420,64,-48,2040,98,2060,242
4738,2081,534,64,-48,2040,98,2060,242
4739,2080,184,16,0,2041,445,2050,136
4739,2081,519,16,0,2041,445,2050,136
4740,2080,500,-112,-32,2041,360,2051,277
4740,2080,505,0,-48,2030,133,2051,282
4740,2081,102,-112,-64,2041,360,2051,277
4740,2081,107,0,-64,2030,133,2051,282
4740,2081,115,16,48,2040,334,2061,258
4741,2080,209,48,0,2040,267,2060,302
4741,2080,213,0,0,2031,354,2050,186
4741,2080,215,64,16,2031,360,2060,310
4741,2081,502,0,0,2030,401,2051,138
4741,2081,504,64,0,2031,360,2060,310
4742,2080,169,-16,0,2030,398,2050,103
4742,2080,194,64,0,2040,90,2060,222
4742,2081,364,-16,0,2030,398,2050,103
4742,2081,386,64,0,2040,90,2060,222
4743,2071,458,0,64,2041,297,2051,250
4743,2080,407,64,0,2040,77,2060,195
4743,2080,421,16,0,2031,167,2051,236
4743,2080,432,0,0,2040,117,2050,399
4743,2081,124,-16,-16,2040,77,2050,375
4743,2081,136,16,0,2031,167,2051,236
4743,2081,147,0,-16,2040,117,2050,399
4744,2080,290,64,-32,2040,93,2060,358
4744,2080,294,-32,0,2040,99,2050,137
4744,2081,173,64,-48,2040,93,2060,358
4746,2070,457,-144,240,2040,244,2060,286
4746,2071,466,-144,240,2040,244,2060,286
4746,2080,176,64,0,2040,222,2060,274
4746,2080,199,96,48,2031,340,2060,297
4746,2081,75,-16,0,2040,222,2050,146
4746,2081,100,96,0,2031,340,2060,297
4747,2080,284,0,0,2040,334,2050,244
4747,2081,191,16,0,2030,162,2050,244
4748,2070,363,0,64,2040,312,2060,165
4748,2071,506,0,-48,2040,312,2060,165
4748,2080,449,0,-48,2040,312,2060,165
4748,2081,124,0,-48,2040,312,2060,165
4750,2070,370,16,80,2030,250,2051,397
4750,2080,497,16,-16,2030,250,2051,397
4750,2081,430,16,-16,2030,250,2051,397
4751,2080,244,0,0,2041,293,2050,207
4751,2081,59,0,0,2041,293,2050,207
4752,2080,317,48,0,2041,173,2060,374
4752,2080,334,-16,0,2040,112,2051,151
4752,2080,349,0,0,2030,493,2050,313
4752,2081,72,0,-16,2031,438,2050,292
4752,2081,88,0,-16,2030,493,2050,313
4753,2081,340,0,-32,2030,364,2050,196
4754,2070,488,32,112,2031,395,2060,347
4754,2071,56,32,96,2031,395,2060,347
4755,2080,315,48,-16,2030,547,2060,354
4755,2081,142,48,-16,2030,547,2060,354
4756,2080,515,-32,-16,2040,248,2050,575
4756,2080,525,16,0,2041,407,2050,589
4756,2081,361,0,0,2040,248,2051,476
4756,2081,371,16,0,2041,407,2050,589
4757,2080,533,32,0,2030,178,2050,496
4757,2081,460,32,-16,2030,178,2050,496
4758,2080,461,48,16,2030,388,2050,422
4758,2080,468,64,0,2030,392,2060,234
4758,2080,470,16,-16,2030,393,2050,427
4758,2080,482,0,-16,2031,209,2051,368
4758,2080,483,64,32,2030,405,2060,250
4758,2080,490,80,-16,2030,413,2060,259
4758,2081,71,64,-16,2030,392,2060,234
4758,2081,72,16,-32,2030,393,2050,427
4758,2081,84,0,-32,2031,209,2051,368
4758,2081,85,64,0,2030,405,2060,250
4759,2080,162,-16,0,2030,347,2050,128
4759,2081,64,16,0,2031,312,2050,128
4760,2080,256,-80,128,2030,498,2060,288
4760,2081,465,-80,128,2030,498,2060,288
4761,2070,462,16,64,2041,427,2060,391
4761,2071,509,16,80,2041,427,2060,391
4761,2080,208,0,0,2040,258,2060,375
4761,2080,219,-16,0,2040,273,2051,124
4761,2081,69,0,-16,2040,258,2060,375
4761,2081,81,-16,-16,2040,273,2051,124
4762,2070,428,32,80,2031,191,2060,148
4762,2080,353,32,-16,2031,191,2060,148
4762,2081,454,32,-16,2031,191,2060,148
4763,2080,514,64,80,2031,203,2050,472
4763,2080,528,0,0,2041,351,2050,485
4763,2081,442,64,112,2031,203,2050,472
4763,2081,454,16,0,2040,310,2050,485
4764,2080,474,64,-16,2041,372,2060,261
4764,2081,134,64,-16,2041,372,2060,261
4765,2080,525,-16,-16,2031,245,2050,289
4765,2081,330,0,0,2031,245,2051,557
4766,2071,519,-160,48,2030,403,2061,167
4766,2080,340,16,-16,2031,417,2050,305
4766,2080,349,-160,-48,2030,403,2061,167
4766,2081,276,16,0,2031,417,2050,305
4766,2081,286,-160,-32,2030,403,2061,167
4767,2070,347,-48,128,2041,321,2060,135
4767,2070,348,32,64,2040,388,2060,136
4767,2071,449,-48,128,2041,321,2060,135
4767,2080,262,-48,0,2041,321,2060,135
4767,2080,263,48,-32,2030,424,2060,136
4767,2080,270,-16,16,2040,397,2050,107
4767,2080,273,-16,0,2040,399,2050,110
4767,2080,281,-80,144,2031,201,2060,157
4767,2080,283,-16,0,2030,447,2050,122
4767,2081,68,-48,0,2041,321,2060,135
4767,2081,69,48,-16,2030,424,2060,136
4767,2081,76,-16,-32,2040,397,2050,107
4767,2081,79,80,0,2040,399,2060,146
4767,2081,85,-80,160,2031,201,2060,157
4767,2081,87,80,0,2030,447,2060,159
4768,2080,311,64,-16,2030,371,2060,415
4768,2080,319,0,0,2030,379,2051,221
4768,2080,328,16,0,2030,383,2061,517
4768,2081,242,64,16,2030,371,2060,415
4768,2081,250,0,-16,2030,379,2051,221
4768,2081,257,0,-16,2031,469,2051,228
4769,2070,398,48,208,2041,326,2061,509
4769,2071,570,48,208,2041,326,2061,509
4769,2080,410,48,0,2031,165,2060,205
4769,2080,416,0,0,2040,255,2050,480
4769,2081,98,0,80,2041,326,2051,292
4769,2081,103,48,16,2031,165,2060,205
4769,2081,108,16,0,2030,138,2050,480
4770,2071,509,64,96,2040,149,2060,229
4770,2080,468,64,0,2040,149,2060,229
4770,2081,89,64,-16,2040,149,2060,229
4771,2080,293,0,0,2040,346,2050,260
4771,2081,126,16,0,2031,392,2050,260
4772,2080,502,48,0,2031,358,2060,398
4772,2080,512,-64,-48,2030,190,2050,476
4772,2081,547,48,0,2031,358,2060,398
4772,2081,555,-64,32,2030,190,2050,476
4773,2080,314,-16,0,2040,86,2051,268
4773,2080,322,80,-16,2040,96,2060,186
4773,2081,243,80,-32,2040,96,2060,186
4774,2080,162,64,-32,2030,216,2060,312
4774,2080,166,64,0,2031,268,2060,316
4774,2081,469,64,-48,2030,216,2060,312
4774,2081,473,64,16,2031,268,2060,316
4775,2080,313,32,32,2030,461,2050,282
4775,2080,338,0,-16,2040,272,2051,164
4775,2081,112,32,0,2030,461,2050,282
4776,2080,379,0,-16,2040,50,2060,157
4777,2080,334,16,0,2030,138,2060,366
4777,2081,551,16,0,2030,138,2060,366
4778,2080,296,-48,0,2040,396,2050,352
4778,2080,298,0,16,2030,514,2050,354
4778,2080,308,64,16,2030,533,2060,229
4778,2080,313,0,-48,2030,537,2060,237
4778,2081,548,-48,-16,2040,396,2050,352
4778,2081,550,0,16,2030,514,2050,354
4778,2081,560,80,0,2040,419,2060,229
4778,2081,565,0,-32,2030,537,2060,237
4779,2080,372,64,-32,2040,134,2060,212
4779,2080,394,0,-16,2041,435,2050,201
4779,2081,480,64,-32,2040,134,2060,212
4779,2081,502,0,0,2041,435,2050,201
4781,2080,203,16,0,2031,265,2050,129
4781,2081,399,32,0,2041,337,2050,129
4781,2081,406,-16,-16,2041,345,2050,133
4781,2081,408,64,-16,2041,346,2060,238
4782,2081,60,0,0,2041,271,2051,237
4783,2071,108,48,64,2031,267,2060,306
4783,2080,420,64,0,2040,166,2060,306
4783,2080,440,32,32,2031,290,2050,363
4783,2081,479,64,-16,2040,166,2060,306
4783,2081,497,32,48,2031,290,2050,363
4784,2080,289,16,0,2040,184,2050,329
4784,2080,293,0,-16,2031,400,2050,334
4784,2081,134,32,0,2041,242,2050,329
4784,2081,138,0,-16,2031,400,2050,334
4785,2080,227,16,0,2031,325,2050,189
4785,2080,231,-16,0,2040,141,2050,193
4785,2081,371,16,-32,2031,325,2050,189
4785,2081,375,-16,-16,2040,141,2050,193
4786,2080,190,-16,0,2041,466,2050,250
4786,2080,200,-16,16,2030,81,2051,159
4786,2080,203,-16,-48,2030,84,2050,261
4786,2081,114,-16,-32,2041,466,2050,250
4786,2081,124,-16,0,2030,81,2051,159
4786,2081,127,-16,-48,2030,84,2050,261
4786,2081,135,64,16,2030,97,2060,311
4786,2081,145,16,0,2031,375,2051,182
4787,2070,267,0,48,2041,154,2060,482
4787,2071,180,16,0,2040,239,2060,482
4787,2080,370,0,0,2041,134,2050,423
4787,2080,385,16,-16,2040,239,2060,482
4787,2080,388,0,-32,2030,573,2051,314
4787,2080,395,0,32,2040,258,2050,455
4787,2081,331,0,0,2041,134,2050,423
4787,2081,346,16,-32,2040,239,2060,482
4787,2081,349,0,-48,2030,573,2051,314
4787,2081,357,0,0,2040,258,2050,455
4788,2070,394,0,32,2041,257,2060,517
4788,2071,544,0,32,2041,257,2060,517
4788,2080,344,0,0,2040,427,2051,146
4788,2080,349,32,-16,2031,473,2060,517
4788,2080,364,32,0,2040,444,2060,533
4788,2081,119,32,-32,2031,473,2060,517
4788,2081,132,48,0,2041,268,2060,533
4789,2080,304,16,0,2041,166,2051,231
4789,2080,307,80,0,2031,48,2060,86
4789,2080,324,48,-32,2030,29,2060,100
4789,2081,266,0,0,2040,123,2050,359
4789,2081,269,96,0,2030,11,2060,86
4789,2081,285,48,-32,2030,29,2060,100
4790,2080,234,16,16,2030,387,2050,153
4790,2080,259,48,16,2031,340,2050,174
4790,2081,67,16,0,2030,387,2050,153
4790,2081,91,48,0,2031,340,2050,174
4791,2080,427,-32,32,2040,226,2050,389
4791,2080,428,32,0,2030,103,2060,189
4791,2080,436,0,16,2040,241,2050,400
4791,2080,449,0,0,2040,250,2050,410
4791,2080,459,-144,-16,2030,127,2050,416
4791,2080,465,0,0,2040,265,2050,419
4791,2081,53,-32,0,2040,226,2050,389
4791,2081,55,32,-16,2030,103,2060,189
4791,2081,64,16,0,2031,155,2050,400
4791,2081,70,0,0,2031,160,2051,289
4791,2081,74,32,0,2041,332,2060,210
4791,2081,85,-144,-32,2030,127,2050,416
4792,2070,325,32,96,2030,343,2060,150
4792,2071,495,32,96,2030,343,2060,150
4792,2080,374,0,-16,2041,267,2051,235
4792,2080,387,16,-16,2040,208,2050,439
4792,2080,391,-32,0,2040,213,2050,444
4792,2080,399,16,32,2030,363,2051,258
4792,2080,404,96,16,2040,229,2060,185
4792,2081,75,0,0,2041,267,2051,235
4792,2081,88,16,-16,2040,208,2050,439
4792,2081,92,-32,-16,2040,213,2050,444
4792,2081,98,16,16,2030,363,2051,258
4792,2081,103,48,-16,2041,301,2060,185
4793,2080,460,0,0,2031,254,2050,368
4793,2080,471,16,0,2030,583,2060,228
4793,2081,170,0,-16,2031,254,2050,368
4793,2081,181,16,0,2030,583,2060,228
4794,2080,535,0,32,2040,298,2060,251
4794,2080,540,-32,0,2040,308,2050,515
4794,2081,119,0,16,2040,298,2060,251
4794,2081,125,-32,0,2040,308,2050,515
4795,2080,339,48,-16,2031,187,2060,235
4795,2081,445,-48,-32,2031,187,2050,266
4795,2081,447,-96,32,2040,378,2051,299
4796,2080,313,0,0,2030,70,2060,357
4796,2081,428,0,-16,2030,70,2060,357
4796,2081,442,32,0,2030,81,2060,365
4797,2080,334,0,96,2030,256,2051,289
4798,2080,244,-32,16,2041,423,2051,195
4798,2080,264,-16,0,2030,307,2051,209
4798,2080,268,32,0,2040,399,2060,98
4798,2081,329,-32,0,2041,423,2051,195
4798,2081,349,-32,16,2040,395,2050,60
4798,2081,353,32,0,2040,399,2060,98
4799,2080,369,96,16,2041,518,2060,197
4799,2080,370,16,-16,2030,477,2050,279
4799,2081,141,-32,0,2030,470,2051,305
4799,2081,153,16,0,2030,477,2050,279
4801,2080,221,-48,0,2041,418,2050,271
4801,2081,353,-48,-16,2041,418,2050,271
4802,2080,335,32,0,2030,240,2061,216
4802,2081,392,32,-16,2030,240,2061,216
4803,2080,157,64,16,2041,366,2060,229
4803,2081,552,64,0,2041,366,2060,229
4804,2080,211,0,-16,2040,453,2050,254
4804,2080,220,-16,-16,2040,466,2050,265
4804,2080,224,-16,-32,2041,376,2051,146
4804,2080,228,48,0,2031,343,2060,302
4804,2081,397,0,-16,2040,453,2050,254
4804,2081,409,-16,-32,2041,376,2051,146
4805,2080,288,-160,-128,2031,409,2061,120
4805,2080,297,0,-16,2040,167,2050,210
4805,2081,521,-160,-144,2031,409,2061,120
4806,2070,435,-96,0,2031,160,2050,267
4806,2071,517,-96,-16,2031,160,2050,267
4806,2080,308,96,16,2030,117,2060,198
4806,2080,332,32,0,2030,149,2060,222
4806,2081,92,32,-16,2031,153,2060,198
4806,2081,115,48,0,2031,192,2060,222
4807,2080,466,-16,0,2031,261,2050,430
4807,2081,182,-16,-16,2031,261,2050,430
4809,2080,260,16,-16,2030,312,2050,177
4809,2080,266,48,32,2031,365,2050,184
4809,2081,121,48,16,2031,365,2050,184
4810,2080,584,-16,-16,2030,201,2050,557
4810,2080,596,64,0,2030,214,2060,335
4810,2081,161,80,0,2030,201,2060,329
4810,2081,172,80,-16,2040,400,2060,335
4811,2080,268,64,0,2031,160,2060,203
4811,2080,280,32,-32,2040,98,2060,230
4811,2081,43,64,-16,2031,160,2060,203
4811,2081,56,32,-32,2040,98,2060,230
4813,2070,318,-160,48,2040,205,2060,408
4813,2071,152,-160,48,2040,205,2060,408
4813,2080,448,-160,-64,2040,205,2060,408
4813,2080,455,64,-16,2040,214,2061,170
4813,2080,469,80,16,2030,346,2060,430
4813,2081,587,-160,-64,2040,205,2060,408
4813,2081,595,64,0,2040,214,2061,170
4813,2081,600,32,0,2040,217,2060,417
4813,2081,607,80,32,2030,346,2060,430
4814,2080,330,-32,0,2040,431,2050,102
4814,2080,336,48,-32,2030,76,2060,160
4814,2081,404,48,-32,2030,76,2060,160
4816,2070,255,48,80,2031,121,2060,174
4816,2071,36,48,96,2031,121,2060,174
4816,2080,347,64,-32,2040,226,2060,183
4816,2080,351,32,0,2030,447,2060,189
4816,2081,43,64,-16,2041,73,2060,174
4816,2081,52,64,-32,2040,226,2060,183
4816,2081,56,32,-16,2030,447,2060,189
4817,2080,443,80,0,2040,118,2060,317
4817,2080,456,64,0,2041,365,2060,326
4817,2080,465,48,-16,2030,251,2061,215
4817,2081,511,80,-16,2040,118,2060,317
4817,2081,524,64,0,2041,365,2060,326
4817,2081,533,48,-16,2030,251,2061,215
4818,2080,201,48,-16,2030,165,2060,495
4818,2081,348,48,0,2030,165,2060,495
4819,2070,455,96,96,2030,194,2060,378
4819,2071,610,96,80,2030,194,2060,378
4819,2080,562,128,0,2031,340,2060,378
4819,2081,159,128,0,2031,340,2060,378
4820,2080,375,0,-16,2041,437,2060,223
4820,2081,123,0,-32,2041,437,2060,223
4822,2081,492,-48,-16,2040,282,2050,244
4823,2080,340,16,-48,2040,122,2060,433
4823,2080,351,-32,0,2031,486,2050,314
4823,2080,354,32,0,2040,138,2050,318
4823,2081,395,16,-32,2040,122,2060,433
4823,2081,406,0,-16,2031,486,2051,251
4823,2081,409,16,0,2031,489,2050,318
4824,2070,450,-16,80,2040,365,2051,99
4824,2071,458,-16,64,2040,365,2051,99
4824,2080,203,-16,-16,2040,365,2051,99
4824,2081,287,-16,-48,2040,365,2051,99
4824,2081,298,0,0,2030,338,2050,265
4825,2080,385,-32,-32,2040,66,2050,356
4825,2081,321,-32,-16,2040,66,2050,356
4828,2080,208,0,0,2040,264,2050,169
4828,2081,426,0,0,2040,264,2050,169
4829,2080,287,32,-32,2030,329,2060,144
4829,2080,289,64,0,2040,363,2060,146
4829,2080,304,0,-16,2030,340,2050,122
4829,2080,312,32,-16,2041,422,2060,164
4829,2080,316,16,-16,2031,209,2050,134
4829,2081,459,32,-32,2030,329,2060,144
4829,2081,462,64,0,2040,363,2060,146
4829,2081,485,-16,0,2031,206,2050,127
4829,2081,490,16,0,2031,209,2050,134
4830,2080,136,0,-16,2030,214,2050,101
4830,2081,380,16,0,2031,247,2051,57
4831,2070,544,0,32,2040,519,2060,201
4831,2071,141,0,48,2040,519,2060,201
4831,2080,315,16,0,2041,380,2050,143
4831,2080,324,80,0,2031,229,2060,189
4831,2080,338,48,0,2030,479,2060,200
4831,2081,424,0,0,2030,458,2060,179
4831,2081,432,112,0,2030,464,2060,189
4831,2081,446,48,0,2030,479,2060,200
4831,2081,447,-64,-16,2040,519,2050,165
4832,2080,338,16,-32,2031,118,2050,258
4832,2080,344,32,-16,2030,437,2060,161
4832,2081,397,16,-32,2031,118,2050,258
4832,2081,401,16,0,2031,125,2060,161
4833,2080,234,0,0,2031,445,2050,207
4833,2081,129,0,-16,2031,445,2050,207
4834,2070,432,32,64,2040,185,2050,358
4834,2071,483,32,96,2040,185,2050,358
4834,2080,294,-32,0,2030,449,2050,340
4834,2080,304,32,0,2040,185,2050,358
4834,2081,62,-32,-16,2030,449,2050,340
4834,2081,73,32,0,2040,185,2050,358
4835,2080,396,64,-16,2030,152,2060,239
4835,2080,400,32,-16,2040,467,2061,328
4835,2080,408,0,0,2030,165,2050,211
4835,2080,411,16,0,2041,545,2050,216
4835,2081,112,64,-32,2030,152,2060,239
4835,2081,116,64,0,2031,282,2061,328
4835,2081,123,0,0,2030,165,2050,211
4835,2081,128,16,-16,2041,545,2050,216
4836,2080,386,16,-48,2041,235,2050,440
4836,2081,327,16,-64,2041,235,2050,440
4838,2070,477,16,64,2031,416,2061,130
4838,2071,486,16,64,2031,416,2061,130
4838,2080,268,16,-16,2030,207,2050,235
4838,2080,273,-32,-16,2031,397,2051,179
4838,2080,287,0,0,2041,439,2050,252
4838,2080,290,-64,0,2040,337,2050,255
4838,2080,300,0,0,2030,228,2051,199
4838,2080,303,0,0,2040,350,2050,263
4838,2081,136,16,-16,2030,207,2050,235
4838,2081,141,-32,0,2031,397,2051,179
4838,2081,157,16,0,2040,335,2050,252
4838,2081,160,-64,0,2040,337,2050,255
4838,2081,170,0,-32,2030,228,2051,199
4838,2081,173,0,0,2040,350,2050,263
4839,2080,349,64,0,2030,590,2060,455
4839,2080,359,48,-32,2040,148,2060,466
4839,2081,545,64,0,2030,590,2060,455
4839,2081,555,48,-16,2040,148,2060,466
4840,2080,436,16,0,2040,353,2050,396
4840,2080,448,16,0,2040,363,2060,115
4840,2081,193,16,-16,2040,353,2050,396
4842,2070,419,16,80,2031,188,2050,119
4842,2080,284,16,32,2031,188,2050,119
4842,2081,87,16,16,2031,188,2050,119
4843,2080,351,0,16,2030,79,2050,404
4843,2080,372,0,0,2041,247,2050,427
4843,2080,381,16,-16,2041,252,2061,223
4843,2080,382,32,-16,2040,195,2060,160
4843,2081,319,0,0,2030,79,2050,404
4843,2081,339,0,0,2041,247,2050,427
4843,2081,346,-32,0,2041,252,2050,432
4843,2081,347,32,0,2040,195,2060,160
4844,2070,259,16,64,2031,330,2060,372
4844,2071,392,16,64,2031,330,2060,372
4844,2080,420,32,-16,2030,130,2050,473
4844,2080,423,0,-16,2040,175,2051,100
4844,2081,287,64,0,2031,325,2050,473
4844,2081,290,0,-16,2040,175,2051,100
4846,2080,294,160,256,2030,432,2051,191
4846,2080,298,96,16,2030,441,2060,339
4846,2080,299,32,0,2040,164,2060,341
4846,2081,122,160,256,2030,432,2051,191
4846,2081,126,96,32,2030,441,2060,339
4846,2081,127,16,0,2031,376,2060,341
4847,2080,213,64,-16,2030,453,2061,97
4847,2081,63,64,-32,2030,453,2061,97
4849,2080,183,-16,-16,2040,237,2051,69
4849,2080,204,48,0,2030,489,2060,444
4849,2080,207,48,0,2040,274,2060,451
4849,2081,40,-48,0,2040,237,2050,136
4849,2081,61,64,0,2040,267,2060,444
4849,2081,63,64,0,2041,321,2060,451
4850,2070,420,16,80,2031,321,2060,277
4850,2071,462,16,64,2031,321,2060,277
4850,2080,178,0,0,2031,311,2050,140
4850,2080,189,-16,0,2030,244,2051,43
4850,2080,196,-32,16,2040,117,2050,157
4850,2081,429,0,0,2031,311,2050,140
4850,2081,439,-16,0,2030,244,2051,43
4850,2081,446,-32,16,2040,117,2050,157
4851,2080,393,16,16,2030,499,2050,146
4851,2080,397,-48,0,2041,266,2050,153
4851,2080,403,32,0,2030,507,2060,358
4851,2081,458,16,16,2030,499,2050,146
4851,2081,462,32,0,2041,266,2060,355
4852,2080,256,48,0,2031,461,2060,416
4852,2080,273,0,48,2031,483,2050,214
4852,2081,76,64,0,2030,503,2060,416
4854,2080,479,0,0,2040,148,2050,201
4854,2080,481,0,-16,2030,343,2050,203
4854,2080,484,16,-16,2031,244,2060,293
4854,2081,534,0,-16,2040,148,2050,201
4854,2081,536,0,-16,2030,343,2050,203
4854,2081,539,-16,0,2041,397,2050,209
4855,2080,333,48,0,2031,218,2060,257
4855,2081,179,64,0,2030,110,2060,257
4856,2080,329,16,-16,2040,214,2050,257
4856,2080,333,48,-16,2030,434,2060,113
4856,2080,345,96,0,2040,227,2060,125
4856,2081,467,16,-48,2040,214,2050,257
4856,2081,471,48,0,2030,434,2060,113
4856,2081,484,96,-16,2040,227,2060,125
4858,2080,554,0,-16,2031,227,2051,399
4858,2080,580,16,0,2041,211,2060,304
4858,2081,434,-32,0,2031,227,2050,511
4858,2081,457,0,0,2040,349,2050,537
4859,2080,367,0,0,2031,159,2050,340
4859,2081,70,0,0,2031,159,2050,340
4860,2080,235,-16,0,2040,154,2050,199
4860,2080,252,32,-16,2040,181,2060,395
4860,2081,112,-16,0,2040,154,2050,199
4860,2081,128,32,0,2040,181,2060,395
4861,2080,448,48,-16,2040,117,2060,230
4861,2081,72,48,0,2040,117,2060,230
4862,2070,406,0,96,2031,150,2050,275
4862,2071,479,0,96,2031,150,2050,275
4862,2080,305,0,-16,2031,150,2050,275
4862,2080,315,-16,0,2030,126,2050,282
4862,2081,422,0,-16,2031,150,2050,275
4862,2081,431,-16,-16,2030,126,2050,282
4863,2080,235,0,16,2040,323,2050,288
4863,2080,240,-16,48,2041,390,2060,175
4863,2081,357,-16,64,2041,390,2060,175
4864,2080,149,48,0,2031,256,2060,224
4864,2080,163,-32,0,2040,316,2050,206
4864,2081,336,0,0,2030,371,2050,197
4864,2081,351,-32,16,2040,316,2050,206
4865,2080,475,0,-32,2040,354,2050,441
4865,2080,479,32,0,2031,279,2050,447
4865,2080,496,16,0,2040,385,2050,460
4865,2080,504,32,16,2031,307,2060,349
4865,2081,121,0,0,2040,354,2050,441
4865,2081,125,32,0,2031,279,2050,447
4865,2081,141,16,-32,2040,385,2050,460
4865,2081,147,-16,0,2031,307,2051,172
4866,2070,302,0,96,2040,123,2050,169
4866,2080,229,0,0,2031,34,2051,192
4866,2080,245,16,-32,2031,59,2060,87
4866,2081,99,0,0,2040,123,2050,169
4866,2081,113,16,-16,2031,59,2060,87
4867,2080,376,-16,-16,2031,162,2050,420
4867,2080,386,64,0,2040,246,2060,219
4867,2081,114,-16,-16,2031,162,2050,420
4867,2081,124,64,0,2040,246,2060,219
4867,2081,125,32,-32,2040,247,2060,220
4868,2080,337,16,0,2031,440,2050,263
4868,2081,128,16,-16,2031,440,2050,263
4869,2071,261,0,96,2040,127,2051,200
4869,2080,224,0,0,2031,306,2051,179
4869,2080,247,-16,0,2031,332,2051,199
4869,2080,248,0,-16,2040,127,2051,200
4869,2081,434,0,-16,2031,306,2051,179
4869,2081,455,48,0,2031,332,2060,292
4869,2081,456,0,0,2040,127,2051,200
4870,2080,398,-16,-16,2031,159,2050,368
4871,2080,183,-16,0,2040,240,2051,112
4871,2081,74,-16,0,2040,240,2051,112
4872,2080,313,0,-16,2040,105,2050,288
4872,2081,414,0,-16,2040,105,2050,288
4873,2070,440,32,80,2040,422,2060,148
4873,2071,507,32,80,2040,422,2060,148
4873,2080,273,-32,0,2031,178,2051,304
4873,2080,274,64,0,2031,180,2060,135
4873,2080,282,64,0,2040,415,2060,143
4873,2080,283,16,-16,2031,190,2050,106
4873,2080,285,32,-32,2040,422,2060,148
4873,2080,286,16,0,2030,490,2050,109
4873,2080,288,48,0,2030,492,2060,153
4873,2081,373,0,-16,2041,221,2050,91
4873,2081,383,64,-48,2040,415,2060,143
4873,2081,384,16,0,2031,190,2050,106
4873,2081,386,32,-32,2040,422,2060,148
4873,2081,387,16,0,2030,490,2050,109
4873,2081,389,48,0,2030,492,2060,153
4875,2080,339,128,0,2031,423,2050,251
4875,2081,161,144,-16,2030,499,2050,251
4876,2080,273,32,-16,2031,408,2060,369
4876,2080,284,96,16,2040,163,2060,377
4876,2080,295,0,-48,2031,436,2050,215
4876,2080,301,32,0,2030,506,2050,222
4876,2080,302,0,0,2040,184,2051,254
4876,2081,114,32,-32,2031,408,2060,369
4876,2081,136,0,-32,2031,436,2050,215
4876,2081,142,32,0,2030,506,2050,222
4876,2081,143,16,0,2030,508,2051,254
4877,2070,516,-64,16,2030,132,2060,220
4877,2080,393,-32,16,2041,449,2051,156
4877,2080,419,64,0,2030,126,2060,214
4877,2080,426,-112,-32,2030,132,2050,386
4877,2081,59,-32,16,2041,449,2051,156
4877,2081,85,64,0,2030,126,2060,214
4877,2081,92,-112,-32,2030,132,2050,386
4878,2080,457,48,0,2030,363,2060,113
4878,2080,465,0,-32,2040,169,2060,119
4878,2080,480,64,0,2031,93,2060,132
4878,2081,313,-16,0,2030,363,2051,276
4878,2081,321,0,-32,2040,169,2060,119
4878,2081,335,80,0,2040,180,2060,132
4879,2070,430,0,64,2040,289,2051,337
4879,2071,96,0,80,2040,289,2051,337
4879,2080,484,0,48,2040,289,2051,337
4879,2081,527,0,-16,2031,201,2050,442
4879,2081,531,-16,0,2040,289,2050,448
4880,2071,515,32,80,2041,400,2061,463
4880,2080,281,0,0,2040,164,2050,208
4880,2081,118,0,0,2040,164,2050,208
4881,2080,363,64,-16,2040,233,2060,194
4881,2081,431,64,0,2040,233,2060,194
4882,2080,362,0,-16,2030,305,2050,103
4882,2080,369,-16,-16,2041,215,2051,399
4882,2081,123,-112,-64,2041,193,2060,264
4882,2081,140,0,-16,2030,305,2050,103
4882,2081,147,16,0,2041,215,2060,282
4883,2080,419,16,16,2040,326,2050,393
4883,2081,123,16,16,2040,326,2050,393
4884,2080,481,-16,-16,2030,180,2051,379
4884,2081,147,-16,0,2030,180,2051,379
4885,2080,232,-16,-16,2040,123,2050,159
4885,2081,359,-16,-32,2040,123,2050,159
4886,2080,308,-16,0,2040,396,2050,279
4886,2081,157,-16,0,2040,396,2050,279
4887,2080,455,-16,-48,2040,330,2050,419
4887,2080,460,64,0,2031,249,2060,291
4887,2080,472,-16,-32,2040,352,2050,436
4887,2080,486,-16,-16,2031,285,2050,451
4887,2081,57,-16,-48,2040,330,2050,419
4887,2081,64,-16,0,2031,249,2050,422
4887,2081,73,-16,-16,2040,352,2050,436
4887,2081,89,-16,-16,2031,285,2050,451
4889,2070,442,16,64,2041,405,2060,367
4889,2071,146,32,48,2030,290,2060,359
4889,2071,148,16,80,2041,405,2060,367
4889,2080,241,-16,0,2041,402,2051,76
4889,2080,246,16,0,2031,327,2050,215
4889,2080,257,-16,-16,2040,191,2050,227
4889,2081,121,-16,-16,2041,402,2051,76
4889,2081,126,16,-16,2031,327,2050,215
4889,2081,138,-16,-16,2040,191,2050,227
4891,2080,155,64,0,2031,302,2060,267
4891,2080,166,48,16,2030,384,2050,132
4891,2080,170,-16,-16,2030,390,2051,73
4891,2081,498,64,-16,2031,302,2060,267
4891,2081,513,-16,0,2030,390,2051,73
4892,2080,372,-32,-16,2040,439,2050,285
4892,2081,133,-32,-16,2040,439,2050,285
4895,2070,466,0,64,2040,355,2060,235
4895,2071,473,0,48,2040,355,2060,235
4895,2080,155,16,-32,2031,271,2060,235
4895,2080,169,64,0,2040,379,2060,249
4895,2080,179,16,-16,2031,308,2060,262
4895,2081,74,-64,16,2031,271,2050,204
4895,2081,95,16,-16,2031,308,2060,262
4896,2080,422,-32,0,2031,248,2050,179
4897,2080,469,96,16,2030,360,2060,438
4897,2080,476,0,0,2031,411,2050,531
4897,2081,180,96,16,2030,360,2060,438
4898,2080,243,64,-16,2041,382,2060,297
4898,2081,456,64,-16,2041,382,2060,297
4899,2080,370,-16,-48,2030,554,2050,426
4900,2080,380,16,16,2040,118,2050,83
4900,2081,281,16,16,2040,118,2050,83
4902,2070,479,-160,64,2040,368,2060,180
4902,2071,511,-160,48,2040,368,2060,180
4903,2080,257,16,-16,2030,177,2060,143
4903,2081,380,16,-16,2030,177,2060,143
4905,2080,467,-16,32,2031,109,2050,433
4905,2080,472,64,0,2031,117,2050,436
4905,2081,284,-16,16,2031,109,2050,433
4905,2081,289,64,0,2031,117,2050,436
4906,2070,391,16,96,2030,248,2050,136
4906,2070,399,32,80,2040,333,2060,469
4906,2071,476,16,80,2030,248,2050,136
4906,2071,484,32,48,2040,333,2060,469
4906,2080,217,16,0,2030,248,2050,136
4906,2080,234,16,-16,2031,417,2050,156
4906,2081,108,16,0,2030,248,2050,136
4906,2081,125,16,-48,2031,417,2050,156
4907,2080,237,0,0,2040,354,2051,126
4907,2081,397,0,0,2040,354,2051,126
4908,2070,302,0,64,2031,221,2060,255
4908,2071,112,0,48,2031,221,2060,255
4908,2080,449,32,-16,2041,151,2060,224
4908,2080,454,80,-32,2030,125,2061,328
4908,2080,479,48,0,2030,147,2060,255
4908,2081,380,32,-32,2041,151,2060,224
4908,2081,385,80,-32,2030,125,2061,328
4908,2081,409,48,0,2030,147,2060,255
4909,2080,309,0,0,2031,443,2050,267
4909,2080,330,0,0,2040,434,2050,296
4909,2080,341,0,-16,2030,561,2050,308
4909,2081,132,-16,-16,2040,434,2051,165
4909,2081,142,0,0,2030,561,2050,308
4910,2080,388,-16,0,2040,206,2050,355
4910,2081,514,0,0,2040,206,2051,155
4911,2081,144,0,0,2030,113,2050,287
4913,2080,416,48,-16,2040,90,2060,353
4913,2081,245,48,0,2040,90,2060,353
4914,2080,393,16,0,2040,56,2060,247
4914,2080,407,-16,0,2030,106,2051,163
4914,2081,331,-16,-32,2030,106,2051,163
4916,2071,524,32,64,2031,127,2060,170
4916,2080,449,-160,192,2030,66,2060,144
4916,2080,465,-16,0,2031,127,2051,331
4916,2081,379,-160,176,2030,66,2060,144
4916,2081,383,-16,-32,2031,114,2050,421
4916,2081,394,-16,0,2031,127,2051,331
4917,2080,313,32,0,2041,428,2060,385
4917,2081,132,32,0,2041,428,2060,385
4918,2080,353,96,0,2040,519,2060,161
4918,2081,389,80,0,2030,424,2060,161
4919,2070,240,0,64,2041,283,2050,412
4919,2071,539,0,64,2041,283,2050,412
4919,2080,336,-16,0,2041,256,2050,390
4919,2080,355,48,16,2040,98,2050,409
4919,2080,357,32,-16,2031,171,2050,412
4919,2081,464,-16,-16,2041,256,2050,390
4919,2081,483,48,16,2040,98,2050,409
4919,2081,485,32,-16,2031,171,2050,412
4920,2070,384,-160,32,2030,40,2060,109
4920,2071,392,-160,32,2030,40,2060,109
4920,2080,244,48,16,2031,72,2060,109
4920,2081,313,64,-16,2040,136,2060,109
4921,2080,144,-16,-16,2041,303,2050,108
4921,2080,146,-32,0,2030,241,2051,62
4921,2081,459,-16,-16,2041,303,2050,108
4921,2081,461,-32,-32,2030,241,2051,62
4921,2081,466,16,0,2040,211,2051,70
4922,2080,353,-16,-16,2031,213,2050,322
4922,2081,108,-16,0,2031,213,2050,322
4923,2080,291,0,-32,2030,462,2050,202
4923,2080,301,48,0,2041,514,2060,332
4923,2081,434,0,-48,2030,462,2050,202
4924,2080,394,0,0,2040,113,2050,373
4924,2081,341,0,-16,2040,113,2050,373
4925,2080,380,0,0,2030,301,2051,246
4925,2081,557,0,0,2030,301,2051,246
4927,2080,189,80,0,2030,223,2060,302
4927,2080,190,-16,0,2040,79,2050,120
4927,2081,346,80,0,2030,223,2060,302
4927,2081,347,-16,-16,2040,79,2050,120
4928,2080,522,48,0,2041,280,2060,197
4928,2080,539,32,16,2030,467,2050,507
4928,2080,543,16,0,2031,266,2050,515
4928,2080,551,32,16,2030,481,2050,520
4928,2081,157,32,0,2031,235,2060,197
4928,2081,177,16,-16,2031,266,2050,515
4928,2081,186,32,0,2030,481,2050,520
4930,2080,172,16,0,2030,280,2050,138
4930,2081,481,16,-32,2030,280,2050,138
4931,2080,377,0,16,2030,418,2060,516
4931,2081,194,0,-16,2030,418,2060,516
4932,2080,440,-16,0,2030,159,2050,393
4932,2081,128,-16,0,2030,159,2050,393
4933,2080,303,-16,-16,2040,166,2050,216
4933,2081,66,-16,-16,2040,166,2050,216
4934,2080,120,-16,0,2030,433,2050,176
4934,2081,52,32,0,2040,325,2060,292
4935,2070,451,0,96,2030,255,2051,324
4935,2071,479,0,96,2030,255,2051,324
4935,2080,363,0,0,2031,186,2051,323
4935,2080,365,-16,0,2030,255,2050,221
4935,2081,465,16,0,2041,415,2051,323
4935,2081,467,-16,0,2030,255,2050,221
4937,2080,189,-112,96,2031,271,2060,235
4937,2080,199,-16,0,2041,370,2050,160
4937,2081,306,-112,112,2031,271,2060,235
4938,2080,431,0,0,2031,199,2051,132
4938,2080,436,48,0,2031,206,2060,169
4938,2080,444,-16,16,2041,278,2050,411
4938,2081,298,16,0,2040,362,2051,132
4938,2081,303,0,0,2030,479,2050,405
4938,2081,311,-16,32,2041,278,2050,411
4939,2080,258,80,-32,2040,307,2060,383
4939,2080,259,32,0,2031,354,2050,222
4939,2081,91,80,-32,2040,307,2060,383
4939,2081,93,32,0,2031,354,2050,222
4940,2080,551,48,0,2030,493,2060,224
4940,2080,559,64,-16,2040,437,2060,232
4940,2080,565,16,0,2031,191,2050,366
4940,2080,567,0,-16,2041,282,2050,369
4940,2081,132,64,-16,2041,264,2060,224
4940,2081,146,16,0,2031,191,2050,366
4940,2081,148,0,-32,2041,282,2050,369
4942,2080,130,0,-16,2031,225,2050,170
4942,2080,132,-16,0,2031,226,2050,173
4942,2080,136,32,0,2030,411,2060,207
4942,2080,138,0,-112,2040,69,2051,110
4942,2081,360,16,0,2030,405,2051,101
4942,2081,362,64,0,2031,226,2060,204
4942,2081,367,-16,-16,2030,411,2050,178
4943,2080,274,48,-80,2040,320,2050,240
4943,2080,281,16,48,2040,334,2051,179
4943,2080,287,0,-16,2031,124,2050,259
4943,2081,355,48,-96,2040,320,2050,240
4943,2081,362,16,0,2040,334,2051,179
4943,2081,368,0,-16,2030,400,2051,183
4944,2080,220,0,0,2031,335,2050,263
4944,2081,188,32,0,2041,82,2060,301
4945,2080,433,-128,112,2040,209,2061,349
4945,2080,440,16,-32,2031,139,2060,187
4945,2081,320,-128,80,2040,209,2061,349
4945,2081,328,16,-32,2031,139,2060,187
4946,2080,324,96,0,2040,133,2060,362
4946,2080,329,0,0,2040,143,2050,301
4946,2081,221,96,0,2040,133,2060,362
4946,2081,226,0,-16,2040,143,2050,301
4947,2080,471,0,0,2030,133,2050,533
4947,2081,418,0,-16,2030,133,2050,533
4948,2080,479,-32,-80,2031,170,2051,412
4948,2081,129,32,0,2031,170,2060,226
4949,2070,314,16,96,2040,238,2050,364
4949,2071,497,16,96,2040,238,2050,364
4949,2080,381,16,16,2040,222,2050,348
4949,2080,394,16,0,2040,238,2050,364
4949,2081,136,48,0,2030,192,2050,348
4949,2081,148,16,0,2040,238,2050,364
4950,2070,150,16,80,2041,161,2060,260
4950,2071,1,16,48,2041,161,2060,260
4950,2080,354,-32,0,2040,10,2050,318
4950,2080,356,32,0,2040,13,2060,260
4950,2080,358,0,-16,2040,18,2060,264
4950,2080,378,16,16,2040,40,2050,341
4950,2081,410,-32,0,2040,10,2050,318
4950,2081,412,-32,16,2040,13,2050,321
4950,2081,414,0,-16,2040,18,2060,264
4950,2081,433,16,0,2040,40,2050,341
4951,2080,181,48,0,2031,300,2061,99
4951,2081,421,160,0,2040,236,2060,268
4956,2080,147,64,-16,2030,504,2060,254
4956,2081,77,64,-32,2030,504,2060,254
4957,2070,428,16,80,2031,87,2061,221
4957,2071,190,16,64,2031,87,2061,221
4957,2080,301,0,16,2031,44,2050,259
4957,2080,316,-160,-64,2030,484,2060,108
4957,2080,323,-16,-16,2031,75,2050,288
4957,2080,330,16,0,2031,87,2061,221
4957,2081,432,0,0,2031,44,2050,259
4957,2081,448,-160,-64,2030,484,2060,108
4957,2081,454,-16,-64,2031,75,2050,288
4957,2081,460,32,0,2030,504,2061,221
4958,2080,236,16,0,2041,411,2060,287
4958,2080,256,64,0,2030,389,2060,307
4958,2080,257,0,0,2030,390,2051,72
4958,2081,172,16,-16,2041,411,2060,287
4958,2081,191,-32,16,2030,389,2050,222
4958,2081,192,0,0,2040,162,2050,224
4959,2080,567,32,0,2030,173,2050,530
4959,2080,574,80,-16,2031,285,2060,324
4959,2081,468,48,0,2031,274,2050,530
4959,2081,476,80,-16,2031,285,2060,324
4960,2080,430,-16,-16,2030,588,2050,397
4960,2081,224,-16,0,2030,588,2050,397
4961,2080,510,-64,0,2031,161,2060,117
4961,2081,201,-64,-16,2031,161,2060,117
4962,2080,294,128,-16,2040,191,2051,156
4962,2081,496,128,0,2040,191,2051,156
4963,2080,416,0,0,2031,185,2050,227
4963,2081,448,0,0,2031,185,2050,227
4964,2080,198,16,-32,2040,245,2050,159
4964,2080,199,0,0,2040,246,2050,161
4964,2080,212,32,-32,2041,395,2050,177
4964,2081,288,16,-16,2040,245,2050,159
4964,2081,289,0,16,2040,246,2050,161
4964,2081,303,32,-32,2041,395,2050,177
4966,2080,188,0,0,2031,152,2050,228
4966,2081,278,16,-32,2031,166,2050,242
4967,2070,348,32,80,2030,227,2060,151
4967,2071,514,32,80,2030,227,2060,151
4967,2080,396,64,0,2041,295,2060,146
4967,2080,401,16,0,2030,228,2050,450
4967,2081,260,64,-16,2041,295,2060,146
4967,2081,265,16,-16,2030,228,2050,450
4968,2080,309,16,-16,2040,234,2060,142
4968,2080,317,-16,0,2040,241,2050,120
4968,2081,433,16,-32,2040,234,2060,142
4968,2081,440,16,-16,2041,376,2050,120
4968,2081,445,0,0,2040,247,2051,282
4970,2080,201,0,-16,2031,274,2060,237
4970,2081,344,0,-16,2031,274,2060,237
4971,2080,449,80,-32,2040,221,2060,170
4971,2080,450,0,-16,2040,224,2050,407
4971,2080,453,160,80,2031,133,2060,180
4971,2080,464,0,-32,2031,143,2050,431
4971,2081,57,80,-16,2040,221,2060,170
4971,2081,58,0,-16,2040,224,2050,407
4971,2081,61,160,48,2031,133,2060,180
4972,2080,320,16,-16,2040,112,2050,286
4972,2081,212,16,-32,2040,112,2050,286
4973,2080,303,-16,0,2041,571,2050,213
4973,2081,455,-16,-16,2041,571,2050,213
4974,2080,435,48,208,2031,153,2050,391
4974,2081,541,80,240,2031,153,2060,194
4975,2080,316,32,0,2031,420,2060,375
4976,2080,475,16,16,2040,397,2060,359
4976,2081,247,0,-16,2041,174,2050,544
4977,2080,408,0,-96,2031,145,2050,375
4977,2080,431,0,0,2040,243,2051,364
4977,2081,280,-16,0,2040,243,2050,395
4978,2071,498,32,80,2030,379,2060,200
4978,2080,344,16,-16,2040,114,2051,297
4978,2080,349,32,0,2030,379,2060,200
4978,2080,353,0,0,2030,384,2050,170
4978,2080,370,0,-16,2031,261,2050,186
4978,2080,371,48,0,2030,406,2060,219
4978,2081,467,16,-16,2040,114,2051,297
4978,2081,472,32,0,2030,379,2060,200
4978,2081,476,0,32,2030,384,2050,170
4978,2081,494,0,0,2031,261,2050,186
4978,2081,496,48,0,2030,406,2060,219
4979,2080,424,80,16,2031,533,2060,484
4979,2081,323,80,32,2031,533,2060,484
4980,2070,409,-144,240,2040,290,2061,111
4980,2071,548,-144,240,2040,290,2061,111
4980,2080,461,32,144,2040,313,2050,271
4980,2081,534,32,112,2040,313,2050,271
4981,2080,283,16,0,2030,597,2050,243
4981,2080,285,16,-16,2030,599,2050,244
4981,2080,289,16,0,2040,358,2050,249
4981,2081,558,16,-32,2030,597,2050,243
4981,2081,560,16,-16,2030,599,2050,244
4981,2081,565,16,-16,2040,358,2050,249
4982,2070,502,48,48,2031,92,2060,136
4982,2071,512,48,64,2031,92,2060,136
4982,2080,318,0,-32,2040,177,2050,364
4982,2081,296,0,-32,2040,177,2050,364
4983,2080,474,-16,0,2031,285,2050,385
4983,2080,483,96,0,2041,79,2060,335
4983,2080,497,80,-16,2030,148,2060,347
4983,2081,513,-16,-16,2031,285,2050,385
4983,2081,524,96,-16,2041,79,2060,335
4983,2081,538,80,-16,2030,148,2060,347
4984,2071,74,0,64,2040,125,2060,436
4984,2080,245,32,0,2030,285,2060,436
4984,2081,84,-16,0,2030,285,2050,169
4985,2080,393,16,-32,2040,229,2050,368
4985,2080,396,0,0,2040,232,2050,371
4985,2080,410,64,0,2031,178,2060,203
4985,2081,335,16,-16,2040,229,2050,368
4985,2081,338,0,-16,2040,232,2050,371
4985,2081,353,80,0,2030,458,2060,203
4986,2080,264,-16,0,2030,226,2050,313
4986,2080,271,-16,0,2040,437,2050,321
4986,2081,108,-16,-16,2030,226,2050,313
4986,2081,114,-16,-16,2040,437,2050,321
4987,2080,410,64,-32,2031,136,2060,103
4987,2080,411,16,-16,2041,311,2050,385
4987,2080,426,0,-16,2030,260,2050,401
4987,2081,214,64,-16,2031,136,2060,103
4987,2081,229,0,0,2030,260,2050,401
4990,2080,429,0,0,2041,551,2050,344
4990,2080,442,0,-16,2030,484,2050,356
4990,2081,263,-16,0,2041,551,2051,375
4991,2080,279,64,-32,2031,468,2061,558
4991,2081,119,64,-32,2031,468,2061,558
4993,2080,486,96,0,2040,288,2060,246
4993,2081,402,96,0,2040,288,2060,246
4994,2070,550,-80,80,2031,433,2061,123
4994,2071,608,-80,80,2031,433,2061,123
4994,2080,264,0,-64,2030,566,2060,384
4994,2080,269,-128,0,2031,433,2050,230
4994,2080,284,16,-32,2031,461,2050,247
4994,2080,285,16,-16,2031,462,2051,100
4994,2081,153,0,-64,2030,566,2060,384
4994,2081,158,-128,0,2031,433,2050,230
4994,2081,175,16,-16,2031,461,2050,247
4994,2081,176,16,-16,2031,462,2051,100
4995,2070,236,16,64,2030,129,2060,344
4995,2080,489,48,-32,2041,209,2060,344
4995,2081,515,48,-32,2041,209,2060,344
4996,2080,433,-112,80,2030,214,2060,116
4996,2080,443,16,-16,2040,264,2051,402
4996,2081,484,-112,80,2030,214,2060,116
4996,2081,494,16,-32,2040,264,2051,402
4998,2080,538,96,0,2030,371,2060,207
4998,2080,543,16,-32,2040,427,2060,211
4998,2081,332,96,0,2030,371,2060,207
4998,2081,337,16,-48,2040,427,2060,211
4999,2080,343,-48,0,2040,281,2051,314
4999,2080,352,48,-32,2030,175,2061,114
4999,2081,136,-64,-16,2040,281,2050,400
4999,2081,144,48,-32,2030,175,2061,114
5000,2080,142,16,0,2031,314,2050,116
5000,2081,227,0,0,2040,197,2051,85
5001,2080,218,-16,0,2040,98,2051,175
5001,2080,228,0,-16,2040,120,2050,154
5001,2081,367,-16,-16,2040,98,2051,175
5001,2081,368,-16,0,2031,292,2050,145
5001,2081,377,0,-16,2040,120,2050,154
5002,2080,492,64,0,2031,274,2060,313
5002,2080,496,80,0,2031,279,2060,318
5002,2081,156,64,-32,2031,274,2060,313
5002,2081,160,48,-16,2030,559,2060,318
5004,2070,235,-32,160,2040,121,2060,360
5004,2071,506,-32,144,2040,121,2060,360
5004,2080,319,-32,-80,2040,121,2060,360
5004,2080,331,-160,-96,2030,482,2061,441
5004,2081,158,-32,-32,2040,121,2060,360
5004,2081,169,-160,-112,2030,482,2061,441
5005,2070,243,48,64,2040,152,2061,428
5005,2080,370,64,0,2041,195,2061,428
5005,2081,459,-16,0,2041,195,2051,274
5006,2080,440,48,0,2041,199,2060,76
5006,2080,454,16,0,2041,229,2051,277
5006,2081,288,64,0,2030,490,2060,76
5006,2081,303,16,16,2041,229,2051,277
5007,2080,341,64,-16,2030,427,2060,162
5007,2080,349,-16,0,2031,219,2061,262
5007,2080,357,64,32,2041,495,2060,178
5007,2080,363,-112,224,2030,452,2061,276
5007,2080,364,0,-16,2040,104,2050,150
5007,2081,382,64,-16,2030,427,2060,162
5007,2081,392,-16,32,2031,219,2061,262
5007,2081,398,64,0,2041,495,2060,178
5007,2081,406,0,-16,2040,104,2050,150
5008,2070,420,48,80,2041,366,2060,261
5008,2080,226,-16,0,2040,102,2050,146
5008,2081,435,-16,-16,2040,102,2050,146
5009,2080,260,48,0,2030,430,2060,355
5009,2081,163,48,0,2030,430,2060,355
5010,2080,300,16,0,2041,433,2050,209
5010,2080,317,-16,-16,2041,451,2050,223
5010,2081,81,32,0,2031,382,2050,209
5010,2081,93,-16,0,2041,451,2050,223
5011,2080,420,-16,0,2031,131,2050,392
5011,2080,425,32,-16,2040,324,2060,178
5011,2081,104,-16,-16,2031,131,2050,392
5011,2081,108,32,-32,2040,324,2060,178
5012,2080,380,-144,-64,2041,489,2060,201
5012,2080,387,0,0,2031,165,2051,332
5012,2080,397,-64,0,2040,267,2050,308
5012,2081,460,-144,-80,2041,489,2060,201
5012,2081,465,-16,0,2040,249,2050,295
5012,2081,475,16,-32,2040,267,2060,224
5013,2080,381,16,16,2040,171,2050,439
5013,2081,127,16,0,2040,171,2050,439
5014,2080,524,48,0,2040,370,2060,330
5014,2081,177,48,-16,2040,370,2060,330
5015,2070,392,0,48,2040,327,2060,134
5015,2071,432,0,48,2040,327,2060,134
5015,2080,268,0,-32,2040,327,2060,134
5015,2081,73,0,-48,2040,327,2060,134
5016,2080,494,0,16,2030,525,2050,287
5016,2080,500,48,-32,2040,126,2060,328
5016,2081,251,0,-16,2030,525,2050,287
5016,2081,257,48,-32,2040,126,2060,328
5017,2080,449,0,16,2031,222,2050,414
5017,2080,470,16,0,2040,343,2050,445
5017,2081,154,0,0,2031,222,2050,414
5017,2081,174,32,-16,2030,529,2050,445
5018,2070,363,16,80,2040,81,2061,458
5018,2080,401,0,0,2030,164,2050,367
5018,2080,408,32,0,2031,206,2061,458
5018,2081,110,0,-16,2030,164,2050,367
5018,2081,117,-16,0,2031,206,2051,278
5019,2070,527,32,64,2031,406,2060,359
5019,2071,535,32,48,2031,406,2060,359
5019,2080,294,-16,0,2031,386,2050,218
5019,2080,309,-48,0,2031,406,2050,231
5019,2081,318,-16,0,2031,386,2050,218
5019,2081,333,-48,0,2031,406,2050,231
5020,2080,291,0,-16,2031,380,2050,254
5020,2080,297,112,16,2031,390,2060,352
5020,2080,309,0,16,2030,550,2050,278
5020,2081,512,112,0,2031,390,2060,352
5020,2081,524,0,0,2030,550,2050,278
5021,2080,235,-48,-160,2040,102,2050,148
5022,2070,418,32,80,2031,233,2060,277
5022,2071,541,32,80,2031,233,2060,277
5022,2080,506,48,-16,2030,184,2060,277
5022,2081,102,48,0,2040,305,2060,265
5022,2081,113,48,-16,2030,184,2060,277
5023,2080,506,48,208,2030,52,2051,359
5023,2080,529,32,0,2031,130,2051,390
5023,2081,400,64,224,2030,52,2060,147
5023,2081,423,32,0,2031,130,2051,390
5024,2080,201,-32,32,2031,255,2050,133
5024,2081,70,-32,32,2031,255,2050,133
5025,2070,413,112,96,2030,356,2051,42
5025,2071,315,112,96,2030,356,2051,42
5026,2080,447,-80,-16,2040,304,2050,500
5026,2080,451,-16,0,2031,229,2051,357
5026,2080,464,0,-16,2040,332,2060,288
5026,2081,146,-80,-48,2040,304,2050,500
5026,2081,150,-16,-16,2031,229,2051,357
5026,2081,164,-48,16,2040,332,2050,518
5028,2080,460,32,16,2031,525,2060,575
5028,2081,378,-32,0,2031,525,2050,415
5028,2081,406,0,-32,2031,561,2050,448
5030,2080,190,0,0,2040,335,2061,313
5030,2080,195,48,-32,2031,288,2050,241
5030,2081,143,16,-16,2030,93,2061,313
5030,2081,148,48,-16,2031,288,2050,241
5032,2080,354,-16,0,2031,262,2050,153
5032,2080,366,0,0,2031,277,2050,165
5032,2081,68,32,0,2031,262,2060,307
5032,2081,80,0,0,2040,202,2051,400
5033,2080,425,32,0,2031,168,2060,210
5033,2081,494,0,-16,2040,316,2060,210
5034,2070,476,128,288,2030,143,2050,283
5034,2071,518,128,288,2030,143,2050,283
5034,2080,297,16,-32,2030,107,2050,260
5034,2080,311,96,0,2031,183,2060,223
5034,2080,319,128,208,2030,143,2050,283
5034,2081,485,16,-16,2030,107,2050,260
5034,2081,498,96,-16,2031,183,2060,223
5034,2081,506,128,208,2030,143,2050,283
5035,2080,359,0,0,2030,476,2051,108
5035,2080,379,32,0,2031,245,2060,199
5035,2081,75,-16,0,2030,476,2050,313
5035,2081,95,32,-16,2031,245,2060,199
5036,2070,463,-144,144,2040,283,2060,96
5036,2071,356,-144,144,2040,283,2060,96
5036,2080,217,16,-32,2031,121,2051,49
5036,2080,222,32,-80,2031,129,2050,184
5036,2080,227,-48,-16,2040,276,2050,189
5036,2080,234,-144,48,2040,283,2060,96
5036,2080,238,48,0,2030,341,2060,103
5036,2080,240,-16,0,2031,156,2050,206
5036,2081,369,16,0,2031,121,2051,49
5036,2081,371,16,0,2030,315,2050,183
5036,2081,374,32,-96,2031,129,2050,184
5036,2081,380,-48,-32,2040,276,2050,189
5036,2081,387,-144,64,2040,283,2060,96
5036,2081,391,48,-16,2030,341,2060,103
5037,2080,303,-16,0,2031,209,2050,140
5037,2081,362,-16,0,2031,209,2050,140
5038,2070,442,0,80,2040,513,2051,312
5038,2071,124,0,80,2040,513,2051,312
5038,2080,408,-16,0,2040,513,2050,380
5038,2081,273,-16,-16,2040,513,2050,380
5039,2080,336,32,-16,2031,205,2050,243
5039,2081,124,16,0,2040,278,2050,243
5040,2080,376,80,-32,2031,111,2060,145
5040,2081,441,80,-32,2031,111,2060,145
5041,2080,461,0,-32,2041,244,2060,182
5041,2081,212,0,80,2041,244,2060,182
5042,2070,621,0,80,2031,303,2060,249
5042,2071,672,0,64,2031,303,2060,249
5042,2080,456,0,0,2040,339,2050,187
5042,2080,471,16,-16,2030,644,2060,249
5042,2080,477,0,0,2040,366,2051,415
5042,2080,489,-64,16,2030,663,2050,226
5042,2081,498,0,-16,2040,339,2050,187
5042,2081,513,16,-16,2030,644,2060,249
5042,2081,518,0,-16,2040,366,2051,415
5042,2081,530,-16,-16,2030,663,2051,424
5043,2080,378,128,0,2031,189,2050,106
5043,2081,449,144,-16,2040,299,2050,106
5044,2080,233,0,0,2031,400,2051,64
5044,2080,240,48,0,2040,342,2060,371
5044,2081,151,0,0,2031,400,2051,64
5044,2081,158,0,0,2030,450,2050,213
5048,2080,426,-16,-32,2040,73,2050,398
5048,2080,428,16,-32,2040,74,2050,399
5048,2081,216,-16,-32,2040,73,2050,398
5048,2081,218,16,-64,2040,74,2050,399
5049,2071,513,0,64,2031,258,2060,302
5049,2071,518,16,48,2041,214,2060,322
5049,2080,443,32,0,2030,121,2060,302
5049,2080,457,-112,-64,2030,137,2050,423
5049,2080,463,-16,0,2040,365,2050,431
5049,2081,226,-32,16,2030,121,2050,410
5049,2081,241,-112,-32,2030,137,2050,423
5049,2081,246,16,0,2040,365,2051,108
5050,2081,173,0,-16,2040,568,2050,218
5051,2070,494,0,32,2041,455,2060,343
5051,2071,509,0,32,2041,455,2060,343
5051,2080,299,-128,128,2031,364,2061,401
5051,2080,310,-64,16,2041,455,2050,241
5051,2080,312,32,0,2040,212,2050,242
5051,2081,121,-128,112,2031,364,2061,401
5051,2081,133,-64,16,2041,455,2050,241
5052,2070,540,-160,32,2031,289,2061,325
5052,2071,621,-160,0,2031,289,2061,325
5052,2080,402,0,0,2041,473,2051,346
5052,2080,414,16,-16,2031,276,2050,200
5052,2080,424,16,0,2030,607,2050,209
5052,2080,426,0,-16,2031,290,2050,210
5052,2081,554,0,0,2041,473,2051,346
5052,2081,562,0,0,2041,480,2050,198
5052,2081,566,16,0,2031,276,2050,200
5052,2081,576,16,0,2030,607,2050,209
5052,2081,578,0,-32,2031,290,2050,210
5054,2080,179,48,16,2041,381,2050,153
5054,2081,441,48,32,2041,381,2050,153
5055,2080,337,-16,-32,2031,190,2050,103
5055,2080,339,48,0,2030,509,2060,151
5055,2081,477,-16,-16,2031,190,2050,103
5055,2081,479,48,-16,2030,509,2060,151
5057,2070,635,48,64,2040,324,2060,209
5057,2071,641,48,64,2040,324,2060,209
5057,2080,405,-32,0,2040,307,2061,447
5057,2080,419,16,0,2031,264,2050,167
5057,2081,474,-32,0,2040,307,2061,447
5057,2081,491,-16,0,2040,324,2050,167
5058,2080,384,-32,0,2040,319,2051,270
5058,2081,555,0,-16,2040,319,2050,355
5060,2080,279,-32,16,2030,411,2050,184
5060,2081,368,-32,16,2030,411,2050,184
5061,2080,342,0,-32,2041,261,2050,307
5061,2080,346,96,0,2040,201,2060,148
5061,2080,348,32,0,2040,203,2060,151
5061,2081,47,96,0,2040,201,2060,148
5061,2081,49,48,0,2030,77,2060,151
5063,2080,208,-16,-16,2040,267,2050,172
5063,2080,215,-16,0,2040,274,2050,178
5063,2081,545,16,0,2031,360,2051,119
5063,2081,550,-16,0,2040,274,2050,178
5064,2070,370,-16,32,2030,147,2060,222
5064,2071,541,-16,16,2030,147,2060,222
5065,2080,501,16,-64,2040,341,2060,234
5065,2081,108,112,208,2030,144,2050,456
5065,2081,117,16,-64,2040,341,2060,234
5066,2080,229,-16,0,2031,346,2050,199
5066,2081,104,48,0,2031,346,2060,382
5067,2070,430,64,96,2040,287,2060,240
5067,2071,606,64,96,2040,287,2060,240
5067,2080,539,64,16,2040,287,2060,240
5067,2081,502,64,-16,2040,287,2060,240
5070,2080,92,64,-16,2040,378,2060,184
5070,2080,105,0,0,2031,237,2050,164
5070,2081,302,64,-16,2040,378,2060,184
5072,2080,340,80,0,2030,408,2060,563
5072,2081,136,80,0,2030,408,2060,563
5073,2071,538,0,48,2030,517,2060,158
5073,2080,359,0,-16,2030,517,2060,158
5073,2080,366,32,-16,2040,286,2060,169
5073,2081,405,-48,-16,2030,517,2050,122
5073,2081,412,32,0,2040,286,2060,169
5074,2070,280,0,80,2040,267,2060,182
5074,2071,65,0,64,2040,267,2060,182
5074,2080,356,0,-16,2040,267,2060,182
5074,2081,487,0,-16,2040,267,2060,182
5077,2080,189,16,0,2040,64,2051,144
5077,2081,304,-48,16,2040,64,2050,111
5078,2080,497,48,-16,2040,400,2060,319
5078,2080,504,64,-16,2040,414,2060,328
5078,2081,234,48,0,2040,400,2060,319
5078,2081,241,64,-16,2040,414,2060,328
5079,2080,471,80,-16,2031,217,2060,256
5079,2081,405,80,0,2031,217,2060,256
5081,2080,209,-16,-16,2031,336,2050,140
5081,2080,215,16,0,2031,344,2050,145
5081,2081,111,-16,-48,2031,336,2050,140
5081,2081,117,16,-16,2031,344,2050,145
5082,2080,414,96,-32,2040,256,2060,332
5082,2080,424,80,0,2040,271,2060,341
5082,2081,97,96,-32,2040,256,2060,332
5082,2081,105,80,0,2040,271,2060,341
5083,2080,308,16,0,2040,340,2050,115
5083,2080,316,16,0,2040,352,2050,126
5083,2081,491,-16,-48,2040,339,2050,113
5083,2081,494,0,0,2030,381,2051,261
5083,2081,501,0,0,2031,200,2050,126
5084,2080,337,-32,0,2031,113,2051,290
5086,2080,264,0,64,2041,397,2061,186
5086,2080,272,0,-16,2040,135,2050,167
5086,2081,92,0,80,2041,397,2061,186
5086,2081,100,0,-32,2040,135,2050,167
5087,2080,292,48,0,2030,194,2061,57
5087,2081,387,-32,16,2031,110,2050,257
5087,2081,391,48,0,2030,194,2061,57
5088,2070,451,16,48,2041,396,2051,357
5088,2071,91,16,64,2041,396,2051,357
5088,2080,320,64,0,2040,261,2060,127
5088,2080,323,32,0,2030,501,2060,133
5088,2080,329,0,0,2031,181,2050,212
5088,2081,463,64,-16,2040,261,2060,127
5088,2081,468,32,0,2030,501,2060,133
5088,2081,473,0,0,2031,181,2050,212
5089,2070,522,-16,144,2040,245,2060,442
5089,2071,527,-16,128,2040,245,2060,442
5089,2080,322,-16,48,2040,245,2060,442
5089,2081,215,-16,32,2040,245,2060,442
5090,2080,434,-32,-16,2040,211,2060,380
5090,2080,437,64,0,2031,341,2060,381
5090,2080,446,-16,-16,2031,355,2050,417
5090,2081,175,-32,-32,2040,211,2060,380
5090,2081,178,64,0,2031,341,2060,381
5090,2081,188,-16,-16,2031,355,2050,417
5091,2080,141,16,144,2030,373,2060,285
5091,2081,231,16,96,2030,373,2060,285
5092,2080,329,-16,0,2041,403,2050,269
5092,2080,331,0,0,2030,482,2050,271
5092,2080,340,-16,0,2040,238,2050,279
5092,2081,185,-16,-32,2040,238,2050,279
5093,2080,380,16,0,2030,48,2050,293
5093,2080,382,-16,-16,2030,51,2050,300
5093,2080,399,0,0,2031,150,2051,354
5093,2081,214,32,-16,2040,247,2050,293
5093,2081,217,48,0,2030,51,2061,173
5093,2081,235,0,0,2031,150,2051,354
5094,2080,329,16,0,2040,222,2051,305
5094,2080,330,32,0,2031,165,2060,197
5094,2080,333,0,0,2040,233,2050,366
5094,2081,105,16,0,2040,222,2051,305
5094,2081,110,0,0,2040,233,2050,366
5095,2080,363,96,16,2040,105,2060,322
5095,2080,368,-96,-16,2030,490,2060,330
5095,2080,385,16,0,2040,136,2050,441
5095,2081,151,96,-16,2040,105,2060,322
5095,2081,156,-96,-48,2030,490,2060,330
5095,2081,174,16,-16,2040,136,2050,441
5096,2070,422,32,48,2041,437,2060,86
5096,2071,484,32,32,2041,437,2060,86
5096,2080,309,48,-32,2040,358,2060,86
5096,2081,167,48,-16,2040,358,2060,86
5097,2080,437,0,0,2030,350,2051,310
5097,2081,492,48,16,2031,117,2060,150
5098,2080,141,0,-16,2031,303,2050,107
5098,2081,431,0,-16,2031,303,2050,107
5099,2080,163,32,-80,2041,409,2060,252
5099,2080,186,-16,0,2040,402,2050,247
5099,2081,512,-16,0,2040,402,2050,247
5100,2080,413,0,0,2030,282,2050,383
5100,2081,313,0,-16,2030,282,2050,383
5101,2080,357,-32,0,2030,487,2051,261
5101,2081,289,-32,16,2030,487,2051,261
5102,2080,469,32,-48,2031,119,2060,171
5102,2080,475,-16,0,2040,233,2050,442
5102,2080,484,0,0,2030,407,2051,279
5102,2080,486,64,0,2041,336,2060,187
5102,2081,59,0,0,2041,294,2050,418
5102,2081,71,32,-32,2031,119,2060,171
5102,2081,77,-16,-16,2040,233,2050,442
5102,2081,84,0,0,2041,334,2050,448
5102,2081,86,64,-16,2041,336,2060,187
5104,2080,267,48,48,2030,390,2050,123
5104,2081,96,48,32,2030,390,2050,123
5105,2070,607,-16,128,2031,315,2050,434
5105,2071,618,-16,112,2031,315,2050,434
5105,2080,335,-32,0,2040,478,2051,203
5105,2080,337,16,0,2031,294,2050,409
5105,2080,348,-16,-80,2030,525,2050,419
5105,2081,122,16,0,2031,294,2050,409
5105,2081,124,64,64,2040,483,2051,207
5105,2081,133,-16,-80,2030,525,2050,419
5106,2070,438,-80,128,2040,476,2050,370
5106,2071,304,-80,144,2040,476,2050,370
5106,2080,396,-80,0,2040,476,2050,370
5106,2081,135,-80,0,2040,476,2050,370
5107,2080,448,16,0,2030,274,2050,241
5107,2080,449,-32,0,2031,82,2050,242
5107,2080,450,16,16,2040,191,2050,244
5107,2080,470,32,0,2041,379,2060,72
5107,2081,156,16,0,2030,274,2050,241
5107,2081,157,-32,-16,2031,82,2050,242
5107,2081,158,16,-16,2040,191,2050,244
5107,2081,175,-16,0,2041,379,2050,263
5108,2080,329,0,-16,2040,383,2060,477
5108,2080,332,64,0,2031,435,2060,479
5108,2080,335,16,-32,2030,256,2050,295
5108,2081,168,0,16,2040,383,2060,477
5108,2081,174,16,-16,2030,256,2050,295
5109,2080,229,-16,-16,2030,372,2050,191
5109,2081,348,-16,-16,2030,372,2050,191
5112,2080,327,0,16,2040,404,2050,288
5112,2080,341,-160,32,2040,425,2050,313
5112,2081,244,0,16,2040,404,2050,288
5112,2081,256,-160,32,2040,425,2050,313
5113,2080,512,32,-16,2041,328,2060,240
5113,2081,407,32,-16,2041,328,2060,240
5114,2080,302,-32,16,2030,217,2050,90
5114,2081,188,-32,0,2030,217,2050,90
5115,2080,233,0,0,2031,192,2050,286
5115,2081,366,0,-16,2031,192,2050,286
5116,2080,260,32,-32,2031,370,2050,237
5116,2080,273,-16,0,2031,390,2050,247
5116,2081,155,32,0,2031,370,2050,237
5116,2081,169,-16,0,2031,390,2050,247
5117,2080,361,80,-16,2040,287,2060,416
5117,2081,108,80,0,2040,287,2060,416
5118,2080,338,-32,0,2031,119,2050,312
5118,2081,258,0,-16,2031,119,2051,233
5119,2080,402,-128,-48,2030,267,2060,170
5120,2080,383,64,-16,2030,629,2060,462
5120,2081,250,64,0,2030,629,2060,462
5121,2080,390,-16,0,2030,537,2051,420
5121,2080,400,-160,-80,2030,548,2060,245
5121,2081,120,-16,0,2030,537,2051,420
5121,2081,129,-160,-96,2030,548,2060,245
5122,2080,148,64,16,2041,431,2060,227
5122,2081,488,64,0,2041,431,2060,227
5123,2080,463,-16,-32,2040,321,2050,366
5123,2081,505,-16,-16,2040,321,2050,366
5124,2080,443,80,-16,2040,294,2060,198
5124,2080,445,-160,192,2030,121,2060,199
5124,2080,454,16,-16,2030,126,2050,360
5124,2080,463,16,0,2040,321,2050,367
5124,2081,237,80,0,2040,294,2060,198
5124,2081,239,-160,192,2030,121,2060,199
5124,2081,246,16,0,2030,126,2050,360
5124,2081,254,16,-16,2040,321,2050,367
5125,2080,348,-16,0,2031,124,2050,44
5125,2080,362,0,-48,2030,396,2050,60
5125,2080,364,-16,-16,2031,145,2050,64
5125,2080,383,16,0,2040,299,2060,123
5125,2081,207,-16,0,2031,124,2050,44
5125,2081,222,0,-32,2030,396,2050,60
5125,2081,224,-16,-16,2031,145,2050,64
5126,2070,498,0,80,2040,386,2051,259
5126,2071,505,0,0,2031,145,2050,221
5126,2080,306,-16,0,2040,370,2051,251
5126,2081,405,-16,0,2040,370,2051,251
5127,2070,306,48,96,2030,367,2060,252
5127,2071,140,48,96,2030,367,2060,252
5127,2080,404,0,-16,2031,223,2050,445
5127,2081,482,0,-16,2031,223,2050,445
5128,2080,497,0,16,2030,622,2051,383
5130,2070,432,48,64,2031,173,2060,128
5130,2071,444,48,96,2031,173,2060,128
5130,2080,305,32,-32,2040,220,2050,83
5130,2080,309,64,0,2030,340,2060,115
5130,2080,319,80,0,2040,244,2060,128
5130,2081,190,32,-32,2040,220,2050,83
5130,2081,203,96,0,2030,357,2060,128
5131,2080,217,80,-64,2030,157,2060,332
5131,2081,71,64,0,2031,279,2060,317
5131,2081,83,80,-80,2030,157,2060,332
5132,2080,260,96,0,2030,391,2061,170
5132,2081,426,96,16,2030,391,2061,170
5133,2070,179,16,64,2041,147,2061,362
5133,2080,308,32,-16,2030,467,2061,362
5133,2080,314,48,0,2030,472,2060,402
5133,2081,237,32,-32,2030,467,2061,362
5133,2081,242,48,0,2030,472,2060,402
5134,2080,332,-32,0,2040,367,2051,292
5134,2080,336,16,48,2030,68,2050,267
5134,2081,199,-32,0,2040,367,2051,292
5134,2081,204,16,32,2030,68,2050,267
5136,2070,415,0,64,2031,348,2051,111
5136,2071,452,0,64,2031,348,2051,111
5136,2080,233,0,0,2041,389,2050,202
5136,2081,443,0,-16,2041,389,2050,202
5137,2080,421,-144,48,2040,307,2061,261
5137,2080,429,0,0,2031,199,2050,346
5137,2081,531,-144,64,2040,307,2061,261
5137,2081,539,0,-16,2031,199,2050,346
5138,2070,531,-48,96,2040,455,2060,234
5138,2071,540,-48,112,2040,455,2060,234
5138,2080,303,16,0,2040,448,2050,355
5138,2080,312,-112,80,2030,175,2050,360
5138,2080,313,-48,0,2040,455,2060,234
5138,2081,383,16,0,2040,448,2050,355
5138,2081,392,-112,112,2030,175,2050,360
5138,2081,393,-48,-16,2040,455,2060,234
5139,2071,447,48,64,2031,272,2060,234
5139,2080,198,-16,-16,2030,461,2050,119
5139,2080,219,-16,0,2030,487,2051,177
5139,2080,222,16,-160,2040,108,2050,146
5139,2080,225,0,-32,2031,313,2060,264
5139,2081,354,-16,-16,2030,461,2050,119
5139,2081,380,0,-16,2031,313,2060,264
5140,2070,391,48,80,2040,137,2060,277
5140,2080,247,-16,-16,2040,137,2050,169
5140,2081,97,-16,-16,2040,137,2050,169
5142,2070,469,16,48,2030,257,2060,316
5142,2070,471,-32,144,2040,174,2060,317
5142,2070,474,16,64,2030,261,2060,323
5142,2071,293,16,64,2030,257,2060,316
5142,2071,295,-32,144,2040,174,2060,317
5142,2071,298,16,64,2030,261,2060,323
5142,2080,536,48,0,2031,358,2060,316
5142,2080,537,-32,0,2040,173,2050,599
5142,2080,541,-32,0,2041,496,2050,603
5142,2080,559,0,0,2040,203,2051,126
5142,2081,220,48,-16,2031,358,2060,316
5142,2081,221,-32,-32,2040,173,2050,599
5142,2081,225,-32,0,2041,496,2050,603
5143,2070,162,64,64,2040,206,2060,416
5143,2071,488,64,80,2040,206,2060,416
5143,2080,283,80,-16,2031,460,2060,416
5143,2080,297,-16,0,2030,399,2050,257
5143,2080,299,64,-16,2030,400,2060,433
5143,2081,70,80,-32,2031,460,2060,416
5143,2081,84,0,0,2030,399,2051,113
5143,2081,86,64,0,2030,400,2060,433
5144,2080,333,-16,0,2030,104,2051,282
5144,2080,336,48,0,2030,105,2060,180
5144,2080,344,32,0,2030,109,2051,294
5144,2081,62,0,0,2030,104,2050,215
5144,2081,65,32,0,2031,140,2060,180
5145,2070,408,16,64,2040,274,2060,173
5145,2071,474,16,48,2040,274,2060,173
5145,2080,344,16,144,2040,274,2060,173
5145,2081,435,16,48,2040,274,2060,173
5145,2081,439,0,0,2040,280,2050,142
5146,2070,252,32,64,2040,166,2060,330
5146,2071,501,32,64,2040,166,2060,330
5146,2080,425,32,0,2040,166,2060,330
5146,2080,441,-96,112,2030,278,2050,409
5146,2080,444,96,-16,2040,192,2060,356
5146,2081,141,0,0,2030,262,2051,107
5146,2081,154,-96,128,2030,278,2050,409
5146,2081,157,96,-16,2040,192,2060,356
5148,2080,353,32,-48,2031,54,2060,97
5148,2080,354,48,0,2040,136,2051,179
5148,2080,363,96,-48,2041,221,2060,104
5148,2081,22,32,-48,2031,54,2060,97
5148,2081,32,96,-32,2041,221,2060,104
5149,2080,391,0,-32,2030,259,2050,114
5149,2081,29,0,-32,2030,259,2050,114
5150,2080,236,32,-32,2040,276,2060,114
5150,2080,243,64,0,2030,364,2060,123
5150,2081,327,80,0,2031,158,2060,123
5150,2081,333,32,0,2031,164,2060,124
5150,2081,344,16,0,2031,173,2050,226
5151,2070,531,0,80,2040,101,2060,288
5151,2071,576,0,64,2040,101,2060,288
5151,2080,252,64,0,2031,330,2050,152
5151,2080,257,-64,16,2040,101,2050,157
5151,2081,552,64,-16,2031,330,2050,152
5151,2081,556,-64,16,2040,101,2050,157
5153,2080,244,80,0,2031,321,2060,292
5153,2081,436,96,0,2030,131,2060,292
5154,2070,310,0,96,2030,322,2051,213
5154,2071,540,0,80,2030,322,2051,213
5154,2080,361,0,16,2030,322,2051,213
5154,2081,102,0,-16,2030,322,2051,213
5155,2080,244,16,-48,2031,380,2060,334
5155,2080,258,96,144,2031,404,2050,228
5155,2081,420,16,-32,2031,380,2060,334
5155,2081,435,96,144,2031,404,2050,228
5156,2080,496,-16,-96,2031,212,2050,463
5156,2081,103,0,-32,2040,305,2050,456
5156,2081,106,16,-16,2041,356,2050,461
5158,2080,289,48,-16,2031,182,2060,144
5158,2080,291,-48,-16,2040,77,2050,116
5158,2081,399,48,-16,2031,182,2060,144
5159,2080,320,48,0,2030,433,2050,100
5159,2080,321,16,0,2040,228,2050,101
5159,2080,326,-32,16,2040,235,2050,107
5159,2080,330,64,-48,2040,241,2060,149
5159,2081,17,16,0,2040,228,2050,101
5159,2081,23,-32,16,2040,235,2050,107
5159,2081,26,64,-48,2040,241,2060,149
5160,2080,387,-32,0,2041,223,2050,355
5160,2081,289,0,-16,2041,223,2051,259
5161,2080,252,64,-32,2030,407,2060,328
5161,2080,254,0,-32,2040,186,2050,223
5161,2080,267,-64,16,2040,202,2060,343
5161,2081,60,64,0,2030,407,2060,328
5161,2081,62,0,-16,2040,186,2050,223
5161,2081,74,-64,0,2040,202,2060,343
5162,2080,219,16,0,2041,366,2050,151
5162,2081,102,32,0,2031,306,2050,151
5164,2080,235,0,0,2040,300,2051,96
5164,2080,249,-16,-16,2040,318,2050,217
5164,2081,61,0,0,2040,300,2051,96
5164,2081,77,-16,0,2040,318,2050,217
5165,2080,401,48,-16,2030,351,2060,158
5165,2081,321,48,-16,2030,351,2060,158
5166,2070,409,16,64,2040,390,2051,104
5166,2080,188,32,-32,2040,376,2060,227
5166,2080,199,0,0,2041,130,2050,170
5166,2081,321,32,-32,2040,376,2060,227
5166,2081,330,0,-16,2041,130,2050,170
5167,2080,293,32,0,2031,150,2050,189
5167,2081,64,16,0,2040,218,2050,189
5170,2080,307,-16,0,2040,445,2050,270
5170,2080,309,0,0,2041,396,2050,271
5170,2080,312,64,-16,2030,359,2060,77
5170,2080,320,-16,-16,2041,411,2050,283
5170,2081,202,-16,-16,2040,445,2050,270
5170,2081,204,0,0,2041,396,2050,271
5170,2081,207,64,-32,2030,359,2060,77
5170,2081,214,-16,-32,2041,411,2050,283
5171,2080,376,0,0,2041,151,2050,341
5171,2080,380,0,16,2030,203,2050,345
5171,2081,630,0,0,2041,151,2050,341
5171,2081,634,0,0,2030,203,2050,345
5172,2080,379,0,0,2030,94,2050,433
5172,2080,390,32,0,2031,194,2060,230
5172,2081,327,16,0,2040,257,2050,433
5172,2081,337,32,0,2031,194,2060,230
5173,2080,281,-32,0,2031,378,2050,187
5173,2080,290,0,16,2030,446,2051,236
5173,2081,112,0,0,2031,378,2051,224
5174,2080,166,0,-48,2030,343,2050,131
5174,2080,181,48,0,2031,317,2060,276
5174,2080,188,112,16,2040,247,2061,80
5174,2081,475,32,0,2041,434,2060,276
5174,2081,481,112,-16,2040,247,2061,80
5175,2080,291,16,0,2040,192,2050,353
5175,2080,293,48,0,2030,62,2060,151
5175,2080,297,32,0,2031,115,2060,159
5175,2081,476,0,0,2031,107,2050,353
5175,2081,478,64,0,2040,194,2060,151
5175,2081,482,48,0,2030,68,2060,159
5176,2070,422,0,112,2040,142,2051,234
5176,2080,254,0,0,2040,106,2050,181
5176,2080,256,-32,0,2040,110,2051,220
5176,2080,264,0,0,2040,128,2050,194
5176,2080,275,0,-16,2040,142,2051,234
5176,2081,151,0,-16,2040,106,2050,181
5176,2081,153,-32,-16,2040,110,2051,220
5176,2081,162,0,0,2040,128,2050,194
5176,2081,174,0,-16,2040,142,2051,234
5177,2080,349,64,-16,2031,257,2060,298
5177,2080,354,48,-16,2030,229,2060,308
5177,2080,363,112,0,2030,239,2060,322
5177,2081,197,64,-32,2031,257,2060,298
5177,2081,213,112,16,2030,239,2060,322
5178,2080,289,16,-16,2041,339,2050,216
5178,2081,158,16,-16,2041,339,2050,216
5179,2080,243,80,-16,2030,106,2060,326
5179,2080,260,0,0,2031,390,2051,189
5179,2081,461,64,0,2031,353,2060,326
5179,2081,480,0,16,2031,390,2051,189
5180,2080,208,16,0,2030,249,2050,132
5182,2080,321,-16,0,2030,138,2050,369
5182,2080,324,0,0,2030,140,2050,372
5182,2080,329,0,0,2041,281,2051,101
5182,2081,66,-16,0,2030,138,2050,369
5182,2081,69,0,-16,2030,140,2050,372
5182,2081,74,0,-16,2030,148,2050,376
5183,2080,330,-32,0,2040,380,2051,222
5183,2080,344,32,0,2040,407,2060,443
5183,2081,120,-32,0,2040,380,2051,222
5183,2081,134,-16,0,2040,407,2051,238
5184,2080,387,0,0,2031,80,2051,180
5184,2080,393,48,-48,2040,211,2060,131
5184,2081,299,0,-32,2031,80,2051,180
5184,2081,305,48,-48,2040,211,2060,131
5185,2080,448,16,-16,2040,270,2061,71
5186,2080,372,32,16,2040,113,2060,437
5186,2080,388,48,0,2040,127,2060,445
5186,2081,515,32,0,2040,113,2060,437
5187,2080,549,-16,0,2031,174,2050,509
5187,2080,581,48,0,2040,310,2060,258
5187,2081,134,-16,-32,2031,174,2050,509
5187,2081,163,-16,0,2040,310,2050,537
5189,2080,508,96,-16,2040,311,2060,271
5189,2080,509,32,0,2031,229,2060,272
5189,2080,529,-32,0,2030,216,2050,496
5189,2081,158,96,-32,2040,311,2060,271
5189,2081,159,0,0,2030,188,2050,469
5189,2081,178,-32,0,2030,216,2050,496
5190,2080,466,96,208,2041,297,2060,166
5190,2080,472,80,0,2030,249,2060,172
5190,2081,402,32,192,2041,297,2050,438
5190,2081,408,96,-32,2041,304,2060,172
5191,2080,329,-16,0,2040,276,2050,376
5191,2080,331,64,0,2030,162,2060,237
5191,2081,75,64,-32,2030,162,2060,237
5192,2080,391,96,-64,2031,149,2060,180
5192,2081,211,96,-32,2031,149,2060,180
5193,2070,416,64,0,2031,127,2050,374
5193,2071,490,64,0,2031,127,2050,374
5193,2080,292,0,0,2031,113,2051,228
5193,2080,305,0,0,2030,90,2060,178
5193,2081,57,0,0,2031,113,2051,228
5193,2081,69,16,0,2031,123,2060,178
5194,2070,175,48,96,2040,84,2061,430
5194,2071,244,48,112,2040,84,2061,430
5194,2080,263,0,0,2030,475,2050,311
5194,2080,264,-144,112,2030,476,2061,427
5194,2080,265,48,32,2040,84,2061,430
5194,2081,225,0,0,2030,475,2050,311
5194,2081,226,-144,128,2030,476,2061,427
5195,2080,316,48,0,2030,229,2060,135
5195,2080,328,0,0,2040,199,2050,386
5195,2081,277,32,0,2040,183,2060,135
5195,2081,288,0,-128,2040,199,2050,386
5196,2080,309,80,0,2040,146,2060,345
5196,2080,325,-16,-16,2041,471,2051,276
5196,2081,224,80,0,2040,146,2060,345
5196,2081,241,-16,-16,2041,471,2051,276
5197,2080,340,-64,0,2031,135,2051,382
5197,2081,256,-64,16,2031,135,2051,382
5199,2080,597,0,0,2031,325,2051,155
5199,2081,489,0,0,2031,325,2051,155
5201,2081,176,0,-16,2031,413,2050,496
5202,2070,293,16,48,2030,434,2060,399
5202,2071,488,16,80,2030,434,2060,399
5202,2080,192,0,16,2040,242,2050,162
5202,2080,198,16,-32,2030,434,2060,399
5202,2081,463,0,0,2040,242,2050,162
5202,2081,467,16,-16,2030,434,2060,399
5204,2070,435,64,112,2040,269,2060,119
5204,2071,476,64,96,2040,269,2060,119
5204,2080,288,112,144,2031,125,2050,50
5204,2080,290,48,0,2040,226,2060,94
5204,2080,305,16,0,2040,247,2060,107
5204,2080,309,48,16,2040,252,2060,109
5204,2080,320,64,16,2040,269,2060,119
5204,2080,322,48,0,2031,173,2060,121
5204,2081,17,112,128,2031,125,2050,50
5204,2081,19,-32,16,2040,226,2050,53
5204,2081,32,32,-16,2041,383,2060,107
5204,2081,35,64,-16,2031,155,2060,109
5204,2081,36,64,-48,2031,156,2060,110
5204,2081,45,80,0,2041,404,2060,119
5204,2081,47,48,-16,2031,173,2060,121
5205,2080,157,0,-16,2031,288,2050,217
5206,2080,209,160,0,2040,385,2050,260
5206,2080,220,-16,0,2040,399,2051,190
5206,2081,151,160,0,2040,385,2050,260
5207,2080,146,16,-32,2040,208,2051,72
5207,2081,364,16,-16,2040,208,2051,72
5208,2070,215,160,176,2030,90,2050,181
5208,2071,58,160,160,2030,90,2050,181
5208,2080,355,0,0,2031,264,2050,166
5208,2080,373,160,112,2030,90,2050,181
5208,2081,99,16,0,2040,127,2051,381
5208,2081,115,160,96,2030,90,2050,181
5209,2080,418,16,-16,2031,170,2060,198
5209,2081,109,16,-32,2031,170,2060,198
5210,2080,140,32,16,2030,368,2060,178
5210,2081,272,48,-16,2031,205,2060,178
5211,2070,376,32,64,2030,147,2060,215
5211,2071,485,32,64,2030,147,2060,215
5211,2080,407,-160,-80,2030,136,2060,199
5211,2080,419,48,-16,2031,185,2060,215
5211,2081,464,-160,-80,2030,136,2060,199
5211,2081,475,48,-32,2031,185,2060,215
5212,2070,494,144,112,2031,336,2050,132
5212,2071,502,144,112,2031,336,2050,132
5212,2080,219,32,0,2031,327,2060,368
5212,2080,238,64,-32,2031,347,2060,390
5212,2080,241,48,-32,2041,471,2060,392
5212,2081,423,64,-32,2031,347,2060,390
5212,2081,426,48,-16,2041,471,2060,392
5213,2070,315,32,80,2030,593,2060,511
5213,2071,182,32,64,2030,593,2060,511
5213,2080,448,48,0,2030,586,2060,501
5213,2080,454,0,0,2040,285,2050,417
5213,2080,466,32,0,2040,298,2060,521
5213,2081,353,48,0,2030,586,2060,501
5213,2081,359,0,0,2040,285,2050,417
5213,2081,370,0,0,2031,561,2050,430
5214,2080,318,32,0,2041,160,2060,431
5214,2080,329,16,-16,2030,578,2050,392
5214,2080,332,-16,-16,2031,496,2051,247
5214,2080,333,-32,-16,2041,175,2050,397
5214,2081,274,64,0,2040,109,2060,431
5214,2081,286,16,-32,2030,578,2050,392
5214,2081,289,-16,-16,2031,496,2051,247
5214,2081,290,-32,0,2041,175,2050,397
5215,2080,377,0,0,2040,258,2050,430
5215,2081,468,16,0,2041,508,2050,430
5216,2080,303,0,0,2030,63,2050,272
5216,2080,318,48,-32,2040,401,2060,248
5216,2081,36,0,-16,2030,63,2050,272
5216,2081,52,48,-64,2040,401,2060,248
5217,2080,374,0,0,2030,460,2050,186
5217,2081,425,0,0,2030,460,2050,186
5218,2080,317,80,-16,2031,227,2060,189
5218,2080,320,0,-48,2040,406,2050,161
5218,2080,322,0,-48,2041,487,2050,162
5218,2081,536,80,-32,2031,227,2060,189
5218,2081,539,0,-32,2040,406,2050,161
5218,2081,541,0,-16,2041,487,2050,162
5219,2070,341,0,64,2041,182,2060,471
5219,2071,559,0,48,2041,182,2060,471
5219,2080,288,0,0,2040,370,2051,136
5219,2080,296,16,-32,2040,381,2060,471
5219,2080,298,32,0,2040,382,2060,474
5219,2080,313,80,0,2040,408,2060,494
5219,2081,102,0,0,2031,415,2050,248
5219,2081,111,16,-48,2040,381,2060,471
5219,2081,113,16,0,2041,183,2060,474
5219,2081,128,80,0,2040,408,2060,494
5220,2080,277,32,-32,2030,471,2060,199
5220,2080,284,-80,32,2031,246,2050,334
5220,2080,292,32,0,2030,486,2050,344
5220,2080,296,-16,-16,2040,185,2050,350
5220,2081,124,32,-48,2030,471,2060,199
5220,2081,131,-80,16,2031,246,2050,334
5220,2081,135,-16,-16,2041,384,2050,340
5220,2081,138,-160,0,2031,257,2050,344
5220,2081,142,-16,-16,2040,185,2050,350
5221,2070,255,0,112,2040,134,2051,172
5221,2071,262,0,112,2040,134,2051,172
5221,2080,270,0,0,2040,134,2051,172
5221,2080,285,-32,-16,2030,472,2050,329
5221,2080,287,80,0,2030,474,2060,366
5221,2080,293,32,-16,2031,412,2050,335
5221,2081,101,16,0,2031,384,2051,172
5221,2081,116,-32,16,2030,472,2050,329
5221,2081,118,80,16,2030,474,2060,366
5221,2081,124,32,-16,2031,412,2050,335
5222,2080,287,0,-16,2030,47,2051,322
5222,2080,292,0,0,2030,52,2050,91
5222,2080,303,48,-16,2041,372,2060,131
5222,2081,433,0,0,2030,47,2051,322
5222,2081,438,0,0,2030,52,2050,91
5222,2081,448,48,-48,2041,372,2060,131
5223,2080,541,64,-16,2041,395,2060,196
5223,2080,550,-96,96,2030,289,2050,515
5223,2081,130,64,-16,2041,395,2060,196
5223,2081,140,-96,96,2030,289,2050,515
5224,2070,453,64,80,2040,265,2060,79
5224,2071,169,64,64,2040,265,2060,79
5224,2080,326,48,0,2041,419,2060,75
5224,2081,220,48,0,2041,419,2060,75
5225,2070,255,-16,64,2041,206,2060,394
5225,2071,418,-16,48,2041,206,2060,394
5226,2070,415,32,80,2040,126,2060,250
5226,2070,419,0,64,2031,295,2061,102
5226,2071,456,32,96,2040,126,2060,250
5226,2071,460,0,48,2031,295,2061,102
5226,2080,199,-32,0,2040,126,2050,166
5226,2080,217,-16,0,2031,305,2050,180
5226,2081,432,32,0,2040,126,2060,250
5226,2081,448,-16,-16,2031,305,2050,180
5227,2080,332,96,-32,2041,474,2060,130
5227,2080,333,32,0,2030,401,2060,131
5227,2080,337,48,0,2030,403,2060,137
5227,2080,357,-32,16,2040,466,2050,273
5227,2081,366,32,16,2030,401,2060,131
5227,2081,371,16,0,2031,175,2060,137
5228,2080,371,48,16,2040,68,2060,149
5228,2081,298,-16,0,2040,68,2050,330
5229,2070,430,80,128,2040,195,2060,387
5229,2071,481,80,112,2040,195,2060,387
5229,2080,317,80,0,2040,195,2060,387
5229,2081,161,80,16,2040,195,2060,387
5230,2080,248,0,16,2031,349,2050,206
5230,2081,462,0,0,2031,349,2050,206
5232,2080,393,80,32,2040,152,2060,289
5232,2081,461,80,0,2040,152,2060,289
5233,2080,243,32,0,2040,102,2050,154
5233,2080,250,0,16,2030,488,2050,162
5233,2081,70,32,0,2040,102,2050,154
5233,2081,77,0,0,2030,488,2050,162
5234,2070,279,-48,160,2030,155,2050,322
5234,2071,385,-48,160,2030,155,2050,322
5234,2080,352,-48,32,2030,155,2050,322
5234,2081,287,-48,32,2030,155,2050,322
5234,2081,298,-48,0,2031,85,2050,336
5235,2080,319,0,0,2040,247,2051,275
5235,2081,439,0,0,2040,247,2051,275
5236,2080,361,0,-16,2041,423,2050,219
5236,2081,189,0,-16,2041,423,2050,219
5237,2070,423,-16,48,2040,401,2061,193
5237,2071,623,-16,48,2040,401,2061,193
5237,2080,459,-32,-16,2031,291,2050,521
5237,2080,465,0,0,2031,299,2050,525
5237,2080,470,16,16,2041,263,2060,351
5237,2081,131,-32,0,2031,291,2050,521
5237,2081,137,0,-32,2031,299,2050,525
5237,2081,143,0,0,2040,392,2050,531
5238,2080,418,-16,-16,2030,200,2050,380
5238,2080,432,0,0,2031,264,2051,174
5238,2081,469,-16,-16,2030,200,2050,380
5238,2081,483,32,0,2030,216,2060,315
5239,2080,427,64,-32,2040,224,2060,260
5239,2081,157,64,-32,2040,224,2060,260
5240,2080,417,80,16,2040,320,2060,273
5240,2081,168,80,0,2040,320,2060,273
5242,2080,298,160,0,2040,65,2060,158
5242,2080,303,-32,0,2040,72,2051,328
5242,2080,307,0,16,2041,234,2060,169
5242,2081,349,144,0,2031,191,2060,158
5242,2081,354,-16,0,2040,72,2050,135
5242,2081,358,16,0,2040,80,2060,169
5243,2080,511,48,0,2031,224,2060,186
5243,2081,278,48,-16,2031,224,2060,186
5243,2081,283,48,16,2030,331,2050,154
5244,2080,305,-16,0,2041,345,2050,229
5244,2080,309,0,0,2030,479,2050,231
5244,2080,318,144,144,2041,360,2050,238
5244,2080,332,0,0,2040,562,2050,250
5244,2081,160,-16,-32,2041,345,2050,229
5244,2081,163,0,0,2030,479,2050,231
5244,2081,172,144,144,2041,360,2050,238
5244,2081,184,0,0,2040,562,2050,250
5245,2070,427,0,112,2040,119,2050,165
5245,2080,252,0,16,2040,119,2050,165
5245,2081,443,0,0,2040,119,2050,165
5246,2080,204,48,0,2040,97,2060,312
5246,2081,62,-16,0,2030,236,2050,134
5247,2080,343,16,-16,2040,132,2060,430
5247,2081,279,16,0,2040,132,2060,430
5248,2080,280,64,0,2031,401,2060,363
5248,2081,134,64,-16,2031,401,2060,363
5249,2080,460,-16,0,2040,219,2050,509
5249,2081,328,-16,-16,2040,219,2050,509
5250,2080,343,48,-16,2031,68,2060,101
5250,2081,391,48,0,2031,68,2060,101
5251,2080,253,-16,-16,2030,427,2050,228
5251,2081,130,-16,-32,2030,427,2050,228
5252,2080,122,-128,-80,2030,386,2060,203
5252,2080,126,80,0,2040,352,2060,214
5252,2080,139,16,-16,2040,367,2060,227
5252,2081,316,-128,-80,2030,386,2060,203
5252,2081,320,64,0,2031,253,2060,214
5253,2080,447,16,16,2031,258,2050,414
5253,2081,152,16,0,2031,258,2050,414
5254,2080,301,0,-48,2040,71,2050,263
5254,2081,225,0,-32,2040,71,2050,263
5256,2080,398,-32,0,2031,255,2050,200
5256,2081,458,-32,0,2031,255,2050,200
5257,2080,290,16,0,2041,157,2051,126
5257,2081,58,-16,-32,2041,157,2050,260
5258,2080,207,16,-16,2030,403,2051,102
5258,2081,384,16,-16,2030,403,2051,102
5259,2080,296,0,-32,2040,402,2060,239
5259,2081,132,0,-48,2040,402,2060,239
5260,2080,233,16,-16,2040,344,2050,286
5260,2080,242,0,0,2031,203,2050,296
5260,2080,255,32,-16,2041,538,2050,308
5260,2081,391,16,-16,2040,344,2050,286
5260,2081,400,0,0,2031,203,2050,296
5260,2081,413,32,-16,2041,538,2050,308
5261,2070,519,16,96,2040,216,2060,439
5261,2071,530,16,96,2040,216,2060,439
5261,2080,318,16,0,2040,216,2060,439
5261,2081,162,-32,0,2040,216,2050,249
5262,2070,313,48,80,2030,101,2060,179
5262,2071,254,48,80,2030,101,2060,179
5262,2080,451,0,-16,2031,136,2050,341
5262,2081,486,0,-32,2031,136,2050,341
5264,2070,384,48,80,2040,186,2060,275
5264,2071,520,48,96,2040,186,2060,275
5264,2080,413,16,0,2041,331,2050,299
5264,2080,420,48,0,2040,186,2060,275
5264,2081,466,32,0,2040,166,2050,299
5264,2081,473,64,0,2031,239,2060,275
5265,2070,458,-112,160,2040,153,2050,547
5265,2070,459,64,64,2030,671,2060,325
5265,2071,690,-112,144,2040,153,2050,547
5265,2071,691,64,64,2030,671,2060,325
5265,2080,589,96,0,2030,651,2060,306
5265,2080,590,-112,48,2040,153,2050,547
5265,2080,599,80,0,2031,271,2060,325
5265,2081,205,96,-32,2030,651,2060,306
5265,2081,206,-112,16,2040,153,2050,547
5265,2081,215,80,-16,2031,271,2060,325
5266,2070,488,48,80,2030,408,2060,140
5266,2080,313,-16,0,2031,174,2050,108
5266,2081,374,-16,-16,2031,174,2050,108
5267,2080,198,80,0,2040,253,2060,297
5267,2081,378,80,-16,2040,253,2060,297
5268,2080,189,16,-16,2040,82,2061,291
5269,2080,499,16,0,2040,220,2050,459
5269,2080,507,0,16,2031,151,2050,469
5269,2081,362,16,0,2040,220,2050,459
5269,2081,369,0,-16,2031,151,2050,469
5270,2080,441,64,-16,2031,214,2060,254
5270,2081,70,64,-32,2031,214,2060,254
5271,2080,252,-16,0,2040,133,2050,174
5271,2080,264,112,0,2040,153,2060,336
5271,2081,102,-16,-16,2040,133,2050,174
5272,2080,423,32,0,2031,142,2051,348
5272,2080,430,64,0,2031,159,2060,201
5272,2080,431,-16,0,2030,128,2050,408
5272,2081,273,80,0,2040,243,2060,201
5272,2081,274,16,0,2030,128,2051,367
5273,2080,340,0,16,2031,440,2050,300
5273,2081,76,0,16,2031,440,2050,300
5274,2080,172,32,-16,2031,392,2060,434
5274,2080,179,80,0,2041,308,2060,439
5274,2081,267,32,-32,2031,392,2060,434
5274,2081,273,80,0,2041,308,2060,439
5275,2080,397,0,-16,2030,89,2050,320
5275,2081,235,0,-16,2030,89,2050,320
5276,2080,200,32,-16,2030,401,2061,124
5276,2080,206,16,-16,2030,408,2050,181
5276,2080,210,48,16,2041,101,2060,367
5276,2081,50,32,0,2030,401,2061,124
5276,2081,56,16,-16,2030,408,2050,181
5277,2080,339,48,-32,2040,55,2060,163
5277,2081,270,48,-32,2040,55,2060,163
5278,2080,184,0,-16,2030,456,2050,149
5278,2081,425,0,-16,2030,456,2050,149
5280,2080,180,16,0,2030,500,2050,139
5280,2080,190,96,144,2040,264,2060,297
5280,2080,192,0,0,2030,512,2050,152
5280,2080,202,-48,0,2040,272,2050,160
5280,2081,460,16,0,2030,500,2050,139
5280,2081,470,96,128,2040,264,2060,297
5280,2081,472,0,-48,2030,512,2050,152
5280,2081,482,-64,0,2040,272,2051,127
5281,2081,391,32,0,2040,260,2061,414
5282,2080,418,-16,-16,2030,245,2050,385
5282,2081,362,-16,-16,2030,245,2050,385
5283,2080,479,-16,0,2030,198,2051,510
5283,2080,481,0,16,2030,202,2050,329
5283,2081,538,-16,-16,2040,147,2050,327
5283,2081,541,0,0,2030,202,2050,329
5284,2080,215,16,-16,2040,174,2060,468
5284,2081,507,64,16,2031,427,2060,468
5285,2080,317,-16,0,2030,352,2050,293
5286,2080,240,16,-32,2040,483,2060,280
5286,2080,255,32,-16,2031,349,2061,109
5286,2080,258,-16,0,2031,351,2050,154
5286,2081,367,16,-32,2040,483,2060,280
5286,2081,385,32,-16,2031,349,2061,109
5287,2080,400,16,-16,2041,493,2050,236
5287,2081,74,16,0,2041,493,2050,236
5288,2080,447,-16,0,2031,549,2050,404
5288,2080,472,16,-16,2040,195,2050,430
5288,2081,366,48,0,2031,549,2060,507
5288,2081,390,16,-16,2040,195,2050,430
5293,2080,223,48,16,2030,341,2060,373
5293,2081,74,48,0,2030,341,2060,373
5294,2080,302,64,-16,2031,115,2060,156
5294,2081,405,64,-16,2031,115,2060,156
5295,2080,197,0,16,2030,378,2050,113
5295,2080,225,-32,0,2031,300,2050,138
5295,2081,340,0,0,2030,378,2050,113
5295,2081,366,-32,0,2031,300,2050,138
5296,2080,425,16,0,2031,174,2050,367
5296,2080,444,0,0,2031,197,2050,385
5296,2080,445,0,0,2040,346,2050,386
5296,2081,99,16,0,2031,174,2050,367
5296,2081,116,0,-16,2031,197,2050,385
5296,2081,117,0,0,2040,346,2050,386
5297,2081,601,-32,16,2040,469,2050,291
5298,2080,89,96,0,2040,197,2060,360
5298,2080,90,64,0,2031,327,2060,361
5298,2080,102,64,0,2031,337,2050,144
5298,2080,117,32,0,2040,225,2060,385
5298,2081,9,96,0,2040,197,2060,360
5298,2081,10,64,-32,2031,327,2060,361
5298,2081,24,32,-16,2041,303,2050,144
5298,2081,38,32,0,2040,225,2060,385
5299,2070,236,0,80,2031,71,2050,405
5299,2071,510,0,64,2031,71,2050,405
5299,2080,356,16,0,2040,199,2050,405
5299,2081,450,16,-48,2040,199,2050,405
5301,2080,304,16,0,2041,353,2050,270
5301,2081,159,16,0,2041,353,2050,270
5302,2071,458,128,112,2030,294,2051,114
5302,2080,197,16,-16,2031,349,2060,309
5302,2080,207,128,0,2030,294,2051,114
5302,2081,383,16,0,2031,349,2060,309
5302,2081,393,128,0,2030,294,2051,114
5304,2070,463,0,96,2030,333,2050,65
5304,2071,50,0,80,2030,333,2050,65
5304,2080,145,16,0,2031,213,2050,65
5304,2080,160,0,-16,2040,445,2050,78
5304,2080,167,-32,0,2031,250,2050,81
5304,2081,294,16,-16,2031,213,2050,65
5304,2081,298,64,0,2031,215,2060,186
5304,2081,310,-32,0,2040,445,2051,107
5304,2081,317,0,-16,2030,361,2051,111
5305,2070,482,-128,240,2031,366,2060,401
5305,2071,493,-128,224,2031,366,2060,401
5305,2080,239,16,0,2031,345,2051,111
5305,2081,58,16,0,2031,345,2051,111
5306,2080,489,16,-16,2040,247,2051,170
5306,2081,605,-32,0,2040,247,2050,452
5307,2070,405,-144,256,2031,325,2061,70
5307,2080,205,48,0,2041,167,2060,288
5307,2081,461,48,0,2041,167,2060,288
5308,2080,213,-64,64,2041,458,2060,306
5308,2081,385,-64,64,2041,458,2060,306
5309,2080,183,0,0,2041,465,2051,72
5309,2080,199,0,-48,2041,483,2051,81
5309,2081,424,0,-16,2030,298,2050,148
5309,2081,438,0,-16,2041,483,2051,81
5310,2080,347,-32,0,2040,65,2050,309
5310,2080,361,16,0,2040,82,2050,325
5310,2080,366,0,112,2031,123,2061,55
5310,2080,368,16,0,2040,90,2051,273
5310,2081,282,-16,0,2040,65,2051,248
5310,2081,294,0,0,2030,429,2050,325
5310,2081,299,0,48,2031,123,2061,55
5310,2081,301,-16,-16,2040,90,2050,336
5311,2080,434,32,-16,2040,301,2060,269
5311,2080,448,16,-32,2040,313,2050,410
5311,2081,157,64,-32,2041,197,2060,269
5311,2081,169,16,-32,2040,313,2050,410
5312,2080,302,48,0,2031,128,2060,173
5312,2080,316,48,0,2030,109,2060,187
5312,2080,318,-16,-16,2040,224,2051,252
5312,2081,73,48,-16,2031,128,2060,173
5312,2081,84,0,16,2041,367,2051,248
5312,2081,86,32,0,2031,158,2051,252
5313,2080,444,32,-16,2031,167,2061,137
5313,2081,105,32,0,2031,167,2061,137
5314,2080,396,48,-32,2030,547,2060,219
5314,2081,138,48,-80,2030,547,2060,219
5314,2081,146,16,0,2040,278,2050,322
5315,2070,375,16,48,2030,336,2060,271
5315,2071,250,16,48,2030,336,2060,271
5316,2080,314,0,-16,2041,168,2050,371
5316,2080,322,0,0,2041,174,2051,210
5316,2080,326,16,0,2030,275,2050,384
5316,2081,241,-16,0,2030,271,2050,379
5316,2081,245,16,0,2030,275,2050,384
5317,2080,505,32,0,2031,261,2050,467
5317,2081,142,32,-16,2031,261,2050,467
5319,2080,335,-16,0,2041,300,2051,198
5319,2080,336,0,0,2031,493,2050,408
5319,2081,232,0,0,2041,300,2050,407
5319,2081,233,0,0,2031,493,2050,408
5320,2080,499,-16,0,2031,174,2051,532
5320,2081,565,-16,0,2031,174,2051,532
5321,2080,342,16,16,2031,392,2050,317
5321,2080,347,16,0,2031,398,2060,440
5321,2080,365,64,16,2031,423,2060,455
5321,2081,282,16,32,2031,392,2050,317
5321,2081,284,0,-16,2040,145,2060,436
5321,2081,286,16,0,2031,398,2060,440
5321,2081,305,64,0,2031,423,2060,455
5322,2080,453,64,-16,2040,215,2060,395
5322,2081,179,48,0,2031,359,2060,395
5323,2070,445,112,80,2031,339,2061,504
5323,2071,88,112,64,2031,339,2061,504
5323,2080,183,-16,0,2031,339,2050,147
5323,2080,185,80,0,2030,385,2050,149
5323,2080,210,48,-16,2040,286,2060,322
5323,2081,46,-16,-16,2031,339,2050,147
5323,2081,48,80,0,2030,385,2050,149
5323,2081,74,48,-32,2040,286,2060,322
5324,2080,389,48,-16,2031,174,2060,134
5324,2080,391,0,0,2030,264,2051,420
5324,2081,299,48,-16,2031,174,2060,134
5324,2081,301,0,0,2030,264,2051,420
5325,2070,261,48,112,2031,309,2050,389
5325,2071,459,48,112,2031,309,2050,389
5325,2080,337,0,-16,2030,427,2050,381
5325,2080,348,48,32,2031,309,2050,389
5325,2081,120,0,-16,2030,427,2050,381
5325,2081,130,48,32,2031,309,2050,389
5327,2070,269,0,80,2031,298,2060,328
5327,2071,430,-48,-48,2040,111,2051,198
5327,2080,355,16,0,2040,111,2060,328
5327,2080,357,-16,0,2030,76,2050,398
5327,2081,170,16,-16,2040,111,2060,328
5327,2081,172,-16,0,2030,76,2050,398
5328,2080,326,64,-16,2030,361,2060,137
5328,2081,448,64,-32,2030,361,2060,137
5329,2080,188,48,-16,2041,322,2060,213
5329,2081,360,48,0,2041,322,2060,213
5330,2070,378,32,80,2031,153,2061,544
5330,2071,78,32,64,2031,153,2061,544
5330,2080,348,0,0,2040,443,2050,313
5330,2081,191,0,32,2040,443,2050,313
5331,2080,216,48,0,2030,151,2060,274
5331,2081,94,48,-32,2030,151,2060,274
5332,2080,400,0,0,2031,372,2051,128
5333,2080,419,0,16,2031,189,2050,383
5333,2081,100,0,0,2031,189,2050,383
5334,2080,172,48,0,2030,357,2060,257
5334,2080,174,0,0,2031,304,2050,141
5334,2080,179,-32,0,2030,367,2050,150
5334,2081,109,48,-16,2030,357,2060,257
5334,2081,111,0,-16,2031,304,2050,141
5334,2081,116,16,-16,2030,367,2060,272
5335,2080,323,32,0,2031,288,2060,255
5335,2080,324,-16,0,2030,410,2050,370
5335,2081,233,-16,0,2030,410,2050,370
5336,2080,382,64,-16,2040,438,2060,203
5336,2080,386,0,-16,2031,257,2050,299
5336,2080,391,0,-32,2030,529,2050,303
5336,2081,485,0,-32,2031,257,2050,299
5336,2081,490,0,0,2030,529,2050,303
5337,2070,262,16,48,2040,101,2060,386
5337,2080,326,48,0,2030,510,2060,386
5337,2081,64,-16,0,2030,510,2051,152
5338,2070,499,16,96,2041,460,2060,282
5338,2071,263,16,80,2041,460,2060,282
5338,2080,242,64,0,2030,378,2060,282
5338,2081,148,64,0,2030,378,2060,282
5339,2080,422,-16,0,2040,288,2050,330
5339,2080,430,64,0,2031,132,2060,174
5339,2081,210,-16,0,2040,288,2050,330
5339,2081,216,64,-16,2031,132,2060,174
5340,2080,470,128,48,2040,327,2060,167
5340,2080,476,-32,16,2031,215,2050,378
5340,2081,285,128,16,2040,327,2060,167
5340,2081,291,-32,16,2031,215,2050,378
5341,2070,464,48,208,2030,377,2050,139
5341,2071,262,96,224,2030,377,2060,272
5341,2080,177,48,80,2030,377,2050,139
5341,2081,349,48,80,2030,377,2050,139
5342,2080,336,0,0,2030,118,2051,201
5342,2081,173,0,0,2030,118,2051,201
5343,2080,317,32,-16,2040,387,2060,424
5343,2081,139,32,-32,2040,387,2060,424
5344,2080,412,-80,48,2040,246,2050,385
5344,2080,422,16,-32,2031,199,2051,140
5344,2081,274,-80,48,2040,246,2050,385
5344,2081,282,16,-16,2031,199,2051,140
5345,2080,278,-16,0,2030,470,2050,204
5345,2080,297,-16,80,2041,430,2050,223
5345,2081,167,64,0,2030,470,2061,378
5345,2081,187,-16,48,2041,430,2050,223
5346,2080,427,-48,16,2030,470,2060,153
5346,2080,435,16,32,2040,321,2050,407
5346,2081,186,-48,0,2030,470,2060,153
5346,2081,193,16,0,2040,321,2050,407
5347,2080,165,16,-16,2030,361,2060,250
5347,2080,174,0,0,2031,297,2050,227
5347,2080,178,0,-16,2030,374,2050,230
5347,2081,465,16,-48,2030,361,2060,250
5347,2081,476,16,-16,2030,371,2050,227
5347,2081,479,0,-16,2030,374,2050,230
5349,2080,302,64,0,2040,192,2060,333
5349,2080,305,32,0,2031,376,2060,336
5349,2080,321,48,-32,2031,394,2050,251
5349,2081,142,-16,0,2040,192,2050,233
5349,2081,144,-32,16,2031,376,2051,267
5349,2081,161,48,-32,2031,394,2050,251
5350,2080,307,-16,-16,2031,209,2050,273
5350,2080,316,16,0,2031,221,2060,186
5350,2080,325,0,0,2030,449,2050,296
5350,2081,54,-16,-16,2031,209,2050,273
5350,2081,61,-16,0,2030,441,2060,186
5350,2081,70,48,0,2031,228,2060,197
5351,2070,461,32,48,2031,367,2060,328
5351,2071,519,32,48,2031,367,2060,328
5351,2080,221,-32,16,2040,284,2050,180
5351,2081,54,-32,-16,2040,284,2050,180
5353,2080,300,48,0,2040,114,2060,413
5353,2081,79,-16,0,2040,114,2051,151
5354,2080,370,64,-16,2031,119,2060,167
5354,2080,377,48,-16,2031,127,2060,169
5354,2080,379,-32,0,2030,549,2050,288
5354,2080,380,-16,-16,2031,131,2051,331
5354,2081,513,64,0,2031,119,2060,167
5354,2081,521,48,-16,2031,127,2060,169
5354,2081,524,-16,-16,2031,131,2051,331
5354,2081,531,-16,-16,2041,465,2050,300
5355,2080,425,0,0,2030,280,2051,314
5355,2080,442,48,16,2031,183,2050,411
5355,2081,142,48,16,2031,183,2050,411
5356,2080,225,-32,192,2031,320,2051,117
5356,2081,460,-32,-128,2031,320,2051,117
5356,2081,479,0,0,2030,517,2051,133
5357,2080,466,0,0,2030,305,2060,383
5357,2081,232,16,0,2040,109,2060,383
5358,2080,276,16,0,2030,311,2060,420
5358,2080,281,32,-80,2030,312,2060,423
5358,2080,301,32,0,2031,401,2060,445
5358,2080,304,48,0,2040,493,2060,454
5358,2081,153,16,16,2030,311,2060,420
5358,2081,158,32,-80,2030,312,2060,423
5358,2081,176,48,-16,2030,332,2060,445
5358,2081,179,32,0,2031,408,2060,454
5359,2070,568,32,144,2030,484,2050,244
5359,2071,603,32,144,2030,484,2050,244
5359,2080,268,0,0,2040,329,2060,372
5359,2080,285,32,32,2030,484,2050,244
5359,2080,289,-32,32,2031,442,2060,396
5359,2080,293,64,-16,2041,528,2060,397
5359,2081,99,0,-32,2040,329,2060,372
5359,2081,107,0,-16,2031,429,2050,236
5359,2081,116,32,32,2030,484,2050,244
5359,2081,120,-32,32,2031,442,2060,396
5359,2081,124,64,-32,2041,528,2060,397
5360,2080,284,48,-48,2030,368,2060,128
5360,2081,337,48,-48,2030,368,2060,128
5361,2080,485,0,16,2040,402,2050,337
5361,2081,114,0,16,2040,402,2050,337
5362,2080,387,16,0,2040,318,2050,352
5362,2081,158,16,-16,2040,318,2050,352
5363,2080,465,-112,80,2031,267,2050,426
5363,2081,522,-112,80,2031,267,2050,426
5365,2070,414,0,112,2040,114,2050,148
5365,2071,420,0,96,2040,114,2050,148
5365,2080,208,0,16,2041,382,2050,135
5365,2080,216,0,16,2040,114,2050,148
5365,2081,68,16,0,2030,346,2050,135
5365,2081,77,0,0,2040,114,2050,148
5366,2081,142,0,0,2031,402,2050,314
5367,2080,345,0,-16,2031,234,2050,162
5368,2070,331,0,112,2041,341,2051,165
5368,2071,375,0,112,2041,341,2051,165
5368,2080,206,64,0,2031,84,2051,158
5368,2080,211,48,-32,2030,239,2060,51
5368,2080,226,16,0,2040,294,2051,179
5368,2081,379,64,0,2031,84,2051,158
5368,2081,383,48,16,2030,239,2060,51
5368,2081,397,-32,0,2040,294,2050,147
5369,2070,324,0,96,2030,74,2060,451
5369,2080,236,-16,0,2031,395,2050,114
5369,2080,239,-48,32,2030,54,2061,365
5369,2080,249,0,-16,2031,422,2050,133
5369,2081,84,-16,0,2031,395,2050,114
5369,2081,87,-48,32,2030,54,2061,365
5369,2081,97,0,-16,2031,422,2050,133
5370,2070,391,16,48,2041,397,2060,192
5370,2071,440,16,80,2041,397,2060,192
5370,2080,167,-32,16,2040,331,2050,90
5370,2080,177,48,48,2030,307,2050,99
5370,2080,190,48,-128,2030,324,2051,145
5370,2081,446,-32,16,2040,331,2050,90
5370,2081,455,48,32,2030,307,2050,99
5371,2070,561,16,32,2040,126,2060,473
5371,2071,571,16,16,2040,126,2060,473
5371,2080,248,144,80,2041,487,2060,444
5371,2080,254,48,32,2041,496,2050,148
5371,2080,268,48,-32,2031,423,2060,469
5371,2080,271,0,-16,2031,425,2051,208
5371,2081,323,144,96,2041,487,2060,444
5371,2081,330,48,16,2041,496,2050,148
5371,2081,345,48,-16,2031,423,2060,469
5371,2081,348,-32,0,2031,425,2050,170
5372,2080,211,64,-16,2040,93,2060,308
5372,2080,231,0,-16,2030,262,2050,156
5372,2081,63,96,0,2030,239,2060,308
5372,2081,84,0,-32,2030,262,2050,156
5374,2080,229,48,-16,2030,405,2050,190
5374,2081,507,48,0,2030,405,2050,190
5375,2080,268,48,-16,2041,311,2060,140
5375,2080,284,16,-16,2031,128,2050,255
5375,2081,375,48,-16,2041,311,2060,140
5375,2081,391,16,-16,2031,128,2050,255
5376,2070,297,64,80,2030,448,2060,236
5376,2080,374,-16,0,2030,448,2050,422
5376,2081,151,-16,0,2030,448,2050,422
5377,2080,486,48,0,2030,64,2060,161
5377,2080,501,-48,16,2030,74,2061,371
5377,2081,326,48,0,2030,64,2060,161
5377,2081,338,0,-16,2030,74,2050,416
5378,2080,357,32,-16,2031,210,2060,172
5378,2080,359,-144,160,2040,92,2061,503
5378,2080,383,16,0,2030,488,2060,199
5378,2081,428,32,-16,2031,210,2060,172
5378,2081,430,-144,128,2040,92,2061,503
5378,2081,452,0,0,2031,247,2051,419
5379,2070,241,32,96,2031,317,2060,351
5379,2071,112,32,96,2031,317,2060,351
5379,2080,431,0,0,2030,483,2050,396
5379,2080,449,32,-32,2031,317,2060,351
5379,2081,364,0,0,2030,483,2050,396
5379,2081,380,32,-32,2031,317,2060,351
5380,2070,463,0,96,2040,419,2050,135
5380,2071,517,0,80,2040,419,2050,135
5380,2080,220,48,-48,2040,426,2060,250
5380,2081,347,64,208,2040,419,2060,243
5380,2081,352,48,-16,2040,426,2060,250
5381,2080,334,64,0,2031,117,2060,159
5381,2081,509,64,-16,2031,117,2060,159
5382,2070,356,32,80,2031,273,2060,229
5382,2071,140,32,64,2031,273,2060,229
5382,2071,143,16,64,2030,560,2061,137
5382,2080,434,32,0,2031,273,2060,229
5382,2080,457,48,0,2041,403,2061,137
5382,2081,503,-32,0,2031,273,2050,307
5382,2081,525,-16,-32,2041,403,2050,333
5384,2080,401,-16,-16,2031,71,2050,364
5384,2080,414,0,0,2031,88,2051,344
5384,2081,197,-16,-16,2031,71,2050,364
5384,2081,211,0,-16,2031,88,2051,344
5385,2080,525,80,0,2031,268,2060,318
5385,2081,193,48,-16,2030,229,2060,318
5386,2080,455,0,-16,2031,225,2050,495
5386,2080,464,32,-64,2031,241,2060,276
5386,2081,393,0,-48,2031,225,2050,495
5386,2081,403,32,-64,2031,241,2060,276
5388,2080,488,32,0,2030,531,2060,181
5388,2081,125,-16,0,2041,612,2050,388
5389,2080,173,-32,16,2031,238,2050,93
5390,2080,239,48,0,2040,126,2060,267
5390,2080,240,32,-16,2030,461,2060,268
5390,2080,241,0,0,2030,462,2050,166
5390,2081,66,48,-16,2040,126,2060,267
5390,2081,67,32,-16,2030,461,2060,268
5390,2081,68,16,0,2031,312,2050,166
5391,2080,369,32,-16,2030,224,2060,294
5391,2080,398,80,0,2031,281,2060,318
5391,2080,401,16,0,2030,250,2051,184
5391,2081,189,32,-16,2030,224,2060,294
5391,2081,216,96,0,2040,88,2060,318
5391,2081,219,16,0,2030,250,2051,184
5392,2080,451,0,0,2030,650,2060,513
5392,2080,455,-32,0,2040,163,2051,336
5392,2081,371,0,0,2030,650,2060,513
5392,2081,374,-48,0,2040,163,2050,412
5393,2080,439,0,0,2031,231,2050,145
5394,2080,182,32,-16,2040,240,2060,363
5394,2080,192,-16,0,2031,336,2050,162
5394,2080,206,48,0,2030,313,2060,392
5394,2081,64,32,-48,2040,240,2060,363
5394,2081,74,-16,-16,2031,336,2050,162
5394,2081,86,48,0,2030,313,2060,392
5395,2080,380,64,0,2030,314,2060,460
5396,2081,85,-16,0,2030,431,2050,232
5397,2070,458,32,48,2040,98,2060,260
5397,2080,225,0,-16,2031,299,2051,180
5397,2080,227,80,0,2040,104,2060,265
5397,2080,240,16,-16,2031,326,2050,161
5397,2081,371,0,-16,2031,299,2051,180
5397,2081,374,64,0,2041,411,2060,265
5397,2081,387,16,0,2031,326,2050,161
5398,2080,175,0,0,2030,389,2050,97
5400,2080,341,64,-16,2041,185,2060,112
5400,2081,264,64,0,2041,185,2060,112
5401,2070,202,32,64,2040,113,2060,268
5401,2071,469,32,80,2040,113,2060,268
5402,2080,235,32,-32,2041,180,2050,286
5402,2080,251,16,0,2041,193,2050,300
5402,2081,1,32,-16,2041,180,2050,286
5402,2081,18,16,-16,2041,193,2050,300
5403,2080,550,64,-16,2030,282,2060,204
5403,2080,556,80,-16,2031,160,2060,211
5403,2080,559,16,-64,2040,350,2061,612
5403,2080,572,0,0,2030,315,2051,410
5403,2080,573,-48,16,2040,373,2050,540
5403,2081,249,64,0,2030,282,2060,204
5403,2081,256,80,-16,2031,160,2060,211
5403,2081,259,16,-64,2040,350,2061,612
5403,2081,273,-16,-112,2030,315,2050,537
5403,2081,274,-48,-16,2040,373,2050,540
5404,2080,400,160,48,2030,43,2060,122
5404,2081,250,48,-16,2031,78,2060,122
5405,2080,145,16,0,2031,306,2050,113
5405,2081,234,16,0,2031,306,2050,113
5406,2080,369,0,-48,2030,198,2050,305
5406,2081,235,0,-48,2030,198,2050,305
5407,2080,314,-80,0,2030,342,2051,271
5407,2080,328,80,0,2040,203,2060,430
5407,2081,151,-80,16,2030,342,2051,271
5407,2081,165,96,0,2030,357,2060,430
5408,2080,385,16,0,2030,560,2050,350
5408,2081,317,16,-32,2030,560,2050,350
5409,2080,274,48,0,2040,105,2060,194
5409,2080,294,0,0,2030,547,2051,169
5409,2081,481,48,0,2040,105,2060,194
5409,2081,504,0,0,2030,547,2051,169
5411,2080,218,0,0,2040,65,2050,262
5411,2080,220,48,32,2040,66,2050,264
5411,2081,185,-16,-16,2040,65,2051,99
5411,2081,187,48,32,2040,66,2050,264
5412,2080,473,48,0,2040,228,2060,389
5412,2080,490,64,-48,2040,263,2060,420
5412,2081,192,64,0,2031,429,2060,389
5412,2081,201,16,16,2040,249,2050,534
5412,2081,211,64,-48,2040,263,2060,420
5413,2080,229,48,80,2041,425,2050,192
5413,2081,386,48,80,2041,425,2050,192
5414,2080,503,16,0,2030,437,2050,474
5414,2081,154,16,-16,2030,437,2050,474
5415,2080,209,0,0,2030,376,2050,130
5416,2080,256,-16,0,2041,337,2050,111
5416,2080,259,48,0,2030,398,2060,148
5416,2081,88,48,0,2030,398,2060,148
5417,2070,266,0,64,2040,248,2061,347
5417,2070,267,-16,48,2040,249,2060,116
5417,2071,482,0,48,2040,248,2061,347
5417,2071,483,-16,64,2040,249,2060,116
5417,2080,429,0,-16,2030,298,2050,389
5417,2080,443,-32,0,2040,248,2050,411
5417,2080,444,-64,0,2040,249,2050,414
5417,2080,452,16,32,2040,261,2050,422
5417,2081,200,0,0,2030,298,2050,389
5417,2081,213,-48,-16,2040,248,2051,185
5417,2081,214,-64,-16,2040,249,2050,414
5418,2070,619,-32,-112,2031,331,2050,251
5418,2071,626,-32,-128,2031,331,2050,251
5418,2080,463,48,0,2040,185,2060,280
5418,2081,156,48,-16,2040,185,2060,280
5419,2080,386,0,0,2030,93,2050,354
5419,2081,320,0,0,2030,93,2050,354
5420,2081,352,0,0,2040,81,2051,145
5421,2080,365,48,0,2031,212,2060,166
5421,2080,388,80,32,2030,544,2060,180
5421,2081,291,48,0,2031,212,2060,166
5421,2081,315,80,-16,2030,544,2060,180
5424,2080,457,0,-16,2041,140,2061,345
5424,2080,493,16,-32,2040,134,2050,407
5424,2081,47,0,-16,2041,140,2061,345
5424,2081,83,16,-32,2040,134,2050,407
5425,2080,372,-16,0,2040,172,2050,330
5425,2080,387,0,0,2030,505,2050,353
5425,2080,388,0,0,2040,190,2050,354
5425,2081,102,-16,-16,2040,172,2050,330
5425,2081,117,0,-32,2040,190,2050,354
5426,2070,417,0,64,2040,459,2060,174
5426,2071,521,0,64,2040,459,2060,174
5427,2080,266,32,0,2040,155,2050,120
5427,2080,267,-112,112,2030,300,2060,529
5427,2080,291,0,-16,2031,513,2050,147
5427,2081,342,32,0,2040,155,2050,120
5427,2081,343,-112,112,2030,300,2060,529
5427,2081,365,0,-16,2031,513,2050,147
5429,2070,281,0,96,2030,450,2051,56
5429,2071,80,0,96,2030,450,2051,56
5430,2080,470,0,-16,2040,199,2050,439
5430,2080,488,16,0,2041,292,2051,346
5430,2081,356,0,0,2040,199,2050,439
5430,2081,375,-32,-16,2031,153,2050,458
5431,2080,154,0,0,2040,380,2050,126
5431,2080,170,-32,0,2031,242,2050,142
5431,2081,318,-16,0,2040,380,2051,104
5431,2081,332,-32,0,2031,242,2050,142
5432,2080,149,16,0,2041,307,2060,201
5432,2080,165,0,0,2030,295,2050,141
5432,2081,356,0,0,2030,267,2050,120
5432,2081,375,0,-16,2030,295,2050,141
5435,2070,584,16,80,2030,332,2060,224
5435,2071,595,16,80,2030,332,2060,224
5435,2080,481,64,96,2030,325,2050,396
5435,2080,483,-16,0,2030,327,2050,397
5435,2080,490,0,-16,2040,264,2050,400
5435,2080,492,-16,-16,2040,266,2050,403
5435,2080,497,-16,-16,2040,271,2050,405
5435,2081,125,64,96,2030,325,2050,396
5435,2081,127,-16,-16,2030,327,2050,397
5435,2081,134,0,0,2040,264,2050,400
5435,2081,136,-16,-32,2040,266,2050,403
5435,2081,141,-16,0,2040,271,2050,405
5436,2080,276,-16,-16,2031,376,2050,243
5436,2080,298,0,0,2031,399,2050,265
5436,2080,301,32,-48,2031,405,2060,446
5436,2081,159,-16,-32,2031,376,2050,243
5436,2081,183,32,-16,2031,405,2060,446
5437,2080,333,0,0,2040,267,2050,376
5437,2080,357,0,0,2031,227,2050,403
5437,2081,53,0,-16,2040,267,2050,376
5437,2081,58,16,16,2040,274,2050,383
5437,2081,78,0,-16,2031,227,2050,403
5438,2080,276,-96,112,2041,500,2060,369
5438,2080,285,0,16,2030,464,2050,253
5438,2080,288,0,0,2030,468,2050,257
5438,2081,147,32,0,2041,488,2061,117
5438,2081,157,-96,96,2041,500,2060,369
5438,2081,165,0,0,2030,464,2050,253
5438,2081,168,0,0,2030,468,2050,257
5439,2070,282,48,112,2031,215,2060,248
5439,2071,338,48,112,2031,215,2060,248
5439,2080,446,64,0,2041,323,2060,248
5439,2081,164,64,0,2041,323,2060,248
5440,2070,325,-48,128,2040,58,2050,92
5440,2071,329,-48,112,2040,58,2050,92
5441,2080,611,-48,0,2030,480,2050,561
5441,2080,613,-48,16,2041,405,2050,564
5441,2081,179,-48,0,2030,480,2050,561
5441,2081,181,-48,0,2041,405,2050,564
5443,2080,518,32,0,2041,147,2060,232
5443,2080,519,48,0,2031,191,2060,233
5443,2081,435,-16,0,2041,147,2050,479
5443,2081,436,48,0,2031,191,2060,233
5444,2071,534,80,80,2040,405,2060,217
5444,2080,272,80,0,2041,464,2060,200
5444,2080,286,-16,0,2040,405,2050,342
5444,2081,105,80,0,2041,464,2060,200
5444,2081,117,-16,-16,2040,405,2050,342
5445,2070,641,0,144,2040,295,2050,379
5445,2071,652,0,144,2040,295,2050,379
5445,2080,486,0,0,2030,154,2050,377
5445,2080,488,0,64,2040,295,2050,379
5445,2080,507,16,-16,2040,316,2050,400
5445,2080,515,-16,0,2030,188,2050,413
5445,2081,119,0,0,2030,154,2050,377
5445,2081,121,0,32,2040,295,2050,379
5445,2081,140,16,-16,2040,316,2050,400
5447,2080,342,-32,-16,2040,247,2050,311
5447,2080,349,0,0,2031,182,2051,60
5448,2080,294,64,0,2030,133,2060,344
5448,2081,488,64,0,2030,133,2060,344
5449,2080,300,0,-16,2031,442,2050,272
5449,2081,83,0,-16,2031,442,2050,272
5450,2070,187,48,128,2031,438,2050,295
5450,2071,244,48,128,2031,438,2050,295
5450,2080,344,48,16,2031,438,2050,295
5450,2081,578,48,0,2031,438,2050,295
5451,2070,429,16,48,2040,178,2060,374
5451,2071,620,16,64,2040,178,2060,374
5451,2080,570,-32,0,2040,178,2050,532
5451,2081,288,-32,0,2040,178,2050,532
5454,2070,355,0,64,2031,288,2060,245
5454,2071,67,0,48,2031,288,2060,245
5454,2080,467,32,32,2040,175,2050,135
5454,2080,489,0,0,2031,316,2050,166
5454,2081,417,32,16,2040,175,2050,135
5454,2081,441,0,-16,2031,316,2050,166
5455,2080,160,80,-16,2030,463,2060,271
5455,2080,162,0,0,2041,365,2050,132
5455,2080,167,0,0,2041,370,2050,137
5455,2080,172,-160,-32,2040,224,2061,512
5455,2081,431,80,0,2030,463,2060,271
5455,2081,433,0,0,2041,365,2050,132
5455,2081,438,0,-16,2041,370,2050,137
5455,2081,443,-160,-80,2040,224,2061,512
5456,2070,471,0,64,2040,197,2060,159
5456,2071,520,0,64,2040,197,2060,159
5456,2080,322,-48,80,2040,190,2060,154
5456,2080,329,0,-16,2040,197,2060,159
5456,2080,336,-48,16,2031,123,2050,297
5456,2080,337,-48,0,2041,427,2050,298
5456,2081,489,-48,32,2040,190,2060,154
5456,2081,496,-48,0,2040,197,2051,236
5456,2081,501,16,-16,2031,123,2060,164
5458,2080,432,-64,16,2031,313,2050,395
5458,2080,441,32,0,2031,323,2060,366
5458,2080,463,-48,-64,2030,170,2050,425
5458,2081,275,32,-32,2031,313,2060,359
5458,2081,285,32,0,2031,323,2060,366
5458,2081,307,-48,-64,2030,170,2050,425
5460,2080,86,-16,0,2040,375,2051,52
5460,2080,94,64,-96,2041,289,2060,190
5460,2081,5,-16,-16,2040,375,2051,52
5460,2081,12,64,-48,2041,289,2060,190
5461,2080,403,64,0,2041,209,2060,178
5461,2081,467,64,0,2041,209,2060,178
5463,2070,510,16,48,2030,417,2051,287
5463,2071,520,16,48,2030,417,2051,287
5463,2080,330,16,0,2041,456,2050,116
5463,2080,352,0,0,2030,448,2050,145
5463,2081,387,32,0,2040,241,2050,116
5463,2081,409,16,0,2040,281,2050,145
5464,2080,283,48,-16,2030,315,2060,469
5464,2080,293,48,-64,2031,445,2060,480
5464,2081,399,48,-32,2030,315,2060,469
5464,2081,408,48,-64,2031,445,2060,480
5466,2080,228,80,0,2040,359,2060,146
5466,2081,317,80,-16,2040,359,2060,146
5467,2080,175,32,-32,2031,284,2060,237
5467,2081,502,32,-16,2031,284,2060,237
5468,2080,396,0,-16,2031,180,2060,214
5468,2080,404,48,-16,2030,147,2060,222
5468,2081,86,48,16,2030,139,2060,214
5468,2081,92,32,0,2040,269,2060,222
5469,2080,378,-16,-16,2031,59,2050,337
5469,2080,382,32,32,2041,224,2050,342
5469,2081,308,-16,0,2031,59,2050,337
5469,2081,312,32,16,2041,224,2050,342
5470,2080,312,0,0,2041,219,2050,288
5470,2080,320,160,-80,2031,38,2060,71
5470,2081,113,160,-32,2031,38,2060,71
5471,2070,491,32,64,2030,166,2060,313
5471,2071,497,32,48,2030,166,2060,313
5471,2080,242,16,0,2041,459,2050,285
5471,2080,245,64,-16,2030,171,2060,316
5471,2081,112,0,0,2031,360,2050,285
5471,2081,115,64,-16,2030,171,2060,316
5473,2070,566,80,64,2041,521,2060,293
5473,2071,575,80,80,2041,521,2060,293
5473,2080,376,-16,0,2030,169,2051,107
5473,2080,392,80,0,2041,521,2060,293
5473,2081,138,-16,-16,2030,169,2051,107
5473,2081,154,96,0,2040,472,2060,293
5474,2080,318,64,-16,2040,241,2060,405
5474,2080,342,0,0,2040,283,2050,316
5474,2081,434,64,-32,2040,241,2060,405
5474,2081,455,0,0,2030,149,2051,218
5475,2080,293,-48,0,2040,208,2060,98
5475,2080,302,32,16,2030,430,2060,116
5475,2080,313,0,16,2031,164,2050,92
5475,2081,388,-48,0,2040,208,2060,98
5475,2081,397,32,0,2030,430,2060,116
5477,2080,299,0,0,2040,159,2051,246
5477,2080,315,-16,-32,2040,177,2051,258
5477,2081,564,16,0,2031,376,2051,246
5477,2081,580,-16,-48,2040,177,2051,258
5478,2070,565,48,96,2030,184,2050,477
5478,2071,531,48,96,2030,184,2050,477
5478,2080,418,48,16,2030,184,2050,477
5478,2080,429,0,32,2031,385,2050,496
5478,2080,445,-48,0,2040,304,2050,516
5478,2081,621,48,0,2030,184,2050,477
5478,2081,632,0,16,2031,385,2050,496
5478,2081,646,-48,0,2040,304,2050,516
5479,2070,513,0,0,2030,573,2050,223
5479,2080,291,0,0,2040,145,2050,193
5479,2080,295,0,0,2030,559,2050,200
5479,2080,309,32,0,2041,475,2051,266
5479,2080,315,-16,0,2040,187,2050,232
5479,2081,518,0,16,2040,145,2050,193
5479,2081,521,16,0,2041,453,2050,200
5479,2081,535,0,0,2030,573,2050,223
5479,2081,541,-16,0,2040,187,2050,232
5481,2080,322,-32,0,2031,400,2051,262
5481,2080,352,0,-64,2030,154,2051,293
5481,2081,564,64,0,2031,400,2060,358
5481,2081,591,0,-64,2030,154,2051,293
5482,2080,252,0,0,2030,519,2051,156
5482,2081,342,0,0,2031,411,2050,216
5483,2080,313,16,0,2040,211,2060,468
5486,2080,487,0,0,2030,401,2050,455
5486,2080,497,32,0,2040,303,2060,262
5486,2080,503,32,0,2030,420,2050,471
5486,2081,132,0,0,2030,401,2050,455
5486,2081,142,32,0,2040,303,2060,262
5487,2070,333,32,48,2040,238,2060,203
5487,2071,69,32,32,2040,238,2060,203
5487,2080,339,0,0,2041,268,2050,389
5487,2080,344,48,0,2031,169,2060,203
5487,2081,46,16,0,2040,230,2050,389
5487,2081,51,-16,-16,2031,169,2050,396
5488,2080,237,0,-48,2040,299,2060,443
5488,2081,333,0,-48,2040,299,2060,443
5489,2070,461,16,48,2031,48,2060,101
5489,2071,494,16,48,2031,48,2060,101
5489,2080,339,48,-16,2040,135,2060,101
5489,2080,351,0,0,2041,410,2051,306
5489,2081,474,48,-32,2040,135,2060,101
5489,2081,487,16,0,2040,161,2060,122
5490,2080,364,64,16,2041,400,2060,212
5490,2081,468,64,16,2041,400,2060,212
5491,2070,385,112,96,2030,508,2060,417
5491,2071,542,112,96,2030,508,2060,417
5491,2080,261,16,0,2040,168,2061,287
5491,2080,273,0,16,2041,331,2050,150
5491,2080,283,64,0,2030,507,2060,414
5491,2080,286,128,-16,2041,350,2060,417
5491,2081,111,16,0,2040,168,2061,287
5491,2081,123,0,0,2041,331,2050,150
5491,2081,134,64,0,2030,507,2060,414
5491,2081,137,128,-16,2041,350,2060,417
5493,2080,310,80,0,2030,350,2060,96
5493,2080,320,-16,0,2041,399,2050,156
5493,2081,221,0,0,2030,334,2051,255
5493,2081,230,96,0,2031,57,2060,96
5493,2081,241,-16,0,2041,399,2050,156
5494,2080,165,-32,16,2040,399,2050,57
5494,2081,477,-32,0,2040,399,2050,57
5495,2080,248,-16,0,2040,286,2050,168
5495,2080,251,16,16,2030,395,2050,170
5495,2081,356,32,0,2041,432,2050,170
5496,2080,293,48,0,2030,579,2060,339
5496,2081,549,48,0,2030,579,2060,339
5497,2080,382,0,0,2040,233,2051,273
5497,2081,80,0,0,2040,233,2051,273
5498,2080,158,-64,208,2030,439,2061,136
5499,2080,330,16,-16,2041,133,2050,296
5499,2081,193,16,0,2041,133,2050,296
5500,2070,521,-16,80,2040,401,2060,244
5500,2071,527,-16,80,2040,401,2060,244
5500,2080,144,-32,0,2040,401,2050,208
5500,2080,147,32,0,2030,363,2060,245
5500,2081,110,-32,-16,2040,401,2050,208
5500,2081,113,32,16,2030,363,2060,245
5502,2071,501,32,64,2041,372,2060,295
5502,2080,199,-16,-16,2031,329,2050,169
5502,2080,209,128,144,2030,479,2050,180
5502,2081,437,-16,0,2031,329,2050,169
5502,2081,447,128,128,2030,479,2050,180
5504,2080,193,0,0,2031,151,2060,113
5504,2080,204,64,0,2040,364,2060,119
5504,2081,289,0,0,2031,151,2060,113
5505,2070,350,48,64,2030,453,2060,239
5505,2070,354,32,0,2040,409,2061,433
5505,2071,474,48,80,2030,453,2060,239
5505,2071,477,32,80,2040,409,2061,433
5505,2080,268,-16,0,2041,88,2050,314
5505,2080,269,48,0,2031,200,2060,240
5505,2080,284,0,0,2030,471,2050,334
5505,2081,155,-16,0,2041,88,2050,314
5505,2081,156,48,0,2031,200,2060,240
5507,2080,340,0,0,2031,504,2051,287
5507,2080,343,0,0,2031,506,2050,250
5507,2080,348,16,0,2030,600,2060,471
5507,2080,353,16,-32,2040,209,2060,477
5507,2080,354,-64,48,2030,606,2060,478
5507,2080,364,-32,48,2030,612,2050,270
5507,2081,125,0,0,2030,590,2050,242
5507,2081,128,16,0,2030,592,2050,250
5507,2081,133,16,-16,2030,600,2060,471
5507,2081,137,-64,16,2040,209,2050,260
5507,2081,138,-64,48,2030,606,2060,478
5507,2081,148,-32,32,2030,612,2050,270
5508,2080,170,64,16,2040,346,2060,309
5508,2080,183,-32,-32,2030,238,2050,152
5508,2081,477,-32,16,2030,238,2050,152
5509,2080,434,48,0,2041,310,2060,181
5509,2080,440,0,0,2030,98,2050,402
5509,2080,441,0,16,2040,236,2050,403
5509,2081,64,0,0,2031,145,2051,281
5509,2081,65,0,16,2040,236,2050,403
5511,2080,199,-16,0,2040,280,2051,154
5511,2081,319,-16,0,2040,280,2051,154
5512,2080,120,-16,0,2041,394,2050,175
5512,2081,280,-16,-32,2041,394,2050,175
5513,2070,499,16,112,2030,533,2050,264
5513,2080,331,-32,0,2040,223,2050,262
5513,2081,128,-32,0,2040,223,2050,262
5514,2080,395,16,0,2041,240,2060,500
5514,2081,545,0,0,2031,449,2050,358
5515,2080,368,48,-48,2040,239,2060,187
5515,2081,66,48,-48,2040,239,2060,187
5516,2080,408,-80,32,2040,204,2050,463
5516,2081,74,16,-32,2040,204,2060,155
5517,2080,149,16,-32,2040,269,2060,471
5517,2080,168,-80,-32,2041,410,2060,488
5517,2080,170,32,16,2040,297,2061,67
5517,2081,111,16,-32,2040,269,2060,471
5517,2081,127,-80,-48,2041,410,2060,488
5518,2080,379,16,0,2030,84,2051,413
5518,2080,385,-96,96,2040,275,2061,529
5518,2080,397,144,160,2031,216,2050,333
5518,2080,408,64,-16,2041,485,2060,262
5518,2081,127,-96,80,2040,275,2061,529
5518,2081,139,144,176,2031,216,2050,333
5518,2081,150,64,-16,2041,485,2060,262
5519,2070,155,80,96,2031,354,2060,319
5519,2071,428,80,96,2031,354,2060,319
5519,2080,271,80,0,2031,354,2060,319
5519,2081,203,80,-16,2031,354,2060,319
5520,2080,198,-64,0,2040,286,2050,256
5520,2081,324,-64,-16,2040,286,2050,256
5520,2081,338,0,16,2031,179,2050,270
5521,2070,478,16,-128,2030,356,2060,432
5521,2070,479,128,240,2040,293,2051,129
5521,2071,529,16,-128,2030,356,2060,432
5521,2080,223,128,160,2040,293,2051,129
5521,2081,323,128,160,2040,293,2051,129
5522,2080,518,-16,-16,2040,133,2050,482
5522,2081,86,-16,0,2040,133,2050,482
5523,2080,562,16,-16,2031,184,2050,519
5523,2081,314,0,16,2030,139,2050,519
5524,2070,447,160,80,2040,275,2050,139
5524,2071,523,160,80,2040,275,2050,139
5524,2080,349,96,-16,2041,385,2060,160
5524,2080,364,-16,-16,2031,227,2050,141
5524,2081,461,96,-16,2041,385,2060,160
5524,2081,476,-16,-32,2031,227,2050,141
5525,2080,429,-144,128,2031,320,2060,361
5525,2080,434,0,0,2041,230,2050,410
5525,2081,63,-144,144,2031,320,2060,361
5525,2081,70,0,-48,2041,230,2050,410
5526,2080,341,64,-16,2041,433,2060,99
5526,2080,344,32,16,2031,144,2060,105
5526,2080,350,32,-32,2040,239,2060,110
5526,2081,58,96,0,2031,139,2060,99
5526,2081,62,32,16,2031,144,2060,105
5526,2081,68,32,-16,2040,239,2060,110
5527,2070,477,32,64,2030,413,2061,92
5527,2071,531,32,80,2030,413,2061,92
5527,2080,221,64,80,2031,363,2050,181
5527,2080,227,-16,-32,2041,495,2051,124
5527,2080,245,-16,-16,2040,308,2050,207
5527,2081,53,64,64,2031,363,2050,181
5527,2081,58,48,0,2041,495,2061,92
5529,2080,86,64,0,2030,346,2060,176
5529,2080,89,0,0,2030,351,2051,38
5529,2080,111,0,0,2030,375,2050,168
5529,2081,312,64,0,2030,346,2060,176
5529,2081,315,0,0,2030,351,2051,38
5529,2081,339,0,0,2030,375,2050,168
5530,2070,601,0,48,2031,273,2051,183
5530,2071,606,0,64,2031,273,2051,183
5530,2080,288,-16,0,2040,407,2050,344
5532,2070,385,32,64,2040,238,2060,138
5532,2071,520,32,80,2040,238,2060,138
5533,2080,389,16,-16,2040,316,2061,511
5533,2081,261,-48,-16,2040,316,2050,358
5535,2080,374,16,0,2041,223,2050,347
5535,2080,377,16,0,2041,227,2050,351
5535,2080,392,32,0,2030,573,2060,448
5535,2081,117,16,0,2041,223,2050,347
5535,2081,120,16,0,2041,227,2050,351
5535,2081,135,-16,-16,2030,573,2050,366
5536,2080,239,80,16,2041,438,2060,362
5536,2081,131,80,0,2041,438,2060,362
5537,2071,585,0,112,2040,356,2050,195
5537,2080,441,0,-16,2040,356,2050,195
5537,2080,445,48,0,2040,361,2061,310
5537,2081,466,0,-16,2040,356,2050,195
5537,2081,470,-16,0,2031,279,2050,198
5538,2070,609,16,48,2031,230,2060,193
5538,2070,614,0,80,2041,578,2051,382
5538,2071,654,16,80,2031,230,2060,193
5538,2071,658,0,80,2041,578,2051,382
5538,2080,426,32,-32,2040,317,2060,193
5538,2080,444,32,0,2040,353,2051,382
5538,2081,629,32,-16,2040,317,2060,193
5538,2081,647,32,0,2040,353,2051,382
5539,2070,461,-128,256,2041,416,2060,176
5539,2071,550,-128,256,2041,416,2060,176
5539,2080,244,16,0,2041,385,2050,301
5539,2080,274,16,0,2040,374,2050,328
5539,2081,467,16,-16,2041,385,2050,301
5539,2081,495,16,0,2040,374,2050,328
5540,2080,120,64,0,2031,263,2060,225
5540,2081,364,64,0,2031,263,2060,225
5541,2080,157,16,144,2040,222,2060,353
5541,2081,98,16,128,2040,222,2060,353
5542,2080,480,48,0,2031,180,2060,224
5542,2081,71,16,-112,2031,145,2060,195
5542,2081,87,-32,16,2031,180,2050,452
5543,2070,471,-16,16,2041,437,2060,176
5543,2071,515,-16,0,2041,437,2060,176
5543,2080,248,-32,0,2031,216,2050,305
5543,2081,496,-32,-16,2031,216,2050,305
5544,2070,220,0,48,2041,118,2050,298
5544,2070,225,0,80,2041,151,2051,192
5544,2071,513,0,64,2041,118,2050,298
5544,2071,518,0,96,2041,151,2051,192
5544,2080,342,0,-16,2040,254,2051,158
5544,2080,345,0,0,2030,47,2050,301
5544,2081,83,48,-16,2031,440,2051,158
5545,2080,362,16,0,2040,262,2060,171
5545,2081,55,16,0,2040,262,2060,171
5546,2080,461,0,16,2030,224,2050,387
5546,2081,66,0,-32,2030,224,2050,387
5547,2080,180,16,-16,2040,230,2060,276
5547,2081,464,-32,-16,2040,230,2050,143
5548,2070,145,112,128,2030,171,2050,254
5548,2071,380,112,128,2030,171,2050,254
5548,2080,264,0,0,2031,322,2050,236
5548,2081,419,0,0,2031,322,2050,236
5549,2080,334,16,0,2041,195,2060,246
5549,2080,352,-16,0,2030,476,2050,413
5549,2081,152,32,0,2030,452,2060,246
5549,2081,169,-16,0,2030,476,2050,413
5551,2070,331,32,64,2040,317,2060,273
5551,2071,488,32,64,2040,317,2060,273
5551,2080,424,-112,-112,2031,231,2050,388
5551,2080,434,48,-32,2031,248,2060,273
5551,2081,107,48,-16,2031,248,2060,273
5552,2070,449,-112,160,2030,516,2061,474
5552,2071,529,-112,176,2030,516,2061,474
5552,2080,205,-32,-16,2030,505,2050,165
5552,2080,211,-16,-16,2030,512,2051,72
5552,2080,217,64,-16,2031,327,2061,477
5552,2081,102,-32,32,2030,505,2050,165
5552,2081,109,-16,-16,2030,512,2051,72
5552,2081,113,-112,64,2030,516,2061,474
5552,2081,115,48,0,2030,517,2061,477
5554,2070,427,32,64,2041,387,2060,312
5554,2071,549,32,32,2041,387,2060,312
5554,2080,496,-32,0,2030,214,2050,465
5554,2080,511,-96,256,2030,231,2051,144
5554,2080,515,-16,0,2030,236,2050,483
5554,2081,324,32,0,2041,361,2050,465
5554,2081,340,-96,240,2030,231,2051,144
5554,2081,344,-16,-16,2030,236,2050,483
5556,2070,437,32,80,2040,137,2060,269
5556,2071,542,16,80,2040,119,2060,259
5556,2071,545,32,80,2040,137,2060,269
5556,2080,467,-32,0,2040,109,2051,505
5556,2080,475,16,-48,2040,119,2060,259
5556,2081,175,-48,-16,2040,109,2050,214
5556,2081,183,16,-48,2040,119,2060,259
5558,2080,244,32,0,2030,410,2060,91
5558,2080,245,16,-16,2041,308,2060,96
5558,2081,206,32,16,2030,410,2060,91
5558,2081,207,48,0,2040,372,2060,96
5559,2080,402,48,0,2041,470,2060,263
5559,2080,424,32,-16,2031,334,2060,289
5559,2081,150,48,0,2041,470,2060,263
5559,2081,172,32,-16,2031,334,2060,289
5560,2080,290,0,-16,2040,430,2050,331
5560,2081,124,0,-16,2040,430,2050,331
5561,2080,312,64,0,2040,361,2060,171
5561,2080,315,0,16,2040,364,2050,281
5561,2080,322,32,0,2031,212,2060,182
5561,2080,330,16,-16,2040,386,2050,300
5561,2081,130,64,0,2040,361,2060,171
5561,2081,139,-16,0,2031,212,2051,113
5561,2081,147,16,0,2040,386,2050,300
5562,2070,446,0,80,2031,177,2050,93
5562,2071,61,0,96,2031,177,2050,93
5562,2080,307,16,32,2030,237,2050,79
5562,2080,317,0,0,2031,177,2050,93
5562,2081,344,16,0,2030,247,2050,93
5563,2080,240,0,-16,2040,178,2050,288
5563,2080,246,-16,0,2041,382,2050,296
5563,2081,122,16,-16,2030,316,2060,469
5563,2081,136,0,-16,2040,178,2050,288
5563,2081,139,-32,-16,2041,377,2050,293
5563,2081,142,16,-16,2031,455,2050,296
5565,2070,299,0,64,2031,209,2060,244
5565,2071,410,0,64,2031,209,2060,244
5565,2080,322,16,32,2040,253,2060,226
5565,2080,336,-16,0,2040,282,2051,137
5565,2081,93,16,48,2040,253,2060,226
5565,2081,111,-32,0,2040,282,2050,381
5567,2070,378,0,64,2031,269,2060,239
5567,2071,44,0,80,2031,269,2060,239
5567,2080,139,-32,-16,2031,269,2050,113
5567,2080,161,48,0,2030,410,2060,251
5567,2081,421,-32,-16,2031,269,2050,113
5567,2081,443,48,0,2030,410,2060,251
5568,2080,234,-64,80,2031,325,2061,77
5568,2080,237,64,-32,2031,328,2060,369
5568,2081,100,128,16,2030,49,2060,369
5569,2080,353,-16,0,2040,254,2051,65
5569,2081,420,-16,0,2040,254,2051,65
5570,2080,462,-32,-16,2030,132,2050,204
5570,2080,481,-16,0,2030,161,2051,424
5570,2081,498,-32,-16,2030,132,2050,204
5571,2080,552,96,80,2040,260,2051,96
5571,2081,401,96,112,2040,260,2051,96
5572,2070,554,0,112,2031,265,2050,353
5572,2071,565,0,128,2031,265,2050,353
5572,2080,279,-48,-48,2031,243,2050,330
5572,2080,284,-128,16,2040,411,2051,172
5572,2080,292,16,0,2030,465,2050,353
5572,2081,144,-48,-64,2031,243,2050,330
5572,2081,157,0,0,2031,265,2050,353
5573,2080,354,64,-32,2030,147,2060,234
5573,2080,363,48,0,2040,292,2060,242
5573,2081,494,64,-32,2030,147,2060,234
5573,2081,502,48,0,2040,292,2060,242
5574,2080,275,-16,0,2031,504,2050,189
5574,2081,391,-16,0,2031,504,2050,189
5575,2080,182,0,-16,2030,395,2050,143
5575,2080,193,-16,-16,2030,410,2050,162
5575,2080,196,0,0,2031,337,2050,166
5575,2080,209,48,0,2030,427,2060,308
5575,2081,358,64,0,2040,237,2060,278
5575,2081,371,-16,-16,2030,410,2050,162
5575,2081,375,16,0,2040,259,2051,77
5575,2081,388,48,-32,2030,427,2060,308
5576,2080,426,0,0,2030,153,2050,476
5576,2080,437,32,0,2030,165,2060,253
5576,2081,302,16,-16,2031,195,2050,476
5576,2081,312,-16,0,2030,165,2050,484
5578,2080,465,0,0,2040,397,2050,518
5578,2080,481,16,16,2040,422,2050,531
5578,2081,544,0,0,2041,144,2051,192
5578,2081,560,16,0,2040,422,2050,531
5579,2070,568,0,32,2031,467,2050,327
5579,2080,369,16,0,2030,499,2050,327
5579,2081,206,32,-16,2040,283,2050,327
5580,2070,506,-160,48,2031,174,2061,67
5580,2071,55,-160,48,2031,174,2061,67
5580,2080,273,-160,-64,2031,174,2061,67
5580,2080,279,32,0,2030,416,2050,237
5580,2081,374,-160,-80,2031,174,2061,67
5580,2081,379,32,0,2030,416,2050,237
5581,2071,690,48,80,2041,597,2060,244
5581,2080,521,48,0,2041,597,2060,244
5581,2080,524,-32,16,2030,143,2050,479
5581,2080,543,48,-16,2030,160,2060,266
5581,2081,341,64,0,2031,192,2060,244
5581,2081,344,64,0,2030,143,2060,246
5581,2081,363,48,0,2030,160,2060,266
5582,2080,366,-16,0,2031,138,2050,327
5582,2080,376,-32,0,2040,232,2050,338
5582,2081,412,48,0,2040,221,2060,185
5582,2081,422,-32,0,2040,232,2050,338
5583,2080,362,16,0,2031,409,2060,444
5584,2080,314,-16,0,2041,488,2050,277
5584,2080,335,-32,-16,2031,436,2050,299
5584,2081,453,16,-16,2030,194,2050,277
5585,2080,197,32,-16,2030,387,2060,282
5585,2081,134,32,-64,2030,387,2060,282
5586,2080,352,0,0,2030,164,2050,115
5586,2081,503,0,-16,2030,164,2050,115
5587,2080,268,16,-32,2031,398,2060,436
5587,2080,284,16,16,2030,375,2050,252
5587,2081,319,16,-48,2031,398,2060,436
5587,2081,335,16,0,2030,375,2050,252
5588,2080,356,0,0,2040,265,2050,101
5588,2081,232,0,0,2040,265,2050,101
5589,2080,424,48,0,2030,141,2060,258
5589,2080,429,-16,-16,2040,306,2050,394
5589,2080,440,0,-16,2030,160,2050,407
5589,2081,110,48,0,2030,141,2060,258
5589,2081,115,-16,-16,2040,306,2050,394
5589,2081,124,0,0,2030,160,2050,407
5590,2080,328,0,0,2031,106,2050,389
5590,2080,338,32,0,2031,113,2060,158
5590,2080,350,0,0,2031,128,2051,248
5590,2081,455,0,0,2031,106,2050,389
5590,2081,473,0,-16,2031,128,2051,248
5592,2080,384,32,0,2031,175,2050,358
5592,2081,70,32,0,2031,175,2050,358
5593,2080,441,64,16,2030,248,2060,142
5593,2080,454,48,-16,2031,115,2060,158
5593,2081,55,64,0,2030,248,2060,142
5593,2081,69,48,-16,2031,115,2060,158
5594,2080,398,32,0,2041,492,2061,231
5594,2081,173,-16,0,2041,492,2050,452
5595,2070,519,32,64,2031,330,2060,302
5595,2071,530,32,64,2031,330,2060,302
5595,2071,532,48,80,2040,399,2060,306
5595,2080,219,16,0,2030,432,2050,270
5595,2080,225,80,0,2041,479,2060,306
5595,2081,127,16,0,2030,432,2050,270
5595,2081,132,80,-16,2041,479,2060,306
5596,2080,192,16,48,2030,225,2050,105
5596,2081,69,16,16,2030,225,2050,105
5597,2080,349,48,0,2040,147,2060,442
5597,2080,363,0,-16,2031,500,2051,328
5597,2080,373,0,-64,2040,180,2060,457
5597,2081,193,96,16,2031,476,2060,438
5597,2081,196,48,0,2040,147,2060,442
5597,2081,210,0,-16,2031,500,2051,328
5597,2081,219,0,-64,2040,180,2060,457
5598,2080,93,64,96,2031,224,2050,144
5598,2080,101,0,0,2040,328,2050,154
5598,2080,102,16,0,2031,236,2050,155
5598,2081,411,-32,-32,2040,305,2050,127
5598,2081,425,64,112,2031,224,2050,144
5598,2081,432,0,-16,2040,328,2050,154
5598,2081,433,16,0,2031,236,2050,155
5599,2080,288,0,-16,2031,354,2050,210
5599,2081,125,0,0,2031,354,2050,210
5601,2080,356,0,-16,2040,283,2051,201
5601,2081,238,0,-16,2040,283,2051,201
5602,2080,418,-16,-16,2040,305,2051,455
5603,2080,256,16,-16,2041,431,2060,358
5603,2080,266,0,0,2030,524,2051,110
5603,2080,272,48,-16,2030,530,2060,382
5603,2080,277,32,-16,2041,454,2051,124
5603,2081,483,16,0,2041,431,2060,358
5603,2081,499,48,0,2030,530,2060,382
5603,2081,504,32,0,2041,454,2051,124
5604,2080,299,-16,0,2040,368,2050,274
5604,2080,309,32,0,2040,386,2061,138
5604,2080,317,0,-32,2040,401,2050,290
5604,2081,447,-16,0,2040,368,2050,274
5604,2081,458,32,-16,2040,386,2061,138
5604,2081,467,0,-32,2040,401,2050,290
5605,2070,365,112,96,2040,327,2050,460
5605,2071,564,112,96,2040,327,2050,460
5605,2080,492,112,-16,2040,327,2050,460
5605,2081,109,112,-32,2040,327,2050,460
5607,2080,387,48,0,2031,146,2060,185
5607,2080,412,-32,0,2040,131,2050,261
5607,2081,270,48,0,2031,146,2060,185
5607,2081,294,-32,-16,2040,131,2050,261
5608,2080,437,16,0,2031,220,2050,407
5608,2081,375,16,-16,2031,220,2050,407
5609,2080,437,16,-16,2040,275,2050,403
5609,2081,95,16,-32,2040,275,2050,403
5610,2080,339,32,0,2030,384,2060,159
5610,2081,417,64,0,2031,190,2060,159
5613,2081,130,0,0,2031,301,2050,186
5615,2070,516,32,64,2040,189,2060,356
5615,2071,574,32,64,2040,189,2060,356
5615,2080,310,16,0,2040,172,2050,216
5615,2080,311,48,0,2040,175,2060,344
5615,2080,314,64,-16,2040,178,2060,348
5615,2081,462,16,-16,2040,172,2050,216
5615,2081,463,48,0,2040,175,2060,344
5615,2081,466,64,-16,2040,178,2060,348
5616,2070,265,64,64,2041,152,2060,423
5616,2071,527,64,64,2041,152,2060,423
5616,2080,377,80,-16,2030,502,2060,423
5616,2081,117,80,0,2030,502,2060,423
5617,2080,274,80,-80,2030,322,2060,402
5617,2081,521,80,0,2030,322,2060,402
5618,2080,368,48,-32,2031,109,2060,163
5618,2080,372,160,-32,2030,67,2060,166
5618,2080,392,80,-16,2030,86,2060,189
5618,2081,515,48,-16,2031,109,2060,163
5618,2081,519,160,-32,2030,67,2060,166
5619,2070,397,48,112,2041,327,2060,120
5619,2071,49,48,128,2041,327,2060,120
5619,2080,267,48,0,2030,305,2060,133
5619,2081,68,0,-16,2031,167,2050,99
5620,2080,374,0,0,2031,108,2060,159
5620,2081,512,0,0,2031,108,2060,159
5621,2080,136,-32,0,2040,296,2050,190
5621,2080,156,64,-16,2040,317,2060,241
5621,2081,62,-32,0,2040,296,2050,190
5621,2081,82,64,0,2040,317,2060,241
5622,2080,420,0,0,2031,285,2050,348
5622,2081,56,32,16,2030,118,2060,319
5623,2080,309,64,-16,2040,191,2060,341
5623,2080,316,0,0,2030,105,2050,238
5623,2080,323,16,32,2030,114,2051,279
5623,2081,154,64,0,2040,191,2060,341
5623,2081,161,0,0,2041,465,2051,268
5624,2070,311,-16,48,2041,267,2060,154
5624,2071,43,-16,64,2041,267,2060,154
5624,2080,411,32,-32,2031,117,2060,152
5624,2080,415,32,0,2031,122,2060,154
5624,2081,55,32,-48,2031,117,2060,152
5624,2081,58,32,0,2031,122,2060,154
5626,2070,362,0,64,2041,335,2060,98
5626,2071,393,0,48,2041,335,2060,98
5626,2080,277,48,0,2040,198,2060,92
5626,2080,281,0,0,2030,142,2051,306
5626,2081,167,48,0,2040,198,2060,92
5626,2081,171,0,0,2030,142,2051,306
5627,2080,470,-16,-16,2030,183,2051,355
5627,2081,153,-16,-16,2030,183,2051,355
5628,2070,429,-32,144,2030,318,2050,210
5628,2080,169,-32,16,2030,318,2050,210
5628,2080,175,16,0,2041,357,2051,113
5628,2081,133,-32,16,2030,318,2050,210
5628,2081,139,0,0,2030,322,2051,113
5629,2080,240,48,0,2031,389,2060,437
5629,2080,249,16,-48,2040,313,2060,443
5629,2080,261,0,0,2040,329,2051,86
5629,2081,137,64,0,2030,346,2060,437
5629,2081,146,16,-96,2040,313,2060,443
5630,2080,393,64,0,2030,97,2060,154
5630,2081,274,-16,0,2030,97,2050,450
5631,2080,330,-96,-32,2030,396,2060,154
5631,2081,362,-96,-48,2030,396,2060,154
5631,2081,366,-16,0,2031,196,2050,128
5632,2080,205,16,-16,2040,329,2050,172
5632,2081,145,16,-16,2040,329,2050,172
5634,2080,176,-16,-48,2030,114,2050,146
5634,2080,189,32,0,2030,132,2050,157
5634,2081,409,-16,-32,2030,114,2050,146
5634,2081,422,0,0,2040,246,2050,157
5635,2080,346,16,0,2040,196,2050,245
5635,2080,361,-48,-144,2031,410,2050,258
5635,2080,379,80,0,2040,232,2061,592
5635,2081,161,-48,-160,2031,410,2050,258
5635,2081,179,80,-32,2040,232,2061,592
5636,2080,193,48,-32,2031,276,2060,247
5636,2080,196,112,-112,2041,383,2060,250
5636,2081,463,48,-32,2031,276,2060,247
5636,2081,466,112,-144,2041,383,2060,250
5637,2080,433,64,0,2031,204,2060,245
5637,2080,446,64,0,2031,226,2060,265
5637,2081,158,64,0,2031,204,2060,245
5637,2081,170,0,-16,2040,302,2050,414
5638,2080,328,0,0,2031,197,2050,379
5638,2080,330,16,32,2030,119,2050,383
5638,2081,86,16,0,2030,114,2050,379
5638,2081,88,16,0,2030,119,2050,383
5639,2070,444,0,48,2031,160,2061,351
5639,2071,629,0,48,2031,160,2061,351
5639,2080,578,-128,112,2041,377,2060,201
5639,2080,589,0,0,2040,257,2050,546
5639,2080,590,-16,0,2030,306,2050,548
5639,2080,599,0,-16,2030,322,2050,561
5639,2081,497,-128,112,2041,377,2060,201
5639,2081,508,16,0,2041,390,2050,546
5639,2081,509,-16,-16,2030,306,2050,548
5639,2081,518,0,16,2030,322,2050,561
5640,2080,265,96,-16,2040,360,2060,172
5640,2080,284,-160,0,2040,389,2060,193
5640,2081,525,96,-16,2040,360,2060,172
5640,2081,543,48,16,2041,481,2060,193
5642,2080,480,0,0,2030,254,2050,396
5642,2080,481,0,-32,2031,293,2050,397
5642,2080,484,-32,-16,2031,298,2050,399
5642,2080,485,0,0,2031,299,2050,400
5642,2080,489,48,-16,2031,306,2060,350
5642,2080,495,0,-32,2031,315,2050,410
5642,2081,92,0,0,2030,254,2050,396
5642,2081,93,0,-16,2031,293,2050,397
5642,2081,96,-32,-16,2031,298,2050,399
5642,2081,97,0,0,2031,299,2050,400
5642,2081,109,0,-16,2031,315,2050,410
5643,2070,375,-16,128,2040,297,2051,148
5643,2071,553,-16,112,2040,297,2051,148
5644,2080,249,48,0,2040,132,2060,417
5644,2080,253,0,0,2031,390,2050,91
5644,2081,318,48,0,2040,132,2060,417
5644,2081,322,0,-32,2031,390,2050,91
5646,2080,348,16,-16,2030,247,2050,148
5646,2080,350,16,0,2031,220,2050,151
5646,2081,407,16,-16,2030,247,2050,148
5646,2081,409,16,-16,2031,220,2050,151
5647,2070,544,0,128,2041,510,2050,330
5647,2071,550,0,112,2041,510,2050,330
5647,2080,262,0,-48,2040,388,2051,157
5647,2081,425,0,-32,2040,388,2051,157
5648,2080,192,-128,128,2040,388,2061,158
5648,2080,196,-32,-16,2031,325,2050,247
5648,2081,60,-32,-64,2031,325,2050,247
5649,2080,181,32,0,2031,240,2060,207
5649,2080,184,0,0,2041,362,2050,128
5649,2081,270,32,0,2031,240,2060,207
5649,2081,272,0,0,2041,362,2050,128
5650,2080,188,32,-16,2031,264,2060,220
5650,2081,454,32,-16,2031,264,2060,220
5651,2080,208,-48,-16,2040,84,2061,317
5651,2080,227,-96,128,2040,110,2061,327
5651,2081,49,-48,16,2040,84,2061,317
5651,2081,65,-96,96,2040,110,2061,327
5652,2070,552,16,64,2031,439,2060,399
5652,2070,553,-32,112,2040,350,2051,160
5652,2070,554,48,64,2040,363,2060,412
5652,2071,612,16,80,2031,439,2060,399
5652,2071,613,-32,48,2040,350,2051,160
5652,2071,614,48,48,2040,363,2060,412
5652,2080,295,32,-16,2040,346,2060,399
5652,2080,299,-32,16,2040,350,2051,160
5652,2080,309,64,-32,2041,581,2060,412
5652,2080,315,-32,16,2030,236,2050,276
5652,2080,323,-16,0,2030,241,2050,281
5652,2080,325,0,0,2031,484,2050,285
5652,2081,494,32,-16,2040,346,2060,399
5652,2081,495,-16,0,2031,440,2051,156
5652,2081,498,-32,-16,2040,350,2051,160
5652,2081,509,64,-32,2041,581,2060,412
5652,2081,516,-32,0,2030,236,2050,276
5652,2081,526,0,0,2031,484,2050,285
5653,2080,262,16,-16,2030,402,2060,312
5653,2080,272,-96,80,2031,375,2060,321
5653,2081,89,48,0,2040,174,2060,312
5653,2081,95,0,0,2031,364,2050,238
5653,2081,98,-96,96,2031,375,2060,321
5654,2080,443,64,-16,2040,334,2060,304
5654,2080,454,0,0,2040,351,2060,315
5654,2081,136,64,-16,2040,334,2060,304
5654,2081,145,-32,0,2041,206,2050,424
5655,2080,464,80,-32,2041,220,2061,514
5655,2081,145,80,-48,2041,220,2061,514
5656,2080,143,64,0,2041,405,2060,224
5656,2081,61,80,0,2030,326,2060,224
5657,2080,411,16,-16,2031,64,2060,108
5657,2080,419,80,-16,2040,249,2060,119
5657,2081,171,80,0,2040,249,2060,119
5658,2070,373,32,64,2031,240,2061,54
5658,2071,261,32,32,2031,240,2061,54
5658,2080,161,64,0,2031,232,2060,197
5658,2080,169,48,-32,2030,281,2061,54
5658,2081,412,64,0,2031,232,2060,197
5658,2081,419,48,-48,2030,281,2061,54
5659,2080,456,32,-32,2031,342,2060,381
5659,2080,465,80,-16,2040,158,2060,392
5659,2080,470,48,0,2040,164,2060,397
5659,2081,111,32,-48,2031,342,2060,381
5659,2081,119,80,0,2040,158,2060,392
5659,2081,124,64,0,2041,236,2060,397
5660,2070,444,-160,-144,2040,240,2060,207
5660,2071,115,-160,-160,2040,240,2060,207
5661,2080,313,64,-16,2040,196,2060,385
5661,2081,152,64,-16,2040,196,2060,385
5664,2080,392,16,0,2040,299,2050,259
5664,2080,413,64,-16,2031,202,2060,246
5664,2080,417,32,0,2040,336,2061,103
5664,2081,130,64,-16,2031,202,2060,246
5664,2081,133,32,0,2040,336,2061,103
5665,2080,268,160,192,2030,358,2050,226
5665,2080,300,16,-16,2040,352,2060,535
5665,2081,162,160,176,2030,358,2050,226
5665,2081,194,16,0,2040,352,2060,535
5667,2080,166,48,16,2031,135,2060,108
5668,2070,472,0,64,2031,183,2050,319
5668,2070,474,0,64,2030,104,2060,150
5668,2071,129,0,64,2031,183,2050,319
5668,2071,131,0,80,2030,104,2060,150
5668,2080,421,48,-16,2031,195,2060,149
5668,2081,56,32,192,2031,183,2060,142
5668,2081,63,48,0,2031,195,2060,149
5669,2080,419,16,0,2031,264,2061,504
5669,2081,88,-32,16,2040,349,2050,470
5670,2080,262,32,0,2031,188,2060,156
5670,2081,68,64,0,2030,289,2060,156
5671,2080,325,0,16,2030,466,2060,187
5671,2080,327,32,16,2040,273,2050,154
5671,2080,331,32,0,2030,472,2061,84
5671,2081,113,0,0,2030,466,2060,187
5671,2081,115,48,0,2031,229,2050,154
5671,2081,119,-16,0,2030,472,2050,159
5672,2080,429,-16,80,2030,268,2051,149
5672,2081,59,-16,48,2030,268,2051,149
5673,2080,258,32,0,2030,375,2051,287
5673,2081,48,32,0,2030,375,2051,287
5674,2080,169,16,0,2031,238,2051,126
5674,2080,190,48,-16,2041,343,2060,224
5674,2081,6,16,-32,2031,238,2051,126
5674,2081,26,48,0,2041,343,2060,224
5675,2080,158,80,16,2030,241,2060,65
5675,2080,164,-16,0,2040,311,2050,44
5675,2081,218,80,16,2030,241,2060,65
5675,2081,223,-16,0,2040,311,2050,44
5676,2080,370,48,16,2030,88,2050,233
5676,2081,426,0,-16,2031,123,2050,233
5677,2080,355,-144,0,2031,76,2050,323
5677,2081,139,-144,-16,2031,76,2050,323
5678,2080,341,32,0,2031,271,2050,390
5678,2081,149,48,-16,2040,122,2050,390
5679,2080,233,32,96,2040,122,2061,344
5679,2081,465,32,144,2040,122,2061,344
5680,2070,554,0,96,2041,504,2060,304
5680,2071,176,0,96,2041,504,2060,304
5680,2080,384,0,0,2030,225,2050,446
5680,2080,390,0,0,2030,234,2050,455
5680,2081,193,-16,0,2041,506,2050,443
5680,2081,194,16,-32,2031,265,2050,446
5680,2081,200,0,0,2030,234,2050,455
5681,2080,246,0,0,2031,128,2050,59
5681,2080,269,16,-16,2030,416,2050,87
5681,2081,305,0,0,2031,128,2050,59
5681,2081,328,0,0,2031,158,2050,87
5682,2070,475,16,160,2040,398,2050,284
5682,2070,479,0,64,2040,419,2060,148
5682,2071,112,16,144,2040,398,2050,284
5682,2080,332,16,64,2040,398,2050,284
5682,2080,351,-48,0,2040,419,2050,312
5682,2080,366,-144,-48,2031,211,2060,163
5682,2080,369,-16,0,2031,213,2050,331
5682,2081,529,16,64,2040,398,2050,284
5682,2081,547,-64,0,2040,419,2051,236
5682,2081,562,-144,-80,2031,211,2060,163
5682,2081,565,-16,-16,2031,213,2050,331
5683,2080,296,48,16,2040,114,2060,86
5683,2080,302,0,0,2031,60,2051,242
5683,2081,258,80,0,2030,395,2060,86
5683,2081,263,0,-32,2031,60,2051,242
5684,2070,424,32,80,2040,218,2060,187
5684,2071,429,32,80,2040,218,2060,187
5684,2080,300,32,-16,2040,218,2060,187
5684,2080,311,16,-16,2041,384,2050,276
5684,2080,315,0,0,2041,392,2050,281
5684,2081,340,32,-32,2040,218,2060,187
5684,2081,350,16,-32,2041,384,2050,276
5684,2081,355,0,0,2041,392,2050,281
5685,2070,543,32,80,2041,494,2060,457
5685,2070,548,32,80,2031,441,2060,478
5685,2071,551,32,80,2041,494,2060,457
5685,2071,556,32,64,2031,441,2060,478
5685,2080,363,0,0,2041,518,2050,276
5685,2080,365,48,0,2030,403,2060,481
5685,2081,158,0,0,2041,518,2050,276
5685,2081,160,48,-16,2030,403,2060,481
5686,2080,200,16,0,2041,422,2050,127
5686,2080,218,48,0,2031,301,2060,248
5686,2081,342,32,0,2040,82,2050,127
5686,2081,359,48,-16,2031,301,2060,248
5687,2070,284,16,96,2031,81,2060,130
5687,2070,285,96,224,2031,82,2050,509
5687,2071,540,16,80,2031,81,2060,130
5687,2071,541,96,208,2031,82,2050,509
5687,2080,441,-16,0,2031,81,2051,298
5687,2080,442,96,112,2031,82,2050,509
5687,2081,332,16,0,2030,369,2051,298
5687,2081,333,96,112,2031,82,2050,509
5687,2081,357,32,176,2040,204,2060,156
5691,2080,176,48,0,2041,273,2060,345
5691,2080,188,-32,0,2041,285,2061,113
5691,2080,194,64,0,2040,249,2060,361
5691,2081,431,48,0,2041,273,2060,345
5691,2081,442,-16,-16,2040,238,2050,149
5691,2081,447,96,0,2031,405,2060,361
5692,2080,399,112,-128,2031,181,2060,220
5692,2081,324,112,-112,2031,181,2060,220
5693,2080,390,-16,0,2031,258,2051,339
5693,2080,395,-32,-16,2041,470,2050,183
5693,2081,422,16,0,2030,536,2060,217
5695,2080,169,64,0,2031,296,2060,260
5695,2080,177,96,80,2040,540,2050,227
5695,2080,183,32,0,2030,412,2050,234
5695,2080,185,0,0,2041,452,2050,237
5695,2081,369,48,0,2040,532,2060,260
5695,2081,376,96,96,2040,540,2050,227
5695,2081,381,32,0,2030,412,2050,234
5695,2081,383,0,0,2041,452,2050,237
5696,2080,325,0,0,2031,153,2060,116
5696,2080,334,16,0,2041,395,2060,120
5696,2080,346,0,-16,2040,260,2050,216
5696,2081,451,-16,0,2031,153,2061,88
5696,2081,470,0,0,2040,260,2050,216
5697,2080,330,0,0,2030,167,2050,385
5697,2080,353,48,0,2040,318,2060,273
5697,2081,139,16,0,2031,206,2050,385
5697,2081,158,32,0,2031,234,2060,273
5698,2080,277,0,-16,2031,441,2050,240
5698,2080,278,-32,0,2030,522,2050,242
5698,2080,280,0,0,2041,584,2050,244
5698,2081,127,16,-48,2031,405,2050,212
5698,2081,152,0,-16,2031,441,2050,240
5698,2081,153,-32,16,2030,522,2050,242
5698,2081,155,0,0,2041,584,2050,244
5700,2070,336,16,64,2031,138,2061,73
5700,2071,405,16,32,2031,138,2061,73
5700,2080,381,-32,0,2030,194,2050,349
5700,2081,171,-32,0,2030,194,2050,349
5701,2080,228,0,0,2041,459,2050,278
5701,2080,249,64,0,2030,444,2060,337
5701,2081,155,0,0,2041,459,2050,278
5701,2081,174,64,0,2030,444,2060,337
5703,2080,399,0,0,2031,208,2050,146
5703,2081,454,-16,0,2031,208,2051,428
5704,2080,336,-160,144,2041,385,2050,227
5704,2080,340,64,-16,2030,193,2060,112
5704,2081,438,-160,144,2041,385,2050,227
5704,2081,442,64,-32,2030,193,2060,112
5705,2070,285,0,128,2030,111,2060,206
5705,2071,382,0,96,2030,111,2060,206
5705,2080,308,16,0,2031,225,2050,162
5705,2080,321,0,-16,2030,111,2060,206
5705,2081,364,16,-16,2031,225,2050,162
5705,2081,375,0,16,2030,111,2060,206
5707,2070,343,-16,16,2031,109,2060,67
5707,2071,402,-16,32,2031,109,2060,67
5707,2080,236,64,-16,2031,96,2060,56
5707,2080,248,32,-48,2030,465,2060,67
5707,2081,425,64,-16,2031,96,2060,56
5707,2081,437,32,-64,2030,465,2060,67
5708,2070,469,0,80,2030,496,2051,357
5708,2071,508,0,96,2030,496,2051,357
5708,2080,394,160,128,2030,486,2060,264
5708,2080,406,0,0,2031,318,2050,235
5708,2081,113,160,112,2030,486,2060,264
5708,2081,124,0,0,2031,318,2050,235
5709,2080,456,16,-16,2031,314,2050,516
5709,2080,463,16,0,2031,320,2050,522
5709,2080,465,0,16,2031,322,2050,526
5709,2081,138,-16,0,2031,297,2050,490
5709,2081,150,16,0,2031,314,2050,516
5709,2081,156,16,0,2031,320,2050,522
5709,2081,158,0,0,2031,322,2050,526
5710,2070,502,16,128,2030,363,2050,76
5710,2071,298,16,112,2030,363,2050,76
5711,2080,318,16,-16,2030,499,2060,198
5711,2081,137,-48,0,2030,499,2050,264
5713,2070,592,16,32,2040,254,2060,429
5713,2071,601,16,32,2040,254,2060,429
5713,2080,384,0,0,2040,250,2050,294
5713,2081,198,16,0,2041,559,2050,294
5714,2080,460,0,16,2030,94,2051,417
5714,2080,479,-16,-16,2040,299,2050,401
5714,2081,344,0,-16,2031,189,2060,235
5715,2080,553,0,0,2041,204,2050,525
5715,2081,125,32,0,2030,247,2051,162
5716,2080,460,0,0,2031,193,2050,429
5716,2081,138,0,-16,2031,193,2050,429
5717,2080,393,0,0,2030,72,2050,445
5717,2080,402,32,0,2030,83,2050,462
5717,2081,362,0,0,2030,72,2050,445
5717,2081,371,32,0,2030,83,2050,462
5718,2080,194,-16,32,2030,457,2060,428
5718,2080,205,0,0,2030,469,2050,175
5718,2081,80,-16,32,2030,457,2060,428
5718,2081,90,32,-16,2031,393,2050,175
5719,2070,537,96,160,2041,497,2060,204
5719,2071,541,96,160,2041,497,2060,204
5719,2080,428,16,144,2041,491,2061,278
5719,2080,433,96,64,2041,497,2060,204
5719,2081,307,16,128,2041,491,2061,278
5719,2081,312,96,48,2041,497,2060,204
5720,2080,194,0,-16,2030,260,2050,158
5720,2080,212,32,-32,2031,327,2050,172
5720,2081,484,0,-16,2030,260,2050,158
5720,2081,503,32,-16,2031,327,2050,172
5721,2080,400,16,0,2030,474,2050,373
5721,2081,339,16,-16,2030,474,2050,373
5722,2070,349,0,128,2031,145,2050,471
5722,2071,511,0,96,2031,145,2050,471
5722,2080,397,0,-32,2030,88,2051,360
5722,2080,403,64,-16,2041,294,2060,166
5722,2080,411,0,16,2031,145,2050,471
5722,2080,413,0,-32,2031,147,2050,472
5722,2081,246,0,-16,2030,88,2051,360
5722,2081,252,64,-16,2041,294,2060,166
5722,2081,259,0,0,2031,145,2050,471
5722,2081,261,0,-16,2031,147,2050,472
5723,2070,494,16,32,2030,405,2061,100
5723,2071,505,16,48,2030,405,2061,100
5723,2080,182,16,0,2030,379,2060,300
5723,2080,192,80,0,2031,350,2060,311
5723,2080,198,32,0,2031,357,2050,164
5723,2080,203,48,0,2040,281,2061,100
5723,2081,11,16,-16,2030,379,2060,300
5723,2081,20,80,-16,2031,350,2060,311
5723,2081,25,0,-16,2040,273,2050,164
5723,2081,29,-16,-16,2040,281,2050,168
5724,2080,417,64,0,2030,80,2060,161
5724,2080,439,-16,0,2040,289,2050,410
5724,2081,48,80,0,2041,301,2060,161
5724,2081,70,-16,0,2040,289,2050,410
5724,2081,77,144,272,2041,345,2061,217
5725,2070,367,-16,16,2040,257,2060,88
5725,2071,301,-16,16,2040,257,2060,88
5725,2080,168,16,-16,2040,267,2050,216
5725,2080,183,-64,16,2031,146,2050,233
5725,2081,67,16,-16,2040,267,2050,216
5725,2081,82,-64,16,2031,146,2050,233
5726,2080,186,0,0,2030,297,2050,148
5726,2081,55,-96,-80,2040,238,2050,145
5726,2081,61,0,-16,2030,297,2050,148
5727,2080,194,64,-16,2030,345,2060,270
5727,2081,174,64,-16,2030,345,2060,270
5728,2080,427,0,16,2031,204,2050,393
5728,2081,137,0,0,2031,204,2050,393
5730,2080,203,-16,0,2031,329,2050,254
5730,2080,219,32,0,2030,150,2060,312
5730,2080,220,-48,0,2031,357,2051,186
5730,2080,227,48,0,2030,162,2060,318
5730,2080,230,32,0,2031,371,2060,321
5730,2081,546,-16,0,2031,329,2050,254
5730,2081,562,0,16,2040,439,2050,276
5730,2081,563,-48,16,2031,357,2051,186
5730,2081,570,0,0,2031,367,2050,281
5730,2081,573,48,-16,2040,456,2060,321
5731,2080,468,32,0,2031,165,2060,207
5731,2081,86,32,0,2031,165,2060,207
5732,2070,401,64,128,2040,235,2050,270
5732,2080,306,64,32,2040,235,2050,270
5732,2081,194,64,0,2040,235,2050,270
5733,2080,476,16,0,2030,137,2050,437
5733,2080,487,16,0,2031,226,2051,402
5733,2081,95,0,16,2040,298,2050,437
5733,2081,104,16,0,2031,226,2051,402
5733,2081,116,32,0,2040,320,2060,287
5734,2070,234,-96,208,2040,108,2060,297
5734,2071,312,-96,192,2040,108,2060,297
5734,2080,356,-96,112,2040,108,2060,297
5734,2080,360,32,0,2040,114,2061,335
5734,2081,67,-96,80,2040,108,2060,297
5734,2081,71,0,0,2031,265,2050,415
5735,2070,542,0,80,2030,450,2050,291
5735,2070,549,16,64,2040,167,2051,229
5735,2071,410,0,64,2030,450,2050,291
5735,2071,416,16,64,2040,167,2051,229
5735,2080,233,0,-16,2030,450,2050,291
5735,2080,267,16,-16,2040,167,2051,229
5735,2081,418,0,-16,2030,450,2050,291
5735,2081,447,16,-32,2040,167,2051,229
5737,2071,316,48,160,2040,327,2050,50
5737,2080,122,48,32,2040,327,2050,50
5737,2081,391,48,16,2040,327,2050,50
5738,2080,388,0,0,2040,188,2051,221
5738,2080,390,32,0,2041,264,2060,487
5738,2081,323,-16,0,2040,188,2050,362
5738,2081,325,32,-32,2041,264,2060,487
5740,2070,467,0,64,2041,304,2051,150
5740,2070,468,16,96,2040,440,2060,389
5740,2071,588,0,48,2041,304,2051,150
5740,2071,589,16,64,2040,440,2060,389
5740,2080,228,0,-16,2031,349,2050,79
5740,2080,229,-16,-16,2040,440,2051,152
5740,2081,564,0,-16,2031,349,2050,79
5740,2081,565,-16,0,2040,440,2051,152
5741,2080,324,48,-48,2040,258,2060,138
5741,2080,327,48,-16,2030,460,2060,141
5741,2080,328,48,-48,2030,462,2060,143
5741,2080,338,48,0,2030,481,2060,162
5741,2081,72,48,-64,2040,258,2060,138
5741,2081,75,48,-16,2030,460,2060,141
5741,2081,76,48,-48,2030,462,2060,143
5741,2081,87,48,-32,2030,481,2060,162
5742,2080,252,-112,112,2040,329,2060,178
5742,2080,258,48,-16,2030,369,2060,190
5742,2081,44,-112,64,2040,329,2060,178
5742,2081,50,48,-16,2030,369,2060,190
5743,2070,88,0,64,2040,132,2050,159
5743,2080,184,0,0,2040,128,2051,49
5743,2080,188,0,-16,2040,132,2050,159
5743,2081,77,0,-16,2040,132,2050,159
5744,2080,267,0,16,2031,347,2051,113
5745,2080,477,48,0,2040,220,2061,253
5745,2081,383,0,0,2030,108,2050,438
5746,2080,406,64,0,2030,112,2060,239
5746,2080,427,16,32,2041,167,2050,483
5746,2081,74,64,-16,2030,112,2060,239
5746,2081,96,16,32,2041,167,2050,483
5748,2080,371,16,0,2040,200,2050,294
5749,2081,305,32,-16,2031,2,2060,37
5750,2070,387,48,96,2040,209,2060,99
5750,2071,397,48,80,2040,209,2060,99
5750,2080,289,48,16,2040,209,2060,99
5750,2080,290,16,-32,2030,412,2050,250
5750,2080,298,48,-16,2041,346,2060,108
5750,2080,304,48,0,2040,229,2060,115
5750,2080,312,48,0,2030,430,2060,129
5750,2081,178,48,0,2040,209,2060,99
5750,2081,187,48,-16,2041,346,2060,108
5750,2081,194,64,0,2031,158,2060,115
5750,2081,204,48,0,2030,430,2060,129
5751,2070,483,-32,-112,2040,208,2050,250
5751,2071,171,-32,-112,2040,208,2050,250
5751,2080,304,0,0,2041,411,2050,215
5751,2080,314,-96,80,2030,561,2061,496
5751,2080,321,-16,0,2041,428,2051,272
5751,2081,533,-96,96,2030,561,2061,496
5751,2081,551,-32,-112,2040,208,2050,250
5752,2080,309,-16,-16,2030,466,2050,274
5752,2080,312,0,0,2030,468,2050,279
5752,2080,322,0,0,2041,417,2050,288
5752,2081,362,-16,0,2030,466,2050,274
5752,2081,364,0,0,2030,468,2050,279
5752,2081,374,0,0,2041,417,2050,288
5753,2080,221,-16,0,2030,382,2051,183
5753,2080,243,16,-48,2040,141,2060,490
5753,2080,248,-48,0,2040,147,2050,179
5753,2081,345,-16,0,2030,382,2051,183
5753,2081,369,16,-48,2040,141,2060,490
5753,2081,375,-48,0,2040,147,2050,179
5756,2080,195,0,-16,2030,223,2050,122
5757,2080,418,0,16,2040,277,2051,348
5757,2080,437,0,-16,2031,215,2050,399
5757,2080,443,-64,144,2031,220,2061,488
5757,2081,71,0,64,2040,277,2051,348
5757,2081,88,0,0,2031,215,2050,399
5757,2081,94,-64,144,2031,220,2061,488
5758,2080,337,48,-16,2041,232,2060,159
5758,2081,385,48,-32,2041,232,2060,159
5759,2080,369,32,0,2040,175,2060,135
5760,2080,251,16,-16,2031,226,2050,299
5760,2081,384,-16,0,2040,106,2050,296
5761,2080,548,0,0,2031,209,2060,159
5761,2080,575,96,0,2031,247,2060,194
5761,2080,583,0,-16,2041,355,2051,154
5761,2081,460,0,-16,2031,209,2060,159
5761,2081,487,96,0,2031,247,2060,194
5761,2081,493,0,-32,2041,355,2051,154
5762,2080,342,-32,0,2040,95,2050,312
5762,2080,354,64,-16,2030,73,2060,283
5762,2081,205,-32,0,2040,95,2050,312
5762,2081,216,64,-16,2030,73,2060,283
5763,2080,290,-48,16,2030,221,2050,60
5763,2080,292,80,0,2030,223,2060,91
5763,2080,301,64,0,2040,198,2060,99
5763,2080,306,-16,0,2030,235,2050,72
5763,2081,318,-48,16,2030,221,2050,60
5763,2081,320,80,16,2030,223,2060,91
5763,2081,329,80,0,2031,137,2060,99
5763,2081,334,-16,-16,2030,235,2050,72
5764,2070,421,0,80,2031,152,2050,270
5764,2071,500,0,96,2031,152,2050,270
5765,2080,288,48,16,2031,415,2061,352
5765,2080,297,64,0,2031,421,2060,394
5765,2081,128,64,0,2041,452,2061,352
5765,2081,136,64,-16,2031,421,2060,394
5766,2080,339,-32,0,2031,145,2050,256
5766,2080,348,32,32,2031,161,2050,264
5766,2080,357,48,0,2040,492,2060,129
5766,2081,222,-16,0,2031,145,2051,290
5766,2081,229,32,16,2031,161,2050,264
5766,2081,238,48,0,2040,492,2060,129
5767,2070,422,0,96,2041,438,2050,276
5767,2071,97,0,64,2041,438,2050,276
5767,2080,351,0,0,2040,238,2051,309
5767,2081,210,0,0,2040,238,2051,309
5768,2070,365,32,80,2040,264,2061,51
5768,2071,402,32,80,2040,264,2061,51
5768,2080,168,16,-32,2040,289,2050,213
5768,2081,250,16,-48,2040,289,2050,213
5769,2070,170,48,64,2040,87,2060,312
5769,2071,379,48,64,2040,87,2060,312
5770,2080,303,-16,0,2041,433,2050,231
5770,2080,309,0,-32,2031,195,2050,240
5770,2081,122,16,-16,2040,354,2050,231
5770,2081,128,0,-32,2031,195,2050,240
5772,2070,271,-16,128,2041,242,2060,153
5772,2071,417,-16,96,2041,242,2060,153
5773,2080,389,0,0,2030,170,2050,432
5773,2081,365,0,0,2030,170,2050,432
5774,2080,321,-16,0,2041,380,2050,248
5774,2081,39,0,-112,2030,333,2050,231
5774,2081,51,-16,0,2041,380,2050,248
5775,2081,91,-16,0,2040,188,2050,116
5776,2080,421,-16,-16,2031,164,2050,387
5776,2081,92,-16,0,2031,164,2050,387
5777,2070,595,16,48,2040,358,2061,144
5777,2071,621,16,48,2040,358,2061,144
5777,2080,480,-48,16,2031,282,2050,423
5777,2080,484,64,-16,2030,235,2060,333
5777,2081,193,-48,16,2031,282,2050,423
5777,2081,197,112,0,2031,285,2060,333
5778,2070,309,0,48,2031,207,2051,427
5778,2071,551,0,48,2031,207,2051,427
5778,2080,479,16,0,2040,293,2050,394
5778,2081,515,16,-32,2040,293,2050,394
5779,2080,201,32,0,2031,274,2061,316
5779,2080,224,-16,-16,2041,474,2060,255
5779,2081,340,0,0,2030,379,2051,158
5780,2080,407,-32,-16,2041,313,2060,189
5780,2080,412,0,-16,2040,233,2050,468
5780,2081,387,0,0,2040,233,2050,468
5782,2080,100,-16,-16,2040,419,2050,144
5782,2080,111,0,0,2031,242,2050,155
5782,2080,114,32,-16,2031,246,2050,158
5782,2081,354,0,0,2031,242,2050,155
5782,2081,356,32,-16,2031,246,2050,158
5783,2071,510,128,96,2040,398,2051,144
5783,2080,297,128,-16,2040,398,2051,144
5783,2081,118,128,-16,2040,398,2051,144
5784,2070,482,48,64,2041,434,2060,253
5784,2071,560,48,64,2041,434,2060,253
5784,2080,167,64,-16,2040,391,2060,253
5784,2080,169,160,0,2041,441,2050,219
5784,2081,513,64,-16,2040,391,2060,253
5784,2081,515,160,0,2041,441,2050,219
5786,2080,453,-16,-16,2030,309,2050,189
5786,2080,466,16,0,2031,155,2060,111
5786,2081,526,-16,-48,2030,309,2050,189
5786,2081,538,0,0,2041,402,2060,111
5787,2080,414,-32,16,2040,137,2050,476
5787,2080,424,32,-32,2030,528,2060,229
5787,2080,427,-48,16,2040,149,2050,486
5787,2081,353,-32,16,2040,137,2050,476
5787,2081,364,32,-16,2030,528,2060,229
5787,2081,367,-48,16,2040,149,2050,486
5789,2070,382,0,48,2030,318,2050,57
5789,2080,289,0,0,2030,318,2050,57
5789,2080,302,0,16,2030,348,2050,73
5789,2080,309,-32,0,2040,131,2050,79
5789,2081,461,0,-32,2030,318,2050,57
5789,2081,475,0,16,2030,348,2050,73
5789,2081,482,-16,0,2040,131,2051,264
5790,2080,315,0,-16,2031,148,2050,66
5790,2081,425,0,-32,2031,148,2050,66
5793,2070,230,48,80,2040,109,2060,323
5793,2071,84,48,64,2040,109,2060,323
5793,2080,419,64,-16,2030,252,2060,323
5793,2081,54,64,-16,2030,252,2060,323
5794,2080,467,16,-32,2040,239,2060,138
5794,2080,483,0,0,2040,271,2051,305
5794,2081,167,16,-48,2040,239,2060,138
5794,2081,183,0,0,2030,218,2050,456
5795,2080,162,-128,96,2031,382,2061,49
5795,2081,23,-128,96,2031,382,2061,49
5796,2080,233,64,-16,2030,300,2060,455
5796,2080,236,16,-16,2031,413,2050,173
5796,2081,266,64,-16,2030,300,2060,455
5796,2081,268,16,0,2031,413,2050,173
5797,2080,309,0,16,2040,387,2050,101
5797,2080,311,-64,16,2040,388,2050,104
5797,2080,314,48,32,2031,195,2060,142
5797,2081,70,32,-32,2040,388,2060,139
5797,2081,72,48,32,2031,195,2060,142
5798,2080,470,0,0,2030,324,2051,511
5798,2081,278,0,0,2030,324,2051,511
5799,2070,299,-96,80,2031,199,2060,235
5799,2071,515,-96,80,2031,199,2060,235
5800,2080,426,0,0,2040,141,2050,185
5800,2081,341,0,0,2040,141,2050,185
5801,2080,385,-16,-32,2030,142,2050,297
5802,2080,297,-16,0,2031,181,2051,249
5802,2080,298,16,0,2031,186,2050,111
5803,2080,405,-16,0,2040,265,2050,459
5803,2080,413,0,32,2031,546,2050,470
5803,2081,206,0,32,2031,546,2050,470
5803,2081,219,-32,0,2030,609,2050,479
5804,2070,467,48,80,2030,72,2060,168
5804,2071,475,48,80,2030,72,2060,168
5804,2080,368,64,0,2040,279,2060,156
5804,2080,370,48,0,2030,67,2060,159
5804,2081,392,64,0,2040,279,2060,156
5804,2081,394,32,0,2031,119,2060,159
5805,2070,601,32,64,2040,382,2060,178
5805,2071,608,32,48,2040,382,2060,178
5805,2080,465,-64,0,2030,503,2050,257
5805,2080,483,-48,16,2040,382,2050,275
5805,2080,484,0,-16,2040,383,2050,276
5805,2081,340,-48,0,2040,382,2050,275
5805,2081,341,0,-16,2040,383,2050,276
5805,2081,349,0,0,2030,532,2051,432
5807,2080,390,48,-16,2030,120,2060,209
5807,2081,95,48,-16,2030,120,2060,209
5808,2080,377,16,0,2031,324,2060,275
5808,2080,391,16,-32,2040,160,2050,255
5808,2081,185,0,0,2030,530,2050,236
5808,2081,197,16,-32,2040,160,2050,255
5809,2070,353,0,80,2031,86,2050,400
5809,2071,53,0,80,2031,86,2050,400
5809,2080,432,16,-16,2040,281,2050,393
5809,2080,440,16,-16,2030,188,2050,400
5809,2081,150,16,-32,2040,281,2050,393
5809,2081,158,16,-48,2030,188,2050,400
5810,2070,516,112,160,2040,191,2060,342
5810,2071,525,112,128,2040,191,2060,342
5810,2080,293,32,48,2030,440,2050,217
5810,2080,306,112,32,2040,191,2060,342
5810,2081,128,32,48,2030,440,2050,217
5810,2081,141,112,32,2040,191,2060,342
5811,2070,303,48,80,2041,166,2060,243
5811,2071,434,48,80,2041,166,2060,243
5811,2080,417,-80,64,2040,296,2061,460
5811,2081,354,-80,48,2040,296,2061,460
5812,2080,200,0,0,2030,254,2050,80
5812,2081,225,0,16,2030,254,2050,80
5813,2070,544,-96,224,2031,195,2050,107
5813,2071,554,-96,224,2031,195,2050,107
5813,2080,347,32,0,2031,215,2050,128
5813,2081,88,16,0,2030,454,2050,128
5814,2070,405,16,80,2040,390,2060,234
5814,2071,211,16,64,2040,390,2060,234
5814,2080,174,16,-32,2040,390,2060,234
5814,2081,299,16,-32,2040,390,2060,234
5816,2080,248,48,0,2030,496,2060,343
5816,2081,453,48,0,2030,496,2060,343
5816,2081,472,-80,0,2030,513,2050,320
5817,2080,152,32,0,2031,307,2060,261
5817,2080,171,64,0,2040,491,2060,278
5817,2080,184,-16,0,2030,394,2050,243
5817,2080,193,32,0,2030,408,2060,300
5817,2081,557,-16,-32,2031,307,2050,215
5817,2081,575,80,0,2030,385,2060,278
5817,2081,588,-16,0,2030,394,2050,243
5817,2081,597,0,0,2040,514,2050,253
5818,2080,360,-64,0,2040,279,2061,234
5818,2081,112,-64,0,2040,279,2061,234
5820,2080,429,48,0,2030,175,2050,487
5820,2080,431,0,0,2031,353,2050,490
5820,2080,439,-16,0,2041,280,2051,118
5820,2081,139,48,-16,2030,175,2050,487
5820,2081,141,0,-16,2031,353,2050,490
5821,2070,314,-128,240,2041,267,2061,49
5821,2071,455,-128,240,2041,267,2061,49
5821,2080,216,-160,-16,2041,267,2050,177
5821,2081,326,-160,-16,2041,267,2050,177
5822,2080,114,64,-16,2041,326,2060,196
5822,2080,128,-16,0,2040,300,2050,177
5822,2081,412,-16,0,2040,300,2050,177
5823,2080,262,80,0,2030,435,2060,286
5823,2081,408,80,0,2030,435,2060,286
5824,2080,272,96,-32,2040,198,2060,449
5824,2080,274,0,0,2030,362,2050,241
5824,2081,325,96,0,2040,198,2060,449
5824,2081,327,0,-16,2030,362,2050,241
5825,2070,235,0,64,2041,131,2060,317
5825,2071,257,0,64,2041,131,2060,317
5825,2080,358,0,-16,2030,170,2051,144
5825,2080,360,-160,16,2030,172,2050,332
5825,2080,374,-32,-16,2040,222,2050,344
5825,2081,86,0,-48,2030,170,2051,144
5825,2081,88,-160,-16,2030,172,2050,332
5825,2081,100,-32,-16,2040,222,2050,344
5826,2080,452,-16,0,2031,259,2050,425
5826,2080,459,16,0,2040,345,2060,307
5826,2081,102,-16,0,2031,259,2050,425
5826,2081,108,16,0,2040,345,2060,307
5827,2070,452,0,64,2030,343,2051,116
5827,2071,460,0,48,2030,343,2051,116
5827,2080,224,-32,64,2030,313,2060,147
5827,2080,227,0,-96,2040,351,2050,282
5827,2080,234,32,0,2030,318,2051,99
5827,2080,235,48,0,2030,319,2060,157
5827,2080,246,48,0,2031,201,2050,293
5827,2080,260,16,0,2040,385,2051,116
5827,2081,56,-32,96,2030,313,2060,147
5827,2081,59,0,-80,2040,351,2050,282
5827,2081,65,-16,-32,2030,318,2050,285
5827,2081,66,48,0,2030,319,2060,157
5827,2081,90,16,-32,2040,385,2051,116
5829,2070,469,48,80,2040,257,2060,222
5829,2071,475,48,48,2040,257,2060,222
5829,2080,379,48,-48,2040,257,2060,222
5829,2081,127,48,-48,2040,257,2060,222
5833,2080,159,112,64,2030,86,2060,232
5833,2081,110,112,32,2030,86,2060,232
5834,2070,270,32,80,2030,72,2060,503
5834,2070,278,0,64,2031,576,2060,527
5834,2071,478,32,96,2030,72,2060,503
5834,2071,486,0,80,2031,576,2060,527
5834,2080,414,-160,144,2030,70,2060,497
5834,2080,445,16,-32,2041,182,2060,527
5834,2081,232,-160,112,2030,70,2060,497
5834,2081,263,16,-32,2041,182,2060,527
5836,2080,255,16,0,2030,484,2050,219
5836,2080,281,-16,0,2040,354,2050,245
5836,2081,114,-16,0,2041,527,2050,219
5836,2081,139,-16,0,2040,354,2050,245
5837,2081,90,64,128,2030,29,2060,243
5838,2070,307,16,80,2030,85,2060,168
5838,2080,429,0,0,2041,252,2050,392
5838,2080,441,-32,16,2031,147,2050,405
5838,2080,443,32,0,2031,150,2060,185
5838,2081,482,0,-16,2041,252,2050,392
5838,2081,493,-32,16,2031,147,2050,405
5839,2080,501,80,0,2040,197,2060,416
5839,2080,514,112,80,2041,276,2060,429
5839,2080,519,0,32,2040,229,2050,485
5839,2081,328,80,0,2040,197,2060,416
5839,2081,343,112,32,2041,276,2060,429
5839,2081,348,0,48,2040,229,2050,485
5841,2080,387,-16,0,2040,310,2050,338
5841,2081,249,-16,0,2040,310,2050,338
5842,2080,484,16,0,2031,207,2060,261
5842,2080,487,48,-16,2040,304,2060,264
5842,2080,501,0,0,2040,321,2050,464
5842,2080,508,0,0,2031,242,2050,467
5842,2081,165,32,0,2030,62,2060,261
5842,2081,169,48,0,2040,304,2060,264
5842,2081,181,0,0,2040,321,2050,464
5842,2081,187,0,-48,2031,242,2050,467
5843,2080,564,0,16,2030,162,2050,524
5843,2081,454,0,0,2030,162,2050,524
5844,2080,393,112,96,2030,492,2050,448
5844,2080,418,80,16,2040,301,2060,255
5844,2080,420,48,0,2030,515,2060,259
5844,2081,54,112,128,2030,492,2050,448
5844,2081,82,80,0,2040,301,2060,255
5845,2080,159,16,-32,2040,345,2060,212
5845,2080,160,64,-16,2040,350,2060,216
5845,2081,455,-80,32,2040,345,2050,80
5845,2081,456,64,-16,2040,350,2060,216
5847,2080,346,16,0,2030,12,2050,307
5847,2080,363,0,0,2031,101,2050,322
5847,2080,369,32,-16,2030,36,2050,333
5847,2081,195,16,0,2030,12,2050,307
5847,2081,208,0,-16,2031,101,2050,322
5847,2081,213,32,-32,2030,36,2050,333
5848,2081,332,-160,144,2031,177,2060,128
5851,2070,509,16,32,2040,314,2060,365
5851,2071,559,16,48,2040,314,2060,365
5851,2080,272,16,0,2041,473,2050,233
5851,2081,176,16,0,2041,473,2050,233
5852,2080,297,-96,112,2040,383,2060,195
5852,2080,299,80,-16,2030,491,2060,198
5852,2081,465,-96,112,2040,383,2060,195
5852,2081,467,80,-16,2030,491,2060,198
5853,2080,347,16,0,2031,233,2050,173
5853,2080,363,0,0,2031,266,2050,192
5853,2081,283,16,-16,2031,233,2050,173
5853,2081,292,-32,0,2041,488,2050,184
5853,2081,299,0,0,2031,266,2050,192
5855,2080,343,64,-16,2040,403,2060,497
5855,2081,138,64,-32,2040,403,2060,497
5857,2080,222,32,0,2041,393,2060,311
5857,2080,226,64,-48,2031,361,2060,315
5857,2080,230,16,0,2031,366,2050,194
5857,2080,233,-16,-16,2040,285,2050,197
5857,2081,63,-16,-16,2041,393,2050,184
5857,2081,67,64,-16,2031,361,2060,315
5857,2081,71,16,0,2031,366,2050,194
5857,2081,74,-16,-48,2040,285,2050,197
5858,2070,437,-32,112,2040,127,2050,174
5858,2071,510,-32,96,2040,127,2050,174
5858,2080,266,-32,0,2040,156,2050,195
5858,2081,465,0,-16,2040,156,2051,227
5859,2080,303,80,-16,2040,366,2061,188
5859,2081,569,80,-16,2040,366,2061,188
5860,2080,470,0,0,2031,224,2051,414
5860,2081,127,16,-16,2041,188,2051,414
5861,2080,360,0,0,2031,82,2050,323
5861,2080,364,-64,64,2040,162,2061,189
5861,2081,212,0,-16,2031,82,2050,323
5861,2081,218,-64,0,2040,162,2061,189
5862,2070,497,16,64,2040,124,2060,361
5862,2071,587,16,32,2040,124,2060,361
5862,2080,300,0,0,2030,563,2050,260
5862,2081,522,16,0,2041,447,2050,260
5863,2080,96,80,16,2040,373,2060,179
5863,2080,98,96,32,2031,214,2050,152
5863,2080,125,16,16,2041,364,2050,172
5863,2081,454,80,16,2040,373,2060,179
5863,2081,456,16,-32,2040,374,2050,152
5863,2081,482,16,16,2041,364,2050,172
5864,2080,266,144,112,2041,451,2050,321
5864,2081,419,144,112,2041,451,2050,321
5865,2081,325,-16,-16,2040,225,2050,149
5866,2070,244,144,96,2040,106,2051,153
5866,2071,468,144,96,2040,106,2051,153
5866,2080,312,144,16,2040,106,2051,153
5866,2081,479,144,0,2040,106,2051,153
5866,2081,494,-16,0,2030,368,2050,290
5868,2070,459,64,160,2040,349,2051,274
5868,2071,465,64,160,2040,349,2051,274
5868,2080,319,64,48,2040,349,2051,274
5868,2080,320,32,0,2031,208,2050,136
5868,2080,332,0,-16,2030,117,2050,157
5868,2081,245,64,32,2040,349,2051,274
5868,2081,246,32,0,2031,208,2050,136
5868,2081,258,0,0,2030,117,2050,157
5869,2080,489,16,-32,2030,162,2050,447
5869,2080,495,0,0,2031,200,2050,455
5869,2081,131,0,0,2031,200,2050,455
5870,2070,325,96,64,2030,452,2060,342
5870,2071,482,96,64,2030,452,2060,342
5870,2080,257,32,0,2041,292,2060,357
5870,2081,85,32,0,2041,292,2060,357
5871,2070,343,16,96,2040,211,2060,169
5871,2071,486,16,96,2040,211,2060,169
5871,2080,431,16,-16,2040,211,2060,169
5871,2081,55,16,-16,2040,211,2060,169
5874,2070,462,32,64,2040,133,2061,476
5874,2080,237,0,0,2031,302,2050,170
5874,2080,240,48,16,2031,305,2060,268
5874,2081,340,0,0,2031,302,2050,170
5874,2081,342,-16,0,2031,303,2050,172
5874,2081,343,64,-16,2030,376,2060,268
5875,2070,285,16,48,2031,227,2050,101
5875,2071,337,16,48,2031,227,2050,101
5875,2080,357,0,-16,2030,161,2050,85
5875,2080,359,-16,-32,2040,120,2050,87
5875,2080,381,16,-16,2031,227,2050,101
5875,2081,411,0,-16,2030,161,2050,85
5875,2081,433,16,-32,2031,227,2050,101
5876,2080,223,0,0,2040,105,2060,261
5876,2081,65,0,16,2040,105,2060,261
5877,2080,484,64,0,2030,173,2060,294
5877,2080,495,-32,16,2040,344,2050,463
5877,2081,146,64,-16,2030,173,2060,294
5877,2081,155,16,0,2031,269,2050,463
5878,2080,264,16,32,2031,335,2050,168
5878,2080,274,32,-16,2030,388,2050,186
5878,2081,481,16,16,2031,335,2050,168
5878,2081,491,32,-16,2030,388,2050,186
5879,2080,369,16,0,2040,488,2060,266
5879,2081,188,16,-32,2040,488,2060,266
5880,2080,310,-16,0,2040,193,2050,227
5880,2081,154,-16,0,2040,193,2050,227
5881,2080,436,48,0,2040,143,2060,351
5881,2081,107,64,0,2030,485,2060,351
5882,2080,280,64,0,2031,384,2060,353
5882,2080,299,-32,0,2040,128,2050,345
5882,2081,452,0,0,2040,100,2051,176
5882,2081,456,64,0,2031,384,2060,353
5882,2081,472,-32,-16,2040,128,2050,345
5883,2080,585,32,0,2030,155,2050,438
5883,2081,619,32,-16,2030,155,2050,438
5884,2080,466,-48,0,2031,247,2050,427
5884,2080,486,-16,0,2031,266,2050,444
5884,2081,136,-64,-16,2031,247,2051,397
5884,2081,155,32,-16,2040,346,2050,444
5885,2080,226,0,16,2040,102,2051,182
5885,2080,247,96,-32,2040,134,2050,168
5885,2080,254,-32,0,2040,136,2050,172
5885,2080,255,0,0,2030,423,2051,206
5885,2081,363,0,0,2040,102,2051,182
5885,2081,383,96,-16,2040,134,2050,168
5885,2081,389,0,0,2041,482,2050,173
5886,2070,309,-112,48,2031,126,2060,174
5886,2071,556,-112,32,2031,126,2060,174
5886,2080,437,32,0,2030,74,2050,499
5886,2080,449,-32,0,2040,215,2051,336
5886,2081,362,32,-16,2030,74,2050,499
5886,2081,373,-32,0,2040,215,2051,336
5888,2080,214,-64,16,2040,107,2050,133
5888,2080,226,-32,16,2041,390,2050,154
5888,2081,327,-64,-16,2040,107,2050,133
5888,2081,339,-32,0,2041,390,2050,154
5889,2081,116,64,0,2041,440,2060,214
5890,2080,163,64,16,2030,386,2060,246
5890,2081,316,64,-16,2030,386,2060,246
5891,2070,394,16,80,2040,345,2050,92
5891,2071,79,16,80,2040,345,2050,92
5891,2080,439,16,0,2040,345,2050,92
5891,2080,449,-32,0,2040,357,2050,101
5891,2080,454,0,-16,2030,269,2051,490
5891,2080,470,0,0,2031,213,2050,124
5891,2080,472,0,0,2031,216,2060,168
5891,2081,41,16,-16,2040,345,2050,92
5891,2081,51,-32,0,2040,357,2050,101
5891,2081,72,16,0,2040,385,2050,124
5892,2080,284,0,0,2031,414,2050,218
5892,2080,285,64,0,2030,528,2050,219
5892,2081,487,0,0,2031,414,2050,218
5892,2081,488,64,-32,2030,528,2050,219
5893,2080,460,48,0,2031,363,2060,412
5893,2081,293,32,16,2040,160,2060,412
5894,2080,270,64,0,2041,461,2060,324
5894,2081,561,80,0,2040,192,2060,324
5895,2070,460,0,96,2030,192,2050,490
5895,2080,523,0,0,2040,325,2051,367
5895,2080,524,48,-16,2040,328,2060,271
5895,2080,528,0,0,2030,192,2050,490
5895,2081,121,48,-16,2040,328,2060,271
5895,2081,124,0,-32,2030,192,2050,490
5896,2071,481,32,80,2041,431,2060,326
5896,2080,241,48,0,2030,395,2060,326
5896,2080,253,16,48,2030,415,2050,223
5896,2080,259,32,32,2030,419,2050,231
5896,2081,168,-32,0,2030,395,2050,210
5896,2081,180,16,0,2030,415,2050,223
5896,2081,186,32,0,2030,419,2050,231
5897,2080,181,48,16,2030,475,2060,299
5897,2081,53,64,-16,2041,408,2060,299
5898,2070,309,48,80,2040,210,2060,169
5898,2071,468,48,96,2040,210,2060,169
5898,2080,342,0,0,2040,191,2050,388
5898,2080,349,32,-32,2030,322,2060,160
5898,2080,358,48,-16,2040,210,2060,169
5898,2081,109,-48,16,2040,210,2050,404
5899,2080,499,64,0,2041,395,2060,276
5899,2080,502,-16,-16,2040,327,2050,470
5899,2080,510,32,192,2041,413,2060,297
5899,2081,146,64,0,2041,395,2060,276
5899,2081,151,-16,-16,2040,327,2050,470
5901,2080,490,48,-48,2040,328,2060,234
5901,2080,503,32,0,2031,210,2050,476
5901,2081,125,48,-32,2040,328,2060,234
5901,2081,137,32,16,2031,210,2050,476
5902,2070,447,16,96,2041,386,2060,202
5902,2071,454,16,80,2041,386,2060,202
5902,2080,119,-16,0,2041,386,2051,43
5902,2080,142,32,-16,2031,267,2051,59
5902,2081,68,-48,0,2041,386,2050,172
5902,2081,89,16,0,2030,372,2051,59
5903,2080,398,16,0,2030,181,2051,355
5904,2080,280,0,0,2031,223,2050,338
5904,2080,305,80,-16,2031,260,2060,207
5904,2080,306,160,-16,2030,463,2050,361
5904,2080,312,0,0,2040,423,2050,368
5904,2081,55,0,-16,2031,223,2050,338
5904,2081,80,80,-32,2031,260,2060,207
5904,2081,81,160,-16,2030,463,2050,361
5904,2081,88,0,0,2040,423,2050,368
5905,2080,165,-16,-16,2041,494,2051,125
5905,2081,416,-16,0,2041,494,2051,125
5907,2080,223,16,-32,2031,127,2050,6
5907,2080,225,-16,0,2040,280,2050,12
5907,2080,240,0,16,2040,298,2050,26
5907,2081,336,16,-64,2031,127,2050,6
5907,2081,338,-16,-16,2040,280,2050,12
5907,2081,352,0,16,2040,298,2050,26
5908,2070,155,64,80,2031,163,2060,201
5908,2071,237,64,80,2031,163,2060,201
5908,2080,386,96,0,2030,412,2060,201
5908,2081,444,96,-16,2030,412,2060,201
5909,2080,336,-16,0,2041,410,2050,65
5909,2080,337,-48,0,2031,138,2050,66
5909,2081,284,-16,0,2031,138,2051,377
5910,2080,247,0,-32,2040,114,2060,280
5910,2080,266,-48,16,2040,141,2050,189
5910,2080,276,80,0,2030,508,2060,322
5910,2080,277,-32,16,2031,371,2050,200
5910,2081,442,0,-48,2040,114,2060,280
5910,2081,460,16,-16,2040,141,2060,310
5910,2081,470,80,0,2030,508,2060,322
5910,2081,471,-32,16,2031,371,2050,200
5911,2080,367,-32,16,2030,471,2050,415
5911,2080,378,16,0,2040,268,2050,424
5911,2081,106,48,0,2030,471,2060,211
5911,2081,116,16,-16,2040,268,2050,424
5912,2080,327,48,-16,2031,494,2060,531
5912,2081,154,48,-16,2031,494,2060,531
5914,2070,462,0,96,2040,252,2051,118
5914,2071,498,0,80,2040,252,2051,118
5914,2080,182,64,0,2030,304,2060,382
5914,2080,196,80,-16,2041,435,2060,393
5914,2080,198,0,-16,2040,252,2051,118
5914,2081,269,80,0,2031,344,2060,382
5914,2081,285,0,0,2040,252,2051,118
5915,2070,403,32,48,2040,352,2060,321
5915,2080,184,64,0,2031,274,2060,321
5915,2080,191,128,-16,2040,356,2061,427
5915,2080,203,0,0,2030,500,2050,130
5915,2080,207,-144,-48,2030,504,2050,134
5915,2081,449,64,0,2031,274,2060,321
5915,2081,455,128,-32,2040,356,2061,427
5915,2081,466,0,0,2030,500,2050,130
5915,2081,470,-144,-16,2030,504,2050,134
5916,2070,512,32,80,2041,465,2060,219
5916,2071,517,32,80,2041,465,2060,219
5916,2080,401,64,0,2040,307,2060,205
5916,2080,405,64,0,2031,249,2060,219
5916,2080,406,0,0,2030,433,2050,178
5916,2081,282,0,0,2031,243,2050,162
5916,2081,286,-32,16,2031,249,2050,177
5916,2081,287,0,-32,2030,433,2050,178
5917,2070,297,144,176,2040,248,2060,209
5917,2071,61,144,160,2040,248,2060,209
5917,2080,480,144,-16,2040,248,2060,209
5917,2080,484,32,0,2040,255,2060,217
5917,2080,488,64,16,2031,172,2060,223
5917,2081,328,144,32,2040,248,2060,209
5917,2081,332,48,-48,2031,166,2060,217
5917,2081,336,64,16,2031,172,2060,223
5918,2080,434,16,0,2031,168,2050,338
5918,2080,456,-16,-16,2040,310,2051,401
5918,2080,463,-160,144,2031,206,2060,159
5918,2080,467,64,0,2030,508,2060,162
5918,2081,249,16,16,2031,168,2050,338
5918,2081,271,-16,-16,2040,310,2051,401
5918,2081,276,-160,176,2031,206,2060,159
5918,2081,280,64,-32,2030,508,2060,162
5919,2080,215,64,0,2030,348,2060,99
5919,2080,228,48,0,2030,358,2060,109
5919,2080,239,-16,-16,2030,370,2050,86
5919,2081,277,64,-16,2030,348,2060,99
5919,2081,290,48,0,2030,358,2060,109
5919,2081,302,-16,-16,2030,370,2050,86
5920,2080,277,32,0,2030,318,2060,374
5920,2081,185,48,-16,2031,343,2060,374
5921,2080,335,0,16,2040,469,2060,61
5921,2080,353,-16,-16,2031,133,2050,174
5921,2081,400,0,16,2040,469,2060,61
5923,2080,435,16,32,2040,334,2050,496
5923,2081,115,16,0,2040,334,2050,496
5924,2080,421,0,-16,2030,345,2050,380
5924,2080,427,32,16,2031,137,2060,171
5924,2081,93,0,-32,2030,345,2050,380
5924,2081,99,32,-48,2031,137,2060,171
5925,2070,328,32,80,2030,212,2060,78
5925,2071,352,32,64,2030,212,2060,78
5925,2080,185,64,-16,2040,299,2060,78
5925,2080,201,0,0,2040,318,2050,63
5925,2081,275,64,-32,2040,299,2060,78
5925,2081,290,0,0,2040,318,2050,63
5926,2080,216,160,-32,2030,320,2060,468
5926,2081,490,-32,0,2040,255,2060,442
5926,2081,506,160,-48,2030,320,2060,468
5928,2080,180,64,-16,2031,253,2060,209
5928,2080,186,0,16,2030,412,2050,105
5928,2081,370,64,-48,2031,253,2060,209
5930,2080,256,-16,0,2031,379,2051,141
5930,2081,109,16,0,2030,406,2051,141
5931,2080,294,-16,0,2031,375,2051,196
5931,2080,304,80,0,2040,100,2060,348
5931,2081,49,-16,0,2031,375,2051,196
5931,2081,59,64,0,2031,387,2060,348
5932,2080,200,32,0,2031,341,2060,373
5933,2080,385,-16,0,2040,269,2050,357
5933,2080,399,-48,192,2040,295,2060,246
5933,2081,428,-16,0,2040,269,2050,357
5933,2081,442,-48,160,2040,295,2060,246
5934,2080,444,16,-96,2030,140,2050,405
5934,2080,465,32,16,2030,154,2060,325
5934,2081,104,16,-80,2030,140,2050,405
5934,2081,125,32,16,2030,154,2060,325
5935,2080,245,0,-16,2040,297,2051,159
5935,2081,100,0,-32,2040,297,2051,159
5937,2070,434,48,128,2031,113,2060,159
5937,2071,468,48,128,2031,113,2060,159
5937,2080,260,-128,-80,2030,82,2060,158
5937,2080,261,48,16,2031,113,2060,159
5937,2081,449,48,16,2031,113,2060,159
5939,2080,455,16,16,2030,281,2060,174
5939,2081,317,16,-16,2030,281,2060,174
5941,2080,455,16,-16,2031,238,2051,494
5941,2081,264,-32,0,2031,226,2051,481
5942,2070,374,16,48,2040,254,2060,512
5942,2080,541,-32,-16,2031,427,2050,161
5942,2080,550,64,-16,2030,311,2060,488
5942,2080,562,0,0,2031,458,2060,499
5942,2080,569,-32,16,2030,330,2050,196
5942,2081,127,-32,0,2031,427,2050,161
5942,2081,138,64,-16,2030,311,2060,488
5942,2081,148,0,-16,2031,458,2060,499
5942,2081,156,-32,0,2030,330,2050,196
5943,2080,320,0,-16,2041,198,2051,38
5943,2080,333,0,0,2040,182,2050,308
5943,2081,76,0,-16,2041,198,2051,38
5943,2081,89,0,-16,2040,182,2050,308
5944,2070,434,-144,192,2041,397,2060,271
5944,2071,485,-144,128,2041,397,2060,271
5944,2080,232,-16,0,2030,460,2050,158
5944,2080,238,-144,32,2041,397,2060,271
5944,2080,248,0,0,2041,407,2051,200
5944,2081,80,-16,0,2030,460,2050,158
5944,2081,86,-144,32,2041,397,2060,271
5944,2081,95,0,0,2030,476,2050,170
5945,2080,275,-32,16,2040,180,2051,230
5945,2081,355,-32,0,2040,180,2051,230
5946,2080,279,-48,16,2031,244,2050,336
5946,2080,302,48,-16,2031,269,2060,229
5946,2080,304,64,0,2041,477,2050,366
5946,2081,171,16,-16,2031,244,2060,204
5946,2081,192,48,-16,2031,269,2060,229
5946,2081,194,64,-32,2041,477,2050,366
5947,2080,410,-16,-16,2041,459,2050,270
5947,2080,413,48,128,2040,312,2060,178
5947,2080,423,16,0,2040,325,2060,185
5947,2080,433,-16,-16,2031,144,2050,287
5947,2081,75,-16,-16,2041,459,2050,270
5947,2081,78,48,96,2040,312,2060,178
5947,2081,88,16,0,2040,325,2060,185
5947,2081,99,-16,-16,2031,144,2050,287
5949,2080,166,48,16,2040,349,2060,269
5950,2080,201,-32,0,2040,268,2050,173
5950,2081,330,-16,0,2040,268,2051,103
5953,2080,376,-16,0,2031,139,2050,425
5953,2080,388,-16,176,2040,232,2060,193
5953,2081,348,32,0,2031,139,2060,178
5954,2080,404,128,-16,2040,284,2060,252
5954,2081,109,128,-16,2040,284,2060,252
5955,2080,362,0,0,2031,216,2050,432
5955,2081,533,0,-16,2031,216,2050,432
5955,2081,540,0,32,2031,226,2050,438
5956,2080,242,16,-16,2040,89,2050,133
5956,2080,251,0,-32,2030,289,2050,147
5956,2080,270,32,-48,2030,304,2060,384
5956,2081,438,16,0,2040,89,2050,133
5956,2081,447,0,-16,2030,289,2050,147
5958,2081,396,16,0,2030,473,2050,177
5959,2080,225,-16,-16,2040,97,2051,182
5959,2081,64,-16,-16,2040,97,2051,182
5960,2080,263,-16,0,2040,150,2050,187
5961,2070,491,32,160,2030,391,2051,110
5961,2071,496,32,144,2030,391,2051,110
5961,2080,195,32,64,2030,391,2051,110
5961,2080,198,128,-32,2030,393,2051,112
5961,2080,200,-32,16,2040,255,2050,163
5961,2081,47,32,48,2030,391,2051,110
5961,2081,50,128,-16,2030,393,2051,112
5961,2081,52,-32,0,2040,255,2050,163
5962,2070,339,16,64,2041,166,2060,246
5962,2071,96,16,64,2041,166,2060,246
5962,2080,438,-16,0,2040,321,2050,407
5962,2080,439,0,0,2040,322,2050,410
5962,2081,274,16,0,2031,211,2060,243
5962,2081,275,0,-16,2040,322,2050,410
5963,2080,348,48,0,2040,207,2060,131
5963,2081,172,32,0,2031,96,2060,131
5964,2080,231,16,0,2040,275,2060,323
5964,2080,239,-16,0,2040,289,2050,209
5964,2080,243,-16,-16,2040,294,2050,214
5964,2081,107,32,0,2030,463,2060,323
5964,2081,116,16,0,2040,289,2051,176
5964,2081,119,32,0,2040,294,2060,336
5965,2080,377,-16,-16,2030,123,2050,336
5965,2080,382,-16,0,2040,283,2050,350
5965,2080,384,16,0,2030,138,2050,353
5965,2080,393,48,0,2030,143,2060,521
5965,2081,230,-16,0,2030,123,2050,336
5965,2081,238,16,0,2030,138,2050,353
5965,2081,247,64,-16,2041,455,2060,521
5966,2080,266,32,16,2030,514,2051,200
5966,2081,116,16,-16,2031,474,2050,240
