run,event,channel,waveform_index_save,fprompt
039515,2,2070,453,0.61806290132745345
039515,2,2070,454,0.5950017117425539
039515,2,2070,458,0.606148597147109
039515,2,2070,461,0.65164277347018462
039515,3,2070,426,0.61412145293435072
039515,3,2070,430,0.65339176010654298
039515,4,2070,533,0.61785880583115438
039515,4,2070,536,0.60833416144953456
039515,5,2070,514,0.63353091298262942
039515,5,2070,515,0.6422731415180315
039515,5,2070,517,0.63842683139366008
039515,6,2070,231,0.58868260601493461
039515,8,2070,412,0.58010111681255661
039515,9,2070,474,0.64210526315789473
039515,9,2070,478,0.61665745033816832
039515,9,2070,481,0.63850167115024048
039515,10,2070,628,0.59358113640085153
039515,10,2070,629,0.64321780326642564
039515,10,2070,633,0.64938629654565228
039515,10,2070,637,0.63041420504618595
039515,11,2070,262,0.61599447550497333
039515,11,2070,264,0.65131494327779726
039515,11,2070,270,0.63886206341541929
039515,12,2070,519,0.64387867358164386
039515,12,2070,521,0.65012663289789385
039515,13,2070,290,0.59572541206303209
039515,13,2070,291,0.6233642336423364
039515,13,2070,292,0.60865666775350502
039515,13,2070,296,0.58283101226356271
039515,13,2070,298,0.6305152614082804
039515,14,2070,277,0.61981400484096993
039515,14,2070,281,0.63245033112582782
039515,15,2070,504,0.61762731370480484
039515,16,2070,627,0.60971271013074801
039515,17,2070,410,0.61454288739851748
039515,17,2070,413,0.61977053309080732
039515,19,2070,331,0.60823945217583386
039515,19,2070,332,0.63450277637556785
039515,19,2070,335,0.61689466773961288
039515,20,2070,581,0.60424734540911929
039515,20,2070,585,0.62682041979787506
039515,20,2070,586,0.62049293577572762
039515,20,2070,587,0.63280123088758533
039515,20,2070,590,0.6381519794381828
039515,20,2070,591,0.63575081813015621
039515,20,2070,592,0.61109935965232776
039515,21,2070,341,0.6218712753277712
039515,21,2070,344,0.59136322351581205
039515,23,2070,248,0.60946703316317419
039515,23,2070,249,0.63689354048841795
039515,23,2070,250,0.62068811438784632
039515,23,2070,253,0.62383713653998585
039515,24,2070,526,0.61336743262844495
039515,24,2070,527,0.61609985989045979
039515,24,2070,530,0.6277139208173691
039515,24,2070,532,0.61059256722041444
039515,25,2070,151,0.60994299950926734
039515,25,2070,153,0.61035722000746251
039515,26,2070,344,0.5965489884966283
039515,27,2070,295,0.63302790160145284
039515,27,2070,301,0.60045916584870818
039515,28,2070,257,0.60075819859322188
039515,28,2070,258,0.61504764613852936
039515,28,2070,262,0.62017041281034224
039515,28,2070,264,0.62249406949160424
039515,29,2070,450,0.613313176170454
039515,29,2070,452,0.59487951807228912
039515,30,2070,478,0.58158663205710581
039515,30,2070,480,0.64334114716870561
039515,30,2070,481,0.62408695580078433
039515,31,2070,401,0.64434797775236918
039515,31,2070,403,0.6108217592592593
039515,32,2070,399,0.65547255893008904
039515,32,2070,400,0.65752397773715887
039515,33,2070,365,0.57638856321030496
039515,34,2070,278,0.6331410718577265
039515,34,2070,286,0.63291813052272972
039515,35,2070,557,0.56661644064958983
039515,36,2070,418,0.59573422851762392
039515,36,2070,423,0.61222773968103839
039515,37,2070,290,0.63649115235217957
039515,38,2070,526,0.63653037613928154
039515,38,2070,527,0.640834074845122
039515,38,2070,528,0.58125686740155247
039515,39,2070,512,0.60867397169196147
039515,39,2070,522,0.60289228723404253
039515,39,2070,523,0.61553452115812912
039515,39,2070,524,0.62438440973687914
039515,39,2070,525,0.5980149958826334
039515,40,2070,457,0.64338276916110038
039515,41,2070,404,0.66338883049065822
039515,41,2070,407,0.59096194994883244
039515,42,2070,478,0.6429792798229732
039515,43,2070,517,0.61794526167731345
039515,43,2070,520,0.62171920566587979
039515,43,2070,521,0.62411767875424318
039515,44,2070,253,0.64799209321681228
039515,44,2070,267,0.61314669074958073
039515,45,2070,505,0.6026966292134831
039515,45,2070,509,0.64839845277934727
039515,46,2070,251,0.63709594488054022
039515,47,2070,342,0.6244724732362128
039515,48,2070,311,0.61113840382296458
039515,48,2070,313,0.63221034029634327
039515,49,2070,442,0.63804401861978577
039515,49,2070,444,0.6158394431868095
039515,50,2070,390,0.6238361688149876
039515,50,2070,392,0.61645672490857373
039515,50,2070,395,0.62827560621901457
039515,50,2070,400,0.63093475732261817
039515,50,2070,401,0.60340492188466133
039515,51,2070,330,0.64128377866929076
039515,51,2070,332,0.64715023091551205
039515,52,2070,491,0.61251763924628533
039515,52,2070,494,0.62871999764975472
039515,52,2070,498,0.59264327776395453
039515,53,2070,341,0.59928511673891549
039515,53,2070,342,0.61669621273166797
039515,53,2070,345,0.61891616550001638
039515,53,2070,350,0.57753776545282054
039515,54,2070,575,0.61519142419601835
039515,54,2070,580,0.61198485186010243
039515,55,2070,486,0.61421753133366963
039515,56,2070,290,0.61423274386765547
039515,58,2070,451,0.5936949846468782
039515,58,2070,453,0.60557144174891619
039515,58,2070,459,0.58887956357532523
039515,59,2070,405,0.62411713777966793
039515,59,2070,406,0.63167107847323034
039515,59,2070,410,0.6326653265081964
039515,59,2070,412,0.59254769121055451
039515,60,2070,383,0.62099760400784143
039515,60,2070,385,0.61704914129237731
039515,61,2070,581,0.59723243839646933
039515,62,2070,322,0.64107964739839296
039515,62,2070,329,0.62717214552179323
039515,62,2070,330,0.60991572913547509
039515,62,2070,333,0.61805925548425955
039515,63,2070,292,0.5997528491006453
039515,63,2070,297,0.6443386264469726
039515,64,2070,519,0.63063561473577312
039515,65,2070,365,0.60768094534711969
039515,65,2070,366,0.63646484325582575
039515,65,2070,370,0.63437878855911278
039515,66,2070,541,0.6173467180130674
039515,66,2070,544,0.58592594659449204
039515,66,2070,546,0.63182433203462496
039515,67,2070,266,0.6473772373359804
039515,68,2070,497,0.5998161923087969
039515,69,2070,236,0.63257881248095771
039515,69,2070,238,0.5961468556888404
039515,69,2070,241,0.6352421285214509
039515,70,2070,314,0.62438480027469379
039515,70,2070,315,0.60666792121440216
039515,71,2070,383,0.63437179048271142
039515,74,2070,481,0.58925955380687289
039515,74,2070,490,0.63003187140580619
039515,74,2070,492,0.63283082077051922
039515,74,2070,495,0.64382596138969594
039515,75,2070,248,0.62446747631461819
039515,76,2070,425,0.59256135861346981
039515,77,2070,357,0.62552104737861802
039515,77,2070,363,0.5865538297610754
039515,77,2070,364,0.63487979416257945
039515,78,2070,500,0.60088178959921945
039515,78,2070,504,0.64653862847222221
039515,78,2070,506,0.61512050401680052
039515,79,2070,524,0.60545275291976342
039515,79,2070,526,0.58787051965769566
039515,80,2070,395,0.59934336727165416
039515,80,2070,396,0.65071906399805002
039515,80,2070,398,0.63062086899989167
039515,81,2070,468,0.61282407407407402
039515,81,2070,469,0.6019958527734578
039515,81,2070,470,0.58277808428468358
039515,81,2070,473,0.58315432055990579
039515,82,2070,284,0.65047421267849881
039515,82,2070,289,0.62311519326444698
039515,83,2070,429,0.60896329348923561
039515,84,2070,524,0.61620582460732987
039515,85,2070,368,0.6082079634256552
039515,85,2070,371,0.65293178935308316
039515,86,2070,252,0.63273550091876873
039515,86,2070,257,0.62099704471682571
039515,86,2070,258,0.5818840579710145
039515,87,2070,391,0.62247492922604486
039515,87,2070,392,0.61525937021720012
039515,87,2070,395,0.63930025705771287
039515,88,2070,411,0.62037262049412722
039515,88,2070,413,0.61682859503391207
039515,89,2070,443,0.59252896670199939
039515,91,2070,355,0.60708007032124023
039515,91,2070,357,0.63915931976768481
039515,91,2070,360,0.60295347906739893
039515,91,2070,361,0.59427068108740133
039515,91,2070,362,0.63660517725650956
039515,91,2070,363,0.61438459490638031
039515,91,2070,366,0.64115848227539929
039515,92,2070,503,0.62959653277333449
039515,93,2070,438,0.60503145949397075
039515,93,2070,439,0.63049252728261918
039515,93,2070,440,0.61509158072956749
039515,94,2070,558,0.65515878244828041
039515,94,2070,559,0.63982045761412987
039515,94,2070,560,0.6136297679583107
039515,95,2070,543,0.63348543348543351
039515,97,2070,351,0.61626372531932372
039515,97,2070,353,0.62331570475971487
039515,97,2070,361,0.60123792136082288
039515,98,2070,466,0.60002120216262056
039515,98,2070,468,0.63294838391662556
039515,98,2070,469,0.63726468910439249
039515,98,2070,470,0.61195588603893392
039515,99,2070,435,0.58548502018796866
039515,99,2070,436,0.63947220029322205
039515,100,2070,388,0.61408853806028707
039515,100,2070,389,0.64185307419630855
039515,101,2070,437,0.6510082644628099
039515,102,2070,247,0.64551037443357973
039515,102,2070,249,0.61049382716049383
039515,103,2070,404,0.63429554578474479
039515,103,2070,405,0.60808709175738729
039515,103,2070,406,0.62992316047793373
039515,103,2070,407,0.62791562122479327
039515,104,2070,334,0.64022292221952992
039515,105,2070,531,0.64090387189260067
039515,106,2070,558,0.6179775280898876
039515,106,2070,560,0.60078321061195228
039515,107,2070,455,0.59700156634593871
039515,107,2070,456,0.59391056137012366
039515,108,2070,285,0.64963911897088977
039515,108,2070,288,0.6213964559640307
039515,108,2070,290,0.58918014500836591
039515,108,2070,291,0.60950772200772196
039515,108,2070,292,0.62859823531760295
039515,108,2070,295,0.61972595504958627
039515,109,2070,580,0.61522060495792585
039515,109,2070,581,0.62644770339560396
039515,110,2070,572,0.63450387647403739
039515,110,2070,577,0.61883172842744205
039515,110,2070,578,0.64141865918816332
039515,110,2070,580,0.57735046102923793
039515,111,2070,482,0.62418328934273726
039515,111,2070,488,0.60066158228429656
039515,112,2070,357,0.58654512685429083
039515,112,2070,364,0.63913339286473614
039515,113,2070,550,0.64502599501944169
039515,113,2070,551,0.62951136194861135
039515,113,2070,555,0.59729586426299042
039515,113,2070,558,0.6149915409315333
039515,114,2070,250,0.66473896434634971
039515,114,2070,252,0.65925576033176947
039515,114,2070,253,0.6215705675991724
039515,115,2070,399,0.59795628088037134
039515,115,2070,400,0.63895902116915904
039515,115,2070,403,0.61906366914961741
039515,115,2070,404,0.62587226941747576
039515,116,2070,572,0.62739368875303425
039515,116,2070,573,0.62342820880438099
039515,116,2070,574,0.60619148293566893
039515,116,2070,578,0.62250016285583998
039515,118,2070,620,0.60573559374159069
039515,118,2070,625,0.60725467735777017
039515,118,2070,626,0.609041095890411
039515,119,2070,317,0.59051738936382048
039515,120,2070,300,0.61520793036750487
039515,120,2070,301,0.63726995158651167
039515,120,2070,302,0.64274586173320347
039515,120,2070,305,0.64667083641325984
039515,120,2070,306,0.57607015114803273
039515,120,2070,310,0.63827581634744035
039515,120,2070,311,0.62810215034398298
039515,121,2070,489,0.6329706383925261
039515,121,2070,490,0.60114229650653495
039515,121,2070,491,0.62094831113333637
039515,122,2070,618,0.61573142090253308
039515,122,2070,620,0.59759327934609852
039515,122,2070,626,0.64319746626273755
039515,123,2070,408,0.61553754396696747
039515,124,2070,433,0.62941259200225019
039515,124,2070,435,0.60746935596277618
039515,125,2070,426,0.6146628080329738
039515,126,2070,441,0.61563626652423553
039515,126,2070,443,0.56247542097172076
039515,127,2070,575,0.63708738671322862
039515,127,2070,582,0.63825449283940872
039515,127,2070,583,0.61843878628929438
039515,127,2070,584,0.63045643789430661
039515,128,2070,314,0.61813224267211997
039515,128,2070,321,0.62098311364063463
039515,129,2070,580,0.61672350934964126
039515,129,2070,583,0.61663954971197399
039515,130,2070,245,0.61203827554275136
039515,131,2070,292,0.59605702923382831
039515,131,2070,293,0.64634336503976297
039515,132,2070,517,0.64969206728559614
039515,132,2070,519,0.62926361437744971
039515,132,2070,521,0.60664584889009576
039515,133,2070,323,0.64295350957155883
039515,133,2070,326,0.62969004893964109
039515,133,2070,327,0.56764631821288536
039515,133,2070,330,0.63772455089820357
039515,134,2070,561,0.61451090319997093
039515,134,2070,562,0.617413320205359
039515,134,2070,565,0.6383489320854332
039515,135,2070,342,0.63838991183350324
039515,135,2070,343,0.6356697995696976
039515,135,2070,346,0.63936343511131533
039515,136,2070,376,0.64043824701195218
039515,137,2070,322,0.60232136977280215
039515,137,2070,323,0.64597376571324472
039515,137,2070,324,0.60315320834865005
039515,139,2070,424,0.59725588642659277
039515,140,2070,222,0.63298705581663783
039515,140,2070,228,0.63694911645731322
039515,141,2070,574,0.65208914883246927
039515,141,2070,576,0.62317606406498205
039515,141,2070,578,0.63505203971766955
039515,141,2070,582,0.63021195677380459
039515,141,2070,583,0.60922498777380252
039515,142,2070,561,0.61853913438600472
039515,142,2070,566,0.61412865113226123
039515,142,2070,568,0.60092843935638696
039515,142,2070,570,0.60132914364142021
039515,143,2070,487,0.64557920555747605
039515,144,2070,589,0.62947302292990548
039515,144,2070,590,0.6197565973819581
039515,145,2070,348,0.62531108183282091
039515,145,2070,350,0.62344146308904014
039515,146,2070,377,0.61774132010682947
039515,146,2070,378,0.62311162400335707
039515,147,2070,207,0.6292819293194809
039515,147,2070,210,0.57923531830112895
039515,148,2070,497,0.61647035077348944
039515,149,2070,361,0.63985551649627503
039515,149,2070,362,0.64066178393931472
039515,150,2070,426,0.59520285170528353
039515,150,2070,429,0.59975297629258584
039515,151,2070,386,0.61257692811313347
039515,151,2070,387,0.61332881230541603
039515,152,2070,384,0.60536332179930796
039515,152,2070,386,0.59742239467849223
039515,152,2070,387,0.63082708958922484
039515,152,2070,391,0.61101039722740602
039515,152,2070,392,0.64086089321612993
039515,152,2070,393,0.6300745835380287
039515,152,2070,394,0.60723333333333329
039515,153,2070,212,0.64906126631106287
039515,153,2070,218,0.61031360424028269
039515,153,2070,220,0.61307064395848032
039515,153,2070,221,0.60812335464460321
039515,154,2070,427,0.62938719206694171
039515,155,2070,446,0.63613340870548329
039515,155,2070,448,0.64469118667591951
039515,155,2070,451,0.62003058103975539
039515,157,2070,488,0.61751499980132718
039515,157,2070,495,0.6339656406585541
039515,157,2070,496,0.62256979335051776
039515,157,2070,499,0.61188022199182779
039515,158,2070,485,0.59342488555971706
039515,158,2070,487,0.61988096645776669
039515,158,2070,490,0.63423009888004966
039515,159,2070,390,0.62540758537841079
039515,159,2070,391,0.63992770749339634
039515,159,2070,394,0.6401547940322827
039515,159,2070,395,0.59382620972917466
039515,159,2070,396,0.61503463540599257
039515,159,2070,398,0.58744374232849939
039515,159,2070,399,0.64263007655378224
039515,159,2070,400,0.59289562961484732
039515,159,2070,401,0.58385423177897233
039515,159,2070,402,0.60243294520293145
039515,160,2070,355,0.641775730290022
039515,160,2070,356,0.62895386088301364
039515,161,2070,477,0.59258125023925279
039515,161,2070,479,0.63678468899521534
039515,161,2070,482,0.62829104834849214
039515,161,2070,483,0.62567209589005168
039515,162,2070,527,0.60378008564256536
039515,162,2070,531,0.65263110429724491
039515,163,2070,288,0.60451148629947415
039515,163,2070,291,0.62442252214085414
039515,163,2070,293,0.59850905218317363
039515,163,2070,295,0.62846484393445723
039515,163,2070,299,0.62064229875343335
039515,163,2070,301,0.63170137350465216
039515,164,2070,445,0.63315117095879325
039515,164,2070,447,0.62459766988530763
039515,164,2070,450,0.64537417246291795
039515,164,2070,453,0.63394650428794597
039515,164,2070,455,0.60940681643689287
039515,165,2070,539,0.60662360540223137
039515,165,2070,544,0.60485736314572092
039515,166,2070,549,0.61229764657869679
039515,166,2070,550,0.57738490115430541
039515,167,2070,344,0.60409798650910385
039515,167,2070,346,0.65677190911773387
039515,167,2070,347,0.58834567502673474
039515,167,2070,348,0.6393823675909015
039515,168,2070,419,0.63374366401158577
039515,168,2070,423,0.62370916118123076
039515,169,2070,366,0.63099824213636535
039515,169,2070,367,0.65627212460577977
039515,169,2070,368,0.6319119851838787
039515,169,2070,375,0.63321218128751589
039515,170,2070,406,0.61350148367952517
039515,171,2070,392,0.6161226161226161
039515,172,2070,466,0.5798783638748658
039515,172,2070,471,0.61991674671789943
039515,172,2070,473,0.53447330546227123
039515,173,2070,480,0.61271332580127247
039515,173,2070,483,0.5792801179117214
039515,174,2070,319,0.65127567770378014
039515,174,2070,320,0.60011551790527529
039515,174,2070,326,0.62844650373609168
039515,175,2070,638,0.62978131810325388
039515,175,2070,643,0.62373125224816628
039515,175,2070,645,0.62740179839091337
039515,176,2070,477,0.61163014357353851
039515,176,2070,481,0.65842342902116735
039515,176,2070,483,0.61461294554996715
039515,176,2070,485,0.61744807121661716
039515,177,2070,418,0.60325463333217433
039515,177,2070,422,0.63567637738154326
039515,178,2070,401,0.60145797598627793
039515,178,2070,402,0.62358836978360777
039515,179,2070,499,0.6273202834964563
039515,179,2070,502,0.62987460383078409
039515,179,2070,504,0.57891371398480407
039515,179,2070,506,0.60440850835402271
039515,181,2070,523,0.60682007208206268
039515,182,2070,375,0.59776074886431418
039515,182,2070,376,0.62934186471663622
039515,182,2070,381,0.61141506685227753
039515,182,2070,382,0.64816891793046272
039515,183,2070,372,0.64018022570321709
039515,183,2070,373,0.59479922867513613
039515,183,2070,376,0.63222580353646418
039515,184,2070,468,0.60867145838163694
039515,185,2070,344,0.59871252142882136
039515,185,2070,345,0.58208955223880599
039515,186,2070,363,0.62808508651084594
039515,187,2070,539,0.62757564151666023
039515,187,2070,541,0.65008447217436394
039515,187,2070,542,0.64473893348168165
039515,189,2070,486,0.63433952301328878
039515,190,2070,311,0.6439048936973204
039515,190,2070,313,0.56633259724817397
039515,190,2070,318,0.64226049293595955
039515,190,2070,319,0.61432856890771126
039515,190,2070,321,0.63861351979207392
039515,190,2070,322,0.61470228741051158
039515,190,2070,323,0.58016051120155188
039515,191,2070,362,0.61255160132746944
039515,193,2070,292,0.63610754287517179
039515,193,2070,295,0.60931554778045049
039515,193,2070,298,0.59483383570529202
039515,194,2070,507,0.63464285714285718
039515,194,2070,513,0.61012142160772842
039515,194,2070,514,0.61289507751570838
039515,195,2070,442,0.61242129140756385
039515,195,2070,448,0.63026309851527595
039515,195,2070,450,0.58462680106363241
039515,195,2070,452,0.61494834443320079
039515,196,2070,495,0.58968145929757687
039515,196,2070,496,0.62131768269594856
039515,196,2070,497,0.62287988923502946
039515,196,2070,498,0.62804410637419661
039515,196,2070,500,0.64606885919835555
039515,197,2070,255,0.61711297958030098
039515,197,2070,257,0.60401683915102611
039515,197,2070,258,0.59075318329182913
039515,197,2070,260,0.60198088618592527
039515,197,2070,265,0.64012637702479058
039515,197,2070,267,0.64166515918958034
039515,198,2070,471,0.60596716393032757
039515,198,2070,472,0.63741137178679952
039515,199,2070,450,0.64482444795708194
039515,200,2070,279,0.61921867983834755
039515,200,2070,281,0.60646677513493974
039515,200,2070,284,0.63044449962751425
039515,200,2070,286,0.61777459689302405
039515,200,2070,288,0.63643134892381836
039515,201,2070,435,0.61315452125036973
039515,202,2070,530,0.63673432127316432
039515,204,2070,376,0.61173773498395234
039515,205,2070,229,0.60108985322779529
039515,205,2070,230,0.61166407465007777
039515,205,2070,232,0.6174260591526779
039515,205,2070,234,0.57746259351620943
039515,205,2070,235,0.60412364683061137
039515,205,2070,237,0.60933822110746672
039515,206,2070,242,0.59212867898699517
039515,207,2070,576,0.62523322269575976
039515,207,2070,579,0.62316155182397226
039515,207,2070,581,0.60623556581986138
039515,207,2070,584,0.6083749093855273
039515,208,2070,365,0.60051747837102121
039515,208,2070,368,0.60361001200373454
039515,210,2070,442,0.61798929137626757
039515,211,2070,393,0.6469270351526365
039515,211,2070,401,0.60271903323262843
039515,211,2070,402,0.65047314809233925
039515,212,2070,247,0.59686008079324271
039515,212,2070,255,0.64250543405935323
039515,213,2070,484,0.62229409087954235
039515,213,2070,489,0.63155160770869045
039515,214,2070,385,0.63848891055325374
039515,214,2070,386,0.6189217151396712
039515,214,2070,388,0.64759558462991973
039515,214,2070,390,0.6489172734545553
039515,215,2070,217,0.62984405327621984
039515,215,2070,221,0.5937292923656402
039515,215,2070,225,0.6297974158557984
039515,216,2070,386,0.64838724822761629
039515,216,2070,391,0.64265401303280956
039515,217,2070,465,0.63884377067917941
039515,217,2070,469,0.63546465565304144
039515,218,2070,483,0.60143693453964875
039515,218,2070,484,0.63652778250945385
039515,219,2070,360,0.63717018089641664
039515,219,2070,362,0.61878045652731473
039515,219,2070,365,0.61134169448705222
039515,220,2070,502,0.61451566679403902
039515,220,2070,505,0.61259616638414394
039515,222,2070,465,0.61940394236114082
039515,222,2070,469,0.59581630199567204
039515,224,2070,364,0.61161000641436813
039515,224,2070,365,0.6104148585315049
039515,224,2070,368,0.59463940787336966
039515,225,2070,331,0.64170178961537616
039515,225,2070,332,0.60294700150518898
039515,225,2070,333,0.58766206953505662
039515,226,2070,545,0.63780456959784171
039515,226,2070,547,0.60997709512260845
039515,228,2070,253,0.62672111231101513
039515,229,2070,347,0.61049402647723605
039515,230,2070,380,0.62577389616690926
039515,231,2070,576,0.59760292975252471
039515,231,2070,577,0.62807222298503362
039515,231,2070,578,0.64007302151174261
039515,231,2070,579,0.61299963871645813
039515,231,2070,580,0.60492285739766338
039515,231,2070,582,0.60923880297248445
039515,232,2070,526,0.54933728942591109
039515,232,2070,528,0.62445528697530639
039515,233,2070,369,0.62300308044988895
039515,233,2070,371,0.6104338403188978
039515,233,2070,372,0.61743949877792692
039515,233,2070,373,0.63180549783292761
039515,233,2070,374,0.62400763228730105
039515,234,2070,230,0.63790802468166619
039515,234,2070,233,0.60140532375088696
039515,235,2070,331,0.57235103088890571
039515,235,2070,337,0.63141140974894128
039515,236,2070,365,0.58252096837305845
039515,236,2070,367,0.64982534298587558
039515,237,2070,486,0.63904441955953717
039515,237,2070,488,0.59720574667193882
039515,237,2070,493,0.62439196957636867
039515,238,2070,530,0.61381735861260456
039515,238,2070,533,0.62101809715313794
039515,238,2070,534,0.60809429502331824
039515,239,2070,422,0.62761381064601807
039515,239,2070,423,0.58199800130948687
039515,241,2070,517,0.62635090060040022
039515,241,2070,518,0.63380093162713502
039515,241,2070,519,0.60389973785750051
039515,241,2070,525,0.59856239771523922
039515,241,2070,526,0.63156118143459916
039515,241,2070,529,0.57385869135216394
039515,242,2070,412,0.62555175321132772
039515,242,2070,415,0.6180999867625645
039515,242,2070,419,0.62781847588240891
039515,242,2070,420,0.63382876796462351
039515,242,2070,421,0.61482575666224526
039515,243,2070,520,0.62754646695898486
039515,244,2070,348,0.63918610133836273
039515,245,2070,414,0.62674360488890912
039515,246,2070,322,0.63167484232655924
039515,246,2070,324,0.62983291384904627
039515,246,2070,325,0.59959675670988166
039515,246,2070,327,0.63588443317541865
039515,246,2070,328,0.58975371186700876
039515,248,2070,520,0.57303687025049255
039515,248,2070,523,0.59742824725805777
039515,248,2070,530,0.61269336417522047
039515,249,2070,490,0.64797160768872075
039515,249,2070,494,0.62578679046452679
039515,249,2070,495,0.64797902161135723
039515,250,2070,241,0.6201622680220088
039515,250,2070,245,0.57341277093461018
039515,250,2070,246,0.63931795039953054
039515,250,2070,247,0.59817751402535912
039515,250,2070,248,0.58319039451114918
039515,251,2070,501,0.6093890203116078
039515,252,2070,497,0.57589961779764909
039515,252,2070,500,0.61370420624151967
039515,252,2070,505,0.63430639650914999
039515,252,2070,506,0.6340545088922801
039515,253,2070,507,0.64590423426988519
039515,253,2070,509,0.63546480245402004
039515,254,2070,448,0.61587414394624629
039515,255,2070,206,0.63982558139534884
039515,255,2070,208,0.62382864792503345
039515,255,2070,209,0.64311406750431144
039515,255,2070,210,0.64038608562691135
039515,255,2070,213,0.60842404164694752
039515,256,2070,432,0.63497270376400727
039515,256,2070,435,0.6133354551241248
039515,256,2070,436,0.62932130305824885
039515,257,2070,530,0.61188434972753458
039515,257,2070,532,0.62186418223000983
039515,257,2070,533,0.63417522603566467
039515,258,2070,541,0.64173043885678593
039515,258,2070,543,0.63189601045325727
039515,259,2070,309,0.62641319822460428
039515,259,2070,314,0.61312235937370563
039515,261,2070,565,0.61926909110423412
039515,261,2070,569,0.5777537796976242
039515,262,2070,391,0.62431173231681492
039515,262,2070,393,0.64450417656063541
039515,262,2070,398,0.60015447991761073
039515,262,2070,400,0.60486010771049525
039515,263,2070,541,0.63325091152927371
039515,263,2070,545,0.60842924567359447
039515,265,2070,501,0.59652870493991994
039515,265,2070,504,0.63299118361088635
039515,266,2070,316,0.61389880327524671
039515,266,2070,318,0.61478841870824052
039515,266,2070,319,0.6246218805142425
039515,266,2070,320,0.62569567547512062
039515,266,2070,322,0.63243476592478898
039515,266,2070,324,0.60669140779533937
039515,266,2070,325,0.63350268830464163
039515,267,2070,448,0.60234149233087164
039515,267,2070,453,0.61568611099528836
039515,267,2070,455,0.63895405210972445
039515,268,2070,456,0.61717133512803968
039515,268,2070,457,0.59482327252877221
039515,269,2070,227,0.61598540708578475
039515,270,2070,495,0.5925367981671531
039515,270,2070,498,0.58689779378658258
039515,270,2070,499,0.60847828351213418
039515,271,2070,472,0.60371564563181335
039515,272,2070,530,0.63306061405823877
039515,272,2070,533,0.63437420606508532
039515,272,2070,535,0.65451537691574613
039515,272,2070,536,0.59817450361206037
039515,273,2070,503,0.59978489997849005
039515,275,2070,581,0.6201171875
039515,276,2070,282,0.63963253748632476
039515,276,2070,283,0.62589450651936085
039515,276,2070,284,0.59450041981528123
039515,276,2070,287,0.6272914848027934
039515,277,2070,519,0.63168140424970309
039515,277,2070,525,0.61215439787143788
039515,277,2070,529,0.60391250992564782
039515,277,2070,530,0.59761038721856441
039515,279,2070,487,0.61499734089700409
039515,279,2070,490,0.58548034639976254
039515,280,2070,234,0.58564903743543772
039515,281,2070,416,0.61284697676610589
039515,281,2070,418,0.60183618361836189
039515,281,2070,421,0.62583885353076152
039515,283,2070,241,0.62950838990984859
039515,284,2070,443,0.63430729642234585
039515,285,2070,284,0.63207394908664072
039515,286,2070,293,0.61383391281091204
039515,287,2070,291,0.60475377170509537
039515,288,2070,418,0.66088765603328714
039515,288,2070,420,0.61045547182330917
039515,288,2070,421,0.60267066882167319
039515,289,2070,456,0.58168522519527999
039515,290,2070,482,0.60579794595382042
039515,290,2070,484,0.61270333075135552
039515,290,2070,485,0.62333063233396357
039515,291,2070,513,0.63983172810804823
039515,291,2070,514,0.60173644607370247
039515,291,2070,517,0.60762598483722308
039515,292,2070,362,0.59468807099973897
039515,292,2070,365,0.61651984379257108
039515,293,2070,367,0.61899174623725517
039515,293,2070,372,0.60923148471108013
039515,294,2070,338,0.6337297222985977
039515,295,2070,424,0.63357439495918655
039515,295,2070,430,0.63438292166844745
039515,295,2070,432,0.64160709312041597
039515,296,2070,217,0.61981794098582421
039515,296,2070,218,0.60723850886717334
039515,296,2070,220,0.58946891973445992
039515,297,2070,394,0.59949819664419002
039515,298,2070,483,0.6493634550912637
039515,298,2070,484,0.62541845769863125
039515,298,2070,485,0.62206518201683014
039515,299,2070,312,0.58369373210696229
039515,299,2070,313,0.5922122730633369
039515,300,2070,305,0.60165285594008955
039515,300,2070,308,0.64831927146109547
039515,300,2070,311,0.59022413574775234
039515,301,2070,566,0.59204313318375135
039515,302,2070,285,0.62803924356604579
039515,303,2070,522,0.64032593160151474
039515,304,2070,480,0.57778838287428413
039515,304,2070,481,0.63984332707066205
039515,304,2070,482,0.62775113028710439
039515,305,2070,393,0.6350764054395065
039515,305,2070,395,0.58882350520554705
039515,306,2070,260,0.60088384245669491
039515,307,2070,456,0.63535657095224518
039515,307,2070,457,0.62354409317803661
039515,307,2070,458,0.61993543472741119
039515,307,2070,462,0.63962428511911529
039515,307,2070,463,0.63003480855295868
039515,307,2070,466,0.6236925236925237
039515,308,2070,500,0.62742696588739599
039515,308,2070,501,0.64743559026945874
039515,308,2070,507,0.61788418395961864
039515,309,2070,379,0.59630597415613706
039515,309,2070,383,0.61930261902563633
039515,310,2070,404,0.64234632441481399
039515,312,2070,403,0.60691557064064494
039515,313,2070,489,0.6013510963505303
039515,313,2070,490,0.62130318831349762
039515,314,2070,256,0.61855147116210096
039515,315,2070,651,0.62834582441113496
039515,315,2070,653,0.60998572193467782
039515,315,2070,655,0.60863864538847678
039515,315,2070,658,0.60757424393788029
039515,316,2070,460,0.60327378670551257
039515,316,2070,466,0.63583492299818545
039515,317,2070,454,0.64845766790636628
039515,317,2070,462,0.5993756081738566
039515,318,2070,279,0.62687835593154861
039515,319,2070,457,0.60504545587418512
039515,319,2070,459,0.60024580090127
039515,320,2070,510,0.65326134516814605
039515,321,2070,496,0.63904833208551703
039515,322,2070,308,0.6494119232972736
039515,322,2070,310,0.64045732025851132
039515,322,2070,312,0.60356858934723079
039515,322,2070,315,0.63882319007787713
039515,323,2070,220,0.62576986997751494
039515,323,2070,223,0.64787973628177831
039515,324,2070,466,0.59375373223456351
039515,325,2070,546,0.62320022585401047
039515,325,2070,547,0.63598784194528879
039515,325,2070,550,0.63603338242513496
039515,325,2070,551,0.57118513087760314
039515,325,2070,554,0.6144816706329046
039515,325,2070,556,0.60768963117606123
039515,325,2070,557,0.5944312608764436
039515,325,2070,559,0.61100364388861395
039515,327,2070,438,0.61097580776100013
039515,327,2070,440,0.60395519201077497
039515,327,2070,441,0.63370393546893888
039515,327,2070,442,0.59067419067419069
039515,328,2070,369,0.63147175037679748
039515,328,2070,373,0.61508817492564827
039515,328,2070,375,0.61725835708732835
039515,330,2070,422,0.60544370207614007
039515,331,2070,600,0.6157922107127296
039515,331,2070,603,0.60558206468226916
039515,331,2070,608,0.61016199702536478
039515,333,2070,515,0.62554934079105073
039515,333,2070,518,0.6035676563783593
039515,333,2070,520,0.61383850715033139
039515,333,2070,523,0.61333539603960396
039515,334,2070,369,0.58976604528962839
039515,335,2070,619,0.63205766908212557
039515,336,2070,401,0.62573250806053049
039515,336,2070,406,0.63259029681726064
039515,337,2070,530,0.63742022998427716
039515,337,2070,533,0.63381153305203941
039515,337,2070,535,0.61180409061726126
039515,337,2070,536,0.62750743833381317
039515,337,2070,538,0.62275655309322209
039515,338,2070,305,0.58750930950101077
039515,339,2070,534,0.63869251087632073
039515,339,2070,535,0.62099492203298434
039515,339,2070,539,0.6415507368220682
039515,339,2070,541,0.63183676946668943
039515,339,2070,542,0.62303142045018056
039515,340,2070,481,0.63774717879697695
039515,340,2070,482,0.6224976573813783
039515,341,2070,266,0.6080842747509414
039515,341,2070,268,0.58892948637184495
039515,342,2070,635,0.63342898134863701
039515,342,2070,637,0.63977497787703852
039515,343,2070,566,0.62074686678408253
039515,344,2070,320,0.62819089900110991
039515,344,2070,321,0.62129722243594676
039515,345,2070,372,0.64306706308745532
039515,347,2070,257,0.59858654734000993
039515,348,2070,497,0.60377545295534796
039515,348,2070,499,0.62737849298684356
039515,348,2070,502,0.64294957113280093
039515,350,2070,428,0.62447315374748025
039515,350,2070,429,0.61548940128912222
039515,350,2070,436,0.63252107633675947
039515,351,2070,401,0.61063205618277183
039515,352,2070,269,0.63342895236556096
039515,352,2070,275,0.60591361663610832
039515,353,2070,623,0.61151742180996549
039515,354,2070,423,0.63906249999999998
039515,354,2070,424,0.62180802412676439
039515,354,2070,427,0.65245886399553776
039515,354,2070,429,0.60202835947037281
039515,354,2070,430,0.61243599797038606
039515,356,2070,482,0.62411883182275929
039515,357,2070,486,0.61611056128941044
039515,357,2070,489,0.60889937207152645
039515,357,2070,492,0.63739048142381782
039515,357,2070,493,0.63308085256297342
039515,358,2070,188,0.6183995371185631
039515,358,2070,189,0.62748120419012865
039515,358,2070,190,0.61086089306395575
039515,358,2070,191,0.61055129751390891
039515,358,2070,193,0.60127737226277367
039515,358,2070,196,0.6167039303365498
039515,359,2070,352,0.63273863864948088
039515,359,2070,354,0.61528654299738639
039515,359,2070,355,0.63302263242864543
039515,360,2070,422,0.60350167770799279
039515,360,2070,430,0.58960691410020183
039515,361,2070,269,0.60500844571949486
039515,361,2070,272,0.62959712470745566
039515,362,2070,467,0.622800725707776
039515,362,2070,471,0.61812505738683321
039515,363,2070,368,0.60694915254237292
039515,363,2070,369,0.63712836584058385
039515,363,2070,370,0.60905137148516553
039515,363,2070,371,0.63078414787613724
039515,363,2070,373,0.62293031728338
039515,363,2070,376,0.62753001715265866
039515,364,2070,342,0.61706918627753982
039515,364,2070,344,0.61710777399817474
039515,364,2070,346,0.62891498162945458
039515,365,2070,434,0.65133345994194092
039515,366,2070,520,0.57989504755657595
039515,366,2070,521,0.57678460153707678
039515,366,2070,525,0.60082704937971299
039515,367,2070,474,0.58746351633078531
039515,367,2070,478,0.58917970858068003
039515,367,2070,483,0.59000144487790784
039515,367,2070,484,0.65019830736079443
039515,368,2070,371,0.633825817683218
039515,369,2070,303,0.62952379720975937
039515,369,2070,304,0.63080971403208419
039515,369,2070,306,0.62679036458333337
039515,369,2070,311,0.63291615695869008
039515,370,2070,440,0.63834217118318748
039515,371,2070,393,0.64423076923076927
039515,371,2070,398,0.62595032025112041
039515,371,2070,399,0.63438171908595431
039515,372,2070,507,0.5957514267596703
039515,372,2070,509,0.6397214357772788
039515,372,2070,515,0.6159996615618919
039515,372,2070,516,0.57832844574780062
039515,373,2070,201,0.6449672381839725
039515,374,2070,429,0.62635303913405493
039515,374,2070,430,0.58409071958642544
039515,375,2070,518,0.62028434302272928
039515,375,2070,521,0.60303954934866799
039515,376,2070,402,0.6203805565741759
039515,377,2070,567,0.59029262037073016
039515,377,2070,569,0.65366219638000567
039515,377,2070,570,0.62959913874992079
039515,377,2070,572,0.61069806560134565
039515,378,2070,346,0.64871878858121901
039515,379,2070,326,0.61288429416279178
039515,380,2070,464,0.63447257210848074
039515,380,2070,465,0.64284406022198615
039515,380,2070,469,0.63606150396412264
039515,381,2070,513,0.62477461233321308
039515,382,2070,217,0.6269474283275237
039515,382,2070,221,0.5775767543859649
039515,383,2070,442,0.63586623813896537
039515,383,2070,446,0.64699205448354147
039515,383,2070,448,0.58076891682311649
039515,383,2070,450,0.60340921350739019
039515,384,2070,595,0.62858151521570294
039515,384,2070,598,0.63447413099812344
039515,385,2070,527,0.61909918581799217
039515,385,2070,528,0.60147046985268471
039515,385,2070,530,0.64360042862245503
039515,386,2070,572,0.56895690193628978
039515,386,2070,573,0.631428462506195
039515,386,2070,577,0.64128601308953515
039515,387,2070,330,0.63751012965964349
039515,387,2070,334,0.59573996825279629
039515,388,2070,578,0.63293083585783161
039515,388,2070,580,0.59348758001057023
039515,388,2070,585,0.58288277464055427
039515,389,2070,333,0.61670401654887086
039515,389,2070,337,0.60769052716856664
039515,390,2070,590,0.65548461517826007
039515,391,2070,424,0.61419200954084674
039515,391,2070,429,0.60233158284157151
039515,393,2070,581,0.588414462180608
039515,394,2070,416,0.60419855043169413
039515,394,2070,417,0.60895225228428196
039515,394,2070,421,0.60116504854368935
039515,395,2070,358,0.63949187972342825
039515,395,2070,359,0.62555904462841372
039515,395,2070,360,0.62241097953889279
039515,395,2070,364,0.6133826265791793
039515,395,2070,365,0.58462991091588323
039515,396,2070,561,0.62545039107127165
039515,397,2070,535,0.63890511933120586
039515,397,2070,539,0.63580938161005351
039515,398,2070,366,0.61586982723985539
039515,398,2070,369,0.61487568589356512
039515,399,2070,410,0.62000732869182851
039515,399,2070,413,0.58065417948001119
039515,399,2070,414,0.61701074004147449
039515,399,2070,415,0.58673210357082417
039515,399,2070,416,0.64475694444444442
039515,400,2070,508,0.61932892249527405
039515,400,2070,511,0.62399474293582002
039515,400,2070,515,0.62551794871794875
039515,401,2070,648,0.63348909369632267
039515,401,2070,650,0.64558314995284505
039515,401,2070,651,0.64166943704112733
039515,401,2070,657,0.60885193365380452
039515,401,2070,660,0.63915138231219371
039515,402,2070,537,0.60985589108552396
039515,402,2070,542,0.60813234271492878
039515,402,2070,543,0.64928250331952198
039515,402,2070,544,0.60214061634988003
039515,402,2070,545,0.63961288903552183
039515,403,2070,426,0.62760582724285086
039515,404,2070,435,0.63074035071654233
039515,405,2070,603,0.60317460317460314
039515,405,2070,604,0.58690582959641258
039515,405,2070,605,0.63727356030168469
039515,407,2070,318,0.59506487981280576
039515,407,2070,322,0.61981721208222773
039515,408,2070,366,0.57707398639140439
039515,409,2070,375,0.62224967099946893
039515,410,2070,302,0.61392832995267077
039515,410,2070,303,0.61685151200829813
039515,410,2070,308,0.64867260766108337
039515,411,2070,442,0.61350104197677879
039515,411,2070,443,0.63681996535755947
039515,411,2070,444,0.65620521639438234
039515,411,2070,452,0.62916705214790147
039515,411,2070,453,0.64578421640402039
039515,412,2070,434,0.59928003706739852
039515,412,2070,438,0.63634580493306525
039515,413,2070,524,0.62270407212846024
039515,413,2070,527,0.64607086334420727
039515,413,2070,529,0.61169428298776785
039515,413,2070,531,0.63966990130214818
039515,414,2070,287,0.65105041096690364
039515,414,2070,290,0.59304270264243508
039515,414,2070,291,0.59590068793703821
039515,414,2070,292,0.57368270741110949
039515,414,2070,293,0.62264633938221747
039515,415,2070,454,0.62381547050613384
039515,416,2070,466,0.6295109287866163
039515,416,2070,472,0.6032377919320594
039515,417,2070,131,0.62810113091361242
039515,418,2070,393,0.63744133750488852
039515,418,2070,394,0.6152586005148607
039515,418,2070,397,0.6411537588008176
039515,418,2070,398,0.64309263201522204
039515,418,2070,401,0.60017642095574131
039515,418,2070,403,0.59344434564707782
039515,419,2070,461,0.63793511721524987
039515,419,2070,463,0.6193370613501904
039515,420,2070,286,0.60550458715596334
039515,421,2070,208,0.64733368378015299
039515,422,2070,383,0.62118258609486676
039515,423,2070,636,0.61426017972135849
039515,423,2070,637,0.61620077535196893
039515,423,2070,645,0.63592947146237977
039515,423,2070,646,0.6227544910179641
039515,424,2070,459,0.59369441207139795
039515,425,2070,457,0.60169491525423724
039515,426,2070,502,0.57181637838025967
039515,426,2070,504,0.59152515347205614
039515,426,2070,508,0.63777085075648143
039515,427,2070,311,0.64320192660070152
039515,427,2070,312,0.5912043539325843
039515,427,2070,313,0.58674995811493258
039515,428,2070,343,0.61010248901903363
039515,428,2070,348,0.62921767049852362
039515,428,2070,351,0.59521673302304712
039515,428,2070,352,0.60405300077942325
039515,429,2070,469,0.62997279006488527
039515,431,2070,304,0.61678452579034937
039515,431,2070,306,0.60605153906571418
039515,432,2070,431,0.60854037267080741
039515,432,2070,434,0.63204401467155713
039515,433,2070,444,0.61951626355296086
039515,433,2070,447,0.63038383302379053
039515,434,2070,164,0.63035619820137545
039515,434,2070,165,0.59504256761847363
039515,435,2070,499,0.61859524236294272
039515,436,2070,511,0.59944683681686095
039515,436,2070,514,0.63689334060943192
039515,437,2070,434,0.63545499093829483
039515,438,2070,362,0.60158699438745888
039515,438,2070,363,0.61122300999033197
039515,440,2070,505,0.60828893763710434
039515,440,2070,508,0.6048951048951049
039515,440,2070,515,0.60263687097657037
039515,441,2070,382,0.62995987516718677
039515,441,2070,384,0.61441679689065187
039515,443,2070,554,0.62567991353803087
039515,444,2070,638,0.63879823055141749
039515,444,2070,640,0.56410037798050416
039515,445,2070,478,0.61092700130734856
039515,445,2070,479,0.63215572240788165
039515,445,2070,481,0.63788542236818102
039515,445,2070,482,0.6301340980011807
039515,446,2070,471,0.61303753683221596
039515,446,2070,475,0.61145752143413878
039515,447,2070,415,0.64262768077575183
039515,448,2070,652,0.62153438715550768
039515,448,2070,655,0.64881658014143806
039515,448,2070,656,0.59538400318344609
039515,448,2070,658,0.62588316388075138
039515,449,2070,450,0.60024921147930377
039515,449,2070,453,0.60933460816601159
039515,449,2070,455,0.60761957730812011
039515,450,2070,331,0.6522384126643308
039515,450,2070,333,0.63180146281655603
039515,450,2070,334,0.61664145234493195
039515,451,2070,504,0.62736070656769705
039515,451,2070,512,0.63796564800356903
039515,451,2070,515,0.5738630076352772
039515,452,2070,249,0.59677725118483416
039515,452,2070,251,0.62172025661711039
039515,453,2070,470,0.61537618699780861
039515,453,2070,473,0.63710354628253985
039515,454,2070,291,0.64931262330504491
039515,454,2070,297,0.61656497586740733
039515,454,2070,298,0.5996895724566107
039515,455,2070,651,0.62946679367870839
039515,455,2070,655,0.61402920578155262
039515,455,2070,656,0.62741026401661226
039515,456,2070,563,0.63561709620617901
039515,456,2070,565,0.62054007581382631
039515,456,2070,568,0.64058624064085934
039515,456,2070,569,0.61622158801345428
039515,456,2070,570,0.60044834672146463
039515,456,2070,571,0.63054031653313336
039515,456,2070,572,0.57259542593035306
039515,456,2070,573,0.59750687605358888
039515,456,2070,574,0.59005966623254691
039515,457,2070,272,0.62506365446044165
039515,457,2070,273,0.63103432862506703
039515,458,2070,626,0.61366505244313874
039515,458,2070,627,0.6415084579173348
039515,458,2070,630,0.61264194186894472
039515,459,2070,491,0.64156305506216693
039515,459,2070,496,0.63294066181295505
039515,459,2070,497,0.64218438688643364
039515,459,2070,498,0.61499200381094965
039515,460,2070,466,0.64387824847665165
039515,460,2070,469,0.64547835749814797
039515,460,2070,471,0.60142650929778385
039515,460,2070,472,0.61916626736942981
039515,461,2070,633,0.6410814487332086
039515,461,2070,639,0.61745018679950192
039515,462,2070,323,0.62302421816701714
039515,462,2070,324,0.60563639148414761
039515,462,2070,325,0.58993233930585143
039515,462,2070,328,0.62197633425250443
039515,462,2070,331,0.62728277459081105
039515,463,2070,480,0.59278072462465159
039515,463,2070,481,0.63586503444342068
039515,464,2070,426,0.58384544476878164
039515,464,2070,429,0.60274646288870393
039515,464,2070,431,0.59552545303887305
039515,465,2070,421,0.63894803058163163
039515,465,2070,425,0.5874802080977154
039515,465,2070,429,0.60128170041963147
039515,465,2070,431,0.61594442606682109
039515,466,2070,448,0.61014789533560865
039515,466,2070,449,0.60832771661798846
039515,467,2070,496,0.63607347576862949
039515,467,2070,501,0.6290077556568322
039515,468,2070,435,0.58809176984705025
039515,468,2070,438,0.6094288089300558
039515,469,2070,340,0.63101497170897802
039515,469,2070,347,0.60724238201974923
039515,470,2070,622,0.6236978890421131
039515,470,2070,623,0.64171362662712139
039515,471,2070,545,0.57438844680223988
039515,472,2070,394,0.63211021460376982
039515,472,2070,397,0.63161835490426788
039515,473,2070,502,0.63469309216855874
039515,474,2070,291,0.62425611076661081
039515,474,2070,292,0.62013667875558187
039515,474,2070,295,0.6422836685523523
039515,475,2070,529,0.59155338824599524
039515,475,2070,530,0.63101533580116342
039515,475,2070,531,0.63529792746113989
039515,476,2070,563,0.65433847710599546
039515,476,2070,565,0.64539463717618539
039515,476,2070,567,0.64066222491419345
039515,476,2070,568,0.62627690785055323
039515,476,2070,570,0.61966039207345169
039515,476,2070,573,0.62452303396928799
039515,478,2070,464,0.60764427308159763
039515,478,2070,469,0.62943514837755388
039515,479,2070,387,0.63007385704693886
039515,479,2070,392,0.63292206639446125
039515,479,2070,393,0.63617184503260449
039515,479,2070,394,0.61403260099220414
039515,480,2070,503,0.57425847084902004
039515,481,2070,610,0.63399778516057581
039515,482,2070,366,0.6189014116149324
039515,482,2070,369,0.63735529299439075
039515,482,2070,370,0.64179293328693887
039515,482,2070,373,0.61099582468685154
039515,483,2070,557,0.63241373889805863
039515,484,2070,403,0.63371939067051331
039515,484,2070,404,0.6034987748589663
039515,484,2070,405,0.64537530266343823
039515,485,2070,425,0.65869167561917485
039515,485,2070,426,0.57026936900218606
039515,486,2070,451,0.64925854287556417
039515,486,2070,457,0.60616023067180469
039515,486,2070,459,0.64096350418162273
039515,486,2070,464,0.59904732771052749
039515,487,2070,318,0.64562740693196408
039515,487,2070,319,0.63428587375118606
039515,487,2070,320,0.59373409669211197
039515,488,2070,439,0.64325535175921711
039515,488,2070,440,0.62820810861074949
039515,488,2070,444,0.65950975129719092
039515,489,2070,355,0.60514266435319064
039515,489,2070,360,0.61825328664860935
039515,489,2070,361,0.59530864197530864
039515,490,2070,467,0.63731105807478128
039515,491,2070,475,0.64080102174482578
039515,492,2070,283,0.61785697840401532
039515,493,2070,400,0.58302597819114821
039515,493,2070,403,0.63165338133196192
039515,494,2070,485,0.64094340144330464
039515,495,2070,473,0.63122551762730839
039515,496,2070,459,0.61626999609832223
039515,496,2070,465,0.60628129267182518
039515,497,2070,459,0.62587432152649547
039515,497,2070,460,0.63614785454210254
039515,498,2070,416,0.60086229921019496
039515,498,2070,417,0.61342666242443522
039515,500,2070,560,0.63699050401753099
039515,500,2070,562,0.64739017070890936
039515,501,2070,302,0.62798779840043706
039515,501,2070,309,0.60678195425140591
039515,502,2070,454,0.60714748826473719
039515,502,2070,455,0.63614931237721017
039515,503,2070,320,0.62425898786654521
039515,504,2070,561,0.59546197243888155
039515,504,2070,562,0.6327012088257763
039515,504,2070,568,0.60109953333759514
039515,505,2070,412,0.59990455563305312
039515,505,2070,414,0.58771654531759976
039515,505,2070,415,0.63131782945736437
039515,506,2070,373,0.65014162473970794
039515,506,2070,374,0.63577410961131886
039515,506,2070,377,0.62201058201058201
039515,507,2070,572,0.6384005728112192
039515,508,2070,439,0.63185276993140027
039515,508,2070,441,0.6021730045967405
039515,508,2070,443,0.63296251142944226
039515,508,2070,444,0.62981560750740861
039515,508,2070,449,0.64414585363351962
039515,509,2070,179,0.62979449205424742
039515,509,2070,180,0.62507720815318102
039515,509,2070,181,0.63038666484492412
039515,509,2070,184,0.63865865576025194
039515,509,2070,186,0.62588949825499707
039515,510,2070,499,0.6569377427327292
039515,510,2070,503,0.63011674301758536
039515,511,2070,615,0.62093092708733311
039515,511,2070,620,0.6073910296904611
039515,512,2070,400,0.63600112856202384
039515,512,2070,406,0.64198965959956977
039515,513,2070,333,0.60911466286606264
039515,514,2070,588,0.62545539467538536
039515,514,2070,589,0.59716306190810964
039515,514,2070,592,0.63885260462929094
039515,514,2070,593,0.60431095406360424
039515,516,2070,281,0.64975542184321022
039515,516,2070,289,0.6380825611358556
039515,517,2070,522,0.63313235437129245
039515,518,2070,503,0.6215929073856975
039515,519,2070,534,0.6169059011164274
039515,519,2070,535,0.60039370078740162
039515,519,2070,545,0.64438653041629523
039515,519,2070,546,0.60597895817295355
039515,520,2070,433,0.64034294863517804
039515,520,2070,439,0.6141475440925469
039515,520,2070,440,0.62250474601622274
039515,520,2070,441,0.63325436778205513
039515,521,2070,451,0.57171953381360086
039515,521,2070,453,0.58739624466113305
039515,521,2070,456,0.62239216690131827
039515,521,2070,457,0.61117649291978282
039515,521,2070,458,0.61613991007669933
039515,522,2070,504,0.6258979289613863
039515,522,2070,507,0.62640829202343395
039515,523,2070,427,0.62472099897448274
039515,523,2070,431,0.61333153420591013
039515,524,2070,513,0.64411494918772783
039515,525,2070,420,0.62501662076170572
039515,525,2070,421,0.63231272694669838
039515,527,2070,426,0.6349286934047168
039515,527,2070,428,0.62790523597440029
039515,528,2070,262,0.61903396875447902
039515,531,2070,306,0.64407001386672247
039515,532,2070,308,0.61679644048943272
039515,532,2070,310,0.643510389230319
039515,533,2070,308,0.63838081883600162
039515,533,2070,310,0.60877606695334541
039515,533,2070,313,0.64533512356207134
039515,533,2070,314,0.60853145121347196
039515,534,2070,289,0.57904391532450383
039515,535,2070,354,0.59612939680745869
039515,536,2070,222,0.61163998918886453
039515,536,2070,224,0.63294975067126968
039515,536,2070,225,0.62444224095190881
039515,537,2070,611,0.56069409962495376
039515,538,2070,320,0.59582061144375276
039515,538,2070,325,0.63296432964329641
039515,539,2070,447,0.61718632324145206
039515,539,2070,449,0.61555746210728435
039515,539,2070,450,0.6028866099862682
039515,539,2070,452,0.62983425414364635
039515,540,2070,250,0.63009315358982132
039515,540,2070,253,0.59917022574740697
039515,540,2070,256,0.63705968860150797
039515,540,2070,257,0.64027182989136722
039515,541,2070,465,0.63220928193437242
039515,541,2070,467,0.62782815791884217
039515,541,2070,468,0.60673779719398468
039515,541,2070,471,0.59979391249207359
039515,542,2070,366,0.59479377958079782
039515,542,2070,367,0.61065592529866797
039515,542,2070,370,0.61690953822861472
039515,543,2070,410,0.62598279530108225
039515,543,2070,411,0.65082237595638426
039515,543,2070,412,0.61405056977324179
039515,543,2070,413,0.60149094781682644
039515,544,2070,550,0.63849475632325725
039515,544,2070,551,0.62747279920870425
039515,545,2070,407,0.63119213055827461
039515,546,2070,475,0.57970342910101946
039515,548,2070,428,0.62085002862049232
039515,548,2070,431,0.64126959369882242
039515,549,2070,330,0.59490366334667011
039515,550,2070,570,0.66606890367969096
039515,550,2070,571,0.58355472322634028
039515,550,2070,573,0.6358444558521561
039515,550,2070,578,0.64198970564580993
039515,551,2070,579,0.63846402949382219
039515,552,2070,462,0.64530734632683662
039515,552,2070,463,0.58708168405901406
039515,553,2070,270,0.63358925143953937
039515,555,2070,389,0.60180516123564554
039515,555,2070,393,0.63519627283753344
039515,556,2070,564,0.65182543181180619
039515,556,2070,566,0.61189406413082914
039515,556,2070,572,0.61548805799982464
039515,556,2070,573,0.60693709582598476
039515,558,2070,304,0.61485840861709518
039515,558,2070,305,0.64718832945824156
039515,558,2070,308,0.6002260738507913
039515,558,2070,312,0.63144679447234342
039515,558,2070,314,0.63535964202408723
039515,558,2070,315,0.64584163288261898
039515,559,2070,265,0.60073305843641966
039515,559,2070,268,0.63922315467844215
039515,559,2070,270,0.63364943962974729
039515,559,2070,272,0.6253565646442063
039515,560,2070,452,0.6525540974358286
039515,560,2070,453,0.61271348902056466
039515,560,2070,456,0.64381100457804263
039515,560,2070,457,0.58693256549713835
039515,561,2070,399,0.63570414411216614
039515,561,2070,400,0.62092938163190636
039515,561,2070,404,0.62547098718914851
039515,562,2070,438,0.62231982620194581
039515,562,2070,442,0.63812977331199483
039515,562,2070,443,0.64351605274931289
039515,562,2070,445,0.6257834449967582
039515,562,2070,447,0.62244626869636832
039515,563,2070,527,0.65064224850565944
039515,563,2070,528,0.58611805121798877
039515,563,2070,529,0.60292063492063497
039515,563,2070,531,0.60438022600846653
039515,563,2070,532,0.60337287008852036
039515,565,2070,520,0.59636211582688692
039515,566,2070,466,0.64363597203650691
039515,566,2070,469,0.62852128521285211
039515,567,2070,501,0.63982093886110658
039515,567,2070,502,0.60141336270190893
039515,568,2070,497,0.60176030511955403
039515,568,2070,501,0.57369756241038272
039515,569,2070,493,0.59401505415825229
039515,569,2070,497,0.61052054332236561
039515,569,2070,499,0.60215229755718314
039515,570,2070,238,0.63393948372282505
039515,570,2070,242,0.62368385067687682
039515,571,2070,458,0.60662362394909197
039515,571,2070,459,0.60854843674420644
039515,571,2070,461,0.64201782820097242
039515,571,2070,463,0.6297671093513707
039515,572,2070,400,0.64362644061892182
039515,573,2070,278,0.64097717461301784
039515,573,2070,279,0.62367030644593169
039515,574,2070,303,0.61735178154205606
039515,575,2070,334,0.59601655222591055
039515,575,2070,338,0.63275971480831683
039515,575,2070,339,0.61144313587625243
039515,575,2070,340,0.62219347991907936
039515,577,2070,426,0.61619900497512436
039515,577,2070,433,0.57943804777453167
039515,577,2070,434,0.61976840005204492
039515,577,2070,435,0.59164925648273314
039515,578,2070,437,0.62709807040308063
039515,578,2070,442,0.62861078823883942
039515,579,2070,421,0.61676372315035799
039515,579,2070,422,0.65183496359491067
039515,579,2070,425,0.63349308185823605
039515,579,2070,426,0.60957007115769735
039515,579,2070,428,0.62746565692145118
039515,579,2070,430,0.64091396897173281
039515,580,2070,428,0.61082641111501679
039515,580,2070,429,0.59843865304695698
039515,580,2070,437,0.6185805931548719
039515,581,2070,540,0.61375641269238079
039515,581,2070,543,0.61537177668363519
039515,582,2070,451,0.6333333333333333
039515,582,2070,452,0.63996990047278979
039515,582,2070,454,0.63348920863309355
039515,582,2070,457,0.62691265191920953
039515,583,2070,462,0.60373905085632107
039515,583,2070,466,0.5932859666929815
039515,584,2070,392,0.63880957069712485
039515,585,2070,172,0.65085367251059933
039515,585,2070,173,0.6271139451067369
039515,585,2070,174,0.61360270383169402
039515,585,2070,175,0.62735163420407825
039515,585,2070,176,0.59922178988326846
039515,585,2070,178,0.61207456181025688
039515,585,2070,180,0.62351297981987186
039515,585,2070,184,0.60384363398121865
039515,585,2070,185,0.62010939623035921
039515,586,2070,380,0.6268129370197415
039515,586,2070,385,0.62828685258964145
039515,588,2070,474,0.6423177215618544
039515,589,2070,518,0.60601931394039932
039515,589,2070,521,0.61014903198848602
039515,589,2070,523,0.57928271772387474
039515,589,2070,526,0.63032143761073145
039515,589,2070,529,0.61906893464637425
039515,590,2070,466,0.59730695485445351
039515,591,2070,305,0.61771593263082047
039515,591,2070,310,0.59120825546436984
039515,592,2070,232,0.61959644551346293
039515,593,2070,450,0.59574072351901797
039515,594,2070,323,0.62770242498972462
039515,594,2070,324,0.64266247587976688
039515,594,2070,326,0.64175280501811116
039515,594,2070,328,0.6204264598982312
039515,594,2070,333,0.62218564458291692
039515,595,2070,510,0.56101143636554407
039515,596,2070,443,0.61129381567337771
039515,596,2070,444,0.6052076002814919
039515,596,2070,446,0.61264212032226484
039515,596,2070,447,0.61394372451657175
039515,597,2070,315,0.62749146868954719
039515,597,2070,316,0.62006179843932752
039515,597,2070,320,0.63850292519849561
039515,598,2070,380,0.63120813331629766
039515,598,2070,381,0.56558935361216733
039515,599,2070,393,0.65516708160014847
039515,601,2070,520,0.59493727299061883
039515,601,2070,525,0.60946745562130178
039515,604,2070,328,0.58470058271686576
039515,605,2070,457,0.6086312787892082
039515,605,2070,459,0.61334604385128699
039515,605,2070,460,0.57956801880293396
039515,606,2070,233,0.61401511702030775
039515,607,2070,251,0.63231552162849869
039515,607,2070,252,0.63983249639450224
039515,607,2070,253,0.59256604179361272
039515,607,2070,259,0.61295493460599659
039515,608,2070,498,0.63163682751946515
039515,608,2070,499,0.60513755098498656
039515,608,2070,501,0.62697986956153473
039515,609,2070,534,0.61654522074582085
039515,609,2070,535,0.60610477578667576
039515,609,2070,536,0.60459820626011229
039515,609,2070,540,0.6232345539520312
039515,609,2070,544,0.63472848250697578
039515,610,2070,337,0.61440658375329416
039515,610,2070,338,0.59523650006699713
039515,610,2070,339,0.61687698514893985
039515,610,2070,341,0.64074659917747545
039515,611,2070,277,0.61649757491974977
039515,611,2070,279,0.63206271965396055
039515,611,2070,282,0.63572138703943604
039515,612,2070,308,0.61043344229184937
039515,612,2070,310,0.59466564898443797
039515,613,2070,290,0.62377850162866455
039515,614,2070,240,0.64073016733001309
039515,617,2070,436,0.63745827372436814
039515,617,2070,440,0.61849710982658956
039515,618,2070,435,0.602388450370128
039515,618,2070,436,0.64508487300329487
039515,619,2070,502,0.62657004830917873
039515,619,2070,508,0.61765356211029054
039515,620,2070,349,0.60983424470266578
039515,620,2070,350,0.61216397298110314
039515,621,2070,537,0.55330159387290412
039515,622,2070,376,0.59215825109527809
039515,622,2070,379,0.60622086769451411
039515,623,2070,386,0.64170660136376112
039515,624,2070,231,0.61349448797981143
039515,624,2070,241,0.53860988348734429
039515,625,2070,572,0.64797401571977176
039515,625,2070,575,0.63650341165030788
039515,625,2070,580,0.57452549875689773
039515,625,2070,581,0.59981876098418274
039515,626,2070,308,0.61900458779368828
039515,627,2070,547,0.60496824803884941
039515,627,2070,549,0.60846273291925468
039515,628,2070,320,0.6033426894615973
039515,628,2070,324,0.63984219642055296
039515,628,2070,326,0.61789277313650737
039515,628,2070,331,0.60558963243093666
039515,628,2070,332,0.5867179050555722
039515,629,2070,490,0.62900314698259907
039515,629,2070,491,0.63609094317755732
039515,630,2070,396,0.60454795215351453
039515,630,2070,397,0.60212932133020924
039515,631,2070,331,0.60458586803930747
039515,631,2070,338,0.62894391072129419
039515,632,2070,368,0.60119320789352915
039515,632,2070,371,0.58962874838167889
039515,632,2070,373,0.60952421194963236
039515,632,2070,374,0.62376788813570427
039515,632,2070,375,0.63537395040031241
039515,633,2070,374,0.60258310395934789
039515,633,2070,378,0.61073698188371428
039515,634,2070,414,0.63115857905734851
039515,634,2070,415,0.65321215919774367
039515,634,2070,417,0.61063476463212119
039515,635,2070,425,0.58798912545437887
039515,635,2070,429,0.63239353312302837
039515,635,2070,431,0.63229334877060417
039515,636,2070,452,0.60707027942421676
039515,636,2070,454,0.63544746036011823
039515,636,2070,455,0.61545666157045853
039515,636,2070,456,0.61818997085419625
039515,636,2070,461,0.62630142280841605
039515,636,2070,463,0.62954507018433958
039515,637,2070,503,0.63135699723517746
039515,637,2070,505,0.62839266831159679
039515,638,2070,488,0.62757656397997386
039515,640,2070,603,0.60909903099443341
039515,640,2070,605,0.62882338120433356
039515,641,2070,481,0.64074289799052186
039515,641,2070,483,0.6078368498685307
039515,641,2070,485,0.62765226682949171
039515,643,2070,564,0.61866083077311562
039515,643,2070,565,0.59592621930519407
039515,645,2070,447,0.59280245022970901
039515,645,2070,448,0.64972403956466462
039515,645,2070,453,0.6130389744917778
039515,646,2070,439,0.60980527404892026
039515,646,2070,440,0.61251181063205529
039515,647,2070,426,0.63217513434294093
039515,647,2070,432,0.61057990810877938
039515,647,2070,434,0.57992949651314274
039515,648,2070,441,0.63252579540093135
039515,648,2070,446,0.60501977293022069
039515,648,2070,447,0.61251983354788497
039515,649,2070,475,0.59255290650950976
039515,649,2070,476,0.62351426732460846
039515,650,2070,394,0.63398256353181226
039515,650,2070,396,0.61237559498052796
039515,650,2070,401,0.63738131620967331
039515,651,2070,444,0.61027391884467463
039515,651,2070,446,0.57974609046578107
039515,651,2070,449,0.59693858502893415
039515,652,2070,598,0.62109213131359642
039515,652,2070,601,0.60203996321377806
039515,652,2070,605,0.60272894253476783
039515,653,2070,329,0.63455909744026395
039515,653,2070,331,0.62234924513482848
039515,654,2070,450,0.59588791406420882
039515,654,2070,454,0.61976169246980628
039515,655,2070,439,0.59598718127351258
039515,655,2070,440,0.61485986961489347
039515,655,2070,443,0.60110141819776797
039515,656,2070,490,0.63404130165332662
039515,656,2070,492,0.63115132084586834
039515,658,2070,225,0.65122950321506279
039515,658,2070,226,0.6126777933075721
039515,658,2070,227,0.61692166774095059
039515,658,2070,231,0.64737202481323641
039515,659,2070,364,0.63360283967659237
039515,660,2070,412,0.61143200060010505
039515,660,2070,413,0.58114352227434662
039515,660,2070,414,0.5851139320350075
039515,660,2070,415,0.6453846521178549
039515,660,2070,416,0.62359068446127897
039515,660,2070,422,0.61624090195518766
039515,660,2070,424,0.63268543041402947
039515,661,2070,500,0.61578302712160982
039515,661,2070,501,0.62220913685656809
039515,661,2070,502,0.63584721692314217
039515,662,2070,444,0.60851051158358649
039515,662,2070,447,0.60604192355117137
039515,663,2070,375,0.61691872291500838
039515,664,2070,433,0.63480772316414402
039515,664,2070,434,0.60206884711134001
039515,664,2070,435,0.64191023567467653
039515,664,2070,436,0.59834303802415101
039515,664,2070,439,0.64926801263037026
039515,665,2070,513,0.63922892922470809
039515,665,2070,514,0.63792824822236582
039515,665,2070,517,0.62502158308872502
039515,665,2070,518,0.64859002169197399
039515,666,2070,596,0.61529069221376909
039515,666,2070,598,0.61128470989276329
039515,667,2070,357,0.57614512828584918
039515,667,2070,359,0.62102689486552565
039515,667,2070,361,0.61486160133754408
039515,668,2070,503,0.60076703615359428
039515,668,2070,504,0.63625563436877597
039515,668,2070,505,0.63564910006178532
039515,669,2070,452,0.63824777608404726
039515,669,2070,453,0.64002366319387383
039515,669,2070,455,0.61212683233935394
039515,670,2070,309,0.62454429456799121
039515,670,2070,312,0.60713665351497559
039515,670,2070,313,0.61162896677438061
039515,670,2070,314,0.60257814782354657
039515,672,2070,326,0.59897802043959125
039515,672,2070,327,0.60052876746821104
039515,673,2070,493,0.63088622404211758
039515,674,2070,236,0.63167292982596412
039515,674,2070,238,0.57841761727566643
039515,675,2070,462,0.64444954742905258
039515,676,2070,567,0.63921935089674009
039515,676,2070,571,0.60539312093002928
039515,677,2070,478,0.620591557545078
039515,677,2070,481,0.62716972910160507
039515,679,2070,403,0.63515840220385678
039515,679,2070,412,0.64784380457659752
039515,680,2070,450,0.58643231575701515
039515,680,2070,457,0.5885996862786802
039515,681,2070,170,0.6496548190496737
039515,681,2070,171,0.60886041685464221
039515,681,2070,177,0.62954752385099566
039515,682,2070,407,0.62441234914942079
039515,682,2070,408,0.63760993713036551
039515,683,2070,343,0.60397629044208445
039515,684,2070,449,0.6400451437296687
039515,684,2070,450,0.61928690028838596
039515,684,2070,453,0.63270552177566863
039515,684,2070,456,0.6279433886961594
039515,684,2070,457,0.62326767282148288
039515,684,2070,458,0.61952861952861948
039515,684,2070,459,0.63266555011594949
039515,684,2070,461,0.65198361287159912
039515,684,2070,465,0.62756787639416745
039515,685,2070,490,0.60826799053496028
039515,686,2070,465,0.59055849452812659
039515,686,2070,466,0.64034361415855934
039515,687,2070,238,0.64553835296193374
039515,687,2070,239,0.62699366717485638
039515,687,2070,241,0.57932168031102826
039515,688,2070,486,0.58935821024445023
039515,689,2070,219,0.60344675986986718
039515,690,2070,510,0.58772167154487542
039515,690,2070,511,0.59480390593155763
039515,691,2070,384,0.61323665535328598
039515,691,2070,386,0.62488855520623154
039515,692,2070,529,0.61229046663646369
039515,692,2070,533,0.64403531585791529
039515,693,2070,500,0.60734931330314079
039515,693,2070,503,0.5950375982200693
039515,693,2070,513,0.62702552719200888
039515,694,2070,318,0.60383999084353901
039515,694,2070,320,0.5952247098118324
039515,695,2070,456,0.60368663594470051
039515,695,2070,457,0.62692831215970957
039515,696,2070,468,0.60350969290187106
039515,696,2070,471,0.65351456310679612
039515,697,2070,431,0.63946759887527005
039515,697,2070,436,0.59479085137838072
039515,697,2070,437,0.58783548947673292
039515,698,2070,387,0.63852161355000636
039515,698,2070,389,0.64602027344536683
039515,698,2070,390,0.6203794383583483
039515,698,2070,392,0.59553032291940144
039515,698,2070,393,0.63723542345492601
039515,698,2070,394,0.63429778873422182
039515,698,2070,396,0.57572019735794999
039515,698,2070,400,0.60324279896887956
039515,699,2070,182,0.64026317030608881
039515,699,2070,184,0.65276231427803588
039515,699,2070,188,0.60459011475286883
039515,700,2070,199,0.63284004855772014
039515,702,2070,553,0.61058921366310404
039515,702,2070,555,0.59656920848149608
039515,703,2070,270,0.62933097031457685
039515,703,2070,272,0.65172393573355225
039515,703,2070,281,0.61754417844001275
039515,704,2070,368,0.62626356044281262
039515,704,2070,373,0.59386194925582603
039515,705,2070,186,0.62385733072457261
039515,705,2070,187,0.59934253780407631
039515,706,2070,492,0.64037792924630221
039515,706,2070,495,0.63726926457661881
039515,706,2070,496,0.61051843892705016
039515,706,2070,497,0.59305530696259168
039515,707,2070,332,0.64023592295640952
039515,707,2070,334,0.60314523589269198
039515,707,2070,336,0.58845903064551186
039515,709,2070,372,0.62397530440747728
039515,709,2070,373,0.63430840502978159
039515,709,2070,375,0.59285844915874175
039515,709,2070,376,0.61589018302828624
039515,709,2070,380,0.65245885954841176
039515,709,2070,381,0.62581769619049776
039515,709,2070,383,0.62042863225623313
039515,710,2070,471,0.59175796327342201
039515,710,2070,472,0.62972948949660745
039515,710,2070,475,0.59650159167733252
039515,710,2070,477,0.60079730023090128
039515,712,2070,434,0.64419784662348911
039515,712,2070,436,0.62604066602625685
039515,714,2070,515,0.62133333333333329
039515,715,2070,443,0.6277387835214302
039515,716,2070,468,0.62332469455757122
039515,716,2070,469,0.61353898886032565
039515,718,2070,422,0.58358968622406171
039515,718,2070,425,0.5850891410048622
039515,718,2070,428,0.60337699336413853
039515,719,2070,474,0.65164951739923394
039515,719,2070,482,0.6448862745917483
039515,720,2070,639,0.57910511667737097
039515,720,2070,641,0.60307372313381091
039515,721,2070,522,0.63124105049487811
039515,721,2070,524,0.64237931436209672
039515,722,2070,248,0.63865705338285628
039515,722,2070,251,0.58580672993960314
039515,722,2070,255,0.62906831187410583
039515,722,2070,259,0.58197227136215901
039515,723,2070,394,0.60135542168674694
039515,724,2070,603,0.62196894015075832
039515,724,2070,604,0.60191763813202737
039515,724,2070,609,0.63230407404597522
039515,725,2070,343,0.59569964636947936
039515,725,2070,347,0.64847568552729684
039515,726,2070,532,0.64095742903167585
039515,727,2070,284,0.62540762005630035
039515,727,2070,287,0.61700265119303688
039515,728,2070,282,0.64231626947144194
039515,730,2070,451,0.62848441530190502
039515,730,2070,459,0.64085865132306918
039515,731,2070,246,0.61677144970414199
039515,732,2070,401,0.60554732731924066
039515,733,2070,429,0.58281634086386513
039515,733,2070,430,0.63455005196779546
039515,734,2070,437,0.60436843189779521
039515,735,2070,588,0.63877695036119519
039515,735,2070,593,0.60433222250704943
039515,736,2070,254,0.62468809894044042
039515,737,2070,237,0.59971338757396453
039515,738,2070,381,0.62813514311006191
039515,738,2070,383,0.62578094243705396
039515,739,2070,583,0.63630488076665925
039515,739,2070,584,0.63026039208957141
039515,739,2070,585,0.61327262071141964
039515,739,2070,586,0.61314509053202526
039515,739,2070,592,0.64218455743879477
039515,739,2070,593,0.64512372634643378
039515,740,2070,626,0.58258744366152482
039515,740,2070,630,0.63411013136584493
039515,740,2070,633,0.62586865335253239
039515,741,2070,538,0.6428400832508786
039515,742,2070,392,0.6517424842136269
039515,742,2070,401,0.5709616264627051
039515,742,2070,402,0.59072495791245794
039515,742,2070,404,0.64506214601898204
039515,744,2070,368,0.61245400773135861
039515,745,2070,379,0.61556175009089809
039515,745,2070,385,0.58032959590638877
039515,746,2070,382,0.63460153797413665
039515,746,2070,383,0.61193495236048423
039515,746,2070,384,0.65222286793549322
039515,746,2070,386,0.63413869736167305
039515,747,2070,318,0.62678911730122044
039515,748,2070,281,0.64363645526242852
039515,749,2070,432,0.64109492893490083
039515,750,2070,473,0.62817763289582795
039515,750,2070,474,0.60252740855729114
039515,750,2070,475,0.6096565078296009
039515,751,2070,511,0.59176533907427342
039515,751,2070,512,0.62740294549961095
039515,751,2070,513,0.64808048328948653
039515,752,2070,359,0.61595283755948571
039515,752,2070,360,0.60154817681808925
039515,752,2070,368,0.61462612982744458
039515,753,2070,425,0.62281073991204383
039515,754,2070,452,0.58140277432859122
039515,755,2070,456,0.58085717250683178
039515,755,2070,463,0.60210269593303012
039515,755,2070,467,0.62418270128899678
039515,756,2070,242,0.61256930174853641
039515,756,2070,243,0.64578669080169582
039515,756,2070,246,0.63805880371493195
039515,756,2070,251,0.609697933227345
039515,757,2070,374,0.61159353170468145
039515,758,2070,432,0.5983610111433898
039515,758,2070,435,0.64049113369197053
039515,758,2070,436,0.62097364568081992
039515,759,2070,597,0.5667882001988731
039515,759,2070,599,0.63368580060422963
039515,760,2070,205,0.58176652460934231
039515,760,2070,211,0.64376248169351613
039515,762,2070,487,0.62750658294510842
039515,762,2070,493,0.6100057030606425
039515,763,2070,444,0.65906663052663472
039515,763,2070,447,0.61021997344529366
039515,764,2070,343,0.59637548992976053
039515,764,2070,348,0.60119973339257937
039515,765,2070,381,0.62835162063311889
039515,765,2070,382,0.615578947368421
039515,766,2070,384,0.6522385536127614
039515,767,2070,188,0.57257040412340332
039515,767,2070,191,0.56818541620492036
039515,768,2070,424,0.66034934811498081
039515,768,2070,425,0.57829026643459636
039515,769,2070,277,0.63513495918021901
039515,769,2070,278,0.63173185941043086
039515,772,2070,608,0.57942493518736737
039515,772,2070,611,0.62169201917066053
039515,772,2070,612,0.65234743085194835
039515,772,2070,613,0.63735853749533644
039515,772,2070,615,0.63562910233891101
039515,773,2070,456,0.61615373359996095
039515,774,2070,337,0.63028249054576269
039515,774,2070,338,0.6356504733543713
039515,774,2070,340,0.60475496447440336
039515,775,2070,377,0.62373424971363112
039515,776,2070,405,0.55796518431831477
039515,776,2070,410,0.57719982207802401
039515,777,2070,408,0.62273817753019156
039515,777,2070,409,0.60380569306930698
039515,777,2070,410,0.62754996482807135
039515,777,2070,411,0.61736485907650129
039515,778,2070,458,0.64233600154616755
039515,778,2070,462,0.60916915510275782
039515,778,2070,463,0.61597173761339852
039515,779,2070,458,0.63115811788561682
039515,779,2070,462,0.57986239854982902
039515,779,2070,463,0.62909549145897503
039515,781,2070,434,0.64983458122932269
039515,781,2070,437,0.64278021997422452
039515,781,2070,438,0.6264051522248244
039515,781,2070,439,0.61205294496909013
039515,782,2070,625,0.62143572052215768
039515,782,2070,626,0.64114193156509414
039515,782,2070,627,0.64029642275161014
039515,783,2070,414,0.61422998643147897
039515,784,2070,400,0.60439072364455437
039515,784,2070,403,0.5872361315660285
039515,785,2070,362,0.6270454209202545
039515,786,2070,236,0.63510335871968548
039515,786,2070,240,0.6351232652105171
039515,786,2070,245,0.64356401739547309
039515,787,2070,499,0.62443068420244618
039515,788,2070,510,0.6196881091617934
039515,788,2070,515,0.60587973273942097
039515,788,2070,518,0.61850234132137094
039515,789,2070,498,0.63321476051884584
039515,789,2070,499,0.64566091821166027
039515,789,2070,500,0.61181767912157359
039515,789,2070,504,0.64189373668978322
039515,790,2070,439,0.62420849775167475
039515,790,2070,441,0.58653846153846156
039515,790,2070,442,0.61932824897927741
039515,791,2070,536,0.59615553796076359
039515,791,2070,537,0.58509983912179431
039515,791,2070,540,0.59917817225509529
039515,791,2070,548,0.62233273374951503
039515,792,2070,201,0.62403116340709208
039515,792,2070,202,0.59918316181079279
039515,792,2070,206,0.64082022637071878
039515,793,2070,498,0.62385448006363042
039515,796,2070,354,0.65196388921757653
039515,797,2070,503,0.60072448582462656
039515,797,2070,504,0.61785547587728606
039515,798,2070,449,0.625421454057416
039515,798,2070,450,0.6070990549022437
039515,798,2070,451,0.64796916647592606
039515,798,2070,453,0.63504586154182141
039515,799,2070,460,0.61754335468086641
039515,799,2070,464,0.61490365278437964
039515,799,2070,465,0.57951873876365645
039515,799,2070,467,0.63525266276928005
039515,800,2070,326,0.60801271562806791
039515,801,2070,325,0.65022270211904443
039515,801,2070,328,0.60449796500650355
039515,801,2070,332,0.60158398937683766
039515,802,2070,437,0.60473736789526267
039515,802,2070,438,0.62896033794883832
039515,802,2070,439,0.61474780588003408
039515,803,2070,411,0.63187736245275095
039515,804,2070,451,0.64234496414749032
039515,804,2070,454,0.61182878804607854
039515,804,2070,457,0.62418749097212189
039515,805,2070,393,0.60042412625912478
039515,805,2070,397,0.61178841642713189
039515,806,2070,484,0.61742890008329698
039515,806,2070,485,0.6506997265436496
039515,806,2070,489,0.60807388068425361
039515,806,2070,492,0.62359317883060528
039515,807,2070,479,0.60133286915004724
039515,807,2070,480,0.65087179042331711
039515,809,2070,371,0.60794258373205745
039515,809,2070,373,0.63181557059719762
039515,809,2070,376,0.57740386523274734
039515,810,2070,248,0.59861740577132694
039515,810,2070,251,0.63181714285714285
039515,811,2070,537,0.49077235500212002
039515,813,2070,537,0.60699269749944673
039515,814,2070,256,0.60681486880466473
039515,815,2070,437,0.60088063719991025
039515,815,2070,439,0.60541259694324556
039515,816,2070,476,0.57968328840970351
039515,818,2070,489,0.62809881284916202
039515,818,2070,493,0.61939905113336846
039515,818,2070,495,0.59609184556105999
039515,819,2070,362,0.6045490443847733
039515,819,2070,363,0.62355760915223246
039515,820,2070,499,0.60996554176010498
039515,821,2070,390,0.62186231775139034
039515,821,2070,393,0.64312887663680218
039515,821,2070,394,0.59385007793680034
039515,821,2070,395,0.64628636574758269
039515,822,2070,354,0.6355853954519074
039515,822,2070,356,0.63562783949910284
039515,822,2070,360,0.64089743032305757
039515,822,2070,364,0.60071473774336448
039515,824,2070,300,0.60673923015972309
039515,824,2070,307,0.63872920047931803
039515,825,2070,405,0.62697634273608227
039515,826,2070,311,0.58726536938178064
039515,828,2070,364,0.5934722948248824
039515,828,2070,365,0.60396250532594797
039515,828,2070,366,0.64750099324592769
039515,828,2070,369,0.58170351022488376
039515,828,2070,370,0.63036717263148123
039515,829,2070,154,0.63407923006370071
039515,829,2070,158,0.62918407999062609
039515,830,2070,310,0.58588492597577391
039515,830,2070,317,0.6062133355366438
039515,831,2070,505,0.62442326764693201
039515,831,2070,510,0.60897628075125654
039515,831,2070,512,0.60934495864073324
039515,832,2070,406,0.62910579028610403
039515,832,2070,409,0.63882723079001713
039515,833,2070,512,0.6026051274328954
039515,833,2070,513,0.6150346127595957
039515,833,2070,515,0.62518375404258897
039515,833,2070,517,0.60447844331389955
039515,833,2070,522,0.61734389302344095
039515,834,2070,496,0.64415756372062227
039515,834,2070,499,0.65157283925481013
039515,834,2070,501,0.63631449336296475
039515,835,2070,480,0.62275883283529621
039515,835,2070,484,0.56979817769070495
039515,836,2070,307,0.61709620617896588
039515,836,2070,308,0.62885489871847866
039515,836,2070,310,0.62228316483156643
039515,837,2070,571,0.62024084661233425
039515,837,2070,573,0.61116152450090744
039515,838,2070,440,0.58865220301610421
039515,839,2070,468,0.59650522317188981
039515,839,2070,469,0.5891344710939288
039515,840,2070,368,0.62578053679021362
039515,840,2070,370,0.61787622893974625
039515,841,2070,508,0.61243344264607358
039515,841,2070,511,0.64902686943503274
039515,841,2070,513,0.63669020190759318
039515,841,2070,514,0.60734859675036923
039515,842,2070,511,0.6264240506329114
039515,844,2070,440,0.59506245284600556
039515,844,2070,442,0.63392094431932899
039515,844,2070,443,0.63943914156379633
039515,844,2070,444,0.63075302206942441
039515,848,2070,508,0.60385668813383675
039515,848,2070,517,0.64133188563155985
039515,849,2070,660,0.60106335844040759
039515,849,2070,662,0.61745991346398577
039515,850,2070,372,0.61032706434602368
039515,850,2070,374,0.60381217633491446
039515,851,2070,273,0.62490297246701065
039515,851,2070,275,0.64105775424032063
039515,851,2070,276,0.64458007608377577
039515,852,2070,274,0.61422002915778851
039515,852,2070,278,0.62327653850465192
039515,852,2070,279,0.62821052631578944
039515,853,2070,518,0.6092111922492951
039515,853,2070,521,0.63314236783624533
039515,853,2070,522,0.64590729074754272
039515,853,2070,523,0.62315765326604344
039515,853,2070,530,0.59376145108098199
039515,854,2070,266,0.62052927770801358
039515,854,2070,269,0.61818025971799595
039515,855,2070,385,0.63777605149262018
039515,855,2070,388,0.64041626533774443
039515,856,2070,289,0.61413991344228414
039515,857,2070,444,0.62312716096811371
039515,857,2070,449,0.62470226280269947
039515,859,2070,579,0.62070944782458959
039515,859,2070,587,0.60648026191999393
039515,859,2070,590,0.61808998222804223
039515,860,2070,504,0.65595156889495221
039515,860,2070,505,0.63651923438184888
039515,860,2070,507,0.59895505476520206
039515,860,2070,509,0.61304430500095075
039515,861,2070,312,0.6135222820763957
039515,861,2070,313,0.64439487016055474
039515,862,2070,556,0.61602688470066513
039515,863,2070,512,0.6205001730702665
039515,863,2070,513,0.63056415139252564
039515,863,2070,518,0.63509821777026143
039515,863,2070,523,0.62152770638429111
039515,864,2070,340,0.64180123408165946
039515,864,2070,341,0.59524474547866768
039515,864,2070,343,0.5825334496800465
039515,866,2070,284,0.62763224436128251
039515,866,2070,287,0.60398616884882861
039515,866,2070,289,0.61552796811835198
039515,867,2070,438,0.6260422411835318
039515,868,2070,302,0.63867653354534892
039515,869,2070,404,0.62640148963987163
039515,869,2070,406,0.64600081755007499
039515,870,2070,424,0.62658682634730534
039515,870,2070,426,0.60872820029389751
039515,870,2070,429,0.60638979683394223
039515,871,2070,550,0.60964179321368883
039515,871,2070,552,0.57808406424421921
039515,871,2070,557,0.62748676765833178
039515,871,2070,559,0.59808421472759932
039515,871,2070,560,0.6177430636512008
039515,872,2070,640,0.60729307763598772
039515,872,2070,642,0.65161377813940868
039515,872,2070,643,0.64071107638210589
039515,872,2070,645,0.60615888218713065
039515,872,2070,646,0.61880231809401154
039515,873,2070,465,0.60558662236269822
039515,873,2070,468,0.61406579418433505
039515,874,2070,540,0.63467349129034922
039515,874,2070,542,0.5984389933099713
039515,874,2070,543,0.62153405983085797
039515,874,2070,544,0.64133119750887013
039515,874,2070,545,0.64875741038828472
039515,874,2070,551,0.63537401702736074
039515,876,2070,318,0.61446918817014262
039515,876,2070,319,0.61466727663018617
039515,877,2070,497,0.57552781501340478
039515,877,2070,501,0.62921818305625543
039515,878,2070,421,0.63192000000000004
039515,879,2070,464,0.63137929290374795
039515,879,2070,466,0.60081306786177846
039515,880,2070,250,0.59522909579606065
039515,881,2070,367,0.56927376597755952
039515,881,2070,368,0.62077557466222144
039515,881,2070,369,0.59346377123199312
039515,881,2070,371,0.59801068336710261
039515,881,2070,374,0.64509062795292504
039515,881,2070,375,0.61155574276888514
039515,882,2070,269,0.60454155955441302
039515,882,2070,276,0.60520648896970852
039515,882,2070,279,0.65087838758000816
039515,883,2070,219,0.5853961794958743
039515,883,2070,222,0.61886887942305258
039515,884,2070,520,0.61135891887117433
039515,884,2070,531,0.62322070125972073
039515,884,2070,533,0.60331666578009469
039515,885,2070,344,0.62167421322456307
039515,885,2070,349,0.60593015381638771
039515,887,2070,243,0.62082667809419922
039515,888,2070,285,0.60525306748466257
039515,888,2070,287,0.61696741179639103
039515,888,2070,288,0.59919945623442339
039515,888,2070,289,0.60896512865460461
039515,888,2070,293,0.62804854555962242
039515,888,2070,294,0.63437931875457276
039515,889,2070,446,0.63301530951852669
039515,889,2070,451,0.64749161329673677
039515,891,2070,482,0.61142925316153662
039515,891,2070,485,0.65947716108633048
039515,892,2070,524,0.5856458723161333
039515,892,2070,530,0.64467629454725162
039515,893,2070,498,0.58574533085572111
039515,893,2070,499,0.57609864506416231
039515,893,2070,502,0.62874251497005984
039515,894,2070,622,0.63781060515990962
039515,894,2070,624,0.61579226285108635
039515,895,2070,631,0.60475067996373522
039515,895,2070,638,0.60703767450755397
039515,896,2070,377,0.61319114795747809
039515,896,2070,380,0.58687269554448473
039515,896,2070,386,0.60858212202976758
039515,897,2070,456,0.62058704179629376
039515,898,2070,408,0.63754897552829337
039515,899,2070,281,0.6272760844246229
039515,899,2070,283,0.6081355073075948
039515,900,2070,495,0.62327761068755683
039515,900,2070,500,0.59993982549393243
039515,901,2070,347,0.62917187221131532
039515,901,2070,350,0.61221128583192819
039515,902,2070,565,0.62500497552043943
039515,902,2070,566,0.60102512470825131
039515,902,2070,570,0.62859353749472402
039515,902,2070,571,0.59864888272994976
039515,904,2070,491,0.58051764314247667
039515,904,2070,492,0.61458881290548839
039515,904,2070,494,0.6316971264531166
039515,904,2070,497,0.61150692953347652
039515,904,2070,499,0.61075664314667466
039515,904,2070,500,0.63620877129394704
039515,905,2070,345,0.62788152645885553
039515,905,2070,346,0.60982061270619925
039515,905,2070,347,0.60201714096311376
039515,906,2070,503,0.64765514266346214
039515,907,2070,534,0.59425803273304501
039515,907,2070,540,0.58746651220042001
039515,908,2070,493,0.58481584573802892
039515,908,2070,495,0.61929100724593056
039515,908,2070,502,0.62042581503659344
039515,909,2070,267,0.59740766429686143
039515,910,2070,404,0.65568190048526109
039515,910,2070,408,0.59942006737452558
039515,910,2070,412,0.58919390823552231
039515,911,2070,512,0.60728657660247198
039515,911,2070,513,0.6261945092524529
039515,912,2070,406,0.59914085462355871
039515,912,2070,409,0.62197367209794718
039515,912,2070,410,0.63108274549322585
039515,912,2070,411,0.60801805674978504
039515,914,2070,167,0.64175640196339556
039515,914,2070,169,0.63645744100926716
039515,914,2070,171,0.60213980028530667
039515,914,2070,173,0.60391679160419787
039515,914,2070,175,0.61816461684011348
039515,915,2070,214,0.61231595285037121
039515,915,2070,218,0.64272555813851484
039515,915,2070,219,0.63891918516694224
039515,915,2070,221,0.61911676169564756
039515,916,2070,421,0.62470615349158798
039515,916,2070,422,0.6314947258417426
039515,916,2070,423,0.60794009607233679
039515,917,2070,591,0.64125813226781414
039515,918,2070,520,0.6335082487070105
039515,918,2070,524,0.62113453217418924
039515,918,2070,527,0.63125571411535553
039515,918,2070,528,0.61852853946615327
039515,919,2070,357,0.64168036829990138
039515,919,2070,358,0.61703841699813711
039515,919,2070,365,0.60643371195699303
039515,919,2070,366,0.62326079200856221
039515,919,2070,369,0.60622686838516981
039515,920,2070,273,0.61322424764365346
039515,921,2070,433,0.60598807094647622
039515,921,2070,438,0.57052109181141442
039515,922,2070,390,0.65510701706854513
039515,922,2070,396,0.61481768813033355
039515,923,2070,401,0.59687726942628905
039515,923,2070,402,0.61519449408722771
039515,924,2070,430,0.60045338622839328
039515,924,2070,433,0.59038473080847487
039515,924,2070,434,0.60434496379196845
039515,924,2070,438,0.59822150363783344
039515,924,2070,439,0.6331699955283947
039515,925,2070,437,0.61922862792528177
039515,925,2070,440,0.61821161048689144
039515,925,2070,441,0.57422238778170986
039515,926,2070,446,0.63377377732452445
039515,926,2070,448,0.59574644500642593
039515,926,2070,451,0.62461466682218858
039515,927,2070,390,0.62161011796181442
039515,927,2070,394,0.58945514231954843
039515,928,2070,403,0.63354792090915057
039515,928,2070,406,0.61186761918647037
039515,929,2070,159,0.63132215371021339
039515,929,2070,160,0.6214375523889355
039515,929,2070,163,0.6007769067944454
039515,930,2070,454,0.6245668830218144
039515,931,2070,244,0.6186481833031654
039515,931,2070,246,0.61240012292562995
039515,931,2070,249,0.61616853899103075
039515,931,2070,250,0.62738989416183
039515,932,2070,528,0.61445607203699193
039515,932,2070,529,0.63646413825778936
039515,933,2070,521,0.61632288389076639
039515,934,2070,348,0.6046651564491009
039515,934,2070,353,0.63112339767323233
039515,934,2070,354,0.63241198991502479
039515,934,2070,355,0.5866918970824978
039515,934,2070,356,0.60374482187241096
039515,934,2070,358,0.63380789331411069
039515,935,2070,431,0.60061238571675002
039515,935,2070,433,0.59140876035853207
039515,935,2070,434,0.63339126217516062
039515,936,2070,399,0.60763426542387933
039515,936,2070,406,0.65505457513006227
039515,937,2070,520,0.62720321218741693
039515,938,2070,603,0.63625598029463315
039515,938,2070,605,0.62888067793887303
039515,938,2070,606,0.63362312295359602
039515,939,2070,272,0.58697502837684445
039515,939,2070,275,0.6070911722141823
039515,940,2070,395,0.61863785263775484
039515,940,2070,404,0.63020173158313098
039515,941,2070,512,0.59354639599478776
039515,941,2070,520,0.62840232729218215
039515,942,2070,443,0.6113002042205582
039515,943,2070,244,0.64255257221858397
039515,943,2070,248,0.57863819569505193
039515,944,2070,441,0.60923942781208473
039515,944,2070,443,0.63295984688384699
039515,944,2070,446,0.62435089020771517
039515,945,2070,353,0.60605105578317053
039515,946,2070,552,0.65187028065121555
039515,946,2070,557,0.63413033286451004
039515,947,2070,252,0.59356129995250695
039515,947,2070,253,0.62921822866072563
039515,948,2070,520,0.63327449249779344
039515,948,2070,521,0.60281421066167018
039515,949,2070,478,0.60372552746626118
039515,949,2070,479,0.6133734285594955
039515,950,2070,207,0.63820952539135489
039515,950,2070,208,0.64085326923799146
039515,950,2070,210,0.63018176593146058
039515,950,2070,212,0.64331307838109042
039515,952,2070,334,0.62182833555906281
039515,952,2070,337,0.59999387667625992
039515,953,2070,358,0.6460132965492289
039515,953,2070,360,0.60497271571000699
039515,953,2070,361,0.64004522991875368
039515,953,2070,364,0.63485702358589025
039515,954,2070,547,0.62913205864317967
039515,954,2070,548,0.61070735512347318
039515,954,2070,553,0.6035474941724942
039515,955,2070,622,0.58279248360460767
039515,955,2070,623,0.62090530077427042
039515,955,2070,624,0.60785231409256368
039515,955,2070,626,0.59812803067323239
039515,956,2070,621,0.64597307454450315
039515,956,2070,626,0.61218181818181816
039515,956,2070,627,0.59030303030303033
039515,958,2070,568,0.62225304494820333
039515,958,2070,569,0.58987724268177522
039515,958,2070,573,0.59194237156537122
039515,959,2070,572,0.62944276769223839
039515,961,2070,538,0.59763313609467461
039515,961,2070,544,0.59655217193688725
039515,962,2070,567,0.60766937220473749
039515,962,2070,568,0.61293823038397333
039515,962,2070,571,0.62082649151614666
039515,962,2070,573,0.59849661427595202
039515,962,2070,574,0.63353297168480138
039515,962,2070,575,0.63127930341594107
039515,963,2070,404,0.64586499172660661
039515,963,2070,405,0.59743644672950591
039515,963,2070,407,0.62159356345704642
039515,964,2070,585,0.60760680954837498
039515,964,2070,587,0.62826232968720019
039515,964,2070,588,0.62176599131302779
039515,965,2070,268,0.62530952691255048
039515,965,2070,270,0.60871202138473701
039515,965,2070,275,0.61926437715911398
039515,966,2070,524,0.62952839803576388
039515,967,2070,143,0.61393423775580591
039515,967,2070,148,0.62364104967197753
039515,967,2070,150,0.62948497854077257
039515,967,2070,151,0.64320899659459885
039515,968,2070,336,0.63256550172866244
039515,968,2070,342,0.62551536731634183
039515,968,2070,344,0.62873174747606053
039515,969,2070,555,0.60166307880629777
039515,969,2070,557,0.62642971925512814
039515,969,2070,561,0.62820798376518916
039515,970,2070,577,0.61356640528456197
039515,970,2070,580,0.63727418603447383
039515,970,2070,584,0.61814710428220743
039515,971,2070,373,0.60718416443607282
039515,971,2070,376,0.57974745617261247
039515,972,2070,427,0.63231670897416759
039515,972,2070,428,0.59499906798391611
039515,972,2070,432,0.63586246917162337
039515,972,2070,436,0.61096043738430406
039515,972,2070,441,0.63702501590580074
039515,975,2070,291,0.658334404318211
039515,975,2070,297,0.61634671320535195
039515,976,2070,481,0.58230601885424216
039515,976,2070,482,0.57449718154831397
039515,976,2070,485,0.61279335603975182
039515,977,2070,468,0.59553620032661947
039515,977,2070,474,0.6270115404182397
039515,978,2070,472,0.59953955084488075
039515,979,2070,471,0.62231377782935837
039515,979,2070,474,0.61612642848039423
039515,979,2070,476,0.59518330211399517
039515,979,2070,480,0.6105706874189365
039515,980,2070,550,0.60333512641204945
039515,980,2070,554,0.58847772456827752
039515,981,2070,488,0.59786099407795879
039515,981,2070,491,0.58778835232835935
039515,981,2070,492,0.62889217407373188
039515,981,2070,493,0.6320253263503478
039515,982,2070,548,0.63959336670541622
039515,983,2070,458,0.60360021089101457
039515,983,2070,460,0.58669491864230605
039515,983,2070,461,0.59335583585006213
039515,983,2070,462,0.63355989470789298
039515,984,2070,488,0.60588607384226123
039515,984,2070,490,0.63412894636744011
039515,985,2070,524,0.63797969503351493
039515,985,2070,533,0.59983719037097338
039515,986,2070,546,0.60628358825961137
039515,987,2070,227,0.61134084110505016
039515,987,2070,229,0.62603268678160917
039515,987,2070,231,0.64375119892576249
039515,987,2070,232,0.59999192473856344
039515,987,2070,233,0.63858804653028478
039515,988,2070,434,0.62926995107386219
039515,989,2070,366,0.62408819628647216
039515,991,2070,297,0.58702699898851052
039515,991,2070,300,0.59164102769009475
039515,992,2070,267,0.64348509405235499
039515,992,2070,269,0.63609820836098208
039515,992,2070,271,0.62549895269335654
039515,992,2070,276,0.61901434350864293
039515,993,2070,491,0.6606943306265366
039515,993,2070,492,0.60170293282876064
039515,993,2070,493,0.61168641454309369
039515,993,2070,497,0.61806831772702076
039515,993,2070,498,0.59986400725294653
039515,993,2070,500,0.63043639878075974
039515,993,2070,501,0.64997503597756179
039515,994,2070,615,0.58546840099855468
039515,994,2070,618,0.63725638313944699
039515,994,2070,620,0.63156704474288494
039515,994,2070,621,0.59563314993718319
039515,995,2070,559,0.61709689487467267
039515,996,2070,316,0.59625220269050583
039515,996,2070,317,0.63083301653678003
039515,997,2070,424,0.65992167101827681
039515,997,2070,431,0.61927613320999075
039515,997,2070,433,0.62750179713215537
039515,998,2070,482,0.61729705979275751
039515,998,2070,485,0.61882597322665023
039515,999,2070,337,0.60358846241199182
039515,1001,2070,458,0.61213694309370481
039515,1002,2070,565,0.59178554632387526
039515,1002,2070,571,0.64442293457837496
039515,1002,2070,572,0.62306422100236536
039515,1003,2070,601,0.62916451207800839
039515,1003,2070,602,0.61031334065850795
039515,1003,2070,606,0.57735922330097089
039515,1003,2070,610,0.63654070899883131
039515,1003,2070,617,0.64033048243793078
039515,1004,2070,431,0.63420026007802344
039515,1005,2070,320,0.64060419631789178
039515,1005,2070,321,0.64041176378421572
039515,1005,2070,323,0.62446398720837271
039515,1006,2070,282,0.64142572890440996
039515,1007,2070,368,0.62095574563034583
039515,1007,2070,371,0.61977520899164029
039515,1007,2070,372,0.63959593939090864
039515,1007,2070,374,0.64204410248274768
039515,1008,2070,365,0.65963553530751706
039515,1008,2070,366,0.62824158806138253
039515,1008,2070,369,0.63453675904832307
039515,1008,2070,370,0.64218948627832195
039515,1009,2070,435,0.58608135915158555
039515,1010,2070,477,0.60358498365337643
039515,1010,2070,481,0.64983233707537547
039515,1010,2070,482,0.59891977464264101
039515,1010,2070,485,0.63798335780714632
039515,1011,2070,338,0.6350735194927829
039515,1011,2070,340,0.57875835878807891
039515,1011,2070,343,0.62612244897959179
039515,1012,2070,193,0.61789926979966303
039515,1012,2070,197,0.63314807837226827
039515,1013,2070,410,0.60654746480089838
039515,1013,2070,415,0.60876484269800468
039515,1014,2070,510,0.6500767856583195
039515,1014,2070,514,0.61436305193706653
039515,1014,2070,516,0.6228225682133498
039515,1015,2070,310,0.6204671857619577
039515,1015,2070,314,0.59166332665330656
039515,1015,2070,315,0.62419590016296422
039515,1017,2070,340,0.61303080766028306
039515,1017,2070,342,0.60443002150862235
039515,1017,2070,343,0.63353135448512798
039515,1017,2070,344,0.62621359223300976
039515,1018,2070,422,0.6177071799676348
039515,1018,2070,425,0.63141756032171581
039515,1019,2070,289,0.61367666021921341
039515,1020,2070,580,0.63370527125817622
039515,1020,2070,585,0.63834810167518274
039515,1021,2070,402,0.58296495105778334
039515,1022,2070,517,0.61193188560579093
039515,1022,2070,519,0.62357747974423494
039515,1024,2070,289,0.60624476945761763
039515,1024,2070,291,0.61269963936115401
039515,1024,2070,295,0.61383232910866403
039515,1025,2070,428,0.59681395789872937
039515,1026,2070,312,0.63287221861170428
039515,1026,2070,314,0.62292251971702262
039515,1027,2070,531,0.62010836845273931
039515,1027,2070,537,0.65344283725027708
039515,1027,2070,540,0.63841770327501723
039515,1028,2070,500,0.62499163644635947
039515,1028,2070,502,0.58054397800025781
039515,1028,2070,503,0.63776122988229644
039515,1028,2070,510,0.61111111111111116
039515,1029,2070,514,0.58645712390114446
039515,1030,2070,456,0.6132035548032162
039515,1030,2070,458,0.61717935017683123
039515,1030,2070,459,0.63971868720696579
039515,1031,2070,454,0.64284438395781063
039515,1031,2070,456,0.63022030004054597
039515,1032,2070,434,0.61953590291043936
039515,1032,2070,437,0.58456366991827047
039515,1034,2070,230,0.6276778660718435
039515,1034,2070,231,0.59504416262844961
039515,1034,2070,237,0.63919738295168049
039515,1035,2070,280,0.58822286770530763
039515,1035,2070,284,0.61042362496095348
039515,1035,2070,287,0.61156362665242359
039515,1036,2070,375,0.58824275745400723
039515,1037,2070,243,0.63469422617014004
039515,1037,2070,245,0.59133055169216509
039515,1039,2070,483,0.62433487052146153
039515,1039,2070,484,0.60079968189449495
039515,1040,2070,495,0.61599353796445877
039515,1041,2070,341,0.63217481789802288
039515,1042,2070,424,0.62520403465450136
039515,1042,2070,425,0.63405764702375633
039515,1043,2070,471,0.6367612843182876
039515,1043,2070,473,0.63034268499340995
039515,1043,2070,480,0.6283783783783784
039515,1043,2070,482,0.59952148484702017
039515,1043,2070,483,0.5890105364313416
039515,1044,2070,490,0.63585220673635312
039515,1045,2070,342,0.6447887735711153
039515,1045,2070,343,0.60467923126914869
039515,1045,2070,345,0.62898499912348804
039515,1045,2070,347,0.59747066195738863
039515,1045,2070,349,0.59159761032954328
039515,1046,2070,500,0.6261406333870102
039515,1047,2070,454,0.58700121680023498
039515,1048,2070,478,0.63997378916091419
039515,1049,2070,257,0.59377568156644156
039515,1050,2070,463,0.63985414927733608
039515,1050,2070,468,0.5879190694946731
039515,1051,2070,346,0.63133401280744605
039515,1051,2070,348,0.62102376599634368
039515,1051,2070,354,0.57176603321228359
039515,1052,2070,304,0.59228608306127095
039515,1052,2070,310,0.60101135999430222
039515,1053,2070,427,0.62786932816103369
039515,1054,2070,425,0.60056415078211811
039515,1054,2070,426,0.60333014354066983
039515,1054,2070,428,0.63652359370834444
039515,1054,2070,429,0.64241406048074434
039515,1055,2070,365,0.64390968884391597
039515,1056,2070,444,0.61874269891403111
039515,1056,2070,446,0.64227074506882686
039515,1056,2070,449,0.62065213448913714
039515,1056,2070,453,0.62634594487800055
039515,1056,2070,454,0.59645253772722973
039515,1057,2070,275,0.6366409074553212
039515,1057,2070,276,0.61680293395242425
039515,1057,2070,277,0.60895494131010985
039515,1057,2070,278,0.65034455983694073
039515,1058,2070,470,0.63191913118635146
039515,1058,2070,473,0.64928881205835076
039515,1058,2070,479,0.61131206839855312
039515,1058,2070,481,0.6059465840342334
039515,1061,2070,541,0.59388737701486294
039515,1061,2070,544,0.64802800068294353
039515,1061,2070,547,0.62005453516489173
039515,1061,2070,548,0.6315334610904445
039515,1062,2070,373,0.56964993127981245
039515,1062,2070,374,0.6227081779278395
039515,1062,2070,375,0.62291767121370023
039515,1062,2070,377,0.61134532258925234
039515,1063,2070,517,0.63147573878146657
039515,1063,2070,522,0.58855151447744036
039515,1064,2070,168,0.57016069585729023
039515,1064,2070,177,0.63202328365602944
039515,1066,2070,437,0.59423959487260647
039515,1067,2070,284,0.6178768956289028
039515,1067,2070,288,0.63427962311773278
039515,1067,2070,289,0.61036529498466319
039515,1067,2070,292,0.6485758626985576
039515,1069,2070,304,0.61784856695966339
039515,1069,2070,306,0.61704636083081943
039515,1070,2070,356,0.627387338652722
039515,1070,2070,357,0.65449275362318837
039515,1070,2070,359,0.62817840175849116
039515,1070,2070,360,0.61378947368421055
039515,1070,2070,362,0.63930854673381188
039515,1071,2070,284,0.61170306445931666
039515,1071,2070,289,0.6383308257367909
039515,1072,2070,347,0.6275419768603564
039515,1072,2070,349,0.65889934390249594
039515,1073,2070,400,0.60520911766719143
039515,1073,2070,401,0.62418473470826719
039515,1075,2070,437,0.64276037256562235
039515,1075,2070,438,0.58550641706858497
039515,1076,2070,455,0.64964486896889539
039515,1076,2070,457,0.60008837825894834
039515,1076,2070,459,0.64394286004778611
039515,1077,2070,317,0.60203542796793241
039515,1077,2070,328,0.59033016706881281
039515,1078,2070,438,0.63976361333896159
039515,1078,2070,439,0.60893878780057642
039515,1078,2070,441,0.63303053159741585
039515,1079,2070,367,0.63985083379697161
039515,1079,2070,371,0.64017341040462428
039515,1079,2070,376,0.64533532863387544
039515,1079,2070,377,0.64192345636025994
039515,1080,2070,350,0.65947471239418276
039515,1080,2070,353,0.59883396088910479
039515,1080,2070,354,0.6386041160680046
039515,1080,2070,357,0.61729102815690251
039515,1080,2070,362,0.63410437774804052
039515,1081,2070,503,0.64922491733088672
039515,1082,2070,413,0.61727448618260139
039515,1083,2070,282,0.62582348268934263
039515,1083,2070,286,0.62890173410404626
039515,1083,2070,287,0.58068259972489689
039515,1084,2070,441,0.61034813158735224
039515,1084,2070,444,0.62622964544350956
039515,1084,2070,445,0.63774421277294369
039515,1085,2070,357,0.62229715489989468
039515,1085,2070,359,0.64026573618369931
039515,1085,2070,365,0.63047432807312742
039515,1087,2070,456,0.57148413444397628
039515,1087,2070,461,0.63904708204116156
039515,1087,2070,462,0.61991095607472346
039515,1089,2070,417,0.64145907473309605
039515,1089,2070,418,0.61285781323322386
039515,1089,2070,421,0.60177785026912411
039515,1089,2070,422,0.63437470593770584
039515,1090,2070,522,0.6155675424859347
039515,1090,2070,523,0.6348673046901514
039515,1090,2070,524,0.62396169610794738
039515,1090,2070,525,0.63539840249366841
039515,1091,2070,295,0.59899831492229916
039515,1092,2070,645,0.62453899576913863
039515,1092,2070,656,0.59562577618324819
039515,1093,2070,471,0.62507695464806079
039515,1093,2070,476,0.628693769071759
039515,1093,2070,478,0.60082018234411039
039515,1093,2070,481,0.64594166199524483
039515,1094,2070,571,0.60763920291821172
039515,1094,2070,583,0.65014866204162536
039515,1095,2070,376,0.60366317320726026
039515,1095,2070,379,0.60858382279550083
039515,1096,2070,475,0.55750822614418183
039515,1097,2070,470,0.62006950957135765
039515,1099,2070,465,0.62592084255342983
039515,1099,2070,467,0.58624880076750885
039515,1099,2070,471,0.61828256562654782
039515,1099,2070,472,0.61044344584944443
039515,1100,2070,547,0.60039945581381882
039515,1100,2070,553,0.61937671143564998
039515,1101,2070,537,0.64005837608349547
039515,1101,2070,540,0.60586977872782943
039515,1101,2070,542,0.61435118877112571
039515,1101,2070,543,0.65061492739265958
039515,1101,2070,544,0.64370372017522404
039515,1101,2070,545,0.63118504533006747
039515,1102,2070,191,0.58315870504212464
039515,1104,2070,269,0.62616766752454489
039515,1104,2070,271,0.60502590324968042
039515,1104,2070,274,0.62986661860129778
039515,1105,2070,504,0.63663618647878883
039515,1105,2070,505,0.56805263567702247
039515,1105,2070,508,0.60045772938483943
039515,1105,2070,510,0.62817278890115091
039515,1105,2070,511,0.59969769492379388
039515,1106,2070,463,0.602511542012927
039515,1107,2070,302,0.60731005454623543
039515,1107,2070,303,0.60898308699289683
039515,1108,2070,494,0.61327506709792856
039515,1108,2070,496,0.63275599741553601
039515,1109,2070,330,0.61981561273860819
039515,1110,2070,529,0.60883660130718953
039515,1111,2070,342,0.61843022887212329
039515,1111,2070,343,0.63008440105755537
039515,1111,2070,349,0.64554515126635559
039515,1114,2070,490,0.56989465153970831
039515,1114,2070,492,0.6191893364630926
039515,1114,2070,496,0.62598790516110459
039515,1114,2070,497,0.62646873215734589
039515,1115,2070,148,0.62477259732834345
039515,1115,2070,149,0.62369736507667539
039515,1115,2070,151,0.61549993027471761
039515,1116,2070,537,0.62147344564981921
039515,1116,2070,538,0.61404844619997145
039515,1117,2070,462,0.63314943219629483
039515,1117,2070,466,0.6105620297979053
039515,1118,2070,565,0.62114197530864201
039515,1120,2070,570,0.64382120144576105
039515,1120,2070,571,0.57881524354102021
039515,1121,2070,367,0.60697722999791104
039515,1121,2070,372,0.61105736674083388
039515,1123,2070,210,0.63997678952138171
039515,1123,2070,214,0.58533554266777132
039515,1124,2070,395,0.59126047684921479
039515,1124,2070,397,0.64426799287914327
039515,1125,2070,312,0.64028175636259155
039515,1125,2070,315,0.63176035474314041
039515,1125,2070,321,0.64080558025029066
039515,1126,2070,442,0.65046592995461949
039515,1126,2070,443,0.59887548485819009
039515,1126,2070,445,0.64107513744654854
039515,1126,2070,446,0.61349914391276916
039515,1127,2070,575,0.59472923828027702
039515,1127,2070,579,0.64179032336023978
039515,1127,2070,580,0.63563388078981364
039515,1128,2070,407,0.63700461055522861
039515,1128,2070,408,0.57379326770403305
039515,1129,2070,388,0.64385480531081241
039515,1129,2070,389,0.61583435308742696
039515,1129,2070,392,0.60741374182034502
039515,1129,2070,393,0.57299077733860337
039515,1129,2070,395,0.59002441116315896
039515,1130,2070,276,0.6507594553706505
039515,1130,2070,278,0.63483604645739078
039515,1131,2070,475,0.63163658140131751
039515,1131,2070,476,0.63588640996286261
039515,1131,2070,480,0.61932440400977173
039515,1131,2070,481,0.62247474747474751
039515,1132,2070,625,0.61177790241166574
039515,1133,2070,440,0.56716240803733886
039515,1133,2070,443,0.61840899930379978
039515,1134,2070,562,0.6030786146234195
039515,1134,2070,565,0.61301140174379609
039515,1134,2070,566,0.61349790961576744
039515,1134,2070,567,0.60968835876746774
039515,1135,2070,303,0.6317532992189604
039515,1135,2070,304,0.58520237174529521
039515,1135,2070,307,0.65200129931064355
039515,1135,2070,311,0.61675217754444578
039515,1137,2070,340,0.63508673182213582
039515,1137,2070,341,0.61677968141876982
039515,1137,2070,343,0.62584089114034369
039515,1137,2070,344,0.62543037873328533
039515,1137,2070,349,0.59501620745542949
039515,1138,2070,408,0.63550304542452485
039515,1139,2070,345,0.65736356181053412
039515,1139,2070,351,0.58897199512958776
039515,1140,2070,326,0.63287677636499629
039515,1140,2070,328,0.62324486176923743
039515,1141,2070,547,0.59640161622322174
039515,1142,2070,546,0.62629295962629294
039515,1142,2070,547,0.60494244138591013
039515,1142,2070,550,0.65299175922608388
039515,1143,2070,145,0.64059248809733738
039515,1144,2070,423,0.62201453790238836
039515,1144,2070,424,0.63388968666870693
039515,1145,2070,371,0.57367247041328462
039515,1145,2070,374,0.63423632871727487
039515,1146,2070,342,0.63263140711720534
039515,1146,2070,348,0.65517900734895762
039515,1146,2070,353,0.64442277090498434
039515,1148,2070,553,0.61595604395604397
039515,1149,2070,521,0.62659060991663007
039515,1149,2070,522,0.61957964878879734
039515,1150,2070,285,0.6362258953168044
039515,1150,2070,290,0.62878668349637112
039515,1150,2070,292,0.63297426304586213
039515,1151,2070,295,0.63717344753747318
039515,1151,2070,303,0.62606297402895883
039515,1152,2070,383,0.62524188346592136
039515,1152,2070,387,0.60383001517721635
039515,1153,2070,630,0.63884379618636877
039515,1153,2070,636,0.62425434283841363
039515,1154,2070,276,0.61230692368541573
039515,1154,2070,278,0.62264987886852974
039515,1155,2070,436,0.60532255031032534
039515,1155,2070,437,0.63585104656822977
039515,1155,2070,438,0.63678807481366895
039515,1156,2070,527,0.62871404801521269
039515,1156,2070,529,0.63592008628216323
039515,1156,2070,537,0.63366532550623311
039515,1156,2070,539,0.62821245002855508
039515,1157,2070,335,0.57192158014538508
039515,1158,2070,483,0.65280238211903052
039515,1158,2070,487,0.62541915433057982
039515,1158,2070,488,0.6333691453128214
039515,1159,2070,397,0.63625670142737578
039515,1160,2070,337,0.62811473949451502
039515,1160,2070,340,0.63063679937396067
039515,1160,2070,342,0.60664911125740617
039515,1160,2070,345,0.63043993585721259
039515,1161,2070,265,0.6186765799256505
039515,1161,2070,269,0.63149020580213244
039515,1161,2070,270,0.59976682211858756
039515,1162,2070,451,0.63832401548196838
039515,1162,2070,456,0.59569572279371952
039515,1163,2070,234,0.59107285069589288
039515,1164,2070,331,0.64548601621572377
039515,1164,2070,332,0.62870271912501896
039515,1164,2070,333,0.60863314942886004
039515,1164,2070,341,0.6232704124486097
039515,1164,2070,342,0.61637080867850103
039515,1165,2070,589,0.6118517895445178
039515,1165,2070,591,0.64172278967221863
039515,1165,2070,593,0.62974518980759231
039515,1165,2070,595,0.64147416518588607
039515,1165,2070,596,0.62634550550387913
039515,1165,2070,599,0.62362348640621434
039515,1166,2070,274,0.63286204142984637
039515,1166,2070,276,0.6156033287101248
039515,1167,2070,347,0.63667001003009027
039515,1167,2070,352,0.6179668444334202
039515,1168,2070,485,0.6340279310236121
039515,1168,2070,488,0.63544125008939423
039515,1169,2070,603,0.6233020548127276
039515,1169,2070,606,0.61604447389735661
039515,1169,2070,611,0.62281954306884846
039515,1170,2070,372,0.61708976814310745
039515,1170,2070,376,0.61011708443271773
039515,1170,2070,379,0.62291040288635002
039515,1171,2070,399,0.61709294148128957
039515,1171,2070,403,0.63386008686812678
039515,1171,2070,405,0.63426381662213471
039515,1171,2070,406,0.62516467267105791
039515,1171,2070,407,0.5919583437752346
039515,1171,2070,408,0.62757580405992741
039515,1172,2070,526,0.63102752937050677
039515,1172,2070,527,0.57847721138860375
039515,1172,2070,529,0.57392725786677568
039515,1173,2070,406,0.62541656646167587
039515,1173,2070,408,0.62934493165276051
039515,1173,2070,409,0.64356048487433792
039515,1173,2070,411,0.5815190929957571
039515,1174,2070,415,0.59953330504879088
039515,1174,2070,416,0.63187847284459575
039515,1174,2070,420,0.60063323635118948
039515,1177,2070,264,0.65131629052321593
039515,1177,2070,274,0.59637039466491748
039515,1178,2070,417,0.64576135453609429
039515,1178,2070,418,0.63584696838263888
039515,1178,2070,420,0.60959622443628736
039515,1178,2070,423,0.62150213874351801
039515,1178,2070,426,0.60938072554049105
039515,1178,2070,429,0.63738162715144808
039515,1178,2070,432,0.62506606067011938
039515,1179,2070,463,0.60634709091666317
039515,1179,2070,466,0.60235616880497056
039515,1179,2070,467,0.62522016271072711
039515,1180,2070,356,0.61714013511172705
039515,1180,2070,359,0.61585536578536859
039515,1180,2070,363,0.63585863004111631
039515,1180,2070,365,0.63264652100967067
039515,1181,2070,348,0.63832229006972419
039515,1181,2070,352,0.61655352245650319
039515,1182,2070,245,0.60561392504312372
039515,1182,2070,254,0.60700408488592206
039515,1183,2070,485,0.58775300035647804
039515,1183,2070,486,0.62149146451033244
039515,1184,2070,367,0.61533186382561844
039515,1184,2070,368,0.61399421760925188
039515,1184,2070,369,0.64563482413282336
039515,1184,2070,370,0.63264560890998722
039515,1185,2070,341,0.59713894528114819
039515,1185,2070,344,0.57967351673848189
039515,1186,2070,443,0.58377674014550984
039515,1186,2070,444,0.60039007092198582
039515,1186,2070,447,0.59450973854574751
039515,1187,2070,439,0.65635312565824888
039515,1188,2070,261,0.59767783656672546
039515,1189,2070,569,0.61839530332681014
039515,1189,2070,571,0.62055197792088312
039515,1190,2070,417,0.60462375339981866
039515,1191,2070,566,0.63765300773903122
039515,1191,2070,570,0.60394466617584375
039515,1191,2070,571,0.64569440417512325
039515,1192,2070,315,0.61329159643631115
039515,1193,2070,435,0.63918075224607884
039515,1194,2070,318,0.61010269019380969
039515,1194,2070,324,0.60603444554754604
039515,1195,2070,456,0.62384454490250318
039515,1198,2070,453,0.61267162111097118
039515,1198,2070,454,0.63552426772322057
039515,1199,2070,548,0.63897212385362756
039515,1199,2070,552,0.63751004938555189
039515,1200,2070,334,0.63446378105012646
039515,1201,2070,219,0.64480967870798378
039515,1201,2070,220,0.62572363453309843
039515,1201,2070,221,0.61166218224167701
039515,1201,2070,224,0.62623209357339993
039515,1201,2070,225,0.6261921110856794
039515,1201,2070,226,0.63564943410306374
039515,1202,2070,511,0.6173087315679765
039515,1203,2070,545,0.58641597058728678
039515,1204,2070,466,0.59044320599145583
039515,1204,2070,468,0.65932931057375965
039515,1204,2070,469,0.59547975700864053
039515,1205,2070,496,0.58517797435137764
039515,1205,2070,498,0.58629893238434161
039515,1205,2070,499,0.62690414811342865
039515,1206,2070,319,0.64362674549768562
039515,1207,2070,271,0.60475638051044078
039515,1208,2070,415,0.6337946103423161
039515,1209,2070,441,0.61976776851765147
039515,1209,2070,443,0.63996924298045443
039515,1210,2070,451,0.58969949701216628
039515,1210,2070,452,0.60089548811756155
039515,1210,2070,453,0.62934990439770555
039515,1210,2070,455,0.62260728619944428
039515,1212,2070,393,0.64373927958833621
039515,1212,2070,400,0.6050870604301809
039515,1213,2070,346,0.65054414399105009
039515,1214,2070,482,0.60284161632107836
039515,1214,2070,483,0.62756558114077954
039515,1214,2070,486,0.62209850491626628
039515,1214,2070,488,0.5940550133096717
039515,1215,2070,438,0.61363552607333705
039515,1215,2070,439,0.59296465640957186
039515,1215,2070,443,0.58990087899756871
039515,1215,2070,444,0.62045129209673777
039515,1215,2070,445,0.63711515023051246
039515,1216,2070,431,0.62916401924298815
039515,1216,2070,433,0.60800702484714453
039515,1217,2070,284,0.58413647745491881
039515,1217,2070,293,0.60648891744298106
039515,1217,2070,297,0.60197954197208758
039515,1218,2070,267,0.62080910553012492
039515,1218,2070,268,0.60263109922829194
039515,1218,2070,272,0.62199227470852969
039515,1219,2070,563,0.64291019977325148
039515,1220,2070,342,0.63517647596000182
039515,1220,2070,344,0.63923901241561631
039515,1220,2070,345,0.62714488453102823
039515,1220,2070,348,0.5936153713596416
039515,1220,2070,349,0.62418875652600303
039515,1220,2070,351,0.62343981383541358
039515,1220,2070,352,0.63478260869565217
039515,1221,2070,417,0.62286827229110253
039515,1222,2070,523,0.49570786210655404
039515,1223,2070,508,0.64682211250321076
039515,1223,2070,517,0.62475493399555615
039515,1223,2070,518,0.56576292006668416
039515,1224,2070,538,0.57940064689606796
039515,1224,2070,545,0.61824338991881211
039515,1225,2070,412,0.60539593845127393
039515,1225,2070,415,0.642767645830433
039515,1226,2070,233,0.6218193384223919
039515,1226,2070,235,0.62774780271110175
039515,1226,2070,237,0.57170951650038371
039515,1227,2070,537,0.56942739144993859
039515,1227,2070,538,0.5910137015628345
039515,1228,2070,481,0.63914321994252488
039515,1229,2070,383,0.57865647835602207
039515,1229,2070,387,0.61411643482740852
039515,1229,2070,388,0.60935827732351555
039515,1230,2070,567,0.6193412606545301
039515,1230,2070,568,0.63327375962800703
039515,1230,2070,571,0.62992125984251968
039515,1232,2070,617,0.6365525500140885
039515,1232,2070,622,0.60088124213176664
039515,1232,2070,623,0.62438031373488201
039515,1233,2070,580,0.62933839479392628
039515,1234,2070,293,0.6157682260745666
039515,1235,2070,510,0.61729849361033773
039515,1235,2070,511,0.61096617289409683
039515,1235,2070,512,0.57479073152978288
039515,1235,2070,513,0.65068266641470218
039515,1236,2070,448,0.59764288429856793
039515,1236,2070,452,0.59169183697485583
039515,1236,2070,453,0.62704095289079231
039515,1237,2070,371,0.63111697289430602
039515,1237,2070,374,0.63280406967781722
039515,1239,2070,475,0.62159009332376169
039515,1240,2070,573,0.64179669030732855
039515,1241,2070,262,0.63339513578361872
039515,1241,2070,264,0.58464925393417222
039515,1241,2070,265,0.628154795288839
039515,1242,2070,423,0.61457531434436741
039515,1242,2070,425,0.6186657710231328
039515,1242,2070,427,0.63037967132929706
039515,1243,2070,495,0.6061800745871071
039515,1243,2070,496,0.62288191251806124
039515,1243,2070,498,0.62992320593167972
039515,1243,2070,499,0.62207667390453136
039515,1244,2070,522,0.60256851278523105
039515,1244,2070,523,0.63313868613138691
039515,1245,2070,404,0.58857124726338161
039515,1245,2070,406,0.5805880119795841
039515,1245,2070,407,0.62207228915662649
039515,1245,2070,408,0.62841236509254284
039515,1246,2070,547,0.61464589589589591
039515,1246,2070,548,0.61193145074369482
039515,1246,2070,549,0.60080928923293453
039515,1246,2070,551,0.59669930352276168
039515,1246,2070,552,0.62293287937743191
039515,1246,2070,558,0.61292712691771267
039515,1248,2070,479,0.5707644803366021
039515,1248,2070,484,0.65000000000000002
039515,1249,2070,223,0.63243563947789305
039515,1249,2070,227,0.61031916801147568
039515,1251,2070,601,0.63485661190184572
039515,1252,2070,311,0.64010235788704073
039515,1253,2070,409,0.63065379003682343
039515,1253,2070,411,0.65330188679245282
039515,1253,2070,413,0.65732325263411884
039515,1253,2070,414,0.61616476829458577
039515,1254,2070,303,0.63980500308973975
039515,1254,2070,304,0.59919028340080971
039515,1254,2070,307,0.63649130797844078
039515,1255,2070,449,0.64121277544411326
039515,1255,2070,450,0.61572091765448234
039515,1255,2070,451,0.60918370926439125
039515,1257,2070,341,0.62255185417976111
039515,1258,2070,488,0.64923985990725708
039515,1259,2070,464,0.63473632331197638
039515,1259,2070,475,0.60705412780515622
039515,1260,2070,364,0.62473709755702955
039515,1260,2070,365,0.59914331608067106
039515,1261,2070,339,0.58854236983034069
039515,1262,2070,520,0.65595927681235733
039515,1262,2070,522,0.62984313725490193
039515,1264,2070,580,0.60754351137989937
039515,1264,2070,583,0.59822171608777541
039515,1264,2070,586,0.61984564498346195
039515,1264,2070,588,0.5752781306540401
039515,1264,2070,589,0.60506706408345756
039515,1265,2070,500,0.59665087675558881
039515,1265,2070,501,0.63495300939812038
039515,1265,2070,504,0.63080722333693473
039515,1266,2070,358,0.61599171949799458
039515,1267,2070,553,0.63415946343387974
039515,1267,2070,554,0.59696040407684681
039515,1267,2070,555,0.59768261109460552
039515,1267,2070,557,0.64503020517751208
039515,1267,2070,559,0.63895154459947401
039515,1268,2070,301,0.63286403746751574
039515,1268,2070,303,0.62118368128710977
039515,1269,2070,458,0.6427439370832212
039515,1269,2070,462,0.61512041058033951
039515,1270,2070,416,0.62338658146964854
039515,1270,2070,417,0.63098071598581629
039515,1271,2070,443,0.57362051577582485
039515,1272,2070,570,0.59731965239241969
039515,1272,2070,571,0.62958480729845467
039515,1273,2070,458,0.62199838615431702
039515,1274,2070,190,0.61836149187121459
039515,1274,2070,191,0.63266907265024319
039515,1274,2070,192,0.64259162758381105
039515,1275,2070,391,0.64914888346250488
039515,1276,2070,388,0.60919968443197758
039515,1276,2070,390,0.62748224380344975
039515,1276,2070,392,0.59674488425377259
039515,1276,2070,393,0.6581143443148314
039515,1277,2070,274,0.63020795062091262
039515,1277,2070,276,0.64456127454897005
039515,1277,2070,277,0.63628059041300067
039515,1278,2070,524,0.6177195977992791
039515,1278,2070,525,0.62487618508560916
039515,1278,2070,528,0.64422880787947667
039515,1278,2070,530,0.62037309975996968
039515,1279,2070,478,0.58955176162158707
039515,1279,2070,479,0.54989244959714167
039515,1279,2070,480,0.61060171919770778
039515,1280,2070,430,0.6061452513966481
039515,1281,2070,548,0.6182296066835633
039515,1281,2070,555,0.62769942706037907
039515,1281,2070,556,0.63790669268230782
039515,1282,2070,556,0.59867383397173846
039515,1282,2070,558,0.62564739269244418
039515,1283,2070,351,0.62933819812295311
039515,1283,2070,353,0.65269369430650981
039515,1283,2070,354,0.62160950459538222
039515,1284,2070,233,0.63716729124627658
039515,1286,2070,356,0.6194462005310406
039515,1289,2070,511,0.59596201659527304
039515,1289,2070,512,0.60976018782492036
039515,1290,2070,403,0.63023563540129268
039515,1290,2070,404,0.64202172096908938
039515,1291,2070,482,0.6240112994350282
039515,1291,2070,483,0.58354288484260919
039515,1292,2070,499,0.60815070549384564
039515,1292,2070,503,0.57134354416316169
039515,1292,2070,506,0.6058234189104571
039515,1293,2070,446,0.56501635276869289
039515,1294,2070,459,0.63060282749904473
039515,1295,2070,240,0.61084192852002883
039515,1297,2070,474,0.6433914597325775
039515,1297,2070,476,0.62440285751851687
039515,1297,2070,478,0.61228786112190703
039515,1297,2070,480,0.64365293720459149
039515,1298,2070,586,0.61074854364679598
039515,1298,2070,592,0.60236866322570315
039515,1298,2070,593,0.62023360618044698
039515,1298,2070,594,0.62490559704623649
039515,1299,2070,279,0.65199047385284892
039515,1300,2070,545,0.60919035451932291
039515,1301,2070,492,0.633560457327636
039515,1302,2070,321,0.62332049636285836
039515,1303,2070,273,0.63063304721030045
039515,1304,2070,345,0.60058282487933701
039515,1304,2070,350,0.59188067045978776
039515,1305,2070,293,0.63666069358068933
039515,1305,2070,295,0.62644993598944798
039515,1305,2070,297,0.60711441465357052
039515,1306,2070,509,0.65462454576801676
039515,1306,2070,512,0.65600535032849439
039515,1307,2070,669,0.57447673988610315
039515,1307,2070,672,0.59742669800816528
039515,1308,2070,305,0.62567421790722766
039515,1308,2070,306,0.58930481283422465
039515,1309,2070,361,0.63208690787019772
039515,1311,2070,502,0.62734042095295484
039515,1311,2070,503,0.643122113710349
039515,1312,2070,478,0.6297351265636929
039515,1312,2070,480,0.63817229890528315
039515,1312,2070,482,0.62141578925465069
039515,1313,2070,458,0.62638083779940934
039515,1313,2070,459,0.62854837011824971
039515,1313,2070,461,0.6318575895395111
039515,1313,2070,462,0.62560023281757771
039515,1313,2070,465,0.57794820216243403
039515,1314,2070,479,0.61414992078712582
039515,1314,2070,484,0.61309783155142938
039515,1315,2070,496,0.59585112873703483
039515,1315,2070,499,0.61730605667218763
039515,1315,2070,500,0.64581068116405504
039515,1316,2070,458,0.62281599244451435
039515,1316,2070,460,0.62150339587889947
039515,1316,2070,461,0.61641447368421054
039515,1316,2070,462,0.61258358662613976
039515,1317,2070,236,0.63982388865218009
039515,1317,2070,237,0.59602544792392598
039515,1317,2070,239,0.60473575600713514
039515,1318,2070,351,0.60233943941734713
039515,1318,2070,352,0.57495186201810811
039515,1318,2070,354,0.60186625194401244
039515,1318,2070,356,0.61827894553478113
039515,1320,2070,370,0.62926195230380888
039515,1321,2070,547,0.63030374263310773
039515,1321,2070,552,0.56847034719935607
039515,1322,2070,245,0.61029085257548843
039515,1322,2070,251,0.59267048505459097
039515,1322,2070,253,0.5936645218433324
039515,1322,2070,255,0.64865054328776728
039515,1323,2070,474,0.60522565320665078
039515,1323,2070,477,0.64396585457760258
039515,1325,2070,583,0.61343325451849473
039515,1325,2070,587,0.64589746557111449
039515,1325,2070,590,0.63472099803376503
039515,1326,2070,294,0.60946001088139279
039515,1327,2070,556,0.65511783327470985
039515,1329,2070,662,0.63165635842510182
039515,1329,2070,664,0.56342085768375993
039515,1329,2070,667,0.64586373910235717
039515,1329,2070,668,0.61400154428797293
039515,1330,2070,433,0.63084584857209558
039515,1331,2070,386,0.60316875460574793
039515,1332,2070,289,0.61565196257139387
039515,1332,2070,290,0.59509437295721568
039515,1332,2070,292,0.64472468588322251
039515,1334,2070,462,0.63375287701909722
039515,1334,2070,466,0.6278115558208065
039515,1335,2070,432,0.60850121035572147
039515,1335,2070,434,0.61942822930698993
039515,1336,2070,338,0.6270359706046672
039515,1337,2070,524,0.63235009671179887
039515,1337,2070,528,0.61681914144968331
039515,1338,2070,485,0.60832260832260832
039515,1338,2070,486,0.63911994465909661
039515,1339,2070,518,0.6338286552926069
039515,1339,2070,519,0.63178606813152216
039515,1339,2070,520,0.64087135349226898
039515,1340,2070,326,0.60899984707141763
039515,1341,2070,216,0.62596994557197039
039515,1341,2070,218,0.63316338559471885
039515,1341,2070,222,0.63435266344619556
039515,1341,2070,225,0.63201345360036687
039515,1342,2070,584,0.6044435301378317
039515,1343,2070,174,0.63742219587585214
039515,1343,2070,175,0.60966642411244298
039515,1343,2070,178,0.63983185559362743
039515,1343,2070,179,0.5694737231406487
039515,1343,2070,181,0.62110229759299784
039515,1344,2070,522,0.62502424146259761
039515,1344,2070,523,0.61626986639650483
039515,1345,2070,495,0.63162625610767953
039515,1345,2070,496,0.63836331438158267
039515,1345,2070,498,0.62888264711927111
039515,1345,2070,499,0.64447491607168184
039515,1346,2070,356,0.64162073815044285
039515,1346,2070,364,0.62714548730029895
039515,1347,2070,394,0.63297117344963738
039515,1347,2070,396,0.62356807965585581
039515,1348,2070,530,0.62427309620434468
039515,1348,2070,532,0.62858045492839087
039515,1349,2070,297,0.61182977964135965
039515,1350,2070,377,0.61615362713151323
039515,1351,2070,541,0.64631978476025753
039515,1351,2070,547,0.58345625780097587
039515,1352,2070,479,0.60830254715146803
039515,1352,2070,481,0.63207250478886123
039515,1352,2070,482,0.56720692792398153
039515,1352,2070,483,0.59969971069689088
039515,1352,2070,487,0.62997425093632964
039515,1353,2070,375,0.63295880149812733
039515,1353,2070,377,0.63226227300465043
039515,1354,2070,189,0.60498796580629099
039515,1354,2070,198,0.61939789832433967
039515,1354,2070,199,0.62195235436441465
039515,1355,2070,279,0.63572891843304491
039515,1355,2070,281,0.59821143404663046
039515,1356,2070,458,0.60460595184686705
039515,1357,2070,272,0.63180218009076639
039515,1358,2070,554,0.59997477507777686
039515,1358,2070,557,0.61299999999999999
039515,1358,2070,561,0.63037530990852353
039515,1358,2070,562,0.62592682335837169
039515,1358,2070,565,0.62915332265812651
039515,1358,2070,567,0.64598762742877058
039515,1359,2070,282,0.63046026653504439
039515,1361,2070,468,0.63846271160591739
039515,1362,2070,528,0.63350904041262823
039515,1362,2070,529,0.59984104155627882
039515,1363,2070,453,0.59877433309300654
039515,1363,2070,456,0.62221561117102375
039515,1363,2070,458,0.61803292387398678
039515,1363,2070,460,0.60981912144702843
039515,1363,2070,463,0.61232520553720748
039515,1364,2070,348,0.60809051317738971
039515,1364,2070,350,0.62594895929629946
039515,1365,2070,252,0.62856821883952141
039515,1366,2070,324,0.65265150869053512
039515,1366,2070,326,0.63189545118591683
039515,1367,2070,337,0.6300364543361473
039515,1367,2070,338,0.63779493407356003
039515,1368,2070,508,0.6216672745071693
039515,1368,2070,511,0.61583549533967519
039515,1369,2070,292,0.60963560046060694
039515,1370,2070,432,0.5915989696849614
039515,1370,2070,434,0.60436729679388101
039515,1370,2070,436,0.61208425375688369
039515,1370,2070,439,0.60745932012244241
039515,1371,2070,395,0.5835715856608753
039515,1371,2070,398,0.63840498809849811
039515,1371,2070,402,0.59181227771764344
039515,1372,2070,492,0.61793062319848924
039515,1372,2070,497,0.64195128981121197
039515,1372,2070,500,0.6092427093132643
039515,1372,2070,501,0.6226199029998204
039515,1373,2070,436,0.60825023371766906
039515,1374,2070,303,0.63631017010495838
039515,1374,2070,304,0.62489678763810796
039515,1374,2070,305,0.63322368421052633
039515,1375,2070,279,0.64237408791599926
039515,1376,2070,552,0.57886369341477706
039515,1376,2070,554,0.63170949114444053
039515,1377,2070,663,0.59125038570987765
039515,1377,2070,669,0.6576143722581993
039515,1379,2070,304,0.59315484405189067
039515,1380,2070,522,0.62909662595235216
039515,1380,2070,524,0.62955078871240655
039515,1380,2070,525,0.61086256263421623
039515,1380,2070,526,0.6209223847019123
039515,1380,2070,528,0.61971873129862354
039515,1381,2070,474,0.62975206611570245
039515,1381,2070,476,0.60326041050764423
039515,1382,2070,485,0.64164876751559785
039515,1382,2070,486,0.64257386476303791
039515,1383,2070,513,0.5960057061340942
039515,1384,2070,376,0.61359925355726619
039515,1384,2070,380,0.59378325647392693
039515,1385,2070,398,0.64218886166696809
039515,1385,2070,399,0.6007202240697106
039515,1385,2070,401,0.59081457372751112
039515,1387,2070,316,0.63681959564541213
039515,1387,2070,317,0.59334423629695709
039515,1387,2070,318,0.62692770049802504
039515,1390,2070,397,0.58461671569475693
039515,1390,2070,398,0.63671913968196958
039515,1390,2070,402,0.58154890696112815
039515,1390,2070,407,0.63799840562474674
039515,1391,2070,404,0.59987118589485544
039515,1391,2070,409,0.6370111570088407
039515,1392,2070,250,0.62944313598094159
039515,1392,2070,252,0.58185169124024283
039515,1392,2070,254,0.62332841004351125
039515,1392,2070,255,0.63338521791524405
039515,1393,2070,429,0.61736136281261322
039515,1395,2070,251,0.62000397693378406
039515,1395,2070,252,0.59632049677927612
039515,1395,2070,255,0.59544879898862202
039515,1395,2070,259,0.62898976733867618
039515,1396,2070,378,0.64376407611711328
039515,1396,2070,379,0.6172196325747189
039515,1397,2070,407,0.63346462825733807
039515,1398,2070,529,0.57743058603235908
039515,1399,2070,489,0.60672276721372453
039515,1399,2070,490,0.64039958701900268
039515,1399,2070,491,0.63653514888032159
039515,1400,2070,484,0.64140530354018033
039515,1400,2070,485,0.62338593974175038
039515,1402,2070,388,0.58199462092025878
039515,1402,2070,391,0.62220848784507621
039515,1403,2070,445,0.61574549841383319
039515,1403,2070,446,0.60508408290965976
039515,1403,2070,449,0.6190702087286527
039515,1403,2070,450,0.62696836430699387
039515,1403,2070,454,0.6005586592178771
039515,1404,2070,605,0.61427164351458752
039515,1405,2070,420,0.62771419612761625
039515,1406,2070,578,0.61641515244841394
039515,1406,2070,580,0.61818963495661694
039515,1407,2070,240,0.60645704909308618
039515,1407,2070,244,0.64802029026349162
039515,1407,2070,246,0.59374413277758997
039515,1407,2070,249,0.62677748848387738
039515,1408,2070,300,0.62074619374268025
039515,1409,2070,572,0.65517134471497662
039515,1409,2070,574,0.63069448159044306
039515,1409,2070,575,0.62030122451032155
039515,1410,2070,352,0.63491059912495895
039515,1410,2070,359,0.62970873786407766
039515,1410,2070,362,0.60918836140888211
039515,1410,2070,363,0.62292252107587309
039515,1411,2070,500,0.63787384231616384
039515,1412,2070,495,0.64797088281740112
039515,1413,2070,494,0.59846121854855483
039515,1414,2070,400,0.61654883998805143
039515,1415,2070,337,0.62802773270393863
039515,1415,2070,339,0.63681755229973025
039515,1415,2070,343,0.63619814194907287
039515,1416,2070,358,0.61284734414869957
039515,1416,2070,360,0.62993539124192388
039515,1416,2070,364,0.57689255673702589
039515,1419,2070,543,0.63268958066040926
039515,1419,2070,544,0.6435501952143492
039515,1419,2070,547,0.5835365609882861
039515,1420,2070,280,0.64012901633854447
039515,1420,2070,281,0.63229505656283902
039515,1421,2070,476,0.61098098859315586
039515,1421,2070,478,0.63812908958720416
039515,1421,2070,480,0.59663233149898875
039515,1422,2070,411,0.62053245021719494
039515,1422,2070,412,0.62248517269449932
039515,1423,2070,409,0.64397709945625592
039515,1423,2070,411,0.63336128249089563
039515,1423,2070,412,0.61549652907677599
039515,1424,2070,464,0.65038468420110929
039515,1424,2070,466,0.59254087653709298
039515,1424,2070,471,0.64495545934673704
039515,1424,2070,472,0.62033970276008488
039515,1424,2070,473,0.64760653801015056
039515,1425,2070,572,0.58869841851097426
039515,1425,2070,573,0.60281575188736991
039515,1427,2070,353,0.61492754101607627
039515,1427,2070,357,0.63791278577476718
039515,1427,2070,359,0.59474442842887243
039515,1427,2070,362,0.62385294626882903
039515,1428,2070,548,0.64718016629951736
039515,1428,2070,550,0.59676461179911344
039515,1429,2070,464,0.61984777139908409
039515,1429,2070,466,0.62185215272136474
039515,1429,2070,467,0.63736644028204348
039515,1429,2070,470,0.61384781525170296
039515,1430,2070,540,0.6447898089171975
039515,1430,2070,541,0.62532330119915358
039515,1430,2070,547,0.65178619360919077
039515,1431,2070,211,0.60209755436011025
039515,1431,2070,213,0.62339673781520744
039515,1431,2070,220,0.60567149276085874
039515,1432,2070,450,0.6151556678514839
039515,1432,2070,451,0.58799750101062076
039515,1433,2070,216,0.64300762651160825
039515,1433,2070,218,0.64694272445820433
039515,1433,2070,223,0.64433665443104349
039515,1434,2070,506,0.63083805302470652
039515,1435,2070,435,0.63232830820770525
039515,1435,2070,438,0.61292900235726555
039515,1435,2070,439,0.60326386158081002
039515,1435,2070,440,0.62995224221307777
039515,1436,2070,672,0.61471480285686331
039515,1436,2070,673,0.61173505482844004
039515,1440,2070,341,0.60719199102588528
039515,1440,2070,342,0.59059382932322768
039515,1441,2070,428,0.5880561156634776
039515,1441,2070,429,0.61561772305336693
039515,1441,2070,432,0.62417543234088069
039515,1441,2070,433,0.6271984554893697
039515,1441,2070,435,0.58613293219677975
039515,1441,2070,436,0.60462059350726949
039515,1442,2070,559,0.60611641752687706
039515,1442,2070,561,0.59581920482915374
039515,1443,2070,487,0.60131814545316009
039515,1444,2070,322,0.6160090869608793
039515,1444,2070,323,0.59408534615798725
039515,1444,2070,325,0.58456285304780375
039515,1444,2070,328,0.59903496282233826
039515,1444,2070,329,0.57103853110815328
039515,1445,2070,355,0.60636104408861591
039515,1446,2070,377,0.64824351195635543
039515,1446,2070,378,0.64091881211565072
039515,1447,2070,371,0.62264051041749402
039515,1447,2070,372,0.6246476982955308
039515,1447,2070,375,0.58832089552238809
039515,1447,2070,377,0.61715481171548114
039515,1448,2070,400,0.59440811905812507
039515,1450,2070,505,0.63734300681673717
039515,1450,2070,508,0.59541174910489325
039515,1450,2070,510,0.63295718161443792
039515,1450,2070,512,0.60411077455646911
039515,1451,2070,396,0.62680540877435442
039515,1451,2070,403,0.64996775382347527
039515,1451,2070,404,0.61644750720765062
039515,1451,2070,406,0.61918786256135649
039515,1452,2070,492,0.65853302418483495
039515,1452,2070,495,0.60993737402821768
039515,1452,2070,499,0.6290652378322712
039515,1452,2070,505,0.63712458249381343
039515,1452,2070,506,0.61182994454713491
039515,1453,2070,575,0.60399474552864696
039515,1453,2070,577,0.64429183281642299
039515,1453,2070,580,0.61932503849194787
039515,1453,2070,581,0.59016327190430007
039515,1453,2070,582,0.60397344971813061
039515,1453,2070,584,0.62108445877847207
039515,1454,2070,288,0.62982254144050298
039515,1454,2070,290,0.63189564812298615
039515,1454,2070,293,0.62044709963384082
039515,1455,2070,507,0.58871429740567971
039515,1455,2070,510,0.64163347652921021
039515,1455,2070,512,0.64855307312990751
039515,1455,2070,514,0.59484777517564402
039515,1456,2070,551,0.62147289699798447
039515,1457,2070,651,0.63669408838722019
039515,1457,2070,653,0.63836390295681267
039515,1457,2070,654,0.65517241379310343
039515,1457,2070,657,0.64141548857473107
039515,1458,2070,593,0.61637655964615012
039515,1458,2070,594,0.61038604494002369
039515,1458,2070,595,0.61893781430148409
039515,1458,2070,596,0.63049583575440638
039515,1458,2070,602,0.62874901188833954
039515,1459,2070,479,0.60328059875408957
039515,1459,2070,480,0.62191491404974553
039515,1459,2070,482,0.64734946435168084
039515,1459,2070,483,0.59559654430795028
039515,1460,2070,575,0.59988868127062378
039515,1462,2070,534,0.63225751847881284
039515,1463,2070,311,0.63577715543108626
039515,1463,2070,314,0.60731268731268728
039515,1463,2070,316,0.62541830708661417
039515,1463,2070,318,0.61497997958702988
039515,1464,2070,566,0.62605846189537173
039515,1465,2070,292,0.62712288885062684
039515,1466,2070,521,0.59278555784164066
039515,1466,2070,523,0.62967996375942659
039515,1466,2070,526,0.65539890390327571
039515,1467,2070,446,0.6206999812839229
039515,1467,2070,447,0.62226039807271605
039515,1467,2070,456,0.59302193431071715
039515,1468,2070,460,0.61362650079560244
039515,1468,2070,464,0.64846783502990868
039515,1468,2070,466,0.60631497384903466
039515,1468,2070,467,0.60217129071170084
039515,1469,2070,294,0.64773184807408402
039515,1469,2070,298,0.63639801773604587
039515,1470,2070,319,0.61983393973318401
039515,1470,2070,322,0.63265922776422856
039515,1470,2070,325,0.61484410745800377
039515,1471,2070,433,0.62322799416003394
039515,1472,2070,280,0.61401774682691224
039515,1472,2070,282,0.59107938078744615
039515,1473,2070,469,0.60641003900288282
039515,1473,2070,471,0.60802237248518243
039515,1474,2070,411,0.5675809147545966
039515,1474,2070,412,0.65271916290964538
039515,1474,2070,413,0.64135169450141616
039515,1475,2070,346,0.63298116674322458
039515,1478,2070,522,0.61320719440601279
039515,1480,2070,574,0.6258326999597621
039515,1480,2070,576,0.62476986375934551
039515,1481,2070,539,0.6551688719714821
039515,1481,2070,542,0.64682571134184041
039515,1481,2070,543,0.60361436191386031
039515,1482,2070,586,0.66581799415104082
039515,1483,2070,480,0.61938902743142144
039515,1483,2070,481,0.64847846366648443
039515,1483,2070,483,0.60249303805861287
039515,1484,2070,332,0.61670895251902869
039515,1484,2070,334,0.61503910036838361
039515,1485,2070,301,0.60351618791430495
039515,1485,2070,302,0.63294685990338162
039515,1485,2070,304,0.59169447847577206
039515,1486,2070,493,0.64372336938708619
039515,1488,2070,586,0.61963707064160722
039515,1488,2070,590,0.6039027604891265
039515,1488,2070,592,0.58782863030544752
039515,1489,2070,514,0.63684856495468278
039515,1489,2070,515,0.61900009073586792
039515,1490,2070,550,0.63113126542878606
039515,1490,2070,554,0.63564566783668941
039515,1491,2070,495,0.62073850221928417
039515,1491,2070,496,0.59161138454953988
039515,1492,2070,514,0.62220745171891734
039515,1492,2070,515,0.59898657658458532
039515,1492,2070,518,0.6222657149435874
039515,1493,2070,358,0.63460897054771681
039515,1494,2070,257,0.60870352486721391
039515,1494,2070,259,0.63217625518264076
039515,1495,2070,638,0.64431701972242517
039515,1495,2070,639,0.64485710140722474
039515,1495,2070,640,0.6486154494086267
039515,1498,2070,364,0.62989395588887542
039515,1498,2070,365,0.64852832684626927
039515,1498,2070,366,0.63396200249618639
039515,1498,2070,368,0.61734558176647503
039515,1498,2070,369,0.60730401930947631
039515,1499,2070,338,0.64405139716696336
039515,1499,2070,341,0.59250345235746693
039515,1499,2070,342,0.6354647661112226
039515,1500,2070,108,0.61021639522750992
039515,1500,2070,110,0.64080769637382384
039515,1500,2070,112,0.61802507836990594
039515,1500,2070,113,0.59456222302072104
039515,1501,2070,546,0.61114855107345722
039515,1501,2070,548,0.60285045734950016
039515,1501,2070,550,0.63586278712145983
039515,1501,2070,551,0.58042697781766894
039515,1501,2070,555,0.6209253295646735
039515,1502,2070,442,0.63580766603656691
039515,1502,2070,444,0.61388963180886158
039515,1502,2070,446,0.60182506120632095
039515,1503,2070,349,0.62118350201573114
039515,1503,2070,353,0.64847565735185886
039515,1503,2070,355,0.58224990268586996
039515,1504,2070,303,0.59057153258099748
039515,1504,2070,305,0.57459212529910808
039515,1504,2070,306,0.63021635815194987
039515,1505,2070,378,0.59558518853354425
039515,1506,2070,315,0.64197736814301998
039515,1507,2070,466,0.61823452872828544
039515,1507,2070,467,0.59587248322147646
039515,1507,2070,471,0.62696341072491646
039515,1508,2070,547,0.62333224099995321
039515,1509,2070,302,0.61035410884010433
039515,1509,2070,303,0.58671428099064249
039515,1510,2070,372,0.64939060292039563
039515,1511,2070,500,0.63818555545174249
039515,1511,2070,504,0.62431847038613786
039515,1512,2070,535,0.62415002815193377
039515,1512,2070,537,0.61974665920062955
039515,1512,2070,540,0.62329192546583856
039515,1513,2070,452,0.60233435884423858
039515,1514,2070,570,0.62874541763868275
039515,1515,2070,430,0.63565862708719856
039515,1515,2070,432,0.63311886535481143
039515,1515,2070,433,0.64378951662247608
039515,1517,2070,621,0.61782123127061728
039515,1517,2070,626,0.63104436148971266
039515,1518,2070,453,0.58420316367158076
039515,1518,2070,455,0.63029023272531226
039515,1518,2070,457,0.65021754064575221
039515,1519,2070,502,0.59155156834903833
039515,1519,2070,507,0.61742082870496506
039515,1520,2070,151,0.64041026397830614
039515,1521,2070,473,0.61702197334381237
039515,1521,2070,474,0.64798159066297678
039515,1522,2070,387,0.62719896301533595
039515,1523,2070,419,0.63508236257232309
039515,1524,2070,511,0.59467706924214303
039515,1524,2070,512,0.62635763072444295
039515,1525,2070,369,0.63142060302611058
039515,1525,2070,370,0.59194957036202278
039515,1525,2070,371,0.63455066057165821
039515,1526,2070,573,0.60988606333665463
039515,1526,2070,576,0.64470327914195269
039515,1526,2070,578,0.6040408108470936
039515,1528,2070,266,0.62202459959295642
039515,1529,2070,412,0.63542597813381008
039515,1529,2070,416,0.61905979264309052
039515,1529,2070,417,0.60748286843289923
039515,1529,2070,420,0.63982279402840148
039515,1531,2070,494,0.64393917808739587
039515,1531,2070,496,0.6301763423816128
039515,1531,2070,497,0.62060131112953054
039515,1532,2070,424,0.64355534582715379
039515,1533,2070,471,0.6233221871614939
039515,1533,2070,473,0.63976923653255413
039515,1534,2070,233,0.6076508966451567
039515,1534,2070,235,0.63159917375222174
039515,1536,2070,430,0.63001801635330534
039515,1536,2070,432,0.6326829268292683
039515,1537,2070,192,0.58668586102248854
039515,1537,2070,194,0.6446002294797526
039515,1538,2070,428,0.60301768990634752
039515,1538,2070,432,0.63426736719206067
039515,1539,2070,515,0.60230588910682681
039515,1539,2070,520,0.60339855015979427
039515,1540,2070,515,0.59840398322136212
039515,1540,2070,516,0.61861187045359778
039515,1540,2070,521,0.60618131208907233
039515,1540,2070,523,0.57349767748070668
039515,1541,2070,312,0.61843742928264311
039515,1541,2070,313,0.64131707738014521
039515,1541,2070,315,0.63370586929168826
039515,1541,2070,317,0.63796775174931553
039515,1541,2070,318,0.6427030026512115
039515,1541,2070,323,0.62357637665844778
039515,1541,2070,324,0.56970517827894673
039515,1542,2070,516,0.61974959612277869
039515,1542,2070,520,0.63521333987248652
039515,1543,2070,574,0.63512365088807687
039515,1544,2070,212,0.63977421228401332
039515,1544,2070,213,0.63557336155416133
039515,1544,2070,214,0.62748845357541005
039515,1544,2070,215,0.63093175153292458
039515,1545,2070,308,0.58469327977236585
039515,1546,2070,394,0.61921808894485875
039515,1546,2070,395,0.622829912603314
039515,1546,2070,396,0.64104046242774571
039515,1547,2070,434,0.6397635150266493
039515,1547,2070,435,0.63704164077066505
039515,1547,2070,436,0.62413837531405014
039515,1547,2070,437,0.629364481286109
039515,1548,2070,184,0.63876694331400008
039515,1548,2070,185,0.62874852829143291
039515,1548,2070,186,0.5842660697153822
039515,1548,2070,189,0.63926238955051862
039515,1550,2070,538,0.63399832245119481
039515,1551,2070,537,0.61296727963394626
039515,1552,2070,282,0.63738920225624496
039515,1552,2070,283,0.60618047346245951
039515,1552,2070,288,0.62026049204052103
039515,1552,2070,289,0.61291887303448001
039515,1553,2070,384,0.6265603445375324
039515,1554,2070,571,0.61594729862685549
039515,1554,2070,577,0.63556143464719872
039515,1555,2070,522,0.60346455173744373
039515,1555,2070,527,0.62676056338028174
039515,1555,2070,528,0.60820910122471339
039515,1555,2070,529,0.63623166938231368
039515,1556,2070,527,0.57394706217347169
039515,1556,2070,529,0.63073900705779629
039515,1556,2070,530,0.63483351628247342
039515,1557,2070,247,0.63123680878007593
039515,1557,2070,248,0.57902986655369626
039515,1557,2070,251,0.62964372886669506
039515,1558,2070,471,0.6420139239229139
039515,1558,2070,472,0.60648896575059208
039515,1558,2070,474,0.63597761049990353
039515,1558,2070,478,0.60883811166199608
039515,1558,2070,479,0.63366066557555922
039515,1559,2070,401,0.592730816772844
039515,1559,2070,406,0.64274998706740472
039515,1560,2070,548,0.6327081472660514
039515,1560,2070,553,0.63397406206577123
039515,1560,2070,554,0.59471957040572787
039515,1560,2070,559,0.64944081427494349
039515,1561,2070,395,0.63641296483866305
039515,1561,2070,397,0.64943357131596136
039515,1561,2070,400,0.64138288055099146
039515,1562,2070,470,0.617718607634128
039515,1562,2070,471,0.62963731286519375
039515,1563,2070,236,0.62420322459692534
039515,1564,2070,340,0.63393200153668838
039515,1564,2070,341,0.60061893841010194
039515,1564,2070,347,0.61453513749454391
039515,1565,2070,379,0.59586739327883742
039515,1565,2070,381,0.62241728561782583
039515,1565,2070,385,0.6110279838273216
039515,1566,2070,609,0.62819454560168331
039515,1566,2070,610,0.57888618038627415
039515,1566,2070,613,0.61104203900846998
039515,1567,2070,536,0.59236998786647477
039515,1567,2070,540,0.56803730394234841
039515,1567,2070,542,0.63190940256538652
039515,1567,2070,547,0.6400050757127147
039515,1568,2070,502,0.63467500258344534
039515,1568,2070,504,0.59354208518402474
039515,1568,2070,505,0.63060266919832764
039515,1568,2070,507,0.64193864763253961
039515,1569,2070,206,0.6452926377118644
039515,1569,2070,208,0.63954768337836487
039515,1570,2070,286,0.61100917431192658
039515,1572,2070,489,0.61392281068373278
039515,1572,2070,493,0.60021419828641376
039515,1572,2070,502,0.61972724389470346
039515,1574,2070,207,0.61697018887705235
039515,1575,2070,431,0.62425337703311179
039515,1575,2070,432,0.60810974379665117
039515,1575,2070,434,0.62811211325997307
039515,1576,2070,320,0.63007920371438109
039515,1577,2070,414,0.62370430405664801
039515,1577,2070,420,0.63049984365926659
039515,1578,2070,482,0.60818003913894325
039515,1578,2070,484,0.58948231115967764
039515,1579,2070,512,0.53558170483995238
039515,1579,2070,517,0.61583730333480124
039515,1579,2070,521,0.61541749232622289
039515,1579,2070,522,0.59935029778018412
039515,1579,2070,525,0.63950213007007117
039515,1579,2070,526,0.60609809634034406
039515,1580,2070,504,0.62656000962319192
039515,1580,2070,505,0.60380814154399065
039515,1580,2070,507,0.58410022426726471
039515,1581,2070,317,0.61315688530878409
039515,1581,2070,320,0.59263291598620937
039515,1582,2070,336,0.60802794423198525
039515,1582,2070,340,0.56214613103262334
039515,1582,2070,341,0.61818509832220814
039515,1583,2070,473,0.61767305992235844
039515,1584,2070,374,0.63842993268642367
039515,1584,2070,375,0.6456713051767633
039515,1584,2070,378,0.61009233412067854
039515,1585,2070,398,0.60656721932295754
039515,1585,2070,401,0.59230355220667386
039515,1586,2070,480,0.60034082106893882
039515,1587,2070,333,0.6182966619258764
039515,1587,2070,336,0.61481876965059024
039515,1587,2070,340,0.60024942839326545
039515,1587,2070,342,0.64185145317545744
039515,1588,2070,305,0.65986348667063244
039515,1588,2070,307,0.59147424511545288
039515,1589,2070,254,0.62482682183430316
039515,1589,2070,257,0.59758282816729569
039515,1589,2070,258,0.60180872300526289
039515,1590,2070,472,0.64290638356542118
039515,1590,2070,473,0.60130614845492192
039515,1590,2070,474,0.63857333248714854
039515,1590,2070,475,0.58575207860922152
039515,1591,2070,314,0.61230531166952606
039515,1591,2070,316,0.63422582211847278
039515,1591,2070,320,0.63030869971936387
039515,1592,2070,246,0.60460666991784517
039515,1592,2070,248,0.65447335811648077
039515,1592,2070,249,0.64144713534655007
039515,1593,2070,410,0.61952329146474139
039515,1594,2070,400,0.64923049940807642
039515,1596,2070,326,0.62703935270319966
039515,1596,2070,327,0.62477535301668807
039515,1596,2070,328,0.64181174669982777
039515,1596,2070,329,0.62724807308021691
039515,1597,2070,258,0.62072297780959196
039515,1597,2070,261,0.63175042762889955
039515,1598,2070,465,0.62307629671850828
039515,1598,2070,467,0.64896449355606345
039515,1599,2070,359,0.60481575201644788
039515,1601,2070,294,0.62908030880609922
039515,1601,2070,295,0.6084371008939975
039515,1601,2070,300,0.62961827902066947
039515,1601,2070,301,0.62349188739425876
039515,1602,2070,510,0.57826004906586148
039515,1602,2070,514,0.63928885859532536
039515,1603,2070,309,0.60755555555555552
039515,1603,2070,315,0.61505490811295382
039515,1604,2070,460,0.6198241853819153
039515,1604,2070,465,0.61443258204824036
039515,1604,2070,468,0.58474644056950886
039515,1604,2070,469,0.60522584565525628
039515,1605,2070,262,0.61800316490634088
039515,1606,2070,201,0.64426421555375324
039515,1606,2070,203,0.61965021441183887
039515,1607,2070,226,0.63632491979216943
039515,1607,2070,227,0.61085264760615798
039515,1609,2070,401,0.61902321529236914
039515,1609,2070,402,0.61213389121338913
039515,1609,2070,405,0.60827792350393461
039515,1610,2070,407,0.61698325663370213
039515,1612,2070,389,0.6238349398550147
039515,1612,2070,392,0.60832395159020547
039515,1613,2070,563,0.59704398901870648
039515,1613,2070,565,0.60334576237025095
039515,1614,2070,538,0.57805389576985478
039515,1614,2070,540,0.58785452465749866
039515,1616,2070,382,0.63013698630136983
039515,1617,2070,342,0.61411173400347963
039515,1617,2070,343,0.6258622069296631
039515,1618,2070,454,0.57380238938397476
039515,1618,2070,455,0.63119494014004973
039515,1618,2070,457,0.62457563964560736
039515,1619,2070,311,0.63322346736980883
039515,1619,2070,312,0.61521086994882657
039515,1619,2070,314,0.61737302977232922
039515,1619,2070,317,0.62286056253740274
039515,1620,2070,375,0.61515368607784937
039515,1620,2070,376,0.61563868993811277
039515,1621,2070,538,0.5976509612780937
039515,1622,2070,419,0.59590009425070689
039515,1622,2070,424,0.63359093690847246
039515,1623,2070,372,0.58841138358074307
039515,1623,2070,373,0.63525040991262116
039515,1623,2070,374,0.59186751441667895
039515,1624,2070,305,0.6195529025821398
039515,1624,2070,307,0.59338222752856895
039515,1624,2070,309,0.57273016630858598
039515,1624,2070,310,0.62338302617678132
039515,1624,2070,311,0.64411695769365995
039515,1624,2070,313,0.64797961412449945
039515,1624,2070,314,0.59550986729010524
039515,1625,2070,328,0.6282584524152699
039515,1625,2070,329,0.59288417206733068
039515,1625,2070,331,0.62424999999999997
039515,1626,2070,344,0.63252369838937395
039515,1627,2070,437,0.6315714556841906
039515,1627,2070,442,0.63372664700098325
039515,1627,2070,444,0.61175574571031766
039515,1627,2070,447,0.59703892909512324
039515,1628,2070,450,0.61167857612555343
039515,1628,2070,451,0.61326135225739042
039515,1628,2070,452,0.58086641001814243
039515,1629,2070,331,0.59424376081737484
039515,1629,2070,332,0.62201423418153456
039515,1629,2070,333,0.62415126454644687
039515,1629,2070,340,0.62742819964680729
039515,1629,2070,342,0.64170594495970812
039515,1630,2070,478,0.5951156274829591
039515,1630,2070,481,0.60404877195029461
039515,1630,2070,484,0.63027724349633774
039515,1630,2070,486,0.60190344350233604
039515,1630,2070,489,0.6364354938483745
039515,1632,2070,295,0.62615407900711362
039515,1632,2070,299,0.59733104799216452
039515,1632,2070,301,0.66200183808171109
039515,1633,2070,509,0.60387092183441848
039515,1634,2070,373,0.60908775580992025
039515,1634,2070,375,0.64317116328280344
039515,1635,2070,327,0.62991730796807033
039515,1635,2070,328,0.59280150416330912
039515,1635,2070,329,0.61591323314111568
039515,1635,2070,330,0.58902835890283589
039515,1637,2070,354,0.60474584157264166
039515,1637,2070,358,0.60865569387584595
039515,1637,2070,363,0.62318945016934491
039515,1637,2070,364,0.61782321260389716
039515,1638,2070,549,0.60453535270392622
039515,1638,2070,551,0.64477495362384873
039515,1638,2070,557,0.62209936295984547
039515,1638,2070,558,0.61314720373411702
039515,1638,2070,561,0.63276694740561867
039515,1639,2070,304,0.63758125393164189
039515,1639,2070,307,0.62216234630988887
039515,1640,2070,312,0.63144134722873324
039515,1641,2070,388,0.60431093338535058
039515,1641,2070,390,0.60792913283251548
039515,1641,2070,392,0.63824341891452718
039515,1641,2070,394,0.64346463742166515
039515,1642,2070,493,0.61711787713781729
039515,1642,2070,495,0.63953987876473672
039515,1642,2070,501,0.63936456817266896
039515,1643,2070,205,0.6420141620771046
039515,1643,2070,210,0.61904545454545457
039515,1644,2070,554,0.62713498347860197
039515,1644,2070,560,0.60641725588472206
039515,1646,2070,345,0.64049595245414492
039515,1646,2070,349,0.62691682566603069
039515,1646,2070,350,0.63244685810180867
039515,1646,2070,353,0.60923879202988795
039515,1647,2070,559,0.64356971839014931
039515,1649,2070,301,0.64159945567393539
039515,1650,2070,447,0.60238357978371215
039515,1651,2070,313,0.60884992694635776
039515,1651,2070,319,0.64239152999792404
039515,1651,2070,320,0.62589965042155049
039515,1653,2070,483,0.63523826912543369
039515,1655,2070,310,0.6123541633370625
039515,1655,2070,311,0.61929987198163594
039515,1655,2070,315,0.63059303270201816
039515,1656,2070,457,0.65637793375905662
039515,1656,2070,460,0.62617605961807177
039515,1657,2070,374,0.64533380871735446
039515,1658,2070,528,0.59979125594340721
039515,1658,2070,529,0.59859203773061453
039515,1658,2070,533,0.57769283473369148
039515,1659,2070,470,0.62995498951460283
039515,1659,2070,476,0.60426573103734826
039515,1660,2070,511,0.62780410742496051
039515,1660,2070,512,0.64507126111710644
039515,1660,2070,513,0.60520904729266622
039515,1661,2070,529,0.6197985767699915
039515,1661,2070,536,0.61919898283534647
039515,1662,2070,350,0.62651093699938831
039515,1664,2070,440,0.64065452671362311
039515,1665,2070,365,0.64089492141836601
039515,1665,2070,367,0.58172883499051664
039515,1666,2070,132,0.63411167127857171
039515,1666,2070,134,0.63045741228338747
039515,1666,2070,139,0.59822756970049806
039515,1667,2070,515,0.60515434176363114
039515,1667,2070,516,0.61556784096924078
039515,1667,2070,518,0.63014236622484043
039515,1668,2070,220,0.62019591404491903
039515,1668,2070,223,0.61633019715379889
039515,1669,2070,241,0.60087319731165234
039515,1670,2070,342,0.56614232209737825
039515,1670,2070,343,0.62721130767179301
039515,1672,2070,409,0.62640202615392571
039515,1673,2070,322,0.6374823085390785
039515,1673,2070,326,0.64755771949112617
039515,1673,2070,328,0.64178192099029574
039515,1674,2070,533,0.59894480195051758
039515,1675,2070,427,0.61583930972657996
039515,1675,2070,428,0.61277341160874921
039515,1675,2070,429,0.61290322580645162
039515,1675,2070,432,0.62084844533192063
039515,1676,2070,699,0.6379733042767638
039515,1676,2070,702,0.58210044181427589
039515,1676,2070,708,0.64131838493274362
039515,1677,2070,251,0.6356247370635254
039515,1677,2070,254,0.62009664041395574
039515,1677,2070,256,0.61572351255400148
039515,1678,2070,506,0.58978302435780194
039515,1679,2070,449,0.60125648269174015
039515,1679,2070,450,0.62354962177149575
039515,1679,2070,453,0.62919068480516482
039515,1680,2070,372,0.60838143507438169
039515,1680,2070,373,0.62653271822265388
039515,1681,2070,397,0.64234102710993657
039515,1681,2070,401,0.59623347666825932
039515,1681,2070,404,0.63154036651807821
039515,1681,2070,407,0.63180166505680513
039515,1682,2070,483,0.61934481950304732
039515,1682,2070,486,0.60345444782530877
039515,1682,2070,488,0.63552283880709703
039515,1683,2070,420,0.59297823186802456
039515,1683,2070,421,0.61900425015179117
039515,1683,2070,426,0.56850546108115585
039515,1683,2070,428,0.59355773990524008
039515,1683,2070,430,0.6294875979112271
039515,1684,2070,408,0.60062538632149221
039515,1684,2070,410,0.62633118782913988
039515,1684,2070,412,0.61944247018873888
039515,1684,2070,413,0.62906464183694888
039515,1684,2070,415,0.59687333766771089
039515,1685,2070,368,0.59152617568766641
039515,1685,2070,369,0.61320568884686599
039515,1685,2070,377,0.6231768263069668
039515,1685,2070,378,0.61941367622907861
039515,1686,2070,561,0.6035483336096833
039515,1686,2070,568,0.62225775823297191
039515,1686,2070,569,0.63072699734948878
039515,1687,2070,357,0.64239854271806973
039515,1687,2070,359,0.6131740734235025
039515,1688,2070,315,0.64384636125205286
039515,1688,2070,317,0.63341438443818787
039515,1688,2070,321,0.60040921947403258
039515,1689,2070,261,0.58663256606990621
039515,1689,2070,262,0.5905808262313037
039515,1690,2070,491,0.62211439494192033
039515,1691,2070,444,0.60465949820788534
039515,1692,2070,464,0.62791046267612671
039515,1693,2070,358,0.56814832282025585
039515,1694,2070,224,0.61806480877725167
039515,1694,2070,226,0.61620857303349019
039515,1694,2070,231,0.63898872982028632
039515,1695,2070,318,0.61245097597259157
039515,1696,2070,316,0.60073749465583581
039515,1697,2070,487,0.62185975102922908
039515,1697,2070,491,0.61135006472627051
039515,1697,2070,493,0.53513441575725318
039515,1697,2070,496,0.63928821518309509
039515,1698,2070,419,0.64385843164469114
039515,1699,2070,368,0.60471324680106786
039515,1699,2070,370,0.60708540788969745
039515,1699,2070,372,0.63461979365685894
039515,1700,2070,375,0.64198654196114946
039515,1700,2070,377,0.6294801371733787
039515,1701,2070,204,0.63733738074588031
039515,1701,2070,207,0.63642975657431189
039515,1701,2070,212,0.59550326578462565
039515,1701,2070,215,0.64372863455712737
039515,1702,2070,446,0.59931618365353301
039515,1703,2070,628,0.62986621670483312
039515,1704,2070,204,0.64330407760466968
039515,1704,2070,207,0.60807312097913069
039515,1704,2070,209,0.64222882275661164
039515,1705,2070,352,0.62877083253880472
039515,1705,2070,355,0.60459546137295495
039515,1705,2070,356,0.58094497519069832
039515,1707,2070,348,0.65516407599309157
039515,1707,2070,350,0.6452157059794702
039515,1707,2070,351,0.60317800502112551
039515,1707,2070,354,0.6005399325084364
039515,1708,2070,553,0.63635514018691586
039515,1708,2070,556,0.54350638000349594
039515,1709,2070,340,0.61060329067641683
039515,1709,2070,343,0.64289122137404575
039515,1709,2070,344,0.61995490048694402
039515,1710,2070,608,0.578720013420567
039515,1711,2070,566,0.62332941900128613
039515,1712,2070,499,0.59531892798657982
039515,1713,2070,472,0.63229660868037252
039515,1713,2070,473,0.6223232897479628
039515,1713,2070,474,0.60637137246345185
039515,1714,2070,631,0.61232402492499427
039515,1714,2070,632,0.58914636561695388
039515,1714,2070,633,0.62991099690909769
039515,1714,2070,634,0.62624729847795102
039515,1715,2070,579,0.63206803703946934
039515,1715,2070,585,0.63416158774808562
039515,1716,2070,330,0.60051864267417221
039515,1716,2070,332,0.61363575214572064
039515,1716,2070,334,0.59159457099769819
039515,1717,2070,419,0.64435186211922002
039515,1718,2070,532,0.60516080068304712
039515,1718,2070,533,0.63091068301225917
039515,1719,2070,407,0.63119151590767308
039515,1719,2070,408,0.6120417775957403
039515,1719,2070,413,0.65297046672319548
039515,1720,2070,340,0.60519783910059866
039515,1720,2070,343,0.65600993504852123
039515,1721,2070,377,0.61549409547255451
039515,1721,2070,380,0.63295590582601757
039515,1723,2070,545,0.63842124205222539
039515,1723,2070,546,0.61358560398187734
039515,1723,2070,550,0.61759124902332851
039515,1725,2070,462,0.602708120579447
039515,1725,2070,465,0.63342888342888348
039515,1726,2070,407,0.63522044469234085
039515,1727,2070,285,0.59556062912227292
039515,1728,2070,378,0.65337055027029001
039515,1728,2070,384,0.62720140772783928
039515,1729,2070,544,0.63480807064098455
039515,1729,2070,546,0.6396047277659368
039515,1730,2070,557,0.63035451305145884
039515,1730,2070,562,0.62072450248756217
039515,1730,2070,564,0.63213086777369842
039515,1732,2070,440,0.62912446093671648
039515,1732,2070,443,0.59552327556914708
039515,1732,2070,446,0.61816178091249729
039515,1732,2070,447,0.59548469155991646
039515,1733,2070,509,0.61004463588975244
039515,1733,2070,511,0.58726034408094174
039515,1734,2070,441,0.64810104376809052
039515,1734,2070,444,0.64581900756400623
039515,1734,2070,447,0.62904736419587903
039515,1735,2070,387,0.63348554033485538
039515,1735,2070,389,0.61321523472099204
039515,1735,2070,393,0.62787811939886939
039515,1736,2070,486,0.59816581813277592
039515,1736,2070,488,0.61199896893929628
039515,1736,2070,489,0.59548334434640648
039515,1736,2070,491,0.56104053644236274
039515,1736,2070,492,0.60936100060925347
039515,1736,2070,493,0.60070553173372254
039515,1736,2070,496,0.62920745608153417
039515,1737,2070,439,0.61693633671742809
039515,1739,2070,357,0.61850083860147076
039515,1739,2070,361,0.63442652654466392
039515,1739,2070,364,0.57484821195131164
039515,1740,2070,542,0.61204879979846694
039515,1740,2070,549,0.590000890657008
039515,1741,2070,310,0.61441074831250198
039515,1741,2070,312,0.61587019337630589
039515,1741,2070,316,0.63863953457761868
039515,1741,2070,318,0.62256037049288782
039515,1741,2070,320,0.65122478386167149
039515,1742,2070,409,0.61438889675683328
039515,1742,2070,410,0.60514495712535732
039515,1743,2070,432,0.62054397682465601
039515,1744,2070,322,0.59623231773667029
039515,1745,2070,429,0.63841002519559742
039515,1746,2070,213,0.6144640830225393
039515,1746,2070,222,0.62600017980760592
039515,1746,2070,223,0.57464765650606353
039515,1746,2070,224,0.62299657461834479
039515,1747,2070,464,0.64035366034223828
039515,1748,2070,539,0.61142675765751464
039515,1748,2070,543,0.63269649334945588
039515,1748,2070,544,0.61945600538109047
039515,1748,2070,549,0.60712163459340862
039515,1748,2070,552,0.59134849221789887
039515,1748,2070,554,0.63731842779834802
039515,1749,2070,439,0.63681657270224201
039515,1749,2070,445,0.6270149606130202
039515,1749,2070,447,0.62746271037728329
039515,1750,2070,457,0.60414666239908954
039515,1750,2070,458,0.63475522028230358
039515,1751,2070,329,0.6483484745050675
039515,1752,2070,450,0.64003053216611405
039515,1752,2070,459,0.61517008976556375
039515,1752,2070,460,0.59089195190414345
039515,1752,2070,463,0.61340283507087678
039515,1753,2070,539,0.6317753091595053
039515,1753,2070,540,0.62584063184235217
039515,1753,2070,541,0.60384963085731502
039515,1753,2070,545,0.64389341425757329
039515,1753,2070,547,0.61134283397057121
039515,1753,2070,548,0.59970395432438151
039515,1754,2070,477,0.63524478782466898
039515,1754,2070,479,0.65191386130331386
039515,1754,2070,482,0.60977912800722556
039515,1754,2070,483,0.6283578775993488
039515,1755,2070,455,0.61209872281670696
039515,1755,2070,457,0.64666450696503774
039515,1755,2070,461,0.61837964465644002
039515,1755,2070,462,0.62433563270383352
039515,1756,2070,407,0.59726027397260273
039515,1757,2070,258,0.63874951756078735
039515,1759,2070,497,0.60887913571910868
039515,1760,2070,476,0.63340542666142352
039515,1760,2070,479,0.60555335184450609
039515,1760,2070,482,0.59282912438810909
039515,1760,2070,487,0.61220991009826464
039515,1761,2070,315,0.6053285730968786
039515,1761,2070,319,0.6438360184288523
039515,1762,2070,280,0.59611813754685916
039515,1762,2070,281,0.61879128945436745
039515,1762,2070,282,0.65041700735895336
039515,1762,2070,284,0.62245068694342709
039515,1763,2070,343,0.62464398734177218
039515,1764,2070,449,0.65034542640341275
039515,1764,2070,450,0.61840804218852996
039515,1764,2070,452,0.61317715959004393
039515,1764,2070,453,0.65246941549614856
039515,1764,2070,454,0.58715246921416786
039515,1765,2070,361,0.60651568366234709
039515,1765,2070,365,0.63381615939371716
039515,1766,2070,503,0.63066473988439309
039515,1766,2070,509,0.6155503329416373
039515,1766,2070,511,0.63094010685162616
039515,1767,2070,472,0.60676297825051595
039515,1767,2070,475,0.60908734821778299
039515,1768,2070,457,0.60839104199570726
039515,1768,2070,458,0.58970144347150411
039515,1768,2070,459,0.63679470198675492
039515,1768,2070,465,0.63498549549268535
039515,1769,2070,462,0.58480886976667223
039515,1770,2070,423,0.62089761103521812
039515,1770,2070,424,0.5906848639315958
039515,1770,2070,426,0.60755800702010299
039515,1771,2070,531,0.631028810951345
039515,1771,2070,533,0.62684649967886963
039515,1773,2070,290,0.61047309739846656
039515,1773,2070,291,0.64978463142081944
039515,1773,2070,293,0.63581464287026712
039515,1774,2070,531,0.59953780125453948
039515,1776,2070,462,0.62786782742532832
039515,1777,2070,425,0.61241094717172107
039515,1777,2070,427,0.61853906804054903
039515,1778,2070,472,0.595703125
039515,1778,2070,474,0.61724418132218928
039515,1778,2070,475,0.60740291262135926
039515,1779,2070,511,0.61186640041578899
039515,1779,2070,519,0.61257530120481929
039515,1779,2070,522,0.58382236320380654
039515,1779,2070,523,0.65383239743910726
039515,1780,2070,344,0.64778522794936189
039515,1781,2070,572,0.64188090529553943
039515,1781,2070,575,0.59117305458768876
039515,1781,2070,577,0.58453446619127092
039515,1782,2070,391,0.63308222027083239
039515,1782,2070,394,0.60369520493749007
039515,1782,2070,398,0.61993319200873642
039515,1783,2070,497,0.64036323960630104
039515,1783,2070,499,0.63563839052429894
039515,1783,2070,501,0.63987649414570025
039515,1784,2070,343,0.61253279428841767
039515,1784,2070,345,0.60211026684432278
039515,1785,2070,380,0.62685597624350409
039515,1785,2070,383,0.63747720282004516
039515,1785,2070,385,0.6235881382461187
039515,1786,2070,323,0.56949270326615709
039515,1788,2070,315,0.58779669990293837
039515,1788,2070,320,0.63356045089105328
039515,1790,2070,316,0.57931623931623932
039515,1792,2070,565,0.60156880322725237
039515,1793,2070,332,0.61789746775313337
039515,1793,2070,333,0.62136851459429898
039515,1793,2070,336,0.62264904187366932
039515,1794,2070,204,0.66170505213047703
039515,1794,2070,205,0.59946188975820436
039515,1796,2070,401,0.63295911388393078
039515,1796,2070,404,0.64249090307641421
039515,1798,2070,358,0.62896608315098468
039515,1798,2070,359,0.61210671240915449
039515,1798,2070,360,0.64405271329571701
039515,1799,2070,325,0.65994227555825613
039515,1799,2070,328,0.62374925091252476
039515,1800,2070,561,0.64132500678794457
039515,1802,2070,381,0.57443205559587429
039515,1802,2070,384,0.62214641826292316
039515,1803,2070,448,0.63085634502016752
039515,1803,2070,450,0.61988913233480603
039515,1804,2070,298,0.6398449612403101
039515,1804,2070,299,0.62143713679549861
039515,1804,2070,300,0.62470280900525399
039515,1804,2070,305,0.63328765679350696
039515,1804,2070,308,0.61604504378504943
039515,1805,2070,493,0.59798520384070519
039515,1805,2070,495,0.59163205349002124
039515,1805,2070,496,0.62487356321839083
039515,1806,2070,419,0.59405154270738192
039515,1806,2070,422,0.6364026357334065
039515,1806,2070,423,0.63112231913564543
039515,1806,2070,428,0.64487886954413887
039515,1807,2070,636,0.63253715712732106
039515,1807,2070,637,0.63305107647959646
039515,1807,2070,639,0.61439336514023279
039515,1808,2070,480,0.64158450998412564
039515,1809,2070,549,0.63342382245082629
039515,1809,2070,550,0.64170296167247387
039515,1809,2070,554,0.63039055331711014
039515,1809,2070,556,0.63203279068868179
039515,1810,2070,333,0.63149126564805558
039515,1810,2070,336,0.58791013542859394
039515,1811,2070,445,0.63568119423472891
039515,1811,2070,452,0.59626493370093214
039515,1813,2070,484,0.61306414234651796
039515,1814,2070,380,0.60484446151313986
039515,1814,2070,386,0.59070377948500175
039515,1815,2070,476,0.64159868536885967
039515,1815,2070,481,0.61170761924427008
039515,1815,2070,482,0.5900368694486342
039515,1817,2070,387,0.58894542390458904
039515,1817,2070,388,0.57747378327507393
039515,1818,2070,458,0.63599319826638745
039515,1818,2070,460,0.6566075095335876
039515,1818,2070,466,0.62806809873620439
039515,1818,2070,467,0.61950974650715307
039515,1819,2070,437,0.60763393436243351
039515,1819,2070,441,0.61866128101557993
039515,1820,2070,255,0.60016566576931041
039515,1820,2070,256,0.63135637193856375
039515,1820,2070,257,0.61022498321020824
039515,1820,2070,259,0.62170265808712055
039515,1821,2070,436,0.58892858458251995
039515,1822,2070,402,0.64263118044247147
039515,1822,2070,403,0.59089135746699251
039515,1822,2070,410,0.60487953910614523
039515,1824,2070,390,0.59886021845812887
039515,1824,2070,396,0.62259017640347536
039515,1824,2070,398,0.61423161251744074
039515,1824,2070,399,0.62349220613140699
039515,1825,2070,296,0.65075841106177545
039515,1826,2070,432,0.60886031007140318
039515,1826,2070,440,0.62822074816118412
039515,1826,2070,443,0.64144807726213093
039515,1827,2070,330,0.58077463375476623
039515,1828,2070,311,0.62890189520624307
039515,1828,2070,314,0.64728306519351297
039515,1828,2070,317,0.61337625178826893
039515,1829,2070,399,0.62635482030804335
039515,1830,2070,527,0.62726260094681152
039515,1830,2070,528,0.62315236427320486
039515,1830,2070,530,0.62786887235566124
039515,1830,2070,531,0.64580781650150321
039515,1830,2070,534,0.61994932201068342
039515,1830,2070,540,0.64666643260892465
039515,1830,2070,541,0.64479007108911668
039515,1831,2070,359,0.6299439091039839
039515,1832,2070,235,0.61213150886215451
039515,1832,2070,238,0.60731241315423812
039515,1832,2070,239,0.63824519323764939
039515,1832,2070,241,0.62051802009401791
039515,1833,2070,391,0.61569403010089496
039515,1833,2070,392,0.62857812774770905
039515,1833,2070,393,0.60881445287385882
039515,1834,2070,516,0.61470126435831751
039515,1834,2070,522,0.63975929740865223
039515,1835,2070,513,0.60249729623439185
039515,1835,2070,518,0.59469253194561755
039515,1835,2070,520,0.61762718650684423
039515,1836,2070,274,0.65121823695493042
039515,1836,2070,277,0.61880570409982172
039515,1836,2070,280,0.6189981480645016
039515,1837,2070,300,0.60482458984501652
039515,1837,2070,309,0.6373031195128982
039515,1838,2070,358,0.61492227979274616
039515,1838,2070,361,0.61939931068439191
039515,1839,2070,602,0.64886820393484235
039515,1839,2070,604,0.6414698397106755
039515,1839,2070,605,0.62375355369796748
039515,1839,2070,606,0.59616965495789731
039515,1840,2070,314,0.61324016361511491
039515,1842,2070,381,0.60522509491954435
039515,1842,2070,384,0.59715817493345336
039515,1843,2070,507,0.57298729639155166
039515,1843,2070,514,0.63158011441749085
039515,1844,2070,446,0.63328255107790554
039515,1844,2070,450,0.61069560162759151
039515,1844,2070,453,0.63708437528943229
039515,1845,2070,527,0.65417572579613759
039515,1845,2070,528,0.59125782772778168
039515,1845,2070,529,0.60434638354346382
039515,1845,2070,530,0.64523700326435918
039515,1845,2070,532,0.62997013253686762
039515,1846,2070,230,0.63030135580509561
039515,1846,2070,236,0.64345421275887882
039515,1847,2070,477,0.61220660480349343
039515,1847,2070,478,0.62575960679177833
039515,1848,2070,523,0.62879529872673845
039515,1849,2070,508,0.62357715991789509
039515,1850,2070,192,0.62011824324324327
039515,1850,2070,195,0.63528989266190494
039515,1850,2070,197,0.58258894776684333
039515,1851,2070,568,0.62726849697533738
039515,1851,2070,574,0.57047823194618963
039515,1851,2070,577,0.61239559375378283
039515,1852,2070,192,0.58548534986519962
039515,1852,2070,196,0.62032349119584207
039515,1852,2070,198,0.64310780460415495
039515,1853,2070,266,0.65698735292267041
039515,1853,2070,268,0.61455289304500293
039515,1854,2070,322,0.59744500224480634
039515,1854,2070,323,0.63428389502888072
039515,1854,2070,331,0.5718529929577465
039515,1855,2070,398,0.63682023771957508
039515,1856,2070,251,0.63677806094978284
039515,1857,2070,414,0.64555957315459922
039515,1857,2070,416,0.58707600247162506
039515,1857,2070,417,0.60398481973434537
039515,1858,2070,438,0.59998486415579833
039515,1858,2070,440,0.6107468757526292
039515,1858,2070,449,0.66278100038918442
039515,1858,2070,451,0.6243356953055802
039515,1859,2070,505,0.63289243248225646
039515,1859,2070,511,0.64458747805734351
039515,1860,2070,468,0.61745058565153732
039515,1861,2070,513,0.63512209981215417
039515,1861,2070,516,0.59290400422290923
039515,1861,2070,517,0.60733199415631844
039515,1861,2070,521,0.61386664306889072
039515,1861,2070,522,0.6327376943090719
039515,1861,2070,523,0.58579655842353595
039515,1862,2070,660,0.60001993090619188
039515,1862,2070,663,0.6180988138919703
039515,1862,2070,664,0.59287925696594423
039515,1862,2070,665,0.6344827586206897
039515,1862,2070,667,0.61715426686344299
039515,1863,2070,461,0.62178602784397341
039515,1863,2070,464,0.64854689867315551
039515,1863,2070,465,0.61763148246221533
039515,1863,2070,467,0.64206493980299162
039515,1863,2070,468,0.64604953073965354
039515,1864,2070,535,0.63196763486314433
039515,1864,2070,538,0.56799742664140962
039515,1865,2070,232,0.64448605909280066
039515,1865,2070,233,0.6129147661210983
039515,1865,2070,234,0.57843778620960351
039515,1866,2070,401,0.59455963203852091
039515,1866,2070,402,0.63012923309121782
039515,1866,2070,404,0.59054108216432866
039515,1866,2070,406,0.59664138238753905
039515,1866,2070,408,0.62686631199588128
039515,1866,2070,409,0.59625362429421636
039515,1866,2070,411,0.6192009748455044
039515,1867,2070,481,0.62091965192808873
039515,1867,2070,483,0.60581205734173826
039515,1868,2070,385,0.63289550365356162
039515,1868,2070,386,0.59654599262172137
039515,1868,2070,388,0.65685248841727695
039515,1869,2070,424,0.60263380451854531
039515,1869,2070,430,0.59720476009473411
039515,1870,2070,350,0.61816409775114611
039515,1870,2070,361,0.63998765813020675
039515,1870,2070,363,0.61269373281804052
039515,1871,2070,168,0.63444192792148446
039515,1875,2070,309,0.58210472801220137
039515,1875,2070,310,0.61130871256191199
039515,1876,2070,179,0.58171939916906357
039515,1876,2070,183,0.6192361434559851
039515,1876,2070,184,0.62853817053060435
039515,1877,2070,580,0.62754878795834423
039515,1877,2070,582,0.62554712576597604
039515,1877,2070,586,0.65174615784166945
039515,1878,2070,352,0.64074412033085093
039515,1878,2070,356,0.6173261079355653
039515,1878,2070,357,0.62120730967984061
039515,1879,2070,120,0.62269200930954227
039515,1880,2070,469,0.6393681147370609
039515,1880,2070,470,0.62057455745574552
039515,1880,2070,475,0.59767713091651276
039515,1881,2070,558,0.61974228538627496
039515,1881,2070,565,0.5842050385119909
039515,1882,2070,341,0.63814165453509719
039515,1884,2070,391,0.61994558748512163
039515,1884,2070,392,0.62239694281988711
039515,1885,2070,500,0.60244961494347038
039515,1886,2070,408,0.65998514383469142
039515,1886,2070,410,0.6085203886790852
039515,1886,2070,411,0.63728277260030164
039515,1887,2070,580,0.60112535167239767
039515,1887,2070,582,0.6469635158985042
039515,1888,2070,383,0.6221807019885226
039515,1888,2070,385,0.62398611003135607
039515,1888,2070,392,0.62154641224408669
039515,1888,2070,393,0.62726518712142154
039515,1889,2070,353,0.60567511089929249
039515,1889,2070,359,0.58042170967496387
039515,1890,2070,335,0.57310087173100877
039515,1891,2070,568,0.6186506309507539
039515,1892,2070,443,0.62205123869113044
039515,1892,2070,445,0.58439537329127234
039515,1893,2070,519,0.59813010992450022
039515,1893,2070,520,0.6175720992622401
039515,1893,2070,523,0.63925634608509119
039515,1894,2070,462,0.62437402041362433
039515,1894,2070,463,0.58121219502293675
039515,1895,2070,168,0.6518753301637612
039515,1895,2070,169,0.61801831806827645
039515,1895,2070,171,0.64602527569418711
039515,1895,2070,173,0.62006968641114979
039515,1896,2070,370,0.60348574408901257
039515,1896,2070,376,0.61928571428571433
039515,1897,2070,475,0.60365332296929652
039515,1897,2070,476,0.61938814369737227
039515,1897,2070,477,0.61635268984268787
039515,1897,2070,478,0.57426331240013373
039515,1897,2070,479,0.61386304304170292
039515,1897,2070,480,0.63068207164205736
039515,1898,2070,569,0.63017350442797759
039515,1898,2070,572,0.61990909500022506
039515,1899,2070,230,0.60128208595926536
039515,1900,2070,506,0.62898444199436476
039515,1900,2070,508,0.63784693745413734
039515,1900,2070,509,0.61488272921108744
039515,1901,2070,266,0.62552611067809816
039515,1902,2070,580,0.63151807228915657
039515,1902,2070,582,0.55930584962843022
039515,1902,2070,585,0.62770060609575729
039515,1902,2070,586,0.59100570999874968
039515,1903,2070,416,0.63610467042066909
039515,1903,2070,419,0.64650127454852258
039515,1903,2070,423,0.61377320622177622
039515,1904,2070,404,0.62308232227012939
039515,1904,2070,408,0.58651604216610287
039515,1904,2070,409,0.66493270974515606
039515,1905,2070,278,0.62586596790983162
039515,1905,2070,284,0.60805866254164687
039515,1906,2070,598,0.61608782435129739
039515,1907,2070,550,0.59821596244131459
039515,1908,2070,517,0.6134477162068166
039515,1909,2070,581,0.62240932642487046
039515,1909,2070,582,0.63609075043630015
039515,1910,2070,561,0.64006388925861835
039515,1911,2070,346,0.5917144547020855
039515,1911,2070,349,0.63399861430838345
039515,1912,2070,408,0.60958345686332638
039515,1913,2070,397,0.64437060203283814
039515,1913,2070,400,0.59843319923777261
039515,1913,2070,402,0.62367615909625795
039515,1913,2070,406,0.62468126838836224
039515,1915,2070,336,0.62757818945473642
039515,1915,2070,337,0.63027905628971714
039515,1915,2070,338,0.58205526653604489
039515,1915,2070,340,0.65101590229451389
039515,1915,2070,341,0.60188036293467995
039515,1915,2070,342,0.63522012578616349
039515,1916,2070,548,0.61727443930833759
039515,1916,2070,549,0.60718706764727304
039515,1917,2070,473,0.60130434782608699
039515,1917,2070,475,0.65576734335451214
039515,1917,2070,479,0.57035787160571338
039515,1918,2070,465,0.62550005848637269
039515,1919,2070,438,0.61592441153718647
039515,1919,2070,439,0.64102590292531458
039515,1919,2070,440,0.60813645899844937
039515,1919,2070,445,0.62751493385128454
039515,1920,2070,323,0.62699688536119758
039515,1920,2070,325,0.58792849819462401
039515,1921,2070,398,0.58931539053949977
039515,1921,2070,405,0.62931993949944354
039515,1922,2070,456,0.64098732636006417
039515,1922,2070,457,0.64354222925784521
039515,1922,2070,460,0.58453804946062959
039515,1922,2070,463,0.60188902007083822
039515,1922,2070,468,0.61083685942642219
039515,1922,2070,469,0.63211790115614275
039515,1923,2070,463,0.59370233166267161
039515,1923,2070,468,0.63748233142096944
039515,1924,2070,243,0.5837939867871107
039515,1926,2070,398,0.59989720243777078
039515,1926,2070,402,0.61756653651092863
039515,1926,2070,405,0.56717770287412561
039515,1927,2070,497,0.63623827513394715
039515,1927,2070,498,0.61568596877619042
039515,1928,2070,359,0.61997674118103119
039515,1928,2070,362,0.62784185121043512
039515,1928,2070,367,0.61568770079408375
039515,1928,2070,369,0.62988140005785365
039515,1929,2070,318,0.59505134055904163
039515,1929,2070,321,0.63030771609710845
039515,1929,2070,324,0.64603719452840824
039515,1929,2070,325,0.61912848554834765
039515,1930,2070,462,0.6485078383852575
039515,1930,2070,464,0.62357570573139431
039515,1932,2070,423,0.62182195537765916
039515,1932,2070,428,0.58508513269285645
039515,1932,2070,430,0.6093957570146129
039515,1933,2070,402,0.62354445895174393
039515,1933,2070,404,0.64517261556465766
039515,1933,2070,406,0.64718103015975359
039515,1933,2070,408,0.6415045553409281
039515,1933,2070,409,0.61038241271014226
039515,1933,2070,410,0.60618914489540154
039515,1934,2070,626,0.63653310797375229
039515,1934,2070,632,0.60945302976682003
039515,1934,2070,634,0.60501652147792129
039515,1935,2070,582,0.58585414145858539
039515,1935,2070,583,0.60511784511784517
039515,1935,2070,584,0.58001829710716424
039515,1935,2070,586,0.61070243761719312
039515,1935,2070,588,0.62348470454113625
039515,1935,2070,589,0.64816136539953451
039515,1935,2070,590,0.64139773134604494
039515,1936,2070,187,0.63630287671614361
039515,1938,2070,486,0.6492369477911647
039515,1938,2070,488,0.61175215100380176
039515,1938,2070,493,0.60403988912607132
039515,1939,2070,302,0.61331694324933417
039515,1939,2070,304,0.56702160977137483
039515,1939,2070,306,0.57679537045821083
039515,1940,2070,391,0.62715597700291192
039515,1940,2070,393,0.62781881593483957
039515,1940,2070,395,0.61910901503070603
039515,1940,2070,397,0.62700404766750328
039515,1940,2070,398,0.60922465401488157
039515,1941,2070,410,0.56042579837194739
039515,1941,2070,412,0.60588010447856278
039515,1941,2070,415,0.64868308064811298
039515,1942,2070,298,0.63168366646846275
039515,1943,2070,552,0.60019294377067256
039515,1943,2070,556,0.64351392924286444
039515,1943,2070,557,0.62647272068152982
039515,1943,2070,561,0.61505715411903827
039515,1944,2070,454,0.62037833190025793
039515,1945,2070,304,0.63249029726617478
039515,1946,2070,479,0.62741302503182006
039515,1946,2070,481,0.64430749634735696
039515,1946,2070,482,0.61682654825260164
039515,1947,2070,405,0.59364582427457457
039515,1947,2070,406,0.60213611984464588
039515,1947,2070,407,0.6325858464358336
039515,1947,2070,408,0.57838901070553339
039515,1947,2070,409,0.6507538261524074
039515,1948,2070,333,0.63182769243709846
039515,1948,2070,334,0.60313884124017514
039515,1948,2070,336,0.62922987967730393
039515,1948,2070,338,0.61488610843760028
039515,1949,2070,385,0.61468392864673382
039515,1949,2070,387,0.63522900338026078
039515,1949,2070,388,0.64857954545454544
039515,1949,2070,390,0.60319032993163579
039515,1949,2070,396,0.60178361097089017
039515,1950,2070,525,0.62037702953034757
039515,1951,2070,468,0.60750785381954109
039515,1952,2070,464,0.65003548228615105
039515,1952,2070,465,0.63455500736848847
039515,1953,2070,453,0.63382194352358512
039515,1953,2070,461,0.60128855090832278
039515,1953,2070,463,0.64587482719028988
039515,1953,2070,464,0.64234937147811011
039515,1954,2070,469,0.58689967472415328
039515,1954,2070,471,0.6017410228509249
039515,1954,2070,476,0.62213863948879722
039515,1954,2070,478,0.60449097671855623
039515,1956,2070,541,0.60198078784719633
039515,1956,2070,542,0.63135719242589472
039515,1957,2070,182,0.60943783691280906
039515,1957,2070,184,0.60750774351624981
039515,1957,2070,185,0.63034417727487035
039515,1957,2070,187,0.62017862886266362
039515,1957,2070,191,0.60765708156277076
039515,1958,2070,248,0.59441196036553345
039515,1958,2070,250,0.6131003073277298
039515,1959,2070,440,0.53216809222759387
039515,1959,2070,444,0.57581205382856548
039515,1960,2070,435,0.62935245490981961
039515,1960,2070,438,0.62884027287697009
039515,1961,2070,244,0.63008971704623884
039515,1961,2070,249,0.62633566321201894
039515,1961,2070,250,0.62808081414547745
039515,1961,2070,251,0.59559380104378312
039515,1962,2070,409,0.61270673503219086
039515,1962,2070,416,0.59535075087430567
039515,1962,2070,418,0.59759498082955731
039515,1962,2070,419,0.62685808406368826
039515,1963,2070,444,0.60589999589136778
039515,1963,2070,451,0.64739895608979958
039515,1963,2070,455,0.62561896663832339
039515,1964,2070,390,0.60123670359601011
039515,1964,2070,391,0.61197644954538677
039515,1965,2070,465,0.57721943048576219
039515,1965,2070,468,0.6154533483822423
039515,1966,2070,361,0.64432604225088796
039515,1966,2070,362,0.61521099512313082
039515,1966,2070,363,0.63744657633900159
039515,1966,2070,365,0.62493591237473778
039515,1967,2070,175,0.62317797372683104
039515,1968,2070,286,0.60072483324979764
039515,1968,2070,289,0.58597609561752984
039515,1969,2070,616,0.62380829015544037
039515,1970,2070,289,0.61304075235109723
039515,1970,2070,292,0.62306498300960689
039515,1971,2070,354,0.60881756611017646
039515,1971,2070,357,0.60024328707875296
039515,1971,2070,358,0.6104039845047039
039515,1972,2070,484,0.63693207044546396
039515,1972,2070,489,0.62275244020777443
039515,1972,2070,490,0.62489098099186391
039515,1973,2070,375,0.60405611090542599
039515,1973,2070,379,0.62898467542903058
039515,1974,2070,393,0.61987624070767056
039515,1974,2070,394,0.63051362064603189
039515,1975,2070,488,0.57495980073777464
039515,1976,2070,360,0.62098080435606717
039515,1976,2070,362,0.65431138759288054
039515,1976,2070,363,0.62077490774907751
039515,1976,2070,364,0.59991461362666065
039515,1977,2070,497,0.61667068176343054
039515,1977,2070,503,0.60592079969242596
039515,1978,2070,267,0.60021033046151362
039515,1979,2070,386,0.62380590075238818
039515,1979,2070,387,0.64052900472094676
039515,1979,2070,388,0.62459709489723303
039515,1980,2070,458,0.6059568181055035
039515,1981,2070,375,0.59988658916926563
039515,1981,2070,376,0.64772224679345425
039515,1982,2070,388,0.59961838835640757
039515,1982,2070,389,0.64040998723223153
039515,1982,2070,390,0.63071355795242945
039515,1983,2070,397,0.64582399999999995
039515,1983,2070,399,0.61339136257114157
039515,1983,2070,402,0.62244525547445251
039515,1984,2070,500,0.64573484795032809
039515,1984,2070,501,0.5994976397730718
039515,1984,2070,507,0.61115865137771697
039515,1984,2070,509,0.61315066063669421
039515,1985,2070,161,0.63407902382335857
039515,1985,2070,162,0.59897645854657111
039515,1986,2070,431,0.62627722369224503
039515,1986,2070,432,0.64079560880599662
039515,1986,2070,440,0.61167393096948997
039515,1986,2070,441,0.63938984666719634
039515,1987,2070,374,0.63652306073537146
039515,1989,2070,422,0.64409808398689561
039515,1990,2070,432,0.60814032697547682
039515,1990,2070,434,0.62422660762982729
039515,1991,2070,438,0.63416230366492143
039515,1992,2070,242,0.60075503678878228
039515,1992,2070,244,0.61239819386420224
039515,1992,2070,245,0.58478314138691501
039515,1993,2070,529,0.63053389577740848
039515,1994,2070,510,0.64316053046462018
039515,1994,2070,511,0.57230253938958953
039515,1995,2070,528,0.61164961407287743
039515,1996,2070,414,0.59028309104820198
039515,1996,2070,415,0.6011221137938475
039515,1997,2070,351,0.59221411987835582
039515,1998,2070,500,0.60420128680386898
039515,1998,2070,502,0.61172334905002368
039515,1998,2070,503,0.63202745341901012
039515,1998,2070,506,0.600296564791169
039515,1998,2070,507,0.57376344086021502
039515,1998,2070,508,0.63491774418745828
039515,1999,2070,277,0.60120240480961928
039515,1999,2070,278,0.60432245515452776
039515,2000,2070,556,0.62894111866350011
039515,2001,2070,307,0.62585723192019949
039515,2001,2070,311,0.60388967099431667
039515,2002,2070,345,0.61170200109453443
039515,2002,2070,350,0.62507879806682076
039515,2003,2070,489,0.64090659688515594
039515,2003,2070,497,0.64411329137356532
039515,2004,2070,292,0.6346809380965367
039515,2004,2070,295,0.60406646261477914
039515,2005,2070,316,0.61150020787361281
039515,2005,2070,319,0.62941758689619032
039515,2005,2070,322,0.64283542904518443
039515,2006,2070,344,0.63922281587018903
039515,2007,2070,255,0.61008243500317061
039515,2007,2070,259,0.62415415084997528
039515,2008,2070,423,0.61187477971098081
039515,2008,2070,434,0.64474513880604645
039515,2009,2070,298,0.6148270552446764
039515,2012,2070,544,0.62506621931838247
039515,2012,2070,546,0.62271265923759334
039515,2012,2070,547,0.60115208168052159
039515,2012,2070,552,0.46816479400749061
039515,2013,2070,325,0.59790271935541206
039515,2013,2070,328,0.65576540861117905
039515,2013,2070,331,0.62711617754062576
039515,2014,2070,530,0.58586550910060164
039515,2014,2070,531,0.62350019105846388
039515,2015,2070,477,0.62354427381469346
039515,2015,2070,480,0.62725330734924856
039515,2015,2070,482,0.6284769411977893
039515,2016,2070,253,0.61412107563915752
039515,2016,2070,257,0.61361471385652522
039515,2017,2070,236,0.63131970260223047
039515,2017,2070,238,0.58579194157433923
039515,2018,2070,309,0.59564808376620726
039515,2019,2070,381,0.6416740490188183
039515,2019,2070,384,0.63345456865747829
039515,2019,2070,385,0.58969195431232502
039515,2019,2070,387,0.59638254877927588
039515,2020,2070,564,0.57968061028503415
039515,2021,2070,513,0.59269787687661013
039515,2021,2070,514,0.5788106352750152
039515,2022,2070,403,0.59361911800936196
039515,2022,2070,409,0.59181379080612928
039515,2022,2070,412,0.62279255945373202
039515,2023,2070,337,0.63301718812456853
039515,2023,2070,344,0.62037293637911239
039515,2024,2070,519,0.62588910978573009
039515,2024,2070,520,0.6088817410702706
039515,2025,2070,600,0.61066727784689934
039515,2025,2070,603,0.60009436016549322
039515,2026,2070,380,0.61212666426772222
039515,2026,2070,382,0.65126938149599589
039515,2026,2070,384,0.62513804350617663
039515,2026,2070,385,0.64919375221149467
039515,2027,2070,281,0.6202489705116675
039515,2027,2070,283,0.61973731558114431
039515,2027,2070,288,0.63780310242481941
039515,2028,2070,568,0.63442665138204912
039515,2028,2070,575,0.57588579417932961
039515,2029,2070,396,0.60954723112731102
039515,2030,2070,539,0.64454139399605281
039515,2030,2070,545,0.62439143135345665
039515,2031,2070,251,0.6325812773227476
039515,2031,2070,252,0.61598584485064645
039515,2031,2070,254,0.57521799906809556
039515,2031,2070,257,0.65917328446344936
039515,2032,2070,550,0.63678406261117038
039515,2032,2070,554,0.59163825055596742
039515,2032,2070,555,0.62929769228367116
039515,2032,2070,556,0.62788789854108462
039515,2032,2070,561,0.59745890894423714
039515,2033,2070,512,0.64874681435996229
039515,2033,2070,513,0.60222853968565171
039515,2033,2070,518,0.61275852806876174
039515,2033,2070,519,0.62956318578163462
039515,2033,2070,523,0.61276614581027844
039515,2033,2070,525,0.61531229561805101
039515,2033,2070,526,0.61157260363221766
039515,2033,2070,528,0.60765848075339857
039515,2034,2070,234,0.62878787878787878
039515,2034,2070,238,0.62429207991950553
039515,2034,2070,239,0.62699748776255471
039515,2035,2070,395,0.6241484248020196
039515,2036,2070,541,0.63711563887853007
039515,2036,2070,545,0.63008809234507901
039515,2038,2070,359,0.61182453909726642
039515,2038,2070,362,0.61646512119131858
039515,2038,2070,365,0.63573922282938677
039515,2040,2070,551,0.60111945300978686
039515,2040,2070,554,0.59552453439023534
039515,2041,2070,573,0.62608083258343439
039515,2042,2070,517,0.62860060022895337
039515,2042,2070,518,0.65621962256561528
039515,2043,2070,546,0.64090569684192034
039515,2043,2070,549,0.63408357119460956
039515,2043,2070,551,0.63450502152080346
039515,2043,2070,553,0.6048130135837666
039515,2043,2070,554,0.65200365085042611
039515,2043,2070,558,0.60214097609357364
039515,2046,2070,308,0.57877179137671286
039515,2047,2070,446,0.59913595247738627
039515,2047,2070,450,0.62683174541761377
039515,2048,2070,479,0.60793994861913936
039515,2048,2070,480,0.5828888235541182
039515,2048,2070,482,0.62152000922615613
039515,2049,2070,272,0.63369458128078815
039515,2049,2070,273,0.59430225979299101
039515,2049,2070,275,0.6239795618723204
039515,2050,2070,382,0.5782275958882398
039515,2050,2070,384,0.64307711547780955
039515,2050,2070,386,0.58509022904911845
039515,2052,2070,494,0.62824235199107814
039515,2053,2070,339,0.6417428621136263
039515,2053,2070,340,0.61667411712114439
039515,2053,2070,348,0.65449229829384303
039515,2054,2070,449,0.62840136054421769
039515,2054,2070,451,0.64979673471162414
039515,2054,2070,452,0.62863869863013699
039515,2055,2070,307,0.59927334900619789
039515,2055,2070,311,0.62886019090398648
039515,2056,2070,575,0.6271186440677966
039515,2056,2070,577,0.60463647844127733
039515,2056,2070,580,0.64576900416675542
039515,2056,2070,582,0.59452135061891165
039515,2057,2070,244,0.65307279659183326
039515,2057,2070,249,0.61100361010830329
039515,2058,2070,231,0.60054159373864802
039515,2058,2070,232,0.60668716372021525
039515,2058,2070,234,0.64394718792866945
039515,2060,2070,573,0.62051686858633348
039515,2060,2070,576,0.58262897914379808
039515,2060,2070,577,0.62414891832969976
039515,2061,2070,590,0.63140150907047676
039515,2061,2070,591,0.62926901931045687
039515,2061,2070,592,0.6157413262510012
039515,2061,2070,598,0.62242485646740964
039515,2061,2070,601,0.60096701778621997
039515,2061,2070,603,0.57100123513972523
039515,2062,2070,601,0.628
039515,2063,2070,414,0.59645566687901774
039515,2063,2070,415,0.62435784529575811
039515,2064,2070,437,0.58922375141331051
039515,2064,2070,440,0.59419622293873786
039515,2064,2070,441,0.61841764901518792
039515,2064,2070,443,0.60832856325128792
039515,2065,2070,208,0.62538175383180949
039515,2066,2070,490,0.62013794397785393
039515,2067,2070,490,0.65017198022949962
039515,2067,2070,491,0.63292188945236505
039515,2067,2070,492,0.6345906395862243
039515,2067,2070,494,0.63385516386980512
039515,2068,2070,406,0.61400176678445229
039515,2069,2070,422,0.61504505249235353
039515,2070,2070,450,0.62577726441428438
039515,2070,2070,451,0.63110026297055022
039515,2070,2070,455,0.62598395455300893
039515,2071,2070,211,0.65292657287915723
039515,2073,2070,347,0.64607852833547619
039515,2074,2070,382,0.63949402670414612
039515,2075,2070,401,0.59602450413400165
039515,2076,2070,410,0.64361974549895595
039515,2076,2070,411,0.63393161228799133
039515,2076,2070,413,0.58986297725156311
039515,2077,2070,315,0.61801634472511147
039515,2078,2070,218,0.63934573358163749
039515,2078,2070,222,0.63102470635884977
039515,2078,2070,224,0.61915982387242652
039515,2079,2070,466,0.60190599956681823
039515,2079,2070,471,0.6421876010084685
039515,2079,2070,472,0.5897610921501707
039515,2080,2070,394,0.60967395198853458
039515,2081,2070,473,0.57682185050883139
039515,2081,2070,476,0.61270983213429253
039515,2082,2070,276,0.61470093682440552
039515,2082,2070,279,0.62855813953488371
039515,2082,2070,282,0.60054471175669544
039515,2083,2070,505,0.61387297870320556
039515,2083,2070,511,0.63840674635663996
039515,2085,2070,538,0.63787752630383776
039515,2087,2070,480,0.63924138121699703
039515,2087,2070,485,0.62494691907113964
039515,2087,2070,486,0.64393201734973882
039515,2087,2070,493,0.64395691397379007
039515,2088,2070,361,0.58259137415869378
039515,2089,2070,276,0.62015605821497455
039515,2089,2070,282,0.64070557617234569
039515,2089,2070,284,0.63587443946188338
039515,2091,2070,326,0.64370060437006049
039515,2091,2070,336,0.60719359421412888
039515,2091,2070,337,0.62283562388384195
039515,2091,2070,339,0.64363086367579347
039515,2092,2070,401,0.61851799709043132
039515,2092,2070,403,0.6441910325327036
039515,2093,2070,545,0.5982035928143713
039515,2095,2070,580,0.61365023099049887
039515,2095,2070,581,0.58670565918431872
039515,2095,2070,584,0.62091156874621445
039515,2095,2070,586,0.61715471079164452
039515,2096,2070,491,0.61473490934128983
039515,2097,2070,434,0.63583519797645682
039515,2097,2070,436,0.57001431297709926
039515,2097,2070,437,0.64112320443618553
039515,2097,2070,438,0.63304360801283244
039515,2097,2070,439,0.58583226604248551
039515,2098,2070,565,0.61539138082673706
039515,2098,2070,568,0.63212122175758834
039515,2098,2070,575,0.64284840926319908
039515,2098,2070,576,0.62282425603593483
039515,2099,2070,365,0.63305258365581607
039515,2099,2070,368,0.62185176301271283
039515,2100,2070,224,0.63084003840932423
039515,2101,2070,299,0.62735129639044229
039515,2101,2070,302,0.63976633032395114
039515,2101,2070,306,0.62454084309952773
039515,2102,2070,421,0.60498205250183801
039515,2103,2070,383,0.6132230871095895
039515,2103,2070,384,0.59738617200674538
039515,2103,2070,385,0.59394675445044587
039515,2104,2070,224,0.61068165846802525
039515,2105,2070,487,0.6145984895725074
039515,2106,2070,562,0.61612498880830868
039515,2107,2070,405,0.62838864454218313
039515,2109,2070,431,0.64018713450292397
039515,2109,2070,432,0.6244633386648708
039515,2109,2070,434,0.64079559624099025
039515,2109,2070,435,0.580487324313674
039515,2110,2070,464,0.61792866293574267
039515,2110,2070,467,0.58863359219562283
039515,2111,2070,553,0.59476516040292893
039515,2111,2070,556,0.58632758849851574
039515,2111,2070,558,0.58645749624401666
039515,2112,2070,327,0.59068563188253798
039515,2112,2070,329,0.55232537064559395
039515,2112,2070,330,0.63280309982665439
039515,2113,2070,499,0.6355525174938389
039515,2113,2070,500,0.6306732055283103
039515,2114,2070,299,0.61117242852565246
039515,2115,2070,532,0.63451850241020624
039515,2115,2070,535,0.58308811508909597
039515,2116,2070,366,0.60622948316665393
039515,2116,2070,368,0.61620958486683286
039515,2117,2070,485,0.60840508932013881
039515,2118,2070,387,0.60632711437475983
039515,2118,2070,390,0.62717266166849184
039515,2118,2070,391,0.61586543925446069
039515,2118,2070,393,0.55364274359272614
039515,2119,2070,519,0.61773713313483625
039515,2119,2070,521,0.62453320143440094
039515,2120,2070,307,0.62754163400470331
039515,2120,2070,308,0.58537463976945248
039515,2121,2070,562,0.64881602914389802
039515,2121,2070,565,0.61183450593300426
039515,2122,2070,365,0.60154481289119721
039515,2122,2070,367,0.61803386072760258
039515,2122,2070,368,0.62062249230649369
039515,2123,2070,610,0.60515998039627528
039515,2124,2070,505,0.62782922972667721
039515,2124,2070,507,0.63537308228730827
039515,2124,2070,519,0.61881204666243272
039515,2125,2070,384,0.58296925232874452
039515,2125,2070,385,0.64616074253770694
039515,2125,2070,386,0.60495283018867929
039515,2125,2070,387,0.60382928475033737
039515,2126,2070,486,0.62743194766828447
039515,2126,2070,487,0.62716481805798796
039515,2127,2070,433,0.61177032954673261
039515,2127,2070,434,0.62801757325965846
039515,2128,2070,296,0.61049816115011701
039515,2129,2070,496,0.59756252380347852
039515,2129,2070,498,0.5981919870554715
039515,2129,2070,502,0.61733655257302467
039515,2130,2070,106,0.59528772088808335
039515,2131,2070,291,0.63370968467455357
039515,2132,2070,359,0.57846130930215234
039515,2133,2070,412,0.60596072444660332
039515,2133,2070,414,0.6318849725051835
039515,2134,2070,436,0.6117560572181211
039515,2135,2070,517,0.64132155386326684
039515,2135,2070,519,0.6001571606312619
039515,2135,2070,520,0.64802045401719999
039515,2136,2070,394,0.62321063394683029
039515,2136,2070,395,0.60385794583546248
039515,2137,2070,513,0.62690883442073708
039515,2137,2070,515,0.61150170784545665
039515,2137,2070,521,0.57787072243346005
039515,2138,2070,319,0.62364654997242297
039515,2138,2070,320,0.59999999999999998
039515,2139,2070,407,0.66060222795154933
039515,2140,2070,445,0.59117614040339783
039515,2141,2070,537,0.61110554561717356
039515,2141,2070,541,0.62619074945483755
039515,2141,2070,542,0.64841082216968737
039515,2142,2070,278,0.61342592592592593
039515,2142,2070,279,0.60947338294218656
039515,2142,2070,280,0.62869094488188981
039515,2143,2070,403,0.62540406921467961
039515,2143,2070,406,0.61293377528241899
039515,2143,2070,409,0.60231660231660233
039515,2143,2070,411,0.62582301082468472
039515,2143,2070,414,0.58650434556166786
039515,2143,2070,416,0.62409960406430376
039515,2144,2070,561,0.63946837668718004
039515,2144,2070,564,0.617506207875133
039515,2144,2070,568,0.57720966613148905
039515,2144,2070,569,0.61857184836908607
039515,2145,2070,231,0.61542456504803944
039515,2145,2070,234,0.61604317885724924
039515,2145,2070,238,0.6069235838912207
039515,2145,2070,240,0.62052887072049057
039515,2147,2070,495,0.62327411167512692
039515,2147,2070,496,0.60552388967522286
039515,2148,2070,353,0.60964618748048005
039515,2149,2070,357,0.60349666262135926
039515,2149,2070,358,0.62032013022246335
039515,2149,2070,359,0.5831884996165132
039515,2150,2070,448,0.62372644801116539
039515,2150,2070,449,0.62648862549464568
039515,2150,2070,451,0.6243572218967649
039515,2150,2070,454,0.64118460371972708
039515,2150,2070,455,0.63365175296468224
039515,2150,2070,456,0.6248244382022472
039515,2151,2070,438,0.64830529751443633
039515,2152,2070,529,0.59932279909706543
039515,2152,2070,536,0.63413781042322492
039515,2152,2070,541,0.59555093014179783
039515,2153,2070,581,0.64276293204690405
039515,2153,2070,582,0.6160714285714286
039515,2155,2070,561,0.64942101349197923
039515,2155,2070,563,0.61133020677893835
039515,2156,2070,423,0.64627304866947521
039515,2157,2070,378,0.62146131032623353
039515,2157,2070,381,0.5981793997838557
039515,2157,2070,382,0.65000000000000002
039515,2157,2070,383,0.58568265054083979
039515,2158,2070,532,0.64135312783318221
039515,2158,2070,536,0.64303841273503293
039515,2159,2070,308,0.64838574112528424
039515,2159,2070,309,0.63375624966399657
039515,2159,2070,316,0.57975034674063797
039515,2160,2070,178,0.61985518905872883
039515,2160,2070,181,0.64346063684313337
039515,2161,2070,484,0.61912241091587317
039515,2161,2070,487,0.63390532149295586
039515,2162,2070,205,0.62700106723585913
039515,2162,2070,206,0.61332938523563307
039515,2162,2070,211,0.63679197487080763
039515,2163,2070,428,0.62606615352610773
039515,2163,2070,429,0.59781292298924271
039515,2163,2070,431,0.64619817638777421
039515,2164,2070,489,0.63518410286382232
039515,2166,2070,286,0.60712982558563822
039515,2166,2070,287,0.59542974689204897
039515,2166,2070,294,0.63423138739818574
039515,2168,2070,458,0.63724666420192921
039515,2169,2070,212,0.61478744603121882
039515,2169,2070,214,0.59743866047745353
039515,2169,2070,216,0.57966168371361138
039515,2170,2070,402,0.62414365346155487
039515,2170,2070,404,0.63826035392153802
039515,2171,2070,586,0.64674315829925066
039515,2172,2070,531,0.59628465423065036
039515,2172,2070,534,0.63853989813242784
039515,2172,2070,536,0.62787082734232313
039515,2172,2070,537,0.63999504168087018
039515,2173,2070,192,0.6078045119834905
039515,2174,2070,397,0.65975306783106225
039515,2174,2070,399,0.6255054567589895
039515,2175,2070,512,0.63616702711695228
039515,2176,2070,506,0.62242156261239345
039515,2176,2070,508,0.60590051457975991
039515,2177,2070,349,0.6306116933425423
039515,2178,2070,451,0.59304881991593916
039515,2178,2070,452,0.62348665386117463
039515,2179,2070,519,0.64188694277747083
039515,2179,2070,523,0.64604594515140057
039515,2179,2070,526,0.61647302017249983
039515,2179,2070,527,0.62518373346398826
039515,2180,2070,429,0.61101413560598283
039515,2180,2070,433,0.65481369396633249
039515,2182,2070,267,0.60491441192711204
039515,2183,2070,246,0.61563404344339456
039515,2183,2070,249,0.63556357892361504
039515,2183,2070,250,0.65784425667960722
039515,2184,2070,196,0.63840889325821459
039515,2184,2070,200,0.61030501464759612
039515,2184,2070,202,0.63501422076439207
039515,2185,2070,441,0.59378960709759188
039515,2185,2070,444,0.64020260656763983
039515,2185,2070,445,0.61096507698084868
039515,2186,2070,396,0.6370721659970503
039515,2187,2070,493,0.63525615167406213
039515,2187,2070,496,0.61066538145323623
039515,2187,2070,498,0.61923260247855105
039515,2188,2070,410,0.61347643196917878
039515,2189,2070,480,0.62632415254237284
039515,2190,2070,575,0.61591124675217557
039515,2190,2070,582,0.61164674122637874
039515,2191,2070,403,0.60485324798962914
039515,2191,2070,408,0.62683809667445889
039515,2192,2070,458,0.59632236747593736
039515,2193,2070,436,0.62806848222902945
039515,2193,2070,438,0.62013284202126406
039515,2193,2070,439,0.61091970329536704
039515,2194,2070,332,0.56860584413116999
039515,2194,2070,333,0.62373437179749947
039515,2194,2070,335,0.63139608338597597
039515,2195,2070,536,0.57919109525023371
039515,2195,2070,538,0.62017580002746875
039515,2196,2070,264,0.64123835074837621
039515,2196,2070,266,0.64704291287386217
039515,2198,2070,508,0.61282296650717705
039515,2199,2070,395,0.62282690854119427
039515,2199,2070,396,0.63671045006760674
039515,2200,2070,492,0.60058092407457442
039515,2200,2070,493,0.61125733019347095
039515,2201,2070,491,0.59561707691433119
039515,2202,2070,462,0.59283901502160641
039515,2202,2070,464,0.61759523275558259
039515,2202,2070,467,0.64431006047278727
039515,2203,2070,450,0.63652749750200821
039515,2203,2070,452,0.59151882302033754
039515,2203,2070,454,0.6248980570880307
039515,2203,2070,455,0.59821459465070415
039515,2204,2070,258,0.63418263586911594
039515,2204,2070,262,0.63681365205497298
039515,2204,2070,263,0.60317770579693952
039515,2205,2070,463,0.60465290806754224
039515,2205,2070,466,0.63783237967014472
039515,2206,2070,283,0.64317099211563733
039515,2207,2070,370,0.59024250368671149
039515,2207,2070,372,0.62465778426720209
039515,2208,2070,395,0.63147484699208833
039515,2208,2070,400,0.5899418248622168
039515,2208,2070,401,0.63120891161431703
039515,2209,2070,411,0.63397638658357081
039515,2209,2070,414,0.58741701658495393
039515,2210,2070,532,0.62681670448273752
039515,2210,2070,538,0.6340269277845777
039515,2211,2070,363,0.59220539934310668
039515,2212,2070,162,0.63092069125786965
039515,2212,2070,167,0.6433455831046192
039515,2213,2070,448,0.61370788596815995
039515,2213,2070,449,0.6166189974409152
039515,2213,2070,450,0.65811948008665222
039515,2214,2070,480,0.63070661632795133
039515,2214,2070,483,0.59064139136836291
039515,2214,2070,484,0.65245090382987114
039515,2216,2070,386,0.61304684475416182
039515,2216,2070,390,0.63406971776119025
039515,2217,2070,449,0.59497703508257593
039515,2218,2070,290,0.63850623184331368
039515,2218,2070,294,0.57977695167286247
039515,2219,2070,433,0.61298488571215848
039515,2219,2070,437,0.63579013473395751
039515,2219,2070,438,0.60325228923271235
039515,2220,2070,478,0.64106602271335333
039515,2220,2070,479,0.63878528482625085
039515,2220,2070,481,0.6136792809124556
039515,2221,2070,516,0.63493174658732932
039515,2221,2070,518,0.60411120970127186
039515,2221,2070,522,0.64829114349023031
039515,2223,2070,393,0.62334882583170259
039515,2223,2070,400,0.63986304876487909
039515,2225,2070,535,0.58352561471058706
039515,2225,2070,537,0.60789138735680948
039515,2225,2070,539,0.58307296452857926
039515,2226,2070,293,0.60999542281725594
039515,2227,2070,429,0.59537572254335258
039515,2227,2070,434,0.60329406201978009
039515,2228,2070,299,0.6419109726629596
039515,2228,2070,304,0.61830539656582173
039515,2228,2070,305,0.64309446027663864
039515,2229,2070,436,0.61093050647820968
039515,2229,2070,437,0.65105789411933412
039515,2229,2070,440,0.63771963089369232
039515,2229,2070,441,0.63619051605072618
039515,2230,2070,316,0.6287243947858473
039515,2230,2070,320,0.62477180171324254
039515,2230,2070,322,0.64546506700734263
039515,2231,2070,274,0.6031647257534003
039515,2231,2070,278,0.5835194545668273
039515,2231,2070,279,0.63123592274883789
039515,2231,2070,283,0.61981888538716245
039515,2232,2070,172,0.61264065118506106
039515,2232,2070,174,0.5963534615037458
039515,2232,2070,176,0.60935589730390582
039515,2234,2070,515,0.62132292522596544
039515,2234,2070,517,0.65453163594907848
039515,2234,2070,518,0.59562745028785369
039515,2235,2070,467,0.64625300002696651
039515,2235,2070,469,0.61947793691947539
039515,2235,2070,471,0.60202988965966753
039515,2235,2070,472,0.61644218995976907
039515,2235,2070,474,0.63437551288363692
039515,2235,2070,475,0.62693798449612403
039515,2236,2070,336,0.64316525974696082
039515,2236,2070,337,0.62002782520710809
039515,2236,2070,339,0.60256583389601626
039515,2236,2070,341,0.6288951410539122
039515,2236,2070,342,0.62606566297841471
039515,2237,2070,490,0.62346555931956438
039515,2237,2070,491,0.64810278887886208
039515,2237,2070,494,0.59608507434594393
039515,2237,2070,496,0.63001156999849084
039515,2238,2070,450,0.62606668221030548
039515,2239,2070,300,0.63644923814415344
039515,2239,2070,303,0.59554587165573736
039515,2240,2070,395,0.61652810659032098
039515,2240,2070,398,0.60194353443516035
039515,2241,2070,331,0.63496314481082661
039515,2241,2070,333,0.61317149125911241
039515,2241,2070,334,0.59717417580127541
039515,2242,2070,286,0.64137805026594663
039515,2242,2070,288,0.59787671974867296
039515,2243,2070,463,0.61774672384322427
039515,2243,2070,464,0.61887167827199085
039515,2243,2070,469,0.63986205815502784
039515,2243,2070,473,0.64360975383831598
039515,2243,2070,474,0.61903735012507544
039515,2243,2070,475,0.64770400701959641
039515,2244,2070,373,0.60832304452029917
039515,2244,2070,378,0.62461750305997554
039515,2245,2070,273,0.63283687075662121
039515,2247,2070,373,0.6453832679956627
039515,2247,2070,377,0.61626492453255233
039515,2247,2070,382,0.62172902910247008
039515,2248,2070,458,0.60217428967428965
039515,2248,2070,462,0.62552981764415971
039515,2249,2070,341,0.63649698303163649
039515,2249,2070,342,0.59160403417485707
039515,2249,2070,350,0.59289205117148192
039515,2251,2070,339,0.63912560904490467
039515,2252,2070,283,0.60838150289017345
039515,2252,2070,284,0.58742279618192028
039515,2252,2070,285,0.63983099453217607
039515,2252,2070,286,0.59488265269504059
039515,2253,2070,311,0.63266063214126722
039515,2253,2070,315,0.63568717162321831
039515,2254,2070,625,0.64484231028541461
039515,2254,2070,626,0.60816344698655744
039515,2257,2070,215,0.62917842075043062
039515,2258,2070,501,0.62778517338454487
039515,2258,2070,504,0.64454868001683807
039515,2259,2070,394,0.62463994447336457
039515,2261,2070,462,0.61798384961609742
039515,2261,2070,464,0.60048074742618718
039515,2261,2070,466,0.61408128788631622
039515,2262,2070,419,0.63641966431785035
039515,2263,2070,394,0.59922523519645821
039515,2263,2070,398,0.65522546308808549
039515,2263,2070,399,0.628543969245555
039515,2263,2070,403,0.59386989884897101
039515,2264,2070,401,0.64466570861561623
039515,2266,2070,473,0.57566899630623691
039515,2267,2070,453,0.59509794904810076
039515,2267,2070,457,0.64560391400659767
039515,2268,2070,548,0.63239214137624644
039515,2268,2070,550,0.60461615654791767
039515,2268,2070,552,0.64748382458662834
039515,2268,2070,557,0.61548159354513365
039515,2269,2070,514,0.63609170595028497
039515,2269,2070,516,0.622091342679578
039515,2270,2070,395,0.61200664888476553
039515,2270,2070,399,0.65024348324262393
039515,2271,2070,557,0.63018513468472559
039515,2271,2070,561,0.61069726863968865
039515,2272,2070,452,0.61889625944352311
039515,2272,2070,453,0.64136357285893908
039515,2273,2070,428,0.61616234045604479
039515,2273,2070,430,0.5869652742828384
039515,2274,2070,281,0.62400345788108735
039515,2275,2070,308,0.58170724849575439
039515,2275,2070,309,0.596094177769666
039515,2276,2070,474,0.62935370900986942
039515,2276,2070,475,0.6282678127834076
039515,2276,2070,476,0.62285683083979471
039515,2276,2070,477,0.60273283270109157
039515,2276,2070,478,0.5894678579900372
039515,2276,2070,479,0.59554035567715458
039515,2276,2070,482,0.61660790362861762
039515,2276,2070,486,0.64990647083275599
039515,2277,2070,425,0.58499903592775881
039515,2278,2070,535,0.5908713938747705
039515,2278,2070,537,0.5802498048399688
039515,2279,2070,544,0.63207454312805533
039515,2279,2070,545,0.57553142829629989
039515,2279,2070,549,0.63937420818479129
039515,2279,2070,550,0.61395847981349216
039515,2281,2070,552,0.62176017369539982
039515,2282,2070,466,0.5855931827260219
039515,2282,2070,467,0.6452150986036751
039515,2282,2070,468,0.61238118649623074
039515,2282,2070,469,0.58973445018713244
039515,2282,2070,475,0.63671540557068995
039515,2285,2070,491,0.60461366328814004
039515,2285,2070,492,0.62039821468139655
039515,2285,2070,495,0.60368429495748888
039515,2285,2070,498,0.61621643190614894
039515,2286,2070,507,0.63196442584357837
039515,2287,2070,381,0.58166264531695544
039515,2287,2070,384,0.61051611587107302
039515,2288,2070,364,0.58756448547379858
039515,2288,2070,370,0.57350413358434971
039515,2288,2070,372,0.60646003668355764
039515,2289,2070,575,0.61813955490508377
039515,2289,2070,577,0.58590458356385922
039515,2289,2070,578,0.61816051995163246
039515,2290,2070,464,0.61154488598842405
039515,2290,2070,467,0.60518910669146753
039515,2291,2070,277,0.62328420748446756
039515,2292,2070,364,0.62975503941590394
039515,2292,2070,366,0.62331180270111564
039515,2292,2070,367,0.64678142523792648
039515,2294,2070,522,0.64101256661622474
039515,2294,2070,524,0.63751516348351056
039515,2294,2070,525,0.65108009749257123
039515,2295,2070,512,0.62899411753209955
039515,2295,2070,514,0.5964904407144781
039515,2295,2070,515,0.62634252787343581
039515,2296,2070,375,0.65241789695691477
039515,2296,2070,379,0.60267413164389116
039515,2297,2070,472,0.61750562491728067
039515,2298,2070,541,0.65058427491940163
039515,2299,2070,325,0.64161157811692371
039515,2300,2070,253,0.62939928294431846
039515,2302,2070,415,0.58482259448569185
039515,2303,2070,529,0.61324737992912615
039515,2304,2070,355,0.61296171361106422
039515,2305,2070,160,0.64002758068462373
039515,2305,2070,164,0.60185917721518989
039515,2306,2070,339,0.6269751029209959
039515,2307,2070,357,0.63749026272926845
039515,2311,2070,559,0.62736991699234523
039515,2312,2070,309,0.63643956568428584
039515,2312,2070,310,0.62658953023159714
039515,2312,2070,316,0.64757469588492589
039515,2312,2070,318,0.59911554120454868
039515,2313,2070,494,0.62546489223461932
039515,2314,2070,299,0.5643265133428027
039515,2314,2070,304,0.5916737468139337
039515,2315,2070,507,0.64423178784561597
039515,2316,2070,282,0.60709395291311452
039515,2316,2070,285,0.61932817806145413
039515,2316,2070,286,0.59985117299181456
039515,2316,2070,288,0.60746286976801278
039515,2316,2070,289,0.63185296700539451
039515,2317,2070,360,0.59875419753402881
039515,2319,2070,406,0.63039917234244336
039515,2319,2070,408,0.64786160817649585
039515,2319,2070,412,0.64429857419761449
039515,2320,2070,404,0.57840659160292818
039515,2320,2070,407,0.57584639565014228
039515,2321,2070,338,0.60248360051917071
039515,2321,2070,340,0.56757552342053941
039515,2321,2070,342,0.60811564363230819
039515,2321,2070,343,0.65456722545330137
039515,2322,2070,623,0.62275510413040358
039515,2322,2070,624,0.64318963526537754
039515,2322,2070,626,0.63541525538544907
039515,2323,2070,323,0.62664556229008228
039515,2323,2070,324,0.63716242946675827
039515,2324,2070,532,0.59281683890192105
039515,2324,2070,536,0.63941163133431589
039515,2325,2070,175,0.62155303671121642
039515,2326,2070,493,0.61535054161800828
039515,2326,2070,494,0.63841912188819416
039515,2326,2070,499,0.60297492937853103
039515,2327,2070,593,0.63079955524107956
039515,2327,2070,596,0.59730976671648583
039515,2327,2070,597,0.60471627430103714
039515,2327,2070,598,0.62393338661029618
039515,2327,2070,599,0.64313383691652137
039515,2327,2070,601,0.62115328608872922
039515,2328,2070,445,0.61502337350431013
039515,2329,2070,495,0.6223536315623166
039515,2330,2070,347,0.6323285936891313
039515,2331,2070,458,0.6129688728550946
039515,2332,2070,374,0.63302675585284285
039515,2332,2070,380,0.61418908036720887
039515,2332,2070,383,0.63420278485977644
039515,2334,2070,394,0.61493208755082618
039515,2334,2070,398,0.62266107895216338
039515,2334,2070,399,0.6306543697848046
039515,2335,2070,600,0.6066793058188712
039515,2335,2070,601,0.63233719122473653
039515,2335,2070,603,0.63682168297909303
039515,2335,2070,608,0.60907772020725393
039515,2336,2070,381,0.65267277417059499
039515,2336,2070,384,0.65256005823829166
039515,2336,2070,385,0.60219861493982385
039515,2336,2070,388,0.63211824112638682
039515,2336,2070,391,0.62923779313885475
039515,2336,2070,392,0.64634905434522383
039515,2336,2070,393,0.61206471563662435
039515,2337,2070,545,0.57637580664555699
039515,2338,2070,273,0.63602611305343271
039515,2339,2070,403,0.63160588091950287
039515,2339,2070,405,0.60034147622800105
039515,2339,2070,412,0.62978356577691574
039515,2340,2070,169,0.6360587996206476
039515,2340,2070,172,0.62059346789958048
039515,2341,2070,257,0.60581546740734316
039515,2341,2070,260,0.6298726443507443
039515,2341,2070,261,0.62074645172595055
039515,2342,2070,431,0.62522433596554194
039515,2343,2070,497,0.62918397046817875
039515,2343,2070,499,0.60378955287037472
039515,2344,2070,391,0.60305867161649584
039515,2344,2070,396,0.62200275712445474
039515,2344,2070,397,0.62783515946681556
039515,2345,2070,506,0.6492200529775336
039515,2345,2070,508,0.63285105193262037
039515,2346,2070,544,0.62349594254267326
039515,2346,2070,545,0.59863285042917624
039515,2346,2070,546,0.5992328455746555
039515,2346,2070,549,0.63601440576230495
039515,2346,2070,550,0.62361640355652337
039515,2347,2070,444,0.64803885197801081
039515,2347,2070,445,0.63629556516115859
039515,2348,2070,356,0.6172737904448391
039515,2349,2070,487,0.59838639965422846
039515,2351,2070,571,0.58671166420586374
039515,2351,2070,572,0.62391539045943456
039515,2351,2070,577,0.60977026095162057
039515,2352,2070,437,0.59638946617450916
039515,2352,2070,441,0.63167013167013164
039515,2352,2070,443,0.60597150902766272
039515,2352,2070,444,0.61344480464084628
039515,2353,2070,374,0.60303369818150476
039515,2353,2070,377,0.60661854397772774
039515,2354,2070,385,0.58386232708325692
039515,2354,2070,386,0.60005620148231409
039515,2355,2070,485,0.63529442754224452
039515,2355,2070,486,0.60182142857142862
039515,2355,2070,488,0.61317955696343718
039515,2355,2070,490,0.64317864757442555
039515,2356,2070,346,0.61141781144348872
039515,2357,2070,385,0.62773524566333949
039515,2358,2070,420,0.59212242413703153
039515,2359,2070,570,0.6223776223776224
039515,2359,2070,571,0.64303102901966847
039515,2360,2070,460,0.6004144191553743
039515,2362,2070,333,0.59118962432915922
039515,2362,2070,335,0.64310498867626587
039515,2363,2070,328,0.64919580447134295
039515,2363,2070,334,0.63004019978072845
039515,2364,2070,360,0.62725468197117462
039515,2364,2070,362,0.61522397717579924
039515,2364,2070,364,0.64223105057384289
039515,2364,2070,366,0.58367608769480395
039515,2365,2070,256,0.62273361227336121
039515,2365,2070,257,0.62747868999551371
039515,2365,2070,258,0.63644806400914411
039515,2365,2070,259,0.62190133446587836
039515,2366,2070,395,0.59966813676258679
039515,2367,2070,347,0.63493515792823618
039515,2367,2070,351,0.62429759986060895
039515,2367,2070,356,0.63464714547158863
039515,2368,2070,173,0.6207027001465929
039515,2368,2070,176,0.60651863923405991
039515,2369,2070,407,0.62608817747823642
039515,2369,2070,411,0.57254145777092169
039515,2369,2070,414,0.5914585334614153
039515,2369,2070,415,0.6217343928561937
039515,2370,2070,302,0.63014972977762029
039515,2370,2070,305,0.62703289595268896
039515,2370,2070,307,0.62935828404978378
039515,2372,2070,389,0.6219806763285024
039515,2372,2070,390,0.62786292405717237
039515,2373,2070,475,0.62171823370381496
039515,2374,2070,551,0.64145994859041611
039515,2374,2070,553,0.64266746332071967
039515,2374,2070,555,0.60565738456115614
039515,2374,2070,557,0.63594084271230589
039515,2375,2070,398,0.59145029958518969
039515,2375,2070,405,0.59242969478875118
039515,2375,2070,409,0.61075528700906345
039515,2376,2070,436,0.62325588336243298
039515,2377,2070,260,0.61722358054876392
039515,2377,2070,269,0.62238284165455471
039515,2378,2070,342,0.63507617255264792
039515,2378,2070,343,0.63043572138014425
039515,2378,2070,350,0.6542672399927083
039515,2379,2070,429,0.60771821243287527
039515,2380,2070,262,0.6094160967911626
039515,2380,2070,265,0.58849411958220244
039515,2381,2070,375,0.61545428544189151
039515,2381,2070,376,0.59490336812300393
039515,2381,2070,383,0.62964011576695611
039515,2382,2070,246,0.62247442180380019
039515,2382,2070,247,0.63698869595618224
039515,2382,2070,250,0.63017125264575713
039515,2383,2070,400,0.64732283655595724
039515,2383,2070,405,0.60499782703172533
039515,2384,2070,462,0.6130046390369206
039515,2384,2070,466,0.63694537955296759
039515,2384,2070,467,0.64397344134346857
039515,2385,2070,478,0.59883654177350831
039515,2385,2070,482,0.6270071876433706
039515,2385,2070,487,0.59327506426735221
039515,2385,2070,491,0.59749105321891716
039515,2387,2070,481,0.63434985596503424
039515,2388,2070,418,0.60105805751492136
039515,2388,2070,422,0.63989694516010309
039515,2389,2070,524,0.64081073245301912
039515,2390,2070,548,0.60233772693359866
039515,2391,2070,425,0.64657691069320389
039515,2392,2070,569,0.63528026545830807
039515,2393,2070,424,0.64054782855520864
039515,2393,2070,427,0.59436920192649578
039515,2394,2070,247,0.58105381165919279
039515,2394,2070,248,0.62128984328015002
039515,2394,2070,249,0.60811424677758219
039515,2395,2070,390,0.64714305025007379
039515,2396,2070,383,0.60473878704441708
039515,2397,2070,294,0.63768728471503133
039515,2397,2070,297,0.59598583234946867
039515,2397,2070,298,0.63250337772630771
039515,2398,2070,254,0.61364656111787708
039515,2399,2070,410,0.58911918532252261
039515,2401,2070,543,0.58136831617402851
039515,2401,2070,544,0.64659490084985838
039515,2401,2070,545,0.63411099840602814
039515,2402,2070,318,0.61306992271459282
039515,2402,2070,321,0.60940724066779217
039515,2402,2070,326,0.58385935769656705
039515,2402,2070,327,0.64920922541034076
039515,2404,2070,517,0.63492154174283977
039515,2404,2070,519,0.61436434178471533
039515,2404,2070,524,0.624528553046102
039515,2405,2070,298,0.60590568111233212
039515,2405,2070,299,0.58902973188213437
039515,2405,2070,304,0.5766699720544487
039515,2406,2070,541,0.62481997119539123
039515,2406,2070,544,0.64940388882620637
039515,2406,2070,546,0.58874619130335737
039515,2406,2070,550,0.58860759493670889
039515,2407,2070,532,0.61342943854324739
039515,2407,2070,534,0.6027015375772381
039515,2407,2070,535,0.59454644046789062
039515,2407,2070,536,0.59270493078239228
039515,2408,2070,549,0.56614545454545451
039515,2409,2070,468,0.59373741073063546
039515,2410,2070,370,0.60870383616308399
039515,2410,2070,373,0.59264463805355927
039515,2410,2070,375,0.61378848728246316
039515,2410,2070,377,0.65324069326222955
039515,2411,2070,481,0.62968202963886621
039515,2411,2070,485,0.63850963744837086
039515,2412,2070,547,0.61578479888339044
039515,2412,2070,548,0.61385593001429339
039515,2414,2070,512,0.62742923277233931
039515,2414,2070,515,0.63460655395533294
039515,2414,2070,518,0.6372759942789149
039515,2415,2070,368,0.6400297896108732
039515,2416,2070,532,0.58050523092625672
039515,2416,2070,534,0.62614368992008651
039515,2416,2070,535,0.59167205211953955
039515,2417,2070,380,0.63201367340800896
039515,2417,2070,381,0.57733470746789284
039515,2417,2070,385,0.6390198842918956
039515,2418,2070,320,0.58890112310063858
039515,2418,2070,322,0.6313662518399572
039515,2418,2070,323,0.61534146159024605
039515,2418,2070,324,0.60812427976243244
039515,2418,2070,325,0.60962804111513713
039515,2418,2070,328,0.63689210265135399
039515,2418,2070,329,0.63753010234798313
039515,2418,2070,330,0.63187577403067541
039515,2418,2070,333,0.60801313879764729
039515,2419,2070,505,0.63391540018525505
039515,2419,2070,506,0.6215380055206654
039515,2419,2070,510,0.62059882935614585
039515,2420,2070,346,0.59135109494821725
039515,2423,2070,307,0.63052364507717251
039515,2424,2070,279,0.62982526821552742
039515,2424,2070,283,0.60379645987044928
039515,2425,2070,439,0.64147884746117245
039515,2426,2070,475,0.66143972211686264
039515,2426,2070,479,0.62474621156392529
039515,2427,2070,321,0.62985040076391097
039515,2428,2070,395,0.63594197626301674
039515,2428,2070,396,0.62291979226774374
039515,2428,2070,399,0.61866924370951004
039515,2428,2070,400,0.61668936486319181
039515,2429,2070,332,0.58874662281216961
039515,2431,2070,288,0.62496904663640118
039515,2431,2070,290,0.62325187173329566
039515,2431,2070,295,0.62821690147154341
039515,2432,2070,550,0.63956804389841737
039515,2432,2070,553,0.6412309974045235
039515,2432,2070,555,0.5797158501234656
039515,2433,2070,318,0.61014590132463042
039515,2433,2070,322,0.62279459111397295
039515,2433,2070,324,0.61463712446897811
039515,2433,2070,325,0.59393422277381325
039515,2434,2070,277,0.61417229995283762
039515,2434,2070,278,0.62558721249466176
039515,2434,2070,280,0.63594768420598269
039515,2435,2070,405,0.62392703862660948
039515,2436,2070,320,0.64460639892489791
039515,2436,2070,321,0.63775260602867567
039515,2437,2070,456,0.59756397637795278
039515,2437,2070,457,0.63492620274682277
039515,2438,2070,572,0.62218088816554284
039515,2439,2070,577,0.62413597197235116
039515,2439,2070,579,0.56977668809224036
039515,2439,2070,581,0.61322532782612182
039515,2439,2070,582,0.62378865942597794
039515,2440,2070,462,0.59818674642489955
039515,2441,2070,520,0.61984524751604675
039515,2441,2070,522,0.62620303230059327
039515,2442,2070,578,0.61471646131476243
039515,2444,2070,488,0.60140039827840941
039515,2444,2070,489,0.61923174845649542
039515,2446,2070,441,0.61880144207877019
039515,2447,2070,423,0.58115801166342684
039515,2447,2070,424,0.62410412247004188
039515,2447,2070,426,0.5999298327680973
039515,2447,2070,428,0.64974064974064971
039515,2447,2070,430,0.58089458745228539
039515,2447,2070,432,0.6289218342116929
039515,2447,2070,434,0.59832844412464714
039515,2448,2070,445,0.6176346690537623
039515,2448,2070,447,0.6167799557382232
039515,2448,2070,451,0.63095845903922021
039515,2451,2070,449,0.62884993967104841
039515,2451,2070,451,0.6420888597272344
039515,2451,2070,453,0.58571056402240462
039515,2452,2070,276,0.58031596150354092
039515,2453,2070,222,0.63510877881102978
039515,2453,2070,223,0.60622024396427865
039515,2454,2070,298,0.60782797029702973
039515,2455,2070,534,0.61537795480128155
039515,2455,2070,535,0.61902763203917455
039515,2455,2070,539,0.64271634141533607
039515,2455,2070,541,0.61472227957877346
039515,2456,2070,482,0.63633515071755342
039515,2457,2070,281,0.57994310099573254
039515,2457,2070,282,0.63980044791932089
039515,2457,2070,285,0.64100905562742561
039515,2460,2070,153,0.64672204046628334
039515,2460,2070,155,0.61826153089070823
039515,2460,2070,159,0.61163207788880347
039515,2461,2070,250,0.61156347867983618
039515,2461,2070,255,0.62388972958747291
039515,2461,2070,256,0.62031088605043716
039515,2461,2070,257,0.61713900613627493
039515,2462,2070,538,0.63564347573119695
039515,2463,2070,378,0.59424828132311125
039515,2463,2070,380,0.60124060150375935
039515,2463,2070,386,0.62610993199636156
039515,2464,2070,297,0.6500705541359979
039515,2465,2070,315,0.64871838397555592
039515,2465,2070,317,0.65318741406579084
039515,2466,2070,264,0.63095801394277784
039515,2466,2070,267,0.59748659380244795
039515,2468,2070,505,0.61596752368064955
039515,2468,2070,515,0.59292649098474337
039515,2468,2070,516,0.62827054431638496
039515,2468,2070,517,0.62622654501635389
039515,2469,2070,403,0.56916871824419879
039515,2469,2070,404,0.64368258859784289
039515,2470,2070,492,0.62844948550046775
039515,2470,2070,495,0.60791483452904416
039515,2470,2070,498,0.6019012675116745
039515,2471,2070,471,0.61754083559057704
039515,2471,2070,475,0.61175955646337909
039515,2472,2070,632,0.54629456651386032
039515,2472,2070,633,0.63589717144109537
039515,2472,2070,634,0.6374109492330402
039515,2472,2070,635,0.60520964462089666
039515,2472,2070,637,0.61151766998860002
039515,2472,2070,638,0.63253948357984457
039515,2472,2070,640,0.62512175684052063
039515,2473,2070,408,0.59327184327184324
039515,2473,2070,410,0.60682108573862337
039515,2473,2070,411,0.62232504337767491
039515,2474,2070,698,0.62202688728024824
039515,2474,2070,704,0.60309000538954427
039515,2474,2070,705,0.63075764422352765
039515,2474,2070,709,0.63922571681192375
039515,2475,2070,470,0.60722320179972034
039515,2476,2070,174,0.62716462983060439
039515,2476,2070,175,0.63556433687330205
039515,2476,2070,176,0.61120582407962032
039515,2478,2070,194,0.59139750145640491
039515,2479,2070,464,0.62878937007874014
039515,2480,2070,432,0.64744445089052616
039515,2480,2070,441,0.6264675414364641
039515,2481,2070,460,0.6169693608761958
039515,2482,2070,482,0.63553642993233028
039515,2483,2070,367,0.64646464646464652
039515,2483,2070,374,0.6045550300091419
039515,2484,2070,482,0.62823972077134438
039515,2484,2070,485,0.60863753687315636
039515,2484,2070,487,0.62853254343127052
039515,2485,2070,468,0.63034398034398031
039515,2485,2070,471,0.61482453801505421
039515,2486,2070,420,0.60883507025020045
039515,2486,2070,421,0.65359331061325587
039515,2486,2070,424,0.62872867363786467
039515,2486,2070,431,0.65267430810563487
039515,2487,2070,443,0.63441566438159358
039515,2487,2070,445,0.65285350781533991
039515,2487,2070,446,0.63225998610053946
039515,2488,2070,204,0.59297962477304822
039515,2488,2070,206,0.61118134569462002
039515,2488,2070,209,0.6319306016980436
039515,2488,2070,210,0.61012132473494374
039515,2488,2070,212,0.60041894664842677
039515,2488,2070,213,0.61656607861343238
039515,2489,2070,253,0.6280417460360046
039515,2489,2070,255,0.63868028541116262
039515,2489,2070,257,0.60880644556867158
039515,2490,2070,350,0.62933631976108573
039515,2490,2070,351,0.61400415875598946
039515,2491,2070,514,0.5908231017470974
039515,2493,2070,465,0.62822370327441324
039515,2494,2070,251,0.63653285038736296
039515,2494,2070,252,0.64918859890458736
039515,2494,2070,256,0.61933552362993061
039515,2494,2070,260,0.62414027289004137
039515,2495,2070,493,0.59173101673101669
039515,2495,2070,495,0.62079789388416362
039515,2496,2070,466,0.63993337497397462
039515,2496,2070,471,0.61022349464351677
039515,2497,2070,318,0.631604134762634
039515,2497,2070,321,0.63581089929470747
039515,2497,2070,325,0.5811126694717158
039515,2497,2070,328,0.62847945006535311
039515,2497,2070,329,0.62517959770114939
039515,2498,2070,338,0.63597683267417671
039515,2498,2070,342,0.63229870576108116
039515,2498,2070,344,0.58208955223880599
039515,2499,2070,584,0.59832635983263593
039515,2500,2070,277,0.60140268848626532
039515,2500,2070,281,0.6035318839408389
039515,2500,2070,282,0.63340735303682094
039515,2501,2070,555,0.6440862180072906
039515,2502,2070,578,0.60069278547539418
039515,2502,2070,580,0.61531369789897616
039515,2503,2070,493,0.60319219685213921
039515,2503,2070,497,0.61247906197654944
039515,2504,2070,249,0.6073292851816342
039515,2504,2070,250,0.57222402861323363
039515,2505,2070,316,0.60528021431966472
039515,2505,2070,321,0.63614049181059495
039515,2506,2070,348,0.5999355384553402
039515,2506,2070,349,0.63247863247863245
039515,2506,2070,350,0.62873399715504974
039515,2506,2070,351,0.61321731924590839
039515,2507,2070,594,0.63689320388349513
039515,2507,2070,595,0.61234832061713451
039515,2508,2070,435,0.58476363636363637
039515,2509,2070,360,0.59934761391072067
039515,2509,2070,366,0.6097085082480932
039515,2509,2070,367,0.63385520647262794
039515,2510,2070,449,0.62401058703088719
039515,2510,2070,451,0.62366110623353821
039515,2510,2070,452,0.64000689476859429
039515,2511,2070,205,0.6303337207371742
039515,2511,2070,206,0.63385937437256556
039515,2513,2070,474,0.64804949780811272
039515,2513,2070,475,0.65577270126325982
039515,2513,2070,478,0.60099077888954289
039515,2514,2070,513,0.63172895364993409
039515,2514,2070,520,0.64949147176382127
039515,2515,2070,586,0.62139281507656063
039515,2515,2070,589,0.55988805383478502
039515,2515,2070,596,0.61450837160525074
039515,2516,2070,483,0.63573535949561488
039515,2517,2070,314,0.58555808542047194
039515,2517,2070,315,0.61953967096199047
039515,2517,2070,316,0.64251132886633877
039515,2517,2070,320,0.63259680223928072
039515,2517,2070,321,0.64478999408434046
039515,2518,2070,305,0.59290117691014388
039515,2519,2070,234,0.59709909019562246
039515,2520,2070,469,0.63537818393933498
039515,2520,2070,470,0.63508215256122691
039515,2520,2070,471,0.61376287412267727
039515,2520,2070,476,0.60736833361023423
039515,2520,2070,477,0.64056039692131539
039515,2521,2070,540,0.62501178022806525
039515,2521,2070,541,0.63531616044457473
039515,2521,2070,544,0.60698243273293306
039515,2522,2070,548,0.59689414446502354
039515,2523,2070,513,0.62637312755333641
039515,2523,2070,514,0.60496198479391761
039515,2524,2070,483,0.61664756129127685
039515,2524,2070,485,0.64490117289313642
039515,2524,2070,487,0.6006578115117015
039515,2524,2070,490,0.6517122867313121
039515,2525,2070,484,0.64263824570961592
039515,2527,2070,325,0.59111732277350726
039515,2527,2070,326,0.6026123346155472
039515,2527,2070,327,0.61055081458494953
039515,2527,2070,334,0.59922178988326846
039515,2528,2070,509,0.60568826258807351
039515,2528,2070,512,0.6223134969911166
039515,2528,2070,514,0.61890834643366355
039515,2529,2070,537,0.59147989884014995
039515,2529,2070,543,0.56685381576211269
039515,2529,2070,546,0.61368716684816871
039515,2530,2070,542,0.63271864553003343
039515,2530,2070,544,0.6209148757353824
039515,2530,2070,548,0.60325305204145607
039515,2530,2070,552,0.62154599510318298
039515,2531,2070,217,0.59119855208472982
039515,2531,2070,222,0.61278547360539126
039515,2531,2070,224,0.61521335807050093
039515,2531,2070,226,0.57434710206734085
039515,2532,2070,528,0.62949356087540487
039515,2533,2070,429,0.57776045102860918
039515,2533,2070,431,0.63326473537016514
039515,2533,2070,437,0.63939145361466831
039515,2533,2070,438,0.61823940998487137
039515,2534,2070,469,0.62414630199061338
039515,2534,2070,474,0.60911676214812682
039515,2535,2070,382,0.61197963678376721
039515,2536,2070,435,0.57892361842303175
039515,2536,2070,437,0.63049196298100341
039515,2537,2070,344,0.64123211253941304
039515,2538,2070,236,0.64423644157785032
039515,2538,2070,238,0.64450511334392557
039515,2538,2070,242,0.61092900797259286
039515,2540,2070,461,0.58237386804657176
039515,2540,2070,464,0.60209424083769636
039515,2540,2070,465,0.61166182955787574
039515,2540,2070,466,0.61145830218580866
039515,2540,2070,469,0.62083855690207546
039515,2541,2070,295,0.62270619862079712
039515,2541,2070,300,0.59739019732654364
039515,2541,2070,305,0.61869034221166275
039515,2541,2070,306,0.61535322205444232
039515,2542,2070,284,0.57380149658745172
039515,2542,2070,287,0.61274797020172433
039515,2542,2070,289,0.62887292321508759
039515,2542,2070,290,0.63170445512699192
039515,2542,2070,292,0.63021168792133631
039515,2542,2070,293,0.64899987652796642
039515,2542,2070,297,0.63574856878505759
039515,2544,2070,368,0.59621809664864123
039515,2545,2070,400,0.61899197631845448
039515,2545,2070,401,0.63458826082239339
039515,2546,2070,315,0.62384470022332927
039515,2546,2070,316,0.61308500477554917
039515,2546,2070,317,0.60387574807637501
039515,2547,2070,504,0.63376046961128207
039515,2547,2070,507,0.60599866069855146
039515,2547,2070,509,0.62079241037492017
039515,2547,2070,510,0.61320709376652083
039515,2548,2070,265,0.59176297992628901
039515,2549,2070,412,0.60458421888030989
039515,2549,2070,414,0.61516996448503303
039515,2549,2070,418,0.60188763376932219
039515,2549,2070,420,0.58511832592393009
039515,2549,2070,421,0.63901626494219088
039515,2549,2070,422,0.59078578928946446
039515,2550,2070,409,0.62400708696294105
039515,2550,2070,414,0.60080082286386016
039515,2551,2070,405,0.60349472151437933
039515,2552,2070,462,0.60506961799357373
039515,2553,2070,438,0.62728389679362684
039515,2554,2070,551,0.61002842062525375
039515,2554,2070,558,0.58805146101359451
039515,2555,2070,401,0.5956831330663106
039515,2555,2070,402,0.62262858504333318
039515,2555,2070,403,0.59286898839137647
039515,2555,2070,405,0.57629374461755267
039515,2556,2070,469,0.6283730825215541
039515,2556,2070,470,0.60361932299715837
039515,2556,2070,474,0.63216718266253868
039515,2557,2070,503,0.6055216841136547
039515,2557,2070,507,0.56468015688452322
039515,2557,2070,512,0.64641072239890962
039515,2557,2070,519,0.61376910152812225
039515,2558,2070,463,0.59517721742197138
039515,2558,2070,464,0.59762628002379981
039515,2559,2070,494,0.56458574586798616
039515,2560,2070,481,0.60138871564591911
039515,2560,2070,487,0.61168424713110003
039515,2562,2070,478,0.63014138817480725
039515,2563,2070,193,0.62479858819918666
039515,2563,2070,195,0.62797425188704548
039515,2563,2070,196,0.62849139971595391
039515,2564,2070,400,0.61559564861209015
039515,2565,2070,190,0.63350864925668071
039515,2565,2070,194,0.57257320244986998
039515,2565,2070,196,0.62533812576425685
039515,2565,2070,198,0.63632785946835535
039515,2567,2070,478,0.58899833799505452
039515,2567,2070,481,0.62871381411884208
039515,2567,2070,482,0.63700433499109066
039515,2568,2070,308,0.64529536374118468
039515,2568,2070,312,0.60047534165181227
039515,2569,2070,326,0.6239702365134201
039515,2570,2070,480,0.62092337917485263
039515,2571,2070,395,0.59324789964768287
039515,2571,2070,396,0.5877726615803448
039515,2572,2070,333,0.63364361702127658
039515,2572,2070,336,0.60152202072538863
039515,2573,2070,285,0.6031998726418849
039515,2573,2070,288,0.59808459696727856
039515,2574,2070,184,0.62608117099135063
039515,2575,2070,443,0.64554122265844083
039515,2575,2070,445,0.63653915912893899
039515,2576,2070,488,0.63838420269600105
039515,2576,2070,489,0.65490983836307581
039515,2576,2070,492,0.63675199070435051
039515,2577,2070,531,0.62605269257513718
039515,2577,2070,533,0.63362361883667662
039515,2577,2070,535,0.64953395472703057
039515,2577,2070,536,0.60092277176490883
039515,2577,2070,539,0.63740244705694493
039515,2578,2070,426,0.63499481733374552
039515,2578,2070,432,0.64992332397789421
039515,2579,2070,396,0.65193637621023515
039515,2579,2070,399,0.63613721804511281
039515,2580,2070,573,0.62607157436385907
039515,2580,2070,574,0.58697847875067988
039515,2580,2070,575,0.63463927772715978
039515,2580,2070,579,0.63726272840163212
039515,2581,2070,420,0.62723320712382558
039515,2581,2070,421,0.62789704569276761
039515,2584,2070,473,0.63609075659927605
039515,2584,2070,477,0.62383645063070903
039515,2584,2070,478,0.61182022953984772
039515,2585,2070,476,0.58922708169162075
039515,2585,2070,478,0.61694644284572342
039515,2585,2070,479,0.60054654289928
039515,2586,2070,274,0.61792407953572448
039515,2587,2070,551,0.6211347575670928
039515,2587,2070,552,0.62946404668844036
039515,2587,2070,553,0.59836431891312125
039515,2587,2070,555,0.60784379847575365
039515,2587,2070,558,0.60633008495042195
039515,2588,2070,433,0.6317097946963216
039515,2588,2070,438,0.63834248627059409
039515,2589,2070,568,0.59765412880570534
039515,2589,2070,571,0.57608223091733435
039515,2589,2070,574,0.58227106731895539
039515,2589,2070,581,0.60412570029310286
039515,2590,2070,559,0.62773138656932848
039515,2590,2070,565,0.64199577382687267
039515,2590,2070,567,0.59947741694662182
039515,2590,2070,572,0.5895648500211238
039515,2591,2070,559,0.61744319854416996
039515,2591,2070,560,0.65639854744946469
039515,2591,2070,561,0.62072115384615389
039515,2592,2070,506,0.61601937393488204
039515,2592,2070,511,0.5855195705928472
039515,2594,2070,374,0.58977792657069528
039515,2594,2070,375,0.59921718330957496
039515,2594,2070,377,0.56245907322522248
039515,2595,2070,280,0.62512367760103504
039515,2595,2070,283,0.62406267146253736
039515,2595,2070,284,0.60546473076483365
039515,2597,2070,477,0.63333614011451667
039515,2597,2070,479,0.59287060959430204
039515,2597,2070,484,0.62990654205607477
039515,2597,2070,485,0.64864908669508425
039515,2598,2070,390,0.60109137479815133
039515,2598,2070,393,0.61374795417348604
039515,2600,2070,507,0.65182550972024655
039515,2602,2070,250,0.61866585067319457
039515,2602,2070,255,0.63630815766082494
039515,2603,2070,326,0.5824701195219123
039515,2603,2070,328,0.65734650127343019
039515,2603,2070,332,0.63976713456787759
039515,2603,2070,336,0.58359736334170942
039515,2604,2070,529,0.62455814433521684
039515,2604,2070,532,0.61386433115756422
039515,2606,2070,361,0.60952689565780949
039515,2606,2070,364,0.57913180074313508
039515,2606,2070,365,0.61669422226194204
039515,2606,2070,372,0.61948151433294363
039515,2607,2070,472,0.6303183995491688
039515,2607,2070,473,0.59961736261035925
039515,2608,2070,344,0.62790088110167952
039515,2608,2070,345,0.61330024813895778
039515,2609,2070,581,0.62952829877707095
039515,2609,2070,586,0.601282736504543
039515,2610,2070,305,0.64394348580038097
039515,2610,2070,308,0.61258406121975728
039515,2610,2070,313,0.58901885234622264
039515,2611,2070,321,0.62751963187115489
039515,2611,2070,324,0.57467241069825881
039515,2611,2070,325,0.64711658048046083
039515,2612,2070,464,0.57028894232604299
039515,2612,2070,465,0.61253297542463092
039515,2612,2070,466,0.59769233039218583
039515,2613,2070,186,0.63235499976669307
039515,2613,2070,187,0.57812856599467477
039515,2614,2070,306,0.58684282961739609
039515,2614,2070,311,0.62629065950462548
039515,2614,2070,312,0.59462421410855393
039515,2614,2070,315,0.64935256342772918
039515,2615,2070,439,0.64006478136290024
039515,2615,2070,441,0.63203385966477343
039515,2616,2070,398,0.65297319088893369
039515,2616,2070,400,0.63032447406675995
039515,2616,2070,401,0.62143490468449825
039515,2616,2070,402,0.58545771578029637
039515,2617,2070,300,0.61580413088883734
039515,2618,2070,631,0.62611668185961711
039515,2618,2070,634,0.64717173357745061
039515,2618,2070,637,0.64299165994081253
039515,2618,2070,639,0.63962754802449462
039515,2619,2070,473,0.6191627372603461
039515,2619,2070,477,0.62025941939468809
039515,2620,2070,518,0.64787037935383718
039515,2621,2070,500,0.64953500959504007
039515,2621,2070,503,0.62557339449541283
039515,2621,2070,506,0.63617592401404088
039515,2622,2070,276,0.62400183103606122
039515,2624,2070,346,0.62935397439714202
039515,2625,2070,427,0.61480933276204575
039515,2625,2070,431,0.61175417476926874
039515,2626,2070,334,0.60933147632311979
039515,2626,2070,336,0.62686786897313218
039515,2626,2070,337,0.63813445845228767
039515,2626,2070,338,0.592905888602836
039515,2626,2070,340,0.63935408191279608
039515,2627,2070,360,0.6385765663448798
039515,2627,2070,362,0.64838515847979572
039515,2628,2070,542,0.62520999510562592
039515,2628,2070,543,0.6333995933008888
039515,2628,2070,544,0.62939849728099184
039515,2632,2070,317,0.6438149956908934
039515,2633,2070,368,0.61504137243859114
039515,2633,2070,369,0.61615402997303115
039515,2634,2070,177,0.57625497516275337
039515,2634,2070,179,0.62321799555842106
039515,2634,2070,181,0.6299887005649718
039515,2635,2070,437,0.61066212445185375
039515,2635,2070,439,0.63096221221221216
039515,2636,2070,481,0.58025874460948734
039515,2637,2070,414,0.62684640326648255
039515,2638,2070,558,0.55845752608047694
039515,2638,2070,559,0.64166135204081631
039515,2638,2070,563,0.59907669300042266
039515,2638,2070,564,0.639172122643197
039515,2639,2070,596,0.62694635559464074
039515,2639,2070,601,0.60203392121089261
039515,2639,2070,603,0.59997588521361678
039515,2639,2070,604,0.59903747773693583
039515,2640,2070,307,0.58236212904000961
039515,2640,2070,308,0.5853434504792332
039515,2640,2070,311,0.59052305449243669
039515,2641,2070,560,0.62999787098147753
039515,2641,2070,564,0.62122872681403674
039515,2641,2070,566,0.61877528246617386
039515,2642,2070,406,0.62680853459438157
039515,2643,2070,504,0.63640375225975432
039515,2643,2070,505,0.63251440766209266
039515,2645,2070,402,0.64102084307916207
039515,2645,2070,403,0.61737047551454938
039515,2647,2070,509,0.59182027649769586
039515,2647,2070,511,0.60161143786161719
039515,2648,2070,210,0.59527498063516648
039515,2649,2070,451,0.64500247242706343
039515,2649,2070,453,0.60323497617808386
039515,2650,2070,423,0.61978905072827728
039515,2650,2070,427,0.61129797723816981
039515,2651,2070,366,0.62241942441609666
039515,2651,2070,368,0.60854909804793123
039515,2652,2070,355,0.59643062751871045
039515,2652,2070,356,0.6099626947553215
039515,2652,2070,357,0.63224704336399473
039515,2654,2070,247,0.62306941960656803
039515,2654,2070,248,0.62075928917609047
039515,2654,2070,252,0.63782129742962057
039515,2655,2070,551,0.59435264588998116
039515,2656,2070,464,0.64791941827893007
039515,2656,2070,468,0.60849560128096591
039515,2657,2070,346,0.60885608856088558
039515,2657,2070,347,0.63959022562497636
039515,2657,2070,350,0.61896129792440857
039515,2658,2070,614,0.59202420442532722
039515,2659,2070,514,0.59353146853146854
039515,2659,2070,518,0.59140855163627681
039515,2659,2070,519,0.64640508051712409
039515,2660,2070,537,0.63764565829536868
039515,2662,2070,300,0.60083243823845323
039515,2662,2070,303,0.62456579130193135
039515,2662,2070,305,0.63705872358223004
039515,2665,2070,460,0.61360465675662679
039515,2665,2070,467,0.61875204181639987
039515,2665,2070,469,0.60453828418881206
039515,2666,2070,530,0.60976521919800541
039515,2666,2070,532,0.62318792830785452
039515,2666,2070,533,0.63657917723888358
039515,2670,2070,370,0.6127710752809411
039515,2670,2070,371,0.62207242243539884
039515,2672,2070,534,0.62045473899344294
039515,2672,2070,535,0.62478529168522168
039515,2672,2070,538,0.60336853464888618
039515,2673,2070,256,0.6192186126540612
039515,2673,2070,258,0.61137176416549099
039515,2675,2070,492,0.62001006698416383
039515,2675,2070,493,0.57920508971334617
039515,2675,2070,497,0.63289266453491144
039515,2675,2070,501,0.59214104025962633
039515,2676,2070,491,0.63897808180929783
039515,2676,2070,496,0.5943819137614087
039515,2677,2070,175,0.62671004842615008
039515,2678,2070,352,0.64065581345457245
039515,2679,2070,194,0.63826280440067573
039515,2679,2070,195,0.62537537537537535
039515,2680,2070,515,0.61799602886338323
039515,2680,2070,516,0.620359066427289
039515,2680,2070,525,0.64064831702868508
039515,2681,2070,335,0.55360437604462875
039515,2682,2070,403,0.60307759947241157
039515,2682,2070,405,0.62625613729179097
039515,2683,2070,575,0.62745698901195113
039515,2684,2070,480,0.59117082533589249
039515,2686,2070,589,0.64151312326088594
039515,2686,2070,591,0.6171067552243642
039515,2686,2070,594,0.59483900138875434
039515,2687,2070,301,0.63512946461629605
039515,2687,2070,303,0.61559151261580503
039515,2688,2070,410,0.63014271524909826
039515,2689,2070,454,0.63633848464487575
039515,2689,2070,455,0.59367490892178898
039515,2689,2070,457,0.637269333894117
039515,2689,2070,458,0.60197588158773685
039515,2690,2070,468,0.63795824090378939
039515,2690,2070,469,0.61977375921891809
039515,2691,2070,454,0.60165044435040205
039515,2691,2070,457,0.59113484446767994
039515,2692,2070,444,0.63312515753213661
039515,2692,2070,445,0.64018235102572452
039515,2692,2070,448,0.63932344805695374
039515,2692,2070,451,0.62696199996919333
039515,2693,2070,387,0.61856054949977601
039515,2694,2070,457,0.62803142190543459
039515,2694,2070,458,0.65607266406502962
039515,2694,2070,460,0.63489574645537949
039515,2695,2070,322,0.61186080393608633
039515,2696,2070,269,0.603965678210999
039515,2696,2070,278,0.64283929642214677
039515,2697,2070,479,0.64181889062151931
039515,2697,2070,483,0.63968090988073611
039515,2698,2070,318,0.63592085851134783
039515,2699,2070,372,0.58870145154962727
039515,2701,2070,331,0.60839160839160844
039515,2701,2070,332,0.63784720111833704
039515,2701,2070,333,0.62086053645874306
039515,2702,2070,403,0.60115579997203705
039515,2702,2070,406,0.61875164912486436
039515,2702,2070,408,0.62390043406445661
039515,2703,2070,310,0.63026499932282964
039515,2704,2070,323,0.59508510878142262
039515,2704,2070,326,0.62024438859519893
039515,2705,2070,461,0.62732969367721814
039515,2705,2070,463,0.63065368108286568
039515,2705,2070,466,0.63179636717088872
039515,2706,2070,343,0.622787401999084
039515,2707,2070,492,0.57668991371012679
039515,2707,2070,493,0.63904008515373634
039515,2707,2070,494,0.63231859084817155
039515,2707,2070,495,0.6416343346266149
039515,2707,2070,496,0.62900518914330905
039515,2707,2070,499,0.58114494976368591
039515,2707,2070,500,0.65180701487234149
039515,2708,2070,365,0.59065608975763684
039515,2708,2070,366,0.60551796722297402
039515,2708,2070,368,0.61337294243693385
039515,2709,2070,428,0.56982445817397276
039515,2709,2070,430,0.6003090184597869
039515,2709,2070,431,0.62207974705779023
039515,2710,2070,402,0.63903408908700254
039515,2710,2070,403,0.62124289717944103
039515,2710,2070,404,0.60171845165769833
039515,2711,2070,504,0.62598075388160168
039515,2711,2070,508,0.59735457613658927
039515,2712,2070,358,0.61204316320100816
039515,2712,2070,362,0.64550423965910553
039515,2712,2070,365,0.61110237458719929
039515,2713,2070,369,0.62542731564382226
039515,2713,2070,376,0.61100447856685858
039515,2713,2070,378,0.61089203978708129
039515,2714,2070,472,0.62656262656262651
039515,2714,2070,476,0.6128165320739456
039515,2714,2070,481,0.64185301567681907
039515,2715,2070,512,0.59294320137693635
039515,2715,2070,521,0.65098023746597766
039515,2716,2070,505,0.61786351821114283
039515,2716,2070,506,0.65437723454048247
039515,2716,2070,511,0.61468698366073071
039515,2718,2070,436,0.61770281076918521
039515,2718,2070,437,0.62685567192073066
039515,2718,2070,439,0.62071630027431135
039515,2718,2070,441,0.60262210322223253
039515,2719,2070,346,0.61897968006917425
039515,2719,2070,347,0.62231877681223191
039515,2720,2070,476,0.59396503253099142
039515,2720,2070,477,0.56173635242685793
039515,2721,2070,355,0.60587525485790372
039515,2721,2070,357,0.63458828926242672
039515,2722,2070,330,0.61962553575456802
039515,2722,2070,331,0.61885189119290629
039515,2722,2070,337,0.57662809917355373
039515,2723,2070,452,0.59823573708179434
039515,2723,2070,453,0.62873621092140797
039515,2723,2070,454,0.61257843963660208
039515,2723,2070,458,0.61527257594673324
039515,2723,2070,459,0.64398383980326712
039515,2723,2070,460,0.64347596101123083
039515,2723,2070,462,0.63545370502062293
039515,2724,2070,445,0.58149751275922212
039515,2724,2070,446,0.61770267431041215
039515,2724,2070,447,0.6267320662170448
039515,2725,2070,301,0.61770099982251669
039515,2725,2070,302,0.60963845487900403
039515,2725,2070,303,0.63811877127506866
039515,2726,2070,432,0.61261841258162419
039515,2726,2070,435,0.58298923822219328
039515,2726,2070,440,0.62371882086167796
039515,2726,2070,442,0.62777307100944491
039515,2727,2070,471,0.64896607941974016
039515,2728,2070,247,0.6381468110709988
039515,2728,2070,254,0.62674170152577569
039515,2729,2070,459,0.63631091572350573
039515,2730,2070,422,0.61439126454818882
039515,2730,2070,424,0.60957394711067581
039515,2730,2070,428,0.65407674591472409
039515,2731,2070,438,0.64887231720625682
039515,2731,2070,444,0.60866808568452513
039515,2732,2070,315,0.60948918648217532
039515,2732,2070,322,0.63128094313301786
039515,2733,2070,407,0.63987700470276132
039515,2733,2070,411,0.63154881190953338
039515,2734,2070,508,0.65313532889530279
039515,2734,2070,509,0.59298750049918136
039515,2735,2070,372,0.62862078129152277
039515,2736,2070,547,0.63598518372832469
039515,2736,2070,548,0.61585246223268586
039515,2737,2070,546,0.64420618829337095
039515,2737,2070,548,0.59970222637720305
039515,2737,2070,550,0.64942920429374684
039515,2737,2070,555,0.62601470362995859
039515,2737,2070,556,0.63361532073904925
039515,2738,2070,389,0.63365508673006166
039515,2738,2070,392,0.59172402753321596
039515,2738,2070,394,0.65666630998876463
039515,2738,2070,396,0.6245356825876861
039515,2739,2070,457,0.59927566130289278
039515,2739,2070,462,0.57912202522044187
039515,2739,2070,464,0.62639857305010538
039515,2740,2070,187,0.63599798893916537
039515,2740,2070,190,0.62200196956701292
039515,2741,2070,402,0.64356010568031707
039515,2742,2070,545,0.63285977180714026
039515,2743,2070,562,0.59763755473337632
039515,2743,2070,563,0.6383904400959084
039515,2743,2070,564,0.60537390741340236
039515,2744,2070,513,0.6409161917753966
039515,2744,2070,516,0.59321421401325036
039515,2745,2070,495,0.64100651112316875
039515,2745,2070,499,0.65142004527680597
039515,2747,2070,541,0.60361569623314593
039515,2747,2070,542,0.63197602315006196
039515,2747,2070,547,0.61319574734208881
039515,2748,2070,472,0.62357687357687352
039515,2748,2070,475,0.62701787704884193
039515,2749,2070,248,0.64092380425060691
039515,2749,2070,255,0.59420234937476313
039515,2749,2070,261,0.62208888055503464
039515,2750,2070,616,0.646419483824064
039515,2750,2070,623,0.63285737731823399
039515,2750,2070,624,0.63847822408196542
039515,2751,2070,405,0.62806053877169399
039515,2751,2070,406,0.60719762805439115
039515,2751,2070,408,0.6504401671142942
039515,2751,2070,409,0.60437258430944441
039515,2751,2070,416,0.59044729590558631
039515,2752,2070,458,0.63700591941951501
039515,2754,2070,217,0.61866994340184689
039515,2754,2070,222,0.6344922980194907
039515,2754,2070,223,0.59954101052317332
039515,2754,2070,226,0.61389614630960154
039515,2754,2070,228,0.63844493337207853
039515,2755,2070,390,0.62967966722366409
039515,2755,2070,391,0.62865925750768503
039515,2756,2070,551,0.63252982712442174
039515,2756,2070,552,0.58633999674955306
039515,2756,2070,555,0.63643732572466116
039515,2757,2070,442,0.61184184695119559
039515,2757,2070,443,0.60889266496743133
039515,2758,2070,512,0.60986642541642277
039515,2758,2070,521,0.61467387584696465
039515,2759,2070,328,0.6172252056284413
039515,2759,2070,329,0.61654875422946787
039515,2759,2070,332,0.63471518223509538
039515,2760,2070,408,0.59886213720316628
039515,2760,2070,412,0.64890847186060485
039515,2761,2070,441,0.6103026437847866
039515,2762,2070,321,0.57743067416079252
039515,2762,2070,323,0.63265110285549786
039515,2762,2070,330,0.59123849554315533
039515,2763,2070,525,0.62743876804260157
039515,2764,2070,327,0.63547433611710613
039515,2765,2070,496,0.5953391629170558
039515,2765,2070,499,0.60264115458522427
039515,2765,2070,501,0.61284219001610307
039515,2767,2070,229,0.58867754304187658
039515,2768,2070,229,0.61228604923798358
039515,2768,2070,233,0.62498372890180931
039515,2769,2070,279,0.61996696262647122
039515,2769,2070,281,0.65157802087262673
039515,2770,2070,415,0.62086928210971837
039515,2770,2070,417,0.59030854430379742
039515,2771,2070,443,0.65073343007500395
039515,2772,2070,383,0.63126475698311579
039515,2772,2070,385,0.62291568658198737
039515,2772,2070,387,0.64293260676156583
039515,2774,2070,587,0.5823210329284132
039515,2774,2070,588,0.6243588857399599
039515,2774,2070,589,0.58855559493507748
039515,2774,2070,591,0.64747636363636363
039515,2774,2070,595,0.62017767285829661
039515,2774,2070,597,0.59639590239525431
039515,2774,2070,599,0.59441603523571351
039515,2775,2070,362,0.61226247030878855
039515,2775,2070,365,0.621786197564276
039515,2775,2070,370,0.63527934714375389
039515,2775,2070,375,0.62255306219888018
039515,2776,2070,467,0.60333711070298157
039515,2776,2070,475,0.57434294548632114
039515,2776,2070,476,0.62816856014825562
039515,2776,2070,477,0.6093686720964766
039515,2776,2070,478,0.60465452966086364
039515,2776,2070,479,0.65087967505647715
039515,2778,2070,445,0.61506931886678717
039515,2778,2070,450,0.60850807199851553
039515,2778,2070,452,0.59088697190886974
039515,2778,2070,454,0.62067736185383249
039515,2779,2070,490,0.62453331740390072
039515,2780,2070,414,0.62176433450037305
039515,2781,2070,374,0.6151534111123379
039515,2783,2070,419,0.64167535681489207
039515,2783,2070,421,0.63983497653819787
039515,2783,2070,424,0.63610669493022431
039515,2784,2070,289,0.61693047796399747
039515,2785,2070,245,0.63634840169257201
039515,2785,2070,249,0.65556881427569436
039515,2785,2070,253,0.58290181074573699
039515,2785,2070,255,0.59517502750723339
039515,2786,2070,470,0.63030087656953326
039515,2786,2070,474,0.60455238156998803
039515,2786,2070,477,0.60105928583632329
039515,2787,2070,449,0.65276496683796725
039515,2787,2070,451,0.64145752624782437
039515,2787,2070,453,0.62178752975998974
039515,2788,2070,466,0.6177443523989935
039515,2789,2070,216,0.62698330395105262
039515,2789,2070,217,0.62444734515137479
039515,2790,2070,452,0.58989929468562596
039515,2790,2070,453,0.64835313455816568
039515,2792,2070,195,0.62866063738156763
039515,2792,2070,196,0.6205888557393846
039515,2792,2070,197,0.62807892744198479
039515,2793,2070,575,0.61084617943883779
039515,2793,2070,577,0.5925306344360336
039515,2793,2070,579,0.62727162096381628
039515,2793,2070,584,0.6457148751273224
039515,2794,2070,565,0.63498324812245777
039515,2794,2070,567,0.629356465912565
039515,2794,2070,572,0.60470809256781755
039515,2795,2070,283,0.64138678223185264
039515,2796,2070,206,0.62506886040618459
039515,2796,2070,208,0.63756051048848472
039515,2796,2070,212,0.63988364322496949
039515,2796,2070,213,0.58616545092838201
039515,2797,2070,308,0.63971627115711771
039515,2797,2070,309,0.6285251851488548
039515,2798,2070,243,0.64625186361052422
039515,2799,2070,610,0.61283123251500959
039515,2799,2070,613,0.63118204533687505
039515,2799,2070,617,0.61176522273965384
039515,2799,2070,618,0.61196271760899712
039515,2800,2070,396,0.64318207606531674
039515,2800,2070,398,0.6272289193256616
039515,2800,2070,400,0.61357072035176963
039515,2800,2070,404,0.61885517110985067
039515,2802,2070,260,0.6358318236714976
039515,2802,2070,261,0.61223255813953492
039515,2802,2070,264,0.62667769655428562
039515,2803,2070,507,0.63693250474710861
039515,2804,2070,392,0.62702684404725639
039515,2805,2070,373,0.64521362161572648
039515,2806,2070,322,0.57372955074781828
039515,2806,2070,324,0.63108913323914251
039515,2806,2070,325,0.61879644440844761
039515,2806,2070,328,0.59351872617178736
039515,2807,2070,613,0.60466863933117276
039515,2808,2070,176,0.60252878434696622
039515,2808,2070,178,0.61254509018036074
039515,2808,2070,179,0.64888312724371755
039515,2809,2070,549,0.62437477670596642
039515,2809,2070,550,0.62230535518673913
039515,2811,2070,360,0.60362589078019424
039515,2811,2070,363,0.63976487750461231
039515,2811,2070,365,0.64526251247340005
039515,2811,2070,366,0.63003399320135978
039515,2812,2070,521,0.61334618164297761
039515,2813,2070,518,0.62741785903550606
039515,2814,2070,407,0.6302271813429835
039515,2814,2070,408,0.61506682867557716
039515,2814,2070,409,0.61147522134069221
039515,2814,2070,410,0.61286089238845143
039515,2815,2070,438,0.60230434612219308
039515,2815,2070,439,0.62767462019252707
039515,2816,2070,374,0.63940872696261908
039515,2816,2070,376,0.6334689774809098
039515,2816,2070,379,0.62177126803589455
039515,2817,2070,254,0.63506247034635455
039515,2819,2070,446,0.63731040211672774
039515,2819,2070,450,0.61275239986759356
039515,2819,2070,453,0.62889021887824892
039515,2820,2070,380,0.58532409294741128
039515,2820,2070,385,0.62651476475804069
039515,2820,2070,386,0.66490967708919713
039515,2821,2070,389,0.6282551231385276
039515,2821,2070,390,0.63294769589733624
039515,2821,2070,392,0.62255631874729811
039515,2821,2070,394,0.63911810211449205
039515,2822,2070,501,0.59532710280373835
039515,2823,2070,572,0.63780783675097208
039515,2824,2070,295,0.6175780627234837
039515,2824,2070,299,0.62343392299687828
039515,2824,2070,303,0.61039183877207215
039515,2825,2070,441,0.58576221735959155
039515,2826,2070,281,0.6372124846557865
039515,2826,2070,285,0.63686785823181802
039515,2827,2070,477,0.62733168799862249
039515,2827,2070,478,0.62080417506820074
039515,2828,2070,377,0.6351926416426541
039515,2828,2070,379,0.62972593478600036
039515,2828,2070,382,0.58347598062424888
039515,2828,2070,384,0.58531237070748865
039515,2828,2070,385,0.64160280970625794
039515,2829,2070,373,0.59220500988793667
039515,2830,2070,521,0.62131289219554353
039515,2831,2070,465,0.63002468265162204
039515,2832,2070,340,0.64132873857990058
039515,2834,2070,166,0.61007072639117477
039515,2834,2070,168,0.63657823271359937
039515,2834,2070,172,0.59423028012934631
039515,2834,2070,175,0.63230539164174282
039515,2835,2070,433,0.63662367513727491
039515,2836,2070,574,0.64320923772433891
039515,2836,2070,575,0.61176470588235299
039515,2836,2070,577,0.61605402198174786
039515,2837,2070,449,0.63142596038448406
039515,2839,2070,483,0.62483285577841452
039515,2839,2070,484,0.64205959451836614
039515,2839,2070,486,0.63628167885405185
039515,2839,2070,488,0.61586220708992589
039515,2840,2070,604,0.62274236912857817
039515,2840,2070,605,0.58876523582405937
039515,2840,2070,606,0.61402982516283855
039515,2840,2070,613,0.61207602818286089
039515,2841,2070,551,0.62243120863810519
039515,2841,2070,553,0.63161901955005406
039515,2843,2070,336,0.61296793838438113
039515,2843,2070,337,0.60017108639863126
039515,2843,2070,339,0.5650737268183883
039515,2845,2070,263,0.60036650690724558
039515,2845,2070,264,0.61798621853466462
039515,2845,2070,267,0.61108442153993969
039515,2845,2070,268,0.59768282662284311
039515,2845,2070,269,0.59611307420494697
039515,2846,2070,414,0.65071018847309481
039515,2846,2070,416,0.60916418433502717
039515,2846,2070,421,0.6353154480296892
039515,2847,2070,263,0.62200088862559244
039515,2847,2070,264,0.60886262038342687
039515,2848,2070,295,0.57537688442211055
039515,2848,2070,298,0.63214952163739224
039515,2849,2070,293,0.58376815946544536
039515,2849,2070,296,0.61275546159267091
039515,2851,2070,476,0.64184061871166387
039515,2851,2070,478,0.59775929256594729
039515,2853,2070,255,0.60011848341232232
039515,2854,2070,256,0.60004460303300622
039515,2854,2070,259,0.58150791697432114
039515,2855,2070,505,0.61005903549796825
039515,2855,2070,508,0.64835028808066264
039515,2856,2070,205,0.63428385997647341
039515,2856,2070,207,0.60778714531774092
039515,2856,2070,208,0.62262276077175738
039515,2856,2070,211,0.60586165465156194
039515,2857,2070,358,0.62831858407079644
039515,2858,2070,349,0.63836787768933723
039515,2858,2070,350,0.59943357531169639
039515,2859,2070,459,0.62060495135343419
039515,2860,2070,443,0.62768536042766543
039515,2860,2070,446,0.59604264191023171
039515,2860,2070,448,0.60239856436293604
039515,2861,2070,586,0.63231299697417498
039515,2861,2070,587,0.60954153273557776
039515,2861,2070,588,0.6181100576146622
039515,2862,2070,241,0.63268749472736985
039515,2862,2070,243,0.60614742157910073
039515,2862,2070,244,0.61758972594885908
039515,2862,2070,249,0.58054190008002748
039515,2863,2070,532,0.61127246324196771
039515,2863,2070,533,0.61852701040152114
039515,2863,2070,537,0.63788946870517871
039515,2865,2070,227,0.6133257847883804
039515,2865,2070,232,0.62515312372396892
039515,2865,2070,234,0.61395638629283489
039515,2866,2070,254,0.61915995816815428
039515,2866,2070,260,0.6307569082899479
039515,2866,2070,262,0.62676332288401249
039515,2870,2070,207,0.6443104468777745
039515,2870,2070,208,0.61524470899470896
039515,2872,2070,322,0.6568269678495241
039515,2873,2070,461,0.60853958703678379
039515,2874,2070,314,0.58570997109203093
039515,2874,2070,316,0.65211753022956953
039515,2875,2070,206,0.59539335590943443
039515,2875,2070,207,0.62974431566840661
039515,2876,2070,293,0.62540460152217658
039515,2877,2070,347,0.60758301079649624
039515,2878,2070,289,0.63540569020021076
039515,2878,2070,292,0.6116415958142577
039515,2879,2070,475,0.59581384286054073
039515,2879,2070,477,0.6537279573721626
039515,2880,2070,420,0.60761731156958598
039515,2880,2070,424,0.56716078401637793
039515,2880,2070,425,0.64884606152052404
039515,2881,2070,538,0.6487154288923207
039515,2881,2070,542,0.5636168384879725
039515,2882,2070,359,0.63063142567179986
039515,2882,2070,360,0.6055811734775004
039515,2882,2070,365,0.64365287057206766
039515,2882,2070,366,0.63130162346909713
039515,2883,2070,410,0.63231156523026799
039515,2883,2070,413,0.62606243239066606
039515,2883,2070,415,0.58794116090798454
039515,2883,2070,416,0.62860137912960867
039515,2883,2070,418,0.60222369086031957
039515,2884,2070,350,0.61412496569389807
039515,2884,2070,351,0.61399227602597295
039515,2885,2070,149,0.63732223312345804
039515,2886,2070,462,0.63129318854886474
039515,2886,2070,464,0.59801902090546522
039515,2886,2070,466,0.61566567164179109
039515,2886,2070,467,0.61279664079574592
039515,2887,2070,496,0.61047913341709392
039515,2887,2070,500,0.64353380844776642
039515,2888,2070,623,0.59822845055526175
039515,2888,2070,627,0.60901910828025474
039515,2888,2070,628,0.58464667005592275
039515,2889,2070,436,0.62906479217603917
039515,2890,2070,529,0.61477305579647301
039515,2890,2070,532,0.64207763862183653
039515,2890,2070,537,0.60806801576407032
039515,2892,2070,224,0.64118913377754994
039515,2893,2070,461,0.63331480452103017
039515,2894,2070,239,0.61416599279570683
039515,2894,2070,243,0.64193169919386373
039515,2895,2070,386,0.60312960653135272
039515,2896,2070,391,0.6104139504563233
039515,2897,2070,421,0.63723976803371019
039515,2898,2070,234,0.61927445950897764
039515,2899,2070,467,0.65201279252753952
039515,2899,2070,469,0.58935458051371603
039515,2899,2070,471,0.63117963778756725
039515,2900,2070,449,0.60744633273703041
039515,2900,2070,450,0.59248100602567466
039515,2901,2070,229,0.61934470169601186
039515,2902,2070,562,0.61424876403758633
039515,2902,2070,563,0.63870782895208078
039515,2902,2070,565,0.62582911789145301
039515,2902,2070,569,0.63250999958764587
039515,2903,2070,612,0.59365453434581483
039515,2903,2070,615,0.61030943549616379
039515,2903,2070,617,0.62784574879975219
039515,2904,2070,425,0.59083329944284024
039515,2904,2070,427,0.62959870099744841
039515,2904,2070,431,0.64739103412867838
039515,2905,2070,418,0.58754302862690866
039515,2906,2070,405,0.61498008584354824
039515,2906,2070,407,0.61851432406358797
039515,2907,2070,370,0.61171857983010236
039515,2908,2070,250,0.63737796373779643
039515,2908,2070,254,0.61150494276795009
039515,2908,2070,256,0.65042946401135482
039515,2909,2070,375,0.62518978767139288
039515,2909,2070,376,0.63544824599393679
039515,2909,2070,379,0.60855525267351651
039515,2910,2070,383,0.64895940655264783
039515,2910,2070,386,0.6340643309070767
039515,2910,2070,388,0.6168269424214381
039515,2912,2070,391,0.64492285147832085
039515,2912,2070,396,0.61872883044431159
039515,2914,2070,472,0.62126363507578974
039515,2915,2070,604,0.61859225129676321
039515,2915,2070,605,0.58875291159832888
039515,2915,2070,606,0.62454959548575706
039515,2916,2070,253,0.6439003040633926
039515,2918,2070,389,0.61955890887986076
039515,2918,2070,393,0.63119510091930842
039515,2918,2070,398,0.6214028500200055
039515,2919,2070,484,0.62767478959238687
039515,2920,2070,292,0.62660565375949451
039515,2920,2070,295,0.62719900740018608
039515,2920,2070,301,0.60579651398459666
039515,2921,2070,351,0.59105444753008496
039515,2921,2070,352,0.63192295379361862
039515,2922,2070,312,0.62714694656488545
039515,2922,2070,314,0.64475963113794876
039515,2923,2070,394,0.65503080082135523
039515,2923,2070,395,0.60238584612904522
039515,2924,2070,415,0.61911094224924013
039515,2924,2070,416,0.63212911655818227
039515,2924,2070,419,0.60720053835800802
039515,2925,2070,532,0.59486603096334434
039515,2925,2070,533,0.64465676377271419
039515,2925,2070,534,0.62859255677697345
039515,2926,2070,448,0.61267513989502453
039515,2927,2070,567,0.64045639483460115
039515,2928,2070,536,0.62916800139782758
039515,2928,2070,547,0.64419033054116992
039515,2928,2070,548,0.63630276750414483
039515,2929,2070,401,0.65593623212163432
039515,2929,2070,402,0.61133891213389124
039515,2930,2070,425,0.6539806504254575
039515,2930,2070,427,0.63004760341431387
039515,2930,2070,429,0.63532637180986173
039515,2930,2070,430,0.63886894297670038
039515,2930,2070,431,0.61154320810492779
039515,2931,2070,540,0.58742478416325106
039515,2931,2070,543,0.59583548887739268
039515,2932,2070,226,0.57417488941816941
039515,2933,2070,609,0.51089082203789871
039515,2934,2070,553,0.61319469131413673
039515,2934,2070,556,0.60082203330288764
039515,2934,2070,557,0.64323359754326259
039515,2935,2070,550,0.6248201996060988
039515,2935,2070,552,0.63282274072132128
039515,2936,2070,409,0.6042754445705637
039515,2937,2070,639,0.58538287825908442
039515,2937,2070,640,0.64232221328216876
039515,2937,2070,642,0.64319213313161872
039515,2937,2070,643,0.61390963745673166
039515,2938,2070,290,0.57627943927628711
039515,2938,2070,291,0.5911995854564297
039515,2940,2070,388,0.60950764006791169
039515,2941,2070,286,0.6283292535895656
039515,2942,2070,494,0.62447686913245104
039515,2943,2070,570,0.60311471164872565
039515,2944,2070,407,0.64474087311718153
039515,2944,2070,411,0.62964844543791909
039515,2945,2070,551,0.60307983890073447
039515,2945,2070,552,0.61029617864150243
039515,2946,2070,273,0.63303872259387661
039515,2946,2070,277,0.63133374561945987
039515,2946,2070,279,0.62663127626631276
039515,2947,2070,208,0.58447808764940234
039515,2947,2070,211,0.62775570924399005
039515,2947,2070,212,0.60399999999999998
039515,2948,2070,293,0.63411283524306095
039515,2948,2070,295,0.59096892698607073
039515,2949,2070,437,0.64022969267017726
039515,2949,2070,440,0.62347903037198571
039515,2949,2070,441,0.61379637686891864
039515,2950,2070,170,0.64163855892848409
039515,2950,2070,172,0.61450972193184195
039515,2951,2070,510,0.63457030796723057
039515,2952,2070,495,0.64838494521200574
039515,2953,2070,509,0.64130367432926449
039515,2954,2070,609,0.6308042036222703
039515,2955,2070,334,0.61870060184178088
039515,2956,2070,587,0.62635812787296286
039515,2956,2070,591,0.59788581735811064
039515,2957,2070,511,0.61681697850765016
039515,2957,2070,517,0.65131165131165136
039515,2957,2070,522,0.64412901444740955
039515,2958,2070,508,0.61087373414527468
039515,2958,2070,510,0.58296616143813884
039515,2958,2070,512,0.62466327446872194
039515,2958,2070,514,0.59359328227656183
039515,2959,2070,434,0.61185737393628248
039515,2960,2070,556,0.60797954348888805
039515,2960,2070,566,0.63000377643504535
039515,2961,2070,329,0.62134457682190936
039515,2962,2070,406,0.63078081847853373
039515,2964,2070,308,0.62670185580830295
039515,2965,2070,473,0.60556106428689471
039515,2965,2070,475,0.63359586223110376
039515,2966,2070,552,0.60572191761563332
039515,2967,2070,273,0.63048806975084548
039515,2967,2070,275,0.63034016338556309
039515,2967,2070,276,0.64090230921682589
039515,2968,2070,222,0.6496614269488542
039515,2968,2070,225,0.62866275972296215
039515,2968,2070,230,0.62528578877702456
039515,2968,2070,231,0.63886999501201647
039515,2968,2070,232,0.62284586713440038
039515,2969,2070,272,0.61400032258807802
039515,2969,2070,278,0.58874338850025598
039515,2970,2070,500,0.58323260811173783
039515,2970,2070,502,0.59103710810559873
039515,2970,2070,503,0.63718327010444475
039515,2970,2070,505,0.64179329272374319
039515,2970,2070,506,0.62475395638138731
039515,2971,2070,411,0.6591011933809503
039515,2971,2070,416,0.64212285410442094
039515,2971,2070,417,0.6221041879468846
039515,2971,2070,419,0.6260430890608405
039515,2973,2070,422,0.6343666880675044
039515,2974,2070,631,0.62231330124386408
039515,2974,2070,637,0.64726053349499846
039515,2975,2070,520,0.58317950710839084
039515,2975,2070,523,0.64209514998398742
039515,2976,2070,569,0.60925310358863038
039515,2976,2070,573,0.62741250758089262
039515,2977,2070,517,0.59313171874346426
039515,2977,2070,518,0.64508013795901809
039515,2977,2070,522,0.64069636167701549
039515,2977,2070,523,0.59787974159350676
039515,2978,2070,521,0.65429161234245981
039515,2978,2070,527,0.6439396507882692
039515,2978,2070,528,0.62720775486732938
039515,2978,2070,531,0.56684918691357344
039515,2978,2070,532,0.61764468153895891
039515,2979,2070,441,0.62580268534734385
039515,2979,2070,442,0.63967155339982196
039515,2980,2070,390,0.64511623970206522
039515,2980,2070,392,0.59778491287564484
039515,2980,2070,394,0.59615521032843866
039515,2980,2070,395,0.62198517959125876
039515,2980,2070,396,0.62707757543633813
039515,2981,2070,613,0.6160714285714286
039515,2982,2070,456,0.64700372845332232
039515,2983,2070,521,0.60471963992764899
039515,2983,2070,526,0.61506955370744987
039515,2984,2070,552,0.63210450497642745
039515,2984,2070,555,0.6079331014578554
039515,2985,2070,575,0.60564792380315813
039515,2985,2070,576,0.6363365451475117
039515,2985,2070,577,0.6111786148238153
039515,2985,2070,583,0.60261096605744124
039515,2986,2070,469,0.63018641010222487
039515,2986,2070,472,0.61754473161033796
039515,2986,2070,473,0.63608889664728285
039515,2986,2070,474,0.64650857351331625
039515,2987,2070,379,0.61333333333333329
039515,2988,2070,390,0.6365841450737304
039515,2988,2070,392,0.62814060394705551
039515,2988,2070,395,0.63388561053109393
039515,2989,2070,456,0.60147177187535927
039515,2992,2070,292,0.64083846379360887
039515,2992,2070,293,0.65556339684780052
039515,2992,2070,296,0.63305274007902423
039515,2992,2070,299,0.62921478730195579
039515,2992,2070,304,0.64420032310177711
039515,2993,2070,442,0.61409712399811411
039515,2993,2070,443,0.63229695977951939
039515,2993,2070,445,0.58026969481902058
039515,2993,2070,446,0.63216632985599064
039515,2993,2070,448,0.62956848199746696
039515,2993,2070,453,0.59655831739961762
039515,2994,2070,362,0.63854224786685354
039515,2994,2070,364,0.63396226415094337
039515,2995,2070,378,0.61473934331797231
039515,2995,2070,382,0.60607135467470663
039515,2996,2070,482,0.59985276402088072
039515,2996,2070,487,0.60600395089600678
039515,2998,2070,562,0.62097035289764579
039515,2998,2070,563,0.63411016949152543
039515,3000,2070,274,0.61104829054143939
039515,3000,2070,276,0.60129630463158845
039515,3002,2070,156,0.58927298645759085
039515,3003,2070,331,0.63533699808795407
039515,3003,2070,333,0.62638105213366224
039515,3003,2070,334,0.57927631578947369
039515,3003,2070,335,0.62806415464350751
039515,3004,2070,401,0.59417756156886592
039515,3004,2070,405,0.63222557905337362
039515,3004,2070,407,0.63055608095328164
039515,3005,2070,469,0.60764162280883516
039515,3005,2070,470,0.63207854334159841
039515,3005,2070,471,0.63505038709398387
039515,3005,2070,475,0.6371793251611273
039515,3007,2070,437,0.60257386009824954
039515,3007,2070,445,0.63005191248128922
039515,3008,2070,457,0.6125961572236468
039515,3008,2070,460,0.61042857142857143
039515,3009,2070,379,0.62158015852723092
039515,3010,2070,496,0.62834995408827865
039515,3010,2070,497,0.6347169244066968
039515,3010,2070,500,0.6322641361461846
039515,3010,2070,501,0.64576813288853729
039515,3012,2070,520,0.61335464255086924
039515,3012,2070,521,0.62052780305570188
039515,3012,2070,524,0.62863475952985093
039515,3012,2070,525,0.56968866560097431
039515,3013,2070,458,0.57806636589787919
039515,3013,2070,460,0.63687453350700285
039515,3013,2070,464,0.64458484466172528
039515,3013,2070,465,0.61139966731167461
039515,3014,2070,498,0.60887938092596994
039515,3014,2070,503,0.60649350649350653
039515,3014,2070,504,0.58380769073262628
039515,3015,2070,310,0.6272196075756542
039515,3015,2070,312,0.61325336549431209
039515,3015,2070,313,0.6135557262518746
039515,3015,2070,315,0.59982202275013541
039515,3015,2070,317,0.63342184186899464
039515,3016,2070,434,0.61751504910761434
039515,3017,2070,508,0.63210674450119875
039515,3018,2070,453,0.61697255104344739
039515,3019,2070,522,0.63265621379470149
039515,3019,2070,526,0.61363782212891571
039515,3019,2070,529,0.6105620753551575
039515,3020,2070,396,0.62233077459874386
039515,3020,2070,397,0.62876186041096693
039515,3021,2070,297,0.62272372826934541
039515,3021,2070,305,0.64298231203110456
039515,3022,2070,562,0.61210628748460894
039515,3022,2070,566,0.60161261582323589
039515,3022,2070,570,0.62337700574120414
039515,3023,2070,340,0.58401102224611867
039515,3023,2070,341,0.63659474336617849
039515,3023,2070,343,0.64596810933940774
039515,3024,2070,594,0.60425412818359925
039515,3024,2070,595,0.60262154256303924
039515,3024,2070,601,0.62888586339913777
039515,3024,2070,603,0.6337266817410967
039515,3024,2070,604,0.63905325443786987
039515,3025,2070,470,0.63504772244085583
039515,3025,2070,472,0.62465817642003285
039515,3025,2070,475,0.6282650060543159
039515,3026,2070,347,0.62805634301913538
039515,3026,2070,353,0.63187809565052644
039515,3027,2070,364,0.63211815487024803
039515,3027,2070,370,0.63776058738691488
039515,3029,2070,525,0.63671126167702929
039515,3029,2070,527,0.63085353931733379
039515,3029,2070,529,0.62503844295066124
039515,3029,2070,533,0.61474401438440429
039515,3030,2070,512,0.62863118754357428
039515,3032,2070,219,0.614227309893704
039515,3032,2070,220,0.62863795110593712
039515,3032,2070,221,0.63021474753694584
039515,3033,2070,267,0.64197941343529641
039515,3034,2070,461,0.64908259270450208
039515,3034,2070,462,0.61860274347172217
039515,3034,2070,464,0.63786657319780349
039515,3034,2070,466,0.57871298151859274
039515,3035,2070,444,0.61955303265199035
039515,3036,2070,494,0.62373810809688002
039515,3036,2070,495,0.63583182726148579
039515,3037,2070,357,0.62713940835225024
039515,3037,2070,358,0.63093415007656972
039515,3038,2070,366,0.64193252471715423
039515,3038,2070,367,0.63114682249817389
039515,3038,2070,370,0.63195669113726782
039515,3038,2070,371,0.64478351591027649
039515,3039,2070,432,0.6147604030459195
039515,3039,2070,433,0.59188727583262168
039515,3039,2070,434,0.63746875710065898
039515,3039,2070,436,0.63205045509926183
039515,3040,2070,366,0.59875652270456314
039515,3041,2070,427,0.61350507082031747
039515,3041,2070,433,0.63912379230951311
039515,3041,2070,437,0.64026108459370867
039515,3042,2070,379,0.65015461925009665
039515,3042,2070,380,0.63016444686055995
039515,3042,2070,385,0.64609413245681513
039515,3043,2070,334,0.63850528025995124
039515,3043,2070,337,0.59726312927636049
039515,3044,2070,516,0.60299721687004926
039515,3044,2070,519,0.62859581304282341
039515,3045,2070,532,0.64923597767407815
039515,3046,2070,344,0.59572417418733026
039515,3046,2070,347,0.57650372825186413
039515,3046,2070,349,0.60291333410610104
039515,3046,2070,357,0.61150587258564693
039515,3047,2070,609,0.63518287243532556
039515,3047,2070,612,0.61204717775905648
039515,3047,2070,613,0.62209388419961498
039515,3048,2070,269,0.6004573056451008
039515,3048,2070,271,0.59172762039134152
039515,3049,2070,446,0.65586667163789569
039515,3049,2070,448,0.61843208841087371
039515,3050,2070,413,0.63999289015286176
039515,3050,2070,418,0.61584498822131195
039515,3050,2070,419,0.6365155355298977
039515,3051,2070,340,0.598828153971668
039515,3051,2070,343,0.57139513891210592
039515,3052,2070,464,0.61249878195342189
039515,3052,2070,465,0.64488509296926588
039515,3053,2070,463,0.63170463702292867
039515,3053,2070,468,0.63847380689485955
039515,3054,2070,508,0.63978031651262035
039515,3054,2070,510,0.5862199651330251
039515,3055,2070,278,0.5649064509138193
039515,3055,2070,280,0.6190682933182825
039515,3055,2070,283,0.57237336539906813
039515,3056,2070,418,0.61528799569352233
039515,3056,2070,423,0.61905864197530869
039515,3057,2070,397,0.64778643121902457
039515,3058,2070,365,0.64475700020303817
039515,3058,2070,367,0.62857205517906878
039515,3059,2070,485,0.63314467010046804
039515,3059,2070,493,0.5846833578792342
039515,3059,2070,494,0.59538416593631316
039515,3060,2070,498,0.63074449666089538
039515,3060,2070,499,0.62838918741539851
039515,3060,2070,505,0.62564310858380723
039515,3061,2070,495,0.60826705874490405
039515,3061,2070,498,0.65148765515078189
039515,3061,2070,501,0.64004663363450887
039515,3062,2070,443,0.60534260360442782
039515,3063,2070,450,0.64540522768370867
039515,3063,2070,452,0.63307580338148028
039515,3064,2070,337,0.61394006566427572
039515,3064,2070,338,0.64747892946917052
039515,3064,2070,339,0.62299663022930873
039515,3065,2070,443,0.59491897742828947
039515,3065,2070,447,0.65053997561400456
039515,3065,2070,448,0.59374829968986342
039515,3065,2070,452,0.62709563390924572
039515,3066,2070,594,0.63567199899231641
039515,3066,2070,596,0.60681150456162058
039515,3066,2070,598,0.62800183127315101
039515,3066,2070,599,0.61459470810583783
039515,3066,2070,600,0.64271208918728506
039515,3067,2070,341,0.61567110729121899
039515,3068,2070,480,0.5817640047675805
039515,3068,2070,484,0.61922821392979732
039515,3068,2070,486,0.60599172901474252
039515,3070,2070,360,0.63549636871120496
039515,3070,2070,363,0.57680375693752672
039515,3071,2070,470,0.63165326647647047
039515,3072,2070,297,0.54614117000823947
039515,3073,2070,417,0.57661478599221794
039515,3073,2070,419,0.65154101688659227
039515,3073,2070,420,0.64216673166721128
039515,3073,2070,422,0.62379271916790491
039515,3073,2070,427,0.62264022121325913
039515,3074,2070,523,0.62086131963650726
039515,3074,2070,525,0.60110286320254502
039515,3074,2070,526,0.62752216124947235
039515,3075,2070,521,0.6293818962991895
039515,3076,2070,265,0.59047904447964383
039515,3077,2070,341,0.64720606381103474
039515,3078,2070,410,0.62775257537094797
039515,3080,2070,382,0.63125389993760095
039515,3080,2070,386,0.59882223040117777
039515,3081,2070,493,0.62963509030593434
039515,3081,2070,498,0.6190518230776022
039515,3081,2070,499,0.6106582558472945
039515,3082,2070,414,0.58565737051792832
039515,3083,2070,326,0.60456259567636184
039515,3083,2070,329,0.6392552662767137
039515,3083,2070,336,0.60764845785042843
039515,3084,2070,511,0.60518424998027298
039515,3084,2070,512,0.59652988157532361
039515,3084,2070,513,0.61764202600958251
039515,3084,2070,515,0.60622151214698561
039515,3085,2070,479,0.63566494471813895
039515,3085,2070,480,0.6046286923713996
039515,3085,2070,483,0.61778320148123211
039515,3086,2070,521,0.60280235363840329
039515,3087,2070,322,0.63085210577864836
039515,3087,2070,326,0.61636373899300068
039515,3087,2070,328,0.60743127327503244
039515,3088,2070,580,0.57484202893546499
039515,3088,2070,589,0.61619506321493078
039515,3088,2070,591,0.64686344077904434
039515,3089,2070,312,0.63155916620891039
039515,3090,2070,470,0.60936901019704059
039515,3090,2070,471,0.58972410123888419
039515,3091,2070,469,0.62521180772317841
039515,3092,2070,502,0.59914921465968585
039515,3092,2070,504,0.59784180665257536
039515,3092,2070,505,0.6412130512033597
039515,3094,2070,170,0.59483801586234708
039515,3094,2070,171,0.63923856309487259
039515,3094,2070,173,0.6405578617726313
039515,3095,2070,465,0.62238546871030564
039515,3095,2070,467,0.61877947490673613
039515,3095,2070,471,0.59762741022148946
039515,3096,2070,469,0.63256374759969636
039515,3096,2070,470,0.64212636882422502
039515,3097,2070,399,0.60429965816893871
039515,3098,2070,357,0.64173234211820096
039515,3099,2070,323,0.60403674646281769
039515,3100,2070,382,0.57275153037199811
039515,3100,2070,384,0.61418781903363406
039515,3101,2070,526,0.6365064642525885
039515,3101,2070,530,0.58727670433831569
039515,3102,2070,547,0.64700660141133626
039515,3102,2070,549,0.58770153123227742
039515,3102,2070,551,0.61816310298039578
039515,3103,2070,494,0.63321587576224336
039515,3103,2070,495,0.60701363762872251
039515,3103,2070,496,0.63207390836026178
039515,3104,2070,523,0.60055687248372658
039515,3104,2070,527,0.62482668462544066
039515,3104,2070,528,0.64493014691165285
039515,3104,2070,529,0.63406650555232646
039515,3106,2070,276,0.61492560853793177
039515,3106,2070,277,0.57848886622471529
039515,3106,2070,282,0.58769250554608876
039515,3108,2070,416,0.63166108229678253
039515,3109,2070,310,0.61203348286546733
039515,3109,2070,317,0.64700251286346777
039515,3110,2070,407,0.62882064416362626
039515,3111,2070,288,0.61543070633018471
039515,3111,2070,291,0.60939045132708358
039515,3112,2070,250,0.64529496593678004
039515,3112,2070,252,0.59702153141190861
039515,3113,2070,461,0.59158500132430281
039515,3113,2070,462,0.64635215613933206
039515,3113,2070,463,0.63989727518063899
039515,3114,2070,251,0.63399545109931765
039515,3116,2070,453,0.61351412429378527
039515,3116,2070,456,0.64485907937089471
039515,3117,2070,431,0.574499535433736
039515,3117,2070,436,0.61295298613989035
039515,3118,2070,453,0.59305362412237561
039515,3118,2070,454,0.63540728464891738
039515,3118,2070,460,0.61711494655685994
039515,3118,2070,462,0.58556452919260404
039515,3119,2070,601,0.59858290780984047
039515,3119,2070,603,0.65605041853347945
039515,3121,2070,431,0.64691643864449588
039515,3121,2070,433,0.6335859905906952
039515,3122,2070,453,0.61377049180327869
039515,3122,2070,458,0.64356156663848973
039515,3122,2070,461,0.63909361989422753
039515,3123,2070,433,0.63472076483618978
039515,3123,2070,434,0.61278863232682057
039515,3123,2070,438,0.59618791417885963
039515,3125,2070,389,0.64297018582805798
039515,3125,2070,393,0.64005368424498343
039515,3126,2070,396,0.5883520276100086
039515,3126,2070,402,0.62961863227243198
039515,3126,2070,406,0.62608996539792383
039515,3128,2070,486,0.60599111887602819
039515,3129,2070,362,0.59452958559549174
039515,3129,2070,363,0.58530183727034124
039515,3129,2070,365,0.64250356004611109
039515,3129,2070,366,0.59968944099378885
039515,3129,2070,367,0.60027952480782665
039515,3129,2070,370,0.64053093285935436
039515,3130,2070,621,0.62276767838552094
039515,3131,2070,472,0.65074027603513174
039515,3132,2070,450,0.62227382038311629
039515,3132,2070,451,0.60605786209082269
039515,3132,2070,453,0.62720848056537104
039515,3133,2070,517,0.62661217075386011
039515,3133,2070,522,0.57417399659989654
039515,3133,2070,524,0.62127995786146961
039515,3135,2070,517,0.63018896562191695
039515,3135,2070,520,0.59982678114173826
039515,3135,2070,521,0.61547562707051584
039515,3136,2070,294,0.64291736930860033
039515,3136,2070,295,0.63179241594996094
039515,3136,2070,296,0.62273002421307511
039515,3136,2070,297,0.62430683918669128
039515,3136,2070,298,0.63206321260898723
039515,3136,2070,301,0.63097176981541803
039515,3136,2070,302,0.6358627704435168
039515,3138,2070,462,0.58647664781968867
039515,3139,2070,219,0.58925754925296092
039515,3139,2070,221,0.60031296863793437
039515,3139,2070,223,0.63346412757838655
039515,3141,2070,172,0.59105813370366089
039515,3141,2070,173,0.6260793092420851
039515,3141,2070,175,0.62525138433565663
039515,3142,2070,492,0.61318260552466042
039515,3143,2070,435,0.6175385183134976
039515,3143,2070,437,0.65203440742763519
039515,3143,2070,442,0.63372850716778073
039515,3144,2070,444,0.62589457860854225
039515,3144,2070,445,0.59420345785736339
039515,3145,2070,591,0.58794404014222579
039515,3145,2070,592,0.62235476032692727
039515,3145,2070,594,0.63033335841673566
039515,3145,2070,599,0.58959367376125182
039515,3145,2070,600,0.59768408551068886
039515,3146,2070,183,0.57835206528742211
039515,3147,2070,561,0.62630088919015914
039515,3147,2070,563,0.60748959778085987
039515,3147,2070,566,0.58889862363281797
039515,3147,2070,567,0.58620822721308941
039515,3148,2070,257,0.62662648296976653
039515,3148,2070,262,0.61522325442013781
039515,3149,2070,485,0.63847463316390141
039515,3149,2070,489,0.6220307848229556
039515,3151,2070,467,0.61320221052173529
039515,3151,2070,473,0.58146056321339701
039515,3151,2070,477,0.60526633287084519
039515,3152,2070,288,0.62763094529899999
039515,3152,2070,289,0.63427839683680809
039515,3152,2070,291,0.63921026974325645
039515,3152,2070,296,0.60382814651611127
039515,3153,2070,605,0.61948002961679771
039515,3153,2070,612,0.59755995886946611
039515,3153,2070,613,0.59702246754256394
039515,3153,2070,614,0.59454849141760546
039515,3153,2070,615,0.6129648991784914
039515,3153,2070,617,0.63424250858150111
039515,3155,2070,603,0.61033323402987616
039515,3155,2070,609,0.61975129783894722
039515,3155,2070,612,0.58503643852978449
039515,3156,2070,326,0.60342726879691855
039515,3156,2070,327,0.59963010614345447
039515,3157,2070,446,0.58393163899044176
039515,3158,2070,536,0.62731657781162731
039515,3158,2070,544,0.61995933581836671
039515,3159,2070,199,0.62624584717607978
039515,3160,2070,378,0.58209778889665575
039515,3160,2070,385,0.63749453022441704
039515,3161,2070,510,0.61987109658678285
039515,3161,2070,511,0.62899008115419297
039515,3161,2070,512,0.63476637303715056
039515,3161,2070,518,0.64120719092096012
039515,3162,2070,543,0.64489835059455314
039515,3163,2070,569,0.62227006006735874
039515,3163,2070,572,0.59940112366487619
039515,3163,2070,577,0.63362726810242498
039515,3164,2070,365,0.61891521441159192
039515,3164,2070,370,0.60028369730157682
039515,3165,2070,396,0.6326444699579028
039515,3165,2070,397,0.62170614045720107
039515,3165,2070,400,0.61152687779501691
039515,3166,2070,503,0.60934579439252334
039515,3166,2070,504,0.63012641127086755
039515,3167,2070,471,0.60203122061312775
039515,3169,2070,333,0.61373949768612124
039515,3170,2070,436,0.63785255265976437
039515,3171,2070,228,0.60140200929674614
039515,3171,2070,229,0.62655438010393472
039515,3171,2070,230,0.59283246977547499
039515,3171,2070,234,0.63723386135241011
039515,3171,2070,236,0.62442772403360003
039515,3172,2070,391,0.65549863515686346
039515,3172,2070,395,0.64803761982275276
039515,3172,2070,396,0.61376851824796186
039515,3172,2070,400,0.58769330681495313
039515,3172,2070,402,0.60958407806386161
039515,3173,2070,381,0.6285677070613328
039515,3174,2070,507,0.60888219453192749
039515,3174,2070,510,0.6269707444566226
039515,3175,2070,385,0.63671065546951688
039515,3176,2070,434,0.64090051402173209
039515,3176,2070,439,0.63006211180124227
039515,3177,2070,356,0.60959512138639083
039515,3178,2070,385,0.63172906958058817
039515,3178,2070,390,0.60346198830409359
039515,3179,2070,548,0.59460381348705527
039515,3179,2070,551,0.59028966425279794
039515,3180,2070,478,0.61154900616860863
039515,3180,2070,479,0.64486444616576299
039515,3181,2070,280,0.61007458063876707
039515,3181,2070,281,0.60683312684646906
039515,3181,2070,284,0.6292419187852295
039515,3181,2070,285,0.61787103946637023
039515,3182,2070,360,0.61510708173366024
039515,3182,2070,367,0.62564772676069036
039515,3183,2070,367,0.6351377043837253
039515,3183,2070,369,0.61537870935544547
039515,3184,2070,359,0.58018394888398617
039515,3184,2070,361,0.62599544937428897
039515,3184,2070,366,0.63217309501411101
039515,3186,2070,450,0.64304181153606133
039515,3188,2070,484,0.65204411137512952
039515,3189,2070,402,0.63492794906166217
039515,3189,2070,403,0.63714324137003586
039515,3190,2070,422,0.6169155783290633
039515,3190,2070,423,0.61840310111094265
039515,3190,2070,427,0.6064076829220294
039515,3190,2070,428,0.6181126331811263
039515,3190,2070,430,0.59737417943107218
039515,3191,2070,500,0.65130451342601414
039515,3193,2070,455,0.63209213051823421
039515,3194,2070,631,0.61988150098749173
039515,3194,2070,632,0.60988506386886709
039515,3194,2070,636,0.63123213718640836
039515,3195,2070,605,0.61461851563176584
039515,3195,2070,606,0.6286633914958496
039515,3195,2070,611,0.60080253990651733
039515,3195,2070,613,0.63505895674863988
039515,3195,2070,615,0.66029274550968042
039515,3196,2070,402,0.64627931382165127
039515,3196,2070,406,0.62139583606128057
039515,3196,2070,408,0.64077067543094779
039515,3197,2070,177,0.64300806009859923
039515,3197,2070,181,0.64228151862464178
039515,3198,2070,522,0.63566809011016212
039515,3198,2070,523,0.62453901854693261
039515,3198,2070,529,0.58949295919946354
039515,3198,2070,531,0.64775238095238097
039515,3199,2070,310,0.60970156064616232
039515,3201,2070,595,0.58769966581843824
039515,3201,2070,596,0.5925481670290127
039515,3203,2070,454,0.57235895221646516
039515,3203,2070,455,0.61042757417102966
039515,3203,2070,459,0.60449447970094761
039515,3204,2070,387,0.60464422826046438
039515,3204,2070,389,0.63335516352175514
039515,3204,2070,392,0.6129870727331278
039515,3204,2070,394,0.64567355145311645
039515,3205,2070,346,0.65177879764345925
039515,3206,2070,333,0.63967925504397305
039515,3206,2070,334,0.65435791015625
039515,3206,2070,335,0.61368163265306119
039515,3207,2070,500,0.54568878598902126
039515,3207,2070,502,0.63135530411581597
039515,3207,2070,508,0.62922920156819395
039515,3208,2070,315,0.63815132761030147
039515,3208,2070,318,0.63683390681670227
039515,3209,2070,295,0.62467970330411327
039515,3210,2070,479,0.61416143263561518
039515,3211,2070,492,0.59047134621905728
039515,3213,2070,613,0.63462015748742129
039515,3213,2070,615,0.61909919330743945
039515,3215,2070,408,0.61582880434782605
039515,3215,2070,414,0.59206160129328678
039515,3217,2070,274,0.63104163343435959
039515,3218,2070,311,0.59538091157628437
039515,3218,2070,316,0.63324075427569071
039515,3219,2070,680,0.60400074664011949
039515,3219,2070,682,0.60797135295033478
039515,3219,2070,685,0.60081135902636917
039515,3220,2070,304,0.64612387202625099
039515,3220,2070,306,0.63522856258384064
039515,3221,2070,444,0.62122755449492162
039515,3222,2070,435,0.57162709901563402
039515,3222,2070,437,0.59721683041180162
039515,3223,2070,177,0.62112131321779696
039515,3224,2070,456,0.60937638213180012
039515,3224,2070,458,0.63632253822127238
039515,3225,2070,392,0.61763770945915264
039515,3225,2070,393,0.62216316463682775
039515,3226,2070,355,0.63345050986316498
039515,3226,2070,357,0.59419922205310338
039515,3226,2070,358,0.63213948857681823
039515,3226,2070,361,0.62377056314735835
039515,3228,2070,329,0.61224805242982561
039515,3229,2070,514,0.65435697665298442
039515,3229,2070,515,0.64213250825573442
039515,3229,2070,516,0.61125472260886859
039515,3229,2070,520,0.6500946615848342
039515,3229,2070,522,0.63166811232787601
039515,3230,2070,421,0.63254568949603096
039515,3230,2070,422,0.63512892519785547
039515,3230,2070,423,0.64991136272659689
039515,3232,2070,501,0.61614164382330472
039515,3233,2070,471,0.59287663661173873
039515,3233,2070,477,0.62785994686545854
039515,3234,2070,400,0.62926040684359419
039515,3235,2070,300,0.64938390142422786
039515,3235,2070,302,0.60998006403673055
039515,3235,2070,304,0.61520720976440535
039515,3235,2070,305,0.62509490856237937
039515,3236,2070,519,0.6081931066496461
039515,3236,2070,520,0.62145646680450262
039515,3237,2070,475,0.58678761745921981
039515,3237,2070,480,0.64833372174318338
039515,3238,2070,564,0.59564294987492483
039515,3238,2070,566,0.63737860870714147
039515,3240,2070,398,0.63629313687475764
039515,3240,2070,403,0.63468111713213837
039515,3241,2070,480,0.59449509116409538
039515,3241,2070,481,0.62859369122467623
039515,3242,2070,318,0.61721900080642067
039515,3242,2070,319,0.63539918992661892
039515,3242,2070,322,0.60435346424601699
039515,3243,2070,509,0.64279932756366354
039515,3243,2070,511,0.63466368375509175
039515,3244,2070,435,0.61616233535065856
039515,3244,2070,436,0.6454822184275002
039515,3244,2070,440,0.64113485966380168
039515,3244,2070,447,0.61184348189997906
039515,3245,2070,488,0.59966592427616927
039515,3246,2070,331,0.59772392555897713
039515,3246,2070,342,0.63384405546715161
039515,3247,2070,495,0.62074813682400154
039515,3247,2070,497,0.64350326797385626
039515,3248,2070,368,0.59838562983174171
039515,3248,2070,370,0.63312998130473286
039515,3248,2070,371,0.64570208222103576
039515,3249,2070,518,0.63418477663356176
039515,3249,2070,520,0.61923328862409932
039515,3249,2070,523,0.62952216549748408
039515,3250,2070,439,0.62427048972342047
039515,3251,2070,225,0.58125660518869537
039515,3251,2070,226,0.64337645675184429
039515,3251,2070,234,0.6095695273777465
039515,3252,2070,455,0.61960656954625593
039515,3252,2070,457,0.59942297124015387
039515,3253,2070,617,0.62976113054330063
039515,3253,2070,618,0.63588988664802004
039515,3253,2070,621,0.61834180942184158
039515,3254,2070,243,0.63152801623224597
039515,3255,2070,513,0.62939562723418407
039515,3255,2070,517,0.6188753418413856
039515,3256,2070,444,0.61575451322384778
039515,3256,2070,446,0.64382739938080491
039515,3256,2070,447,0.61028964162984778
039515,3256,2070,451,0.6379814230735843
039515,3256,2070,452,0.60727597249199428
039515,3256,2070,453,0.62318916011728165
039515,3257,2070,318,0.63442944449511995
039515,3257,2070,319,0.64554730567548591
039515,3257,2070,320,0.5981480836843388
039515,3257,2070,321,0.61262971958489731
039515,3258,2070,525,0.62612421716814992
039515,3259,2070,630,0.58973105134474324
039515,3259,2070,633,0.59726972520344379
039515,3260,2070,573,0.62407679417423501
039515,3260,2070,577,0.63277959202991152
039515,3262,2070,504,0.62682768832130298
039515,3262,2070,505,0.65057655593738073
039515,3263,2070,441,0.64012049951561323
039515,3263,2070,443,0.63359633969839857
039515,3263,2070,444,0.62453417734442795
039515,3264,2070,336,0.60325803649000864
039515,3264,2070,337,0.63481058640373633
039515,3264,2070,339,0.60157784011220194
039515,3264,2070,343,0.63079984469035144
039515,3266,2070,302,0.62419418128818882
039515,3267,2070,484,0.61298908703752997
039515,3267,2070,486,0.59504099019450252
039515,3267,2070,493,0.61918613459382477
039515,3268,2070,413,0.60464072373191535
039515,3268,2070,419,0.63188328099869806
039515,3269,2070,481,0.61060040770798873
039515,3269,2070,486,0.63911498853262583
039515,3270,2070,251,0.58391325004890859
039515,3270,2070,252,0.59270233196159117
039515,3271,2070,491,0.62373622151245167
039515,3271,2070,493,0.6132690913742378
039515,3272,2070,527,0.64955790381712319
039515,3272,2070,531,0.6352485945827554
039515,3272,2070,532,0.61012807881773401
039515,3273,2070,460,0.581034916753569
039515,3274,2070,190,0.62113952083752766
039515,3275,2070,284,0.62545306270387824
039515,3275,2070,291,0.60327548276704968
039515,3276,2070,404,0.63910321456606234
039515,3279,2070,535,0.57821655028493457
039515,3280,2070,516,0.59423840813750606
039515,3280,2070,518,0.61397008371071771
039515,3281,2070,505,0.61536251316923662
039515,3281,2070,512,0.64263620113468567
039515,3282,2070,510,0.59262461631576668
039515,3282,2070,513,0.62539721554100314
039515,3282,2070,518,0.61992165640738672
039515,3283,2070,448,0.61347592827897779
039515,3284,2070,472,0.57612338294115528
039515,3284,2070,478,0.6173698213606994
039515,3286,2070,475,0.60695111613450126
039515,3286,2070,476,0.61431244757049752
039515,3286,2070,478,0.57350483814557185
039515,3286,2070,481,0.59605287459433787
039515,3287,2070,515,0.64996708058366892
039515,3287,2070,517,0.60661764705882348
039515,3287,2070,519,0.59613951913308505
039515,3287,2070,521,0.62858492794708243
039515,3288,2070,480,0.59320011929615268
039515,3288,2070,484,0.60936502871729414
039515,3288,2070,485,0.63448902662514717
039515,3288,2070,486,0.61064971018254177
039515,3288,2070,488,0.62556787206978015
039515,3288,2070,489,0.63817384100880559
039515,3289,2070,266,0.6192432054531154
039515,3290,2070,383,0.61179124902910831
039515,3290,2070,386,0.63177216994582264
039515,3291,2070,468,0.61495819701926568
039515,3291,2070,472,0.61798525291761919
039515,3292,2070,370,0.63276243093922657
039515,3292,2070,374,0.58614543244885553
039515,3293,2070,362,0.60402832138616469
039515,3293,2070,365,0.65598209514663863
039515,3294,2070,474,0.64371734538852043
039515,3294,2070,478,0.64748603351955303
039515,3295,2070,229,0.60976472100797119
039515,3295,2070,230,0.61929024533156707
039515,3295,2070,231,0.63336004756857367
039515,3296,2070,355,0.63264929504687384
039515,3297,2070,519,0.61837626051769545
039515,3297,2070,522,0.62804381279985522
039515,3297,2070,523,0.64874584398253909
039515,3298,2070,445,0.63977404733161747
039515,3298,2070,446,0.63634700969334879
039515,3298,2070,450,0.63488700564971756
039515,3298,2070,451,0.60916944826232078
039515,3299,2070,480,0.61096382451039088
039515,3299,2070,485,0.63511830635118305
039515,3300,2070,532,0.59056245887043701
039515,3300,2070,534,0.6223226825842697
039515,3300,2070,536,0.5792665895215674
039515,3300,2070,537,0.65203412884876966
039515,3300,2070,538,0.64468698236935851
039515,3300,2070,541,0.6069139085426658
039515,3301,2070,422,0.58009541326589265
039515,3301,2070,427,0.63692322844339389
039515,3301,2070,428,0.62808662353096523
039515,3302,2070,355,0.63689332424223644
039515,3302,2070,356,0.63141538751294846
039515,3302,2070,360,0.61623838822535892
039515,3302,2070,364,0.65060466860410615
039515,3304,2070,383,0.63635913925302989
039515,3306,2070,479,0.63508050216327394
039515,3306,2070,481,0.59062060578421316
039515,3306,2070,485,0.63456175726114372
039515,3307,2070,391,0.63860449318259016
039515,3307,2070,392,0.61975540243154514
039515,3308,2070,484,0.63680902200036971
039515,3309,2070,423,0.60920552633565694
039515,3309,2070,426,0.60396108650929248
039515,3310,2070,319,0.63703541518419182
039515,3310,2070,322,0.59373431363864526
039515,3310,2070,323,0.63866554234610862
039515,3310,2070,329,0.63797915562621443
039515,3311,2070,339,0.65051413881748077
039515,3311,2070,341,0.58837185483595644
039515,3311,2070,342,0.62173133201170583
039515,3311,2070,344,0.61927945472249268
039515,3312,2070,233,0.63575867426204036
039515,3313,2070,564,0.64544295104483473
039515,3313,2070,571,0.64350186820414501
039515,3313,2070,574,0.63162309520480919
039515,3313,2070,576,0.61629975215045929
039515,3314,2070,397,0.61224661098753519
039515,3314,2070,398,0.6122925112827966
039515,3314,2070,400,0.61642803315749817
039515,3314,2070,401,0.64454030159352604
039515,3314,2070,402,0.61187227618423679
039515,3315,2070,540,0.61431457622627761
039515,3315,2070,546,0.63526145303100412
039515,3315,2070,548,0.63573413215247021
039515,3316,2070,235,0.61483160115652102
039515,3316,2070,237,0.57942741322523439
039515,3316,2070,240,0.63504428476559294
039515,3316,2070,241,0.60675073856871997
039515,3318,2070,515,0.62658830571654012
039515,3318,2070,522,0.60935663031580656
039515,3319,2070,211,0.64414752957550447
039515,3319,2070,214,0.59482722946410094
039515,3319,2070,215,0.61604391910817324
039515,3319,2070,218,0.65399860397866083
039515,3319,2070,222,0.59169994790762281
039515,3320,2070,251,0.60480487069083733
039515,3321,2070,407,0.61196454262774402
039515,3321,2070,408,0.62290515760642495
039515,3321,2070,414,0.60127151856475169
039515,3322,2070,543,0.58663669799754803
039515,3322,2070,545,0.61355303455117971
039515,3323,2070,301,0.60404634645047894
039515,3323,2070,304,0.62048022291399085
039515,3323,2070,307,0.60988233541852843
039515,3324,2070,460,0.62440682767901412
039515,3324,2070,464,0.63621054280567091
039515,3325,2070,435,0.62359128474830949
039515,3325,2070,438,0.61740196078431375
039515,3325,2070,439,0.64605197248659152
039515,3326,2070,204,0.5876828065360038
039515,3327,2070,411,0.62397921306607274
039515,3328,2070,323,0.62405849447209616
039515,3330,2070,293,0.62510629563381526
039515,3330,2070,294,0.62349855032445123
039515,3331,2070,581,0.62519013391392531
039515,3331,2070,587,0.60883613120741731
039515,3332,2070,400,0.62716091644863925
039515,3332,2070,402,0.62168562804736471
039515,3332,2070,403,0.64225818148853231
039515,3332,2070,405,0.63744848373008545
039515,3333,2070,365,0.62576495809783672
039515,3333,2070,367,0.62096380840893572
039515,3334,2070,226,0.6284652902378004
039515,3334,2070,227,0.59699328619543635
039515,3334,2070,229,0.60283104271253396
039515,3335,2070,412,0.60947660406529947
039515,3335,2070,413,0.64402102496714853
039515,3336,2070,349,0.60003645145122342
039515,3337,2070,243,0.61837847044796457
039515,3337,2070,244,0.61576011157601118
039515,3337,2070,245,0.60087226140584005
039515,3338,2070,481,0.62238312608216595
039515,3338,2070,482,0.60089722237146082
039515,3338,2070,485,0.62928778068604496
039515,3339,2070,419,0.61784635687638001
039515,3339,2070,420,0.58071930773391023
039515,3340,2070,617,0.58354320451584885
039515,3340,2070,618,0.59776963030858543
039515,3341,2070,590,0.60743665679499836
039515,3341,2070,594,0.61859857149526165
039515,3342,2070,172,0.60074970182313847
039515,3343,2070,598,0.61668704731445767
039515,3344,2070,545,0.60760448789449506
039515,3344,2070,551,0.61297794597416155
039515,3345,2070,451,0.63063735522862441
039515,3345,2070,457,0.58775576485872039
039515,3346,2070,433,0.60257341077767024
039515,3346,2070,436,0.63026026702720972
039515,3347,2070,244,0.63493922975545469
039515,3347,2070,250,0.64707890873083618
039515,3348,2070,515,0.61320891728995719
039515,3350,2070,456,0.59863053015703804
039515,3351,2070,509,0.5728956228956229
039515,3351,2070,512,0.63682801438825287
039515,3352,2070,374,0.59188140865624639
039515,3352,2070,377,0.62631366208569117
039515,3352,2070,378,0.61230145319364648
039515,3352,2070,380,0.63639714075115283
039515,3353,2070,337,0.60902417213722726
039515,3354,2070,223,0.62755881454323248
039515,3355,2070,475,0.60332972805933249
039515,3356,2070,420,0.63113967366356472
039515,3356,2070,422,0.64893365861336272
039515,3356,2070,427,0.62955419129037815
039515,3356,2070,428,0.57783106391481831
039515,3357,2070,330,0.63007443894069792
039515,3357,2070,334,0.63539906266878055
039515,3357,2070,335,0.63277081463899421
039515,3359,2070,296,0.60055854934508124
039515,3360,2070,417,0.60783582089552235
039515,3360,2070,420,0.63130350837080507
039515,3361,2070,512,0.57021427306534445
039515,3361,2070,514,0.64324297860534951
039515,3361,2070,518,0.58776740145509832
039515,3361,2070,519,0.62041502588381048
039515,3361,2070,525,0.60380935964836679
039515,3361,2070,526,0.65378579003181336
039515,3362,2070,382,0.62272391913826175
039515,3362,2070,384,0.61237735849056607
039515,3363,2070,202,0.60494002413230175
039515,3364,2070,314,0.64463654682982385
039515,3364,2070,319,0.65532463667476815
039515,3364,2070,323,0.64363465974625145
039515,3366,2070,303,0.58172610255328128
039515,3367,2070,545,0.58650887573964494
039515,3367,2070,553,0.62761350407450522
039515,3371,2070,281,0.61861955409194069
039515,3372,2070,447,0.63011989844586958
039515,3372,2070,449,0.64056189640035122
039515,3372,2070,451,0.60365853658536583
039515,3372,2070,452,0.63116596348724419
039515,3372,2070,455,0.6346989447548107
039515,3373,2070,278,0.60668033063807747
039515,3373,2070,279,0.58404720435076241
039515,3374,2070,579,0.64330772593841734
039515,3374,2070,580,0.63179694870791814
039515,3374,2070,584,0.65271752998213828
039515,3374,2070,587,0.61035168784494931
039515,3375,2070,209,0.63334019239672823
039515,3375,2070,213,0.62340146464094437
039515,3375,2070,214,0.61279425455512704
039515,3375,2070,219,0.59030360403002236
039515,3376,2070,199,0.62830389706183665
039515,3376,2070,202,0.65225080922347911
039515,3377,2070,329,0.5989563781064644
039515,3378,2070,236,0.62690931088370216
039515,3380,2070,317,0.60288230584467573
039515,3380,2070,318,0.62578313253012052
039515,3380,2070,320,0.60320140979513914
039515,3380,2070,321,0.63140786687740436
039515,3380,2070,322,0.6334483080078307
039515,3381,2070,346,0.64365692324747792
039515,3381,2070,348,0.64134512946407896
039515,3381,2070,352,0.61406729249930292
039515,3382,2070,316,0.6328493044393948
039515,3382,2070,318,0.62205583378787133
039515,3383,2070,284,0.61614851445016416
039515,3383,2070,285,0.61263486286234237
039515,3383,2070,288,0.64027121328351189
039515,3383,2070,289,0.62954176002811824
039515,3383,2070,291,0.64317192288330938
039515,3385,2070,387,0.58985804479832715
039515,3385,2070,388,0.64205091453979835
039515,3386,2070,554,0.60704352094240843
039515,3387,2070,420,0.6496276600963472
039515,3388,2070,499,0.61984702493294919
039515,3388,2070,500,0.58438894486828852
039515,3388,2070,502,0.61495504355155939
039515,3388,2070,508,0.59423756649648329
039515,3390,2070,371,0.5961640512470624
039515,3390,2070,373,0.63820063330395327
039515,3391,2070,471,0.61531378056079933
039515,3391,2070,473,0.61151770927934179
039515,3392,2070,392,0.63574959620185012
039515,3393,2070,395,0.63723908440052435
039515,3393,2070,399,0.63350300786672842
039515,3393,2070,401,0.63097824212958176
039515,3394,2070,573,0.5984339160009492
039515,3396,2070,497,0.58383356471071313
039515,3396,2070,499,0.59803956261721924
039515,3396,2070,501,0.63327719410805461
039515,3398,2070,370,0.6349361353072146
039515,3398,2070,373,0.60159350003149215
039515,3398,2070,374,0.62782903719640859
039515,3399,2070,301,0.65355016123607734
039515,3400,2070,442,0.63051566725938768
039515,3400,2070,444,0.63817310763334401
039515,3401,2070,303,0.59089509736011703
039515,3402,2070,452,0.63762084220874982
039515,3402,2070,454,0.63169900588583172
039515,3402,2070,456,0.59844147582697205
039515,3403,2070,409,0.62137771154164601
039515,3403,2070,411,0.59819987084275106
039515,3403,2070,412,0.59428011252237656
039515,3404,2070,225,0.59395016129786338
039515,3404,2070,226,0.62838246562084121
039515,3404,2070,227,0.60929081693738274
039515,3404,2070,235,0.62711553837953093
039515,3405,2070,395,0.63810601385174515
039515,3405,2070,396,0.60702469975073647
039515,3405,2070,398,0.58807885965534357
039515,3405,2070,399,0.59948606978631325
039515,3406,2070,540,0.61890724064127933
039515,3407,2070,372,0.62701191999461248
039515,3407,2070,373,0.61125920830108638
039515,3407,2070,375,0.63403544585691751
039515,3408,2070,366,0.63884657989476601
039515,3408,2070,367,0.62381736879265715
039515,3408,2070,369,0.61839919092682227
039515,3408,2070,371,0.64073011243355127
039515,3410,2070,350,0.63579679705959569
039515,3410,2070,353,0.59546870089426018
039515,3410,2070,354,0.58119413949312326
039515,3410,2070,356,0.61280000000000001
039515,3411,2070,515,0.58626971968034447
039515,3411,2070,519,0.63969846376425343
039515,3412,2070,585,0.6397343806521627
039515,3413,2070,258,0.59339774557165859
039515,3413,2070,260,0.588561483040557
039515,3414,2070,335,0.59776960354995035
039515,3414,2070,336,0.62898020654044751
039515,3415,2070,403,0.6193414849170148
039515,3416,2070,553,0.61319494791467932
039515,3416,2070,554,0.59800473042634483
039515,3416,2070,556,0.61092434062315881
039515,3417,2070,488,0.59590369875647997
039515,3419,2070,513,0.61979364076647714
039515,3419,2070,515,0.63095805907977998
039515,3420,2070,622,0.62985685071574637
039515,3420,2070,623,0.62941629821928369
039515,3420,2070,626,0.62565384437346661
039515,3420,2070,627,0.60442973315352866
039515,3421,2070,266,0.64029304029304024
039515,3421,2070,274,0.61121594082572273
039515,3422,2070,333,0.60638828175926995
039515,3423,2070,184,0.61407554305216072
039515,3423,2070,185,0.60865194892222929
039515,3424,2070,498,0.62256273224500025
039515,3424,2070,500,0.66690752224319227
039515,3425,2070,527,0.62739563732664294
039515,3425,2070,528,0.61071943598782241
039515,3426,2070,486,0.62488071254373878
039515,3426,2070,488,0.64941471096017755
039515,3426,2070,491,0.63580647253388678
039515,3426,2070,492,0.61353050768514206
039515,3426,2070,495,0.62429166666666669
039515,3427,2070,515,0.63191296464188573
039515,3427,2070,516,0.62974729241877259
039515,3427,2070,517,0.61810162846803374
039515,3427,2070,523,0.62791878172588833
039515,3427,2070,524,0.6165781464462613
039515,3428,2070,536,0.62866434378629499
039515,3429,2070,448,0.60409456850387966
039515,3430,2070,451,0.62634972010718171
039515,3431,2070,472,0.62635961388878258
039515,3431,2070,473,0.61841563315180081
039515,3432,2070,462,0.64521041222522801
039515,3432,2070,463,0.5997593821554702
039515,3432,2070,466,0.61693399705014751
039515,3432,2070,470,0.6007562515606607
039515,3432,2070,472,0.62002518891687652
039515,3433,2070,371,0.610490445585127
039515,3433,2070,372,0.63185570398437951
039515,3433,2070,373,0.63726660964707027
039515,3434,2070,404,0.61283714578354387
039515,3434,2070,407,0.62706707236406933
039515,3434,2070,413,0.60736147861458867
039515,3434,2070,414,0.63289962825278812
039515,3435,2070,601,0.61869286477502072
039515,3435,2070,606,0.62244270112290412
039515,3435,2070,614,0.62715563353160164
039515,3437,2070,358,0.6274489612027907
039515,3437,2070,362,0.59821215733015498
039515,3437,2070,364,0.64010493656698231
039515,3437,2070,365,0.64291878415955506
039515,3437,2070,366,0.61392738116119983
039515,3437,2070,369,0.60233155932080662
039515,3438,2070,503,0.62533307588337517
039515,3439,2070,560,0.63282778864970646
039515,3439,2070,562,0.61947826086956526
039515,3439,2070,563,0.62656359803232609
039515,3439,2070,564,0.62664278993535072
039515,3440,2070,582,0.62334638161196432
039515,3440,2070,585,0.61345715216682961
039515,3440,2070,588,0.63758860578927734
039515,3441,2070,289,0.58012873411454036
039515,3441,2070,299,0.62419780592352214
039515,3442,2070,447,0.61480257211476386
039515,3442,2070,450,0.58812688286372494
039515,3442,2070,454,0.63091139699220877
039515,3443,2070,649,0.61155992337802945
039515,3443,2070,651,0.6213849242240409
039515,3443,2070,654,0.61419876939539864
039515,3443,2070,659,0.61064474253569878
039515,3444,2070,422,0.64083967927797247
039515,3445,2070,449,0.65099589768595567
039515,3446,2070,413,0.63904488171567542
039515,3446,2070,415,0.63743621655258242
039515,3447,2070,584,0.63299753749720167
039515,3447,2070,587,0.483397365532382
039515,3447,2070,588,0.6072802604320805
039515,3448,2070,213,0.64761469984021913
039515,3448,2070,215,0.60729819067501745
039515,3449,2070,494,0.61716719748334281
039515,3449,2070,498,0.61376353938283323
039515,3449,2070,500,0.60791722374004531
039515,3449,2070,501,0.62437064291247091
039515,3450,2070,512,0.61258124419684312
039515,3450,2070,518,0.64127456186935738
039515,3451,2070,513,0.61864316580454259
039515,3451,2070,521,0.62463917183715456
039515,3451,2070,525,0.62899322953584436
039515,3454,2070,520,0.62765633225279138
039515,3455,2070,560,0.63146635550369501
039515,3456,2070,486,0.62899512459371609
039515,3456,2070,488,0.6243597534508204
039515,3457,2070,570,0.6124876945311355
039515,3457,2070,576,0.61887741003859631
039515,3458,2070,465,0.59168751954957777
039515,3458,2070,470,0.60449023527602641
039515,3459,2070,420,0.59827833572453371
039515,3459,2070,424,0.60089771387272239
039515,3459,2070,426,0.60316708398186369
039515,3460,2070,245,0.64409951637029539
039515,3460,2070,248,0.60187159012898794
039515,3462,2070,510,0.5787975276268964
039515,3462,2070,512,0.61584165138860592
039515,3463,2070,524,0.61810182275298553
039515,3463,2070,531,0.58898377748053643
039515,3465,2070,432,0.61500650571056814
039515,3465,2070,433,0.61142614119648431
039515,3467,2070,404,0.61945863425518177
039515,3467,2070,405,0.62409430386801912
039515,3469,2070,425,0.61295877367727991
039515,3469,2070,431,0.61554859256215333
039515,3470,2070,544,0.57955972210596807
039515,3470,2070,545,0.5686113393590797
039515,3470,2070,546,0.64049547403525486
039515,3470,2070,548,0.65746097868291808
039515,3471,2070,649,0.61883070178442989
039515,3471,2070,653,0.57095297544735746
039515,3472,2070,548,0.63928677060886463
039515,3473,2070,418,0.63086586735746542
039515,3473,2070,422,0.64991329829419431
039515,3474,2070,268,0.61320973348783314
039515,3474,2070,270,0.62450642827810599
039515,3475,2070,567,0.59587848970782764
039515,3475,2070,568,0.6444823663253697
039515,3476,2070,567,0.64196160279467707
039515,3477,2070,365,0.61496412100924125
039515,3477,2070,368,0.60059077961810314
039515,3478,2070,459,0.64815606301135675
039515,3478,2070,462,0.62149009308253833
039515,3478,2070,463,0.65164999764909759
039515,3478,2070,466,0.60575316593622119
039515,3479,2070,576,0.63260102935569962
039515,3479,2070,577,0.63646778563764983
039515,3480,2070,472,0.63747081971586739
039515,3480,2070,476,0.64352183249821049
039515,3481,2070,544,0.6399328358692763
039515,3481,2070,545,0.61806738398903249
039515,3481,2070,551,0.62946385131847815
039515,3482,2070,386,0.60136521317468017
039515,3482,2070,388,0.58643244253410576
039515,3483,2070,417,0.64053114132153022
039515,3483,2070,418,0.60827613257501467
039515,3483,2070,419,0.61928116274074607
039515,3483,2070,427,0.61446111869031383
039515,3484,2070,528,0.59274680434692095
039515,3485,2070,581,0.6483032763897526
039515,3485,2070,583,0.54800137835975193
039515,3486,2070,538,0.62115444897228067
039515,3486,2070,542,0.64634232039539952
039515,3486,2070,543,0.5967364976841032
039515,3486,2070,547,0.65292428788025425
039515,3486,2070,548,0.62054562558795856
039515,3487,2070,513,0.63893377913996474
039515,3487,2070,517,0.58703148425787111
039515,3488,2070,372,0.61162649994958151
039515,3488,2070,375,0.62584408176783379
039515,3488,2070,378,0.6110337846387448
039515,3489,2070,540,0.60277662660588482
039515,3489,2070,547,0.60823201992090226
039515,3490,2070,339,0.61997638518388942
039515,3490,2070,341,0.62821536005893552
039515,3490,2070,342,0.60639231251305614
039515,3490,2070,343,0.60306573720110934
039515,3491,2070,320,0.6298066929952193
039515,3491,2070,324,0.62060152803185198
039515,3492,2070,442,0.62893126512025044
039515,3492,2070,445,0.57688646315923087
039515,3492,2070,447,0.61931115160513828
039515,3493,2070,457,0.61744364275300012
039515,3494,2070,601,0.62788282227415437
039515,3494,2070,602,0.61566253295576601
039515,3495,2070,657,0.60521784053728256
039515,3495,2070,659,0.60919072793818629
039515,3496,2070,264,0.60656444141200128
039515,3496,2070,265,0.6035456781745695
039515,3497,2070,502,0.61677022970048179
039515,3498,2070,536,0.62569370019418302
039515,3498,2070,539,0.63481518720674135
039515,3498,2070,540,0.62131463484643457
039515,3499,2070,512,0.59850456479530711
039515,3499,2070,515,0.6256896803386367
039515,3499,2070,516,0.58459591561886848
039515,3500,2070,340,0.6393618840544304
039515,3500,2070,345,0.59501950337741416
039515,3500,2070,348,0.62519812497892291
039515,3501,2070,497,0.60545418873847356
039515,3502,2070,326,0.62089771291124796
039515,3502,2070,333,0.62324032706735222
039515,3502,2070,334,0.59984960790632724
039515,3503,2070,594,0.6436434847041389
039515,3504,2070,365,0.62155258483202158
039515,3504,2070,366,0.60954357909843415
039515,3504,2070,369,0.63532040654508759
039515,3504,2070,370,0.62234218718950784
039515,3504,2070,371,0.6167739167739168
039515,3505,2070,571,0.60774400200979772
039515,3505,2070,574,0.64526786738556841
039515,3505,2070,576,0.64023025263831146
039515,3505,2070,579,0.5971671042188168
039515,3505,2070,583,0.60181378988854517
039515,3506,2070,456,0.62713188985427293
039515,3507,2070,539,0.60864992216752911
039515,3507,2070,541,0.59140272960093365
039515,3507,2070,542,0.6150805033485901
039515,3509,2070,439,0.59266723842195546
039515,3509,2070,446,0.59835271317829453
039515,3509,2070,447,0.63155969566913772
039515,3510,2070,493,0.59424934968413234
039515,3510,2070,494,0.63793772808447857
039515,3510,2070,496,0.60876603162744369
039515,3511,2070,360,0.64615541609265781
039515,3511,2070,362,0.62778958554729014
039515,3512,2070,446,0.60008837825894834
039515,3512,2070,450,0.63473348071726854
039515,3512,2070,453,0.59433485078401616
039515,3512,2070,455,0.62886057798367523
039515,3513,2070,479,0.61189762667493364
039515,3513,2070,484,0.60413344781062184
039515,3514,2070,578,0.63953858031699895
039515,3514,2070,581,0.60518034374243523
039515,3514,2070,582,0.63247241068048798
039515,3515,2070,591,0.64333019565655891
039515,3515,2070,593,0.61861747127691513
039515,3515,2070,594,0.6163713030401321
039515,3515,2070,595,0.63306891236512652
039515,3515,2070,596,0.60249095817839127
039515,3516,2070,403,0.61573857100251372
039515,3516,2070,404,0.62063326374391092
039515,3517,2070,519,0.62098986721293481
039515,3517,2070,520,0.62352277136910428
039515,3517,2070,521,0.64174278808425145
039515,3517,2070,525,0.62405309161540956
039515,3517,2070,529,0.5836635524831516
039515,3518,2070,469,0.58612471865483917
039515,3518,2070,470,0.62364390942407111
039515,3518,2070,472,0.61242538138403713
039515,3519,2070,454,0.63145075137098494
039515,3519,2070,456,0.64162540124916012
039515,3519,2070,458,0.61840678300305629
039515,3520,2070,363,0.60799613868554425
039515,3520,2070,366,0.61300538616241707
039515,3520,2070,369,0.61948007230782476
039515,3520,2070,371,0.64673714466665044
039515,3521,2070,276,0.60418943533697633
039515,3521,2070,278,0.63495127536077534
039515,3522,2070,633,0.592830230909837
039515,3522,2070,635,0.6155833504203404
039515,3522,2070,640,0.61158389432236759
039515,3523,2070,232,0.61003878832656078
039515,3523,2070,234,0.62647616270593376
039515,3524,2070,575,0.60158503724837531
039515,3524,2070,576,0.58444606296026547
039515,3524,2070,581,0.58398387600420132
039515,3525,2070,355,0.62421711899791232
039515,3526,2070,308,0.6008817659149811
039515,3526,2070,313,0.64223700395285244
039515,3527,2070,491,0.63072325389068495
039515,3528,2070,297,0.59984257187836609
039515,3528,2070,302,0.63938053097345138
039515,3530,2070,318,0.64857851985559567
039515,3530,2070,324,0.59900559785821073
039515,3530,2070,326,0.6441320991886641
039515,3531,2070,622,0.61473225890304128
039515,3531,2070,624,0.63505631536604989
039515,3531,2070,627,0.62472274638328862
039515,3531,2070,628,0.63991979224877549
039515,3531,2070,633,0.60083842158024237
039515,3532,2070,517,0.62420243619489557
039515,3532,2070,518,0.59239130434782605
039515,3532,2070,519,0.63223938223938225
039515,3533,2070,488,0.61820303976047297
039515,3534,2070,627,0.59185618366904913
039515,3535,2070,414,0.62332457585608048
039515,3536,2070,502,0.58184981388574208
039515,3536,2070,504,0.62961206896551725
039515,3537,2070,554,0.62770771156253014
039515,3537,2070,555,0.60831083525842633
039515,3538,2070,437,0.62833665338645417
039515,3538,2070,438,0.56967034878664002
039515,3539,2070,326,0.61123585208266507
039515,3539,2070,332,0.62404541185118634
039515,3540,2070,428,0.6077562120478337
039515,3541,2070,500,0.63747838808352175
039515,3541,2070,504,0.59390609390609395
039515,3542,2070,461,0.62807124526767788
039515,3542,2070,462,0.64326997264501651
039515,3542,2070,463,0.60337291769750945
039515,3542,2070,464,0.62251526821488312
039515,3542,2070,465,0.64515495309660631
039515,3543,2070,531,0.63289917993246503
039515,3544,2070,376,0.63794899021870088
039515,3544,2070,378,0.61238598523237298
039515,3544,2070,385,0.61525283227410887
039515,3545,2070,310,0.61858360671731893
039515,3546,2070,611,0.62291107455190931
039515,3546,2070,613,0.61361793233204653
039515,3547,2070,493,0.62769230769230766
039515,3547,2070,495,0.59880489160644801
039515,3547,2070,500,0.63922810191466906
039515,3548,2070,308,0.61544701562633419
039515,3548,2070,311,0.606665656718679
039515,3548,2070,316,0.64878686076894365
039515,3548,2070,317,0.63846296640059397
039515,3548,2070,318,0.58458226031156335
039515,3549,2070,577,0.60004403992953614
039515,3550,2070,307,0.61687731992670203
039515,3550,2070,309,0.63200392686219165
039515,3550,2070,310,0.60720418848167534
039515,3550,2070,311,0.6133293750927713
039515,3551,2070,483,0.62120852518156355
039515,3552,2070,528,0.6222618073275239
039515,3552,2070,529,0.58641448037421195
039515,3552,2070,530,0.62447476716482564
039515,3552,2070,534,0.62435295054551243
039515,3553,2070,481,0.63432949029126218
039515,3553,2070,487,0.57914069456812112
039515,3554,2070,490,0.60867816197041458
039515,3554,2070,494,0.64691759603469645
039515,3554,2070,495,0.63854836215846089
039515,3554,2070,501,0.61631868611863372
039515,3555,2070,221,0.62364984593853345
039515,3556,2070,311,0.56863145846958796
039515,3556,2070,313,0.62718558622525966
039515,3556,2070,316,0.64073861883566174
039515,3556,2070,320,0.59475077358982964
039515,3557,2070,481,0.61616342943309521
039515,3557,2070,488,0.62831447934650964
039515,3558,2070,544,0.62175864630090094
039515,3558,2070,545,0.61635220125786161
039515,3558,2070,551,0.62282404411991255
039515,3560,2070,420,0.62480646826079478
039515,3560,2070,422,0.628381253419245
039515,3561,2070,342,0.65407179669978766
039515,3561,2070,345,0.632081552344121
039515,3561,2070,346,0.60169491525423724
039515,3561,2070,347,0.57661963868116051
039515,3562,2070,432,0.64452102760679664
039515,3562,2070,433,0.60122109158186865
039515,3562,2070,434,0.62033526698031338
039515,3563,2070,353,0.60022926785121722
039515,3564,2070,200,0.64371781168010889
039515,3564,2070,201,0.6406003413958582
039515,3564,2070,202,0.61976442403673393
039515,3564,2070,203,0.63542569435846641
039515,3564,2070,207,0.64342223696053813
039515,3565,2070,463,0.63370680874402574
039515,3565,2070,464,0.60205342713185661
039515,3565,2070,466,0.61007773039349122
039515,3565,2070,470,0.6167908165101299
039515,3565,2070,471,0.64402508436282535
039515,3566,2070,547,0.63866977976904149
039515,3566,2070,554,0.62714540510511385
039515,3567,2070,645,0.60257202440719859
039515,3567,2070,646,0.62588918579254971
039515,3567,2070,654,0.61839118186045239
039515,3569,2070,321,0.61938720306890271
039515,3569,2070,322,0.63484140526575983
039515,3569,2070,325,0.58996964278288355
039515,3570,2070,433,0.63357037953157613
039515,3570,2070,436,0.61244363113521993
039515,3571,2070,364,0.58699636544375755
039515,3571,2070,366,0.61046980949305785
039515,3572,2070,509,0.62880701233100578
039515,3572,2070,510,0.60840503205018337
039515,3573,2070,360,0.63523392896863651
039515,3573,2070,363,0.62984588351575943
039515,3573,2070,365,0.58886168910648717
039515,3574,2070,467,0.6364681813561045
039515,3575,2070,417,0.63666557357751263
039515,3576,2070,538,0.61063388625592419
039515,3576,2070,541,0.62564463729922526
039515,3576,2070,543,0.61650807034449528
039515,3577,2070,224,0.62181381038733474
039515,3577,2070,225,0.62963288763781378
039515,3577,2070,230,0.66802803977315461
039515,3577,2070,231,0.63408667088672566
039515,3578,2070,482,0.5522805335889448
039515,3578,2070,484,0.62898146481914707
039515,3578,2070,488,0.61653993293345299
039515,3579,2070,384,0.62233252095345659
039515,3579,2070,385,0.613773722908727
039515,3581,2070,388,0.61955613334571458
039515,3581,2070,389,0.63705695428990472
039515,3581,2070,390,0.63211792086889063
039515,3581,2070,393,0.64452977634060904
039515,3581,2070,395,0.6226246367091437
039515,3581,2070,397,0.64061652231577682
039515,3582,2070,428,0.59013050570962478
039515,3582,2070,429,0.59256498017553971
039515,3583,2070,348,0.65493036046520248
039515,3583,2070,351,0.65099169089084974
039515,3583,2070,352,0.61932050757265655
039515,3584,2070,333,0.62533599834585429
039515,3584,2070,334,0.6010622514984274
039515,3585,2070,356,0.60138304755742478
039515,3586,2070,504,0.62753365189418786
039515,3586,2070,505,0.60525179856115108
039515,3587,2070,437,0.62471211423307227
039515,3588,2070,565,0.59256484149855904
039515,3588,2070,571,0.59695912263210371
039515,3589,2070,587,0.59039623143258746
039515,3589,2070,589,0.60620098338006423
039515,3589,2070,594,0.63442065673369019
039515,3589,2070,599,0.64105599999999996
039515,3589,2070,601,0.63034464457491624
039515,3590,2070,556,0.62788830404139528
039515,3590,2070,560,0.60699896936194131
039515,3591,2070,558,0.6372130727877805
039515,3591,2070,559,0.6171526168110284
039515,3591,2070,562,0.60712342678901743
039515,3591,2070,565,0.60557362171973073
039515,3591,2070,570,0.62410678171767564
039515,3592,2070,472,0.63868862042088859
039515,3593,2070,432,0.63971682701034671
039515,3593,2070,435,0.60640514585975724
039515,3593,2070,436,0.59481588920600759
039515,3594,2070,554,0.5999469337667076
039515,3594,2070,562,0.64583791482098163
039515,3594,2070,566,0.6365200204963033
039515,3595,2070,427,0.60569550930996718
039515,3595,2070,429,0.61662779755329156
039515,3596,2070,152,0.60032028469750887
039515,3597,2070,403,0.63733463146440639
039515,3598,2070,425,0.64511746578746809
039515,3599,2070,626,0.60620310683715528
039515,3599,2070,630,0.60327883908890523
039515,3599,2070,631,0.65150653780557133
039515,3600,2070,487,0.62662350175357462
039515,3601,2070,334,0.6326659399919683
039515,3602,2070,313,0.64134454475962233
039515,3602,2070,316,0.60678118670767389
039515,3602,2070,318,0.63521969094617481
039515,3602,2070,319,0.61940667490729295
039515,3602,2070,320,0.60233918128654973
039515,3602,2070,321,0.61537872405606187
039515,3602,2070,322,0.59815504862310276
039515,3602,2070,323,0.6241438441028081
039515,3604,2070,454,0.64105342504475638
039515,3604,2070,457,0.62168706524610373
039515,3604,2070,462,0.61404315412657229
039515,3605,2070,392,0.59525875533650341
039515,3605,2070,393,0.57948175828498383
039515,3605,2070,394,0.6300615006150061
039515,3606,2070,330,0.6378766434186518
039515,3607,2070,256,0.5958000270965994
039515,3607,2070,258,0.61234122568018723
039515,3608,2070,204,0.58986206660505869
039515,3608,2070,205,0.59597685526775657
039515,3608,2070,208,0.60338700319118077
039515,3608,2070,209,0.58873076923076928
039515,3610,2070,177,0.62176349965823652
039515,3611,2070,391,0.62391390640850353
039515,3611,2070,392,0.6489053020311264
039515,3611,2070,396,0.6234443998394219
039515,3611,2070,397,0.63715925970532739
039515,3612,2070,361,0.59466470664533699
039515,3614,2070,512,0.60215591090805254
039515,3615,2070,275,0.60318296399413074
039515,3616,2070,290,0.60563147867568745
039515,3616,2070,291,0.61881188118811881
039515,3616,2070,294,0.62682456623519689
039515,3616,2070,296,0.58902664204695332
039515,3617,2070,200,0.64202287633012456
039515,3617,2070,201,0.62251927636614823
039515,3617,2070,202,0.6063767664577413
039515,3617,2070,204,0.61828286364431995
039515,3617,2070,207,0.64492135105474946
039515,3619,2070,561,0.63043983633996648
039515,3619,2070,567,0.64817754136101702
039515,3620,2070,186,0.65153440100205784
039515,3621,2070,501,0.63523136213981268
039515,3621,2070,502,0.61169238285225747
039515,3623,2070,429,0.61891230340714065
039515,3623,2070,430,0.6321146752579726
039515,3624,2070,462,0.5977572559366755
039515,3624,2070,464,0.63493838553824444
039515,3624,2070,467,0.63868993181632971
039515,3625,2070,536,0.62833711394172043
039515,3625,2070,542,0.63286418862023341
039515,3626,2070,487,0.64049281920125911
039515,3626,2070,488,0.61710893545386081
039515,3627,2070,327,0.5765037658630533
039515,3630,2070,482,0.62378578024007392
039515,3630,2070,486,0.64688293982772516
039515,3631,2070,448,0.6373336554528799
039515,3631,2070,453,0.6535534740964174
039515,3632,2070,383,0.57964098234279215
039515,3632,2070,384,0.63196574112446469
039515,3632,2070,386,0.61014654348518638
039515,3633,2070,222,0.62810871945423696
039515,3633,2070,223,0.64476559540805922
039515,3634,2070,407,0.65218458517427591
039515,3634,2070,408,0.60594050781760378
039515,3634,2070,412,0.62987150759931898
039515,3634,2070,414,0.63693083764768355
039515,3634,2070,416,0.61181394911348352
039515,3634,2070,417,0.57769692446434684
039515,3636,2070,446,0.62531136929762354
039515,3636,2070,448,0.64175294691255347
039515,3637,2070,207,0.63359935797405142
039515,3638,2070,403,0.60769952212942702
039515,3638,2070,404,0.60510436687078173
039515,3638,2070,409,0.64375791950763295
039515,3638,2070,410,0.60538002791523915
039515,3638,2070,411,0.61367257774351069
039515,3639,2070,337,0.6165039024198925
039515,3639,2070,340,0.61027535849388581
039515,3639,2070,341,0.60559447293035795
039515,3640,2070,432,0.64375861851729999
039515,3640,2070,434,0.60397621701969528
039515,3641,2070,159,0.64092951151607191
039515,3641,2070,161,0.60508799124646673
039515,3641,2070,163,0.61461044594829084
039515,3641,2070,165,0.61149367088607598
039515,3642,2070,472,0.5763079104947999
039515,3642,2070,478,0.60058212058212057
039515,3642,2070,482,0.63190874822538801
039515,3643,2070,215,0.5989027506388096
039515,3643,2070,217,0.65231047541423559
039515,3643,2070,218,0.61793544122507438
039515,3643,2070,219,0.60977742448330685
039515,3643,2070,220,0.60175060010183545
039515,3643,2070,222,0.59724205640842554
039515,3643,2070,223,0.63996633919135781
039515,3644,2070,332,0.62395926512075961
039515,3644,2070,338,0.63820859736256208
039515,3644,2070,339,0.64346831031702689
039515,3644,2070,343,0.62207775971996504
039515,3644,2070,344,0.62386604902528464
039515,3644,2070,346,0.63162870648904168
039515,3644,2070,347,0.60396667270422022
039515,3646,2070,276,0.63979590212217219
039515,3646,2070,282,0.62992478956019327
039515,3647,2070,546,0.62789309995660347
039515,3647,2070,547,0.60749046173012533
039515,3647,2070,550,0.63802409121778603
039515,3647,2070,551,0.59469856661045528
039515,3647,2070,553,0.63967103974936357
039515,3647,2070,556,0.59727098627513564
039515,3648,2070,292,0.62581129870400898
039515,3648,2070,297,0.59551312274084556
039515,3649,2070,499,0.63540408215171362
039515,3649,2070,501,0.61221561795449886
039515,3650,2070,573,0.63132764490030502
039515,3650,2070,577,0.6429112465009057
039515,3651,2070,359,0.60758499630450846
039515,3651,2070,364,0.58683692861667724
039515,3652,2070,319,0.62257798316553892
039515,3652,2070,320,0.61058634824451974
039515,3653,2070,402,0.64947766570605192
039515,3653,2070,409,0.6237530585356672
039515,3653,2070,411,0.60572687224669608
039515,3653,2070,412,0.6195028680688337
039515,3654,2070,344,0.61549769817014199
039515,3654,2070,345,0.64118519936814899
039515,3654,2070,347,0.63330992225908789
039515,3655,2070,360,0.62222058471344621
039515,3657,2070,443,0.57973384203115774
039515,3657,2070,445,0.62644727360076868
039515,3658,2070,295,0.64355349229795311
039515,3660,2070,564,0.6000566191301886
039515,3661,2070,527,0.60078631046372977
039515,3661,2070,530,0.62515573677653191
039515,3661,2070,534,0.61152266036942382
039515,3662,2070,200,0.6385853581754467
039515,3663,2070,317,0.62557491036830482
039515,3663,2070,321,0.64229514926224085
039515,3664,2070,413,0.62940536620739662
039515,3664,2070,417,0.61834662079460123
039515,3664,2070,418,0.64547325102880659
039515,3665,2070,363,0.60551080328239104
039515,3665,2070,365,0.60106453759148371
039515,3666,2070,445,0.60755772469104086
039515,3666,2070,446,0.60992301112061587
039515,3666,2070,447,0.63088528202737637
039515,3666,2070,449,0.61105241251240672
039515,3666,2070,453,0.65029677209529235
039515,3667,2070,399,0.65201730973543059
039515,3667,2070,401,0.65181561494517037
039515,3667,2070,404,0.60328973879913539
039515,3667,2070,406,0.63309644311989699
039515,3667,2070,409,0.60466172770478055
039515,3667,2070,410,0.60568831285720715
039515,3669,2070,522,0.61630517760114956
039515,3670,2070,427,0.62536667753118613
039515,3670,2070,433,0.61381554248529591
039515,3670,2070,435,0.61361075338055382
039515,3670,2070,436,0.65574692234848486
039515,3670,2070,438,0.58459517389200033
039515,3672,2070,355,0.62845860641127593
039515,3672,2070,359,0.60433755636675968
039515,3672,2070,360,0.623143820623558
039515,3673,2070,471,0.64496061253036885
039515,3675,2070,520,0.58966385893096118
039515,3675,2070,529,0.63903857668291852
039515,3676,2070,465,0.63990679449577448
039515,3676,2070,467,0.63825746033680708
039515,3677,2070,478,0.62431393047828843
039515,3678,2070,318,0.6144756853722263
039515,3678,2070,320,0.63066524697930648
039515,3678,2070,322,0.59069889845482915
039515,3678,2070,323,0.60544463417837913
039515,3679,2070,389,0.65815618706645784
039515,3679,2070,394,0.63980713261804445
039515,3680,2070,325,0.62621806853582551
039515,3680,2070,328,0.57417278487378054
039515,3680,2070,331,0.6259860552699883
039515,3680,2070,332,0.63404272938058959
039515,3681,2070,500,0.61063294726029826
039515,3681,2070,502,0.59546125141022299
039515,3681,2070,503,0.63402854426785926
039515,3681,2070,506,0.59878547632100532
039515,3682,2070,332,0.590719362238183
039515,3682,2070,337,0.63433432022181491
039515,3682,2070,340,0.64578619909502266
039515,3683,2070,287,0.60896451722961442
039515,3683,2070,290,0.61435553142123711
039515,3684,2070,412,0.63650668764752161
039515,3685,2070,460,0.6097228178238665
039515,3686,2070,473,0.61635785139434773
039515,3686,2070,475,0.60734374296899607
039515,3687,2070,469,0.61729540745856348
039515,3687,2070,473,0.6445972724093717
039515,3688,2070,200,0.62636227748335371
039515,3688,2070,203,0.6110637572451415
039515,3689,2070,470,0.60375458244370139
039515,3690,2070,420,0.58968165980361098
039515,3690,2070,421,0.61127911018421965
039515,3690,2070,424,0.61679799426934101
039515,3691,2070,244,0.63891358823053912
039515,3692,2070,352,0.63532879734514913
039515,3693,2070,376,0.63792972315181018
039515,3693,2070,377,0.60629511382565238
039515,3693,2070,378,0.61843129622421178
039515,3693,2070,379,0.60915307732772228
039515,3694,2070,374,0.60502138109149417
039515,3694,2070,375,0.61682914315033355
039515,3694,2070,381,0.59924291122062712
039515,3696,2070,541,0.62157182340018424
039515,3696,2070,546,0.58250242348705161
039515,3696,2070,550,0.60998046239010095
039515,3697,2070,528,0.62373499277138722
039515,3697,2070,529,0.63453134518102605
039515,3697,2070,530,0.59656334785825871
039515,3698,2070,529,0.64512866692065252
039515,3698,2070,530,0.62325150683151109
039515,3698,2070,533,0.62958341718655664
039515,3700,2070,454,0.64839452950795307
039515,3700,2070,459,0.62023621877226698
039515,3701,2070,234,0.58772819472616633
039515,3701,2070,235,0.60686645809319939
039515,3701,2070,236,0.62467018469656987
039515,3702,2070,248,0.62932424508941665
039515,3702,2070,249,0.64079836360255382
039515,3703,2070,474,0.63497568515097824
039515,3704,2070,322,0.63814113867011479
039515,3705,2070,592,0.63760115895693881
039515,3705,2070,597,0.59636349775101016
039515,3705,2070,600,0.61862233619241314
039515,3706,2070,207,0.6168342125344215
039515,3706,2070,212,0.64316226387695585
039515,3707,2070,560,0.59965608254019032
039515,3708,2070,349,0.5923955627036166
039515,3708,2070,350,0.60644150005915065
039515,3708,2070,351,0.61630349960982056
039515,3708,2070,355,0.58218369376087498
039515,3710,2070,410,0.62209168394379177
039515,3710,2070,411,0.59781084449984423
039515,3711,2070,291,0.62889747506514515
039515,3711,2070,295,0.59101654846335694
039515,3712,2070,466,0.60171797263681592
039515,3713,2070,320,0.63181352653339906
039515,3713,2070,323,0.63279080207881544
039515,3714,2070,491,0.60366664555759608
039515,3714,2070,492,0.64324247136102564
039515,3714,2070,495,0.63874378303981982
039515,3714,2070,496,0.62033898305084745
039515,3714,2070,498,0.62478011817238732
039515,3714,2070,499,0.630003812428517
039515,3715,2070,394,0.63733919046124887
039515,3715,2070,396,0.63699184933934083
039515,3716,2070,415,0.60412596702352117
039515,3717,2070,197,0.63578360019408053
039515,3717,2070,198,0.60238924514175973
039515,3717,2070,201,0.64579064207650272
039515,3717,2070,203,0.58963362681056519
039515,3717,2070,206,0.64147426981919331
039515,3718,2070,331,0.62166358153699175
039515,3718,2070,333,0.60793643126267993
039515,3718,2070,335,0.6231128053368109
039515,3718,2070,338,0.6066156799798571
039515,3718,2070,339,0.62104004781829047
039515,3719,2070,360,0.63274155281027566
039515,3719,2070,362,0.63579633733221264
039515,3719,2070,363,0.63653699807511532
039515,3719,2070,364,0.63719842775820001
039515,3720,2070,546,0.58669275929549902
039515,3720,2070,547,0.61994206433907606
039515,3720,2070,549,0.63387758090496416
039515,3720,2070,553,0.60883536548741668
039515,3721,2070,268,0.64444868370850816
039515,3721,2070,269,0.59366475722858703
039515,3721,2070,270,0.62335623665045425
039515,3722,2070,385,0.61228252489021484
039515,3722,2070,387,0.60668011350039319
039515,3722,2070,393,0.63902502399907612
039515,3722,2070,394,0.59929855326611137
039515,3723,2070,443,0.59358717434869734
039515,3724,2070,478,0.64426718233824831
039515,3724,2070,481,0.56582952815829524
039515,3724,2070,482,0.59878258027616638
039515,3724,2070,484,0.6110090277222977
039515,3725,2070,477,0.60838064718380991
039515,3725,2070,479,0.63708613335788145
039515,3726,2070,567,0.60285614498040285
039515,3726,2070,570,0.58963459710634702
039515,3726,2070,572,0.63339869070960964
039515,3727,2070,372,0.61135260450626672
039515,3727,2070,373,0.62085737591009338
039515,3727,2070,374,0.61511404817736093
039515,3728,2070,341,0.64021383856850034
039515,3728,2070,345,0.61184570490607326
039515,3729,2070,216,0.603607782843813
039515,3729,2070,221,0.61018882270941577
039515,3730,2070,261,0.61615339058335805
039515,3730,2070,264,0.59475472323500167
039515,3730,2070,268,0.60513432835820891
039515,3731,2070,476,0.59414545454545453
039515,3731,2070,477,0.59143139791492272
039515,3731,2070,479,0.63269595074591523
039515,3731,2070,480,0.61017357762777247
039515,3732,2070,436,0.61509946049713704
039515,3732,2070,437,0.57987448295535582
039515,3732,2070,440,0.59333418221175271
039515,3732,2070,446,0.61717097397222476
039515,3733,2070,576,0.57347952985722173
039515,3733,2070,583,0.63242668592289486
039515,3733,2070,584,0.58119840592086536
039515,3734,2070,348,0.63445986051342929
039515,3736,2070,532,0.63026249484630537
039515,3736,2070,533,0.63758693443775882
039515,3737,2070,495,0.59634169338110499
039515,3738,2070,318,0.62274560412969837
039515,3738,2070,322,0.62047323376405439
039515,3739,2070,152,0.64907569594232695
039515,3739,2070,155,0.6366425597194828
039515,3740,2070,301,0.60945831079514723
039515,3740,2070,306,0.63853746942797318
039515,3740,2070,309,0.6274224192526916
039515,3740,2070,310,0.60963913199856135
039515,3742,2070,418,0.62033036848792888
039515,3742,2070,420,0.59203910614525135
039515,3742,2070,426,0.60787104579582252
039515,3743,2070,502,0.65864554172374767
039515,3743,2070,504,0.61006126817745632
039515,3743,2070,507,0.62921901946292191
039515,3743,2070,513,0.58596710389340001
039515,3744,2070,555,0.60937764248266535
039515,3744,2070,567,0.5867773136953176
039515,3745,2070,518,0.62452091822326217
039515,3745,2070,521,0.61393833040862367
039515,3746,2070,391,0.60731808731808734
039515,3746,2070,393,0.59687341985504805
039515,3746,2070,398,0.61203892432112561
039515,3747,2070,460,0.63934826552346324
039515,3747,2070,462,0.59205668469140404
039515,3747,2070,464,0.60580411124546552
039515,3748,2070,422,0.59802202742189259
039515,3748,2070,430,0.63053941908713695
039515,3749,2070,336,0.62706334503829453
039515,3750,2070,336,0.6212841672546553
039515,3751,2070,439,0.60612923432756705
039515,3751,2070,441,0.61302630049967077
039515,3751,2070,442,0.61753791176066342
039515,3751,2070,444,0.60329597890573505
039515,3751,2070,448,0.64793791409216106
039515,3752,2070,421,0.62826496891394856
039515,3752,2070,426,0.64367357931591707
039515,3752,2070,428,0.58720061478034413
039515,3753,2070,517,0.61198233596439378
039515,3753,2070,518,0.59924102728560358
039515,3753,2070,519,0.64434186372961888
039515,3753,2070,521,0.59457768508863396
039515,3753,2070,522,0.61999836011807152
039515,3754,2070,522,0.609160011546233
039515,3754,2070,523,0.64245604828129099
039515,3754,2070,525,0.6244897959183674
039515,3755,2070,202,0.61636828644501274
039515,3755,2070,203,0.61893403520315837
039515,3755,2070,205,0.61696404554828299
039515,3755,2070,208,0.63270185577079607
039515,3755,2070,209,0.63349469372556322
039515,3757,2070,559,0.57730619315721088
039515,3757,2070,560,0.64170840726848
039515,3758,2070,369,0.62703070956922757
039515,3759,2070,521,0.64250108728379784
039515,3759,2070,522,0.59922455803364993
039515,3760,2070,509,0.61851979148765535
039515,3760,2070,511,0.6458064747170893
039515,3760,2070,515,0.62151394422310757
039515,3761,2070,331,0.6167674802250328
039515,3761,2070,332,0.59536931354964939
039515,3762,2070,539,0.64334880978701448
039515,3762,2070,540,0.65732204376728609
039515,3762,2070,541,0.60908126137052754
039515,3762,2070,542,0.64429535726045439
039515,3762,2070,543,0.63052606559974644
039515,3762,2070,545,0.63188405797101455
039515,3762,2070,548,0.61743221131369797
039515,3764,2070,538,0.58514285714285719
039515,3764,2070,541,0.56622302623077914
039515,3764,2070,542,0.61133687922070157
039515,3765,2070,536,0.65015450884914316
039515,3765,2070,538,0.63516256780591696
039515,3765,2070,539,0.61229782893778228
039515,3766,2070,439,0.62441778047792629
039515,3766,2070,442,0.59362718423121108
039515,3767,2070,606,0.63148636763412491
039515,3767,2070,607,0.6340030574361214
039515,3768,2070,539,0.63018569735282493
039515,3769,2070,429,0.64083523736989079
039515,3769,2070,431,0.61612962877351951
039515,3769,2070,433,0.58887058823529415
039515,3769,2070,434,0.61093960606982911
039515,3769,2070,441,0.60861311211088864
039515,3770,2070,400,0.60264750948230383
039515,3771,2070,628,0.63430318539073793
039515,3771,2070,629,0.60876528380917183
039515,3771,2070,630,0.60798931007806456
039515,3771,2070,632,0.60050761421319798
039515,3771,2070,635,0.59802208772696075
039515,3772,2070,445,0.60697851047670104
039515,3773,2070,318,0.59969912472647702
039515,3773,2070,319,0.65080321603577607
039515,3773,2070,320,0.55020787619817535
039515,3773,2070,327,0.59941058079355947
039515,3774,2070,496,0.61902196914316499
039515,3774,2070,501,0.59953081680528897
039515,3776,2070,511,0.64506687080650249
039515,3776,2070,513,0.6359157186348342
039515,3776,2070,516,0.61221862096523549
039515,3777,2070,589,0.64171223246367759
039515,3777,2070,591,0.55483196935399615
039515,3779,2070,503,0.60511152416356873
039515,3780,2070,286,0.61750360651233083
039515,3781,2070,363,0.61333379922429154
039515,3782,2070,323,0.58477865164680431
039515,3782,2070,328,0.63596333677099393
039515,3783,2070,513,0.64341359177561286
039515,3783,2070,514,0.61074202132474065
039515,3784,2070,481,0.62272122913281136
039515,3784,2070,482,0.62527983468227999
039515,3784,2070,483,0.61251471165162807
039515,3784,2070,486,0.64737065309584396
039515,3784,2070,488,0.61508325171400591
039515,3785,2070,436,0.60587148700356253
039515,3786,2070,431,0.60039923781870974
039515,3787,2070,483,0.58677362551359813
039515,3787,2070,484,0.6100358705506721
039515,3788,2070,373,0.60975628205322163
039515,3788,2070,377,0.61293910464361845
039515,3789,2070,613,0.61478767524107569
039515,3789,2070,614,0.63149728471683475
039515,3790,2070,415,0.62788319973826268
039515,3790,2070,416,0.64967554644808745
039515,3790,2070,420,0.6285148598268635
039515,3790,2070,423,0.61888911474743369
039515,3790,2070,426,0.63454539493098139
039515,3791,2070,269,0.63202452864726344
039515,3791,2070,271,0.59255115089514065
039515,3792,2070,329,0.60204738822412796
039515,3792,2070,330,0.60920154721846598
039515,3792,2070,331,0.63982868293671913
039515,3792,2070,337,0.63657989933941495
039515,3792,2070,338,0.65127566894835098
039515,3793,2070,538,0.60815208083575956
039515,3793,2070,540,0.61758196721311476
039515,3793,2070,541,0.6073707673048151
039515,3793,2070,543,0.64179982798424695
039515,3793,2070,546,0.64108560618473776
039515,3793,2070,547,0.6484155887647034
039515,3793,2070,550,0.62981321603256413
039515,3794,2070,443,0.59810404353677804
039515,3794,2070,445,0.63113643914032358
039515,3796,2070,533,0.64627969467101043
039515,3796,2070,534,0.6315555335870694
039515,3797,2070,433,0.61674187909094602
039515,3797,2070,434,0.64954486345903772
039515,3798,2070,460,0.60471555630139284
039515,3798,2070,463,0.60528784933985658
039515,3799,2070,501,0.62466229854361399
039515,3799,2070,503,0.62327703358571152
039515,3800,2070,587,0.61827274763006645
039515,3800,2070,595,0.60973663208300077
039515,3800,2070,598,0.63543164343314373
039515,3801,2070,484,0.60843307103969668
039515,3801,2070,498,0.61263684024665199
039515,3802,2070,233,0.63167361935014732
039515,3802,2070,235,0.64048033733614451
039515,3802,2070,238,0.59955146723430131
039515,3804,2070,431,0.59768769208254058
039515,3804,2070,432,0.64159352156308591
039515,3804,2070,435,0.653865904574784
039515,3804,2070,437,0.62688857018977417
039515,3804,2070,440,0.61571125265392779
039515,3806,2070,370,0.6002423045858386
039515,3806,2070,373,0.62961504536290325
039515,3807,2070,141,0.55531983747438063
039515,3807,2070,142,0.60820379965457683
039515,3807,2070,144,0.63504117560037476
039515,3807,2070,146,0.60234432650280978
039515,3807,2070,148,0.58187835216250139
039515,3808,2070,211,0.63497849900015924
039515,3808,2070,212,0.62552993319630013
039515,3809,2070,509,0.64163185855063065
039515,3810,2070,366,0.64632573803816862
039515,3810,2070,368,0.64592534089810127
039515,3810,2070,369,0.6430155210643016
039515,3810,2070,372,0.62787017600516715
039515,3810,2070,373,0.64123820168902135
039515,3810,2070,375,0.58041825095057031
039515,3811,2070,343,0.62783416820458737
039515,3811,2070,348,0.63044666477185773
039515,3812,2070,427,0.64073657382958693
039515,3812,2070,430,0.61205950761399042
039515,3812,2070,431,0.62886597938144329
039515,3813,2070,308,0.63659955257270695
039515,3813,2070,316,0.58888848568421814
039515,3813,2070,318,0.61739350112104086
039515,3814,2070,484,0.62451396781719204
039515,3814,2070,489,0.59567677971150168
039515,3815,2070,473,0.61928049842567157
039515,3815,2070,474,0.5850551215594656
039515,3816,2070,518,0.6082695663847496
039515,3816,2070,519,0.59482350917924243
039515,3818,2070,380,0.58430508603334974
039515,3819,2070,613,0.61194772305883416
039515,3819,2070,614,0.63723363531963761
039515,3819,2070,615,0.62047064199223212
039515,3820,2070,347,0.63322684993903233
039515,3820,2070,348,0.59920001264802136
039515,3820,2070,349,0.59586214693523765
039515,3820,2070,350,0.65042356002867996
039515,3820,2070,357,0.63523114115151214
039515,3820,2070,360,0.6229429511793747
039515,3821,2070,502,0.58492780842821923
039515,3821,2070,503,0.62031798564368612
039515,3822,2070,416,0.62461723930078361
039515,3822,2070,417,0.62647725916199115
039515,3823,2070,572,0.61517223803253618
039515,3823,2070,574,0.64966462419781734
039515,3823,2070,575,0.64642900596179587
039515,3823,2070,579,0.6391886246092231
039515,3824,2070,293,0.65267320869638779
039515,3824,2070,299,0.63294466347901457
039515,3825,2070,357,0.60768534002229657
039515,3825,2070,368,0.64554521523117425
039515,3827,2070,573,0.64431523999490725
039515,3829,2070,166,0.63373790576515721
039515,3829,2070,173,0.65005682992353797
039515,3829,2070,174,0.61775702673040789
039515,3829,2070,175,0.60365801544115549
039515,3829,2070,179,0.65081467523830638
039515,3830,2070,394,0.61187499999999995
039515,3830,2070,395,0.60276238154836403
039515,3830,2070,396,0.61695447409733128
039515,3831,2070,512,0.62848032353398664
039515,3831,2070,514,0.64101932783454385
039515,3832,2070,299,0.64903393325357028
039515,3833,2070,147,0.6344995831145972
039515,3833,2070,154,0.65583471240158464
039515,3833,2070,155,0.59592557604633012
039515,3834,2070,411,0.61322812995008813
039515,3834,2070,415,0.61410054564668837
039515,3835,2070,512,0.58548080249048773
039515,3835,2070,514,0.60014112666117836
039515,3837,2070,426,0.63799322330309327
039515,3838,2070,278,0.61287492689447742
039515,3838,2070,283,0.60809374187908993
039515,3839,2070,497,0.64784211963944283
039515,3839,2070,499,0.63976570126911814
039515,3840,2070,558,0.64324580080435301
039515,3840,2070,559,0.58540930928064649
039515,3841,2070,338,0.64302694927782333
039515,3841,2070,348,0.59749868860605726
039515,3842,2070,212,0.62549934165011489
039515,3842,2070,214,0.62082253670852439
039515,3842,2070,215,0.60807768083309877
039515,3843,2070,493,0.6324357308767371
039515,3844,2070,515,0.61525512044570929
039515,3844,2070,516,0.63104887248214425
039515,3844,2070,519,0.6212830504485185
039515,3846,2070,429,0.59105523644377012
039515,3846,2070,431,0.59638620689655175
039515,3847,2070,488,0.60573848772993399
039515,3847,2070,489,0.64278544274059202
039515,3848,2070,426,0.61515335472494437
039515,3848,2070,428,0.65051223676721681
039515,3848,2070,429,0.66001688083236698
039515,3848,2070,435,0.62796457520264182
039515,3849,2070,183,0.63058537706425033
039515,3849,2070,185,0.61352126426261522
039515,3849,2070,186,0.61399698118764501
039515,3849,2070,187,0.57999056158565365
039515,3849,2070,190,0.61258435259384225
039515,3850,2070,333,0.61346417161113642
039515,3850,2070,335,0.56566192063011211
039515,3852,2070,468,0.64694845468285822
039515,3853,2070,313,0.62186241754476146
039515,3854,2070,515,0.62396927291772986
039515,3854,2070,521,0.64219378278529582
039515,3855,2070,356,0.6220952260671887
039515,3855,2070,357,0.59656256949518693
039515,3855,2070,361,0.64904355473825182
039515,3855,2070,362,0.632165391327695
039515,3856,2070,530,0.61369606003752342
039515,3856,2070,532,0.6185843824280306
039515,3856,2070,535,0.60588592233009708
039515,3857,2070,463,0.62360202574382784
039515,3857,2070,465,0.60652680652680657
039515,3857,2070,466,0.59077761893679981
039515,3858,2070,320,0.64282858171058421
039515,3858,2070,327,0.63423611837289551
039515,3858,2070,329,0.59962772558057087
039515,3858,2070,330,0.60207008838579623
039515,3859,2070,487,0.64374346109279901
039515,3859,2070,488,0.63585512872905603
039515,3859,2070,495,0.60579688767608231
039515,3860,2070,300,0.62933542462495884
039515,3860,2070,303,0.63401484676315678
039515,3861,2070,383,0.59956616052060741
039515,3861,2070,384,0.63743199888408431
039515,3861,2070,385,0.60425697288571345
039515,3861,2070,386,0.65247234138631749
039515,3862,2070,463,0.61991857750104773
039515,3862,2070,466,0.58560999473169262
039515,3863,2070,290,0.62578896930041972
039515,3863,2070,291,0.63400264017230601
039515,3864,2070,458,0.62687866742381226
039515,3864,2070,462,0.63926619828259168
039515,3864,2070,464,0.63235082674335008
039515,3865,2070,392,0.59470161960955137
039515,3867,2070,510,0.62466374489950127
039515,3867,2070,511,0.62622411602003436
039515,3867,2070,513,0.61402508551881418
039515,3868,2070,345,0.61599759434671475
039515,3868,2070,350,0.64585563203943552
039515,3869,2070,380,0.64460460639702755
039515,3869,2070,384,0.65293194630092399
039515,3871,2070,588,0.62518848603515409
039515,3873,2070,285,0.61225052883288877
039515,3874,2070,382,0.52106871313863423
039515,3874,2070,383,0.57469237243977711
039515,3874,2070,386,0.66203102315274698
039515,3875,2070,481,0.62129144851657936
039515,3876,2070,511,0.65107860153731711
039515,3876,2070,513,0.64736095028202156
039515,3876,2070,514,0.63345295897544152
039515,3877,2070,331,0.65002253371390273
039515,3877,2070,337,0.60397629335789005
039515,3877,2070,340,0.63898993466360587
039515,3878,2070,438,0.61174184699786649
039515,3878,2070,443,0.5895945562801248
039515,3879,2070,212,0.62480815394907718
039515,3879,2070,215,0.60666772252138101
039515,3880,2070,403,0.62541351172535475
039515,3880,2070,405,0.63018385344870542
039515,3880,2070,408,0.61147888472199574
039515,3881,2070,265,0.60877327997537323
039515,3882,2070,320,0.61560817728458672
039515,3882,2070,322,0.6148743718592965
039515,3883,2070,400,0.59659685863874345
039515,3883,2070,405,0.64747225373101136
039515,3883,2070,407,0.63385469039628795
039515,3884,2070,501,0.59653554673403109
039515,3885,2070,510,0.60919496520515648
039515,3885,2070,511,0.62496174863387977
039515,3886,2070,316,0.58905196350654498
039515,3886,2070,319,0.61768471104608635
039515,3888,2070,408,0.58383527417123993
039515,3888,2070,410,0.59086337731996463
039515,3888,2070,413,0.63454502768375953
039515,3889,2070,436,0.63192635052978985
039515,3889,2070,437,0.64376355909536687
039515,3889,2070,438,0.64903127944657668
039515,3889,2070,440,0.63697155532359084
039515,3890,2070,427,0.61976626870691109
039515,3891,2070,515,0.60678855144627308
039515,3891,2070,520,0.49915875029120182
039515,3892,2070,509,0.62965914265270284
039515,3892,2070,510,0.6014003093706749
039515,3893,2070,305,0.6631292488957381
039515,3894,2070,465,0.63256300081291372
039515,3894,2070,468,0.58566581036003218
039515,3894,2070,472,0.62132934763495695
039515,3895,2070,401,0.60433945497630337
039515,3896,2070,358,0.63479137583372114
039515,3898,2070,434,0.62562077739756072
039515,3898,2070,439,0.60684764442838435
039515,3899,2070,242,0.59127018392194108
039515,3900,2070,411,0.65042428395783358
039515,3900,2070,413,0.66084267451256651
039515,3900,2070,416,0.62709970576185337
039515,3901,2070,238,0.60831559254241663
039515,3901,2070,239,0.61983182032449857
039515,3901,2070,240,0.64241321454734501
039515,3901,2070,243,0.58432031787269811
039515,3901,2070,244,0.60721126760563382
039515,3906,2070,301,0.60227611940298509
039515,3906,2070,305,0.63514637874654123
039515,3906,2070,310,0.610271785686473
039515,3907,2070,493,0.61970193864419443
039515,3907,2070,494,0.60863009672761659
039515,3907,2070,496,0.59557872963888647
039515,3908,2070,409,0.64661559450099693
039515,3908,2070,410,0.64389203857149779
039515,3909,2070,343,0.63583005539880966
039515,3909,2070,345,0.62656423898585734
039515,3909,2070,346,0.61468343062415809
039515,3910,2070,310,0.61736910296471303
039515,3910,2070,313,0.63969009614487071
039515,3910,2070,314,0.63705079248836116
039515,3911,2070,493,0.58660717974139709
039515,3911,2070,494,0.60050724044833514
039515,3911,2070,495,0.62299457222538757
039515,3912,2070,491,0.62484259468535086
039515,3912,2070,494,0.59422624749629893
039515,3912,2070,499,0.64485854741945536
039515,3913,2070,221,0.60325550366911274
039515,3914,2070,275,0.59891808346213293
039515,3914,2070,276,0.61660565837638126
039515,3914,2070,279,0.64052588029787627
039515,3914,2070,280,0.63111276121777871
039515,3915,2070,408,0.64654787091391286
039515,3916,2070,434,0.61562806673209025
039515,3916,2070,437,0.64467615309126591
039515,3917,2070,303,0.61751627476788451
039515,3917,2070,304,0.61328579916815207
039515,3917,2070,305,0.61227644994150088
039515,3917,2070,308,0.64362260020976791
039515,3918,2070,513,0.65004714757190007
039515,3918,2070,514,0.63105849582172702
039515,3919,2070,302,0.65272239541796562
039515,3919,2070,304,0.64086926644906372
039515,3920,2070,464,0.64581942711205276
039515,3920,2070,466,0.6060779406506972
039515,3920,2070,472,0.58236658932714613
039515,3921,2070,486,0.60258920800696258
039515,3921,2070,487,0.58874003860339785
039515,3922,2070,582,0.59688234038009824
039515,3923,2070,519,0.63794698395483107
039515,3923,2070,520,0.61474895682766517
039515,3925,2070,501,0.55189570474870886
039515,3925,2070,502,0.60022127269952696
039515,3925,2070,503,0.60571824781792971
039515,3925,2070,506,0.59162259361116987
039515,3925,2070,507,0.60470669966566803
039515,3926,2070,326,0.61339282448890031
039515,3926,2070,327,0.62272872737616902
039515,3926,2070,329,0.64566554083311678
039515,3926,2070,331,0.59564381806534272
039515,3926,2070,334,0.63718441273326021
039515,3927,2070,552,0.59793403262473577
039515,3927,2070,560,0.63554267372505813
039515,3928,2070,311,0.64307418434056662
039515,3929,2070,338,0.61618626194119352
039515,3929,2070,341,0.62767144690586463
039515,3929,2070,342,0.62461645525574927
039515,3930,2070,386,0.6401735254318236
039515,3931,2070,457,0.58100634632819581
039515,3932,2070,283,0.62650688760517748
039515,3932,2070,285,0.64640531561461789
039515,3932,2070,289,0.63174062471486359
039515,3933,2070,494,0.57644659895352413
039515,3933,2070,496,0.64741584574443256
039515,3934,2070,551,0.64038153070577453
039515,3934,2070,555,0.62062823279553314
039515,3934,2070,557,0.64502182941113828
039515,3936,2070,616,0.59594645629642062
039515,3936,2070,618,0.62880101501374497
039515,3936,2070,623,0.63719307097208211
039515,3936,2070,624,0.59832967349436628
039515,3936,2070,626,0.58935869013595443
039515,3937,2070,397,0.65014040635250259
039515,3938,2070,180,0.62052839058788967
039515,3939,2070,260,0.650279729979656
039515,3940,2070,288,0.63293718166383706
039515,3940,2070,294,0.64678647198302763
039515,3941,2070,492,0.64252497416465726
039515,3942,2070,357,0.6187734885842765
039515,3943,2070,516,0.64364147573995978
039515,3943,2070,520,0.6475020374271524
039515,3943,2070,522,0.62177607712567706
039515,3944,2070,499,0.59455519659601297
039515,3945,2070,262,0.62593730792870317
039515,3945,2070,264,0.61411436776754791
039515,3945,2070,267,0.61474340083357892
039515,3945,2070,268,0.58797385620915033
039515,3946,2070,528,0.61828098882730709
039515,3946,2070,529,0.59477434679334917
039515,3946,2070,530,0.61869144465435477
039515,3946,2070,531,0.60826035560058866
039515,3947,2070,471,0.62974689369535208
039515,3948,2070,408,0.62752067043286319
039515,3948,2070,410,0.63672210707244326
039515,3948,2070,413,0.62997532894736841
039515,3948,2070,414,0.62871834098249191
039515,3949,2070,506,0.64217640644898166
039515,3949,2070,510,0.60102117435050306
039515,3951,2070,322,0.59191669244251988
039515,3951,2070,326,0.63161919327088512
039515,3952,2070,539,0.61869488536155204
039515,3952,2070,540,0.61647113908904094
039515,3952,2070,541,0.6316330023964396
039515,3952,2070,543,0.63169323169323166
039515,3953,2070,713,0.60987217840630947
039515,3953,2070,715,0.58435681965093733
039515,3953,2070,719,0.57909765848086803
039515,3953,2070,725,0.6185553760282021
039515,3953,2070,726,0.59702544031311156
039515,3954,2070,374,0.64694534567638329
039515,3954,2070,377,0.63147542223819342
039515,3954,2070,379,0.5878595565812248
039515,3955,2070,525,0.60688002738319358
039515,3955,2070,532,0.63110487484723665
039515,3956,2070,348,0.62700200962182573
039515,3956,2070,349,0.58554062699936016
039515,3956,2070,350,0.62647975077881624
039515,3957,2070,340,0.598531781557744
039515,3957,2070,342,0.58876730511011988
039515,3957,2070,343,0.63340421813097181
039515,3958,2070,438,0.6249279657528608
039515,3958,2070,443,0.63953135170318942
039515,3959,2070,564,0.6310983343197768
039515,3959,2070,567,0.63641017650855836
039515,3959,2070,568,0.60922962411611459
039515,3961,2070,603,0.60232770578881478
039515,3961,2070,606,0.6370642900187129
039515,3961,2070,608,0.6199769319492503
039515,3963,2070,513,0.61595877021503465
039515,3964,2070,547,0.6285963382737576
039515,3965,2070,464,0.62694284941225986
039515,3966,2070,502,0.59293802565427811
039515,3966,2070,506,0.63694267515923564
039515,3967,2070,223,0.59559402045633358
039515,3968,2070,377,0.58385818561001046
039515,3968,2070,380,0.60913918924082067
039515,3968,2070,383,0.64210965095105421
039515,3970,2070,269,0.6354257924943234
039515,3970,2070,274,0.62962135597006585
039515,3971,2070,300,0.61689228755468295
039515,3971,2070,301,0.63506838905775076
039515,3971,2070,303,0.63570889420052834
039515,3971,2070,305,0.58082643515714383
039515,3971,2070,309,0.63638902186053936
039515,3972,2070,537,0.64934021982174916
039515,3972,2070,542,0.60043089161418628
039515,3972,2070,545,0.6407049875676466
039515,3973,2070,483,0.60408824401706473
039515,3973,2070,484,0.6249034914643562
039515,3973,2070,485,0.61565779949330435
039515,3974,2070,352,0.61532752500806709
039515,3974,2070,353,0.64967402327715262
039515,3974,2070,357,0.5824401461952281
039515,3974,2070,362,0.57538577342867891
039515,3976,2070,490,0.62403662011303662
039515,3977,2070,486,0.56831045585493989
039515,3977,2070,487,0.61918701046252356
039515,3977,2070,490,0.61412683388547085
039515,3977,2070,496,0.63461198068121472
039515,3977,2070,497,0.63796208810676747
039515,3979,2070,263,0.62885786564227486
039515,3979,2070,264,0.63520527547330352
039515,3979,2070,266,0.62375422876474351
039515,3980,2070,381,0.60750155541729622
039515,3980,2070,382,0.57450191962561625
039515,3980,2070,386,0.64138315672057999
039515,3981,2070,477,0.60634691017585096
039515,3981,2070,479,0.61727577892298235
039515,3982,2070,472,0.61856736488233777
039515,3983,2070,500,0.65088365938947168
039515,3983,2070,501,0.63226521220385201
039515,3983,2070,502,0.60810523179089859
039515,3983,2070,503,0.62385291246339081
039515,3983,2070,505,0.6354722472455131
039515,3983,2070,509,0.59233195826255758
039515,3984,2070,414,0.6247195333034169
039515,3985,2070,432,0.61074494348938868
039515,3985,2070,433,0.64017748601993674
039515,3986,2070,537,0.62454352691718695
039515,3986,2070,538,0.61718923111012636
039515,3987,2070,377,0.60241775263494635
039515,3988,2070,489,0.62246701467384602
039515,3988,2070,496,0.61445273982251025
039515,3988,2070,498,0.59069430274391876
039515,3989,2070,458,0.63799769759040925
039515,3989,2070,459,0.62655430116075683
039515,3989,2070,462,0.63588465646137415
039515,3990,2070,425,0.59537545143285964
039515,3992,2070,583,0.63301837725381416
039515,3992,2070,584,0.60483399973044616
039515,3992,2070,587,0.64032366003528629
039515,3992,2070,590,0.64441053033193441
039515,3992,2070,592,0.59896315497130159
039515,3993,2070,493,0.62304773025835647
039515,3993,2070,494,0.58365830328894119
039515,3993,2070,495,0.61520869068038875
039515,3993,2070,496,0.56684597218577804
039515,3994,2070,564,0.62678730107440017
039515,3996,2070,376,0.6381329164406726
039515,3996,2070,381,0.62246686290857733
039515,3997,2070,478,0.60706480708864785
039515,3997,2070,480,0.61833116801475208
039515,3997,2070,485,0.62812346888780013
039515,3998,2070,472,0.59148770349844126
039515,3999,2070,461,0.62260839038090221
039515,4001,2070,474,0.59942363112391928
039515,4001,2070,475,0.60142480923762576
039515,4001,2070,476,0.63188725982459659
039515,4001,2070,479,0.62406718495912317
039515,4002,2070,523,0.58022416705051438
039515,4002,2070,526,0.60364093835565746
039515,4002,2070,529,0.598388671875
039515,4003,2070,438,0.63452571897497112
039515,4003,2070,439,0.60488313235075186
039515,4003,2070,443,0.63646995322058297
039515,4005,2070,444,0.5893865586067164
039515,4005,2070,447,0.59590627026025744
039515,4005,2070,449,0.59913756658493278
039515,4005,2070,452,0.63784752358820729
039515,4006,2070,510,0.59988300672711314
039515,4006,2070,517,0.62978693282367093
039515,4008,2070,160,0.61218218555312343
039515,4008,2070,162,0.62703567429211327
039515,4008,2070,163,0.62715737642825575
039515,4008,2070,167,0.65084998247458814
039515,4010,2070,408,0.618610579987253
039515,4010,2070,410,0.60380508303830982
039515,4010,2070,412,0.60894085281980748
039515,4011,2070,480,0.6181997242466023
039515,4011,2070,482,0.61594339622641514
039515,4012,2070,644,0.5956349302902747
039515,4015,2070,322,0.6270718232044199
039515,4015,2070,325,0.62234563201827131
039515,4015,2070,326,0.59242280079577891
039515,4015,2070,329,0.5929014663452038
039515,4015,2070,331,0.64381581664257692
039515,4015,2070,332,0.59703876875121764
039515,4015,2070,333,0.58321896919792615
039515,4016,2070,412,0.6213272392710868
039515,4016,2070,416,0.61814264167205346
039515,4016,2070,419,0.61112323585042927
039515,4017,2070,271,0.62720340661517127
039515,4017,2070,276,0.5841894411169728
039515,4017,2070,278,0.6426492931269796
039515,4017,2070,279,0.59169673916577259
039515,4018,2070,563,0.60008785416209098
039515,4018,2070,564,0.61892485842278755
039515,4018,2070,567,0.64208075643094853
039515,4020,2070,574,0.6439990718010723
039515,4020,2070,576,0.61798104434907009
039515,4020,2070,580,0.61094452773613195
039515,4021,2070,587,0.61499524262607042
039515,4021,2070,588,0.60309178743961356
039515,4022,2070,400,0.6359703337453646
039515,4022,2070,402,0.6391274238227147
039515,4025,2070,512,0.64237949782406156
039515,4025,2070,514,0.6314658951429073
039515,4026,2070,603,0.6332365453440475
039515,4027,2070,225,0.61965500485908653
039515,4028,2070,427,0.63614848874163232
039515,4028,2070,428,0.6199551569506726
039515,4028,2070,429,0.60344355133357686
039515,4030,2070,530,0.59383326988960794
039515,4030,2070,533,0.63626446280991733
039515,4030,2070,534,0.62495550922865717
039515,4030,2070,536,0.60569215527334952
039515,4031,2070,310,0.60987213797204876
039515,4031,2070,312,0.5929443258230026
039515,4031,2070,319,0.6468053530514476
039515,4032,2070,430,0.61333795654184009
039515,4033,2070,401,0.62481159420289856
039515,4035,2070,309,0.64634624602379187
039515,4035,2070,310,0.63366160944015615
039515,4035,2070,313,0.63551662057573455
039515,4035,2070,316,0.59266751648838889
039515,4036,2070,426,0.58301143082380769
039515,4037,2070,455,0.64456176952717514
039515,4037,2070,456,0.61082815674036561
039515,4037,2070,458,0.61417164058719154
039515,4037,2070,462,0.61654733492442326
039515,4037,2070,464,0.61132533252458732
039515,4038,2070,508,0.6333554670208057
039515,4038,2070,515,0.61018913406267383
039515,4038,2070,518,0.60110425928581668
039515,4039,2070,301,0.64242307692307687
039515,4039,2070,307,0.646679486754418
039515,4040,2070,512,0.65705796497080904
039515,4040,2070,513,0.62939176426142807
039515,4041,2070,267,0.61619086460032624
039515,4041,2070,269,0.60975812254386452
039515,4042,2070,394,0.625303706321509
039515,4042,2070,397,0.61751923947487553
039515,4042,2070,401,0.64108727002578336
039515,4044,2070,331,0.59013713559168102
039515,4044,2070,332,0.63727250621925446
039515,4044,2070,333,0.59487972046767912
039515,4044,2070,334,0.61669474930552393
039515,4044,2070,336,0.6047203037094635
039515,4044,2070,338,0.62863473798787128
039515,4045,2070,446,0.63045923149015937
039515,4046,2070,431,0.64254236680878507
039515,4046,2070,435,0.60521751442426819
039515,4046,2070,438,0.60959627216134549
039515,4047,2070,423,0.62706392399225164
039515,4047,2070,425,0.64110756123535673
039515,4047,2070,426,0.63384467111075415
039515,4048,2070,291,0.63226025180687617
039515,4048,2070,293,0.62846338033522098
039515,4049,2070,389,0.61819540937472517
039515,4051,2070,473,0.61450930626057532
039515,4051,2070,475,0.62500358999396877
039515,4052,2070,528,0.61071876680408677
039515,4052,2070,529,0.6072566371681416
039515,4052,2070,530,0.6460619792773018
039515,4052,2070,531,0.62797160549765896
039515,4053,2070,336,0.62595239221996124
039515,4053,2070,343,0.58766050515027513
039515,4054,2070,441,0.57640915373982493
039515,4054,2070,442,0.6406733855075728
039515,4054,2070,444,0.63915749498927532
039515,4054,2070,448,0.6213525436075924
039515,4055,2070,380,0.6344171630862846
039515,4055,2070,386,0.62309838869385181
039515,4056,2070,324,0.63840257817263302
039515,4057,2070,450,0.6415741842636925
039515,4058,2070,384,0.6444084473242141
039515,4059,2070,487,0.61042842909332451
039515,4059,2070,489,0.62279978774090838
039515,4059,2070,497,0.61427587987264431
039515,4059,2070,500,0.5844655797101449
039515,4060,2070,273,0.61905550266959153
039515,4060,2070,275,0.64737239925209855
039515,4061,2070,549,0.63389253279515645
039515,4061,2070,550,0.62072139194460274
039515,4062,2070,487,0.57691144054976873
039515,4063,2070,560,0.61076893279101296
039515,4063,2070,561,0.64377692031586509
039515,4063,2070,564,0.63181576095939473
039515,4063,2070,568,0.60683320796547768
039515,4063,2070,569,0.58671916223566178
039515,4063,2070,573,0.61083795376085359
039515,4065,2070,303,0.6225320482829606
039515,4066,2070,351,0.61672663375449754
039515,4066,2070,353,0.62302320342419459
039515,4066,2070,357,0.61913059427732942
039515,4066,2070,358,0.63579305620013704
039515,4067,2070,518,0.64144992591940619
039515,4068,2070,469,0.60027347310847767
039515,4068,2070,470,0.59049273531269741
039515,4068,2070,473,0.59828873903270252
039515,4068,2070,475,0.64222864272112412
039515,4069,2070,153,0.61269781461944239
039515,4069,2070,154,0.57472335819100318
039515,4069,2070,161,0.5996062507690415
039515,4070,2070,454,0.5852884728369433
039515,4070,2070,455,0.6247960848287113
039515,4071,2070,583,0.60734570238546004
039515,4071,2070,586,0.59091325176212128
039515,4072,2070,316,0.59808848974211093
039515,4073,2070,179,0.62792881225726604
039515,4073,2070,180,0.598919717699814
039515,4073,2070,181,0.61816359436963442
039515,4074,2070,344,0.61773571946426531
039515,4074,2070,351,0.64427363127214543
039515,4075,2070,433,0.62949839914621131
039515,4076,2070,268,0.6447814729619088
039515,4077,2070,340,0.60429317892952972
039515,4077,2070,343,0.63554593153993499
039515,4077,2070,345,0.62393501089756287
039515,4078,2070,436,0.61803709875098123
039515,4078,2070,443,0.6179154929577465
039515,4078,2070,444,0.60735343665768193
039515,4079,2070,449,0.60898741361466302
039515,4080,2070,597,0.59340224006914688
039515,4081,2070,379,0.6448405896468975
039515,4081,2070,382,0.62248481744347695
039515,4081,2070,383,0.63353185857439964
039515,4081,2070,384,0.61917270978244787
039515,4082,2070,308,0.65136458024325128
039515,4082,2070,311,0.63352962826647041
039515,4083,2070,427,0.62204893403920447
039515,4083,2070,432,0.64647907441794028
039515,4083,2070,434,0.6288258021165799
039515,4084,2070,453,0.64046924876407341
039515,4084,2070,454,0.58198434490389739
039515,4084,2070,456,0.64261215530251059
039515,4084,2070,461,0.63486929847959461
039515,4085,2070,501,0.61180488477990891
039515,4085,2070,503,0.63666919056676952
039515,4085,2070,507,0.58269427927004303
039515,4086,2070,510,0.59706493616660306
039515,4087,2070,478,0.6278427550357375
039515,4087,2070,479,0.62630840085707951
039515,4087,2070,482,0.62488906419485257
039515,4087,2070,484,0.6001611084259707
039515,4087,2070,485,0.6321692765875685
039515,4088,2070,314,0.61607875307629201
039515,4089,2070,254,0.62269140362659503
039515,4089,2070,256,0.60730870179689078
039515,4089,2070,258,0.58379056278413544
039515,4089,2070,261,0.63617860851505714
039515,4091,2070,228,0.60207694123200373
039515,4091,2070,233,0.61672069714183742
039515,4092,2070,525,0.64105990783410138
039515,4093,2070,549,0.5840422741071094
039515,4093,2070,551,0.60428220747340666
039515,4093,2070,554,0.53224032986451997
039515,4094,2070,296,0.63889422153964293
039515,4094,2070,299,0.62649485491795676
039515,4094,2070,301,0.60191909689557854
039515,4095,2070,513,0.60109650828213701
039515,4097,2070,566,0.60950803074232596
039515,4098,2070,549,0.61769180166104765
039515,4098,2070,553,0.61487333151729773
039515,4099,2070,328,0.63454759106933023
039515,4099,2070,334,0.61457533623361482
039515,4099,2070,335,0.63704442395619698
039515,4100,2070,269,0.6210841732497957
039515,4100,2070,271,0.61525609565081185
039515,4100,2070,274,0.62144243800593379
039515,4100,2070,280,0.58333884516171708
039515,4102,2070,465,0.61014757679789555
039515,4102,2070,467,0.57597667638483963
039515,4102,2070,469,0.60525710782435438
039515,4103,2070,658,0.59472761596548007
039515,4103,2070,660,0.62134437382980412
039515,4103,2070,662,0.58345050037217761
039515,4103,2070,664,0.64725241083728757
039515,4104,2070,447,0.63741739407004272
039515,4104,2070,448,0.63006629570455253
039515,4104,2070,456,0.62933208780943484
039515,4106,2070,611,0.62080122610583677
039515,4106,2070,613,0.6090764995411696
039515,4106,2070,617,0.64871850953413002
039515,4106,2070,619,0.62582066800489
039515,4106,2070,621,0.59899722252281495
039515,4107,2070,377,0.61544108122112351
039515,4108,2070,537,0.59296482412060303
039515,4108,2070,538,0.62022532835281363
039515,4108,2070,539,0.58306709265175716
039515,4108,2070,541,0.6306138871857756
039515,4109,2070,324,0.62938857823815197
039515,4109,2070,325,0.62561429635145194
039515,4110,2070,451,0.61787221513396795
039515,4111,2070,617,0.5812392695489309
039515,4111,2070,620,0.59922589725545394
039515,4111,2070,625,0.6206815289626243
039515,4112,2070,515,0.6588680878692782
039515,4112,2070,516,0.64334322107834585
039515,4112,2070,520,0.57766281446868872
039515,4113,2070,214,0.61671232876712334
039515,4113,2070,218,0.63505493624187981
039515,4115,2070,500,0.60969143295214978
039515,4116,2070,397,0.63833890460272569
039515,4116,2070,400,0.6322143967803896
039515,4116,2070,404,0.60635747247931115
039515,4118,2070,569,0.62447016918967058
039515,4118,2070,572,0.62131199829886763
039515,4119,2070,401,0.65212964886765012
039515,4120,2070,406,0.61895858322161856
039515,4120,2070,407,0.595803886925795
039515,4120,2070,408,0.62538610038610043
039515,4121,2070,544,0.6045539033457249
039515,4121,2070,546,0.61238474956391731
039515,4121,2070,547,0.6445806487344693
039515,4122,2070,477,0.63742564795439194
039515,4123,2070,357,0.63648486464861986
039515,4124,2070,414,0.61955791203046817
039515,4124,2070,421,0.58298953760850192
039515,4124,2070,422,0.6294284975433152
039515,4125,2070,487,0.6268993093420574
039515,4125,2070,488,0.63242101478585233
039515,4125,2070,490,0.60451188398012623
039515,4126,2070,386,0.62626217891939773
039515,4126,2070,387,0.64265383844457802
039515,4127,2070,181,0.58005089058524173
039515,4127,2070,186,0.62009164610504053
039515,4127,2070,188,0.60536451807508473
039515,4127,2070,191,0.63824596521956711
039515,4128,2070,242,0.5971278018947771
039515,4128,2070,243,0.60484277182125634
039515,4128,2070,245,0.62987155159830677
039515,4128,2070,247,0.60731783592202648
039515,4129,2070,452,0.59726553130247062
039515,4129,2070,455,0.56297829864320303
039515,4129,2070,456,0.63913249585209764
039515,4131,2070,525,0.61897319944137796
039515,4132,2070,408,0.62756556442417333
039515,4132,2070,409,0.62763911254249416
039515,4132,2070,410,0.61144826087631343
039515,4132,2070,411,0.62480437084727336
039515,4132,2070,413,0.64573482919732539
039515,4133,2070,327,0.60718963191743069
039515,4133,2070,328,0.63581198227701796
039515,4134,2070,489,0.65058020477815703
039515,4134,2070,494,0.63860029838600296
039515,4134,2070,496,0.63125963020030817
039515,4135,2070,558,0.64516081956686711
039515,4135,2070,559,0.58819074333800847
039515,4135,2070,564,0.64295260238361129
039515,4136,2070,513,0.64528134692069117
039515,4136,2070,514,0.63864621116960463
039515,4136,2070,515,0.64695197589934428
039515,4138,2070,564,0.61404426486769237
039515,4138,2070,567,0.60924612555818225
039515,4138,2070,568,0.56633244945309913
039515,4139,2070,546,0.6334754604009798
039515,4139,2070,548,0.58981427742309922
039515,4139,2070,551,0.62857311077747358
039515,4139,2070,552,0.60799011310819162
039515,4140,2070,385,0.60403425309229308
039515,4141,2070,441,0.58495494813356552
039515,4141,2070,444,0.61010124519958109
039515,4142,2070,533,0.6446443632274389
039515,4142,2070,535,0.62627201338227778
039515,4142,2070,537,0.59769527018895174
039515,4142,2070,538,0.62165853658536585
039515,4143,2070,415,0.65072269408433914
039515,4144,2070,388,0.6386221972762991
039515,4144,2070,389,0.58976176412679659
039515,4144,2070,392,0.5901183898973954
039515,4146,2070,428,0.5974432111069109
039515,4146,2070,430,0.59605358674849862
039515,4148,2070,428,0.61924179960566406
039515,4149,2070,464,0.64608033340518789
039515,4149,2070,468,0.63581508515815088
039515,4150,2070,235,0.62857049158823342
039515,4152,2070,511,0.62619909789721107
039515,4153,2070,470,0.6359552765790506
039515,4154,2070,508,0.61632465543644721
039515,4154,2070,511,0.63015842508442932
039515,4154,2070,512,0.5986170995898622
039515,4154,2070,518,0.60417541315216972
039515,4155,2070,305,0.62410380299251866
039515,4155,2070,309,0.62455959036031383
039515,4156,2070,396,0.60811837811256653
039515,4156,2070,398,0.61950438640717964
039515,4156,2070,399,0.63248615184099055
039515,4156,2070,403,0.60470856860748556
039515,4157,2070,353,0.61787374602397849
039515,4160,2070,447,0.62064843866726427
039515,4161,2070,348,0.63406970406232965
039515,4162,2070,438,0.62436933309085241
039515,4162,2070,439,0.62618404795680227
039515,4162,2070,442,0.63369391859094382
039515,4163,2070,385,0.62050638864936902
039515,4164,2070,257,0.58991941732527509
039515,4164,2070,259,0.61571221457049652
039515,4164,2070,264,0.64478651488103944
039515,4165,2070,233,0.64826404587963737
039515,4165,2070,237,0.62992849438740861
039515,4166,2070,379,0.6090767910417263
039515,4166,2070,381,0.6291558018252934
039515,4167,2070,565,0.63521586862473878
039515,4167,2070,567,0.64621711216482736
039515,4168,2070,517,0.64074867516067202
039515,4168,2070,519,0.63074893741755822
039515,4169,2070,161,0.61546411123637734
039515,4169,2070,165,0.62194003850738055
039515,4169,2070,170,0.60101370281697319
039515,4169,2070,171,0.61046274011171153
039515,4170,2070,412,0.64002934405909284
039515,4170,2070,414,0.64363231769941798
039515,4171,2070,323,0.61017208413001911
039515,4172,2070,414,0.60653642505020999
039515,4172,2070,415,0.63254022786468733
039515,4172,2070,417,0.60614432989690725
039515,4173,2070,440,0.63849287169042768
039515,4173,2070,441,0.64252619573740111
039515,4174,2070,350,0.60891299221881634
039515,4175,2070,465,0.57604719764011802
039515,4175,2070,469,0.62878397024416577
039515,4175,2070,470,0.63466070702966271
039515,4175,2070,473,0.60020948459565859
039515,4176,2070,590,0.64728085273424529
039515,4176,2070,591,0.55255956750984447
039515,4177,2070,563,0.63323376827542843
039515,4178,2070,327,0.6293036569380166
039515,4178,2070,329,0.62764934767681391
039515,4178,2070,333,0.60149348585954876
039515,4179,2070,369,0.62194061374083742
039515,4180,2070,272,0.60395797703396037
039515,4180,2070,276,0.64033688508900655
039515,4181,2070,305,0.63758950990421281
039515,4181,2070,306,0.62019338880143915
039515,4182,2070,667,0.59362401075108262
039515,4182,2070,668,0.60636215334420884
039515,4182,2070,671,0.61980643840823368
039515,4182,2070,674,0.60407440212577501
039515,4182,2070,677,0.59981681626671557
039515,4183,2070,311,0.58336144375105414
039515,4183,2070,315,0.62384473197781887
039515,4183,2070,319,0.62902804957599479
039515,4184,2070,417,0.6156265050001416
039515,4184,2070,418,0.65058268590455048
039515,4184,2070,421,0.61534378572595128
039515,4184,2070,422,0.60469440885987025
039515,4184,2070,424,0.63597044512524781
039515,4185,2070,522,0.57910279848122626
039515,4186,2070,368,0.61914824924422529
039515,4187,2070,434,0.57507041852789709
039515,4187,2070,438,0.61012810248198557
039515,4187,2070,440,0.63059391744019322
039515,4188,2070,267,0.62500513410276415
039515,4188,2070,269,0.64409458151433141
039515,4189,2070,254,0.63786599604814087
039515,4189,2070,258,0.64689882546878219
039515,4191,2070,442,0.63800879467809224
039515,4191,2070,443,0.61593341260404277
039515,4191,2070,445,0.63778470687839428
039515,4192,2070,308,0.59975525956605635
039515,4192,2070,314,0.61405761635936329
039515,4192,2070,315,0.62001759788825339
039515,4193,2070,486,0.6062726801451529
039515,4193,2070,491,0.60345829880394319
039515,4194,2070,308,0.62929030493641458
039515,4194,2070,312,0.65514079005468562
039515,4194,2070,314,0.63540506019512455
039515,4194,2070,316,0.63064520022206672
039515,4196,2070,402,0.60094316890984822
039515,4197,2070,276,0.64428759894459098
039515,4197,2070,278,0.63212747371908795
039515,4197,2070,279,0.61180997484090571
039515,4197,2070,280,0.62512985532216792
039515,4197,2070,282,0.63785462426810724
039515,4198,2070,488,0.62745678177437758
039515,4198,2070,492,0.63241329174776639
039515,4198,2070,493,0.58274512672347589
039515,4199,2070,449,0.63337804105659257
039515,4200,2070,514,0.63627487446531528
039515,4201,2070,292,0.61728012616519756
039515,4201,2070,294,0.62372751951136751
039515,4201,2070,295,0.63599237680370269
039515,4201,2070,296,0.62403997144896506
039515,4202,2070,394,0.59059871350816429
039515,4202,2070,396,0.60248368764470639
039515,4202,2070,397,0.62126315789473685
039515,4202,2070,398,0.58010806483890331
039515,4203,2070,367,0.59467959638317391
039515,4203,2070,371,0.63950845056501826
039515,4204,2070,490,0.62003384999109212
039515,4204,2070,492,0.60406596531134493
039515,4204,2070,493,0.58934081346423561
039515,4204,2070,494,0.60765419576327395
039515,4205,2070,253,0.59531106953787372
039515,4205,2070,254,0.61682399330863902
039515,4205,2070,255,0.57557146343447485
039515,4205,2070,258,0.61353432857612145
039515,4205,2070,266,0.63035101833425078
039515,4205,2070,267,0.61111955035698007
039515,4206,2070,451,0.63960667733821175
039515,4206,2070,452,0.60129535876912632
039515,4207,2070,496,0.58658025162028216
039515,4208,2070,514,0.62301062519950745
039515,4208,2070,520,0.6439235728276238
039515,4208,2070,522,0.64351311179530735
039515,4210,2070,423,0.62021809608016509
039515,4210,2070,430,0.6336774652901388
039515,4211,2070,357,0.59669159486262391
039515,4212,2070,206,0.59154929577464788
039515,4212,2070,207,0.60561621558833778
039515,4212,2070,210,0.60453869047619047
039515,4214,2070,390,0.61701020612367419
039515,4214,2070,391,0.65097462302317033
039515,4214,2070,397,0.63837305986696236
039515,4215,2070,313,0.59605710796429301
039515,4215,2070,316,0.61237439260272675
039515,4215,2070,318,0.59244253348767983
039515,4216,2070,529,0.62025870453219223
039515,4217,2070,525,0.6353062039837909
039515,4217,2070,527,0.59338087401718775
039515,4217,2070,528,0.6224340662990766
039515,4218,2070,321,0.60583784559113563
039515,4218,2070,326,0.64117999600452824
039515,4218,2070,328,0.63568688518363781
039515,4219,2070,352,0.61939796685257709
039515,4219,2070,353,0.63868407515371239
039515,4220,2070,367,0.61210858948577995
039515,4220,2070,369,0.62624538098133686
039515,4220,2070,372,0.64137273593898947
039515,4221,2070,526,0.60959509636352915
039515,4221,2070,528,0.62479293208172282
039515,4221,2070,532,0.65417214340751484
039515,4222,2070,366,0.63702197488584478
039515,4223,2070,533,0.61764791057310819
039515,4223,2070,536,0.61475865354080661
039515,4223,2070,538,0.6366594360086768
039515,4224,2070,316,0.58743708339001499
039515,4224,2070,321,0.6160567861950802
039515,4225,2070,420,0.61804234242396783
039515,4225,2070,424,0.61643518518518514
039515,4225,2070,427,0.64917003140421714
039515,4226,2070,473,0.60756137972586233
039515,4226,2070,475,0.64612326043737578
039515,4226,2070,476,0.6011982461425176
039515,4226,2070,478,0.63370905715422354
039515,4226,2070,479,0.63412105584943779
039515,4226,2070,482,0.61038714334561761
039515,4227,2070,436,0.60459512008105809
039515,4227,2070,440,0.6237262949334843
039515,4227,2070,442,0.58759274525968674
039515,4228,2070,267,0.63368150684931512
039515,4228,2070,269,0.63699736155365561
039515,4228,2070,274,0.60062752129090091
039515,4229,2070,359,0.58455857211242568
039515,4229,2070,361,0.63945933492051299
039515,4229,2070,364,0.62500366493681647
039515,4229,2070,366,0.62829312937177229
039515,4229,2070,369,0.59837154241496793
039515,4230,2070,467,0.62431429811752637
039515,4231,2070,527,0.62309761580130452
039515,4231,2070,528,0.63297544662501104
039515,4231,2070,530,0.62338918367880392
039515,4231,2070,531,0.61238639011885343
039515,4232,2070,473,0.63821538975687186
039515,4232,2070,475,0.64341224563137323
039515,4232,2070,477,0.60717480765789944
039515,4232,2070,479,0.60833403698387234
039515,4232,2070,480,0.60445073938928362
039515,4232,2070,481,0.59196309944599035
039515,4233,2070,448,0.64519011911245161
039515,4234,2070,460,0.63757185372416325
039515,4234,2070,461,0.61517667503379025
039515,4234,2070,463,0.61046336531428813
039515,4234,2070,465,0.59238136873062552
039515,4235,2070,498,0.63378955173035689
039515,4236,2070,421,0.64197435798714053
039515,4236,2070,422,0.62574286128424406
039515,4236,2070,426,0.60490064246227404
039515,4236,2070,427,0.57686942416869424
039515,4237,2070,588,0.59883302117850457
039515,4237,2070,590,0.60207914406040142
039515,4237,2070,592,0.60404679343062917
039515,4237,2070,593,0.61799248355778269
039515,4238,2070,194,0.63647400119824682
039515,4239,2070,503,0.61426149534650387
039515,4239,2070,505,0.60506363698458598
039515,4239,2070,506,0.58312245993405409
039515,4239,2070,509,0.65787528868360279
039515,4240,2070,236,0.59975641067842922
039515,4241,2070,573,0.63340002143546137
039515,4241,2070,574,0.59293253786140432
039515,4241,2070,579,0.65027087945721129
039515,4241,2070,581,0.63106845162919933
039515,4242,2070,428,0.63706111833550061
039515,4242,2070,429,0.61811704571856363
039515,4242,2070,433,0.62025445708334181
039515,4243,2070,452,0.61183001681066496
039515,4243,2070,455,0.65213032093525813
039515,4244,2070,680,0.60807796741660203
039515,4244,2070,690,0.61646053674165435
039515,4245,2070,492,0.59134303857618042
039515,4246,2070,558,0.56749351023940009
039515,4246,2070,560,0.602034360247238
039515,4246,2070,561,0.63737017440721144
039515,4247,2070,450,0.63946869070208734
039515,4248,2070,401,0.62203270941780187
039515,4248,2070,403,0.60704575354480339
039515,4248,2070,407,0.64646379142506449
039515,4249,2070,458,0.63066346638219695
039515,4250,2070,510,0.61773087541187999
039515,4251,2070,512,0.59487704006759456
039515,4251,2070,513,0.6333676622039135
039515,4252,2070,512,0.60378780740601146
039515,4252,2070,513,0.6565819985978536
039515,4253,2070,374,0.60890525356817493
039515,4253,2070,375,0.62231408713033209
039515,4254,2070,646,0.63413276429929955
039515,4254,2070,650,0.63544098876124655
039515,4254,2070,653,0.62241878417497587
039515,4255,2070,465,0.62728562119063136
039515,4256,2070,239,0.5846039419858684
039515,4256,2070,240,0.63234936536497588
039515,4256,2070,243,0.60822898032200357
039515,4257,2070,507,0.64741538979626201
039515,4258,2070,348,0.63884957022996292
039515,4259,2070,321,0.62517429331981245
039515,4259,2070,324,0.59328267477203644
039515,4260,2070,596,0.63092491398502326
039515,4260,2070,599,0.59711245011346736
039515,4260,2070,600,0.61852433281004715
039515,4260,2070,602,0.61447977374014395
039515,4260,2070,603,0.62880796052363286
039515,4260,2070,606,0.64059014887105503
039515,4261,2070,465,0.59994711792702271
039515,4261,2070,471,0.63603141279838271
039515,4262,2070,423,0.65832908613321828
039515,4263,2070,273,0.63992111502581484
039515,4264,2070,381,0.62785216066704086
039515,4264,2070,382,0.61285836542575955
039515,4264,2070,385,0.62845075023918984
039515,4264,2070,388,0.5967548557269603
039515,4264,2070,389,0.63536919548446669
039515,4265,2070,531,0.64446693706354807
039515,4267,2070,403,0.61875932636964404
039515,4267,2070,406,0.59337890285581885
039515,4268,2070,377,0.64373765102900804
039515,4268,2070,380,0.60732169954476478
039515,4268,2070,384,0.62467024914509039
039515,4269,2070,384,0.61759884859872871
039515,4269,2070,388,0.59985249528804396
039515,4269,2070,390,0.65011214953271024
039515,4270,2070,473,0.63924004912230004
039515,4270,2070,477,0.59309953834939666
039515,4271,2070,437,0.61800835724714298
039515,4271,2070,441,0.60806495263870097
039515,4271,2070,442,0.62587072272371613
039515,4272,2070,519,0.64205594846614711
039515,4273,2070,395,0.63708206686930091
039515,4273,2070,397,0.61141332238530222
039515,4273,2070,398,0.6057941503146983
039515,4273,2070,400,0.60510274110855433
039515,4274,2070,471,0.63391273501241574
039515,4274,2070,472,0.64002059700095182
039515,4275,2070,330,0.64678692944726202
039515,4275,2070,331,0.58767093553288474
039515,4275,2070,333,0.62865519055852059
039515,4275,2070,334,0.61510363225938847
039515,4275,2070,336,0.64251814859524081
039515,4277,2070,422,0.61857000166472453
039515,4278,2070,604,0.58756365372374286
039515,4278,2070,606,0.64396962670302438
039515,4279,2070,406,0.60439951908091016
039515,4279,2070,409,0.62583241337559203
039515,4279,2070,410,0.62574837403626649
039515,4280,2070,336,0.63103439104183845
039515,4280,2070,338,0.62506915841888488
039515,4280,2070,344,0.64583581982670135
039515,4280,2070,345,0.64436041486603279
039515,4281,2070,635,0.62268728130484852
039515,4281,2070,640,0.59323320958488024
039515,4281,2070,641,0.6122590091922232
039515,4281,2070,644,0.60157030044476723
039515,4283,2070,467,0.61395246960902417
039515,4284,2070,477,0.61404253512756291
039515,4284,2070,478,0.61970044788338974
039515,4284,2070,479,0.6127835051546392
039515,4286,2070,387,0.62288649785616046
039515,4286,2070,388,0.63733663206583124
039515,4286,2070,396,0.60266580759473276
039515,4287,2070,634,0.61731498444889443
039515,4287,2070,640,0.58911784511784515
039515,4287,2070,643,0.61365064114408185
039515,4288,2070,266,0.63341567658706821
039515,4288,2070,267,0.60562111521484552
039515,4288,2070,268,0.6171152302160785
039515,4289,2070,344,0.58044151668431165
039515,4289,2070,347,0.62389717895654073
039515,4290,2070,366,0.60147238431266115
039515,4290,2070,372,0.61932052053319819
039515,4290,2070,373,0.64541617374286175
039515,4291,2070,462,0.62007601598284767
039515,4291,2070,463,0.6364146007225614
039515,4291,2070,469,0.62981214724959989
039515,4291,2070,470,0.63328924995276781
039515,4292,2070,562,0.5953940664395726
039515,4292,2070,566,0.63341339642063821
039515,4293,2070,366,0.60716730420777132
039515,4293,2070,373,0.60835883332687768
039515,4295,2070,275,0.62685664155852017
039515,4295,2070,278,0.5913345292878871
039515,4296,2070,246,0.63873698226258979
039515,4296,2070,250,0.64871766092373306
039515,4297,2070,573,0.59789684526790188
039515,4298,2070,461,0.59892068683565003
039515,4298,2070,464,0.61759449557680279
039515,4298,2070,466,0.5976164088726128
039515,4299,2070,434,0.61414290715313702
039515,4300,2070,326,0.60450897974780282
039515,4300,2070,332,0.61549772864532726
039515,4301,2070,465,0.6082810905379793
039515,4301,2070,466,0.6162876008804109
039515,4301,2070,469,0.6278343980104355
039515,4302,2070,291,0.61463375282349142
039515,4302,2070,295,0.63353519554222382
039515,4302,2070,296,0.6265021110750244
039515,4302,2070,297,0.63459502611894969
039515,4302,2070,298,0.60565781994665735
039515,4303,2070,488,0.61992588490863398
039515,4303,2070,492,0.59179683393949589
039515,4303,2070,495,0.59114960629921265
039515,4304,2070,267,0.61253549179980504
039515,4304,2070,268,0.63801532006620731
039515,4304,2070,271,0.58825274399288041
039515,4304,2070,272,0.63949057884023175
039515,4304,2070,273,0.62084242759878816
039515,4305,2070,269,0.59096346027703828
039515,4305,2070,274,0.64145616641901937
039515,4306,2070,221,0.60868699737240228
039515,4306,2070,225,0.6235949658948986
039515,4306,2070,227,0.63632960500941538
039515,4306,2070,229,0.62334812623274161
039515,4307,2070,406,0.63648736832292352
039515,4307,2070,408,0.58431372549019611
039515,4307,2070,410,0.64854570637119113
039515,4308,2070,444,0.61857529305680792
039515,4309,2070,285,0.59152525353951202
039515,4310,2070,525,0.64807814538520725
039515,4310,2070,529,0.58782105926392647
039515,4311,2070,191,0.6343734683875184
039515,4311,2070,199,0.60681577171502943
039515,4311,2070,200,0.58219669777458727
039515,4312,2070,346,0.64502835405586278
039515,4312,2070,348,0.61407778349791731
039515,4312,2070,350,0.63286666217944398
039515,4314,2070,566,0.64235469972742465
039515,4316,2070,420,0.63992737092043395
039515,4316,2070,422,0.60818517276081852
039515,4317,2070,318,0.6097693906053071
039515,4319,2070,290,0.57225081462983829
039515,4319,2070,291,0.62661103877122581
039515,4319,2070,292,0.62873279667618798
039515,4319,2070,293,0.64649223341217776
039515,4319,2070,297,0.5571121951219512
039515,4320,2070,535,0.63415121105448435
039515,4320,2070,539,0.63654924784680011
039515,4321,2070,425,0.6022585792694688
039515,4321,2070,427,0.64435898716476048
039515,4322,2070,354,0.61805881170875476
039515,4322,2070,359,0.63993517869656624
039515,4322,2070,360,0.60533402191154229
039515,4323,2070,432,0.60732211396516089
039515,4323,2070,434,0.62932785357578069
039515,4324,2070,539,0.6314839873703203
039515,4324,2070,541,0.62135274829100207
039515,4324,2070,543,0.62961591855622401
039515,4324,2070,544,0.61845706169674719
039515,4324,2070,547,0.64182670633847261
039515,4324,2070,549,0.62295163372728179
039515,4325,2070,437,0.61009696541436031
039515,4325,2070,441,0.62453793346241859
039515,4325,2070,442,0.6333764151007234
039515,4326,2070,473,0.59020968078447733
039515,4326,2070,478,0.59116617290600593
039515,4326,2070,479,0.64151968025023898
039515,4326,2070,480,0.646958806708401
039515,4327,2070,377,0.59943517783072986
039515,4327,2070,380,0.6428833231521075
039515,4328,2070,447,0.61673874109989957
039515,4328,2070,448,0.62981394139711067
039515,4328,2070,450,0.61995320242246288
039515,4328,2070,454,0.62664666447892736
039515,4329,2070,573,0.57559170457173692
039515,4329,2070,574,0.61746569393781481
039515,4329,2070,575,0.61749521192439005
039515,4330,2070,293,0.63087413231770995
039515,4330,2070,295,0.59969008264462809
039515,4331,2070,351,0.65007713160298941
039515,4331,2070,352,0.60004718411917357
039515,4332,2070,394,0.64698118419841
039515,4333,2070,570,0.56353319741593177
039515,4333,2070,576,0.64531802120141346
039515,4333,2070,578,0.60121034293049702
039515,4335,2070,249,0.59467045922377337
039515,4335,2070,256,0.59552640430541537
039515,4336,2070,421,0.62210170557258504
039515,4336,2070,422,0.62562696657216732
039515,4337,2070,248,0.63835287264253981
039515,4338,2070,571,0.64377206821425892
039515,4338,2070,572,0.65169843324554744
039515,4338,2070,574,0.61612916022055619
039515,4338,2070,579,0.60047525966808479
039515,4339,2070,251,0.60522052867977316
039515,4339,2070,252,0.60816442845438679
039515,4339,2070,258,0.66288961480876551
039515,4340,2070,593,0.62450896283921076
039515,4340,2070,595,0.59199580795179141
039515,4340,2070,596,0.61944841811104823
039515,4340,2070,599,0.59495798319327731
039515,4340,2070,601,0.644357476009221
039515,4341,2070,519,0.62833898037979674
039515,4341,2070,521,0.63697104677060135
039515,4341,2070,522,0.61141997347750687
039515,4342,2070,500,0.6174183514774495
039515,4342,2070,501,0.62301682692307692
039515,4342,2070,510,0.61434903956657361
039515,4342,2070,511,0.60201397451705718
039515,4343,2070,352,0.58959734664145558
039515,4345,2070,450,0.62283059850749478
039515,4345,2070,451,0.62431870878376339
039515,4346,2070,399,0.61738677771993755
039515,4346,2070,400,0.58176761083044781
039515,4346,2070,402,0.60014088759182849
039515,4346,2070,404,0.6232521681964146
039515,4346,2070,406,0.64439829398154602
039515,4346,2070,408,0.59645890441738192
039515,4348,2070,601,0.61471018022406232
039515,4348,2070,603,0.58296748525174924
039515,4348,2070,611,0.62739181454606419
039515,4348,2070,612,0.6266239499508085
039515,4349,2070,318,0.61872113507594151
039515,4349,2070,321,0.64625690356254173
039515,4349,2070,322,0.64661144682439808
039515,4349,2070,323,0.58459815874595666
039515,4350,2070,548,0.64664230242119691
039515,4352,2070,388,0.62130940547510949
039515,4352,2070,389,0.60177517500114375
039515,4353,2070,471,0.61061438766303011
039515,4354,2070,557,0.59371658853524134
039515,4355,2070,550,0.56792460595086214
039515,4355,2070,552,0.63277869980282853
039515,4356,2070,590,0.60173041268969307
039515,4357,2070,481,0.63081678348909653
039515,4357,2070,483,0.62386661410384248
039515,4357,2070,484,0.60944814867357067
039515,4357,2070,485,0.6361557340473003
039515,4358,2070,579,0.60426151884902568
039515,4358,2070,580,0.58374580871786685
039515,4359,2070,123,0.63128346046335337
039515,4359,2070,124,0.62243690098896487
039515,4360,2070,339,0.61262951053947834
039515,4363,2070,556,0.62808656687958819
039515,4363,2070,558,0.63209425821440424
039515,4364,2070,434,0.63429004498337571
039515,4364,2070,435,0.64589753466872113
039515,4365,2070,378,0.61146171693735496
039515,4366,2070,548,0.62153563077394869
039515,4366,2070,549,0.58895587727045817
039515,4366,2070,550,0.63703994589523749
039515,4367,2070,594,0.62825190891276439
039515,4367,2070,603,0.63347225268699281
039515,4368,2070,406,0.63103903450876864
039515,4369,2070,466,0.59513661447350708
039515,4369,2070,467,0.60194029850746267
039515,4369,2070,471,0.60599420924955005
039515,4369,2070,472,0.5856691669956573
039515,4369,2070,473,0.61644539174648827
039515,4370,2070,502,0.64425407733402362
039515,4371,2070,515,0.63364702252391236
039515,4371,2070,524,0.63792601993601439
039515,4372,2070,498,0.63903771041443436
039515,4372,2070,499,0.59295110449242994
039515,4372,2070,504,0.61417959277933876
039515,4373,2070,514,0.64511136277840697
039515,4373,2070,516,0.61068917812473533
039515,4373,2070,517,0.64121943366490997
039515,4373,2070,520,0.64055141534644977
039515,4373,2070,521,0.58781487580142244
039515,4374,2070,460,0.59870096790626592
039515,4374,2070,465,0.61553641908862577
039515,4374,2070,467,0.63274845641329747
039515,4374,2070,468,0.61660440016604401
039515,4374,2070,470,0.63430513667480493
039515,4375,2070,411,0.62850341088683059
039515,4375,2070,412,0.58704656289665313
039515,4376,2070,260,0.6364837354355265
039515,4376,2070,266,0.59997994384275977
039515,4377,2070,280,0.62703464681394683
039515,4377,2070,283,0.65565076853145676
039515,4378,2070,418,0.63278716145065494
039515,4380,2070,430,0.60542835481425317
039515,4380,2070,435,0.63926183061922504
039515,4381,2070,626,0.63836571259083497
039515,4381,2070,631,0.60682280499202812
039515,4381,2070,632,0.60980265337350725
039515,4381,2070,633,0.62880165368346508
039515,4381,2070,634,0.60045739046701974
039515,4382,2070,477,0.63089074486980845
039515,4382,2070,478,0.58742965624788124
039515,4383,2070,341,0.64368873585301345
039515,4383,2070,344,0.64097936463067251
039515,4383,2070,346,0.63297216053121563
039515,4383,2070,348,0.60337774048043635
039515,4383,2070,350,0.63004569307819702
039515,4384,2070,392,0.62828300485076261
039515,4384,2070,395,0.63422644078657531
039515,4385,2070,419,0.62674702720312758
039515,4385,2070,422,0.61729556789310247
039515,4386,2070,462,0.57912299297295178
039515,4386,2070,463,0.6233168829586303
039515,4386,2070,468,0.61313217169570766
039515,4386,2070,469,0.63724380024912242
039515,4387,2070,363,0.61436672967863892
039515,4388,2070,453,0.64419249415299784
039515,4388,2070,455,0.5854869609414709
039515,4388,2070,458,0.64583081046075108
039515,4388,2070,460,0.61695142878460041
039515,4388,2070,461,0.60880229868946667
039515,4389,2070,520,0.62309430713491409
039515,4389,2070,522,0.63197340842207783
039515,4389,2070,524,0.62847940002884473
039515,4389,2070,525,0.6296475717572968
039515,4391,2070,349,0.63961354274806603
039515,4391,2070,350,0.63532187394674755
039515,4391,2070,352,0.5947157602834694
039515,4391,2070,353,0.60136144778349665
039515,4391,2070,355,0.64215603602388105
039515,4391,2070,356,0.63902577465878896
039515,4391,2070,357,0.64833613032622484
039515,4393,2070,437,0.60428500629026727
039515,4393,2070,438,0.56466814509741803
039515,4393,2070,443,0.59895417885314195
039515,4394,2070,541,0.62196480285141453
039515,4394,2070,545,0.59936184705840179
039515,4394,2070,546,0.64096711015060448
039515,4395,2070,429,0.63428668133355903
039515,4395,2070,436,0.62945368171021376
039515,4395,2070,441,0.59279000691703621
039515,4395,2070,442,0.60252591445251991
039515,4396,2070,505,0.64097410732929627
039515,4396,2070,506,0.64398422090729779
039515,4396,2070,509,0.61426879810538781
039515,4397,2070,454,0.62464877774655803
039515,4397,2070,456,0.56387331934940343
039515,4397,2070,459,0.61898946097266438
039515,4397,2070,460,0.65441920611717086
039515,4398,2070,321,0.63486903794461458
039515,4398,2070,329,0.63795882403507265
039515,4398,2070,331,0.5954249581551051
039515,4399,2070,468,0.6397706876691045
039515,4400,2070,422,0.59380863039399623
039515,4401,2070,432,0.5788959261865666
039515,4401,2070,436,0.62858527131782949
039515,4401,2070,439,0.60218554354012521
039515,4402,2070,442,0.59797019974627497
039515,4402,2070,450,0.61200424511615115
039515,4402,2070,451,0.63608769418376543
039515,4404,2070,550,0.56899031183772331
039515,4404,2070,551,0.61281894264135539
039515,4404,2070,552,0.64957383498083521
039515,4404,2070,555,0.59828511899991987
039515,4405,2070,484,0.63518224070450102
039515,4405,2070,485,0.65249054335914025
039515,4405,2070,492,0.62742920599666852
039515,4405,2070,494,0.63668910891089114
039515,4406,2070,364,0.57136031168449297
039515,4408,2070,351,0.64833526111020834
039515,4408,2070,354,0.59683389777112705
039515,4408,2070,355,0.60362649218668429
039515,4409,2070,292,0.5672924378635642
039515,4411,2070,317,0.58227367621939652
039515,4412,2070,299,0.60802201530516076
039515,4412,2070,303,0.60661289329474788
039515,4413,2070,406,0.63387348150045897
039515,4413,2070,410,0.60638946469942689
039515,4413,2070,414,0.62486904138292299
039515,4414,2070,405,0.59915467702685399
039515,4414,2070,409,0.63595194372685115
039515,4414,2070,410,0.62631701496012571
039515,4415,2070,406,0.62673544991863728
039515,4415,2070,410,0.6241688961881805
039515,4416,2070,452,0.62687369552842953
039515,4416,2070,453,0.63442969886689304
039515,4417,2070,387,0.63770691758146014
039515,4417,2070,388,0.61637910085054681
039515,4417,2070,391,0.61153516774025396
039515,4419,2070,334,0.63339995558516549
039515,4419,2070,337,0.62865463463233318
039515,4419,2070,338,0.61457932414748673
039515,4419,2070,339,0.62387970150373118
039515,4419,2070,340,0.62661167614318891
039515,4419,2070,341,0.6066446553858853
039515,4419,2070,344,0.61328950457853959
039515,4419,2070,345,0.61351745954495684
039515,4422,2070,456,0.64040434749562969
039515,4423,2070,548,0.60555596312327298
039515,4423,2070,549,0.628092408440456
039515,4424,2070,429,0.63800388260819918
039515,4424,2070,430,0.585180365203953
039515,4425,2070,475,0.62251595672445792
039515,4425,2070,482,0.59631845757500213
039515,4426,2070,524,0.65318797043237586
039515,4426,2070,525,0.64611324903793288
039515,4426,2070,527,0.61635348782839938
039515,4426,2070,528,0.63175558183209291
039515,4429,2070,378,0.63377123315829798
039515,4429,2070,379,0.62177508949512406
039515,4429,2070,382,0.61629905471211688
039515,4431,2070,444,0.62910189982728848
039515,4431,2070,446,0.62934993608257184
039515,4432,2070,498,0.61707825052067833
039515,4432,2070,502,0.64521964706283919
039515,4433,2070,497,0.59669793334858534
039515,4433,2070,502,0.62126051314808906
039515,4434,2070,214,0.56317536549191327
039515,4434,2070,215,0.61415621986499513
039515,4434,2070,216,0.64159224603005272
039515,4434,2070,219,0.61371784879189395
039515,4435,2070,370,0.6198939094745809
039515,4435,2070,376,0.63068870256385401
039515,4436,2070,402,0.58680221926045317
039515,4437,2070,256,0.62217339363426916
039515,4438,2070,303,0.6103987627977997
039515,4438,2070,304,0.62159522214780083
039515,4438,2070,308,0.62962783250036392
039515,4438,2070,311,0.62932694427704206
039515,4439,2070,383,0.62179972394140437
039515,4440,2070,384,0.63922258033011037
039515,4441,2070,230,0.64985127177806112
039515,4442,2070,427,0.60688975454076122
039515,4442,2070,430,0.57924639968435587
039515,4442,2070,432,0.62715306233455415
039515,4442,2070,433,0.59708793518553904
039515,4442,2070,434,0.60085720486111116
039515,4443,2070,250,0.5726043503821282
039515,4443,2070,253,0.6325741463980511
039515,4443,2070,255,0.59730892630636456
039515,4444,2070,475,0.57595907928388745
039515,4444,2070,477,0.6166541635408852
039515,4447,2070,565,0.63983637587814579
039515,4447,2070,566,0.60070186548457738
039515,4448,2070,454,0.60441095542479784
039515,4449,2070,495,0.63259013828489907
039515,4449,2070,496,0.62307550304596637
039515,4450,2070,544,0.61798279382720178
039515,4451,2070,447,0.61926905721470149
039515,4451,2070,448,0.59900191250298829
039515,4451,2070,451,0.6214163660527815
039515,4452,2070,478,0.61060395822683122
039515,4452,2070,479,0.61482146061367304
039515,4452,2070,480,0.62457991038088123
039515,4453,2070,376,0.61379283965728271
039515,4453,2070,385,0.60798504926945296
039515,4454,2070,540,0.61405200742963284
039515,4454,2070,546,0.63753323612659751
039515,4454,2070,549,0.65404970858176459
039515,4455,2070,398,0.62996367590007163
039515,4457,2070,472,0.61255616472237107
039515,4457,2070,474,0.59701492537313428
039515,4457,2070,477,0.60349127182044893
039515,4457,2070,479,0.60857432775240994
039515,4458,2070,549,0.57757774694595787
039515,4458,2070,554,0.62026595308958854
039515,4459,2070,559,0.63268330426343877
039515,4459,2070,563,0.62857739166731885
039515,4459,2070,564,0.65590135055783916
039515,4459,2070,565,0.57954270505685945
039515,4459,2070,566,0.64626815265113136
039515,4460,2070,476,0.61915748438680929
039515,4460,2070,477,0.5989996693121693
039515,4460,2070,479,0.62716153521720797
039515,4460,2070,480,0.59837259100642404
039515,4461,2070,352,0.64087130983089713
039515,4461,2070,358,0.61432260104336833
039515,4462,2070,321,0.62737587276958884
039515,4462,2070,322,0.59966122914902231
039515,4462,2070,323,0.61229955947136561
039515,4462,2070,326,0.62765194219534692
039515,4462,2070,330,0.61436473076297382
039515,4463,2070,215,0.6280898423323521
039515,4463,2070,216,0.61460775473399454
039515,4463,2070,217,0.61204147344744175
039515,4463,2070,219,0.6356854352544008
039515,4463,2070,223,0.63003304635185664
039515,4464,2070,434,0.60138449367088609
039515,4465,2070,558,0.65483364531127353
039515,4465,2070,559,0.59290545904919179
039515,4467,2070,352,0.61238639314463772
039515,4467,2070,354,0.62858002708531879
039515,4468,2070,497,0.60598802395209583
039515,4469,2070,514,0.62661478599221787
039515,4470,2070,417,0.6328118533234004
039515,4470,2070,423,0.62851733024772527
039515,4471,2070,493,0.61808354363629514
039515,4471,2070,496,0.60604271574926205
039515,4471,2070,502,0.61210948299695878
039515,4471,2070,503,0.60607891259203328
039515,4472,2070,438,0.63822298447479231
039515,4473,2070,548,0.58506121098489028
039515,4473,2070,550,0.62095157076016283
039515,4473,2070,551,0.63445527199883145
039515,4474,2070,362,0.616046539813356
039515,4474,2070,363,0.64009551662150199
039515,4474,2070,364,0.62888539062258852
039515,4475,2070,576,0.64204577724768563
039515,4475,2070,580,0.57309074739689481
039515,4475,2070,581,0.61348873464236664
039515,4475,2070,583,0.57632794457274827
039515,4476,2070,239,0.62205472790769634
039515,4476,2070,240,0.62761587163501042
039515,4477,2070,538,0.60145731851093565
039515,4477,2070,541,0.64057698957664377
039515,4479,2070,526,0.64350981956706388
039515,4479,2070,527,0.59798816041305025
039515,4479,2070,529,0.62016637718255785
039515,4479,2070,531,0.61541071818115711
039515,4480,2070,440,0.62101107131227617
039515,4480,2070,442,0.60705520711966088
039515,4481,2070,555,0.58969971071181193
039515,4482,2070,444,0.63326124567474051
039515,4482,2070,445,0.62838807097017746
039515,4482,2070,446,0.61928386540120794
039515,4483,2070,440,0.62332112332112333
039515,4483,2070,444,0.60109429086442601
039515,4483,2070,446,0.590482177192723
039515,4484,2070,496,0.61827220292533702
039515,4485,2070,651,0.64818398790920961
039515,4486,2070,389,0.63743275087812901
039515,4486,2070,390,0.61723516920678445
039515,4486,2070,393,0.57952919755494858
039515,4487,2070,523,0.5954239569313593
039515,4487,2070,527,0.6139444944955943
039515,4489,2070,492,0.63363088836308878
039515,4490,2070,540,0.65309230240212213
039515,4490,2070,541,0.58179344745493711
039515,4490,2070,542,0.65302605398799918
039515,4490,2070,543,0.61653182571400722
039515,4491,2070,274,0.60607173460643893
039515,4491,2070,278,0.60743677021844977
039515,4491,2070,279,0.62898098794976853
039515,4491,2070,283,0.59264378407433005
039515,4492,2070,393,0.59591498757935413
039515,4492,2070,396,0.63801333535384153
039515,4493,2070,560,0.63031084036238672
039515,4493,2070,561,0.63424114294718592
039515,4494,2070,527,0.60329116844169328
039515,4494,2070,533,0.63509888491479061
039515,4495,2070,513,0.62406015037593987
039515,4496,2070,299,0.63752761598714602
039515,4496,2070,306,0.58608418626719994
039515,4496,2070,307,0.62855266038975255
039515,4496,2070,309,0.595501183898974
039515,4496,2070,310,0.56756090040086338
039515,4496,2070,311,0.63885673748273153
039515,4497,2070,328,0.63199856669354115
039515,4497,2070,330,0.61374321880650995
039515,4497,2070,331,0.61658351703600567
039515,4499,2070,383,0.6118771075309104
039515,4499,2070,387,0.60190984303719164
039515,4502,2070,372,0.60764613359869035
039515,4503,2070,559,0.63096889952153112
039515,4503,2070,560,0.62716235091866335
039515,4503,2070,561,0.61253885224774463
039515,4503,2070,562,0.63968493775868307
039515,4503,2070,564,0.59711394924531436
039515,4504,2070,592,0.63346203886347419
039515,4505,2070,530,0.5613741097612065
039515,4505,2070,534,0.63261679663239256
039515,4505,2070,535,0.6081610044313146
039515,4505,2070,536,0.63743918938368982
039515,4506,2070,620,0.61744325706014602
039515,4506,2070,623,0.62294945457573492
039515,4507,2070,360,0.6329279070746181
039515,4508,2070,477,0.64109764094631172
039515,4508,2070,481,0.59240530636411648
039515,4509,2070,565,0.62881488199438973
039515,4510,2070,490,0.65045152327081468
039515,4511,2070,513,0.62550241611344448
039515,4511,2070,518,0.60408560311284043
039515,4511,2070,520,0.63101835926053329
039515,4511,2070,523,0.60759341871732142
039515,4511,2070,524,0.60589939114500202
039515,4512,2070,388,0.62695367337388863
039515,4513,2070,155,0.60494675369288908
039515,4513,2070,160,0.66265590064744462
039515,4513,2070,166,0.61536273115220486
039515,4514,2070,415,0.63255105441043458
039515,4514,2070,416,0.6303623312254315
039515,4514,2070,421,0.63994342148468086
039515,4515,2070,625,0.61684011352885526
039515,4516,2070,332,0.61719082324249208
039515,4516,2070,336,0.63885373784619326
039515,4516,2070,338,0.59994714122103776
039515,4517,2070,423,0.63446818865587118
039515,4518,2070,517,0.6257224018023313
039515,4518,2070,518,0.61858006042296076
039515,4519,2070,553,0.64667017214969935
039515,4519,2070,554,0.64254286147777273
039515,4519,2070,555,0.61827872295736186
039515,4520,2070,356,0.64374083197254439
039515,4520,2070,360,0.64908913958301917
039515,4521,2070,509,0.63175343175343179
039515,4521,2070,510,0.58432926638998972
039515,4522,2070,497,0.63768594434967629
039515,4522,2070,499,0.63580204067467205
039515,4522,2070,500,0.57727254533082495
039515,4522,2070,502,0.64119963299946481
039515,4522,2070,504,0.64359051614248963
039515,4523,2070,618,0.60705586847313142
039515,4523,2070,620,0.63765383794550756
039515,4524,2070,532,0.64440305822387767
039515,4524,2070,539,0.61065464134214853
039515,4525,2070,414,0.62542742398164086
039515,4527,2070,550,0.61901243689200836
039515,4527,2070,552,0.5939901629265294
039515,4527,2070,554,0.61112686261537974
039515,4527,2070,556,0.6106324786324786
039515,4527,2070,559,0.61216668025768572
039515,4528,2070,556,0.61264387271496279
039515,4528,2070,557,0.63598036276420322
039515,4528,2070,558,0.58704623936663014
039515,4529,2070,564,0.6443260785212882
039515,4530,2070,427,0.62605170029764001
039515,4530,2070,428,0.64381595862357621
039515,4531,2070,556,0.61380766849943558
039515,4531,2070,562,0.60024056754301991
039515,4531,2070,563,0.62958012266079577
039515,4532,2070,255,0.62446272366487687
039515,4532,2070,256,0.63837316399243782
039515,4533,2070,452,0.62531220730565096
039515,4533,2070,455,0.61945525291828796
039515,4534,2070,331,0.59646281136453183
039515,4534,2070,338,0.60646141471915638
039515,4535,2070,480,0.61064710014831003
039515,4535,2070,481,0.6176408357577361
039515,4535,2070,482,0.60504488514182342
039515,4535,2070,485,0.63439316628054065
039515,4536,2070,419,0.60422472636213098
039515,4536,2070,421,0.63384671324312392
039515,4536,2070,424,0.62102727727727725
039515,4537,2070,385,0.61156301126806001
039515,4537,2070,390,0.60407175398633262
039515,4537,2070,393,0.6324639525021204
039515,4537,2070,395,0.62192438487697543
039515,4538,2070,580,0.61567375886524822
039515,4538,2070,585,0.58937235570391644
039515,4538,2070,588,0.5927615172594829
039515,4538,2070,590,0.5999795855874247
039515,4538,2070,591,0.58716523496715511
039515,4539,2070,418,0.61169527896995712
039515,4540,2070,355,0.62849528137015032
039515,4541,2070,298,0.64262611634081579
039515,4541,2070,304,0.61500022308481683
039515,4542,2070,583,0.60912286646054803
039515,4542,2070,585,0.61015750815035941
039515,4542,2070,586,0.62081035214255409
039515,4542,2070,590,0.65501518243815027
039515,4542,2070,592,0.64280469897209991
039515,4543,2070,356,0.59169457468184861
039515,4544,2070,219,0.64650856652771405
039515,4545,2070,401,0.58760908817333735
039515,4545,2070,403,0.58238561920234788
039515,4546,2070,323,0.62363067292644758
039515,4546,2070,325,0.61032761196749385
039515,4547,2070,480,0.65139128965597914
039515,4547,2070,481,0.5971728689132727
039515,4547,2070,484,0.6011962495958616
039515,4549,2070,201,0.61213580203207418
039515,4550,2070,436,0.60518376747656277
039515,4550,2070,438,0.61449720450429168
039515,4550,2070,439,0.630654620383579
039515,4550,2070,440,0.61644407345575958
039515,4551,2070,231,0.61064908320462552
039515,4551,2070,239,0.63954184548755855
039515,4552,2070,556,0.62862458301257373
039515,4552,2070,558,0.63562657430730474
039515,4552,2070,563,0.61038203557888593
039515,4552,2070,565,0.61580282711127221
039515,4553,2070,317,0.62796118610072094
039515,4554,2070,490,0.61749383054565399
039515,4554,2070,498,0.626402526698701
039515,4554,2070,501,0.63452967393854098
039515,4555,2070,530,0.62178506375227682
039515,4556,2070,522,0.58186397984886651
039515,4556,2070,527,0.62366352201257858
039515,4557,2070,598,0.64904229494834953
039515,4557,2070,602,0.64741557546519646
039515,4557,2070,605,0.62098886066054326
039515,4558,2070,469,0.60096099703442318
039515,4558,2070,473,0.64119345524542826
039515,4558,2070,478,0.63897953129635121
039515,4559,2070,523,0.62615239431848424
039515,4559,2070,525,0.64375129105556705
039515,4559,2070,527,0.62929560657693939
039515,4559,2070,529,0.62322399579021226
039515,4560,2070,497,0.63551166883814492
039515,4561,2070,385,0.63043882830237841
039515,4561,2070,388,0.62423355244987022
039515,4562,2070,448,0.65406741381514466
039515,4563,2070,403,0.60114564790725278
039515,4563,2070,408,0.6037895104488038
039515,4563,2070,410,0.62176560121765601
039515,4564,2070,373,0.60205873239921504
039515,4564,2070,374,0.6377863592810894
039515,4564,2070,377,0.61597037283621836
039515,4564,2070,379,0.60149057430951336
039515,4565,2070,508,0.64358830540559486
039515,4565,2070,510,0.63305550781921294
039515,4565,2070,512,0.63063852944733345
039515,4565,2070,513,0.61282740094022836
039515,4566,2070,198,0.64320557491289199
039515,4566,2070,199,0.5980572553382687
039515,4567,2070,456,0.62206371849738473
039515,4567,2070,457,0.64002229654403564
039515,4568,2070,450,0.62072045251562968
039515,4568,2070,452,0.59150584690436903
039515,4569,2070,609,0.62843562719570156
039515,4569,2070,611,0.61686191665066259
039515,4569,2070,614,0.61522741760095989
039515,4570,2070,283,0.63374778848044033
039515,4571,2070,535,0.63115389321695148
039515,4571,2070,539,0.60972459639126309
039515,4572,2070,327,0.60207288782459034
039515,4572,2070,331,0.58395538035729266
039515,4573,2070,518,0.63219876490018667
039515,4574,2070,476,0.59539393090896364
039515,4574,2070,479,0.59197949252693782
039515,4574,2070,481,0.63189727365776494
039515,4574,2070,483,0.59752495606983957
039515,4575,2070,202,0.62111336210693213
039515,4575,2070,204,0.55696202531645567
039515,4576,2070,407,0.62185478073328537
039515,4576,2070,408,0.63493392551603622
039515,4577,2070,480,0.62482437866382445
039515,4578,2070,408,0.63883497799524369
039515,4578,2070,415,0.59557484403456429
039515,4579,2070,476,0.63062676022721853
039515,4579,2070,483,0.57074158440901035
039515,4580,2070,374,0.61974328660699207
039515,4580,2070,377,0.64704834832160985
039515,4580,2070,379,0.61249182472204056
039515,4580,2070,380,0.5833169484860401
039515,4581,2070,435,0.62641077266933887
039515,4582,2070,262,0.62260807937632889
039515,4582,2070,263,0.63555048054048913
039515,4583,2070,589,0.63506759787274936
039515,4583,2070,593,0.56694176983035305
039515,4583,2070,595,0.58357409761547052
039515,4584,2070,452,0.6486299417776149
039515,4584,2070,453,0.60248359556903974
039515,4584,2070,454,0.63809355922139133
039515,4584,2070,455,0.60857868778956803
039515,4584,2070,456,0.60307027217786402
039515,4584,2070,462,0.62095045027484308
039515,4585,2070,298,0.62172798828482523
039515,4586,2070,453,0.59952895313895882
039515,4587,2070,451,0.57972251075827275
039515,4588,2070,388,0.62083466980291524
039515,4589,2070,557,0.63697719869706837
039515,4589,2070,561,0.61834870329480018
039515,4590,2070,437,0.61234491589032625
039515,4590,2070,442,0.60424505046835675
039515,4591,2070,553,0.6464383643896483
039515,4592,2070,510,0.6353335303970834
039515,4593,2070,486,0.64049342168076528
039515,4593,2070,493,0.55935780990149675
039515,4594,2070,411,0.60535891498511407
039515,4594,2070,412,0.65561573901133108
039515,4594,2070,415,0.59460034013605445
039515,4594,2070,416,0.6172118204376269
039515,4594,2070,417,0.63202811244979917
039515,4595,2070,256,0.63283992348123252
039515,4595,2070,260,0.58689394788979854
039515,4595,2070,265,0.587838128413538
039515,4596,2070,392,0.61039353172073674
039515,4597,2070,405,0.61872676579925645
039515,4597,2070,406,0.63580036230932813
039515,4597,2070,407,0.64643240902602928
039515,4597,2070,408,0.64035270913098963
039515,4597,2070,409,0.59225493819555663
039515,4598,2070,400,0.62228093048788857
039515,4598,2070,403,0.63542727109407748
039515,4599,2070,407,0.64506396681268308
039515,4599,2070,409,0.61651690973946804
039515,4600,2070,430,0.63826630469095269
039515,4600,2070,431,0.57957147250794516
039515,4600,2070,434,0.62105074733733101
039515,4600,2070,435,0.5837367654583383
039515,4601,2070,299,0.60971208268394717
039515,4602,2070,409,0.5854502945011465
039515,4602,2070,411,0.63059729811778997
039515,4602,2070,412,0.6151178371561441
039515,4602,2070,414,0.63158350658350659
039515,4602,2070,415,0.58509651076466218
039515,4602,2070,418,0.6357115713471404
039515,4604,2070,351,0.60108684713696292
039515,4605,2070,550,0.63792909186509428
039515,4606,2070,385,0.59360948629183086
039515,4606,2070,386,0.60590035354585703
039515,4607,2070,513,0.6231818613936686
039515,4609,2070,278,0.56809675630718048
039515,4609,2070,279,0.64208650419034774
039515,4609,2070,280,0.60404452374883166
039515,4610,2070,451,0.62132223467264291
039515,4611,2070,453,0.61387062896262012
039515,4611,2070,460,0.64063638824680869
039515,4612,2070,434,0.63637993634855883
039515,4612,2070,435,0.6235086036333114
039515,4612,2070,439,0.64991884835226876
039515,4613,2070,487,0.60870285264770418
039515,4613,2070,489,0.64247889998071706
039515,4613,2070,490,0.63112625223462748
039515,4614,2070,552,0.63253664936398379
039515,4614,2070,560,0.62524380971271776
039515,4614,2070,561,0.60675448678277788
039515,4615,2070,394,0.62058458079403589
039515,4615,2070,395,0.63032754538279401
039515,4615,2070,397,0.58602749907097729
039515,4616,2070,453,0.60796432828572688
039515,4617,2070,383,0.61666963649322881
039515,4617,2070,385,0.64975154649629852
039515,4617,2070,386,0.63576109342819698
039515,4618,2070,575,0.62604715037766079
039515,4618,2070,577,0.63473031098930377
039515,4618,2070,578,0.64349106693020186
039515,4620,2070,397,0.61683031945616917
039515,4620,2070,398,0.58027463829473913
039515,4620,2070,401,0.64706667022383479
039515,4621,2070,383,0.63929502256690607
039515,4622,2070,572,0.61589724948503577
039515,4622,2070,574,0.62010869565217386
039515,4622,2070,576,0.62501688960951218
039515,4623,2070,251,0.61009037269400257
039515,4623,2070,252,0.63838819226750265
039515,4623,2070,259,0.62069754519007614
039515,4623,2070,260,0.60240667976424367
039515,4624,2070,518,0.59513474690066515
039515,4624,2070,522,0.62764028837640706
039515,4624,2070,524,0.60214444955589375
039515,4624,2070,526,0.62149456584979867
039515,4624,2070,527,0.63394194567021578
039515,4625,2070,358,0.60497674208553498
039515,4625,2070,359,0.62500411143637136
039515,4625,2070,361,0.63462051546575127
039515,4626,2070,334,0.61894838866004365
039515,4626,2070,337,0.61650157986296017
039515,4627,2070,237,0.62758532979349158
039515,4628,2070,360,0.63578772458199195
039515,4629,2070,400,0.61624016061697318
039515,4629,2070,402,0.60422535211267603
039515,4629,2070,403,0.63374830677933303
039515,4629,2070,404,0.6297703332757727
039515,4629,2070,407,0.60312938191368604
039515,4630,2070,380,0.59319533046912298
039515,4631,2070,487,0.62337510793717477
039515,4631,2070,490,0.59449929478138219
039515,4631,2070,497,0.63133186946316344
039515,4631,2070,498,0.58332263036218857
039515,4633,2070,448,0.6320729888586718
039515,4633,2070,449,0.62876849000130131
039515,4634,2070,486,0.64121357984173866
039515,4634,2070,490,0.61156797407599894
039515,4635,2070,596,0.60783115348571892
039515,4635,2070,597,0.61127895266868082
039515,4635,2070,599,0.61886528134485175
039515,4635,2070,600,0.6228289031762787
039515,4637,2070,253,0.58319864231453045
039515,4637,2070,257,0.63231951509903672
039515,4637,2070,261,0.640128453071652
039515,4638,2070,354,0.60286479467618892
039515,4639,2070,422,0.60662465798855814
039515,4640,2070,303,0.62458043868550461
039515,4642,2070,458,0.62297940525001183
039515,4642,2070,459,0.61647186735525961
039515,4642,2070,460,0.58431416507865341
039515,4642,2070,463,0.62996668102178199
039515,4643,2070,350,0.62239583333333337
039515,4644,2070,292,0.62057660784880919
039515,4644,2070,293,0.59953204569436158
039515,4644,2070,294,0.61314253568666055
039515,4644,2070,297,0.63061425826886131
039515,4644,2070,298,0.62279839436388962
039515,4645,2070,417,0.61493382498189242
039515,4645,2070,421,0.60863776032775696
039515,4645,2070,422,0.63024307099451604
039515,4646,2070,455,0.64422459205961713
039515,4646,2070,458,0.60764658710316521
039515,4646,2070,459,0.61975446428571423
039515,4648,2070,285,0.62211663066954648
039515,4649,2070,250,0.54828804437547463
039515,4649,2070,252,0.6161246176139108
039515,4649,2070,257,0.63471543641885642
039515,4649,2070,258,0.59390489138131253
039515,4650,2070,393,0.63747470338478629
039515,4650,2070,394,0.58631274828457924
039515,4650,2070,399,0.63468826753850904
039515,4651,2070,402,0.62853546280634121
039515,4651,2070,403,0.63014631194484672
039515,4652,2070,528,0.63698750146010985
039515,4652,2070,529,0.63919954866757378
039515,4653,2070,231,0.6182519280205655
039515,4654,2070,287,0.60836826895681551
039515,4654,2070,289,0.64452626265625468
039515,4654,2070,290,0.60604670853030407
039515,4656,2070,535,0.63000318022806778
039515,4657,2070,284,0.6055753262158956
039515,4657,2070,286,0.62672265788130477
039515,4658,2070,283,0.59208568878310031
039515,4658,2070,284,0.63005680243834861
039515,4658,2070,285,0.60023973629008087
039515,4659,2070,353,0.63653711688614378
039515,4660,2070,398,0.62844304957211639
039515,4660,2070,402,0.62371846836107003
039515,4660,2070,403,0.61758048289738432
039515,4661,2070,348,0.62492262799540188
039515,4662,2070,286,0.61757138217881147
039515,4662,2070,288,0.64414513954875918
039515,4662,2070,290,0.62458640526106235
039515,4663,2070,405,0.58386274720936071
039515,4664,2070,319,0.62625992063492064
039515,4665,2070,396,0.64268020304568529
039515,4666,2070,524,0.62587203508072553
039515,4666,2070,527,0.63656565656565656
039515,4666,2070,529,0.62202977889992683
039515,4666,2070,530,0.57111169102296455
039515,4666,2070,532,0.62374320092302615
039515,4666,2070,534,0.62551229508196726
039515,4666,2070,535,0.60716984609713387
039515,4667,2070,289,0.6504707843402262
039515,4667,2070,294,0.63282894475555029
039515,4668,2070,444,0.61449337938975246
039515,4668,2070,445,0.59963521247824902
039515,4668,2070,452,0.59968133837880899
039515,4668,2070,454,0.60788621216070293
039515,4669,2070,219,0.61254167553380157
039515,4670,2070,319,0.5912840683629782
039515,4671,2070,338,0.59974653673032385
039515,4671,2070,339,0.61404625503925314
039515,4671,2070,341,0.61653703077443356
039515,4672,2070,286,0.58182481546967524
039515,4673,2070,435,0.63418642109887247
039515,4675,2070,291,0.60735061403704282
039515,4677,2070,396,0.63892794722525204
039515,4678,2070,525,0.60981011509276406
039515,4678,2070,527,0.6427902852357259
039515,4679,2070,425,0.57591093117408909
039515,4679,2070,426,0.65436664995938398
039515,4680,2070,462,0.57480614261821494
039515,4680,2070,463,0.62707375919117647
039515,4680,2070,464,0.64456142749709444
039515,4681,2070,583,0.5854109699211838
039515,4682,2070,271,0.60677102032024122
039515,4682,2070,274,0.61905488192379066
039515,4683,2070,310,0.58980949501058366
039515,4684,2070,387,0.63574305988639623
039515,4684,2070,388,0.6539733911012221
039515,4684,2070,391,0.64325457917641493
039515,4684,2070,392,0.63861236387636122
039515,4684,2070,395,0.60908170418256868
039515,4685,2070,575,0.62574520774098874
039515,4687,2070,426,0.63921129285234146
039515,4688,2070,349,0.60441488195307358
039515,4689,2070,369,0.65260131068610405
039515,4689,2070,370,0.60908224833280411
039515,4689,2070,373,0.60255787599158173
039515,4689,2070,374,0.59365551171014197
039515,4691,2070,324,0.63305198169415422
039515,4691,2070,329,0.61607326034653187
039515,4691,2070,330,0.61278283181712156
039515,4691,2070,335,0.60464557743772729
039515,4692,2070,350,0.61212471346838371
039515,4692,2070,356,0.63368533144023431
039515,4693,2070,444,0.64604634736983724
039515,4694,2070,474,0.63919285651755231
039515,4694,2070,475,0.63384779137839276
039515,4695,2070,557,0.61159929701230231
039515,4695,2070,558,0.59037987909545486
039515,4695,2070,560,0.63300874527073125
039515,4695,2070,565,0.62395452544546304
039515,4696,2070,521,0.64287408913743438
039515,4696,2070,523,0.62209522208681767
039515,4697,2070,450,0.57783794237091468
039515,4697,2070,454,0.64557846387109241
039515,4697,2070,455,0.62856358896968034
039515,4699,2070,412,0.58368151359873865
039515,4700,2070,196,0.61140367986476818
039515,4701,2070,459,0.57816130102887486
039515,4701,2070,463,0.61558733480603034
039515,4702,2070,613,0.60717343735134621
039515,4702,2070,614,0.62796782900897918
039515,4705,2070,489,0.5864140309243947
039515,4705,2070,492,0.64554550438596492
039515,4706,2070,256,0.59504429016040217
039515,4706,2070,259,0.62910094562423524
039515,4706,2070,262,0.63062398583861923
039515,4707,2070,365,0.6250363289953822
039515,4707,2070,366,0.60419014084507039
039515,4707,2070,367,0.6454402218440789
039515,4708,2070,394,0.62906854130052725
039515,4708,2070,397,0.60330365208413994
039515,4709,2070,446,0.57515581082732492
039515,4711,2070,497,0.62366589327146171
039515,4711,2070,498,0.56974236749517648
039515,4711,2070,501,0.63133576029123495
039515,4711,2070,503,0.5913617545037485
039515,4711,2070,504,0.61835640911121037
039515,4711,2070,505,0.60687991348113635
039515,4712,2070,458,0.57162371704939818
039515,4712,2070,459,0.61574746430272687
039515,4712,2070,464,0.62763592670471613
039515,4713,2070,115,0.63819704257972565
039515,4713,2070,122,0.62281425037673088
039515,4714,2070,417,0.59370725034199723
039515,4714,2070,419,0.63510625358377781
039515,4716,2070,506,0.62481611576450813
039515,4716,2070,507,0.62980636237897647
039515,4716,2070,509,0.5902386377263461
039515,4716,2070,510,0.58246905319504849
039515,4716,2070,512,0.6000162451941301
039515,4716,2070,513,0.63262511249364162
039515,4716,2070,514,0.59143421625422765
039515,4716,2070,515,0.61282306163021871
039515,4716,2070,518,0.6439761464574153
039515,4717,2070,449,0.5846635683976561
039515,4718,2070,617,0.65112614566166482
039515,4718,2070,620,0.60289793647850387
039515,4718,2070,621,0.62475760674117686
039515,4719,2070,454,0.60361531190926276
039515,4719,2070,456,0.61249891200278528
039515,4720,2070,206,0.6335627420508646
039515,4721,2070,290,0.63450619979872014
039515,4721,2070,295,0.61168462847419169
039515,4722,2070,246,0.63522627309158441
039515,4722,2070,254,0.59554793422866115
039515,4722,2070,255,0.64667563869129074
039515,4722,2070,257,0.6094347641308967
039515,4723,2070,440,0.61616843458694959
039515,4723,2070,441,0.58779559662951886
039515,4723,2070,448,0.6005156970958111
039515,4723,2070,449,0.62434642076242985
039515,4724,2070,334,0.6197428633689257
039515,4724,2070,335,0.58526341794824288
039515,4724,2070,336,0.61000819597486566
039515,4725,2070,296,0.62984511360956053
039515,4726,2070,483,0.66348456625864827
039515,4726,2070,485,0.60391694195375178
039515,4728,2070,418,0.61009835645404153
039515,4728,2070,421,0.61373221394505539
039515,4728,2070,426,0.61740088105726876
039515,4729,2070,208,0.61741323712525142
039515,4729,2070,209,0.64291207382722382
039515,4729,2070,212,0.64724281742354028
039515,4729,2070,214,0.56309401357745315
039515,4730,2070,481,0.61456504878148344
039515,4730,2070,482,0.6201333714813918
039515,4730,2070,483,0.6392592592592593
039515,4730,2070,484,0.63754892558127474
039515,4730,2070,485,0.61640451288808362
039515,4731,2070,554,0.62468429404796499
039515,4732,2070,311,0.62851053590457528
039515,4732,2070,317,0.64406375925521564
039515,4733,2070,356,0.61612751256281406
039515,4734,2070,518,0.63704536932883393
039515,4735,2070,401,0.60842293906810041
039515,4736,2070,266,0.60899981740162512
039515,4737,2070,403,0.63196305034590317
039515,4737,2070,406,0.63329533627397527
039515,4738,2070,541,0.62814708660391494
039515,4738,2070,544,0.64738260551799742
039515,4738,2070,545,0.6325509631569104
039515,4738,2070,546,0.61796889295516921
039515,4740,2070,338,0.60707729961248214
039515,4740,2070,339,0.63324386503067487
039515,4741,2070,448,0.58610741233910346
039515,4741,2070,452,0.5875800098473658
039515,4742,2070,498,0.62260042931616066
039515,4742,2070,500,0.63174036259171551
039515,4743,2070,462,0.65091366211809287
039515,4744,2070,251,0.59249869686774392
039515,4745,2070,398,0.63659821069774325
039515,4745,2070,399,0.57480880550978153
039515,4745,2070,401,0.60528824996332697
039515,4745,2070,402,0.60759657206838635
039515,4745,2070,404,0.61745345119428252
039515,4746,2070,188,0.61921859498275622
039515,4746,2070,194,0.61002589715131339
039515,4746,2070,200,0.61742185388703719
039515,4747,2070,217,0.61385353189341219
039515,4748,2070,403,0.63639462223063814
039515,4748,2070,409,0.60220654729607526
039515,4749,2070,421,0.63428811121764139
039515,4750,2070,374,0.64177020129057116
039515,4750,2070,377,0.63587613293051359
039515,4750,2070,384,0.65431105456178429
039515,4750,2070,386,0.60314800210304942
039515,4750,2070,388,0.62196817179560926
039515,4752,2070,474,0.61998512661943717
039515,4752,2070,475,0.64615025785886437
039515,4752,2070,476,0.65073293891547646
039515,4752,2070,477,0.62397592375856881
039515,4752,2070,478,0.63265869365225391
039515,4752,2070,480,0.63457763582526527
039515,4752,2070,482,0.59893208030756084
039515,4753,2070,536,0.64608741761987731
039515,4753,2070,539,0.63349561830574486
039515,4754,2070,584,0.6265112470497568
039515,4755,2070,399,0.60606792452830194
039515,4756,2070,176,0.59947006975612394
039515,4756,2070,177,0.62465575393755612
039515,4756,2070,179,0.56342127850132473
039515,4756,2070,182,0.6563392277458584
039515,4756,2070,183,0.62381781488662891
039515,4756,2070,187,0.63462260608336463
039515,4757,2070,463,0.62030300106146874
039515,4757,2070,464,0.64256914256914255
039515,4757,2070,466,0.60871737229923817
039515,4757,2070,467,0.60993850756190793
039515,4758,2070,491,0.61229809104258448
039515,4758,2070,493,0.64463333031919701
039515,4759,2070,490,0.6280908051608689
039515,4759,2070,492,0.63988480921526281
039515,4759,2070,494,0.61961145463316225
039515,4761,2070,329,0.65018814214672205
039515,4761,2070,332,0.60308197319230417
039515,4762,2070,392,0.64646288817713415
039515,4763,2070,483,0.6388480064222638
039515,4763,2070,485,0.61620556299271156
039515,4763,2070,490,0.57486609150754386
039515,4764,2070,260,0.58771830560899252
039515,4764,2070,261,0.63536486119902347
039515,4764,2070,262,0.58922347017815646
039515,4764,2070,264,0.64338803443962023
039515,4766,2070,443,0.65140894358841839
039515,4766,2070,445,0.59389330052566824
039515,4766,2070,449,0.64441889632107019
039515,4767,2070,551,0.63114058998122236
039515,4767,2070,555,0.61729953288669259
039515,4769,2070,330,0.63217969399227647
039515,4769,2070,331,0.59417935999297655
039515,4769,2070,333,0.62246153846153851
039515,4769,2070,334,0.64511898980087423
039515,4771,2070,431,0.61361532765642357
039515,4771,2070,434,0.63075450352449747
039515,4771,2070,436,0.60329665661243048
039515,4771,2070,437,0.62687178926658649
039515,4772,2070,426,0.61339721105312683
039515,4772,2070,427,0.59614434008897677
039515,4773,2070,618,0.58250312588230546
039515,4773,2070,621,0.65014000373343284
039515,4773,2070,622,0.62151450153874843
039515,4773,2070,627,0.62085882806901493
039515,4774,2070,434,0.63721925133689838
039515,4775,2070,520,0.63034953524399695
039515,4776,2070,471,0.63937886325946025
039515,4776,2070,480,0.63660651511600652
039515,4776,2070,481,0.63138934475443298
039515,4777,2070,231,0.63984429644497154
039515,4777,2070,232,0.62577319587628866
039515,4778,2070,313,0.66546215290985167
039515,4778,2070,317,0.64515357953866381
039515,4778,2070,319,0.59436785779067658
039515,4779,2070,296,0.60680536503581772
039515,4779,2070,298,0.6418423281607083
039515,4779,2070,300,0.59233173394374261
039515,4779,2070,307,0.59050104796931224
039515,4779,2070,310,0.6281711579659488
039515,4779,2070,311,0.6274022211492033
039515,4780,2070,555,0.60790954697089306
039515,4780,2070,558,0.6479982873046457
039515,4780,2070,560,0.638434213275754
039515,4780,2070,562,0.61486324087871946
039515,4781,2070,529,0.61376887138499558
039515,4782,2070,483,0.63734119087708552
039515,4782,2070,491,0.62724491153385664
039515,4782,2070,492,0.60623939631814849
039515,4784,2070,423,0.61170403733803325
039515,4784,2070,424,0.63019450745692362
039515,4784,2070,427,0.62752200528851376
039515,4785,2070,251,0.62318921019037576
039515,4786,2070,440,0.64472998472459342
039515,4786,2070,446,0.62669287898645698
039515,4788,2070,359,0.60211460168925079
039515,4788,2070,361,0.59945932859909623
039515,4788,2070,364,0.60376365311225166
039515,4789,2070,421,0.62926567387143462
039515,4789,2070,430,0.60432437332849831
039515,4790,2070,501,0.63015058745656127
039515,4791,2070,206,0.63824933462887079
039515,4791,2070,207,0.60397221619275021
039515,4791,2070,208,0.63963940891745841
039515,4792,2070,508,0.61535807920518837
039515,4792,2070,509,0.63519269080167617
039515,4792,2070,510,0.63589179245437977
039515,4792,2070,512,0.63864633973663099
039515,4792,2070,513,0.63024550945172175
039515,4793,2070,404,0.62490944841146645
039515,4793,2070,405,0.62596775662628656
039515,4793,2070,408,0.57712659197898042
039515,4794,2070,302,0.65317033852767326
039515,4794,2070,303,0.62885405569928476
039515,4795,2070,442,0.62189905902480758
039515,4795,2070,449,0.60621397960691592
039515,4796,2070,535,0.61001943424746274
039515,4796,2070,536,0.61328386894917986
039515,4797,2070,438,0.6494228711206238
039515,4797,2070,439,0.62893015956055454
039515,4797,2070,441,0.55279739648248161
039515,4798,2070,439,0.64913657770800626
039515,4798,2070,442,0.63778136718713108
039515,4798,2070,443,0.63386278824992826
039515,4798,2070,446,0.60578443612151478
039515,4798,2070,447,0.63891602331810304
039515,4799,2070,449,0.65010732904017177
039515,4799,2070,450,0.62483976641504058
039515,4799,2070,453,0.61871689228958215
039515,4799,2070,455,0.63097483154772216
039515,4800,2070,394,0.56492411467116355
039515,4801,2070,438,0.62100762846843827
039515,4802,2070,496,0.64824068826953785
039515,4802,2070,498,0.62686003712209393
039515,4804,2070,608,0.61215459210092737
039515,4804,2070,614,0.61180063427430409
039515,4804,2070,617,0.64160387797038831
039515,4805,2070,332,0.61305423406279735
039515,4805,2070,337,0.58595648488273522
039515,4805,2070,338,0.61204147798826403
039515,4805,2070,343,0.60682298933345336
039515,4805,2070,344,0.60546950442272784
039515,4806,2070,495,0.59601008344923501
039515,4807,2070,460,0.63029941459413108
039515,4807,2070,461,0.61612807084770294
039515,4808,2070,304,0.63505646502670055
039515,4808,2070,305,0.63581613218716215
039515,4809,2070,532,0.62352776546866617
039515,4809,2070,538,0.62853324290359258
039515,4809,2070,540,0.59200735228721357
039515,4809,2070,542,0.63064650774510711
039515,4810,2070,393,0.62406137531657757
039515,4810,2070,399,0.57430993443855183
039515,4811,2070,542,0.61076783280327129
039515,4812,2070,287,0.6278966340527129
039515,4812,2070,292,0.65508748399682981
039515,4813,2070,335,0.61731161577310278
039515,4814,2070,444,0.6122748498999333
039515,4814,2070,445,0.61127863540213334
039515,4814,2070,446,0.62181475519258711
039515,4815,2070,449,0.63218774595148941
039515,4816,2070,608,0.63029581196373452
039515,4816,2070,609,0.62176320910043403
039515,4816,2070,610,0.62250540995431591
039515,4817,2070,500,0.60053357047576705
039515,4817,2070,502,0.60300548344554727
039515,4817,2070,504,0.64040734307414593
039515,4817,2070,505,0.63002896684905052
039515,4817,2070,512,0.62477315134319966
039515,4818,2070,503,0.60658702584360569
039515,4818,2070,504,0.60873454522219739
039515,4818,2070,511,0.62348759313691982
039515,4818,2070,512,0.62103239528795806
039515,4819,2070,556,0.63455414012738853
039515,4819,2070,558,0.63615504784221832
039515,4819,2070,564,0.64064964056771867
039515,4821,2070,291,0.59769069555933407
039515,4822,2070,549,0.61007398321002804
039515,4823,2070,521,0.58941056391936719
039515,4823,2070,522,0.58940986942513141
039515,4823,2070,524,0.57979228320955944
039515,4823,2070,530,0.62868381618381619
039515,4823,2070,532,0.64682280615853327
039515,4824,2070,339,0.60057920841516599
039515,4824,2070,340,0.62826855123674907
039515,4825,2070,493,0.59434653503528601
039515,4825,2070,494,0.57016963505967666
039515,4825,2070,496,0.59138703186863117
039515,4825,2070,498,0.61023944334538505
039515,4825,2070,499,0.5833419483786485
039515,4825,2070,503,0.63419899595058948
039515,4826,2070,269,0.60977762089657606
039515,4826,2070,271,0.60004499775011244
039515,4827,2070,395,0.62650739107883813
039515,4828,2070,483,0.62225048064550315
039515,4828,2070,487,0.64064966720973993
039515,4828,2070,492,0.63501727115716755
039515,4829,2070,384,0.57781402936378468
039515,4830,2070,299,0.5484252815840448
039515,4830,2070,300,0.63081920617196219
039515,4830,2070,304,0.59736872386943352
039515,4830,2070,305,0.61805917865394644
039515,4831,2070,442,0.61885405827263262
039515,4831,2070,446,0.64745608774881669
039515,4832,2070,319,0.64844357256542173
039515,4834,2070,447,0.64542808462302992
039515,4834,2070,450,0.61706401849675929
039515,4835,2070,359,0.61849680590972422
039515,4836,2070,507,0.62104056841622735
039515,4836,2070,511,0.6080965845339078
039515,4837,2070,420,0.58775157584871851
039515,4839,2070,384,0.63224495615598486
039515,4840,2070,508,0.60060280435067492
039515,4840,2070,510,0.63234702902629247
039515,4841,2070,460,0.5956585001376381
039515,4842,2070,489,0.59830108113018987
039515,4842,2070,494,0.62084029294616472
039515,4843,2070,514,0.59648449984020457
039515,4843,2070,515,0.62551769742108376
039515,4843,2070,518,0.62201503187137286
039515,4843,2070,520,0.62148221880372811
039515,4844,2070,342,0.60071765092582452
039515,4844,2070,343,0.61288836566514815
039515,4844,2070,349,0.63736776898884973
039515,4845,2070,460,0.59621451104100942
039515,4845,2070,462,0.60368883412171559
039515,4846,2070,415,0.6087535894596573
039515,4846,2070,417,0.64824110900876553
039515,4846,2070,418,0.59754217692900569
039515,4847,2070,568,0.61873283366696152
039515,4847,2070,569,0.5898698436746781
039515,4847,2070,573,0.62111559975139841
039515,4848,2070,417,0.57928082191780816
039515,4848,2070,420,0.61682287006075454
039515,4848,2070,422,0.64076623999843307
039515,4849,2070,247,0.63917714007486082
039515,4850,2070,444,0.64859924549826931
039515,4850,2070,446,0.60185230799546774
039515,4850,2070,449,0.59043289187586478
039515,4850,2070,452,0.61346625859822435
039515,4851,2070,469,0.59816662798793219
039515,4852,2070,482,0.63163057695102454
039515,4852,2070,483,0.64423294079690274
039515,4852,2070,486,0.62988702904122551
039515,4853,2070,529,0.64168415290575676
039515,4854,2070,457,0.63774008131221083
039515,4854,2070,462,0.63884528170242461
039515,4854,2070,463,0.63554637112696444
039515,4855,2070,227,0.63442197109300413
039515,4856,2070,324,0.58943117977528092
039515,4856,2070,328,0.62138140133737596
039515,4856,2070,330,0.61262019763371289
039515,4857,2070,532,0.61125855566419895
039515,4857,2070,535,0.65102182196051261
039515,4857,2070,536,0.62378830339504754
039515,4857,2070,537,0.62095605987445679
039515,4858,2070,375,0.5858149484103683
039515,4858,2070,382,0.63380483511084729
039515,4858,2070,383,0.59670952138492872
039515,4859,2070,310,0.64429354066200828
039515,4859,2070,312,0.63002549080989223
039515,4859,2070,313,0.58306188925081437
039515,4859,2070,314,0.61298050745943589
039515,4859,2070,315,0.62804556828657976
039515,4859,2070,316,0.62767154105736778
039515,4859,2070,318,0.60788863109048719
039515,4859,2070,320,0.60816184703293308
039515,4860,2070,272,0.6095870268453556
039515,4860,2070,273,0.60072620306108382
039515,4860,2070,276,0.63457845208373342
039515,4861,2070,417,0.47557601368346913
039515,4861,2070,421,0.5917699463652617
039515,4861,2070,422,0.63397340826893556
039515,4861,2070,423,0.62814475000610037
039515,4863,2070,545,0.62618855087416003
039515,4863,2070,546,0.62104769560557338
039515,4863,2070,548,0.628659283517912
039515,4863,2070,549,0.601040602062622
039515,4864,2070,593,0.63368839140639099
039515,4864,2070,596,0.63410252867210171
039515,4864,2070,597,0.58438426021638756
039515,4864,2070,600,0.64690892975847547
039515,4865,2070,569,0.60938092774616315
039515,4866,2070,419,0.63469562843661043
039515,4866,2070,421,0.63905485414582719
039515,4866,2070,422,0.58111084887105657
039515,4868,2070,413,0.60268714011516311
039515,4869,2070,221,0.63076855588699776
039515,4869,2070,223,0.58270897605406202
039515,4869,2070,225,0.64154964276915494
039515,4870,2070,453,0.63972901417224737
039515,4870,2070,454,0.61798666449829243
039515,4871,2070,413,0.6012431269423858
039515,4871,2070,417,0.5933908045977011
039515,4872,2070,585,0.65327544253065506
039515,4872,2070,592,0.61974261269681497
039515,4872,2070,594,0.65097366108829358
039515,4873,2070,358,0.63213712546119361
039515,4874,2070,299,0.63165462034662312
039515,4875,2070,628,0.63285085761652748
039515,4876,2070,420,0.58091051805337524
039515,4877,2070,392,0.61885714285714288
039515,4877,2070,393,0.60239873274496492
039515,4877,2070,395,0.61643461643461639
039515,4877,2070,396,0.64219977553310892
039515,4878,2070,413,0.64043839498977151
039515,4880,2070,413,0.6242372693317555
039515,4880,2070,416,0.59537134579931528
039515,4880,2070,419,0.60617450526856853
039515,4880,2070,420,0.65251453121051306
039515,4880,2070,422,0.60413697801960531
039515,4881,2070,432,0.63355698874974697
039515,4881,2070,434,0.61933806146572101
039515,4881,2070,435,0.63730187983781794
039515,4881,2070,437,0.60743177216082533
039515,4881,2070,438,0.60090788081504487
039515,4882,2070,411,0.64018020117286112
039515,4882,2070,414,0.62579363671833432
039515,4882,2070,416,0.62286172487526725
039515,4883,2070,508,0.63054414784394253
039515,4883,2070,509,0.59406745225518087
039515,4884,2070,412,0.57862124898621248
039515,4884,2070,414,0.62710871973413518
039515,4885,2070,283,0.58626854436533571
039515,4885,2070,284,0.64663832311647218
039515,4886,2070,474,0.61019406647334373
039515,4886,2070,477,0.6141302212267673
039515,4886,2070,481,0.60247213658999288
039515,4887,2070,381,0.61270368831648436
039515,4887,2070,382,0.61452215696743195
039515,4887,2070,387,0.62938262812004275
039515,4888,2070,567,0.63733607100278178
039515,4888,2070,569,0.62118846145730022
039515,4888,2070,570,0.60759051404114073
039515,4889,2070,307,0.63133532351658672
039515,4889,2070,310,0.60790714544795066
039515,4890,2070,528,0.63559558271684358
039515,4890,2070,530,0.61675953170976017
039515,4890,2070,533,0.62150622652698162
039515,4891,2070,599,0.62965076001467057
039515,4892,2070,394,0.63643757625050834
039515,4892,2070,396,0.63134851138353765
039515,4892,2070,398,0.62952551587791916
039515,4892,2070,402,0.64476022933396526
039515,4893,2070,375,0.61107991764926073
039515,4893,2070,377,0.60499257231073955
039515,4893,2070,378,0.62269834053193907
039515,4894,2070,528,0.58752802119421232
039515,4894,2070,531,0.6384206693815907
039515,4894,2070,538,0.62663523320852399
039515,4896,2070,498,0.63108511937277079
039515,4898,2070,496,0.64293409527378331
039515,4898,2070,498,0.60435716264893324
039515,4899,2070,419,0.60074500507958006
039515,4900,2070,480,0.5963943166515514
039515,4900,2070,485,0.64645077771021708
039515,4900,2070,487,0.64194822290478282
039515,4900,2070,489,0.62045581065807454
039515,4901,2070,338,0.61916600215769968
039515,4901,2070,339,0.62132569524854242
039515,4901,2070,344,0.6398162040510128
039515,4901,2070,345,0.61696629628262389
039515,4902,2070,284,0.64993730614399792
039515,4902,2070,286,0.61427291971991538
039515,4902,2070,287,0.63065078388606155
039515,4902,2070,290,0.64289999454614866
039515,4903,2070,378,0.62507826522519516
039515,4904,2070,464,0.63510894006358065
039515,4904,2070,465,0.60793470007593009
039515,4905,2070,497,0.62851918500029025
039515,4905,2070,500,0.60110402067102531
039515,4906,2070,349,0.61271441817338901
039515,4906,2070,350,0.6612721453365189
039515,4906,2070,352,0.64873968242217861
039515,4906,2070,353,0.59909394792399717
039515,4907,2070,227,0.59696168029501362
039515,4907,2070,229,0.63696532953947982
039515,4907,2070,232,0.64123988669017096
039515,4907,2070,237,0.60111609850782477
039515,4907,2070,239,0.63809393399972614
039515,4908,2070,442,0.59583092067168497
039515,4908,2070,443,0.62687843964755197
039515,4909,2070,395,0.59327249575551788
039515,4909,2070,397,0.61650796909888872
039515,4909,2070,400,0.60228374784921013
039515,4910,2070,550,0.64010502534041647
039515,4911,2070,288,0.61663635939758477
039515,4911,2070,291,0.64420095828635848
039515,4912,2070,290,0.62016412661195774
039515,4914,2070,275,0.62525863566724049
039515,4914,2070,279,0.61729720799603505
039515,4915,2070,418,0.63197026022304836
039515,4915,2070,419,0.59306234718826401
039515,4915,2070,425,0.61489231177358117
039515,4916,2070,569,0.62169380546222108
039515,4916,2070,574,0.61947959546678866
039515,4917,2070,439,0.64677858556421908
039515,4918,2070,351,0.6486584045241246
039515,4918,2070,352,0.63428383940822053
039515,4918,2070,353,0.63274894810659188
039515,4919,2070,284,0.64579709072065739
039515,4920,2070,450,0.61177291763610986
039515,4920,2070,454,0.60350520701041399
039515,4922,2070,506,0.63660253402158606
039515,4923,2070,361,0.63600695528110929
039515,4923,2070,367,0.61603107904542931
039515,4924,2070,340,0.613130732209341
039515,4924,2070,347,0.61107381048296849
039515,4925,2070,459,0.63042866192721903
039515,4926,2070,446,0.62475138121546958
039515,4927,2070,569,0.59632422450370437
039515,4928,2070,565,0.61154787510198028
039515,4928,2070,571,0.63394230408523089
039515,4931,2070,246,0.62620680005596752
039515,4931,2070,248,0.64167739334067397
039515,4931,2070,251,0.62362645203641864
039515,4933,2070,571,0.57787625849754753
039515,4933,2070,574,0.62309233852320023
039515,4933,2070,576,0.60368626504084666
039515,4933,2070,578,0.6382206160729651
039515,4934,2070,550,0.60752634017607121
039515,4935,2070,407,0.60390139696995249
039515,4935,2070,410,0.64086919999115766
039515,4935,2070,415,0.62774627923458537
039515,4936,2070,251,0.64108380395162934
039515,4936,2070,253,0.60622117180650326
039515,4936,2070,255,0.63311205786188451
039515,4937,2070,412,0.64763350255578234
039515,4937,2070,417,0.62001010611419904
039515,4937,2070,419,0.62069325537690545
039515,4937,2070,420,0.64246278033735671
039515,4938,2070,543,0.65557719639943146
039515,4938,2070,546,0.61531587883120364
039515,4939,2070,559,0.62569892861007903
039515,4939,2070,560,0.60245385528730255
039515,4939,2070,561,0.60382345486802569
039515,4939,2070,563,0.58110268497642958
039515,4940,2070,547,0.61407491486946653
039515,4941,2070,292,0.59800237341772156
039515,4942,2070,475,0.6316223648029331
039515,4942,2070,477,0.61143166245943026
039515,4942,2070,478,0.62032269138345353
039515,4942,2070,480,0.62725083334662435
039515,4942,2070,484,0.63419213973799127
039515,4943,2070,518,0.60870326173428801
039515,4944,2070,516,0.66002046793944313
039515,4944,2070,519,0.58552682964930092
039515,4946,2070,421,0.64618604527154933
039515,4946,2070,429,0.64779267202859692
039515,4947,2070,459,0.61637973149903269
039515,4947,2070,462,0.63242132785507521
039515,4947,2070,464,0.58928850054610704
039515,4949,2070,588,0.63086813945460818
039515,4950,2070,464,0.63390055653528155
039515,4950,2070,468,0.61563345877071363
039515,4951,2070,466,0.64396709791749895
039515,4951,2070,469,0.63067479432200857
039515,4952,2070,187,0.59503285824016383
039515,4952,2070,190,0.61442473708993883
039515,4952,2070,191,0.66115426774055186
039515,4953,2070,612,0.6065222297449786
039515,4953,2070,613,0.59744480916521847
039515,4953,2070,615,0.63398584612837805
039515,4954,2070,295,0.6444046909163188
039515,4954,2070,297,0.61959556326869392
039515,4954,2070,298,0.64265489420003041
039515,4955,2070,463,0.60333320011190605
039515,4956,2070,404,0.65359425921283532
039515,4956,2070,405,0.58494988958722605
039515,4957,2070,260,0.61796331435800123
039515,4957,2070,261,0.58918745230349034
039515,4957,2070,262,0.6231424778382082
039515,4957,2070,264,0.60261674832205259
039515,4957,2070,268,0.61515560049432649
039515,4958,2070,492,0.59609609609609615
039515,4958,2070,495,0.58780140085538957
039515,4958,2070,502,0.60833877817706627
039515,4959,2070,577,0.61079313164349958
039515,4959,2070,578,0.63541307386497725
039515,4960,2070,371,0.60334592552617372
039515,4960,2070,372,0.62927993634796442
039515,4960,2070,375,0.63874388121838965
039515,4960,2070,376,0.60034623991892921
039515,4960,2070,377,0.64971212040851201
039515,4961,2070,460,0.61879254547483542
039515,4961,2070,463,0.61676893299839397
039515,4962,2070,588,0.65376890502117357
039515,4962,2070,589,0.59927797833935015
039515,4962,2070,592,0.62244984339287224
039515,4962,2070,593,0.61930174766773949
039515,4962,2070,597,0.61679406063709175
039515,4962,2070,600,0.62103290144125778
039515,4962,2070,601,0.61054869874728424
039515,4962,2070,603,0.62370815299001858
039515,4963,2070,576,0.62749683115520782
039515,4963,2070,577,0.61226498422712938
039515,4963,2070,579,0.62746062992125984
039515,4963,2070,580,0.65193106578074633
039515,4964,2070,518,0.61212244070545307
039515,4965,2070,255,0.56984655974449772
039515,4966,2070,466,0.61770287709709248
039515,4966,2070,470,0.61329470717193857
039515,4967,2070,426,0.63144773819236699
039515,4967,2070,427,0.61802366416337995
039515,4967,2070,428,0.64612291436379932
039515,4967,2070,435,0.63549215221135413
039515,4968,2070,523,0.61665538669784037
039515,4968,2070,525,0.62410667834944278
039515,4968,2070,527,0.64429802919919887
039515,4969,2070,219,0.59804859383967857
039515,4969,2070,222,0.63919121559522085
039515,4970,2070,540,0.584960774495076
039515,4971,2070,416,0.61128247309616834
039515,4971,2070,417,0.64231932556792581
039515,4971,2070,419,0.6136372757555083
039515,4971,2070,423,0.63976072094468617
039515,4971,2070,427,0.62165656068207698
039515,4972,2070,398,0.6212830297357621
039515,4972,2070,404,0.60081620314389361
039515,4973,2070,435,0.57601247235415687
039515,4974,2070,461,0.57948442534908695
039515,4974,2070,463,0.61093542793022548
039515,4974,2070,473,0.58856177606177607
039515,4975,2070,438,0.64470429614501901
039515,4975,2070,439,0.63062518876472362
039515,4975,2070,440,0.64782896511143262
039515,4975,2070,441,0.63501228501228502
039515,4976,2070,529,0.63154297660207448
039515,4977,2070,495,0.65736469921982699
039515,4977,2070,498,0.64225045865325814
039515,4977,2070,499,0.60801450420714986
039515,4978,2070,202,0.62642479507202797
039515,4978,2070,205,0.58501883107825359
039515,4979,2070,507,0.60541898438901853
039515,4979,2070,511,0.63680567985203751
039515,4979,2070,512,0.63712939410366543
039515,4982,2070,219,0.59779299847792999
039515,4982,2070,221,0.63763365092981217
039515,4982,2070,227,0.63951689510109921
039515,4983,2070,408,0.64553669825876125
039515,4983,2070,410,0.61714927408358067
039515,4983,2070,412,0.59904109046241627
039515,4983,2070,420,0.59739709186485224
039515,4984,2070,337,0.63946121227238717
039515,4984,2070,339,0.62983694329520568
039515,4985,2070,457,0.63718766293667028
039515,4985,2070,460,0.60441518436867692
039515,4986,2070,487,0.62867359940811374
039515,4986,2070,489,0.59848070495290184
039515,4986,2070,490,0.59305638167986729
039515,4987,2070,537,0.62103164112364129
039515,4987,2070,548,0.64053027622484848
039515,4989,2070,319,0.6289656951250967
039515,4989,2070,320,0.63935685145188381
039515,4990,2070,543,0.64269681431601489
039515,4991,2070,474,0.61047104005016062
039515,4991,2070,475,0.62592553229177739
039515,4992,2070,272,0.61429756711184857
039515,4992,2070,277,0.60630245913709324
039515,4993,2070,463,0.58827934105777568
039515,4993,2070,465,0.63179880888537643
039515,4993,2070,471,0.63381473011497136
039515,4994,2070,464,0.59813277151237243
039515,4994,2070,465,0.64047696076165828
039515,4994,2070,470,0.60813938255971356
039515,4995,2070,389,0.64550647949983986
039515,4995,2070,391,0.64239532019704437
039515,4995,2070,395,0.61780964773849401
039515,4995,2070,398,0.62215762016646092
039515,4995,2070,399,0.59134088826303677
039515,4996,2070,485,0.59902700736564518
039515,4996,2070,486,0.60473177918363807
039515,4996,2070,487,0.59373319470834973
039515,4997,2070,531,0.63837393319391855
039515,4997,2070,538,0.61774304553426729
039515,4999,2070,472,0.61404346331589199
039515,5000,2070,488,0.6426100397467982
039515,5000,2070,490,0.61842953885843277
039515,5000,2070,493,0.6214768636403547
039515,5001,2070,471,0.60506803907885554
039515,5001,2070,474,0.59694860481014234
039515,5001,2070,475,0.63817308408430773
039515,5002,2070,371,0.5956430424576864
039515,5003,2070,309,0.61547839436492524
039515,5003,2070,315,0.60839312501129561
039515,5004,2070,514,0.63551676799372425
039515,5004,2070,518,0.60445611348138428
039515,5004,2070,519,0.61726061357297801
039515,5005,2070,436,0.62522195399317682
039515,5005,2070,442,0.64613188535602328
039515,5006,2070,479,0.60539483971853014
039515,5006,2070,481,0.63063852848353474
039515,5006,2070,483,0.62736467899614878
039515,5006,2070,487,0.61706363440705936
039515,5007,2070,608,0.6085460482426881
039515,5008,2070,482,0.62241065551554575
039515,5008,2070,485,0.62454513949055623
039515,5010,2070,485,0.59578531864773665
039515,5010,2070,486,0.62483822162270553
039515,5010,2070,492,0.60924581206413109
039515,5011,2070,423,0.64302712017396302
039515,5011,2070,427,0.61554994046063138
039515,5012,2070,510,0.65043038584241253
039515,5012,2070,513,0.63147561311656109
039515,5012,2070,514,0.60148083623693382
039515,5012,2070,515,0.62713008267251558
039515,5013,2070,281,0.63810038749211495
039515,5013,2070,282,0.63512707960765191
039515,5013,2070,283,0.64522033189234418
039515,5014,2070,525,0.59150326797385622
039515,5014,2070,529,0.66283296262138558
039515,5015,2070,511,0.64704915788032313
039515,5015,2070,515,0.6326019024071976
039515,5016,2070,617,0.62843009146910589
039515,5017,2070,296,0.57322703869789071
039515,5019,2070,551,0.58512727142908139
039515,5019,2070,556,0.62258537778140033
039515,5019,2070,557,0.61750256247128266
039515,5020,2070,308,0.6391338038492953
039515,5020,2070,312,0.61067949560748225
039515,5021,2070,448,0.63096319854611538
039515,5021,2070,449,0.60472405178287536
039515,5021,2070,451,0.61962952186984777
039515,5021,2070,452,0.6226207028815266
039515,5021,2070,456,0.62014381659823903
039515,5022,2070,611,0.62824549395391283
039515,5024,2070,388,0.59270516717325228
039515,5024,2070,392,0.62302798035421936
039515,5025,2070,585,0.65817994151040771
039515,5025,2070,586,0.59648743349050481
039515,5027,2070,454,0.60123831865553978
039515,5029,2070,462,0.63368147470760938
039515,5029,2070,465,0.61280822601577323
039515,5029,2070,466,0.62124287233014397
039515,5030,2070,348,0.64500594255020294
039515,5030,2070,351,0.57937192935865089
039515,5031,2070,485,0.5834498404072912
039515,5032,2070,441,0.63434356196402342
039515,5034,2070,579,0.61404921700223714
039515,5035,2070,326,0.65100263654737056
039515,5036,2070,605,0.65868226023327814
039515,5036,2070,610,0.59864933556023525
039515,5036,2070,611,0.61702383096224267
039515,5037,2070,528,0.63481214357598126
039515,5037,2070,531,0.60462803941064813
039515,5037,2070,532,0.63288583278760091
039515,5037,2070,533,0.62988191702378504
039515,5038,2070,423,0.59422305216734872
039515,5038,2070,424,0.63601956055734188
039515,5038,2070,428,0.60446476095056201
039515,5038,2070,429,0.60355701805930972
039515,5038,2070,430,0.63219962131032914
039515,5040,2070,277,0.61036504634007949
039515,5040,2070,280,0.64223399786745938
039515,5040,2070,281,0.63332628909551991
039515,5041,2070,251,0.62096812056904083
039515,5041,2070,255,0.64678563749731244
039515,5042,2070,426,0.55797930355670244
039515,5042,2070,427,0.61923847695390777
039515,5042,2070,431,0.63796179452591273
039515,5043,2070,421,0.6053820390996183
039515,5044,2070,518,0.60172989974444668
039515,5044,2070,519,0.61830642830601545
039515,5046,2070,572,0.64302215606927449
039515,5046,2070,576,0.64708367778083953
039515,5046,2070,580,0.63758874402994703
039515,5047,2070,400,0.61853264153695486
039515,5047,2070,402,0.58672719135605145
039515,5047,2070,405,0.5967716460814354
039515,5048,2070,302,0.60956761035925666
039515,5048,2070,303,0.60462204007285969
039515,5048,2070,304,0.620900974025974
039515,5048,2070,305,0.63834221812497494
039515,5049,2070,478,0.60985543570693279
039515,5049,2070,481,0.60838892722950699
039515,5049,2070,482,0.6331327027801662
039515,5050,2070,265,0.60763866468651129
039515,5050,2070,267,0.58107328332371611
039515,5050,2070,268,0.62357991501170762
039515,5051,2070,515,0.6150365025829313
039515,5051,2070,517,0.62424224845549203
039515,5051,2070,518,0.6302926105717368
039515,5052,2070,342,0.62293198529411764
039515,5052,2070,343,0.62296292876598491
039515,5052,2070,348,0.63094461616992314
039515,5052,2070,349,0.63260196649672251
039515,5052,2070,352,0.60929432013769358
039515,5053,2070,242,0.64892456699096901
039515,5054,2070,294,0.64809673496546816
039515,5054,2070,295,0.584025260203485
039515,5055,2070,372,0.65153577809920871
039515,5055,2070,373,0.60281838883205174
039515,5055,2070,376,0.65037458949096882
039515,5055,2070,381,0.62152604010275914
039515,5055,2070,382,0.61799692121099037
039515,5056,2070,370,0.6303139102899743
039515,5056,2070,371,0.61784398526349515
039515,5059,2070,538,0.64432524801822755
039515,5060,2070,242,0.628970660915667
039515,5060,2070,243,0.5972025495750708
039515,5061,2070,253,0.61461192912403295
039515,5061,2070,255,0.60088516325693186
039515,5061,2070,259,0.59773635153129157
039515,5062,2070,334,0.64419402401227699
039515,5063,2070,558,0.60568678618632865
039515,5063,2070,562,0.625040499884286
039515,5063,2070,565,0.61670377564072199
039515,5064,2070,611,0.60808206587802782
039515,5064,2070,613,0.59940246483256565
039515,5064,2070,614,0.62049734269404899
039515,5064,2070,617,0.61884731107410973
039515,5065,2070,387,0.60385438972162742
039515,5065,2070,388,0.59408623160088581
039515,5065,2070,391,0.63170079561758186
039515,5065,2070,393,0.63451235123986538
039515,5068,2070,477,0.60541104688503533
039515,5068,2070,481,0.64424489188837453
039515,5068,2070,483,0.60355499790882472
039515,5069,2070,207,0.65301439327972133
039515,5069,2070,213,0.57604024386181163
039515,5070,2070,312,0.58826676858398619
039515,5070,2070,315,0.62204288678810238
039515,5070,2070,317,0.61020698965051745
039515,5070,2070,318,0.59506590992310504
039515,5072,2070,223,0.61739960407239824
039515,5072,2070,224,0.57364620938628164
039515,5072,2070,227,0.6094748541261461
039515,5072,2070,228,0.62562586055826763
039515,5073,2070,379,0.62708619204135685
039515,5074,2070,422,0.64142915034445491
039515,5074,2070,423,0.64104459226410448
039515,5074,2070,425,0.6185465530701606
039515,5074,2070,428,0.59900394985402716
039515,5075,2070,494,0.63385354141656658
039515,5075,2070,495,0.6089612146066925
039515,5075,2070,497,0.57921328040418618
039515,5075,2070,498,0.62158243579121786
039515,5076,2070,576,0.59987123163157097
039515,5076,2070,577,0.64719228587634714
039515,5077,2070,428,0.61959690180727911
039515,5077,2070,429,0.64245536235266654
039515,5077,2070,430,0.60161304235314417
039515,5077,2070,431,0.6291877991285092
039515,5078,2070,236,0.62208869245667175
039515,5079,2070,489,0.63392275710063617
039515,5079,2070,497,0.61467255617438066
039515,5080,2070,361,0.63146297560672837
039515,5080,2070,362,0.64191689484115622
039515,5081,2070,378,0.63241422793608804
039515,5081,2070,380,0.58344670368055296
039515,5082,2070,368,0.6324599708879185
039515,5082,2070,370,0.58812909049875872
039515,5082,2070,372,0.60887749992636442
039515,5082,2070,373,0.61030280985723384
039515,5082,2070,376,0.61015109020175518
039515,5083,2070,214,0.63433577022648457
039515,5083,2070,218,0.64375485158762424
039515,5085,2070,391,0.5944256120527307
039515,5086,2070,389,0.60332807953443257
039515,5087,2070,456,0.60133211886599114
039515,5087,2070,460,0.56470288377512379
039515,5087,2070,462,0.62057001239157372
039515,5088,2070,477,0.62090827971633866
039515,5088,2070,480,0.62048319327731094
039515,5090,2070,634,0.62413027025707379
039515,5090,2070,639,0.6432839485962184
039515,5091,2070,194,0.62999568576695297
039515,5091,2070,196,0.63855049162080268
039515,5091,2070,199,0.65504101061643161
039515,5091,2070,200,0.61605018386329224
039515,5092,2070,433,0.62236509758897818
039515,5092,2070,435,0.62040503557744942
039515,5093,2070,552,0.62296425279115031
039515,5093,2070,553,0.60858817066471338
039515,5095,2070,270,0.63954644917445791
039515,5095,2070,271,0.61584165909778987
039515,5095,2070,273,0.62736528671597347
039515,5095,2070,274,0.61133465395567665
039515,5095,2070,276,0.61002165895919924
039515,5096,2070,473,0.62394075883655242
039515,5097,2070,199,0.645449884191729
039515,5097,2070,202,0.59785176271337526
039515,5097,2070,203,0.60780644298890518
039515,5098,2070,412,0.63493875775722131
039515,5098,2070,417,0.64640601291506405
039515,5098,2070,419,0.57366428883389142
039515,5098,2070,420,0.61145999777042848
039515,5098,2070,422,0.62439201451905624
039515,5098,2070,424,0.62822608103506983
039515,5099,2070,458,0.62893417369767024
039515,5099,2070,459,0.60104115583386775
039515,5099,2070,463,0.58343097686933121
039515,5100,2070,268,0.61028925619834706
039515,5100,2070,275,0.58136105581361053
039515,5100,2070,279,0.63865952001545223
039515,5101,2070,361,0.6222583961617546
039515,5102,2070,485,0.60756389701028013
039515,5102,2070,487,0.60976634205531877
039515,5103,2070,559,0.62584827306796309
039515,5105,2070,444,0.63963366073798777
039515,5106,2070,342,0.60269360269360273
039515,5107,2070,455,0.6520258470136221
039515,5107,2070,458,0.64992120901444816
039515,5108,2070,588,0.60553826510254571
039515,5108,2070,590,0.65800890033306281
039515,5108,2070,592,0.62380166763276412
039515,5109,2070,503,0.6304659031754295
039515,5110,2070,402,0.60497512437810941
039515,5110,2070,403,0.59186056695763878
039515,5110,2070,409,0.62662965349724875
039515,5111,2070,521,0.6246647295485025
039515,5111,2070,526,0.60280313745660286
039515,5111,2070,527,0.6148957367137311
039515,5112,2070,378,0.61048922980867859
039515,5113,2070,444,0.6408984926603396
039515,5113,2070,446,0.54217552533992586
039515,5114,2070,426,0.63202362025891434
039515,5116,2070,506,0.62016595810070174
039515,5116,2070,508,0.64278399781540141
039515,5117,2070,525,0.61300119171183642
039515,5117,2070,526,0.6427978222755375
039515,5117,2070,527,0.63983176352111837
039515,5117,2070,529,0.62618139612004642
039515,5117,2070,531,0.64400440444448492
039515,5118,2070,474,0.61626521969295922
039515,5118,2070,477,0.61754385964912284
039515,5118,2070,479,0.61282220753469929
039515,5119,2070,394,0.60825974370891711
039515,5120,2070,555,0.62189666741221206
039515,5120,2070,559,0.64895951302378252
039515,5120,2070,560,0.63041802402208236
039515,5120,2070,561,0.6338647980772486
039515,5121,2070,288,0.63203915530136379
039515,5122,2070,473,0.64143198510547839
039515,5123,2070,483,0.63542481614770774
039515,5123,2070,491,0.61631681454230691
039515,5124,2070,539,0.61610943425431464
039515,5124,2070,545,0.61221036188492584
039515,5125,2070,398,0.62711383699081791
039515,5125,2070,399,0.61207866258097043
039515,5125,2070,401,0.63819855234063461
039515,5125,2070,408,0.59996272481595381
039515,5126,2070,362,0.59054202467859684
039515,5127,2070,434,0.57038265950156886
039515,5127,2070,436,0.6205721309643536
039515,5127,2070,441,0.61102876904951919
039515,5128,2070,366,0.61391563212566502
039515,5128,2070,374,0.60919792673284723
039515,5128,2070,375,0.6390696295320144
039515,5128,2070,376,0.63459255924364588
039515,5129,2070,441,0.58069003895381188
039515,5129,2070,446,0.61450249616924524
039515,5129,2070,448,0.61868568256543832
039515,5131,2070,639,0.6410384257412578
039515,5131,2070,640,0.60400237042439708
039515,5131,2070,643,0.63630282082729406
039515,5131,2070,644,0.57899977515819223
039515,5132,2070,357,0.58727753167016394
039515,5132,2070,358,0.64985244698327738
039515,5132,2070,363,0.63178506962351733
039515,5132,2070,364,0.64941534984848748
039515,5133,2070,402,0.64301019414323746
039515,5133,2070,405,0.62708021882341347
039515,5134,2070,255,0.62185650111255719
039515,5135,2070,227,0.60765701629489
039515,5136,2070,503,0.62410841654778892
039515,5136,2070,506,0.60694660870991557
039515,5136,2070,509,0.60273516531359639
039515,5136,2070,510,0.6400258807942939
039515,5137,2070,436,0.61900168796720523
039515,5137,2070,437,0.64464256490896021
039515,5138,2070,453,0.59913049037785304
039515,5138,2070,459,0.61899334430889164
039515,5139,2070,190,0.61624145406036357
039515,5141,2070,366,0.62080939723913231
039515,5141,2070,370,0.64134715626085947
039515,5141,2070,372,0.58202008355933443
039515,5142,2070,455,0.57760251096535353
039515,5142,2070,459,0.60193874394142521
039515,5142,2070,462,0.63664395484159741
039515,5143,2070,535,0.62331034482758618
039515,5144,2070,509,0.60685154975530176
039515,5145,2070,345,0.61839779396167716
039515,5145,2070,346,0.62223141255399317
039515,5145,2070,347,0.64225275674075533
039515,5145,2070,351,0.65291002309989299
039515,5146,2070,480,0.61169746777355971
039515,5146,2070,483,0.63579392854236183
039515,5146,2070,484,0.58725299192875036
039515,5147,2070,527,0.6402240606129288
039515,5148,2070,318,0.61178489960927795
039515,5148,2070,320,0.63105889191040621
039515,5148,2070,321,0.60297263406358337
039515,5149,2070,443,0.6071747194440531
039515,5149,2070,445,0.60389943560800408
039515,5150,2070,315,0.5943122460824144
039515,5150,2070,318,0.60330845083402451
039515,5150,2070,321,0.63454513141525637
039515,5151,2070,260,0.62911449016100174
039515,5151,2070,263,0.58298981099789993
039515,5151,2070,265,0.63354478318500285
039515,5151,2070,267,0.61057671381936884
039515,5151,2070,268,0.61782277557349385
039515,5151,2070,269,0.6282556701030928
039515,5152,2070,461,0.58432233562781866
039515,5153,2070,240,0.62019134542252108
039515,5153,2070,244,0.56698769196445176
039515,5154,2070,317,0.60199877268344004
039515,5154,2070,321,0.60521957801766435
039515,5156,2070,378,0.63581170450356683
039515,5156,2070,379,0.62046561992420146
039515,5156,2070,381,0.63063442259126046
039515,5156,2070,383,0.6245043670204794
039515,5158,2070,623,0.6145954226823267
039515,5158,2070,624,0.64340072368043189
039515,5158,2070,625,0.59533168867080544
039515,5158,2070,632,0.5965765415288854
039515,5159,2070,490,0.63417782445086202
039515,5159,2070,491,0.59888171470412033
039515,5159,2070,493,0.62161983979606417
039515,5160,2070,373,0.62245527452190008
039515,5160,2070,374,0.63231232739141352
039515,5160,2070,375,0.62522121656469631
039515,5161,2070,347,0.58452288595810709
039515,5161,2070,350,0.61893857758620685
039515,5162,2070,528,0.60739349841567891
039515,5162,2070,529,0.62593363118583945
039515,5163,2070,482,0.6020549298557597
039515,5164,2070,440,0.60330367561260212
039515,5164,2070,442,0.64510501874071802
039515,5165,2070,454,0.61009318867329942
039515,5165,2070,455,0.64296231445739982
039515,5165,2070,456,0.58592029256534928
039515,5165,2070,457,0.61143710287837227
039515,5165,2070,462,0.61945234586517706
039515,5166,2070,281,0.6282372965913926
039515,5167,2070,582,0.59458365380722988
039515,5167,2070,586,0.58800715990453456
039515,5167,2070,587,0.65080160320641278
039515,5167,2070,591,0.64199024806918892
039515,5167,2070,596,0.63272231480078778
039515,5168,2070,245,0.63223135757450666
039515,5168,2070,250,0.63240917782026773
039515,5169,2070,368,0.61029717805710482
039515,5169,2070,370,0.65053041849602278
039515,5169,2070,372,0.60026182042199294
039515,5169,2070,377,0.62055921694029559
039515,5170,2070,444,0.62572829114616912
039515,5170,2070,447,0.65143383403728283
039515,5170,2070,449,0.63120669745958424
039515,5171,2070,566,0.64140754459498972
039515,5171,2070,568,0.62808363560400327
039515,5171,2070,569,0.59836201879105344
039515,5171,2070,573,0.61809659217132451
039515,5172,2070,522,0.6112953777804826
039515,5172,2070,524,0.60087048973353707
039515,5172,2070,525,0.62635797351021538
039515,5172,2070,526,0.64336967663777844
039515,5172,2070,527,0.62668051468466912
039515,5172,2070,528,0.5987424142721357
039515,5173,2070,299,0.64019752650955664
039515,5173,2070,301,0.64203091186712513
039515,5173,2070,306,0.61107784431137724
039515,5174,2070,450,0.65629898878533655
039515,5174,2070,454,0.625772269084371
039515,5175,2070,333,0.60358665181828652
039515,5175,2070,336,0.63254664273863137
039515,5175,2070,338,0.62452151278517842
039515,5176,2070,519,0.63701573756299668
039515,5176,2070,522,0.60149506781750928
039515,5176,2070,523,0.58859255347240558
039515,5177,2070,478,0.60328638497652587
039515,5178,2070,438,0.63427344710109979
039515,5178,2070,441,0.58788764409806782
039515,5178,2070,445,0.61041229909154437
039515,5178,2070,448,0.63535863799426284
039515,5179,2070,394,0.62314095968571692
039515,5181,2070,373,0.63843011210718914
039515,5181,2070,374,0.58612820408329602
039515,5182,2070,226,0.63633280982295826
039515,5183,2070,274,0.63561268570224427
039515,5183,2070,278,0.58894928276594871
039515,5185,2070,503,0.61452841241944933
039515,5187,2070,553,0.64078599177974216
039515,5188,2070,228,0.59113735888473751
039515,5188,2070,232,0.64374725756910922
039515,5188,2070,235,0.63807836848026422
039515,5189,2070,563,0.58374716614487743
039515,5189,2070,566,0.59119744670790808
039515,5190,2070,312,0.61022776106574994
039515,5191,2070,326,0.62052974418704976
039515,5191,2070,333,0.63239028895164007
039515,5192,2070,277,0.63984785575331726
039515,5192,2070,279,0.60051930362235562
039515,5192,2070,281,0.62263744888787609
039515,5192,2070,283,0.62221913880024049
039515,5192,2070,287,0.64013228645104592
039515,5193,2070,181,0.63025977981811065
039515,5194,2070,362,0.64306162832604596
039515,5194,2070,363,0.63598510424979027
039515,5194,2070,364,0.59459770998232542
039515,5195,2070,504,0.61136478944698125
039515,5197,2070,304,0.6351028759804479
039515,5197,2070,308,0.62939541450358105
039515,5197,2070,309,0.62173958771560789
039515,5198,2070,244,0.61814958699505906
039515,5198,2070,245,0.60021108179419524
039515,5198,2070,247,0.60686802323813005
039515,5198,2070,249,0.62901416351142903
039515,5199,2070,499,0.6536107172111294
039515,5199,2070,500,0.63834099560037572
039515,5199,2070,503,0.62359442018625144
039515,5199,2070,505,0.6405182784530532
039515,5200,2070,238,0.59017496635262445
039515,5200,2070,240,0.62992805755395687
039515,5201,2070,386,0.61621465388506191
039515,5201,2070,391,0.62459105779716462
039515,5201,2070,393,0.60672697957721244
039515,5201,2070,394,0.60997843560086262
039515,5202,2070,459,0.64459468160453282
039515,5202,2070,465,0.61483195323916218
039515,5203,2070,484,0.59228367162461992
039515,5203,2070,487,0.63975506358926049
039515,5204,2070,497,0.62853835021707671
039515,5204,2070,500,0.60448930510512699
039515,5205,2070,451,0.60563484433927384
039515,5207,2070,611,0.63266261113710809
039515,5207,2070,614,0.59265239265239267
039515,5207,2070,616,0.60817958435716968
039515,5209,2070,390,0.62019047619047618
039515,5209,2070,394,0.59123892623425189
039515,5210,2070,213,0.60636389010726111
039515,5211,2070,441,0.63060650689516673
039515,5211,2070,442,0.57692599620493357
039515,5211,2070,449,0.62178263369752729
039515,5211,2070,450,0.57524119321332201
039515,5212,2070,385,0.61907275446467847
039515,5213,2070,284,0.61656029149243152
039515,5213,2070,287,0.63969330580949568
039515,5214,2070,399,0.64662017426597307
039515,5215,2070,364,0.59810697776799471
039515,5217,2070,493,0.62974530701613163
039515,5217,2070,494,0.60352134381260591
039515,5217,2070,496,0.61142529614061902
039515,5217,2070,499,0.62054255415026882
039515,5217,2070,501,0.64653314281562568
039515,5218,2070,377,0.59341021416803952
039515,5218,2070,382,0.62216832403589617
039515,5219,2070,489,0.5946014127144299
039515,5220,2070,218,0.61996477255322413
039515,5221,2070,341,0.62534132534132536
039515,5222,2070,526,0.63005534269902086
039515,5223,2070,419,0.60458975653321945
039515,5224,2070,535,0.59662711101636701
039515,5224,2070,536,0.60688587684069617
039515,5224,2070,538,0.58341238650223604
039515,5225,2070,256,0.60999373923931755
039515,5225,2070,260,0.59218623481781374
039515,5225,2070,262,0.57044967880085651
039515,5225,2070,264,0.64890872849701009
039515,5225,2070,265,0.64190449378892911
039515,5226,2070,503,0.6001372872048325
039515,5226,2070,506,0.64873852161444823
039515,5226,2070,509,0.62614804929743306
039515,5227,2070,369,0.57924955523208799
039515,5228,2070,480,0.611658173805261
039515,5228,2070,481,0.62545240680419834
039515,5228,2070,482,0.61354596909897507
039515,5229,2070,357,0.60285349233390118
039515,5229,2070,359,0.60631059191907022
039515,5229,2070,365,0.62459749122891339
039515,5230,2070,560,0.64342436219906574
039515,5231,2070,361,0.61102726157909626
039515,5231,2070,362,0.64958175071903745
039515,5231,2070,365,0.60587948280068304
039515,5231,2070,366,0.65080997685780406
039515,5232,2070,525,0.62521193236493611
039515,5232,2070,526,0.62919963012431934
039515,5233,2070,430,0.64345266423421998
039515,5233,2070,431,0.58002859273993035
039515,5233,2070,436,0.64250305715901168
039515,5234,2070,577,0.61148938451640578
039515,5234,2070,579,0.60051766138855056
039515,5234,2070,585,0.60379323969970189
039515,5236,2070,362,0.60952219586580825
039515,5236,2070,365,0.62677484787018256
039515,5236,2070,368,0.59534383954154724
039515,5237,2070,386,0.5855853853675882
039515,5237,2070,387,0.64711958598890595
039515,5238,2070,382,0.60029571217348443
039515,5238,2070,387,0.61204084226581368
039515,5239,2070,313,0.58018514870986804
039515,5240,2070,284,0.63576010741459044
039515,5243,2070,492,0.60855099621400432
039515,5243,2070,493,0.61467478946425369
039515,5243,2070,496,0.60623287391108749
039515,5243,2070,497,0.635054980540118
039515,5243,2070,499,0.5793204697986577
039515,5243,2070,502,0.64437836854433406
039515,5244,2070,504,0.60446329767613427
039515,5244,2070,505,0.61078904279329116
039515,5245,2070,281,0.63524083985179081
039515,5246,2070,496,0.61694447060300717
039515,5246,2070,497,0.61112381823726747
039515,5246,2070,498,0.64120875757513929
039515,5247,2070,284,0.6222834145308197
039515,5247,2070,288,0.60011374253564609
039515,5247,2070,296,0.60660556135669252
039515,5247,2070,297,0.64287703877936309
039515,5248,2070,493,0.62102914150695721
039515,5248,2070,496,0.60995358252190002
039515,5249,2070,486,0.61904199630023227
039515,5249,2070,487,0.61688796680497926
039515,5249,2070,489,0.63108829291359858
039515,5249,2070,491,0.6498865795575347
039515,5250,2070,413,0.60010006157635465
039515,5251,2070,376,0.58715718175177634
039515,5251,2070,380,0.62590111101687729
039515,5251,2070,382,0.62579786546760729
039515,5252,2070,487,0.63016788859485484
039515,5252,2070,490,0.63329554655870446
039515,5253,2070,319,0.5876023037284025
039515,5254,2070,618,0.62523916479494224
039515,5254,2070,621,0.61284823123716536
039515,5254,2070,623,0.64129359386594109
039515,5254,2070,625,0.63581783570068828
039515,5255,2070,483,0.61854803561422078
039515,5255,2070,484,0.63807152557718427
039515,5256,2070,461,0.63859983548980948
039515,5256,2070,462,0.65354306751452829
039515,5256,2070,463,0.59756777475782286
039515,5256,2070,464,0.61891507578737182
039515,5257,2070,412,0.59756700623083769
039515,5258,2070,548,0.60962506040535547
039515,5258,2070,549,0.62884026524445891
039515,5259,2070,551,0.58240447343895618
039515,5260,2070,442,0.59682309815812096
039515,5260,2070,444,0.62430956664457282
039515,5261,2070,482,0.62465079897195219
039515,5261,2070,483,0.61104998804113853
039515,5262,2070,499,0.64084471033389578
039515,5262,2070,501,0.60402653213751867
039515,5263,2070,624,0.61995160990135867
039515,5263,2070,627,0.62873848483573802
039515,5263,2070,633,0.60612282142531249
039515,5264,2070,524,0.63530979035688406
039515,5265,2070,446,0.63840205006177642
039515,5265,2070,453,0.61446181848266734
039515,5265,2070,455,0.59809063808912866
039515,5265,2070,456,0.62525750111957012
039515,5266,2070,543,0.64518711226736036
039515,5266,2070,544,0.61563100576553487
039515,5267,2070,480,0.58895154628066526
039515,5268,2070,517,0.60063595737366793
039515,5269,2070,415,0.61101476248889641
039515,5269,2070,417,0.58927444794952677
039515,5269,2070,418,0.60296876274365874
039515,5270,2070,317,0.6299130226858356
039515,5270,2070,320,0.62464214142570851
039515,5270,2070,322,0.62750467249098096
039515,5270,2070,325,0.64447063445295616
039515,5271,2070,430,0.6116519012723759
039515,5271,2070,432,0.64824684107698172
039515,5271,2070,434,0.63492991298401946
039515,5273,2070,517,0.62628405272064258
039515,5274,2070,493,0.61521030360487428
039515,5275,2070,519,0.62371601756742046
039515,5275,2070,520,0.59987173507462688
039515,5276,2070,321,0.59763269560038712
039515,5277,2070,235,0.62190449490701805
039515,5277,2070,237,0.62378971771444158
039515,5277,2070,238,0.58334539664157503
039515,5277,2070,241,0.59746010527195259
039515,5277,2070,244,0.61086642018968007
039515,5278,2070,231,0.61369351520231652
039515,5278,2070,232,0.61991990169753786
039515,5278,2070,235,0.64678524291370754
039515,5279,2070,484,0.60891327722368471
039515,5281,2070,467,0.62890500296438179
039515,5281,2070,470,0.5718988630578653
039515,5281,2070,471,0.61161665053242986
039515,5282,2070,504,0.62651385840851825
039515,5283,2070,303,0.64773696556136051
039515,5283,2070,304,0.64085590217289701
039515,5283,2070,305,0.62432930247457352
039515,5283,2070,306,0.6341274817136886
039515,5283,2070,308,0.63665779823110669
039515,5284,2070,436,0.63109756097560976
039515,5284,2070,437,0.57034887644240506
039515,5284,2070,439,0.56871737509321407
039515,5285,2070,392,0.64806387555849743
039515,5285,2070,394,0.5815541211519365
039515,5285,2070,397,0.6328167643638607
039515,5285,2070,400,0.64519410625799889
039515,5286,2070,409,0.63460313415721747
039515,5286,2070,416,0.64836195993635515
039515,5287,2070,542,0.64860028824779536
039515,5287,2070,544,0.61292730642504123
039515,5290,2070,510,0.61683614364783113
039515,5290,2070,511,0.63512547649301143
039515,5290,2070,517,0.60999929283643306
039515,5290,2070,518,0.6424858974977099
039515,5290,2070,519,0.6440674687608805
039515,5290,2070,523,0.63924245466104535
039515,5291,2070,172,0.59501733451584293
039515,5292,2070,345,0.59561395216939217
039515,5292,2070,346,0.59904349896809017
039515,5292,2070,348,0.58768261698073254
039515,5292,2070,351,0.61838440111420612
039515,5294,2070,231,0.65547515677761703
039515,5294,2070,239,0.62202315927463403
039515,5295,2070,293,0.60889944185759659
039515,5295,2070,294,0.60918783730419901
039515,5295,2070,297,0.62019648837166275
039515,5295,2070,299,0.62081820857451187
039515,5296,2070,535,0.65373203157709503
039515,5297,2070,261,0.6218107438906233
039515,5297,2070,262,0.62233117483811284
039515,5297,2070,263,0.63176951326747011
039515,5297,2070,265,0.64390533129107175
039515,5298,2070,476,0.6276831486687614
039515,5298,2070,478,0.61633916138016398
039515,5298,2070,479,0.63999109081797423
039515,5300,2070,375,0.62844444444444447
039515,5301,2070,446,0.58996941250922896
039515,5301,2070,451,0.60874992569696251
039515,5302,2070,297,0.61400810324129651
039515,5302,2070,302,0.62010115354909434
039515,5302,2070,306,0.61987548455303654
039515,5302,2070,309,0.61205776441326054
039515,5303,2070,338,0.64604447997259262
039515,5303,2070,339,0.62207763564181739
039515,5303,2070,342,0.57603882833787468
039515,5304,2070,338,0.60829875518672194
039515,5304,2070,340,0.6454260837058613
039515,5304,2070,349,0.63053729089854815
039515,5304,2070,350,0.59711016351197965
039515,5306,2070,589,0.58588016720854619
039515,5306,2070,590,0.62428584115331098
039515,5306,2070,592,0.60707315912228088
039515,5307,2070,369,0.64306179063557756
039515,5307,2070,370,0.59204808512366491
039515,5307,2070,371,0.6187734082397004
039515,5307,2070,372,0.61491674575101374
039515,5308,2070,538,0.6320570054945055
039515,5308,2070,539,0.64418560451793327
039515,5308,2070,541,0.60593362386858862
039515,5308,2070,545,0.64631644666428822
039515,5309,2070,512,0.63550977124678076
039515,5309,2070,517,0.6317594386054044
039515,5311,2070,204,0.60408964352549177
039515,5311,2070,206,0.63552076826983139
039515,5312,2070,500,0.63002147941703801
039515,5312,2070,501,0.5880017483791069
039515,5312,2070,502,0.60765825137720098
039515,5313,2070,512,0.62642894258248893
039515,5313,2070,513,0.61942428443284681
039515,5313,2070,520,0.59773506659223219
039515,5315,2070,362,0.63977203801051352
039515,5315,2070,365,0.64789956123202574
039515,5316,2070,177,0.59731094933887985
039515,5317,2070,482,0.64434925478230254
039515,5317,2070,484,0.63757682177348551
039515,5319,2070,394,0.64281272918593158
039515,5319,2070,395,0.6259752557794841
039515,5320,2070,511,0.64994189277954628
039515,5320,2070,515,0.61519887610852575
039515,5321,2070,564,0.59603757082556941
039515,5321,2070,566,0.64695060764856727
039515,5321,2070,567,0.59845559845559848
039515,5321,2070,571,0.63134579503439747
039515,5322,2070,181,0.6051744962176594
039515,5322,2070,184,0.63379793099176118
039515,5322,2070,188,0.63331660340663132
039515,5323,2070,440,0.62612657224918289
039515,5324,2070,366,0.57230980123372177
039515,5324,2070,369,0.64407064108853374
039515,5324,2070,371,0.60402335566880117
039515,5325,2070,230,0.6496829376198201
039515,5325,2070,232,0.6164204407846936
039515,5325,2070,234,0.61791067259169996
039515,5327,2070,373,0.61730036337853411
039515,5328,2070,244,0.62490120064737098
039515,5328,2070,247,0.61521281347712331
039515,5328,2070,251,0.64258350329534653
039515,5328,2070,252,0.60207573841232054
039515,5329,2070,217,0.62357306718580063
039515,5329,2070,220,0.56423912145982991
039515,5329,2070,222,0.61310202336848107
039515,5330,2070,571,0.60734566770470777
039515,5330,2070,572,0.62522698700935886
039515,5330,2070,573,0.64550364281558092
039515,5331,2070,575,0.61427242749640654
039515,5331,2070,578,0.6468528381837978
039515,5334,2070,519,0.63839404413719758
039515,5334,2070,522,0.62588258368200833
039515,5334,2070,524,0.64089995137529077
039515,5334,2070,525,0.62407996581034242
039515,5335,2070,533,0.64005379900339554
039515,5335,2070,541,0.59499235062164668
039515,5336,2070,485,0.62369954081282986
039515,5336,2070,488,0.626390747657951
039515,5336,2070,489,0.62806500323578052
039515,5337,2070,371,0.59043423536815609
039515,5337,2070,373,0.59152793908891466
039515,5337,2070,374,0.61382721320808431
039515,5337,2070,376,0.57476301778989747
039515,5337,2070,377,0.58820077326705333
039515,5338,2070,518,0.6027388131809549
039515,5338,2070,522,0.60550857826477067
039515,5338,2070,526,0.62437647058823531
039515,5339,2070,464,0.59443153843486707
039515,5341,2070,365,0.62357607811228644
039515,5342,2070,352,0.61288036497320286
039515,5342,2070,353,0.59129676021054411
039515,5343,2070,520,0.61398355928864368
039515,5345,2070,498,0.64492477952619742
039515,5345,2070,502,0.59701194556283899
039515,5346,2070,304,0.63970232472409738
039515,5346,2070,305,0.63789740947895202
039515,5346,2070,310,0.6029411764705882
039515,5347,2070,381,0.65453015165448336
039515,5347,2070,382,0.63598475827577994
039515,5349,2070,538,0.60682040683128469
039515,5349,2070,539,0.61304590544080384
039515,5349,2070,543,0.57719170228291461
039515,5350,2070,433,0.55989123045547251
039515,5350,2070,434,0.6515769326787052
039515,5350,2070,435,0.61666759636302781
039515,5351,2070,528,0.63527179767512898
039515,5351,2070,531,0.62029488291413704
039515,5351,2070,532,0.58600219306537604
039515,5351,2070,534,0.62113720642768855
039515,5351,2070,535,0.61574041130007828
039515,5351,2070,541,0.61744017337324841
039515,5352,2070,570,0.59323204419889508
039515,5352,2070,572,0.60701187294088399
039515,5353,2070,353,0.59237233354880414
039515,5354,2070,467,0.64478274659054868
039515,5356,2070,471,0.61245919294584861
039515,5356,2070,476,0.64402967538353084
039515,5356,2070,479,0.62514736097544543
039515,5357,2070,363,0.60407375643224703
039515,5358,2070,110,0.61239811965233859
039515,5358,2070,114,0.64539313486764593
039515,5358,2070,118,0.63502630028155493
039515,5359,2070,566,0.60841651824545417
039515,5360,2070,382,0.61783002470039339
039515,5361,2070,271,0.59570854132002216
039515,5361,2070,277,0.62588744181672862
039515,5362,2070,348,0.62404220575304614
039515,5362,2070,349,0.64232435033686242
039515,5364,2070,577,0.62623387186217605
039515,5364,2070,579,0.60242094398048229
039515,5364,2070,581,0.62346105962097109
039515,5364,2070,583,0.62138350692500088
039515,5364,2070,584,0.64999693696269223
039515,5364,2070,585,0.62206632653061222
039515,5364,2070,586,0.60141703740319652
039515,5365,2070,277,0.64069966373665266
039515,5365,2070,282,0.63680317368486306
039515,5365,2070,283,0.60155846594376383
039515,5366,2070,343,0.59937674829464593
039515,5367,2070,419,0.58968579234972673
039515,5369,2070,526,0.62764226196298833
039515,5369,2070,527,0.59068388923294701
039515,5369,2070,530,0.6315376910682402
039515,5369,2070,532,0.60697478991596643
039515,5369,2070,535,0.604337691294213
039515,5370,2070,593,0.59341659085270038
039515,5370,2070,597,0.61818067279828648
039515,5370,2070,599,0.6286214660995747
039515,5370,2070,600,0.61565136565136569
039515,5371,2070,423,0.60996017718913598
039515,5372,2070,520,0.62084512202568742
039515,5373,2070,491,0.62113548713409628
039515,5373,2070,493,0.60472866313537021
039515,5373,2070,498,0.5785969908030939
039515,5374,2070,430,0.63604773144505644
039515,5374,2070,432,0.6206956673350188
039515,5374,2070,437,0.64632636849008851
039515,5374,2070,438,0.60682169935152719
039515,5374,2070,443,0.62474793767186065
039515,5374,2070,445,0.58992463846832777
039515,5375,2070,235,0.59330390683696466
039515,5375,2070,237,0.60978961189654646
039515,5375,2070,241,0.60807210031347958
039515,5375,2070,242,0.63947514030511421
039515,5378,2070,529,0.61516782397582381
039515,5378,2070,530,0.61381971238162047
039515,5378,2070,531,0.60805798337241523
039515,5379,2070,405,0.61379070172383776
039515,5380,2070,464,0.63814273779083019
039515,5380,2070,466,0.62367700267135562
039515,5381,2070,362,0.62333274445720344
039515,5381,2070,365,0.63309380163701345
039515,5382,2070,282,0.62725686407179226
039515,5382,2070,284,0.60298323850530522
039515,5384,2070,450,0.58196154940454414
039515,5385,2070,403,0.63032382734984971
039515,5385,2070,404,0.61036526673083746
039515,5385,2070,405,0.61352867649196241
039515,5385,2070,407,0.64202214136409386
039515,5386,2070,441,0.6127959945828374
039515,5386,2070,444,0.61827698347027926
039515,5387,2070,436,0.61227405872687002
039515,5387,2070,437,0.63331101119295896
039515,5388,2070,482,0.62000371816322741
039515,5389,2070,374,0.64179284793814428
039515,5390,2070,329,0.62098923881923196
039515,5390,2070,331,0.63236836992422774
039515,5390,2070,336,0.62905512644164641
039515,5390,2070,341,0.64464067599767727
039515,5391,2070,490,0.58926583748729611
039515,5391,2070,495,0.63102475875093789
039515,5392,2070,338,0.6191799861014593
039515,5392,2070,340,0.5967793777320648
039515,5392,2070,345,0.60740807824669441
039515,5393,2070,475,0.62642748382184998
039515,5394,2070,430,0.64739830803105802
039515,5395,2070,526,0.6117332515176086
039515,5395,2070,530,0.61880582128122597
039515,5395,2070,532,0.64618738142332377
039515,5396,2070,438,0.60869565217391308
039515,5397,2070,574,0.62331008965419099
039515,5397,2070,575,0.59507455942159959
039515,5397,2070,576,0.64129414108072735
039515,5397,2070,577,0.65382447315930969
039515,5397,2070,579,0.61024374701290429
039515,5398,2070,546,0.60650344642377585
039515,5398,2070,547,0.60778474582209296
039515,5398,2070,548,0.62204763073901304
039515,5398,2070,549,0.66347176904525462
039515,5399,2070,332,0.64094955489614247
039515,5399,2070,333,0.62315646040397565
039515,5400,2070,223,0.631520490233627
039515,5400,2070,227,0.59514940481010603
039515,5401,2070,503,0.63052412686457193
039515,5401,2070,506,0.57729235314168847
039515,5401,2070,507,0.62071595404928737
039515,5401,2070,511,0.62006888633754309
039515,5402,2070,321,0.60687781337442714
039515,5402,2070,323,0.63647803443721807
039515,5402,2070,326,0.59389746460849391
039515,5403,2070,453,0.61959520885500563
039515,5403,2070,454,0.6370755492349035
039515,5403,2070,456,0.6081330868761553
039515,5404,2070,202,0.63946428571428571
039515,5404,2070,205,0.61092358633105093
039515,5404,2070,209,0.64031771855112685
039515,5405,2070,600,0.60498719180275373
039515,5405,2070,607,0.64061191039883447
039515,5406,2070,522,0.65179086043639356
039515,5406,2070,525,0.640860561188905
039515,5406,2070,527,0.62084390131427258
039515,5406,2070,531,0.61134264232008595
039515,5407,2070,457,0.63391733914270809
039515,5407,2070,458,0.64080414637977068
039515,5407,2070,461,0.5932646356033453
039515,5407,2070,463,0.63647774073347718
039515,5408,2070,465,0.62163920772494208
039515,5409,2070,278,0.65612236562653159
039515,5411,2070,354,0.61251504211793018
039515,5411,2070,356,0.60071192052980138
039515,5412,2070,407,0.63952357320099251
039515,5412,2070,410,0.63120973158536287
039515,5413,2070,580,0.59984942593638246
039515,5413,2070,582,0.62042977899989815
039515,5413,2070,583,0.64826778823223341
039515,5414,2070,528,0.65071458107200086
039515,5415,2070,523,0.62408583525789063
039515,5415,2070,524,0.61934243110806686
039515,5416,2070,452,0.64989101166816254
039515,5417,2070,333,0.59875559980089599
039515,5417,2070,337,0.60410292328676229
039515,5418,2070,501,0.63520913983570959
039515,5418,2070,504,0.63458777603923022
039515,5419,2070,447,0.57585148725427637
039515,5419,2070,448,0.61185786802030462
039515,5420,2070,470,0.61628605769230771
039515,5420,2070,476,0.58127044380729309
039515,5420,2070,478,0.59679487179487178
039515,5420,2070,480,0.65545942720763728
039515,5421,2070,567,0.640625
039515,5421,2070,568,0.60452000324596289
039515,5422,2070,594,0.62197519964685577
039515,5422,2070,598,0.61575237014828621
039515,5423,2070,463,0.61141441127502227
039515,5424,2070,355,0.62544865482959056
039515,5425,2070,526,0.63822425521932913
039515,5425,2070,528,0.60869400295869214
039515,5425,2070,530,0.60091324200913243
039515,5425,2070,537,0.59850527411191523
039515,5425,2070,538,0.63609200853687453
039515,5426,2070,446,0.61349218296380725
039515,5427,2070,398,0.6404150235460776
039515,5427,2070,399,0.57216343327454433
039515,5427,2070,400,0.62585866451594963
039515,5427,2070,402,0.6076037975237345
039515,5427,2070,405,0.64805510446524905
039515,5429,2070,339,0.62282256730246521
039515,5430,2070,409,0.6211981566820276
039515,5430,2070,411,0.58526260473535163
039515,5430,2070,416,0.63226616170512595
039515,5432,2070,431,0.62191006111465841
039515,5432,2070,432,0.58521075000798906
039515,5432,2070,434,0.60647531572904712
039515,5433,2070,310,0.61625588981515045
039515,5433,2070,312,0.63499014670462006
039515,5434,2070,326,0.58088352137295407
039515,5435,2070,295,0.63276136151112772
039515,5436,2070,398,0.60672245723744711
039515,5437,2070,540,0.61360768708143254
039515,5437,2070,542,0.64042518954631933
039515,5438,2070,405,0.59308952742816434
039515,5438,2070,407,0.60171063945331948
039515,5439,2070,334,0.64015746916464877
039515,5439,2070,338,0.6236208423934928
039515,5440,2070,597,0.58316532258064513
039515,5442,2070,474,0.61621824619759114
039515,5443,2070,249,0.61801438502512862
039515,5443,2070,256,0.59364460022485288
039515,5445,2070,403,0.63788260187515966
039515,5445,2070,406,0.60216262305247659
039515,5446,2070,408,0.63549424333575355
039515,5447,2070,418,0.62280317085511894
039515,5447,2070,419,0.63428401663695777
039515,5448,2070,446,0.63625048619214308
039515,5448,2070,454,0.59880050505050508
039515,5448,2070,455,0.58802143130501339
039515,5449,2070,455,0.63417362859192783
039515,5449,2070,457,0.62134394668641246
039515,5449,2070,458,0.63654304039125675
039515,5450,2070,334,0.57437322083890663
039515,5451,2070,520,0.63027606002812619
039515,5451,2070,522,0.62946956600855242
039515,5451,2070,526,0.60618516972285563
039515,5453,2070,400,0.63033502151841547
039515,5454,2070,485,0.61147997972630508
039515,5455,2070,283,0.65800938903711714
039515,5455,2070,287,0.6300098716683119
039515,5456,2070,548,0.58953256952288746
039515,5456,2070,549,0.59605996457424293
039515,5456,2070,552,0.62952328363703292
039515,5457,2070,515,0.64900335504243145
039515,5458,2070,479,0.62741948720353591
039515,5459,2070,420,0.62462739829547842
039515,5459,2070,424,0.60030323130863261
039515,5459,2070,425,0.60464798359535199
039515,5462,2070,476,0.61326573280367969
039515,5462,2070,479,0.62036607612157191
039515,5463,2070,319,0.63205336933645717
039515,5464,2070,309,0.58460016850434082
039515,5464,2070,310,0.61997896950578335
039515,5464,2070,311,0.64569331022618992
039515,5464,2070,313,0.57996982270841191
039515,5464,2070,316,0.62323452241388932
039515,5465,2070,418,0.65039630862232511
039515,5466,2070,481,0.62441405172889208
039515,5466,2070,483,0.63441111787001081
039515,5467,2070,430,0.64088932734115245
039515,5467,2070,433,0.62086519803675377
039515,5467,2070,437,0.60436963792351317
039515,5468,2070,448,0.63695814133164097
039515,5468,2070,449,0.6209702247438097
039515,5469,2070,423,0.59335756774619963
039515,5469,2070,427,0.64882867199031147
039515,5469,2070,428,0.61850773178004304
039515,5469,2070,429,0.61703612479474546
039515,5470,2070,280,0.64386189258312021
039515,5470,2070,281,0.61671881639432924
039515,5470,2070,283,0.64809103034344784
039515,5470,2070,285,0.62820923527527339
039515,5471,2070,387,0.59626757995211599
039515,5472,2070,476,0.59352737634846331
039515,5472,2070,479,0.61377344460051231
039515,5473,2070,528,0.64894847036030123
039515,5473,2070,529,0.64002241105612101
039515,5474,2070,336,0.56552098688804409
039515,5474,2070,338,0.64083368202019741
039515,5474,2070,339,0.61444408216498203
039515,5474,2070,340,0.60876172282042373
039515,5474,2070,342,0.60100835990692059
039515,5474,2070,343,0.59573602408658155
039515,5475,2070,415,0.62995678941531874
039515,5476,2070,216,0.63231666731921221
039515,5477,2070,412,0.6074275714563484
039515,5477,2070,413,0.62775037936267075
039515,5477,2070,422,0.64055481125384195
039515,5478,2070,558,0.64266601800048651
039515,5479,2070,451,0.5789287665070848
039515,5479,2070,453,0.59573592360882455
039515,5479,2070,454,0.63123294103835881
039515,5479,2070,456,0.61707206754447685
039515,5479,2070,457,0.63620209288550555
039515,5480,2070,541,0.59439631624131739
039515,5481,2070,401,0.64555227204591203
039515,5482,2070,337,0.62916692923309603
039515,5483,2070,372,0.63178596608408477
039515,5483,2070,374,0.62499236423611815
039515,5484,2070,554,0.60698014018691593
039515,5485,2070,505,0.60338457871529017
039515,5485,2070,507,0.64009798379498772
039515,5485,2070,512,0.64113153679347057
039515,5487,2070,207,0.64081812831077101
039515,5487,2070,208,0.58431952662721898
039515,5487,2070,211,0.62583241508168452
039515,5488,2070,369,0.60135269544459913
039515,5488,2070,370,0.58248446679910393
039515,5488,2070,372,0.64122362661682974
039515,5488,2070,373,0.6358488934993084
039515,5489,2070,426,0.59443591056494283
039515,5489,2070,427,0.63428715461987184
039515,5490,2070,345,0.60434614267737874
039515,5490,2070,348,0.60718480138169262
039515,5491,2070,602,0.63955637707948243
039515,5492,2070,436,0.64661664486817649
039515,5493,2070,559,0.62587824569059569
039515,5494,2070,475,0.59916032755538928
039515,5494,2070,476,0.63076956120191585
039515,5495,2070,599,0.63102921195652173
039515,5495,2070,602,0.61715160796324653
039515,5496,2070,518,0.63636363636363635
039515,5496,2070,519,0.63603545969658193
039515,5497,2070,574,0.58203342618384402
039515,5497,2070,575,0.60485371845455227
039515,5497,2070,576,0.61879801174875737
039515,5498,2070,242,0.62191510365251723
039515,5499,2070,571,0.59372472909590812
039515,5499,2070,574,0.59458469055374596
039515,5499,2070,576,0.64656153027145569
039515,5499,2070,578,0.62248392215818926
039515,5499,2070,579,0.59706031424227068
039515,5500,2070,530,0.57436053361711836
039515,5500,2070,533,0.63152241137983789
039515,5501,2070,382,0.62066377585056709
039515,5501,2070,385,0.64223185961530738
039515,5502,2070,396,0.64100828231904938
039515,5502,2070,397,0.59816912594574256
039515,5502,2070,398,0.63960749330954503
039515,5502,2070,407,0.63575561117721879
039515,5503,2070,323,0.63158587409519629
039515,5503,2070,326,0.60194501747147733
039515,5504,2070,181,0.6127669786417087
039515,5504,2070,182,0.68729078014184397
039515,5504,2070,185,0.59020200692344771
039515,5505,2070,472,0.60170716285791703
039515,5506,2070,411,0.59338580428691257
039515,5506,2070,412,0.58284748335460723
039515,5506,2070,415,0.59844140071520135
039515,5506,2070,418,0.60080938379335425
039515,5506,2070,421,0.6216384376080194
039515,5507,2070,547,0.63186198588883158
039515,5508,2070,257,0.63132105596388366
039515,5509,2070,384,0.61916282466791439
039515,5509,2070,385,0.62343158919809727
039515,5510,2070,338,0.59422004394118644
039515,5512,2070,298,0.64048134777376653
039515,5512,2070,300,0.6050957535387177
039515,5512,2070,303,0.62270189073572146
039515,5513,2070,567,0.59735081435426096
039515,5513,2070,570,0.607118611191931
039515,5513,2070,571,0.6363086690348424
039515,5514,2070,416,0.63620302440485099
039515,5514,2070,418,0.60222598596661026
039515,5515,2070,364,0.58959745469636182
039515,5515,2070,366,0.60166647815103869
039515,5515,2070,368,0.58654373126148485
039515,5516,2070,561,0.62780952923905764
039515,5516,2070,563,0.61357324558332749
039515,5516,2070,564,0.59855362363440534
039515,5516,2070,565,0.62372764238445799
039515,5517,2070,511,0.60770254287403902
039515,5517,2070,512,0.61812115230978903
039515,5517,2070,516,0.59733333333333338
039515,5518,2070,415,0.64794166203176451
039515,5518,2070,417,0.60079122459989209
039515,5518,2070,420,0.6057862511244595
039515,5519,2070,424,0.60550165572532388
039515,5519,2070,432,0.61599247412982128
039515,5520,2070,523,0.63183249069922731
039515,5520,2070,524,0.62899852362204722
039515,5520,2070,528,0.62909963835889759
039515,5520,2070,534,0.62869331095492853
039515,5521,2070,316,0.61884317547279144
039515,5523,2070,357,0.58615844018970664
039515,5523,2070,358,0.63132068697265276
039515,5523,2070,362,0.62579997924378183
039515,5524,2070,315,0.60402488413844935
039515,5525,2070,558,0.63659092455269062
039515,5525,2070,564,0.60030533359319171
039515,5526,2070,462,0.60921348314606738
039515,5527,2070,454,0.61231508999231976
039515,5527,2070,456,0.61598857958600994
039515,5528,2070,536,0.61543463038911672
039515,5530,2070,548,0.589132635842052
039515,5530,2070,554,0.63921419878937302
039515,5530,2070,555,0.6063706882323816
039515,5531,2070,276,0.61687818223269242
039515,5532,2070,508,0.61618328204171713
039515,5532,2070,513,0.6146605540382365
039515,5533,2070,455,0.63596970801441699
039515,5533,2070,457,0.62427905506834158
039515,5533,2070,461,0.64308338916976304
039515,5533,2070,462,0.60902220344552416
039515,5534,2070,299,0.62840009594627011
039515,5535,2070,345,0.59765456974032738
039515,5535,2070,348,0.60985975350616239
039515,5535,2070,349,0.63692319755361271
039515,5536,2070,273,0.62040557667934093
039515,5536,2070,283,0.62119698483334851
039515,5536,2070,286,0.61259477198144163
039515,5537,2070,151,0.62726792319887259
039515,5537,2070,152,0.6425373415102148
039515,5537,2070,156,0.60336116289751696
039515,5539,2070,576,0.61822135246792786
039515,5539,2070,581,0.62889926952377961
039515,5541,2070,348,0.65014676479346578
039515,5541,2070,354,0.63923403011255664
039515,5541,2070,356,0.63038456311998914
039515,5542,2070,413,0.60172121312425009
039515,5542,2070,414,0.58152173913043481
039515,5542,2070,424,0.62569077735478329
039515,5543,2070,443,0.62564721773120768
039515,5544,2070,325,0.6261934261351213
039515,5544,2070,326,0.63370167949894285
039515,5545,2070,518,0.62482217763997816
039515,5545,2070,520,0.61069038746644233
039515,5545,2070,522,0.61918730464053862
039515,5545,2070,524,0.62630362735261025
039515,5546,2070,323,0.62245764275958804
039515,5546,2070,324,0.60265748031496058
039515,5546,2070,327,0.6143440425619664
039515,5546,2070,329,0.61099536544921129
039515,5547,2070,554,0.61320145474321064
039515,5547,2070,556,0.65052264265574133
039515,5547,2070,557,0.59690864156159673
039515,5547,2070,558,0.64201534761652912
039515,5547,2070,560,0.64623714980773761
039515,5548,2070,416,0.6320154063826442
039515,5548,2070,420,0.6501636544755941
039515,5549,2070,473,0.61427542960883941
039515,5549,2070,475,0.60462772251194186
039515,5549,2070,477,0.62539169360855507
039515,5550,2070,548,0.61358259498074874
039515,5550,2070,550,0.62666294302833347
039515,5551,2070,202,0.61150561209463661
039515,5551,2070,203,0.60118665811417571
039515,5551,2070,205,0.63065316962395601
039515,5551,2070,207,0.61283761411475335
039515,5551,2070,212,0.62110574813514696
039515,5551,2070,214,0.57224780242779405
039515,5551,2070,215,0.6279309300212057
039515,5552,2070,386,0.63036045109229488
039515,5552,2070,389,0.63586201258889885
039515,5553,2070,320,0.63192017423897073
039515,5553,2070,321,0.61542403279528568
039515,5553,2070,323,0.61061445205180764
039515,5554,2070,464,0.5946187699023221
039515,5554,2070,465,0.61730621926811791
039515,5554,2070,466,0.6203319502074689
039515,5554,2070,467,0.62568479749559769
039515,5554,2070,468,0.63326293558606128
039515,5555,2070,256,0.65704232215309022
039515,5555,2070,259,0.57232089742500214
039515,5556,2070,435,0.62296997312770186
039515,5556,2070,436,0.61519159613830643
039515,5556,2070,437,0.62966810110303206
039515,5556,2070,438,0.55528308690948436
039515,5556,2070,439,0.59385113268608414
039515,5557,2070,566,0.61819247965989887
039515,5557,2070,568,0.62286274677013598
039515,5557,2070,571,0.63789152024446139
039515,5557,2070,574,0.6124613970154883
039515,5557,2070,575,0.59818154034229831
039515,5558,2070,312,0.5803900896151819
039515,5559,2070,583,0.6405893650222062
039515,5559,2070,587,0.60834290887565723
039515,5560,2070,332,0.62933839479392628
039515,5561,2070,373,0.63323816180739023
039515,5561,2070,374,0.63327549804544603
039515,5562,2070,452,0.60409888178316318
039515,5563,2070,347,0.62957285447546163
039515,5564,2070,169,0.63398285731233506
039515,5565,2070,218,0.60447565297283112
039515,5565,2070,223,0.60764807885370087
039515,5566,2070,582,0.64562075811440967
039515,5566,2070,587,0.60749192870726643
039515,5566,2070,588,0.61059885931558933
039515,5567,2070,401,0.56921887084300082
039515,5567,2070,406,0.62629326797516927
039515,5568,2070,268,0.63344238729025704
039515,5569,2070,487,0.63140702955455619
039515,5570,2070,399,0.63278363078858402
039515,5571,2070,471,0.58778497518297301
039515,5571,2070,472,0.60828050100510278
039515,5571,2070,473,0.61082495989191932
039515,5571,2070,474,0.62853952301188487
039515,5571,2070,479,0.63752367469533777
039515,5571,2070,480,0.63280936901634233
039515,5571,2070,484,0.62634165088253868
039515,5572,2070,320,0.64191321048058891
039515,5573,2070,341,0.62106703146374831
039515,5574,2070,490,0.62702197912150215
039515,5574,2070,491,0.65101559555013988
039515,5574,2070,495,0.59998147061548435
039515,5574,2070,496,0.61688705568361035
039515,5575,2070,403,0.62917490763891482
039515,5575,2070,405,0.61317202951659056
039515,5576,2070,448,0.58985174870996804
039515,5578,2070,176,0.60490374873353592
039515,5580,2070,496,0.60037727939635299
039515,5581,2070,403,0.60156103944662553
039515,5582,2070,426,0.6517018166631865
039515,5582,2070,435,0.62006094997898276
039515,5583,2070,313,0.59890577507598786
039515,5584,2070,444,0.61963667483564788
039515,5584,2070,453,0.62836054355264448
039515,5585,2070,409,0.63864956064473033
039515,5585,2070,411,0.61808235236653153
039515,5586,2070,318,0.62166014533258807
039515,5586,2070,320,0.62632913862062234
039515,5586,2070,322,0.64804810758123932
039515,5586,2070,325,0.57174249792859977
039515,5587,2070,575,0.63860697021082735
039515,5587,2070,576,0.62954770803142401
039515,5587,2070,577,0.60576637567551517
039515,5589,2070,463,0.57298167908194086
039515,5589,2070,466,0.60190767197951933
039515,5589,2070,472,0.6292509910285834
039515,5589,2070,474,0.61808971798743362
039515,5590,2070,456,0.60730926719066225
039515,5590,2070,457,0.61210198052303311
039515,5590,2070,462,0.60709502123914127
039515,5591,2070,467,0.63788825190382481
039515,5591,2070,468,0.62291708492270625
039515,5591,2070,469,0.63981208913564058
039515,5591,2070,471,0.63404091414876318
039515,5592,2070,336,0.6267413403614458
039515,5592,2070,338,0.64058000303137475
039515,5593,2070,267,0.64957710480738506
039515,5594,2070,332,0.58990906424171308
039515,5596,2070,203,0.61884471989541467
039515,5596,2070,204,0.64819383584342893
039515,5596,2070,208,0.60562204286111887
039515,5597,2070,290,0.54273265946322757
039515,5597,2070,294,0.63713459631192326
039515,5598,2070,357,0.63189840013194787
039515,5598,2070,359,0.62780412996183887
039515,5598,2070,360,0.62112994057042015
039515,5598,2070,362,0.64112512124151311
039515,5598,2070,363,0.63126589988892468
039515,5599,2070,314,0.63694009029574394
039515,5599,2070,315,0.60165787490580258
039515,5599,2070,316,0.62732068233198601
039515,5599,2070,319,0.61895571256246773
039515,5599,2070,322,0.63214511949323349
039515,5600,2070,587,0.61910935568486747
039515,5600,2070,588,0.63182555415390163
039515,5600,2070,589,0.63601633155593373
039515,5600,2070,590,0.63441327375041379
039515,5601,2070,505,0.61054183043234134
039515,5601,2070,506,0.61029273254718763
039515,5601,2070,507,0.64769661237134002
039515,5601,2070,508,0.64615132118824881
039515,5602,2070,383,0.61035446389174874
039515,5603,2070,359,0.60385212360660367
039515,5603,2070,360,0.61760330786879458
039515,5604,2070,536,0.61321242036388679
039515,5605,2070,505,0.58889031650177737
039515,5605,2070,508,0.58531817852747414
039515,5607,2070,354,0.62260148036396212
039515,5607,2070,355,0.59053847108977275
039515,5607,2070,356,0.58728263897178778
039515,5608,2070,233,0.6428117721787
039515,5608,2070,234,0.5855444025318074
039515,5608,2070,236,0.59902670551833936
039515,5609,2070,524,0.6363290954259827
039515,5610,2070,491,0.58269618936938039
039515,5611,2070,487,0.61985759493670889
039515,5611,2070,488,0.61228430822899149
039515,5612,2070,356,0.60149219542524301
039515,5612,2070,358,0.64223065439163973
039515,5612,2070,360,0.57829743444164505
039515,5612,2070,362,0.63034741784037562
039515,5613,2070,438,0.62673157461431073
039515,5613,2070,444,0.62520636874947533
039515,5614,2070,495,0.62119077331830441
039515,5614,2070,498,0.64004923657124901
039515,5614,2070,499,0.64641036240870886
039515,5614,2070,500,0.6277292298285394
039515,5615,2070,538,0.59661651358073331
039515,5616,2070,529,0.56822955738934733
039515,5617,2070,516,0.63591674047829938
039515,5618,2070,341,0.60144031103649376
039515,5619,2070,383,0.61482511003011353
039515,5619,2070,384,0.59380294539293632
039515,5620,2070,335,0.63288712921065859
039515,5620,2070,337,0.64091703643942455
039515,5621,2070,245,0.58519250503591658
039515,5622,2070,512,0.60644741896403986
039515,5622,2070,513,0.59119706568856289
039515,5622,2070,514,0.61424071496593657
039515,5623,2070,309,0.6003503694112271
039515,5624,2070,513,0.62967334035827183
039515,5624,2070,514,0.60288654511294248
039515,5625,2070,428,0.62386404770523352
039515,5625,2070,430,0.59457136158795487
039515,5625,2070,431,0.64383455340282991
039515,5626,2070,567,0.62219442372922129
039515,5626,2070,570,0.6127572307474719
039515,5627,2070,357,0.59409783245459868
039515,5628,2070,532,0.57899084463412953
039515,5628,2070,535,0.62238941496951616
039515,5628,2070,536,0.61001123054708806
039515,5628,2070,538,0.62294039061008966
039515,5628,2070,539,0.61483253588516751
039515,5628,2070,540,0.61645175633614935
039515,5629,2070,543,0.60220042883756897
039515,5630,2070,404,0.65838767288283429
039515,5630,2070,406,0.61220544918998532
039515,5630,2070,407,0.62986519840516419
039515,5631,2070,220,0.58331939099882879
039515,5631,2070,227,0.61404779145546706
039515,5631,2070,228,0.63123049276458909
039515,5632,2070,338,0.64097847573028777
039515,5632,2070,347,0.64461883408071752
039515,5633,2070,465,0.62870061362902363
039515,5634,2070,552,0.61448238029309576
039515,5634,2070,553,0.62580215996243549
039515,5635,2070,506,0.63066181836970636
039515,5635,2070,510,0.64750971023957649
039515,5636,2070,462,0.62326419150543255
039515,5636,2070,464,0.62818073420097931
039515,5636,2070,468,0.61140000000000005
039515,5637,2070,480,0.61128437765806631
039515,5637,2070,481,0.60474121965181671
039515,5637,2070,484,0.60028792818732268
039515,5637,2070,486,0.63266851805099722
039515,5637,2070,489,0.59907011499024454
039515,5637,2070,490,0.6006787606514149
039515,5638,2070,479,0.6177510145306977
039515,5638,2070,480,0.64111844283097563
039515,5640,2070,224,0.62493041749502987
039515,5640,2070,229,0.61047574507886571
039515,5641,2070,469,0.63854529616724742
039515,5641,2070,471,0.6135328562134027
039515,5641,2070,472,0.58468020672174859
039515,5641,2070,473,0.63709677419354838
039515,5642,2070,427,0.61129288122149517
039515,5643,2070,480,0.60247413730738619
039515,5643,2070,484,0.64472029663066255
039515,5646,2070,353,0.62386908976477062
039515,5646,2070,355,0.63015855971938872
039515,5646,2070,356,0.62763911964009034
039515,5647,2070,399,0.61490077958894396
039515,5648,2070,499,0.6007976490344249
039515,5649,2070,265,0.60122291298897335
039515,5650,2070,225,0.607189513041128
039515,5650,2070,226,0.63273403433420194
039515,5651,2070,390,0.64359380556723034
039515,5651,2070,392,0.62464804888731307
039515,5651,2070,395,0.64282208671449026
039515,5651,2070,397,0.60088795841755704
039515,5652,2070,420,0.63454603833234535
039515,5652,2070,421,0.63152764238963932
039515,5652,2070,422,0.59037126120184658
039515,5652,2070,423,0.61085231193926848
039515,5652,2070,424,0.62525765606595995
039515,5653,2070,378,0.6097743720732226
039515,5653,2070,381,0.62671433907892626
039515,5653,2070,382,0.60602307311203907
039515,5653,2070,386,0.62027695730561205
039515,5653,2070,387,0.61461841197711686
039515,5653,2070,389,0.58775324379694971
039515,5653,2070,390,0.56687026383151273
039515,5654,2070,284,0.61036751868928785
039515,5655,2070,346,0.62978362667527854
039515,5655,2070,347,0.62954650092081033
039515,5656,2070,393,0.59495493821425249
039515,5656,2070,396,0.60162566097102654
039515,5657,2070,468,0.61473839993035606
039515,5657,2070,472,0.61934863267830154
039515,5658,2070,410,0.62952467518579902
039515,5658,2070,411,0.6491522145574109
039515,5658,2070,412,0.61498053859055091
039515,5659,2070,322,0.57418997327074772
039515,5659,2070,325,0.63382880574064582
039515,5660,2070,495,0.61046015364320638
039515,5660,2070,496,0.57114943824446696
039515,5660,2070,500,0.6337894294745684
039515,5660,2070,501,0.58943220202670099
039515,5662,2070,398,0.61269074990794914
039515,5662,2070,399,0.63447562866786267
039515,5662,2070,401,0.62462819750148724
039515,5662,2070,404,0.63518278245698911
039515,5663,2070,407,0.60658394295768125
039515,5663,2070,411,0.63692626909455152
039515,5663,2070,414,0.64426059979317474
039515,5664,2070,418,0.60405602879851727
039515,5664,2070,423,0.58370898086561795
039515,5665,2070,289,0.61765350396634089
039515,5665,2070,290,0.57364135831071683
039515,5666,2070,514,0.64626263071967527
039515,5666,2070,519,0.6175426486539789
039515,5667,2070,459,0.63378071219828991
039515,5667,2070,467,0.5929474894595631
039515,5668,2070,443,0.60848758465011288
039515,5668,2070,446,0.63768705506319923
039515,5669,2070,413,0.58975373790677221
039515,5669,2070,418,0.62654171899655431
039515,5670,2070,523,0.62196366109599688
039515,5670,2070,525,0.62196882217090066
039515,5670,2070,527,0.63399937022299835
039515,5670,2070,529,0.60116724285342549
039515,5671,2070,599,0.60424603449470116
039515,5671,2070,605,0.61939211253453907
039515,5673,2070,192,0.62895475522146627
039515,5673,2070,194,0.63459086831295153
039515,5675,2070,266,0.63497188085815459
039515,5675,2070,267,0.61486189935679147
039515,5675,2070,270,0.64728724768289558
039515,5676,2070,513,0.61944494830400876
039515,5677,2070,423,0.63135068153655516
039515,5677,2070,427,0.58059717352034856
039515,5678,2070,520,0.63373746445142942
039515,5678,2070,521,0.61134141572154865
039515,5678,2070,523,0.61845812345257412
039515,5678,2070,525,0.60728135407637207
039515,5679,2070,399,0.61584225504810952
039515,5679,2070,400,0.62214486672070957
039515,5680,2070,379,0.62645125192334594
039515,5680,2070,383,0.6268437780132019
039515,5681,2070,483,0.62914923761975439
039515,5681,2070,484,0.62752652854977264
039515,5681,2070,485,0.59040005634596426
039515,5682,2070,485,0.61239126411253009
039515,5682,2070,486,0.60938136767462714
039515,5682,2070,491,0.61387011460476049
039515,5682,2070,492,0.6177565701478509
039515,5683,2070,452,0.57961934435112439
039515,5684,2070,304,0.62009444281407566
039515,5685,2070,475,0.59396968588727705
039515,5686,2070,442,0.6035570611899217
039515,5686,2070,443,0.6479218491819948
039515,5686,2070,449,0.63703337860641229
039515,5686,2070,450,0.58669842710223841
039515,5687,2070,303,0.63274770728446383
039515,5688,2070,546,0.5954701282693271
039515,5688,2070,549,0.6191306680976657
039515,5688,2070,550,0.59142334248398631
039515,5688,2070,551,0.62257717157214643
039515,5688,2070,554,0.59949302915082381
039515,5689,2070,511,0.6275155201866589
039515,5689,2070,513,0.61445734720938638
039515,5689,2070,517,0.62151846502991537
039515,5689,2070,522,0.64726506052637811
039515,5690,2070,476,0.5816241105064881
039515,5690,2070,477,0.63808457217174541
039515,5691,2070,338,0.5910515320334262
039515,5691,2070,340,0.63278940762035873
039515,5691,2070,343,0.62486936766376378
039515,5691,2070,344,0.63505434782608694
039515,5692,2070,259,0.62975707037829232
039515,5692,2070,265,0.61189790037052283
039515,5693,2070,560,0.64096786110084969
039515,5693,2070,563,0.57691669432459347
039515,5693,2070,564,0.62732349754105188
039515,5694,2070,421,0.58202346690281159
039515,5694,2070,423,0.61865729898516786
039515,5694,2070,425,0.65330975240020217
039515,5695,2070,395,0.62414587964106361
039515,5696,2070,372,0.61360579078854649
039515,5696,2070,373,0.64724760418988192
039515,5697,2070,403,0.62192662518772801
039515,5697,2070,405,0.5884050006869076
039515,5697,2070,407,0.60026328239093318
039515,5699,2070,631,0.62974453439332978
039515,5699,2070,632,0.63514689152111359
039515,5699,2070,636,0.61796323109999562
039515,5700,2070,260,0.59403918842594605
039515,5701,2070,401,0.62305073347064011
039515,5701,2070,403,0.65317794582176703
039515,5701,2070,405,0.61042052367098654
039515,5702,2070,523,0.63579223478755786
039515,5702,2070,528,0.64627438881678334
039515,5702,2070,529,0.63795760276539915
039515,5703,2070,517,0.64120214909335127
039515,5704,2070,369,0.62301875064746715
039515,5704,2070,371,0.63002720936300272
039515,5704,2070,375,0.62033683208629675
039515,5704,2070,378,0.61412645931474386
039515,5706,2070,333,0.63450692527349095
039515,5706,2070,338,0.64812544442537334
039515,5707,2070,449,0.59457536682970213
039515,5707,2070,451,0.59854442285749532
039515,5708,2070,378,0.64173427625204271
039515,5709,2070,542,0.6223459798120432
039515,5710,2070,358,0.5840784898161947
039515,5710,2070,363,0.58673506249548446
039515,5711,2070,346,0.57705701328150305
039515,5712,2070,183,0.61893130481308301
039515,5712,2070,187,0.61176216216216217
039515,5713,2070,471,0.58512279036659154
039515,5713,2070,475,0.63716885417505431
039515,5714,2070,291,0.60846512892554494
039515,5714,2070,292,0.63531475311580021
039515,5714,2070,293,0.63227080015253823
039515,5714,2070,294,0.63898406798691365
039515,5715,2070,435,0.63910076668169968
039515,5715,2070,439,0.63217039069645886
039515,5717,2070,288,0.63046168848216633
039515,5717,2070,289,0.62968989938346587
039515,5718,2070,423,0.62448559670781889
039515,5719,2070,460,0.61073668445193297
039515,5719,2070,461,0.57703616021993964
039515,5720,2070,516,0.62079472410050918
039515,5720,2070,518,0.63528374908993368
039515,5720,2070,520,0.62929409819804927
039515,5721,2070,477,0.60737008411973181
039515,5722,2070,517,0.6399656526005888
039515,5723,2070,462,0.57022759893377073
039515,5723,2070,465,0.59766227796565652
039515,5724,2070,332,0.62960294927751181
039515,5724,2070,333,0.64711821057590924
039515,5725,2070,452,0.61103938024531956
039515,5725,2070,455,0.58957589604455229
039515,5726,2070,389,0.59024472573839659
039515,5726,2070,393,0.6190583719092243
039515,5727,2070,425,0.6364159190246147
039515,5727,2070,428,0.60616447978421506
039515,5727,2070,429,0.63448696447629216
039515,5728,2070,511,0.62311696942844486
039515,5728,2070,515,0.63252891902672514
039515,5729,2070,286,0.64339724547664057
039515,5729,2070,290,0.608297153883261
039515,5729,2070,291,0.61921507947671961
039515,5730,2070,452,0.63950384252393155
039515,5730,2070,453,0.57936190628498319
039515,5730,2070,456,0.63179692067823034
039515,5731,2070,381,0.61452599388379203
039515,5731,2070,384,0.5878031125588129
039515,5732,2070,518,0.66460766925570303
039515,5732,2070,519,0.5944797173445262
039515,5733,2070,344,0.61861030737618983
039515,5734,2070,480,0.56612693900253386
039515,5735,2070,459,0.64158982140772736
039515,5735,2070,460,0.6087271264830082
039515,5736,2070,357,0.65129125811352018
039515,5737,2070,488,0.63125636367266269
039515,5737,2070,489,0.61597647198621586
039515,5737,2070,492,0.62443069384678207
039515,5738,2070,575,0.59521603349462915
039515,5738,2070,578,0.63377065329333271
039515,5738,2070,579,0.6454411094382364
039515,5738,2070,582,0.62403009640253937
039515,5739,2070,449,0.63688597045081452
039515,5740,2070,316,0.62432679462841878
039515,5741,2070,480,0.62864624006614911
039515,5742,2070,375,0.60376842009215748
039515,5743,2070,336,0.62040950309794429
039515,5744,2070,344,0.60343962410473972
039515,5744,2070,346,0.62933626696002931
039515,5744,2070,347,0.61289219040172027
039515,5746,2070,385,0.63256161314413739
039515,5746,2070,391,0.62676116109319302
039515,5747,2070,554,0.65401571784550505
039515,5747,2070,557,0.61338946224877788
039515,5747,2070,561,0.61727560816478699
039515,5749,2070,252,0.61332432089899036
039515,5749,2070,255,0.59662376734079892
039515,5749,2070,259,0.59907936086398439
039515,5750,2070,461,0.58715952050147013
039515,5751,2070,518,0.61424864534839352
039515,5751,2070,522,0.61348934550989342
039515,5751,2070,524,0.62468291606926218
039515,5751,2070,528,0.62220653963773231
039515,5752,2070,324,0.61207645525629883
039515,5752,2070,325,0.62773172569706104
039515,5753,2070,453,0.61568825060888555
039515,5753,2070,455,0.61938911022576359
039515,5753,2070,457,0.64667120199554473
039515,5754,2070,425,0.64443186557826371
039515,5754,2070,427,0.62443600094989316
039515,5754,2070,429,0.60755379885814664
039515,5754,2070,431,0.63482991701928893
039515,5754,2070,432,0.61393596986817323
039515,5754,2070,433,0.64358563483834486
039515,5755,2070,546,0.61510477299185096
039515,5755,2070,547,0.59961276538923758
039515,5755,2070,549,0.63921620113565492
039515,5755,2070,551,0.61042371195544065
039515,5755,2070,554,0.61759180816973003
039515,5757,2070,616,0.61074079924182589
039515,5757,2070,618,0.62590906958194525
039515,5758,2070,281,0.64912693352810458
039515,5758,2070,282,0.64059401197604793
039515,5758,2070,284,0.6089234312032239
039515,5759,2070,237,0.60177032378290241
039515,5759,2070,244,0.61545762711864405
039515,5760,2070,277,0.61435055865921784
039515,5761,2070,409,0.61643208605103561
039515,5761,2070,412,0.57039865805346368
039515,5761,2070,414,0.61689902034664656
039515,5761,2070,416,0.62696518445493699
039515,5763,2070,371,0.6359701492537313
039515,5763,2070,372,0.60865288557596253
039515,5764,2070,434,0.58212436888860486
039515,5764,2070,437,0.64147731967280841
039515,5764,2070,438,0.63570475946706906
039515,5764,2070,440,0.64276368004461704
039515,5765,2070,276,0.63987646881590843
039515,5765,2070,278,0.58916970220436371
039515,5767,2070,269,0.6233269022066803
039515,5767,2070,270,0.58867263526664071
039515,5768,2070,246,0.64437630902770282
039515,5768,2070,248,0.5965933663794537
039515,5769,2070,342,0.58799187142065401
039515,5769,2070,347,0.65353452040172721
039515,5770,2070,568,0.63614351749944975
039515,5771,2070,370,0.62618207627914746
039515,5771,2070,371,0.59415896487985209
039515,5771,2070,375,0.61188206427738223
039515,5771,2070,377,0.65251618359845154
039515,5771,2070,380,0.56861272275176133
039515,5772,2070,462,0.6241820055136309
039515,5772,2070,464,0.56092713000707473
039515,5773,2070,342,0.58441613951102755
039515,5774,2070,446,0.62536221884917897
039515,5774,2070,448,0.63132307692307688
039515,5775,2070,582,0.60170500364809343
039515,5775,2070,585,0.61576520859102668
039515,5775,2070,586,0.63881959877243111
039515,5776,2070,478,0.62256143906764627
039515,5776,2070,481,0.59333604593336042
039515,5776,2070,483,0.63929344729344728
039515,5777,2070,466,0.59438653667856034
039515,5777,2070,467,0.57793929869364502
039515,5777,2070,468,0.60925060027802347
039515,5777,2070,470,0.63852896688717586
039515,5777,2070,472,0.6110096646327885
039515,5778,2070,171,0.60866581259150809
039515,5778,2070,174,0.63416144629969273
039515,5778,2070,178,0.64828517346817216
039515,5778,2070,180,0.59310896760877807
039515,5778,2070,182,0.60406596531134493
039515,5779,2070,556,0.61937841831047979
039515,5779,2070,557,0.60792047458714127
039515,5779,2070,558,0.5917734938187037
039515,5779,2070,561,0.64188441098317095
039515,5780,2070,483,0.62775219757220591
039515,5780,2070,486,0.62808488877524926
039515,5780,2070,487,0.65619988453396627
039515,5780,2070,489,0.64514330322292857
039515,5781,2070,343,0.61528617448479772
039515,5781,2070,350,0.62557339449541283
039515,5783,2070,401,0.62582961592862585
039515,5783,2070,406,0.64643463497453313
039515,5783,2070,407,0.6478149974494134
039515,5783,2070,408,0.63722543949028154
039515,5783,2070,410,0.65024915342895684
039515,5783,2070,411,0.6023703431485139
039515,5784,2070,263,0.63729720182676053
039515,5786,2070,465,0.58297954925887285
039515,5786,2070,474,0.60678979232125063
039515,5787,2070,553,0.66033555953738399
039515,5787,2070,559,0.61220723441379776
039515,5787,2070,564,0.62774005053695514
039515,5788,2070,497,0.60797342192691028
039515,5788,2070,499,0.59004762367577024
039515,5788,2070,500,0.60466742739352897
039515,5789,2070,436,0.62042860470533423
039515,5789,2070,438,0.6233585542771386
039515,5789,2070,439,0.64153221106615377
039515,5789,2070,441,0.5956190639171729
039515,5790,2070,472,0.63375461970160152
039515,5790,2070,474,0.62052029136316333
039515,5790,2070,476,0.5811883569882127
039515,5791,2070,236,0.60246695293424268
039515,5793,2070,525,0.61528633356148754
039515,5794,2070,382,0.60841750841750841
039515,5794,2070,384,0.61500198965380026
039515,5795,2070,289,0.60118037339916675
039515,5795,2070,294,0.65201856249591494
039515,5796,2070,119,0.61055561659890856
039515,5796,2070,123,0.63742080268392476
039515,5797,2070,530,0.60044710029663384
039515,5797,2070,533,0.63682104607422674
039515,5797,2070,535,0.58434226962621316
039515,5797,2070,536,0.59606465847179069
039515,5797,2070,537,0.61333788810445611
