run,event,channel,waveform_index_save,fprompt
039521,1,2070,355,0.65229353791507139
039521,1,2070,356,0.62671940642363466
039521,1,2070,358,0.60541344723328694
039521,1,2070,359,0.643390689609177
039521,1,2070,360,0.6086827740870816
039521,3,2070,416,0.63700448594708414
039521,3,2070,419,0.62633419630285692
039521,4,2070,211,0.60859968214727178
039521,4,2070,215,0.63830689902747861
039521,6,2070,352,0.62762973352033657
039521,7,2070,439,0.62661085831393937
039521,8,2070,480,0.62104807275877005
039521,8,2070,482,0.59495896834701056
039521,8,2070,489,0.59825486275222683
039521,9,2070,360,0.62168581051904315
039521,9,2070,362,0.59500462534690102
039521,10,2070,485,0.63620790202653443
039521,10,2070,486,0.60341978967244503
039521,12,2070,417,0.63357689233930814
039521,12,2070,418,0.65025751072961369
039521,12,2070,419,0.63428885482051434
039521,12,2070,420,0.60962080173347777
039521,13,2070,476,0.62553813662578184
039521,13,2070,483,0.59941970842139203
039521,13,2070,485,0.60620990982615974
039521,16,2070,481,0.64270032930845222
039521,16,2070,485,0.63584597055913417
039521,16,2070,491,0.6300985936639808
039521,17,2070,345,0.6251901515578342
039521,18,2070,551,0.61458861294137523
039521,18,2070,554,0.58423213415907038
039521,18,2070,557,0.61258012820512819
039521,19,2070,509,0.62095928708719206
039521,20,2070,551,0.59352939314318276
039521,20,2070,553,0.60004897359507003
039521,21,2070,375,0.57800909308447002
039521,21,2070,376,0.63004610367704939
039521,23,2070,491,0.65002849631386395
039521,24,2070,471,0.58690296723903368
039521,24,2070,475,0.60388490514659166
039521,25,2070,451,0.60575284575011923
039521,26,2070,480,0.64735527017818184
039521,27,2070,341,0.65311496867890428
039521,28,2070,596,0.60643215016583163
039521,28,2070,600,0.61547196593328601
039521,29,2070,509,0.63528943703998408
039521,29,2070,510,0.63620989336214595
039521,30,2070,133,0.5940987812700449
039521,30,2070,134,0.65140242541477567
039521,30,2070,137,0.58269674094833435
039521,30,2070,139,0.62197015731550875
039521,30,2070,141,0.57906765969184693
039521,31,2070,570,0.65116897703425647
039521,32,2070,313,0.59519166555362624
039521,34,2070,242,0.61583757812217765
039521,36,2070,290,0.63257372036203263
039521,37,2070,276,0.62357503270416748
039521,37,2070,278,0.61936448237619945
039521,38,2070,504,0.61145932063472652
039521,38,2070,508,0.62021333742613771
039521,39,2070,258,0.60126554847657432
039521,39,2070,260,0.59484926848276598
039521,39,2070,264,0.58566155412715581
039521,40,2070,229,0.61652415728876997
039521,40,2070,230,0.63267072680619529
039521,40,2070,232,0.65807241117393878
039521,41,2070,267,0.63188213525119574
039521,41,2070,270,0.61544087252376867
039521,42,2070,261,0.63657311396838567
039521,42,2070,269,0.62145582765782736
039521,43,2070,236,0.58612900527064338
039521,44,2070,665,0.59843523206004179
039521,44,2070,674,0.63379384071378642
039521,44,2070,675,0.64876423441452236
039521,44,2070,677,0.6061316657981588
039521,45,2070,462,0.62432988028538028
039521,45,2070,467,0.63380835123382406
039521,45,2070,471,0.64289072048638318
039521,45,2070,472,0.60999502239920356
039521,46,2070,282,0.64409987917841316
039521,46,2070,283,0.58053143323684409
039521,46,2070,286,0.56082101927257988
039521,47,2070,498,0.52085102768812641
039521,47,2070,502,0.59203218611973585
039521,48,2070,417,0.62130498875009699
039521,49,2070,327,0.60020082647819872
039521,50,2070,351,0.63016224188790559
039521,50,2070,352,0.59957149300857016
039521,50,2070,357,0.59610212434223353
039521,50,2070,361,0.61441739943078033
039521,52,2070,314,0.61463778939507097
039521,53,2070,394,0.60498550257731953
039521,54,2070,510,0.65160038797284192
039521,55,2070,430,0.65699322727988663
039521,55,2070,436,0.61316108195397656
039521,56,2070,207,0.62133120198925451
039521,56,2070,210,0.59472575771449498
039521,56,2070,212,0.62003493336783544
039521,56,2070,213,0.64716124406814379
039521,56,2070,214,0.65222050754458161
039521,57,2070,411,0.6033902989543507
039521,57,2070,412,0.59012174981756726
039521,57,2070,413,0.60723686795269716
039521,57,2070,415,0.62747006304743369
039521,57,2070,419,0.63662981971312016
039521,58,2070,247,0.6295747266099635
039521,58,2070,252,0.60114980836527243
039521,58,2070,253,0.59056476850633211
039521,59,2070,192,0.63432124540462032
039521,59,2070,194,0.64379623714633094
039521,61,2070,381,0.60335733614640186
039521,61,2070,383,0.65077683615819204
039521,62,2070,253,0.63797800914663816
039521,62,2070,255,0.6376668625640165
039521,63,2070,351,0.62037461773700309
039521,66,2070,434,0.59183389720535751
039521,66,2070,436,0.57168416030534353
039521,66,2070,440,0.60995093467418193
039521,67,2070,392,0.62440180884225316
039521,68,2070,280,0.63075381360650262
039521,68,2070,288,0.63360548661005878
039521,69,2070,415,0.64886890267850128
039521,69,2070,416,0.60543444165621074
039521,69,2070,421,0.60183948968995693
039521,70,2070,434,0.64498589903198755
039521,70,2070,439,0.59849269901083368
039521,73,2070,378,0.65048492607727249
039521,73,2070,379,0.61842105263157898
039521,73,2070,380,0.61333333333333329
039521,73,2070,382,0.62240663900414939
039521,74,2070,476,0.63599571219181383
039521,75,2070,410,0.64415849601295572
039521,76,2070,424,0.61997038290670614
039521,77,2070,385,0.61638435212060827
039521,79,2070,276,0.59867149333989389
039521,79,2070,278,0.59751667657354202
039521,80,2070,312,0.60579648825893806
039521,80,2070,314,0.65301176692920393
039521,82,2070,484,0.64420859611591141
039521,82,2070,488,0.63121890547263682
039521,82,2070,489,0.60782500115617633
039521,83,2070,408,0.59131396800181546
039521,84,2070,557,0.65209282151377146
039521,84,2070,558,0.50613561672747009
039521,84,2070,559,0.59180424796470643
039521,84,2070,560,0.63107616135139066
039521,84,2070,562,0.63996704234470181
039521,84,2070,565,0.62477293369663944
039521,84,2070,569,0.60544915223202844
039521,86,2070,337,0.60457530941423532
039521,86,2070,338,0.61966189364789004
039521,88,2070,331,0.62615360550602217
039521,88,2070,338,0.61945050946142655
039521,89,2070,376,0.59598361738670891
039521,90,2070,294,0.63088315464292199
039521,91,2070,504,0.61937535066392368
039521,92,2070,506,0.63702195590310717
039521,92,2070,508,0.6105865407697848
039521,92,2070,510,0.60293907152058779
039521,92,2070,514,0.64024593812597375
039521,94,2070,327,0.62926579250843551
039521,95,2070,318,0.62131032874795988
039521,95,2070,320,0.60413420982634802
039521,95,2070,321,0.57143466393722275
039521,95,2070,327,0.60824383668855164
039521,96,2070,313,0.6391257169431096
039521,97,2070,546,0.60132732006013279
039521,98,2070,305,0.60489589449437697
039521,99,2070,446,0.62427951557541606
039521,99,2070,450,0.57861300869195398
039521,100,2070,199,0.64202598380719267
039521,100,2070,200,0.59772921499206444
039521,101,2070,361,0.60292903394028941
039521,101,2070,362,0.59492543222911443
039521,103,2070,171,0.63739227912842433
039521,104,2070,405,0.65373478220257186
039521,104,2070,407,0.59654546157115806
039521,104,2070,410,0.6240349658919162
039521,105,2070,458,0.63971321299026362
039521,105,2070,464,0.60872927642708685
039521,106,2070,275,0.60671196782693104
039521,108,2070,264,0.58997950733971816
039521,108,2070,265,0.60116246886244118
039521,109,2070,361,0.64030065817657822
039521,109,2070,369,0.60432246752782048
039521,109,2070,371,0.64675264854905579
039521,109,2070,372,0.65620827770360479
039521,110,2070,272,0.63856352168876307
039521,111,2070,580,0.60337917762751359
039521,111,2070,583,0.60189551760450533
039521,111,2070,587,0.63013496932515334
039521,113,2070,358,0.58769467410113441
039521,113,2070,359,0.62705371977109103
039521,113,2070,362,0.59485289098231964
039521,114,2070,188,0.64340693064379673
039521,114,2070,191,0.59551594879411551
039521,116,2070,413,0.61652373588265619
039521,116,2070,414,0.63564057243856553
039521,116,2070,415,0.61065059798733679
039521,116,2070,418,0.63626555600160573
039521,117,2070,470,0.628319877251306
039521,117,2070,472,0.62400427217302301
039521,118,2070,336,0.60585758039816229
039521,119,2070,475,0.61499567257322463
039521,120,2070,528,0.6427056540769821
039521,122,2070,345,0.60750164303821241
039521,123,2070,327,0.58241663431258361
039521,124,2070,237,0.57610623296855401
039521,124,2070,243,0.59034823142308746
039521,125,2070,356,0.64137426900584793
039521,125,2070,359,0.63643718554850459
039521,128,2070,407,0.63680640631069407
039521,130,2070,438,0.60466250055400439
039521,130,2070,444,0.62848669445335048
039521,130,2070,445,0.61268582325662024
039521,130,2070,446,0.60840022252245096
039521,131,2070,531,0.62984240354009779
039521,131,2070,534,0.6340928475691483
039521,131,2070,539,0.63739679615802114
039521,131,2070,540,0.59988421802636271
039521,132,2070,253,0.61994522658222428
039521,132,2070,255,0.65810950181606209
039521,133,2070,260,0.59773350122213165
039521,135,2070,435,0.61235503502124244
039521,135,2070,436,0.60913140311804004
039521,135,2070,437,0.62361979631945685
039521,135,2070,439,0.64871016691957506
039521,136,2070,388,0.45297056010202996
039521,138,2070,383,0.64663359319631464
039521,138,2070,386,0.63473744950952105
039521,139,2070,224,0.59633377888103878
039521,140,2070,495,0.63451669891478091
039521,140,2070,496,0.62044745057232054
039521,140,2070,497,0.62869608194011284
039521,141,2070,402,0.6120599353281414
039521,141,2070,405,0.6002052123948286
039521,141,2070,406,0.63899236181660835
039521,141,2070,407,0.62273156404070074
039521,141,2070,408,0.56162744315915436
039521,141,2070,409,0.57944226966382828
039521,142,2070,426,0.58154740283327278
039521,143,2070,483,0.59270598140140063
039521,144,2070,476,0.64917571371129879
039521,144,2070,481,0.65732658890360463
039521,145,2070,198,0.64453334634336734
039521,145,2070,202,0.62256145751008696
039521,146,2070,208,0.63019137811975934
039521,146,2070,211,0.63834987409272703
039521,148,2070,423,0.6021857284787564
039521,148,2070,428,0.60084706959706957
039521,148,2070,429,0.62823712615725924
039521,149,2070,133,0.62405137186223003
039521,150,2070,280,0.6255604322997782
039521,151,2070,372,0.58422523961661343
039521,151,2070,375,0.63860189716633431
039521,151,2070,381,0.6262917883271546
039521,153,2070,386,0.60502904496892396
039521,154,2070,139,0.63631554737810492
039521,154,2070,140,0.63985818249673443
039521,155,2070,404,0.59882709945787449
039521,156,2070,296,0.64800306158245546
039521,156,2070,297,0.58227492807522274
039521,159,2070,355,0.61715133740857209
039521,160,2070,358,0.59586009992862243
039521,161,2070,146,0.60270113143419346
039521,162,2070,264,0.64247870130971052
039521,163,2070,517,0.60336142366178613
039521,164,2070,357,0.58112419742387833
039521,164,2070,358,0.59869704137101121
039521,164,2070,360,0.63450546719681911
039521,164,2070,361,0.64337886082997608
039521,165,2070,380,0.60135153040943423
039521,165,2070,382,0.56812206370415064
039521,166,2070,410,0.6252847735854945
039521,167,2070,420,0.57559500874359049
039521,168,2070,447,0.64299127888471574
039521,169,2070,315,0.62986216146799467
039521,169,2070,318,0.61440527696999792
039521,169,2070,324,0.59267012435168409
039521,171,2070,589,0.63278527204887447
039521,171,2070,591,0.60561056105610556
039521,171,2070,594,0.60735638159604888
039521,172,2070,402,0.61882652828986295
039521,173,2070,401,0.63043569774784258
039521,173,2070,404,0.57274138088427717
039521,174,2070,559,0.64045793826911435
039521,175,2070,404,0.62791406885334777
039521,176,2070,534,0.63405729264182742
039521,177,2070,420,0.58375548801080712
039521,180,2070,547,0.64612113122031478
039521,181,2070,428,0.62031869287389796
039521,181,2070,429,0.59274678809562531
039521,181,2070,432,0.62037776970577552
039521,181,2070,433,0.6280457756118929
039521,183,2070,408,0.62618376680371413
039521,183,2070,410,0.625
039521,183,2070,411,0.61375026772328123
039521,183,2070,412,0.59724263774139597
039521,184,2070,459,0.60365803194570888
039521,185,2070,418,0.61643345701640662
039521,185,2070,420,0.62824194037864467
039521,185,2070,423,0.61054353632478631
039521,186,2070,539,0.62470068463120976
039521,186,2070,547,0.6421292933485524
039521,186,2070,548,0.61506940960026757
039521,186,2070,549,0.59480694402873391
039521,188,2070,411,0.63855794154716894
039521,189,2070,524,0.63951226810293238
039521,193,2070,329,0.63517357059509916
039521,193,2070,333,0.64949832775919736
039521,194,2070,512,0.62541161352501806
039521,194,2070,514,0.64862671913667902
039521,195,2070,416,0.62200904581266414
039521,196,2070,454,0.66139438706021536
039521,197,2070,498,0.62608261159227185
039521,197,2070,503,0.61312640832777932
039521,197,2070,505,0.65233620418085747
039521,199,2070,162,0.58548528857824467
039521,199,2070,163,0.63430194270661833
039521,200,2070,488,0.61238579519616354
039521,201,2070,427,0.61315513303290325
039521,202,2070,583,0.64583193884790957
039521,204,2070,490,0.6496311010215664
039521,204,2070,492,0.59257411334248056
039521,205,2070,502,0.59397667020148459
039521,205,2070,503,0.61074620288897152
039521,206,2070,317,0.6072239671418217
039521,206,2070,319,0.60157361308677093
039521,207,2070,541,0.631044804040782
039521,207,2070,542,0.64268092105263153
039521,208,2070,388,0.58510482333968628
039521,208,2070,392,0.58724572998025926
039521,208,2070,393,0.61283773807766129
039521,210,2070,527,0.61400700782973572
039521,210,2070,529,0.61001335728432593
039521,210,2070,530,0.63378803777544601
039521,211,2070,464,0.63491305275781817
039521,214,2070,413,0.58638497652582156
039521,214,2070,416,0.62830540037243943
039521,215,2070,450,0.59741114523913996
039521,215,2070,457,0.61256293454806998
039521,216,2070,510,0.60928627101659061
039521,216,2070,515,0.6474993401953022
039521,217,2070,350,0.64214226431675048
039521,217,2070,351,0.62665424555442917
039521,217,2070,352,0.65016392721191718
039521,218,2070,581,0.66410650281618022
039521,218,2070,582,0.60896796585151791
039521,218,2070,586,0.63048361219344484
039521,219,2070,638,0.61772890484739673
039521,219,2070,641,0.64187265064358123
039521,220,2070,311,0.59252270832419152
039521,220,2070,316,0.60210154178532849
039521,220,2070,317,0.6451421236016871
039521,221,2070,510,0.63703091674192491
039521,221,2070,512,0.63793569305593079
039521,222,2070,525,0.60282921115466059
039521,223,2070,311,0.60356788899900893
039521,223,2070,315,0.64555323891005822
039521,223,2070,316,0.60234061306434239
039521,223,2070,320,0.63603004218251658
039521,224,2070,275,0.63576026923392626
039521,224,2070,278,0.63921129911900432
039521,224,2070,285,0.58945137555982086
039521,225,2070,488,0.58796127146510779
039521,226,2070,358,0.61183846579384105
039521,226,2070,361,0.60437353564654694
039521,226,2070,363,0.64154055919336106
039521,227,2070,493,0.60165682559266764
039521,227,2070,496,0.60613053104243975
039521,227,2070,499,0.64445402736204827
039521,228,2070,480,0.64226791172898956
039521,228,2070,482,0.63249525187663924
039521,230,2070,434,0.59523882471889455
039521,231,2070,446,0.59806411423642725
039521,231,2070,447,0.61921581219451283
039521,233,2070,471,0.63262704005934722
039521,233,2070,473,0.61215172590348599
039521,233,2070,474,0.63182662961005298
039521,234,2070,600,0.63650610965545951
039521,234,2070,601,0.59403027911315209
039521,234,2070,602,0.59576488706365505
039521,234,2070,603,0.62887993355277327
039521,235,2070,513,0.61713131711161462
039521,236,2070,324,0.6249617713621628
039521,236,2070,327,0.59531800290035219
039521,237,2070,473,0.64257790992181474
039521,237,2070,474,0.57501645097609122
039521,237,2070,480,0.6093552043742082
039521,238,2070,316,0.63027168087981733
039521,238,2070,318,0.64061321940185978
039521,238,2070,321,0.6090912142881123
039521,239,2070,253,0.63928696817848141
039521,239,2070,255,0.64650726676043135
039521,240,2070,277,0.62783381141852501
039521,240,2070,278,0.64249003710320185
039521,240,2070,279,0.61217140799423841
039521,241,2070,546,0.6193790601535476
039521,241,2070,547,0.65208545269582907
039521,241,2070,550,0.6318809209648486
039521,241,2070,551,0.49563336709831085
039521,242,2070,565,0.62467341361602446
039521,242,2070,570,0.61218278124752945
039521,242,2070,571,0.60370755698477252
039521,243,2070,382,0.60964829791235664
039521,244,2070,524,0.62253371923651701
039521,244,2070,526,0.65111861544955674
039521,244,2070,527,0.64753353828954718
039521,244,2070,528,0.63534118357487923
039521,244,2070,531,0.65569720889292715
039521,244,2070,533,0.60549606981494086
039521,245,2070,400,0.63934266477675405
039521,245,2070,401,0.62532745708385984
039521,245,2070,406,0.6283018867924528
039521,245,2070,409,0.62675736961451245
039521,245,2070,410,0.59876567020250726
039521,245,2070,412,0.63612334801762116
039521,246,2070,376,0.61370889047129251
039521,246,2070,380,0.61135190348673496
039521,247,2070,389,0.641559761209196
039521,247,2070,391,0.65315637136366966
039521,247,2070,394,0.60676308681232261
039521,248,2070,230,0.63907315705876855
039521,249,2070,460,0.6081330868761553
039521,249,2070,462,0.61847771884491587
039521,249,2070,464,0.61263246249081948
039521,249,2070,466,0.61137991997766816
039521,250,2070,427,0.59520492000192182
039521,250,2070,428,0.62503266791307321
039521,250,2070,430,0.62456195000389381
039521,250,2070,436,0.64517072762987415
039521,252,2070,460,0.56463911423696944
039521,253,2070,297,0.6228055165805414
039521,253,2070,301,0.62647138281038939
039521,253,2070,304,0.58949870164165308
039521,253,2070,306,0.64638157894736847
039521,254,2070,408,0.66012740404122372
039521,254,2070,410,0.60398104265402841
039521,254,2070,414,0.60856186080188257
039521,255,2070,306,0.62558450233800933
039521,255,2070,307,0.59220418522242968
039521,256,2070,446,0.64436647173489281
039521,257,2070,524,0.63055930703674379
039521,259,2070,385,0.61664740997496625
039521,260,2070,478,0.61826722582761284
039521,260,2070,481,0.58927362195837663
039521,261,2070,512,0.64732368288166975
039521,261,2070,514,0.63351209777999506
039521,262,2070,459,0.63261329319086446
039521,262,2070,461,0.62111345501238191
039521,262,2070,462,0.58886275146009082
039521,263,2070,305,0.60789976451770555
039521,263,2070,311,0.61812376022062021
039521,265,2070,363,0.64395104661271985
039521,265,2070,366,0.6278258677199765
039521,267,2070,410,0.62356026912988938
039521,270,2070,282,0.65090265046763818
039521,271,2070,409,0.64600259993500164
039521,273,2070,272,0.61806630016130626
039521,274,2070,167,0.62965644571552692
039521,274,2070,172,0.6275534859201336
039521,275,2070,335,0.63084944460636683
039521,275,2070,338,0.62617091480833531
039521,275,2070,343,0.61490880253766855
039521,276,2070,349,0.60900820945196366
039521,276,2070,351,0.58073902818192691
039521,276,2070,352,0.63813039631448887
039521,276,2070,354,0.63429006858013715
039521,276,2070,355,0.5808207877912972
039521,276,2070,360,0.61696830412716652
039521,277,2070,552,0.59962675375745655
039521,277,2070,554,0.63159970551114852
039521,277,2070,560,0.63426962235540474
039521,277,2070,562,0.59406014476531599
039521,277,2070,565,0.60813066823083517
039521,279,2070,293,0.62308683070438087
039521,279,2070,295,0.61635250215290405
039521,280,2070,533,0.57859858041511081
039521,281,2070,450,0.61156320968962907
039521,281,2070,452,0.62765052356020945
039521,282,2070,387,0.6085249889429456
039521,282,2070,393,0.6253640552995392
039521,283,2070,439,0.60364184008762323
039521,284,2070,249,0.59707715263758443
039521,284,2070,252,0.62200483908733772
039521,285,2070,391,0.63117493219682297
039521,285,2070,393,0.63661644051751343
039521,286,2070,454,0.6328629343858857
039521,287,2070,575,0.62144983100438889
039521,288,2070,349,0.60891135448843958
039521,290,2070,402,0.64086592908789963
039521,291,2070,472,0.6342401230414304
039521,292,2070,398,0.59822170516868867
039521,292,2070,405,0.65398578087971038
039521,292,2070,406,0.62665620239139463
039521,293,2070,480,0.62565329081406684
039521,294,2070,503,0.61670288730208012
039521,295,2070,349,0.62762623587570621
039521,295,2070,350,0.62117908597323757
039521,295,2070,351,0.62371668079495146
039521,295,2070,357,0.64040621315849344
039521,296,2070,488,0.61221706112217056
039521,296,2070,490,0.63803241500761121
039521,297,2070,297,0.61231450875589
039521,297,2070,299,0.58665637595403486
039521,298,2070,439,0.63510977259831525
039521,298,2070,441,0.64276094276094276
039521,298,2070,442,0.58048582995951414
039521,298,2070,447,0.60791034033656643
039521,299,2070,336,0.64624911861185197
039521,299,2070,337,0.62722803172138764
039521,299,2070,338,0.58164993805779586
039521,300,2070,392,0.61850758287478191
039521,300,2070,393,0.58248892398122565
039521,300,2070,394,0.59517910385083783
039521,300,2070,396,0.64751091703056773
039521,301,2070,489,0.61732958746118582
039521,301,2070,490,0.63184309903764158
039521,302,2070,502,0.65466149257560691
039521,303,2070,323,0.614417865819473
039521,303,2070,325,0.63674659753726504
039521,303,2070,329,0.64350460436152057
039521,305,2070,332,0.60659322176435959
039521,305,2070,337,0.65246990755527978
039521,306,2070,308,0.61109813629781873
039521,306,2070,310,0.61557389814670616
039521,307,2070,250,0.58535734226688996
039521,307,2070,251,0.61032342908806969
039521,308,2070,524,0.61419275982312971
039521,308,2070,533,0.6370086930678357
039521,308,2070,536,0.59587495971640347
039521,309,2070,443,0.61425166825548139
039521,311,2070,485,0.60641200545702589
039521,311,2070,486,0.608859405093088
039521,312,2070,386,0.61970394985273014
039521,312,2070,388,0.64530303630101737
039521,312,2070,389,0.59072261261627201
039521,313,2070,420,0.63194208504299187
039521,314,2070,533,0.62699825307360169
039521,315,2070,185,0.66011974118055383
039521,316,2070,423,0.63898404789093044
039521,316,2070,425,0.61217239761378106
039521,317,2070,511,0.63078813698181224
039521,318,2070,248,0.6053082191780822
039521,319,2070,518,0.59395298484379833
039521,320,2070,456,0.60002072968490883
039521,320,2070,458,0.65112693048265058
039521,323,2070,290,0.62235471401428288
039521,323,2070,297,0.59867560497056904
039521,324,2070,486,0.59715639810426535
039521,325,2070,509,0.61915626000640411
039521,325,2070,515,0.6118546845124283
039521,326,2070,415,0.63901277623151476
039521,326,2070,417,0.58394499674811851
039521,327,2070,516,0.60220284534189994
039521,327,2070,517,0.60714755824667632
039521,329,2070,394,0.61333288029628619
039521,331,2070,365,0.64189653199038577
039521,332,2070,471,0.62377276160107409
039521,334,2070,284,0.60738538014291421
039521,334,2070,286,0.6119864940911649
039521,334,2070,287,0.61461959224266538
039521,335,2070,289,0.60199983264998747
039521,335,2070,293,0.63836180782745666
039521,335,2070,294,0.63094236432477913
039521,336,2070,378,0.61752237399905796
039521,336,2070,379,0.57188512583780904
039521,336,2070,380,0.63517378867989949
039521,337,2070,434,0.64426855795419236
039521,337,2070,438,0.63881592349176053
039521,337,2070,439,0.65337950381344789
039521,338,2070,422,0.61278526742444273
039521,338,2070,425,0.59976870973071206
039521,338,2070,430,0.62628963024324125
039521,338,2070,431,0.60782734739893707
039521,339,2070,525,0.65989871966367286
039521,340,2070,146,0.58105455375485049
039521,341,2070,448,0.63338941858291264
039521,342,2070,321,0.61522441346480794
039521,343,2070,605,0.63714873814211559
039521,345,2070,553,0.63778987852709346
039521,345,2070,555,0.66010555459422049
039521,345,2070,556,0.6487404075313451
039521,345,2070,558,0.61260853835021711
039521,346,2070,442,0.61783331208296144
039521,348,2070,510,0.62123300428385175
039521,349,2070,356,0.63779046066041578
039521,350,2070,287,0.64897723743177882
039521,350,2070,293,0.65501731892674353
039521,350,2070,295,0.62972766120288282
039521,351,2070,472,0.63740117811192065
039521,351,2070,473,0.62259467982597017
039521,353,2070,353,0.59791975821273469
039521,353,2070,358,0.57632353475527776
039521,354,2070,473,0.6468699839486356
039521,354,2070,474,0.63386567889239742
039521,354,2070,475,0.62209324237741681
039521,356,2070,419,0.61491013978256048
039521,356,2070,425,0.63931840513006155
039521,357,2070,475,0.59934764881761349
039521,357,2070,476,0.640595258695276
039521,359,2070,263,0.55087481934749849
039521,359,2070,265,0.61528059499661936
039521,359,2070,269,0.61063022758218244
039521,360,2070,209,0.61387110852487636
039521,360,2070,210,0.59053786652275586
039521,360,2070,211,0.62695656200796512
039521,360,2070,213,0.59107396309730331
039521,361,2070,406,0.62626886351998556
039521,361,2070,408,0.6536584453710802
039521,362,2070,368,0.63279643279643283
039521,363,2070,424,0.59806805389112827
039521,363,2070,426,0.61825373197805467
039521,364,2070,386,0.62711104237550264
039521,364,2070,387,0.62627333582803213
039521,364,2070,393,0.59952885747938756
039521,365,2070,274,0.63850690348990491
039521,366,2070,510,0.58850142985189291
039521,366,2070,512,0.59039144266678967
039521,367,2070,570,0.6039925719591458
039521,367,2070,573,0.56848306332842413
039521,368,2070,375,0.64447123728101419
039521,368,2070,378,0.60220939818631491
039521,369,2070,456,0.60759751917741145
039521,369,2070,459,0.63272184300341294
039521,369,2070,461,0.60698377346484256
039521,369,2070,466,0.62714359951498355
039521,370,2070,405,0.59548183497536944
039521,370,2070,406,0.63476039680179153
039521,370,2070,407,0.6244493976543013
039521,370,2070,414,0.63507067903911196
039521,371,2070,374,0.60052765024326737
039521,371,2070,375,0.60159620362381361
039521,371,2070,377,0.63479443772672306
039521,372,2070,348,0.63894945876489373
039521,373,2070,431,0.62658604736384038
039521,373,2070,432,0.61316669600422458
039521,374,2070,207,0.64555573479593487
039521,375,2070,376,0.63145338030904097
039521,375,2070,380,0.62725100659262867
039521,376,2070,175,0.64326076405740829
039521,376,2070,179,0.6334669379040867
039521,377,2070,259,0.64282843319687388
039521,377,2070,260,0.60474422641145553
039521,377,2070,262,0.60575352992027665
039521,377,2070,265,0.5987664896350865
039521,377,2070,267,0.59588459122982007
039521,379,2070,248,0.65215843799257645
039521,379,2070,250,0.64955612382793826
039521,379,2070,254,0.61530800967420685
039521,380,2070,320,0.64314257471554459
039521,380,2070,324,0.62687592293691408
039521,380,2070,325,0.59904534606205251
039521,381,2070,512,0.63656279508970726
039521,381,2070,516,0.62135904190721747
039521,381,2070,522,0.60901624043307823
039521,381,2070,526,0.63650995340957217
039521,382,2070,445,0.61342742135864436
039521,382,2070,446,0.63309221600473131
039521,382,2070,447,0.64411981340535229
039521,383,2070,471,0.64024837221335862
039521,383,2070,473,0.64285393762620602
039521,386,2070,426,0.61264717555232173
039521,387,2070,504,0.59225328106357589
039521,388,2070,387,0.63736128992704311
039521,388,2070,389,0.59184197024114926
039521,388,2070,391,0.56465559117847075
039521,389,2070,365,0.60306117522089708
039521,390,2070,420,0.62161364865529278
039521,390,2070,423,0.59340426433809501
039521,390,2070,425,0.65262661955241463
039521,390,2070,427,0.6145185765333594
039521,390,2070,428,0.63279649442294561
039521,392,2070,147,0.61267437497868271
039521,392,2070,148,0.64378872322969416
039521,392,2070,149,0.644339436897027
039521,392,2070,150,0.64857699805068225
039521,393,2070,564,0.6184624316609415
039521,393,2070,566,0.57911238684036215
039521,393,2070,567,0.63271221532091093
039521,393,2070,568,0.62636020006872595
039521,394,2070,367,0.6372236792806294
039521,394,2070,369,0.64632067242883195
039521,394,2070,372,0.62461276332094173
039521,395,2070,603,0.63729152331334582
039521,396,2070,475,0.59870143470520476
039521,397,2070,553,0.60125912868295139
039521,397,2070,556,0.65328217573120473
039521,397,2070,562,0.61182184316512678
039521,398,2070,306,0.60265511201253807
039521,398,2070,308,0.6224132532521135
039521,399,2070,472,0.62806504344833525
039521,399,2070,474,0.58245920745920743
039521,399,2070,475,0.59523482245131731
039521,399,2070,479,0.60842882485496474
039521,400,2070,294,0.6284863254806391
039521,401,2070,525,0.58370882365807775
039521,401,2070,532,0.61867515747213953
039521,401,2070,534,0.603746683036952
039521,402,2070,482,0.59401986883968572
039521,403,2070,386,0.63042258384771444
039521,403,2070,390,0.62034497833949365
039521,405,2070,569,0.65524436509707651
039521,405,2070,575,0.63658233430896916
039521,405,2070,577,0.61393891934220834
039521,405,2070,579,0.65410581280367652
039521,407,2070,431,0.65052651372696502
039521,407,2070,436,0.64272637656668075
039521,409,2070,387,0.65180389146614159
039521,409,2070,388,0.63731951287137156
039521,409,2070,389,0.63574061005253668
039521,410,2070,418,0.5691458718656196
039521,410,2070,421,0.64453116847882796
039521,411,2070,537,0.62942673358309187
039521,411,2070,539,0.6148989003192622
039521,411,2070,543,0.62955616879383691
039521,412,2070,392,0.63727016534300296
039521,414,2070,283,0.65243483107839095
039521,414,2070,285,0.62821109653392015
039521,415,2070,478,0.65137108998208626
039521,415,2070,481,0.63022287533676213
039521,416,2070,415,0.62670399221032136
039521,416,2070,416,0.63557708580132
039521,416,2070,417,0.60978700589754842
039521,416,2070,425,0.63989519826674057
039521,417,2070,231,0.63619982363991867
039521,417,2070,232,0.60389749753187105
039521,419,2070,428,0.65023234727416979
039521,420,2070,539,0.62933826931975934
039521,420,2070,548,0.60289804570665273
039521,421,2070,256,0.64839020966751471
039521,421,2070,259,0.63370531223743531
039521,421,2070,261,0.59252529571041757
039521,421,2070,262,0.60701600526200394
039521,423,2070,272,0.62715054554009941
039521,423,2070,274,0.60422702314929777
039521,423,2070,276,0.61810669421212228
039521,423,2070,277,0.63702955291740337
039521,424,2070,547,0.58431354942982849
039521,424,2070,549,0.57887517146776402
039521,424,2070,551,0.65482936428402239
039521,425,2070,514,0.59994135112349256
039521,425,2070,515,0.62327922745017461
039521,426,2070,289,0.64683153013910355
039521,426,2070,290,0.62466338961316525
039521,426,2070,291,0.64265962534045784
039521,426,2070,294,0.57996885108422191
039521,426,2070,296,0.60666399839903939
039521,427,2070,438,0.63453864123029002
039521,428,2070,434,0.64257215055193506
039521,429,2070,275,0.60351167114232596
039521,429,2070,276,0.63239960733283107
039521,429,2070,279,0.62525187988401243
039521,430,2070,398,0.63018457810718354
039521,430,2070,399,0.62235849056603776
039521,431,2070,295,0.61519247722597703
039521,433,2070,397,0.63064249862428923
039521,433,2070,398,0.58017875920084117
039521,434,2070,437,0.64926285753108226
039521,434,2070,440,0.62547786933990313
039521,434,2070,442,0.61890472618154535
039521,435,2070,488,0.64091196960101326
039521,435,2070,490,0.6108984043543948
039521,436,2070,274,0.60213370680067557
039521,437,2070,280,0.59076624864166349
039521,439,2070,319,0.63678139791369881
039521,439,2070,321,0.60380249047413281
039521,440,2070,445,0.64202898550724641
039521,440,2070,446,0.60845864661654137
039521,442,2070,446,0.64120799835085551
039521,443,2070,261,0.62477904984635468
039521,443,2070,262,0.609375
039521,444,2070,425,0.57077788693400022
039521,445,2070,536,0.62950910750426603
039521,446,2070,422,0.64012988711153729
039521,446,2070,429,0.5836003845537574
039521,447,2070,393,0.59125125460020078
039521,448,2070,398,0.62603402528484475
039521,448,2070,403,0.61264097744360901
039521,449,2070,398,0.63247076977862182
039521,449,2070,400,0.58556028251621162
039521,449,2070,403,0.59173713660650429
039521,450,2070,580,0.63257106219277626
039521,451,2070,322,0.61665747380033098
039521,452,2070,443,0.61174008421795811
039521,454,2070,456,0.64910016659236491
039521,455,2070,292,0.63299235800014375
039521,458,2070,542,0.61883078730904817
039521,458,2070,548,0.62029292810303527
039521,461,2070,198,0.63334405426741913
039521,461,2070,204,0.60326430456928282
039521,462,2070,466,0.62196914033798678
039521,462,2070,467,0.61537395947460549
039521,463,2070,400,0.59486878888989092
039521,465,2070,326,0.59188911704312119
039521,466,2070,411,0.63803085877110555
039521,466,2070,416,0.592028678256177
039521,467,2070,358,0.63926658426040384
039521,467,2070,361,0.61601176717797856
039521,467,2070,363,0.64700497315486061
039521,468,2070,307,0.59746946595354034
039521,468,2070,310,0.63188559322033899
039521,469,2070,411,0.63451553010038708
039521,469,2070,413,0.62738613286916156
039521,469,2070,414,0.61354976980473086
039521,469,2070,418,0.63893933279526505
039521,469,2070,420,0.63856494257989849
039521,470,2070,309,0.65142241121159494
039521,470,2070,312,0.63914751857862817
039521,470,2070,314,0.63513328776486666
039521,470,2070,316,0.5962086057793714
039521,470,2070,317,0.62853573039947241
039521,471,2070,348,0.62735037751800138
039521,472,2070,450,0.63659043659043657
039521,473,2070,488,0.62743093275395656
039521,473,2070,489,0.61487347533224102
039521,474,2070,216,0.62879788639365919
039521,475,2070,534,0.61105870546914198
039521,475,2070,536,0.61267917836559771
039521,475,2070,537,0.59486856823266221
039521,475,2070,542,0.64200651421591914
039521,476,2070,398,0.63847114664002003
039521,476,2070,399,0.58167757742812298
039521,476,2070,402,0.63429521738335859
039521,476,2070,404,0.63743867802736898
039521,477,2070,520,0.58123082476087351
039521,477,2070,521,0.60552490335172471
039521,477,2070,522,0.63321016514591655
039521,477,2070,526,0.63784207131668658
039521,477,2070,528,0.59996324880558616
039521,478,2070,411,0.63124223602484475
039521,478,2070,416,0.64827918034642817
039521,478,2070,419,0.63279027670028443
039521,479,2070,362,0.60157383391216424
039521,479,2070,363,0.62533622559652924
039521,479,2070,366,0.65663225110917611
039521,479,2070,367,0.59179383696977339
039521,479,2070,368,0.64087474847184778
039521,480,2070,206,0.61017838405036728
039521,480,2070,207,0.61275192378160503
039521,480,2070,208,0.60925438198165471
039521,480,2070,211,0.59012866826318144
039521,480,2070,212,0.63080107276119401
039521,481,2070,385,0.62324009064229724
039521,481,2070,389,0.62843416204114
039521,482,2070,466,0.64217032967032972
039521,482,2070,467,0.64040652781835639
039521,482,2070,468,0.64050556149561944
039521,482,2070,471,0.59715885524678558
039521,483,2070,426,0.63366015594842895
039521,483,2070,427,0.63748657357679916
039521,483,2070,428,0.6297898640296663
039521,484,2070,295,0.62252988288324551
039521,484,2070,297,0.65637080562857586
039521,485,2070,413,0.59829059829059827
039521,486,2070,286,0.61635525357922838
039521,486,2070,288,0.63749999999999996
039521,487,2070,529,0.60789288781325634
039521,488,2070,294,0.60548873454175844
039521,489,2070,415,0.64434351987273242
039521,489,2070,421,0.6411673847654662
039521,491,2070,368,0.59045216671059075
039521,492,2070,278,0.63729880725402388
039521,493,2070,389,0.61049828832255615
039521,493,2070,394,0.63634125828222121
039521,494,2070,321,0.61304663114418134
039521,494,2070,322,0.62397898600266277
039521,496,2070,361,0.58210578797081081
039521,496,2070,371,0.64369197889534491
039521,497,2070,230,0.6234922458357266
039521,497,2070,231,0.62535723564562229
039521,497,2070,232,0.60549984081502706
039521,497,2070,235,0.6392271194191963
039521,497,2070,236,0.61741296751650054
039521,497,2070,238,0.6343933925145514
039521,498,2070,429,0.63437586493218934
039521,498,2070,431,0.64238523944819093
039521,499,2070,508,0.64277293987907369
039521,499,2070,510,0.64988304231741612
039521,499,2070,514,0.63444686140459916
039521,501,2070,392,0.64375820175252929
039521,501,2070,394,0.63301720907439973
039521,501,2070,396,0.62554320782882733
039521,501,2070,397,0.59145726616383654
039521,501,2070,398,0.62930729637342342
039521,501,2070,399,0.60753134419640908
039521,505,2070,468,0.62316180440087243
039521,507,2070,417,0.61505500868558194
039521,507,2070,420,0.5892409391383634
039521,509,2070,532,0.63686693757329482
039521,510,2070,184,0.63301796023091728
039521,511,2070,493,0.54865221361653194
039521,511,2070,495,0.57733819857883617
039521,511,2070,496,0.62809187279151946
039521,511,2070,498,0.5981149608389752
039521,512,2070,348,0.62531736526946102
039521,513,2070,395,0.6470588235294118
039521,513,2070,400,0.63547985377415339
039521,515,2070,443,0.60825727529029483
039521,515,2070,453,0.573477378874369
039521,516,2070,367,0.63767779120572654
039521,517,2070,468,0.62466843501326264
039521,517,2070,470,0.61502924264019265
039521,517,2070,473,0.63183737368945392
039521,517,2070,474,0.59856487941000602
039521,517,2070,476,0.60621118012422359
039521,518,2070,374,0.6275555724292412
039521,518,2070,377,0.6400777152794761
039521,518,2070,378,0.61672579389114823
039521,519,2070,594,0.61844684594119126
039521,519,2070,595,0.64144081307293743
039521,522,2070,541,0.62752927754102217
039521,522,2070,542,0.56441693605613819
039521,522,2070,545,0.61027312001171563
039521,522,2070,547,0.6475329466704336
039521,522,2070,550,0.6536982380824613
039521,522,2070,551,0.60473021325318443
039521,523,2070,389,0.63655087824859413
039521,524,2070,501,0.63369377708587538
039521,524,2070,507,0.58689933356716939
039521,525,2070,449,0.61216814983058421
039521,526,2070,306,0.63563990076667554
039521,526,2070,308,0.61123654700082786
039521,526,2070,309,0.61967620452692473
039521,526,2070,310,0.64492364526729529
039521,526,2070,312,0.63066830483447367
039521,526,2070,315,0.61845313156788562
039521,527,2070,587,0.6159127770769508
039521,528,2070,494,0.61670231729055258
039521,528,2070,496,0.62286907603136721
039521,528,2070,497,0.62532775312626054
039521,528,2070,498,0.58577777777777773
039521,528,2070,499,0.57849492024088633
039521,529,2070,355,0.64734340162382731
039521,530,2070,415,0.64335756458006488
039521,530,2070,416,0.60345113655218185
039521,530,2070,419,0.61154887707938832
039521,531,2070,567,0.65661146811665838
039521,531,2070,568,0.63239915511823197
039521,533,2070,497,0.60935647299773632
039521,534,2070,284,0.64924707979546836
039521,534,2070,288,0.59927404718693289
039521,536,2070,377,0.62077374283266329
039521,536,2070,380,0.64620583454529901
039521,537,2070,372,0.63213834713063
039521,538,2070,387,0.61761761761761758
039521,538,2070,391,0.59016921589985116
039521,539,2070,573,0.62320950731937663
039521,539,2070,574,0.63844513928368396
039521,539,2070,575,0.57469009185766518
039521,541,2070,420,0.62810698421699274
039521,542,2070,458,0.59646905779594872
039521,542,2070,460,0.61990074859113464
039521,543,2070,437,0.66496890151329646
039521,544,2070,279,0.58648822073517282
039521,544,2070,280,0.60153701968134954
039521,545,2070,170,0.64651519654941214
039521,546,2070,222,0.61504133440632092
039521,546,2070,226,0.5921143590756468
039521,547,2070,314,0.58602881217722202
039521,547,2070,315,0.61293177429736112
039521,548,2070,629,0.65403641360357267
039521,548,2070,630,0.63837104072398188
039521,549,2070,469,0.63325183374083127
039521,549,2070,470,0.58102511001812063
039521,550,2070,403,0.64307346395631626
039521,551,2070,228,0.57242362306368333
039521,551,2070,229,0.64030590805950083
039521,551,2070,231,0.62503908692933086
039521,551,2070,233,0.6058330662515452
039521,551,2070,238,0.61050717316629621
039521,552,2070,425,0.63322863210051317
039521,552,2070,429,0.6573750161956059
039521,553,2070,511,0.62468414662159943
039521,553,2070,514,0.64181137214845085
039521,553,2070,521,0.63015821236339908
039521,554,2070,229,0.59417075875178205
039521,556,2070,289,0.61810837523097417
039521,556,2070,292,0.63183937123128575
039521,556,2070,293,0.58825063005127309
039521,556,2070,294,0.59249028283667837
039521,557,2070,423,0.63975917047608433
039521,558,2070,387,0.42101595168034689
039521,558,2070,398,0.61698469280771651
039521,558,2070,400,0.6314453215159489
039521,559,2070,256,0.64547420580763015
039521,560,2070,537,0.62106133350290926
039521,561,2070,321,0.61237271526564696
039521,561,2070,324,0.62747572475198932
039521,561,2070,327,0.64897754842684952
039521,562,2070,489,0.62949480135138669
039521,562,2070,493,0.61363404011695666
039521,563,2070,341,0.59820405043943448
039521,564,2070,516,0.61584720121028746
039521,564,2070,519,0.60799084580909701
039521,564,2070,520,0.61890390587411981
039521,564,2070,523,0.6166106782931885
039521,565,2070,513,0.61641940195249445
039521,565,2070,515,0.64370093514057125
039521,565,2070,517,0.61432910862050905
039521,566,2070,366,0.63137022349060445
039521,566,2070,370,0.60122699386503065
039521,568,2070,509,0.62290049554883131
039521,569,2070,398,0.61245025842748024
039521,570,2070,387,0.56978747846065481
039521,570,2070,390,0.60467953466079905
039521,572,2070,344,0.59339331274338658
039521,572,2070,347,0.60900961417355892
039521,572,2070,348,0.61947485806974856
039521,574,2070,452,0.64807221542227667
039521,575,2070,181,0.65085958896227936
039521,576,2070,242,0.61332462442847813
039521,576,2070,243,0.6210501136227724
039521,576,2070,248,0.60269590069530354
039521,576,2070,249,0.63709994495557132
039521,576,2070,251,0.64492126377467784
039521,577,2070,581,0.62537817336782564
039521,578,2070,306,0.65185504745470235
039521,579,2070,414,0.6395649311730548
039521,581,2070,497,0.61213778503065319
039521,581,2070,506,0.57066914351211417
039521,582,2070,315,0.65155792690823389
039521,582,2070,316,0.60100328808700787
039521,583,2070,213,0.59874906801424899
039521,583,2070,214,0.59203290134379039
039521,583,2070,216,0.59754611196879825
039521,584,2070,426,0.65501620871731714
039521,584,2070,429,0.62062852077435593
039521,585,2070,386,0.65276109414146966
039521,585,2070,388,0.61264627936753713
039521,586,2070,331,0.60399988996176168
039521,586,2070,333,0.57793492717423034
039521,587,2070,411,0.6506661685966878
039521,587,2070,412,0.61907142410797977
039521,587,2070,418,0.63282848956201387
039521,587,2070,419,0.60963033805979461
039521,590,2070,573,0.62006444987428733
039521,590,2070,577,0.64299447248257635
039521,591,2070,437,0.62914985750767982
039521,591,2070,439,0.63575214842181349
039521,591,2070,440,0.64319809069212408
039521,592,2070,363,0.65027486463822426
039521,592,2070,367,0.61142595216268025
039521,594,2070,570,0.62896869326484528
039521,595,2070,444,0.61606544186670242
039521,595,2070,445,0.58776102088167048
039521,595,2070,446,0.5972063603619433
039521,596,2070,431,0.60466458283241165
039521,596,2070,436,0.59756345177664971
039521,596,2070,438,0.62073100537221793
039521,598,2070,423,0.6231566150430784
039521,599,2070,279,0.57959714100064974
039521,599,2070,282,0.62599385745859526
039521,599,2070,287,0.65405827941112604
039521,600,2070,285,0.63224258392340449
039521,600,2070,289,0.61397644478103053
039521,601,2070,389,0.66021719542846302
039521,601,2070,391,0.56709233400962722
039521,601,2070,394,0.607781525807495
039521,603,2070,316,0.64230451438443625
039521,603,2070,317,0.64135380062881453
039521,604,2070,284,0.64367036709978553
039521,604,2070,286,0.62076780129628795
039521,604,2070,287,0.63850654305983434
039521,604,2070,289,0.63413209826822392
039521,605,2070,386,0.609603789836348
039521,607,2070,209,0.60807374443738083
039521,607,2070,211,0.62977457420681671
039521,607,2070,213,0.62343247770383448
039521,607,2070,216,0.60315042297345478
039521,608,2070,403,0.61549370678957627
039521,608,2070,407,0.64076024730936565
039521,608,2070,408,0.61017612524461839
039521,609,2070,416,0.6203244596351033
039521,610,2070,468,0.64022017925588637
039521,610,2070,470,0.57975308641975309
039521,610,2070,471,0.63476398526514177
039521,610,2070,473,0.58936931974662632
039521,610,2070,477,0.60229621125143518
039521,611,2070,378,0.61137482419127986
039521,611,2070,379,0.63829463266082986
039521,611,2070,380,0.63517347997103779
039521,611,2070,381,0.5950413223140496
039521,612,2070,469,0.62689084629594927
039521,612,2070,475,0.60575016523463321
039521,613,2070,495,0.6387456857005549
039521,614,2070,392,0.65442397844302536
039521,614,2070,394,0.64439830063487513
039521,615,2070,290,0.62086967594066345
039521,616,2070,324,0.6019828198669509
039521,616,2070,329,0.58567451278157423
039521,617,2070,238,0.63072437602166542
039521,617,2070,244,0.62454350310836049
039521,617,2070,245,0.59291233219665906
039521,618,2070,419,0.61440163066912312
039521,618,2070,420,0.62906602566587833
039521,618,2070,421,0.61143590474832454
039521,618,2070,425,0.63753203232801103
039521,618,2070,426,0.64495459595833016
039521,619,2070,168,0.6127966442567373
039521,619,2070,170,0.6455225552121131
039521,620,2070,284,0.6148544481726671
039521,620,2070,287,0.62957098032315773
039521,620,2070,289,0.63035694911576434
039521,620,2070,291,0.63790141403462397
039521,620,2070,292,0.63540572771122938
039521,621,2070,450,0.60334569016541539
039521,621,2070,453,0.63918328106759448
039521,622,2070,367,0.60949781145573489
039521,622,2070,371,0.59356667585338008
039521,622,2070,372,0.64640974427818343
039521,622,2070,374,0.63347304659296555
039521,622,2070,376,0.63807281009921635
039521,624,2070,493,0.5731537530266344
039521,624,2070,495,0.65087583249703496
039521,625,2070,380,0.6465490875726374
039521,625,2070,384,0.62535467521497112
039521,626,2070,468,0.62781609195402299
039521,626,2070,470,0.61878530283541189
039521,627,2070,570,0.64259449919105749
039521,627,2070,571,0.60246694614640439
039521,628,2070,481,0.63686628104797549
039521,629,2070,272,0.62185199535063929
039521,630,2070,307,0.60899761583912093
039521,630,2070,310,0.63883034773445735
039521,630,2070,312,0.59043727915194344
039521,631,2070,463,0.63007952871870399
039521,631,2070,466,0.60871428571428576
039521,632,2070,474,0.6312199036918138
039521,632,2070,475,0.62241937660234781
039521,632,2070,476,0.59896436601485314
039521,633,2070,281,0.61792222764155547
039521,633,2070,282,0.65008012144724636
039521,633,2070,286,0.64192646155945154
039521,634,2070,364,0.6378178455848359
039521,634,2070,366,0.60833068912798915
039521,634,2070,374,0.60474561778537839
039521,635,2070,559,0.5922874520122503
039521,635,2070,560,0.61373730418316408
039521,637,2070,347,0.59276573828295231
039521,637,2070,348,0.62038537727354581
039521,637,2070,357,0.59294198361991335
039521,638,2070,293,0.61657940663176269
039521,638,2070,299,0.64542489270386261
039521,640,2070,368,0.62374558303886929
039521,640,2070,369,0.62659630081402007
039521,641,2070,403,0.63214753602741103
039521,642,2070,418,0.63315878062464936
039521,642,2070,419,0.58259791956138041
039521,643,2070,365,0.62685111288463247
039521,643,2070,372,0.60507472728146472
039521,643,2070,375,0.62310135470907246
039521,644,2070,400,0.61685784861097015
039521,644,2070,401,0.62616111467008329
039521,644,2070,406,0.605243688153149
039521,644,2070,407,0.62323690270581467
039521,645,2070,373,0.60117312871214079
039521,646,2070,573,0.63421754487133275
039521,647,2070,433,0.63763326395398723
039521,647,2070,434,0.59421791129108203
039521,647,2070,436,0.65264085918089287
039521,647,2070,437,0.61778324410360297
039521,647,2070,438,0.62321095208462973
039521,647,2070,439,0.64809527693939151
039521,647,2070,440,0.57626274121417542
039521,649,2070,266,0.6300427147603227
039521,650,2070,413,0.59234033814771714
039521,650,2070,416,0.6116207951070336
039521,651,2070,240,0.64579573652154298
039521,653,2070,386,0.60145223137798809
039521,653,2070,387,0.64499281669906194
039521,654,2070,465,0.61412694746028085
039521,655,2070,508,0.62518439471454124
039521,655,2070,509,0.64675861595731909
039521,656,2070,559,0.60615814405441515
039521,656,2070,560,0.63153800274874883
039521,656,2070,562,0.60681709073451751
039521,656,2070,563,0.63617284114607553
039521,656,2070,566,0.65884964962186909
039521,656,2070,567,0.62589476984168457
039521,657,2070,493,0.60400858983536154
039521,658,2070,388,0.64143076585472902
039521,659,2070,390,0.62843131010763642
039521,660,2070,492,0.5875897002954833
039521,661,2070,314,0.60731971203861679
039521,661,2070,320,0.57010550996483
039521,661,2070,321,0.60882665721375395
039521,661,2070,324,0.63803941228645256
039521,661,2070,326,0.63329963990144666
039521,661,2070,327,0.63522221760279385
039521,661,2070,328,0.62673063060823742
039521,661,2070,330,0.60406741886056559
039521,662,2070,144,0.60807261362502907
039521,663,2070,340,0.60692269757119965
039521,664,2070,423,0.63535738853104873
039521,664,2070,425,0.61339486050548242
039521,665,2070,283,0.621520551508845
039521,665,2070,284,0.60108042303887999
039521,666,2070,314,0.639399405255204
039521,666,2070,317,0.62042318307267708
039521,667,2070,502,0.61588070829450137
039521,668,2070,498,0.64419560503576168
039521,668,2070,504,0.63430759781784019
039521,668,2070,505,0.62287460148777896
039521,668,2070,507,0.6079548064116107
039521,669,2070,239,0.63081106905295647
039521,669,2070,241,0.59033114928280506
039521,670,2070,285,0.63728757080973009
039521,670,2070,287,0.63589065255731925
039521,670,2070,292,0.60396890167948114
039521,670,2070,293,0.59763829449992079
039521,670,2070,294,0.63083403039432684
039521,671,2070,355,0.6323425810996679
039521,673,2070,446,0.64397140919288365
039521,673,2070,449,0.58672359941485785
039521,674,2070,268,0.61215599086648242
039521,674,2070,272,0.63694151003795674
039521,674,2070,273,0.59297242083758939
039521,675,2070,603,0.61321119356833642
039521,675,2070,605,0.65515601438348214
039521,676,2070,337,0.64915584586614694
039521,677,2070,326,0.61830053902449711
039521,677,2070,331,0.61422367765359154
039521,677,2070,332,0.60038092276596566
039521,679,2070,539,0.61599140247178941
039521,680,2070,512,0.61139577117654687
039521,680,2070,513,0.64607866837034222
039521,680,2070,514,0.65224046225079402
039521,681,2070,324,0.57678455997783729
039521,681,2070,327,0.64627547434996491
039521,682,2070,548,0.59969949916527543
039521,682,2070,551,0.61851326547638907
039521,682,2070,552,0.60869392300349989
039521,683,2070,506,0.63333446901298085
039521,684,2070,332,0.64344395451380831
039521,684,2070,338,0.63422081748540204
039521,684,2070,340,0.64469379194630871
039521,686,2070,346,0.64373775381040732
039521,686,2070,350,0.59984800856678988
039521,687,2070,500,0.5898095870696336
039521,687,2070,502,0.63932987634623051
039521,688,2070,368,0.61820928969170175
039521,689,2070,480,0.62778585409965548
039521,689,2070,484,0.61942759434922445
039521,689,2070,486,0.65183736657703906
039521,690,2070,544,0.59972952086553322
039521,691,2070,269,0.60307162716801266
039521,691,2070,271,0.62376683449997949
039521,692,2070,214,0.61887442572741191
039521,693,2070,402,0.54428814861839692
039521,693,2070,407,0.65022281175015273
039521,693,2070,413,0.61598875959217492
039521,694,2070,322,0.6008589542572772
039521,694,2070,327,0.6174832739072954
039521,695,2070,493,0.6374013965348776
039521,695,2070,495,0.60575414123801219
039521,696,2070,335,0.65558023124647491
039521,697,2070,494,0.6498286465424159
039521,697,2070,495,0.57699973675303673
039521,698,2070,215,0.5947061334851288
039521,698,2070,218,0.56728354877708542
039521,698,2070,219,0.61004282475438742
039521,699,2070,300,0.62753226771518933
039521,699,2070,303,0.62495660559305688
039521,700,2070,476,0.64183800922367407
039521,701,2070,574,0.6378976770407575
039521,701,2070,576,0.62243777452415816
039521,702,2070,366,0.61867509986684421
039521,702,2070,369,0.60616231316058289
039521,703,2070,495,0.61677907126594789
039521,704,2070,459,0.58154157482022184
039521,705,2070,353,0.59812999819613977
039521,705,2070,354,0.59307494616934087
039521,705,2070,356,0.63860433604336042
039521,706,2070,347,0.62231468499841702
039521,706,2070,350,0.64187911238978135
039521,706,2070,351,0.61953912626020158
039521,706,2070,352,0.64112950707708249
039521,706,2070,354,0.62209637166442699
039521,707,2070,556,0.6168691922802001
039521,707,2070,559,0.61705635491606714
039521,708,2070,419,0.62822801590808663
039521,709,2070,456,0.6249379036264282
039521,709,2070,458,0.62430886558627263
039521,710,2070,557,0.61376587914044878
039521,710,2070,558,0.5873032240324465
039521,710,2070,559,0.64080356501114066
039521,711,2070,433,0.59277692138295535
039521,711,2070,436,0.6003219130834675
039521,712,2070,425,0.57673278359705815
039521,713,2070,467,0.60826424981744776
039521,713,2070,470,0.5886823336840874
039521,714,2070,483,0.61713473160327048
039521,714,2070,484,0.58887289874154136
039521,715,2070,365,0.62676256759204163
039521,715,2070,369,0.63774824548305209
039521,715,2070,372,0.61664886673786634
039521,716,2070,261,0.582894452059736
039521,717,2070,516,0.64177618478693743
039521,717,2070,519,0.63670133729569089
039521,719,2070,638,0.57802218462116939
039521,720,2070,394,0.61312929061784893
039521,723,2070,406,0.62445688689809631
039521,723,2070,407,0.63252110399329464
039521,724,2070,314,0.60656562666508795
039521,725,2070,499,0.61837819873712196
039521,726,2070,250,0.63370814908401774
039521,727,2070,333,0.64731863081560181
039521,727,2070,334,0.61862079986054008
039521,727,2070,335,0.60079757404561129
039521,727,2070,338,0.59725911383146635
039521,727,2070,340,0.61109065961647868
039521,728,2070,372,0.63606957859259428
039521,728,2070,376,0.64871542747648947
039521,728,2070,378,0.63201046663759264
039521,728,2070,383,0.62521269142228009
039521,729,2070,361,0.62446501443216884
039521,731,2070,266,0.59540176497909891
039521,731,2070,270,0.62371805120942869
039521,732,2070,186,0.609773472004559
039521,733,2070,358,0.59752463900985564
039521,733,2070,363,0.6229213834022953
039521,734,2070,426,0.59526519462781702
039521,736,2070,612,0.5965105036477103
039521,736,2070,619,0.59830603725112397
039521,738,2070,356,0.59732332025759893
039521,738,2070,363,0.64667986183878601
039521,738,2070,364,0.62731070031994307
039521,739,2070,251,0.61068376068376073
039521,739,2070,256,0.63475995779477712
039521,740,2070,490,0.64696671719006404
039521,740,2070,492,0.59464230548567898
039521,740,2070,494,0.59294524994589914
039521,741,2070,523,0.6293653139647819
039521,742,2070,240,0.58607907742998355
039521,743,2070,478,0.60541884915401134
039521,743,2070,479,0.626867802417436
039521,745,2070,311,0.60715272569375911
039521,745,2070,315,0.60234055552944499
039521,745,2070,317,0.63180399500624218
039521,746,2070,447,0.61991507324304629
039521,746,2070,450,0.64513165952235152
039521,747,2070,353,0.63761960326721123
039521,747,2070,354,0.64605248464544951
039521,748,2070,377,0.6472635084754188
039521,748,2070,379,0.62015633724176433
039521,749,2070,444,0.64059377676277474
039521,749,2070,447,0.6172931155739626
039521,749,2070,448,0.63172060444905631
039521,749,2070,456,0.63133620116191402
039521,749,2070,458,0.63569682151589246
039521,750,2070,502,0.58752870517576405
039521,751,2070,474,0.63067715623340892
039521,752,2070,386,0.63164039696439001
039521,752,2070,392,0.58399655839965581
039521,754,2070,212,0.60301009372746939
039521,755,2070,213,0.64696213677722336
039521,755,2070,214,0.62827183853673918
039521,755,2070,216,0.61526203966005666
039521,755,2070,217,0.60295537956345369
039521,755,2070,219,0.62858970981218709
039521,756,2070,604,0.62534854245880866
039521,756,2070,606,0.63629055831628178
039521,757,2070,500,0.64483379501385041
039521,758,2070,474,0.62623401844958726
039521,758,2070,475,0.59101099978981297
039521,758,2070,477,0.59627783316716521
039521,759,2070,487,0.58727620480983289
039521,759,2070,491,0.57745111022822582
039521,759,2070,493,0.6385576891406739
039521,760,2070,454,0.63245127329634376
039521,761,2070,495,0.63101581573081411
039521,762,2070,422,0.58828388290490985
039521,762,2070,426,0.58269168703029184
039521,763,2070,213,0.62105986710745964
039521,763,2070,214,0.62744250389071421
039521,763,2070,215,0.62556750298685782
039521,764,2070,527,0.62651339121927352
039521,764,2070,534,0.64519242016610134
039521,765,2070,296,0.63413720790892747
039521,765,2070,298,0.62182511796004414
039521,766,2070,392,0.65740676249819174
039521,766,2070,393,0.61300113250283128
039521,767,2070,368,0.61369685634127036
039521,767,2070,370,0.57247582639982009
039521,767,2070,372,0.65456324544468836
039521,768,2070,355,0.62808750882145381
039521,768,2070,360,0.61862581971224428
039521,769,2070,393,0.6358489082282629
039521,770,2070,274,0.65105239861410014
039521,770,2070,275,0.61915738704872691
039521,770,2070,276,0.63645200486026732
039521,770,2070,278,0.63748840906080273
039521,771,2070,364,0.62338568935427574
039521,772,2070,593,0.55667475728155336
039521,774,2070,220,0.64320372025096317
039521,774,2070,222,0.6356771545827633
039521,774,2070,223,0.59881238841884654
039521,774,2070,225,0.65412651178028336
039521,776,2070,343,0.6084649982700957
039521,776,2070,344,0.61716789120613336
039521,776,2070,346,0.63010037951090248
039521,776,2070,350,0.58884096825581844
039521,776,2070,353,0.58476270651373252
039521,778,2070,507,0.63314961688398974
039521,779,2070,133,0.61098860712973169
039521,779,2070,135,0.62770816745589408
039521,779,2070,137,0.60106184412460073
039521,779,2070,138,0.5987984273534479
039521,779,2070,140,0.63611795699838536
039521,780,2070,330,0.63661069952719551
039521,780,2070,336,0.62923592320577248
039521,781,2070,289,0.58618181818181814
039521,782,2070,295,0.60847564832384571
039521,783,2070,361,0.63024136715997181
039521,783,2070,367,0.58105605399621363
039521,784,2070,394,0.61931590878783838
039521,784,2070,398,0.65227706191561619
039521,786,2070,217,0.63374722158350583
039521,786,2070,219,0.59842619300642685
039521,787,2070,252,0.62578005537876591
039521,787,2070,254,0.60280612244897958
039521,787,2070,258,0.61895267241645802
039521,788,2070,252,0.58374466661089264
039521,788,2070,254,0.62094037809016001
039521,788,2070,256,0.632342965676299
039521,788,2070,257,0.614267483409903
039521,789,2070,290,0.60578598814918094
039521,789,2070,293,0.61926586733232392
039521,790,2070,528,0.63972228545413157
039521,792,2070,364,0.63443557582668186
039521,793,2070,401,0.63973455212125907
039521,793,2070,405,0.62811150198156473
039521,795,2070,315,0.65104799513973266
039521,796,2070,347,0.59065379552435282
039521,796,2070,350,0.59063127370064694
039521,797,2070,349,0.63229185024799217
039521,797,2070,353,0.63751042296188065
039521,798,2070,511,0.6098494138421543
039521,798,2070,515,0.62004208646856274
039521,798,2070,518,0.6374105952236635
039521,800,2070,277,0.61544772037985385
039521,801,2070,288,0.6096035979213229
039521,802,2070,321,0.63842048486913072
039521,802,2070,327,0.64683971009607277
039521,803,2070,193,0.60452866916669057
039521,803,2070,199,0.64417551007997076
039521,803,2070,200,0.61121340798917745
039521,804,2070,458,0.63450750844918291
039521,804,2070,461,0.6333288874492693
039521,804,2070,465,0.61497300189716397
039521,805,2070,427,0.64343640957766812
039521,805,2070,428,0.58939071687726763
039521,805,2070,430,0.62683069712946693
039521,805,2070,434,0.62569318262264906
039521,806,2070,484,0.59413018382026461
039521,806,2070,487,0.62297101130515109
039521,807,2070,286,0.61046934835585653
039521,807,2070,287,0.57943356004466551
039521,808,2070,310,0.61256497580211511
039521,808,2070,312,0.60274441234605447
039521,809,2070,391,0.6090496900157305
039521,809,2070,398,0.64757833751368921
039521,810,2070,339,0.60650206414734842
039521,810,2070,340,0.6296809986130375
039521,811,2070,398,0.6192249295061818
039521,812,2070,429,0.64735246924585488
039521,812,2070,432,0.60540252670197348
039521,813,2070,398,0.61450309975577677
039521,813,2070,399,0.60201840863430356
039521,813,2070,402,0.61366181410974241
039521,815,2070,562,0.61340441736481344
039521,816,2070,237,0.63311065546663137
039521,816,2070,239,0.56656863175453231
039521,816,2070,240,0.59902029391182643
039521,816,2070,241,0.61346070611513015
039521,817,2070,306,0.64376321353065535
039521,818,2070,457,0.64269757837431951
039521,819,2070,442,0.62971109341897524
039521,819,2070,445,0.6218820861678005
039521,820,2070,511,0.61106135244066273
039521,820,2070,512,0.64091690125397582
039521,820,2070,514,0.61805729558172551
039521,820,2070,518,0.60917935702199666
039521,821,2070,437,0.61848977223269985
039521,821,2070,439,0.62133960047003522
039521,822,2070,303,0.57643869891576316
039521,822,2070,305,0.60617320440822531
039521,823,2070,231,0.62417994376757269
039521,823,2070,236,0.61719998361125905
039521,825,2070,575,0.62034649658479213
039521,825,2070,578,0.58468136095607481
039521,825,2070,579,0.6317484064004163
039521,825,2070,581,0.63593905520251126
039521,826,2070,327,0.58564314265120243
039521,826,2070,331,0.61896313818253501
039521,826,2070,334,0.60492935494064004
039521,827,2070,403,0.62367880654707974
039521,829,2070,467,0.61002760970451742
039521,829,2070,468,0.63194321989067181
039521,829,2070,470,0.6455046812876748
039521,831,2070,283,0.6339701492537313
039521,831,2070,284,0.62106411013676222
039521,832,2070,380,0.6246908972145756
039521,833,2070,427,0.63287521539948721
039521,835,2070,497,0.62103784353323377
039521,837,2070,336,0.6282088090873621
039521,838,2070,575,0.62632305568338698
039521,839,2070,492,0.64955306721739969
039521,839,2070,493,0.6306087453558159
039521,839,2070,494,0.59400544959128065
039521,841,2070,398,0.58274515424026374
039521,842,2070,321,0.65561178384240015
039521,842,2070,327,0.64284463128393765
039521,843,2070,485,0.62326730177932355
039521,843,2070,490,0.57605333699910644
039521,844,2070,214,0.6404696580818362
039521,844,2070,215,0.6057687630721339
039521,845,2070,395,0.62998255267749292
039521,846,2070,386,0.59291331994645247
039521,848,2070,363,0.60583810081535205
039521,848,2070,367,0.60579542359030236
039521,848,2070,368,0.60020222446916072
039521,851,2070,338,0.61283703517045252
039521,852,2070,419,0.63688973514184244
039521,852,2070,422,0.60618911174785095
039521,853,2070,300,0.63587329158476935
039521,853,2070,301,0.58949664567642091
039521,853,2070,306,0.62535564450016878
039521,854,2070,221,0.5829323340288719
039521,855,2070,304,0.61640102403171193
039521,855,2070,307,0.603687490725627
039521,855,2070,310,0.62903823671979697
039521,855,2070,312,0.63261524206624975
039521,855,2070,313,0.64381643991425697
039521,856,2070,403,0.59302149561005146
039521,856,2070,404,0.64179380832469268
039521,856,2070,406,0.63557033778588412
039521,857,2070,394,0.58827370679602597
039521,858,2070,356,0.63710369516710397
039521,858,2070,360,0.62565288356909687
039521,859,2070,473,0.62629311931671761
039521,860,2070,318,0.63951841359773376
039521,862,2070,488,0.59166100158622248
039521,862,2070,491,0.60168387757000652
039521,864,2070,516,0.61184134000232637
039521,864,2070,518,0.63645154605944787
039521,864,2070,519,0.64669374858948314
039521,865,2070,410,0.58748674443266169
039521,866,2070,530,0.61295451692539438
039521,866,2070,531,0.64486726104497682
039521,866,2070,534,0.63697869332525492
039521,866,2070,535,0.64180075062242203
039521,867,2070,217,0.59036924072276908
039521,867,2070,218,0.60040084707306007
039521,868,2070,597,0.64366281478753284
039521,868,2070,599,0.61391380441916432
039521,869,2070,453,0.63641374837872888
039521,870,2070,431,0.64869754723575734
039521,871,2070,486,0.60995201335280613
039521,871,2070,487,0.62564293239139868
039521,871,2070,488,0.65348543957126537
039521,872,2070,324,0.63024609779619245
039521,872,2070,328,0.63205581226782637
039521,872,2070,330,0.62648934726557204
039521,875,2070,512,0.61034000116638476
039521,875,2070,513,0.60721551044131694
039521,875,2070,514,0.62723016848963387
039521,875,2070,516,0.63918189194482522
039521,875,2070,517,0.64369609683065176
039521,875,2070,518,0.64571732062960696
039521,876,2070,257,0.58234461054287967
039521,876,2070,258,0.56400060024009602
039521,877,2070,334,0.63925769349391059
039521,877,2070,336,0.61772790771033304
039521,878,2070,417,0.60623198048347748
039521,878,2070,420,0.58871217826607003
039521,879,2070,244,0.64442390802098337
039521,879,2070,245,0.60999825307168232
039521,879,2070,248,0.58403135326212252
039521,880,2070,457,0.56851424172440335
039521,881,2070,457,0.5906461281104064
039521,882,2070,466,0.62489501834416306
039521,882,2070,467,0.63596458596830596
039521,883,2070,296,0.59540727902946278
039521,884,2070,393,0.58290525114155256
039521,884,2070,396,0.59926219774111222
039521,885,2070,380,0.6440577953559582
039521,885,2070,383,0.62212540535188254
039521,885,2070,384,0.59150009703085582
039521,887,2070,430,0.65571086167208525
039521,887,2070,431,0.61800486618004868
039521,887,2070,432,0.61020467271674073
039521,888,2070,529,0.61362461220268871
039521,890,2070,412,0.61398412430332716
039521,890,2070,415,0.62290629244001816
039521,890,2070,418,0.64105904305883177
039521,891,2070,316,0.60453753267770449
039521,891,2070,318,0.59937362838332109
039521,892,2070,430,0.58690330477356178
039521,892,2070,432,0.58793430717174222
039521,892,2070,434,0.63021420518602034
039521,893,2070,428,0.62186728313980977
039521,893,2070,429,0.62269573835480674
039521,894,2070,416,0.61598452330572517
039521,894,2070,418,0.61782107920479645
039521,896,2070,328,0.60962609387430389
039521,896,2070,330,0.64749312167217588
039521,896,2070,332,0.61633728590250325
039521,897,2070,214,0.64491257056312823
039521,897,2070,215,0.63330910082239089
039521,898,2070,349,0.64959589853807065
039521,900,2070,473,0.63065406514639155
039521,901,2070,305,0.63022572016006018
039521,901,2070,309,0.60384802727715536
039521,901,2070,311,0.6331250542393474
039521,902,2070,480,0.61951747197272666
039521,902,2070,481,0.62861491628614918
039521,902,2070,483,0.63757511145570844
039521,902,2070,485,0.60438225720254579
039521,902,2070,486,0.60694252203686161
039521,903,2070,233,0.60311616242463051
039521,904,2070,337,0.60154985949076045
039521,904,2070,338,0.59841597611449315
039521,904,2070,340,0.58744962579159465
039521,904,2070,342,0.64825166508087539
039521,904,2070,344,0.63563220341860027
039521,905,2070,335,0.63884818755176154
039521,906,2070,488,0.61676877297391908
039521,906,2070,489,0.63302122204161992
039521,906,2070,490,0.6542416792238348
039521,907,2070,387,0.58251328050161111
039521,907,2070,389,0.60482610960013883
039521,907,2070,390,0.63897203455058582
039521,907,2070,396,0.62270322270322276
039521,908,2070,524,0.63536941750183773
039521,908,2070,525,0.65029453585212271
039521,908,2070,531,0.64192697930814091
039521,908,2070,532,0.63580122113946058
039521,909,2070,322,0.60873067509372003
039521,909,2070,323,0.63028479874440047
039521,909,2070,325,0.61746734682437354
039521,909,2070,330,0.63141506169991923
039521,910,2070,388,0.65378362223550512
039521,911,2070,363,0.59195502636265229
039521,911,2070,364,0.62018013631937685
039521,912,2070,414,0.63124206000195449
039521,912,2070,415,0.605790993522204
039521,912,2070,419,0.61146496815286622
039521,912,2070,420,0.58800072975579243
039521,914,2070,546,0.61183943277078179
039521,915,2070,444,0.63407946878012211
039521,915,2070,447,0.57294535761883603
039521,916,2070,321,0.63612052059190582
039521,917,2070,573,0.62691705790297336
039521,918,2070,478,0.61721151159541776
039521,918,2070,479,0.57979554484174811
039521,918,2070,481,0.63565969631586372
039521,919,2070,347,0.62246218938461051
039521,919,2070,350,0.60358993806092787
039521,920,2070,382,0.62961726746773472
039521,920,2070,384,0.57114929132674164
039521,920,2070,385,0.64974604343025399
039521,920,2070,386,0.62988608843842497
039521,920,2070,389,0.62745098039215685
039521,921,2070,268,0.61889600675131384
039521,921,2070,271,0.64098201900175356
039521,924,2070,464,0.61629945347678139
039521,924,2070,470,0.63349630078310903
039521,925,2070,432,0.6056034482758621
039521,925,2070,433,0.63720636769559313
039521,925,2070,437,0.59953853253345635
039521,925,2070,438,0.62831097091628052
039521,925,2070,440,0.63028040786598694
039521,926,2070,348,0.64349160206718348
039521,928,2070,270,0.63657947521388514
039521,928,2070,272,0.63325146099771323
039521,929,2070,269,0.59737376300431366
039521,930,2070,299,0.59126999647983725
039521,930,2070,300,0.6110090856369611
039521,930,2070,302,0.59122550850623112
039521,930,2070,306,0.61897012669998841
039521,931,2070,355,0.60009294344748698
039521,931,2070,356,0.63613468892827163
039521,931,2070,357,0.61704085388295915
039521,932,2070,366,0.57344917317216482
039521,933,2070,441,0.57412289596430743
039521,933,2070,443,0.61116642414030786
039521,933,2070,444,0.6094129684102827
039521,933,2070,450,0.63668326389594554
039521,934,2070,347,0.61144025367156207
039521,934,2070,353,0.64686182744012588
039521,935,2070,219,0.63705528975862447
039521,935,2070,228,0.62817612825299218
039521,936,2070,386,0.63182976227570153
039521,938,2070,347,0.60572378499951107
039521,939,2070,393,0.61877100535247498
039521,940,2070,461,0.65834707316832364
039521,941,2070,461,0.63430788787047565
039521,941,2070,467,0.58771999365784044
039521,942,2070,428,0.62934906737723639
039521,942,2070,432,0.60184910144066539
039521,943,2070,481,0.6179436576955607
039521,943,2070,485,0.5929993136582018
039521,943,2070,486,0.62546711835993429
039521,944,2070,516,0.58230714791224347
039521,944,2070,517,0.65482598301629436
039521,945,2070,475,0.58447836011278698
039521,945,2070,477,0.61593161902025573
039521,946,2070,513,0.6339285714285714
039521,946,2070,514,0.59868716842010605
039521,947,2070,422,0.63475337447940183
039521,947,2070,426,0.64107567017305733
039521,947,2070,430,0.63055214068095566
039521,948,2070,318,0.59520011343897339
039521,948,2070,319,0.66717051334224753
039521,948,2070,322,0.62581286501263311
039521,948,2070,326,0.63714674743657429
039521,949,2070,339,0.62233292602688217
039521,949,2070,343,0.60894440974391006
039521,950,2070,323,0.60832074828274951
039521,950,2070,325,0.58347900472347236
039521,951,2070,341,0.63713224143160452
039521,951,2070,342,0.63684946737921877
039521,951,2070,343,0.62185624286918995
039521,951,2070,346,0.59820224719101123
039521,952,2070,310,0.63813616648760496
039521,953,2070,401,0.59473584445828487
039521,953,2070,404,0.62499359467076609
039521,953,2070,408,0.58486019911035803
039521,953,2070,409,0.63323950120368366
039521,953,2070,414,0.65193965517241381
039521,954,2070,279,0.60345044177379503
039521,954,2070,286,0.65812617786951444
039521,955,2070,268,0.63740521762367641
039521,956,2070,463,0.59898457332552235
039521,956,2070,465,0.61829429542878733
039521,956,2070,466,0.59406107075598602
039521,958,2070,515,0.65322974689729307
039521,959,2070,533,0.60462300911739109
039521,959,2070,539,0.6271527847718803
039521,961,2070,291,0.65441735516245125
039521,961,2070,296,0.64777516113039169
039521,962,2070,150,0.61781581806744312
039521,963,2070,440,0.61269531249999998
039521,963,2070,442,0.50931904901673031
039521,963,2070,443,0.61753004558640701
039521,965,2070,469,0.61548437297367398
039521,965,2070,470,0.59171176303047568
039521,965,2070,471,0.58135618043350912
039521,966,2070,515,0.60660602038027567
039521,967,2070,316,0.58200658019135498
039521,967,2070,319,0.62867060325566548
039521,967,2070,321,0.63127223445705571
039521,968,2070,482,0.62653699201111501
039521,968,2070,483,0.62348022695277505
039521,969,2070,162,0.64273678773045373
039521,969,2070,163,0.59038416214942258
039521,969,2070,164,0.59138646565596675
039521,969,2070,166,0.64467990588854707
039521,970,2070,352,0.61275122607943067
039521,970,2070,354,0.60915066045561861
039521,971,2070,479,0.61101333171491579
039521,972,2070,387,0.63810499165528756
039521,973,2070,327,0.634813829787234
039521,973,2070,331,0.58622439024390249
039521,973,2070,333,0.59463601532567045
039521,974,2070,385,0.64059017298853971
039521,974,2070,387,0.62262488620011158
039521,974,2070,388,0.61500462008671553
039521,975,2070,227,0.59613200729550231
039521,975,2070,229,0.61023235031277923
039521,975,2070,231,0.63908973126593394
039521,977,2070,450,0.58686071067854195
039521,977,2070,451,0.636178311487681
039521,977,2070,452,0.62446120689655171
039521,978,2070,328,0.6259080470544125
039521,978,2070,331,0.63464755077658308
039521,978,2070,332,0.63231867909238249
039521,979,2070,316,0.64470382541969529
039521,980,2070,295,0.59082701336222465
039521,980,2070,296,0.61654975718800586
039521,981,2070,367,0.57709106279058842
039521,981,2070,373,0.60158299203902255
039521,982,2070,505,0.6113888383930195
039521,983,2070,572,0.64847366397539408
039521,983,2070,573,0.61771775208881763
039521,983,2070,579,0.62785535555734928
039521,983,2070,581,0.61783139343103533
039521,983,2070,582,0.5696512895023611
039521,984,2070,394,0.61223539525054627
039521,984,2070,395,0.56150273600956457
039521,984,2070,398,0.60228867064188008
039521,985,2070,477,0.62899797081843656
039521,986,2070,443,0.651766440267467
039521,986,2070,444,0.62265027668652051
039521,986,2070,445,0.61748816671963069
039521,986,2070,447,0.62013559816286357
039521,986,2070,448,0.63028321849058655
039521,988,2070,474,0.62365255428839239
039521,988,2070,475,0.64629013004963243
039521,988,2070,476,0.62724743150684936
039521,989,2070,390,0.6113386026727613
039521,989,2070,395,0.64387980447135307
039521,990,2070,320,0.63192019950124689
039521,990,2070,323,0.63248989094473718
039521,990,2070,325,0.63455266876834437
039521,991,2070,396,0.62522464698331193
039521,992,2070,410,0.61476705996837366
039521,993,2070,487,0.63737749239607977
039521,994,2070,482,0.63648489945049369
039521,995,2070,244,0.62400134273246055
039521,996,2070,470,0.62347900039251603
039521,996,2070,471,0.62462118500489183
039521,997,2070,408,0.60501977664029782
039521,997,2070,410,0.59118251732277471
039521,997,2070,411,0.62227362855254464
039521,998,2070,383,0.61940598033313266
039521,999,2070,409,0.5839872130194711
039521,999,2070,410,0.62294917297261099
039521,1000,2070,354,0.59603982138935652
039521,1000,2070,357,0.65047366910146409
039521,1000,2070,358,0.64042444743061022
039521,1002,2070,212,0.64575357361303043
039521,1003,2070,507,0.62140211522156275
039521,1003,2070,510,0.62702289427855418
039521,1003,2070,514,0.60755353577084625
039521,1003,2070,515,0.62821258849772088
039521,1003,2070,516,0.57829621774478612
039521,1004,2070,495,0.60862088730941188
039521,1004,2070,497,0.61091850966327954
039521,1004,2070,499,0.63659110980276712
039521,1004,2070,500,0.60607968009478674
039521,1005,2070,437,0.63318042813455655
039521,1005,2070,439,0.61362322706860517
039521,1008,2070,466,0.60128050477869532
039521,1008,2070,468,0.63274574446612397
039521,1009,2070,500,0.63788720737763061
039521,1011,2070,415,0.61379960620094842
039521,1011,2070,417,0.60271739130434787
039521,1011,2070,418,0.59271219551090382
039521,1012,2070,463,0.65300164329918531
039521,1013,2070,265,0.61761050949760343
039521,1013,2070,271,0.57573271343269972
039521,1014,2070,481,0.57261578836527405
039521,1014,2070,483,0.65150134118075986
039521,1014,2070,484,0.62674449812130972
039521,1015,2070,361,0.59143314323226526
039521,1016,2070,306,0.60183787048621595
039521,1017,2070,370,0.63483531564501372
039521,1018,2070,553,0.64168554599003169
039521,1018,2070,556,0.61825985871411959
039521,1019,2070,583,0.60965408481607186
039521,1020,2070,626,0.64888062926787105
039521,1020,2070,629,0.61958797703478552
039521,1020,2070,635,0.58620929424035229
039521,1021,2070,321,0.63482031801526206
039521,1021,2070,323,0.62385520204870004
039521,1021,2070,326,0.61079450217901443
039521,1022,2070,350,0.57119227502347003
039521,1022,2070,351,0.59902690326273611
039521,1023,2070,255,0.61725152107047443
039521,1023,2070,258,0.62350086972443464
039521,1023,2070,260,0.5960415459367896
039521,1023,2070,262,0.62516696605407396
039521,1024,2070,592,0.59423493115992077
039521,1024,2070,593,0.64219007507782455
039521,1024,2070,595,0.64264870931537599
039521,1024,2070,599,0.61916095784092551
039521,1026,2070,421,0.65968205372714839
039521,1026,2070,424,0.59789329770375665
039521,1027,2070,536,0.61900339346311839
039521,1028,2070,501,0.63480407093668112
039521,1028,2070,505,0.63985701519213578
039521,1030,2070,460,0.60873333012373021
039521,1030,2070,462,0.63841501940608358
039521,1031,2070,327,0.57259573168403777
039521,1031,2070,328,0.63192152122367384
039521,1031,2070,335,0.60808795329611798
039521,1032,2070,495,0.63038053649407366
039521,1032,2070,498,0.63120368869967447
039521,1033,2070,428,0.60851777605040303
039521,1034,2070,131,0.64381882113444988
039521,1034,2070,133,0.63998194691263999
039521,1034,2070,134,0.62708370357206322
039521,1034,2070,135,0.64154369157073321
039521,1035,2070,263,0.59413091075455049
039521,1035,2070,265,0.58893972012917117
039521,1036,2070,380,0.62942055454092649
039521,1037,2070,513,0.58066179971433107
039521,1037,2070,515,0.61920011138570785
039521,1038,2070,267,0.63267931810871658
039521,1038,2070,270,0.64012265823391312
039521,1039,2070,517,0.64191571668207181
039521,1039,2070,518,0.60687841671856624
039521,1040,2070,401,0.59670891705581497
039521,1040,2070,404,0.6423587429830544
039521,1040,2070,405,0.6017411052233157
039521,1040,2070,408,0.65779422649888974
039521,1042,2070,345,0.60689294735925203
039521,1042,2070,347,0.61236616295846302
039521,1043,2070,423,0.61143467287905262
039521,1043,2070,424,0.58850026497085317
039521,1043,2070,425,0.59738706412733467
039521,1044,2070,519,0.60386222985451832
039521,1045,2070,329,0.63426227980240468
039521,1045,2070,330,0.64573014125848471
039521,1046,2070,470,0.62365028303533576
039521,1046,2070,475,0.64104737399727563
039521,1046,2070,477,0.59587650156610328
039521,1047,2070,315,0.62862379206931018
039521,1047,2070,318,0.60763316858868754
039521,1049,2070,468,0.62972880406015508
039521,1049,2070,473,0.63296132708452746
039521,1049,2070,477,0.63757536067184162
039521,1051,2070,397,0.62605022295235857
039521,1051,2070,405,0.64008676249655527
039521,1052,2070,426,0.63772175536881415
039521,1053,2070,429,0.60912106832402468
039521,1054,2070,433,0.65533997675974509
039521,1054,2070,434,0.61316303286690532
039521,1055,2070,415,0.63461909088406154
039521,1055,2070,419,0.58121263877028184
039521,1056,2070,439,0.62851881440158153
039521,1057,2070,451,0.60234332249653977
039521,1057,2070,454,0.57812443315799023
039521,1057,2070,455,0.59131878557874762
039521,1059,2070,388,0.6102373462968258
039521,1059,2070,393,0.6277931552801862
039521,1062,2070,489,0.61969585002528105
039521,1062,2070,491,0.63094321462945135
039521,1062,2070,492,0.59961513790891596
039521,1063,2070,538,0.63539329908097542
039521,1063,2070,540,0.59924333302574517
039521,1064,2070,402,0.62342226047045324
039521,1065,2070,435,0.62827767043886285
039521,1066,2070,283,0.61101176146915193
039521,1066,2070,287,0.64390120967741937
039521,1066,2070,288,0.61189209726443772
039521,1067,2070,293,0.64095117434947857
039521,1068,2070,377,0.61333515042076936
039521,1068,2070,379,0.62745335594863094
039521,1070,2070,385,0.59831858049391695
039521,1074,2070,434,0.64847729296527157
039521,1074,2070,437,0.62620199427386714
039521,1075,2070,406,0.6007203380047561
039521,1076,2070,394,0.61562441838823745
039521,1076,2070,395,0.61675461741424797
039521,1076,2070,396,0.59157769325940524
039521,1076,2070,398,0.52826764121556991
039521,1077,2070,267,0.61609808411350397
039521,1078,2070,438,0.58845014127213835
039521,1080,2070,567,0.60319302176696543
039521,1081,2070,153,0.64510768263378926
039521,1081,2070,154,0.57206271926684327
039521,1082,2070,264,0.57232128251267789
039521,1082,2070,265,0.61032354591359639
039521,1082,2070,268,0.62330559970085075
039521,1082,2070,270,0.63371274783338682
039521,1083,2070,609,0.60317680195779655
039521,1083,2070,611,0.60729333139619357
039521,1084,2070,421,0.64046464696182903
039521,1084,2070,425,0.62423945550170157
039521,1085,2070,479,0.62885000000000002
039521,1085,2070,480,0.61341083073433511
039521,1085,2070,481,0.62563488260661237
039521,1086,2070,353,0.638725202850708
039521,1086,2070,354,0.6429945222154595
039521,1086,2070,355,0.63209668353007309
039521,1087,2070,274,0.62539319416642836
039521,1087,2070,276,0.60799786407190959
039521,1088,2070,558,0.62367359523136612
039521,1088,2070,561,0.64806689093657066
039521,1088,2070,564,0.62566342586069235
039521,1089,2070,498,0.63074938733393526
039521,1090,2070,405,0.61302038407409087
039521,1091,2070,442,0.63917148391623324
039521,1091,2070,444,0.63391052602829523
039521,1091,2070,445,0.64829278174165528
039521,1092,2070,348,0.62225924091666296
039521,1092,2070,350,0.61352253756260433
039521,1094,2070,374,0.6507065224005939
039521,1095,2070,543,0.61858783327373146
039521,1096,2070,235,0.57803822280300554
039521,1096,2070,239,0.64532019704433496
039521,1096,2070,240,0.63894504400833518
039521,1097,2070,492,0.62879893275524246
039521,1098,2070,211,0.6385848845032519
039521,1098,2070,217,0.63554867173566132
039521,1099,2070,201,0.61234712192678553
039521,1099,2070,202,0.63575887663646347
039521,1099,2070,203,0.57221010901883052
039521,1099,2070,205,0.63677652265051821
039521,1099,2070,206,0.62681615375815125
039521,1099,2070,209,0.60515564202334626
039521,1100,2070,391,0.61170454545454545
039521,1101,2070,452,0.6041947140933891
039521,1101,2070,454,0.61852374236013163
039521,1101,2070,456,0.61959564541213064
039521,1102,2070,423,0.63675447839831401
039521,1102,2070,424,0.64685527416533573
039521,1102,2070,427,0.61384629181239347
039521,1102,2070,428,0.63342700002401708
039521,1102,2070,429,0.65766897336240404
039521,1102,2070,430,0.60720778958425925
039521,1103,2070,428,0.63050549904476683
039521,1104,2070,394,0.62957421980192096
039521,1104,2070,395,0.61763699281286844
039521,1104,2070,396,0.60281983860730803
039521,1105,2070,382,0.58232931726907633
039521,1105,2070,386,0.61123707774489833
039521,1107,2070,485,0.62732382187635105
039521,1107,2070,486,0.60252000154601326
039521,1107,2070,487,0.64055452976965221
039521,1107,2070,489,0.6298136645962733
039521,1108,2070,600,0.65581872278908704
039521,1109,2070,202,0.60621355843703773
039521,1109,2070,206,0.63128682019572524
039521,1110,2070,247,0.62625328671732783
039521,1110,2070,251,0.63865835874320565
039521,1110,2070,252,0.61743448765131026
039521,1111,2070,336,0.60977593979865086
039521,1112,2070,445,0.59493387132929831
039521,1114,2070,281,0.63714854470711568
039521,1114,2070,285,0.63183122117723955
039521,1115,2070,144,0.61870408365874641
039521,1115,2070,146,0.60125161847216224
039521,1115,2070,152,0.62450060392083995
039521,1116,2070,369,0.63013603312110777
039521,1117,2070,269,0.62551332459589337
039521,1118,2070,520,0.64921598875241648
039521,1119,2070,471,0.65199683222083948
039521,1119,2070,473,0.61687767752435196
039521,1120,2070,564,0.64920622576738918
039521,1120,2070,566,0.61427931960608773
039521,1120,2070,568,0.5830193756727664
039521,1120,2070,571,0.62447921488751046
039521,1120,2070,574,0.6210112500522772
039521,1120,2070,575,0.63095238095238093
039521,1120,2070,577,0.60204081632653061
039521,1121,2070,365,0.60889640669287737
039521,1121,2070,366,0.62451275690999286
039521,1121,2070,367,0.65650490806027928
039521,1122,2070,441,0.60697935158366811
039521,1123,2070,315,0.5735075243922606
039521,1123,2070,320,0.59335871714139266
039521,1123,2070,322,0.64727684995421442
039521,1124,2070,470,0.62073072342387337
039521,1124,2070,475,0.61043830377563646
039521,1125,2070,465,0.57385882876864835
039521,1126,2070,512,0.6144822145233767
039521,1126,2070,514,0.6214646630356323
039521,1126,2070,515,0.63429424808797574
039521,1126,2070,516,0.63073570265351087
039521,1126,2070,518,0.63756224535989137
039521,1127,2070,303,0.60909367165539774
039521,1127,2070,305,0.6215057087108552
039521,1127,2070,309,0.6480130806738883
039521,1127,2070,310,0.6111303411407254
039521,1128,2070,285,0.64941880354322401
039521,1128,2070,289,0.63539797807204901
039521,1130,2070,168,0.61874419647145462
039521,1130,2070,171,0.62148224871630997
039521,1131,2070,437,0.62521903624054165
039521,1133,2070,523,0.61901442810343621
039521,1134,2070,478,0.59927036174234105
039521,1134,2070,481,0.62689526831202902
039521,1135,2070,416,0.62886193224198172
039521,1137,2070,390,0.64271645789017573
039521,1137,2070,392,0.60124959201753159
039521,1138,2070,404,0.64456356375392221
039521,1139,2070,208,0.64668671896802998
039521,1140,2070,348,0.63211922486116034
039521,1140,2070,350,0.60945022953756578
039521,1141,2070,382,0.63234800134363456
039521,1141,2070,384,0.65105031611455877
039521,1141,2070,386,0.60750539708786921
039521,1141,2070,389,0.60057445062460113
039521,1141,2070,391,0.643688429592428
039521,1142,2070,261,0.61446686442611731
039521,1143,2070,393,0.63286032840056761
039521,1143,2070,395,0.6093790821213968
039521,1144,2070,485,0.63661100449689223
039521,1144,2070,486,0.59685192247685748
039521,1144,2070,491,0.61032905546427463
039521,1144,2070,493,0.6139956439260873
039521,1145,2070,456,0.60854142520984789
039521,1145,2070,458,0.64454970085021512
039521,1145,2070,461,0.61006534672778701
039521,1146,2070,537,0.64371257485029942
039521,1146,2070,538,0.60533424810256853
039521,1146,2070,539,0.62477490560557658
039521,1146,2070,540,0.59352953454393653
039521,1146,2070,541,0.63086503483568657
039521,1146,2070,542,0.60689477746333931
039521,1147,2070,242,0.5984242275021544
039521,1148,2070,329,0.63766198622929127
039521,1148,2070,333,0.61438313701177927
039521,1149,2070,415,0.63041320439011939
039521,1149,2070,417,0.64607548201832354
039521,1150,2070,529,0.61680717976611366
039521,1150,2070,531,0.60629187558237563
039521,1150,2070,536,0.64332624841783492
039521,1151,2070,575,0.61227488151658771
039521,1151,2070,576,0.64729190721108432
039521,1152,2070,480,0.59618351603735287
039521,1153,2070,386,0.61930142486586359
039521,1153,2070,389,0.57443882709807892
039521,1153,2070,390,0.63404938271604938
039521,1154,2070,450,0.6462571028576134
039521,1155,2070,436,0.63683852255238549
039521,1156,2070,282,0.60185238451360523
039521,1156,2070,285,0.6339899221255153
039521,1157,2070,440,0.62941697335288749
039521,1158,2070,512,0.63670829330771694
039521,1158,2070,519,0.63891896226793377
039521,1159,2070,548,0.62665642718256243
039521,1159,2070,550,0.64059907127218974
039521,1159,2070,553,0.60929054390968751
039521,1159,2070,554,0.63144125574758203
039521,1160,2070,394,0.61195525129403905
039521,1162,2070,547,0.64215897657036081
039521,1164,2070,480,0.59335168129891291
039521,1165,2070,493,0.63093758323714821
039521,1165,2070,499,0.62730946882217087
039521,1166,2070,125,0.63224172112489907
039521,1166,2070,126,0.63805799603879942
039521,1167,2070,515,0.63731746466742356
039521,1167,2070,516,0.63888581238232367
039521,1168,2070,402,0.62888654880008865
039521,1168,2070,405,0.61326876282265375
039521,1169,2070,240,0.58264081255771005
039521,1169,2070,242,0.64936133152699826
039521,1169,2070,243,0.62698484301696134
039521,1169,2070,244,0.63099689712785423
039521,1169,2070,245,0.6211594628550916
039521,1169,2070,246,0.62381215979333882
039521,1170,2070,353,0.59933279899486602
039521,1170,2070,355,0.60733771684387239
039521,1171,2070,581,0.64359456031340811
039521,1171,2070,584,0.6555802723672074
039521,1171,2070,586,0.6315061333661266
039521,1171,2070,588,0.62557579193536961
039521,1172,2070,199,0.58597272156594193
039521,1174,2070,459,0.59865553667725491
039521,1176,2070,598,0.61626054175896783
039521,1176,2070,600,0.62180524102232282
039521,1176,2070,601,0.6258700383086635
039521,1176,2070,603,0.59022907093252253
039521,1177,2070,491,0.63015913342725827
039521,1178,2070,319,0.6234609026081378
039521,1178,2070,320,0.62075151057401812
039521,1179,2070,208,0.60562924619864122
039521,1179,2070,209,0.61341719077568135
039521,1181,2070,486,0.59548816870325716
039521,1181,2070,488,0.59628429466407429
039521,1181,2070,490,0.61686739101976695
039521,1181,2070,493,0.62201459854014596
039521,1181,2070,498,0.64444482323662766
039521,1182,2070,389,0.64488725242461431
039521,1182,2070,393,0.6305968531923194
039521,1182,2070,394,0.62575613751000425
039521,1182,2070,397,0.63517649459294023
039521,1183,2070,512,0.58765785084584232
039521,1183,2070,513,0.60438335809806831
039521,1183,2070,514,0.62251990977305161
039521,1184,2070,550,0.63980101083950536
039521,1185,2070,454,0.62861265357876783
039521,1185,2070,455,0.65000603437871762
039521,1185,2070,456,0.59565842814175496
039521,1186,2070,554,0.61900554506123939
039521,1186,2070,563,0.60374036542900744
039521,1187,2070,433,0.59798867573734471
039521,1187,2070,434,0.62050040905372239
039521,1188,2070,368,0.58536779958512841
039521,1188,2070,372,0.60391936503476851
039521,1190,2070,127,0.60623719004943133
039521,1192,2070,514,0.60673048031935439
039521,1193,2070,414,0.58016152246921482
039521,1193,2070,419,0.57831408140814078
039521,1194,2070,347,0.62512015379686003
039521,1194,2070,350,0.61603617588499304
039521,1195,2070,479,0.62334167414191965
039521,1195,2070,485,0.6150299102691924
039521,1196,2070,284,0.63440815563814545
039521,1196,2070,288,0.58774329711561013
039521,1197,2070,538,0.58515333257892954
039521,1197,2070,540,0.6499153870260107
039521,1197,2070,543,0.64326824254881809
039521,1198,2070,555,0.61748173130972461
039521,1199,2070,449,0.62114148922766788
039521,1200,2070,441,0.58980743168710015
039521,1200,2070,442,0.64289126520413042
039521,1200,2070,443,0.6069487370776937
039521,1200,2070,445,0.62348020842855834
039521,1200,2070,447,0.60553247976705349
039521,1201,2070,602,0.63248183150868653
039521,1201,2070,603,0.64254147784727167
039521,1202,2070,289,0.65614546418043918
039521,1202,2070,292,0.64109970047068887
039521,1202,2070,294,0.63410181867351767
039521,1202,2070,297,0.61196153680307019
039521,1203,2070,301,0.5725597997784434
039521,1203,2070,303,0.60954972575364597
039521,1204,2070,393,0.59668508287292821
039521,1205,2070,304,0.61482131278843588
039521,1205,2070,309,0.59994586140519734
039521,1205,2070,310,0.63674842220626582
039521,1206,2070,535,0.59841029523088574
039521,1207,2070,592,0.59574540043290047
039521,1207,2070,593,0.6148173141810469
039521,1208,2070,523,0.63036629220634566
039521,1208,2070,525,0.633938383417333
039521,1208,2070,527,0.64224671710050396
039521,1209,2070,334,0.63606301106301111
039521,1209,2070,338,0.64181550057348846
039521,1210,2070,266,0.64806571277159508
039521,1211,2070,413,0.64978902953586493
039521,1212,2070,505,0.6392890038607012
039521,1212,2070,506,0.59707875756587292
039521,1212,2070,508,0.57648349638840635
039521,1214,2070,628,0.59510109614580986
039521,1214,2070,635,0.62981617647058818
039521,1214,2070,637,0.64491648306122062
039521,1215,2070,523,0.65711616318903765
039521,1216,2070,351,0.58385889528033819
039521,1217,2070,559,0.63315337423312879
039521,1217,2070,565,0.62736937686807159
039521,1217,2070,566,0.64203665694429446
039521,1217,2070,568,0.61157790274561696
039521,1218,2070,258,0.63735103333836174
039521,1218,2070,260,0.59860264985302258
039521,1219,2070,463,0.61052826177381336
039521,1219,2070,468,0.63558742056379336
039521,1219,2070,471,0.64266572081658391
039521,1220,2070,583,0.63652817770464831
039521,1220,2070,584,0.63620285837197077
039521,1220,2070,586,0.63193546624906682
039521,1220,2070,588,0.61072822386448555
039521,1221,2070,307,0.65541045596447256
039521,1221,2070,316,0.62404721753794268
039521,1222,2070,493,0.53458092773243082
039521,1222,2070,495,0.60407883832378484
039521,1223,2070,346,0.59032620922384704
039521,1224,2070,474,0.62607444768061382
039521,1224,2070,475,0.6201829359724097
039521,1225,2070,498,0.62047863077765064
039521,1226,2070,510,0.64260050495241794
039521,1226,2070,512,0.60574857096525725
039521,1227,2070,297,0.62505923234876004
039521,1228,2070,335,0.62526122636219994
039521,1228,2070,343,0.63468801933826857
039521,1228,2070,345,0.62262467659916143
039521,1229,2070,395,0.59782959757121634
039521,1229,2070,398,0.60947520549182554
039521,1229,2070,401,0.62627803563893669
039521,1229,2070,402,0.58966359196961471
039521,1230,2070,511,0.60995563514998574
039521,1231,2070,629,0.61898167382172364
039521,1233,2070,443,0.59368235034239014
039521,1233,2070,447,0.60731445953887098
039521,1233,2070,452,0.60570301835279838
039521,1233,2070,453,0.64014893520410476
039521,1235,2070,422,0.62701530957864793
039521,1236,2070,312,0.61061875604253946
039521,1237,2070,610,0.64855139324598632
039521,1237,2070,613,0.65106285553266052
039521,1237,2070,617,0.64815393631568663
039521,1238,2070,521,0.60311841550779599
039521,1238,2070,524,0.64537246049661401
039521,1240,2070,224,0.63879828468301403
039521,1240,2070,225,0.62265268915223337
039521,1240,2070,228,0.63546781056729895
039521,1240,2070,231,0.60486346744223618
039521,1241,2070,299,0.63576427629577037
039521,1242,2070,356,0.59769255920407305
039521,1242,2070,361,0.62808349146110054
039521,1242,2070,363,0.62085704720455304
039521,1243,2070,375,0.6195843751280895
039521,1243,2070,379,0.64276447475720955
039521,1243,2070,381,0.64459841326072453
039521,1243,2070,383,0.61249906779029006
039521,1244,2070,616,0.6460565162378743
039521,1245,2070,413,0.63897937024972851
039521,1245,2070,414,0.64385242758162253
039521,1245,2070,415,0.58051451529289788
039521,1246,2070,335,0.63854977656977008
039521,1246,2070,337,0.57203935079490265
039521,1248,2070,336,0.64381477607682802
039521,1248,2070,339,0.64627442845924765
039521,1249,2070,438,0.62189797037849703
039521,1250,2070,335,0.60414083342727243
039521,1250,2070,336,0.64205698819637624
039521,1250,2070,337,0.62798379980541663
039521,1250,2070,338,0.61599167461625182
039521,1251,2070,510,0.56495105983016791
039521,1251,2070,511,0.56365181606727499
039521,1252,2070,492,0.62260312513526384
039521,1253,2070,299,0.59374466632531153
039521,1253,2070,302,0.60202130565419287
039521,1253,2070,303,0.63736119754987064
039521,1256,2070,482,0.62778922373153612
039521,1256,2070,483,0.59578321645845911
039521,1256,2070,487,0.61391564264363996
039521,1256,2070,488,0.64240095628415306
039521,1256,2070,491,0.62206769348187885
039521,1257,2070,383,0.62953295048391633
039521,1257,2070,384,0.58858085128310833
039521,1258,2070,280,0.63281745838012005
039521,1258,2070,281,0.62703805126207368
039521,1258,2070,282,0.63614446551038084
039521,1258,2070,286,0.62344371982722113
039521,1259,2070,342,0.63324518033038213
039521,1259,2070,343,0.63858746119763343
039521,1260,2070,405,0.62345094175162008
039521,1260,2070,407,0.5703138622493461
039521,1260,2070,409,0.62612445171362729
039521,1261,2070,435,0.62804907155472811
039521,1262,2070,474,0.59232098453238924
039521,1262,2070,475,0.58808320148188165
039521,1263,2070,413,0.62769111143509748
039521,1263,2070,418,0.6156566152637265
039521,1264,2070,271,0.58919943154902887
039521,1264,2070,272,0.63191060633815721
039521,1264,2070,273,0.64387852082253327
039521,1264,2070,275,0.63144096908334835
039521,1265,2070,431,0.56658547298646333
039521,1266,2070,435,0.61037759650155576
039521,1267,2070,475,0.64428992932458085
039521,1267,2070,480,0.616532295431378
039521,1268,2070,209,0.602397830845121
039521,1269,2070,409,0.62098093848127023
039521,1270,2070,301,0.6337609863070468
039521,1271,2070,460,0.63943608487207482
039521,1272,2070,444,0.6497999636297509
039521,1272,2070,445,0.63701018127638442
039521,1272,2070,450,0.61059812787561474
039521,1275,2070,319,0.61269526407141084
039521,1276,2070,607,0.62906685734715762
039521,1277,2070,384,0.62896305125148988
039521,1278,2070,408,0.63009827220759196
039521,1278,2070,409,0.64728751292934339
039521,1278,2070,411,0.6217831760760395
039521,1281,2070,401,0.61564256830062136
039521,1282,2070,373,0.63589402618657942
039521,1282,2070,379,0.62819278892426145
039521,1283,2070,321,0.64862581561303545
039521,1283,2070,322,0.6387287053748294
039521,1284,2070,337,0.63957923228346458
039521,1285,2070,531,0.60312357451615006
039521,1286,2070,499,0.63367151083081985
039521,1286,2070,501,0.62480483606229231
039521,1286,2070,502,0.6183103975535168
039521,1287,2070,491,0.58971759050623407
039521,1287,2070,492,0.59603357472021068
039521,1287,2070,493,0.62515140124462265
039521,1288,2070,445,0.60880187302772215
039521,1288,2070,450,0.6246887228744219
039521,1289,2070,385,0.6432991265819562
039521,1289,2070,386,0.61011049500141656
039521,1290,2070,427,0.59159159159159158
039521,1290,2070,431,0.59785635918642921
039521,1291,2070,543,0.64490596434700387
039521,1291,2070,544,0.62661189090494118
039521,1292,2070,254,0.58169478919722961
039521,1292,2070,256,0.59374625613993048
039521,1294,2070,432,0.6384692941422252
039521,1294,2070,435,0.63527699445101427
039521,1294,2070,436,0.5901155374129825
039521,1294,2070,438,0.59807149576669805
039521,1295,2070,330,0.63915587129126616
039521,1296,2070,377,0.62751979841612671
039521,1297,2070,304,0.62637362637362637
039521,1297,2070,306,0.60077661966073981
039521,1297,2070,308,0.59504229323308266
039521,1298,2070,574,0.63064722989938404
039521,1298,2070,577,0.65244022920371469
039521,1298,2070,581,0.58376918460087457
039521,1299,2070,324,0.61611923021270443
039521,1299,2070,325,0.65977968906856233
039521,1299,2070,326,0.63316019216231378
039521,1299,2070,328,0.58523746393199716
039521,1300,2070,534,0.57639966310563406
039521,1300,2070,540,0.62725668521786349
039521,1302,2070,326,0.61689468843412276
039521,1303,2070,499,0.56680908477625369
039521,1303,2070,501,0.64506926064689096
039521,1303,2070,504,0.62906986543809873
039521,1303,2070,505,0.63318521002766837
039521,1303,2070,506,0.62737581855933555
039521,1305,2070,545,0.64295694417574856
039521,1305,2070,546,0.6424414417009997
039521,1305,2070,547,0.59631497948016421
039521,1306,2070,275,0.64571061368747995
039521,1307,2070,287,0.62640913873440551
039521,1307,2070,289,0.62662635147516954
039521,1307,2070,293,0.61281327575067157
039521,1308,2070,543,0.60124596827641053
039521,1308,2070,544,0.57873325616007942
039521,1308,2070,548,0.618917477669644
039521,1308,2070,552,0.61962260685918924
039521,1310,2070,369,0.64000000000000001
039521,1310,2070,374,0.64095416099090818
039521,1311,2070,356,0.61409553641346903
039521,1311,2070,357,0.64117601467434826
039521,1311,2070,360,0.57971610779674965
039521,1311,2070,361,0.59793295833904969
039521,1312,2070,309,0.60327398222520845
039521,1312,2070,310,0.63875414004215314
039521,1313,2070,371,0.63519695044472679
039521,1314,2070,358,0.59237834496158259
039521,1314,2070,362,0.62849118696049211
039521,1316,2070,468,0.57174022486994458
039521,1316,2070,471,0.62657409004657583
039521,1317,2070,366,0.6296040393303215
039521,1318,2070,374,0.63647156167931795
039521,1318,2070,375,0.63180502803400251
039521,1318,2070,378,0.64196013242627847
039521,1319,2070,606,0.63887363200393488
039521,1319,2070,607,0.60975012248897598
039521,1319,2070,608,0.63319274697534089
039521,1320,2070,468,0.62772712983338574
039521,1322,2070,374,0.63770503054011396
039521,1322,2070,376,0.63371553151116311
039521,1322,2070,381,0.6468026038675091
039521,1322,2070,386,0.617816882045642
039521,1323,2070,393,0.63399187719419015
039521,1323,2070,397,0.63810140384353276
039521,1324,2070,312,0.62754681594725925
039521,1325,2070,399,0.62578226083282718
039521,1327,2070,474,0.6426674713337357
039521,1328,2070,347,0.63124203722693517
039521,1329,2070,433,0.59904392926326311
039521,1329,2070,435,0.6384110628157148
039521,1330,2070,253,0.58736517719568571
039521,1331,2070,364,0.60979609929078016
039521,1332,2070,431,0.63671065869681009
039521,1332,2070,432,0.65091253104182267
039521,1333,2070,494,0.56804465902232948
039521,1334,2070,513,0.61368610476144159
039521,1336,2070,244,0.62470356728391951
039521,1336,2070,247,0.60833657209483094
039521,1337,2070,287,0.59784653982855951
039521,1337,2070,288,0.60181396617566829
039521,1338,2070,366,0.59029156190728238
039521,1339,2070,432,0.62336918735430047
039521,1340,2070,533,0.6336587510993843
039521,1340,2070,536,0.59779216544785507
039521,1341,2070,436,0.60680612846199178
039521,1341,2070,438,0.62891299535089662
039521,1342,2070,444,0.6391086578759072
039521,1345,2070,428,0.6072590444087328
039521,1346,2070,357,0.60190605195684777
039521,1346,2070,361,0.64726290033962675
039521,1348,2070,374,0.61317075357511097
039521,1349,2070,404,0.63090045241531401
039521,1350,2070,196,0.62753074739829706
039521,1351,2070,205,0.61051384439861334
039521,1352,2070,153,0.63853568498769486
039521,1353,2070,407,0.63421040064944367
039521,1354,2070,588,0.59497074919796189
039521,1354,2070,589,0.63632712923839785
039521,1354,2070,590,0.62780887482761416
039521,1355,2070,398,0.61978481640397598
039521,1355,2070,400,0.61768441104878824
039521,1355,2070,402,0.56732901245096368
039521,1356,2070,497,0.64753657519594399
039521,1357,2070,473,0.60373879208255798
039521,1357,2070,475,0.60121629667432164
039521,1358,2070,416,0.63515287425477218
039521,1358,2070,422,0.61981135408202914
039521,1358,2070,423,0.62957979316443047
039521,1359,2070,452,0.63872716322023693
039521,1359,2070,455,0.62116636181887785
039521,1359,2070,460,0.60505033833966004
039521,1360,2070,463,0.60738691832085911
039521,1360,2070,464,0.65231020408163265
039521,1360,2070,470,0.61506169337682604
039521,1361,2070,400,0.64437966153030701
039521,1361,2070,401,0.59561088295687881
039521,1361,2070,402,0.61029148783977105
039521,1362,2070,346,0.64062334076669858
039521,1362,2070,348,0.61495929688062823
039521,1362,2070,349,0.63287804482632837
039521,1362,2070,350,0.59370273190307143
039521,1363,2070,431,0.64782433701533926
039521,1364,2070,451,0.63195808775376561
039521,1364,2070,455,0.57629734690472223
039521,1366,2070,439,0.61042536736272235
039521,1366,2070,442,0.61924834623651426
039521,1366,2070,444,0.6464772161636273
039521,1367,2070,291,0.59899727328700858
039521,1367,2070,293,0.62646324332761039
039521,1368,2070,456,0.64452449003562895
039521,1368,2070,458,0.65050865472213781
039521,1369,2070,354,0.63496837083895052
039521,1370,2070,342,0.63167031474073509
039521,1370,2070,347,0.59942413099285363
039521,1372,2070,400,0.62577208405503448
039521,1372,2070,401,0.61362382790954217
039521,1372,2070,403,0.62927167630057801
039521,1372,2070,404,0.6170401316622357
039521,1374,2070,351,0.65179074240662327
039521,1374,2070,352,0.59726147355013337
039521,1374,2070,354,0.65417885999300607
039521,1375,2070,379,0.61865986461296973
039521,1376,2070,383,0.62100264256443649
039521,1377,2070,544,0.63942705385519616
039521,1377,2070,547,0.61174387249969819
039521,1377,2070,549,0.62448559670781889
039521,1378,2070,418,0.60906269964406312
039521,1379,2070,398,0.65036368196639072
039521,1379,2070,400,0.61960351487880461
039521,1379,2070,403,0.60700591715976326
039521,1380,2070,235,0.53966206969154651
039521,1380,2070,236,0.61390184108061341
039521,1381,2070,531,0.64757719282266146
039521,1381,2070,533,0.59181714285714282
039521,1381,2070,535,0.63884139595695466
039521,1381,2070,536,0.60305739085373755
039521,1381,2070,537,0.59684770224078998
039521,1382,2070,411,0.60957593556712497
039521,1382,2070,413,0.60746915324479611
039521,1382,2070,414,0.61938542835426547
039521,1383,2070,245,0.63486465442220497
039521,1383,2070,246,0.60246861034262611
039521,1383,2070,250,0.64906200143037907
039521,1384,2070,318,0.61567490450549955
039521,1384,2070,319,0.59039993841179417
039521,1387,2070,401,0.63834401657911222
039521,1387,2070,404,0.62852283770651118
039521,1389,2070,187,0.6427017608415676
039521,1390,2070,472,0.61756266351590849
039521,1392,2070,398,0.59708022473979916
039521,1394,2070,423,0.62629609686727694
039521,1394,2070,424,0.61971580817051508
039521,1395,2070,428,0.66344477730342477
039521,1396,2070,277,0.61062761090113382
039521,1396,2070,278,0.61270384633670893
039521,1397,2070,329,0.61263014938886373
039521,1398,2070,385,0.62719118686962672
039521,1398,2070,388,0.65333031264159491
039521,1399,2070,438,0.65189629871188648
039521,1399,2070,439,0.59379937502194446
039521,1400,2070,394,0.63536999761920221
039521,1400,2070,395,0.62983290974963502
039521,1400,2070,397,0.61123709908825841
039521,1401,2070,477,0.62708031837916067
039521,1401,2070,479,0.60971716262125986
039521,1401,2070,481,0.62689630841271371
039521,1401,2070,482,0.61285008237232286
039521,1401,2070,483,0.63725076237391509
039521,1401,2070,484,0.61205228634797793
039521,1402,2070,354,0.61520772650620881
039521,1403,2070,442,0.62146400905213683
039521,1403,2070,443,0.59392697915411496
039521,1403,2070,444,0.60189964002255281
039521,1404,2070,412,0.58654412631082831
039521,1405,2070,330,0.62961342666242448
039521,1405,2070,331,0.64549194616832861
039521,1406,2070,319,0.60820116397885293
039521,1406,2070,325,0.62928342245989299
039521,1407,2070,394,0.64997984388170194
039521,1407,2070,402,0.64409605428646644
039521,1408,2070,350,0.60001813976690399
039521,1408,2070,353,0.64851831143416272
039521,1409,2070,414,0.59606907295084688
039521,1409,2070,417,0.63009136709076941
039521,1410,2070,351,0.64614787125588624
039521,1410,2070,353,0.59848348077270264
039521,1411,2070,552,0.56971346960635549
039521,1412,2070,435,0.6043785935426802
039521,1412,2070,444,0.64352357320099252
039521,1413,2070,437,0.64750466243938831
039521,1414,2070,318,0.57547210955558459
039521,1415,2070,370,0.61330049261083741
039521,1415,2070,373,0.57892773892773897
039521,1415,2070,374,0.61945291827482174
039521,1415,2070,379,0.58007101642254777
039521,1415,2070,380,0.65045295915230639
039521,1418,2070,494,0.6174584137247745
039521,1418,2070,496,0.60048473917087053
039521,1418,2070,498,0.59361737538487147
039521,1418,2070,499,0.6269814559283815
039521,1418,2070,500,0.61177958780698505
039521,1419,2070,479,0.63039018586140405
039521,1419,2070,486,0.64023754948947698
039521,1420,2070,411,0.60365469439193442
039521,1420,2070,415,0.62650157769453618
039521,1421,2070,504,0.63076567599572542
039521,1421,2070,506,0.60266687521995854
039521,1421,2070,507,0.60316301703163022
039521,1421,2070,510,0.64228283583122292
039521,1422,2070,303,0.61190343398932356
039521,1423,2070,514,0.57851277793154354
039521,1423,2070,517,0.60075181396975263
039521,1424,2070,294,0.64109514773651399
039521,1425,2070,418,0.58450456781447646
039521,1426,2070,472,0.63341816758026626
039521,1427,2070,494,0.63048895196290367
039521,1428,2070,391,0.63014805622095871
039521,1428,2070,393,0.58021638330757341
039521,1430,2070,470,0.61146617431236094
039521,1432,2070,456,0.60075329566854996
039521,1432,2070,458,0.63888498477395173
039521,1432,2070,460,0.60051930199702164
039521,1432,2070,462,0.60304506164714144
039521,1434,2070,397,0.63135041250542767
039521,1434,2070,398,0.63956897494803633
039521,1435,2070,317,0.62913405705629888
039521,1436,2070,331,0.59342672825132647
039521,1436,2070,334,0.5859454788278734
039521,1437,2070,282,0.61995924951184311
039521,1437,2070,285,0.61945854483925555
039521,1438,2070,373,0.61283820103924025
039521,1438,2070,377,0.6343915627174902
039521,1439,2070,342,0.65347637714049933
039521,1439,2070,344,0.60580182242373548
039521,1439,2070,347,0.60952703274388698
039521,1440,2070,392,0.63725688816855752
039521,1440,2070,394,0.5771364317841079
039521,1441,2070,475,0.65562547541663785
039521,1441,2070,476,0.62690090335466886
039521,1441,2070,477,0.62337087691069992
039521,1441,2070,478,0.61019707745108442
039521,1441,2070,482,0.63717334297856953
039521,1442,2070,401,0.62855934943174752
039521,1442,2070,402,0.62771360979682711
039521,1443,2070,458,0.60734012111532576
039521,1443,2070,460,0.59248051050952266
039521,1444,2070,496,0.61939162151634264
039521,1444,2070,501,0.63680568543108285
039521,1445,2070,157,0.63664192949907239
039521,1445,2070,158,0.60901042691324025
039521,1445,2070,159,0.61094373422359738
039521,1446,2070,427,0.61618757451318051
039521,1446,2070,437,0.651409180884155
039521,1446,2070,440,0.65379625451263534
039521,1446,2070,441,0.63485396112142234
039521,1448,2070,472,0.58885009030704394
039521,1448,2070,476,0.60571510523107808
039521,1448,2070,478,0.59721023217774549
039521,1449,2070,337,0.61789473684210527
039521,1449,2070,340,0.57194200405480122
039521,1449,2070,341,0.60689751857563434
039521,1449,2070,343,0.62952238977122876
039521,1449,2070,344,0.62821333821242342
039521,1450,2070,434,0.60762404195240016
039521,1451,2070,402,0.65312030545818733
039521,1451,2070,406,0.63506858951811462
039521,1451,2070,408,0.63883684328861579
039521,1452,2070,353,0.57570730808220438
039521,1452,2070,355,0.56797951949586456
039521,1452,2070,360,0.62298164453066707
039521,1453,2070,373,0.6481287198628064
039521,1453,2070,376,0.62005614933753628
039521,1454,2070,357,0.62236593518383954
039521,1454,2070,359,0.6278897267894672
039521,1455,2070,409,0.6129958567502154
039521,1456,2070,423,0.63615730615276689
039521,1456,2070,424,0.64053362870779107
039521,1458,2070,427,0.63624356697180851
039521,1458,2070,428,0.61374132030964479
039521,1458,2070,429,0.61906814155054346
039521,1459,2070,299,0.65069301091123566
039521,1461,2070,487,0.63796458916789289
039521,1462,2070,413,0.62901931158222768
039521,1463,2070,465,0.60459862155746846
039521,1463,2070,472,0.62727706247019555
039521,1464,2070,459,0.5896677927927928
039521,1464,2070,461,0.61410183761029713
039521,1464,2070,462,0.63193670603967012
039521,1464,2070,467,0.6401267824202852
039521,1465,2070,359,0.63640894887180566
039521,1467,2070,411,0.62919816099119452
039521,1468,2070,419,0.58935282699376368
039521,1468,2070,420,0.63805276015868395
039521,1470,2070,390,0.60628407973540721
039521,1470,2070,393,0.57244612749075829
039521,1471,2070,454,0.63329112691146394
039521,1472,2070,405,0.6047790470251424
039521,1473,2070,480,0.63615012872047338
039521,1473,2070,482,0.59971188475390158
039521,1475,2070,542,0.64368314060052656
039521,1475,2070,545,0.64290712319820875
039521,1475,2070,548,0.63467181156798902
039521,1475,2070,549,0.5806988048682431
039521,1475,2070,553,0.60988402868004432
039521,1476,2070,487,0.62802677808375273
039521,1476,2070,488,0.64383064981295013
039521,1476,2070,493,0.61121799615213857
039521,1477,2070,503,0.62429740656739963
039521,1478,2070,451,0.60439045183290707
039521,1478,2070,453,0.5852353780313837
039521,1479,2070,505,0.58262285249132428
039521,1480,2070,353,0.58912463473510357
039521,1480,2070,360,0.63957795774467974
039521,1481,2070,417,0.63494525118661593
039521,1481,2070,418,0.64386583706521883
039521,1481,2070,419,0.6063856168629882
039521,1481,2070,420,0.64766960275331042
039521,1481,2070,422,0.63747806129337115
039521,1481,2070,423,0.63585434173669464
039521,1481,2070,424,0.63974663499604112
039521,1481,2070,425,0.61999448252445732
039521,1482,2070,430,0.61374056825156142
039521,1482,2070,431,0.63639549252134786
039521,1483,2070,559,0.62046887312844756
039521,1483,2070,564,0.62480490823959955
039521,1484,2070,423,0.59706580366774542
039521,1485,2070,355,0.64217839991825887
039521,1486,2070,453,0.63983251464757063
039521,1486,2070,462,0.60646938013442864
039521,1486,2070,463,0.64114785992217904
039521,1487,2070,601,0.58659193414196265
039521,1488,2070,317,0.62990260594893388
039521,1488,2070,319,0.64249689097692408
039521,1489,2070,442,0.63677548450919552
039521,1489,2070,444,0.61526873144578842
039521,1489,2070,445,0.6284236909251022
039521,1489,2070,447,0.63887211233579944
039521,1489,2070,448,0.6262066417255554
039521,1489,2070,449,0.58610709117221416
039521,1489,2070,452,0.58170764903366301
039521,1490,2070,489,0.64397271340095141
039521,1490,2070,490,0.60761229314420806
039521,1492,2070,408,0.64463852133486421
039521,1492,2070,412,0.61333808844507842
039521,1493,2070,513,0.60270082873840258
039521,1494,2070,282,0.64847664679419192
039521,1494,2070,287,0.63317276466767702
039521,1495,2070,450,0.63137812359718692
039521,1495,2070,452,0.60228339655237162
039521,1495,2070,453,0.61188247797319073
039521,1496,2070,508,0.67029453238267367
039521,1497,2070,257,0.59788320899636171
039521,1497,2070,258,0.5791893482418714
039521,1498,2070,403,0.64366586431309625
039521,1499,2070,431,0.66238674082712834
039521,1499,2070,433,0.57894257064721966
039521,1500,2070,422,0.60680215678141847
039521,1500,2070,428,0.57155506830831504
039521,1500,2070,429,0.64872666623901465
039521,1500,2070,430,0.59769030286690028
039521,1502,2070,270,0.62236970259802038
039521,1502,2070,273,0.60443177909890433
039521,1503,2070,434,0.64935919156484823
039521,1503,2070,436,0.63052310817673951
039521,1503,2070,437,0.63868495714996054
039521,1504,2070,530,0.60436997191412389
039521,1504,2070,535,0.62477571770334928
039521,1505,2070,479,0.60551875482586259
039521,1505,2070,481,0.64689926466807224
039521,1506,2070,277,0.57920021351363371
039521,1506,2070,278,0.64163722025912839
039521,1506,2070,279,0.62885029424429451
039521,1507,2070,263,0.65426503532655522
039521,1507,2070,265,0.63851514049554292
039521,1507,2070,270,0.63410240202275603
039521,1508,2070,408,0.61935233662982359
039521,1508,2070,409,0.62212071523385648
039521,1508,2070,411,0.62965616045845274
039521,1509,2070,364,0.6292953989775506
039521,1510,2070,486,0.63172078639275453
039521,1510,2070,488,0.61626716710739571
039521,1511,2070,515,0.65097269157000637
039521,1512,2070,441,0.62144038214220099
039521,1512,2070,443,0.63270934042760274
039521,1512,2070,444,0.62136046313638682
039521,1512,2070,446,0.64469595511322353
039521,1512,2070,448,0.62011478546050836
039521,1513,2070,383,0.64599432411513935
039521,1513,2070,388,0.64064069007523006
039521,1513,2070,389,0.62536049026676277
039521,1513,2070,391,0.6039766508573513
039521,1514,2070,406,0.63936485603738502
039521,1514,2070,407,0.57102153691443891
039521,1514,2070,409,0.58556126820908316
039521,1514,2070,411,0.60226572133168932
039521,1515,2070,503,0.61065967348747874
039521,1515,2070,507,0.60827424950972997
039521,1516,2070,265,0.63748367177294862
039521,1516,2070,269,0.61722820423758251
039521,1517,2070,163,0.62517073170731707
039521,1517,2070,166,0.6439780441605486
039521,1518,2070,538,0.64461254350451025
039521,1518,2070,543,0.60303169198533269
039521,1520,2070,296,0.59556293267479055
039521,1520,2070,299,0.57792296175309654
039521,1521,2070,465,0.61936382482508423
039521,1521,2070,467,0.61049757281553396
039521,1521,2070,473,0.62385662460078761
039521,1522,2070,168,0.58993931348378537
039521,1523,2070,459,0.60587246151856167
039521,1524,2070,453,0.63752882739045591
039521,1524,2070,454,0.60621496172162281
039521,1526,2070,465,0.60512008219529945
039521,1526,2070,466,0.59763505304932374
039521,1526,2070,469,0.57187701223438503
039521,1526,2070,470,0.57275849602313811
039521,1526,2070,472,0.65987636976678843
039521,1527,2070,491,0.64213923843765319
039521,1528,2070,185,0.6034803337306317
039521,1528,2070,186,0.58845263993922448
039521,1529,2070,223,0.63438678471880638
039521,1529,2070,225,0.63067527330420992
039521,1529,2070,228,0.64866319219539414
039521,1529,2070,229,0.646236937888928
039521,1529,2070,232,0.65292309282079108
039521,1530,2070,464,0.63091997822536749
039521,1532,2070,398,0.6099720410065238
039521,1532,2070,400,0.62672566068151803
039521,1532,2070,403,0.6282855136436597
039521,1533,2070,495,0.63169707801654262
039521,1533,2070,498,0.61534351145038169
039521,1534,2070,440,0.59228942985719857
039521,1535,2070,203,0.61815483165377705
039521,1535,2070,204,0.61471967181090059
039521,1536,2070,496,0.63355429908364203
039521,1536,2070,502,0.61824610511583367
039521,1536,2070,507,0.54479657387580305
039521,1536,2070,508,0.61229271809661134
039521,1537,2070,460,0.61775623564599691
039521,1538,2070,485,0.64130270024468938
039521,1539,2070,353,0.64932831462132523
039521,1541,2070,334,0.64145342030439878
039521,1542,2070,437,0.63879665559867183
039521,1545,2070,510,0.65547573669549919
039521,1546,2070,461,0.63653074239411789
039521,1546,2070,462,0.61791710388247634
039521,1546,2070,464,0.61570483326760439
039521,1547,2070,364,0.63291493335980287
039521,1547,2070,366,0.63411614005123829
039521,1547,2070,367,0.60751585674090325
039521,1548,2070,257,0.61994186314769528
039521,1548,2070,259,0.62022700537309639
039521,1549,2070,360,0.58205889066423189
039521,1549,2070,363,0.60782238145645029
039521,1550,2070,427,0.63827636898199192
039521,1550,2070,430,0.63781504789658061
039521,1550,2070,431,0.62972240473061758
039521,1550,2070,433,0.58085052202699261
039521,1551,2070,524,0.62665298993651408
039521,1551,2070,527,0.61083884203328009
039521,1552,2070,372,0.60474730583426239
039521,1552,2070,373,0.63022136669874884
039521,1552,2070,374,0.64366253498600556
039521,1553,2070,295,0.60048519274577672
039521,1553,2070,297,0.64539119327655103
039521,1553,2070,302,0.60012963672254793
039521,1553,2070,304,0.66418072326491828
039521,1553,2070,305,0.63344775320970048
039521,1554,2070,479,0.59849861081427658
039521,1554,2070,480,0.62792297111416784
039521,1555,2070,405,0.59850912402603973
039521,1555,2070,409,0.62233576002105073
039521,1556,2070,496,0.62019456348337454
039521,1556,2070,499,0.59461350122420431
039521,1556,2070,500,0.61954037318705069
039521,1557,2070,434,0.59238718753381669
039521,1557,2070,435,0.65968249156973435
039521,1558,2070,347,0.60498022557492315
039521,1558,2070,351,0.64715148332895778
039521,1559,2070,504,0.59909802990742933
039521,1560,2070,474,0.6494856845779643
039521,1560,2070,478,0.64832491109863377
039521,1561,2070,215,0.62942948687293765
039521,1561,2070,216,0.60246360582306835
039521,1563,2070,535,0.65019423615502758
039521,1564,2070,246,0.58956245308843658
039521,1564,2070,247,0.63333864034389431
039521,1564,2070,248,0.62958139193601648
039521,1564,2070,249,0.58028651784144836
039521,1564,2070,255,0.64708679184462892
039521,1565,2070,266,0.60835566489478543
039521,1565,2070,267,0.65505698273592361
039521,1565,2070,270,0.62075053374938416
039521,1565,2070,272,0.62187045123726348
039521,1566,2070,436,0.64268851548396055
039521,1566,2070,439,0.61396650343607262
039521,1566,2070,442,0.59504860356524036
039521,1566,2070,444,0.61231192579113225
039521,1567,2070,375,0.64029111938835526
039521,1567,2070,378,0.60750805434934863
039521,1567,2070,380,0.6442745214183786
039521,1567,2070,381,0.60363175293211968
039521,1568,2070,291,0.62643187637572439
039521,1568,2070,296,0.65134865134865139
039521,1568,2070,298,0.60666369421588096
039521,1569,2070,290,0.62282185133446066
039521,1569,2070,297,0.63320573615951548
039521,1569,2070,299,0.60203111495246331
039521,1569,2070,301,0.57698412698412693
039521,1571,2070,516,0.64620678114999264
039521,1572,2070,340,0.59444823298166793
039521,1573,2070,283,0.64326478402046638
039521,1574,2070,440,0.58678514467988152
039521,1574,2070,441,0.5926199582753825
039521,1574,2070,442,0.63176710929519919
039521,1574,2070,443,0.61362390928634658
039521,1574,2070,444,0.61986721262174105
039521,1575,2070,421,0.58667642157460476
039521,1575,2070,422,0.64019382391590018
039521,1575,2070,423,0.62738935545365548
039521,1575,2070,424,0.62975072741998384
039521,1575,2070,427,0.59556494192185849
039521,1577,2070,445,0.58293442238810966
039521,1577,2070,449,0.61354984072721619
039521,1577,2070,451,0.61529025627424327
039521,1578,2070,156,0.62715899542526377
039521,1578,2070,158,0.63282062314008103
039521,1578,2070,160,0.58989269643475251
039521,1578,2070,163,0.60050868770004573
039521,1581,2070,439,0.61252107551690482
039521,1582,2070,415,0.64438459732911657
039521,1582,2070,417,0.62860144535353857
039521,1583,2070,406,0.58619241002660694
039521,1585,2070,343,0.63406821179574147
039521,1585,2070,344,0.63387000596302923
039521,1586,2070,507,0.62979375239345692
039521,1586,2070,514,0.62002637089893742
039521,1587,2070,489,0.62535347822574128
039521,1587,2070,491,0.63014708894989147
039521,1587,2070,495,0.64126500285768717
039521,1588,2070,393,0.62677718992882625
039521,1588,2070,394,0.62288023721034136
039521,1588,2070,397,0.63817126658108692
039521,1589,2070,369,0.53948864678478414
039521,1589,2070,370,0.63768364488652607
039521,1589,2070,372,0.61872380463604482
039521,1590,2070,264,0.59225450590428841
039521,1591,2070,359,0.64851935232487656
039521,1592,2070,356,0.61078899763439864
039521,1593,2070,482,0.58003629764065334
039521,1593,2070,484,0.64591074898578393
039521,1593,2070,486,0.59771194399385297
039521,1594,2070,320,0.63762931034482762
039521,1594,2070,321,0.61117620549797202
039521,1595,2070,488,0.57957995951417007
039521,1595,2070,489,0.63235412691160264
039521,1595,2070,493,0.61137981383464135
039521,1596,2070,598,0.64619674469878741
039521,1596,2070,601,0.59558823529411764
039521,1597,2070,659,0.60696811202969458
039521,1597,2070,661,0.62234908027908775
039521,1598,2070,456,0.64679149476356712
039521,1599,2070,534,0.62474502095464157
039521,1599,2070,535,0.65355795825999496
039521,1600,2070,334,0.64413307112422158
039521,1601,2070,255,0.64059318137029497
039521,1601,2070,256,0.64515641529393986
039521,1601,2070,257,0.61567993534047283
039521,1601,2070,261,0.65782962647653509
039521,1601,2070,263,0.63137918230950119
039521,1602,2070,536,0.61091065965958113
039521,1602,2070,537,0.64058732467045076
039521,1602,2070,541,0.66590522478736336
039521,1603,2070,449,0.61772950245269798
039521,1604,2070,450,0.63841276825536508
039521,1604,2070,452,0.63666104553119729
039521,1604,2070,454,0.59702156934158879
039521,1604,2070,456,0.6185133866714343
039521,1604,2070,458,0.61994629842731108
039521,1604,2070,459,0.61480719402530104
039521,1605,2070,394,0.60765004226542685
039521,1606,2070,467,0.64718651813767492
039521,1606,2070,468,0.59889369218611999
039521,1606,2070,471,0.6378299120234604
039521,1606,2070,472,0.58109881867616731
039521,1607,2070,367,0.6545321069223129
039521,1607,2070,368,0.64018614611646485
039521,1609,2070,290,0.62313646788990829
039521,1609,2070,294,0.62038306372645025
039521,1609,2070,295,0.63638596154051486
039521,1610,2070,201,0.6024741287022719
039521,1610,2070,203,0.63470418993738065
039521,1611,2070,617,0.62913361938196155
039521,1611,2070,618,0.62307777409005416
039521,1611,2070,622,0.61998279816513757
039521,1611,2070,623,0.61628395407448899
039521,1613,2070,520,0.64676817825498256
039521,1613,2070,523,0.65364470712603906
039521,1614,2070,404,0.63649018815393599
039521,1614,2070,406,0.60829235136539928
039521,1614,2070,407,0.60048848569434754
039521,1615,2070,435,0.62859134950592643
039521,1615,2070,440,0.65081269413446841
039521,1616,2070,261,0.62302472357993643
039521,1616,2070,263,0.60099605168700643
039521,1617,2070,373,0.60268516997865007
039521,1618,2070,405,0.62765243794795744
039521,1618,2070,407,0.60547922597681236
039521,1619,2070,480,0.62011782675103644
039521,1619,2070,486,0.59682815555072777
039521,1620,2070,338,0.60827604889776843
039521,1620,2070,343,0.60694629753168783
039521,1620,2070,344,0.64026080383016248
039521,1620,2070,347,0.63529105925170481
039521,1621,2070,366,0.64177436397626597
039521,1621,2070,367,0.5997118557419715
039521,1621,2070,368,0.61542755598559773
039521,1622,2070,516,0.61453258088261065
039521,1622,2070,520,0.61521434702082489
039521,1622,2070,522,0.60834922031578431
039521,1623,2070,269,0.64626031408038331
039521,1624,2070,447,0.60616814955513343
039521,1624,2070,451,0.62127717887812894
039521,1625,2070,458,0.60717065576960494
039521,1625,2070,461,0.64537409493161702
039521,1626,2070,371,0.63559571751301447
039521,1629,2070,216,0.61697484326640739
039521,1629,2070,217,0.6109041892802668
039521,1629,2070,221,0.60597789610273389
039521,1629,2070,222,0.63871725160652493
039521,1631,2070,321,0.59377007064868337
039521,1631,2070,324,0.61935232149824426
039521,1631,2070,325,0.59866563117763338
039521,1631,2070,326,0.55913465362284265
039521,1632,2070,388,0.62843566337376511
039521,1633,2070,196,0.59790662119252025
039521,1633,2070,197,0.63600019266894658
039521,1635,2070,393,0.61434571357984025
039521,1636,2070,269,0.61573976361333893
039521,1636,2070,273,0.60924340009908695
039521,1638,2070,630,0.63618440740023585
039521,1638,2070,631,0.62693845703696482
039521,1638,2070,636,0.62882300395593183
039521,1638,2070,638,0.638500086400553
039521,1640,2070,584,0.6295197378181181
039521,1641,2070,627,0.61338126972991935
039521,1642,2070,170,0.57210619469026547
039521,1644,2070,564,0.6228476208109609
039521,1644,2070,567,0.59622045863112205
039521,1645,2070,533,0.63487896048415804
039521,1645,2070,535,0.64287243914626313
039521,1645,2070,536,0.60967001941062293
039521,1646,2070,284,0.61666064184439895
039521,1646,2070,287,0.63354287415293564
039521,1647,2070,464,0.62873161148114431
039521,1648,2070,386,0.62556740598590255
039521,1648,2070,391,0.6165450338198647
039521,1649,2070,449,0.63264869032575877
039521,1650,2070,430,0.63889722364403334
039521,1651,2070,379,0.57928087772024472
039521,1651,2070,381,0.62249544626593811
039521,1652,2070,370,0.63857543672817385
039521,1652,2070,374,0.6149994517744235
039521,1653,2070,354,0.63818973020017411
039521,1654,2070,467,0.56275889940389989
039521,1654,2070,468,0.61780722799801968
039521,1656,2070,488,0.61247763864042937
039521,1656,2070,491,0.62918038468203086
039521,1656,2070,492,0.58919976521228723
039521,1657,2070,466,0.61988978597975142
039521,1657,2070,468,0.60132484642143436
039521,1657,2070,472,0.59989931196509483
039521,1657,2070,473,0.64025874913689718
039521,1657,2070,474,0.64335664335664333
039521,1658,2070,368,0.59142045233368368
039521,1659,2070,417,0.6413105048696256
039521,1660,2070,497,0.65987689914580339
039521,1661,2070,494,0.59012283780396091
039521,1661,2070,495,0.62250857164387174
039521,1661,2070,496,0.64401269347840162
039521,1662,2070,219,0.6265932541402931
039521,1664,2070,359,0.6303610526767699
039521,1667,2070,314,0.60954786723796128
039521,1667,2070,315,0.62540283596519497
039521,1668,2070,491,0.64653150286389671
039521,1669,2070,319,0.60781280983541541
039521,1669,2070,320,0.59442712971208078
039521,1669,2070,321,0.64210162671841819
039521,1670,2070,364,0.64028825735327344
039521,1670,2070,367,0.62976755733482292
039521,1671,2070,485,0.61737979708866342
039521,1672,2070,356,0.61670815639185828
039521,1673,2070,392,0.63538406888035592
039521,1674,2070,237,0.62890358984337003
039521,1675,2070,379,0.5997543820475606
039521,1675,2070,380,0.62683337840930364
039521,1675,2070,384,0.64837823698665964
039521,1676,2070,335,0.61006738236637736
039521,1676,2070,339,0.62761445078250699
039521,1677,2070,495,0.65392316647264259
039521,1677,2070,497,0.60566744126000516
039521,1677,2070,499,0.62788362697520972
039521,1678,2070,440,0.58960372960372964
039521,1679,2070,553,0.60130559750572421
039521,1680,2070,433,0.64014755883464081
039521,1680,2070,434,0.58789948646357881
039521,1681,2070,450,0.63722201515716237
039521,1681,2070,451,0.63863385971355124
039521,1681,2070,454,0.60400741779365874
039521,1683,2070,398,0.63578202406227879
039521,1684,2070,431,0.6111237970967216
039521,1685,2070,513,0.59025919143541339
039521,1685,2070,517,0.58306188925081437
039521,1685,2070,523,0.61390529247910863
039521,1685,2070,527,0.61730656506447834
039521,1686,2070,393,0.61086826090683122
039521,1687,2070,363,0.60175172785952968
039521,1688,2070,460,0.61039558417663298
039521,1688,2070,461,0.63094087948390309
039521,1689,2070,465,0.6278620752316918
039521,1689,2070,467,0.5919349037942816
039521,1689,2070,468,0.6016591867265062
039521,1690,2070,207,0.64236656503126055
039521,1690,2070,210,0.62136008522727271
039521,1690,2070,212,0.63042565947242202
039521,1691,2070,397,0.6145032025491648
039521,1691,2070,400,0.63019663565109774
039521,1691,2070,402,0.63673116249803363
039521,1691,2070,404,0.58334888059701495
039521,1692,2070,353,0.58285019637179725
039521,1692,2070,355,0.6172152625722388
039521,1692,2070,357,0.58566235390689125
039521,1693,2070,556,0.61685195553067262
039521,1693,2070,557,0.63412767818102322
039521,1694,2070,373,0.64162087398601919
039521,1694,2070,374,0.64971751412429379
039521,1694,2070,379,0.63180515759312317
039521,1697,2070,312,0.60040194272316194
039521,1697,2070,320,0.61518605297645046
039521,1698,2070,337,0.61867586693192977
039521,1698,2070,339,0.58650292118755221
039521,1698,2070,342,0.63451799200355397
039521,1699,2070,516,0.65217552717552718
039521,1699,2070,517,0.64253458023681687
039521,1699,2070,518,0.62537165510406345
039521,1699,2070,523,0.5830844299866923
039521,1700,2070,302,0.60919909938887107
039521,1700,2070,304,0.61643033527659685
039521,1701,2070,430,0.63245159323067546
039521,1701,2070,432,0.63442733162205112
039521,1702,2070,502,0.64762467967671988
039521,1702,2070,504,0.6573631887020347
039521,1702,2070,511,0.60299250018563899
039521,1702,2070,512,0.60900052831276119
039521,1703,2070,409,0.63150295971894699
039521,1703,2070,410,0.58697674418604651
039521,1703,2070,412,0.61873714830232207
039521,1704,2070,288,0.63497618353261398
039521,1704,2070,292,0.62185636052879412
039521,1705,2070,497,0.59386512292308846
039521,1705,2070,506,0.64053921349819221
039521,1706,2070,507,0.5220158558826814
039521,1707,2070,511,0.63391117382248208
039521,1707,2070,513,0.60843831910036361
039521,1707,2070,515,0.65328432758458199
039521,1710,2070,304,0.60927627156621111
039521,1710,2070,306,0.59247574729868291
039521,1710,2070,307,0.59617869669558798
039521,1711,2070,392,0.57292643423408063
039521,1711,2070,400,0.63636363636363635
039521,1712,2070,490,0.63966982179256893
039521,1712,2070,492,0.64377089579180335
039521,1712,2070,494,0.62892870474057483
039521,1713,2070,508,0.64433875901489268
039521,1714,2070,330,0.59361622230567035
039521,1714,2070,333,0.61993651651246029
039521,1715,2070,450,0.64450459804212401
039521,1715,2070,451,0.65876232626756737
039521,1716,2070,476,0.64661399548532728
039521,1717,2070,465,0.62785268473962552
039521,1717,2070,468,0.64621275943938117
039521,1717,2070,469,0.5945283018867924
039521,1718,2070,311,0.62780282536819954
039521,1718,2070,315,0.60594704684317724
039521,1719,2070,506,0.62785902793050363
039521,1719,2070,509,0.6277857656362329
039521,1719,2070,510,0.57224712531670241
039521,1719,2070,511,0.62941263173409978
039521,1720,2070,292,0.64549105073358093
039521,1720,2070,293,0.59531125047350475
039521,1720,2070,294,0.62285419019003696
039521,1721,2070,516,0.65275614140203719
039521,1721,2070,519,0.64099117378512727
039521,1722,2070,364,0.63866384145581456
039521,1722,2070,368,0.63028550777014813
039521,1723,2070,435,0.60079213329691339
039521,1724,2070,379,0.64062051883717896
039521,1726,2070,483,0.63894624731019189
039521,1726,2070,484,0.63822910632070007
039521,1726,2070,486,0.58502573701450633
039521,1727,2070,379,0.62412919569347691
039521,1727,2070,381,0.58965946374024214
039521,1727,2070,384,0.61679776641721595
039521,1727,2070,389,0.59943698570809878
039521,1728,2070,276,0.64213696477674476
039521,1729,2070,474,0.60105249423737661
039521,1729,2070,479,0.6405034732529834
039521,1729,2070,481,0.60474826283067173
039521,1729,2070,482,0.58569196838816395
039521,1730,2070,326,0.63845926145193521
039521,1730,2070,329,0.62109664213231131
039521,1731,2070,385,0.64367904501122974
039521,1731,2070,389,0.63917525773195871
039521,1733,2070,509,0.63651272050350149
039521,1733,2070,510,0.6491502858485394
039521,1733,2070,511,0.61336268289524798
039521,1733,2070,513,0.63327270593757334
039521,1734,2070,303,0.64333934399356218
039521,1734,2070,305,0.58976848974518337
039521,1734,2070,306,0.60077709325119011
039521,1734,2070,307,0.62921162966526911
039521,1734,2070,308,0.6262493296280045
039521,1736,2070,446,0.62004395855336392
039521,1736,2070,447,0.65148697784041787
039521,1736,2070,448,0.61776702712957698
039521,1736,2070,449,0.62318479498861046
039521,1736,2070,454,0.65646964856230028
039521,1737,2070,186,0.62268777157045319
039521,1737,2070,190,0.61973640735709823
039521,1737,2070,193,0.64394361065851657
039521,1738,2070,345,0.62568849449204411
039521,1739,2070,432,0.60698730857490746
039521,1739,2070,434,0.62527378698444513
039521,1739,2070,435,0.63393467055828101
039521,1740,2070,513,0.60602380374058784
039521,1740,2070,514,0.63311558671798884
039521,1740,2070,516,0.63773894495036509
039521,1741,2070,484,0.63763229646134456
039521,1742,2070,590,0.59226358043999583
039521,1742,2070,594,0.60373584905660382
039521,1742,2070,595,0.61051069256015222
039521,1742,2070,597,0.64227693769297756
039521,1743,2070,348,0.60834397616006808
039521,1743,2070,352,0.62993164062499996
039521,1744,2070,486,0.57719612945605214
039521,1744,2070,489,0.61424320079358519
039521,1744,2070,490,0.62156021206765966
039521,1744,2070,492,0.62553979025293027
039521,1744,2070,493,0.6132830257296118
039521,1744,2070,496,0.61833299533563169
039521,1745,2070,542,0.63336095209400423
039521,1746,2070,390,0.60539983511953832
039521,1748,2070,384,0.61118303932675189
039521,1749,2070,166,0.63337028824833708
039521,1750,2070,364,0.60133235281394648
039521,1750,2070,367,0.644647726273199
039521,1751,2070,265,0.64413497589716118
039521,1751,2070,269,0.61343695161694656
039521,1752,2070,533,0.59267418254071103
039521,1752,2070,535,0.6117258398344213
039521,1752,2070,542,0.65070635822025624
039521,1753,2070,358,0.62025991762873178
039521,1754,2070,507,0.63125152605709312
039521,1755,2070,399,0.62486606062700911
039521,1756,2070,427,0.62531371206935893
039521,1756,2070,429,0.61904761904761907
039521,1756,2070,433,0.6328003396066223
039521,1757,2070,374,0.59732094040459272
039521,1757,2070,375,0.58694664416461118
039521,1757,2070,378,0.58564903594714268
039521,1757,2070,379,0.61031894934333963
039521,1757,2070,380,0.64651683458193399
039521,1757,2070,381,0.64788515533013313
039521,1758,2070,561,0.6235476898135639
039521,1758,2070,563,0.62519584913372239
039521,1759,2070,296,0.6333105387128638
039521,1759,2070,298,0.60838902784041982
039521,1761,2070,427,0.60808509450291748
039521,1761,2070,430,0.61211254489823064
039521,1762,2070,467,0.61908567774936063
039521,1763,2070,345,0.56177346186560817
039521,1763,2070,346,0.63279056709713644
039521,1764,2070,263,0.59961597542242706
039521,1764,2070,264,0.63083700440528634
039521,1764,2070,265,0.57915144811975927
039521,1764,2070,266,0.64095418687731132
039521,1767,2070,444,0.61554077703885191
039521,1768,2070,393,0.59618899343396736
039521,1769,2070,556,0.6308218577317779
039521,1769,2070,560,0.57633012634751357
039521,1770,2070,322,0.6100762370540852
039521,1770,2070,324,0.59771518613354346
039521,1770,2070,325,0.58851518971897998
039521,1770,2070,329,0.62443544512320681
039521,1770,2070,330,0.604089364020862
039521,1771,2070,531,0.63894199292916065
039521,1771,2070,533,0.57705041384499622
039521,1771,2070,534,0.64114989525756538
039521,1772,2070,355,0.63989994097641867
039521,1772,2070,357,0.60691720877989419
039521,1773,2070,426,0.63570572729451236
039521,1773,2070,428,0.57129935326308168
039521,1774,2070,402,0.64505273008674369
039521,1774,2070,403,0.62364760432766619
039521,1775,2070,391,0.63502372673795626
039521,1775,2070,393,0.6532805871483226
039521,1777,2070,500,0.64536647336899688
039521,1778,2070,192,0.61546240117668694
039521,1778,2070,193,0.64495871093182555
039521,1779,2070,462,0.6506486277167336
039521,1779,2070,463,0.62295708282039308
039521,1779,2070,466,0.62288899272411724
039521,1779,2070,468,0.59963534963534959
039521,1780,2070,484,0.61698966621545781
039521,1781,2070,437,0.62639084366784392
039521,1782,2070,240,0.63912897070378272
039521,1782,2070,245,0.65244885168106725
039521,1783,2070,264,0.63108834549041615
039521,1783,2070,265,0.64755622188905548
039521,1784,2070,330,0.61115605106742166
039521,1787,2070,472,0.63856143108416596
039521,1787,2070,476,0.60286855327006483
039521,1788,2070,231,0.61412309473278026
039521,1788,2070,232,0.64152690779282007
039521,1789,2070,368,0.61930640942902759
039521,1789,2070,369,0.65202982601491299
039521,1790,2070,298,0.62917631491895465
039521,1790,2070,300,0.62991199585862867
039521,1790,2070,301,0.58425584255842555
039521,1790,2070,303,0.64652162234756916
039521,1791,2070,401,0.63330076050473727
039521,1791,2070,404,0.63781689003713871
039521,1793,2070,432,0.56232052774544039
039521,1793,2070,434,0.59923937360178969
039521,1794,2070,483,0.64814661933459916
039521,1795,2070,381,0.64028371988290922
039521,1797,2070,423,0.63587502023636067
039521,1797,2070,425,0.60177896375361351
039521,1797,2070,426,0.6278595424732043
039521,1797,2070,427,0.64850954321252408
039521,1798,2070,469,0.60059460212756077
039521,1798,2070,473,0.5536421138543155
039521,1798,2070,475,0.63431510051425899
039521,1799,2070,463,0.57758475998657266
039521,1799,2070,467,0.6249558425246301
039521,1800,2070,623,0.59243856332703215
039521,1800,2070,627,0.65185720050119988
039521,1801,2070,261,0.58789112185194603
039521,1802,2070,470,0.57490294587805435
039521,1803,2070,420,0.61877473402888417
039521,1803,2070,421,0.61546263067561247
039521,1803,2070,422,0.63701137660906193
039521,1803,2070,423,0.64096717338620846
039521,1805,2070,331,0.61021991483404303
039521,1807,2070,500,0.62121020451191233
039521,1807,2070,501,0.61505282543375017
039521,1807,2070,505,0.65096803933620162
039521,1808,2070,227,0.6242481935009303
039521,1808,2070,228,0.64815668911232049
039521,1809,2070,453,0.61001571973950142
039521,1810,2070,341,0.64352613841210127
039521,1811,2070,329,0.59554645721925137
039521,1812,2070,440,0.62139592123769338
039521,1813,2070,399,0.60526315789473684
039521,1813,2070,408,0.60772468625769738
039521,1813,2070,410,0.63108206245461151
039521,1814,2070,216,0.6379114848377645
039521,1814,2070,221,0.59953583289984391
039521,1815,2070,513,0.62285085507312821
039521,1816,2070,359,0.62323932207800659
039521,1816,2070,360,0.65021495792591821
039521,1816,2070,367,0.61547989807474524
039521,1818,2070,246,0.65282054589130545
039521,1818,2070,248,0.62931905435441504
039521,1819,2070,527,0.62469195457840054
039521,1819,2070,530,0.60249784668389317
039521,1822,2070,583,0.60604362445038362
039521,1822,2070,589,0.64057803944172254
039521,1822,2070,590,0.57853239444278293
039521,1822,2070,594,0.63805296255195076
039521,1823,2070,371,0.61608630821857735
039521,1824,2070,583,0.61233885819521183
039521,1824,2070,585,0.58987471234978262
039521,1824,2070,587,0.59372435621898323
039521,1825,2070,584,0.65649148497953547
039521,1825,2070,588,0.62485302955085831
039521,1825,2070,589,0.62092085720347978
039521,1826,2070,244,0.6362926437448404
039521,1826,2070,246,0.63820293729790267
039521,1826,2070,252,0.62050074704577352
039521,1827,2070,301,0.59433109250304672
039521,1827,2070,305,0.60695825650636281
039521,1828,2070,515,0.64698937426210157
039521,1828,2070,517,0.62071657846794481
039521,1828,2070,521,0.61200028782598859
039521,1828,2070,522,0.62267815952409855
039521,1828,2070,526,0.64442194662392083
039521,1829,2070,238,0.63361107316851073
039521,1830,2070,473,0.62857668598767136
039521,1830,2070,474,0.58401563081503538
039521,1831,2070,441,0.62266045177482965
039521,1832,2070,467,0.59191567135631407
039521,1833,2070,328,0.63144398266867097
039521,1834,2070,197,0.63921964084862115
039521,1834,2070,198,0.58870681145113524
039521,1835,2070,415,0.60618675087920759
039521,1835,2070,418,0.62128556952318348
039521,1836,2070,347,0.63863897500379385
039521,1837,2070,494,0.61345123491745435
039521,1838,2070,318,0.61824648337595911
039521,1838,2070,322,0.61417730559771444
039521,1839,2070,447,0.62388031255955789
039521,1839,2070,451,0.61155257001902374
039521,1841,2070,577,0.62378542750576105
039521,1842,2070,520,0.63790456059185996
039521,1842,2070,521,0.60054765244106056
039521,1844,2070,382,0.6247804250476261
039521,1844,2070,384,0.568932791012977
039521,1845,2070,261,0.60950596588107686
039521,1845,2070,262,0.62395644812890416
039521,1846,2070,413,0.63761631732305668
039521,1846,2070,414,0.62476783172926165
039521,1846,2070,416,0.6393419067461743
039521,1846,2070,419,0.63868200654939578
039521,1846,2070,422,0.55761677442745783
039521,1847,2070,248,0.61672183338807895
039521,1847,2070,253,0.59127152630337343
039521,1848,2070,438,0.59918592122590686
039521,1849,2070,491,0.6447978057007302
039521,1849,2070,492,0.64058319039451117
039521,1850,2070,385,0.61888558060399834
039521,1851,2070,470,0.63216486902927582
039521,1851,2070,471,0.62995874325610912
039521,1851,2070,479,0.58568052474196974
039521,1852,2070,508,0.63056103008803044
039521,1852,2070,512,0.64704286809363765
039521,1852,2070,517,0.59125088673445259
039521,1853,2070,333,0.60369456981992464
039521,1853,2070,335,0.59304296246080845
039521,1855,2070,246,0.60028593554536247
039521,1855,2070,248,0.62215097232870986
039521,1855,2070,252,0.64448467720568758
039521,1856,2070,502,0.61428630041439303
039521,1856,2070,506,0.59821960223889481
039521,1857,2070,345,0.63238724435281191
039521,1857,2070,346,0.64171072208680235
039521,1858,2070,452,0.63273557060297148
039521,1859,2070,458,0.62916425958020417
039521,1859,2070,459,0.56732528357116718
039521,1859,2070,460,0.63039085006664664
039521,1859,2070,462,0.60025073878391688
039521,1860,2070,305,0.62313595535013522
039521,1860,2070,309,0.58367065713547495
039521,1861,2070,249,0.64844355208448612
039521,1861,2070,251,0.6279569892473118
039521,1862,2070,241,0.64535504078752626
039521,1862,2070,243,0.64176991150442475
039521,1863,2070,340,0.63166116434495534
039521,1863,2070,343,0.62768774969699692
039521,1864,2070,327,0.58150047813613837
039521,1864,2070,331,0.62159924948954248
039521,1864,2070,334,0.64357984423883374
039521,1867,2070,525,0.60846087704213236
039521,1867,2070,527,0.6458595064199476
039521,1867,2070,528,0.59063655030800821
039521,1867,2070,535,0.60030381145277112
039521,1868,2070,384,0.64922089825847851
039521,1868,2070,389,0.55609852216748767
039521,1869,2070,510,0.59874488922696589
039521,1870,2070,442,0.58286333077651942
039521,1871,2070,451,0.65009525012366731
039521,1871,2070,452,0.64335755435254616
039521,1873,2070,309,0.60470648203211286
039521,1873,2070,313,0.6400937866354045
039521,1877,2070,381,0.64351544529694182
039521,1878,2070,358,0.61003250085528571
039521,1878,2070,363,0.59259561060408517
039521,1878,2070,364,0.6120606795102177
039521,1878,2070,365,0.58696155091842872
039521,1880,2070,305,0.58889919254517897
039521,1882,2070,565,0.60119204599398701
039521,1882,2070,566,0.61252822492534054
039521,1882,2070,567,0.64217430189804237
039521,1882,2070,568,0.62235980731225293
039521,1883,2070,430,0.59499587572174872
039521,1883,2070,433,0.61514304647209661
039521,1884,2070,464,0.60693709582598476
039521,1884,2070,468,0.60028083313831027
039521,1885,2070,556,0.61784222688630241
039521,1885,2070,557,0.6470778040123536
039521,1886,2070,475,0.63966489499611101
039521,1887,2070,324,0.64446266016653009
039521,1887,2070,325,0.6223585262361887
039521,1887,2070,328,0.62567654076703716
039521,1888,2070,313,0.64349895575307203
039521,1888,2070,316,0.64248074584515602
039521,1888,2070,322,0.62642660579815257
039521,1889,2070,417,0.60709156193895875
039521,1890,2070,406,0.65629123468426009
039521,1890,2070,407,0.63180690632751901
039521,1890,2070,411,0.57255013917636144
039521,1891,2070,471,0.65328860668503652
039521,1891,2070,476,0.59865080247599989
039521,1892,2070,264,0.60638981546653614
039521,1892,2070,265,0.62716851356515091
039521,1893,2070,344,0.60478504062385174
039521,1893,2070,346,0.64412065915650307
039521,1893,2070,348,0.60018903591682415
039521,1894,2070,242,0.65355238032527818
039521,1894,2070,244,0.62964229107747771
039521,1894,2070,245,0.58508577753182067
039521,1894,2070,246,0.63744139061487437
039521,1895,2070,455,0.61351546144077973
039521,1895,2070,457,0.62191759543318703
039521,1895,2070,460,0.62970746469401484
039521,1896,2070,571,0.63554294557647661
039521,1896,2070,573,0.63812658629441621
039521,1896,2070,576,0.64204265335008504
039521,1897,2070,460,0.59596386050831718
039521,1897,2070,463,0.62716016685426734
039521,1898,2070,462,0.58344353345675748
039521,1898,2070,463,0.64802893473760836
039521,1898,2070,465,0.63602923949205759
039521,1900,2070,489,0.61347340976189568
039521,1902,2070,336,0.63650100187235159
039521,1902,2070,338,0.63945210417229881
039521,1903,2070,322,0.63586588741925565
039521,1904,2070,485,0.60654661414368782
039521,1904,2070,488,0.63305850799642394
039521,1905,2070,419,0.59055917139058012
039521,1906,2070,344,0.59900536117381487
039521,1906,2070,352,0.61293125923351
039521,1907,2070,507,0.6279570616145641
039521,1907,2070,508,0.60314127330757605
039521,1907,2070,510,0.64326557651406857
039521,1908,2070,554,0.62748789671866589
039521,1911,2070,532,0.59939126464769443
039521,1912,2070,461,0.6069985419704228
039521,1912,2070,462,0.61887967755232909
039521,1913,2070,397,0.6461857967784419
039521,1914,2070,497,0.60892216262107823
039521,1914,2070,499,0.64451925933260723
039521,1914,2070,501,0.62074592074592072
039521,1915,2070,462,0.61918268725706482
039521,1915,2070,466,0.62228075752758982
039521,1916,2070,247,0.61401447504464701
039521,1916,2070,248,0.63344625359705675
039521,1916,2070,254,0.62134284474863832
039521,1916,2070,255,0.6116375798636422
039521,1916,2070,256,0.60069651285341152
039521,1917,2070,540,0.63994783863270632
039521,1917,2070,541,0.59957428385886424
039521,1918,2070,206,0.46852056149427473
039521,1918,2070,214,0.6500416493127863
039521,1919,2070,529,0.62124629916819396
039521,1919,2070,532,0.58929153094462539
039521,1919,2070,533,0.61983196380758931
039521,1919,2070,536,0.60999257203174484
039521,1919,2070,542,0.64716242661448142
039521,1920,2070,300,0.6495797830011063
039521,1920,2070,301,0.61650212885416178
039521,1920,2070,305,0.63558788832088087
039521,1921,2070,295,0.59773521007514019
039521,1921,2070,298,0.61490411916306298
039521,1921,2070,299,0.63112224521657045
039521,1923,2070,345,0.62295081967213117
039521,1924,2070,463,0.57895511947277345
039521,1924,2070,464,0.63925398082167684
039521,1926,2070,294,0.63402603703404226
039521,1927,2070,466,0.59301783671567176
039521,1927,2070,468,0.59424516803064598
039521,1927,2070,471,0.60217781081908428
039521,1928,2070,518,0.62700074003594464
039521,1928,2070,521,0.62613692582867142
039521,1930,2070,335,0.63703540040261208
039521,1930,2070,337,0.60577683374936042
039521,1930,2070,345,0.62828996172220408
039521,1930,2070,346,0.60786699107866993
039521,1931,2070,346,0.64552810559423646
039521,1931,2070,348,0.63104492069257778
039521,1932,2070,422,0.6192900156369564
039521,1932,2070,423,0.59782311685945899
039521,1932,2070,424,0.61560316363357137
039521,1933,2070,433,0.61983299774961509
039521,1933,2070,434,0.64056252585137186
039521,1933,2070,437,0.61054241675491239
039521,1933,2070,442,0.61777671298514614
039521,1933,2070,444,0.60964874428238547
039521,1934,2070,430,0.60801432728900828
039521,1935,2070,531,0.62595046176940905
039521,1935,2070,532,0.59887059724349156
039521,1936,2070,408,0.60068621555657742
039521,1936,2070,414,0.63370515526077786
039521,1937,2070,437,0.62449251247920134
039521,1937,2070,438,0.61584481508339373
039521,1938,2070,395,0.59102473203486672
039521,1938,2070,398,0.63671899761235662
039521,1939,2070,459,0.61948940650085538
039521,1939,2070,461,0.61448192218179432
039521,1940,2070,440,0.60509840674789128
039521,1940,2070,441,0.55343144505250708
039521,1940,2070,443,0.64258706003174304
039521,1940,2070,445,0.60316782345613096
039521,1940,2070,446,0.59590095439152047
039521,1941,2070,467,0.63430362418041641
039521,1943,2070,561,0.6182723654473089
039521,1943,2070,565,0.57983847825195756
039521,1943,2070,566,0.63018776808794708
039521,1944,2070,430,0.63223413025556474
039521,1945,2070,321,0.60607543141789721
039521,1945,2070,325,0.61384693951995328
039521,1946,2070,507,0.63302231748833693
039521,1946,2070,508,0.60441157611251228
039521,1946,2070,509,0.59913350305953816
039521,1946,2070,511,0.6176588897827836
039521,1947,2070,489,0.60741428522301322
039521,1947,2070,495,0.64400133489070588
039521,1949,2070,456,0.61578180303976682
039521,1952,2070,213,0.60420402654785454
039521,1952,2070,219,0.6130898141911969
039521,1952,2070,220,0.62977923253708479
039521,1954,2070,432,0.6066527099325425
039521,1954,2070,435,0.61051966798989532
039521,1954,2070,436,0.6489152826058967
039521,1954,2070,438,0.63862673245030399
039521,1960,2070,481,0.59826526727935181
039521,1962,2070,247,0.65339557118051839
039521,1962,2070,250,0.63734284105835992
039521,1963,2070,292,0.65012687639487599
039521,1963,2070,293,0.60901722965313987
039521,1964,2070,493,0.63947976652172211
039521,1965,2070,458,0.63453008039922376
039521,1966,2070,340,0.58765476404091155
039521,1967,2070,360,0.63443145589798089
039521,1967,2070,363,0.60739632618981354
039521,1967,2070,364,0.65460647564358743
039521,1968,2070,499,0.64233316352521652
039521,1968,2070,505,0.64011524447080759
039521,1970,2070,405,0.61904861386759147
039521,1971,2070,300,0.62287930198739705
039521,1971,2070,301,0.64940325273637989
039521,1971,2070,303,0.62283968299436643
039521,1972,2070,560,0.58131518087009648
039521,1972,2070,562,0.62011872739078011
039521,1972,2070,563,0.64288073318746641
039521,1973,2070,307,0.64512804249583766
039521,1973,2070,312,0.61726376969531849
039521,1974,2070,386,0.63926086460590847
039521,1974,2070,388,0.6406691862462669
039521,1975,2070,340,0.57943798361916832
039521,1975,2070,343,0.58551739225552391
039521,1976,2070,452,0.63701044492454639
039521,1976,2070,454,0.61908273116059576
039521,1976,2070,456,0.62481034607326058
039521,1977,2070,542,0.63940814903998477
039521,1977,2070,545,0.63554237798522151
039521,1978,2070,485,0.62745925708412864
039521,1980,2070,278,0.64708761625061184
039521,1980,2070,280,0.61911921318047991
039521,1982,2070,408,0.60523598820058999
039521,1984,2070,520,0.62699059964802339
039521,1984,2070,521,0.59124556235365211
039521,1984,2070,524,0.63754934210526315
039521,1985,2070,466,0.60937984229193209
039521,1985,2070,467,0.64459788789601946
039521,1985,2070,468,0.59935491773159677
039521,1986,2070,467,0.64161238436314194
039521,1986,2070,473,0.63812956843897062
039521,1987,2070,339,0.6542604184289178
039521,1987,2070,343,0.6129445690483819
039521,1988,2070,388,0.63132439070470436
039521,1988,2070,390,0.65196708665466696
039521,1989,2070,467,0.61727257772659982
039521,1991,2070,482,0.59966193674658597
039521,1992,2070,461,0.63014586709886544
039521,1992,2070,466,0.61569252134133889
039521,1993,2070,347,0.59354808057772712
039521,1993,2070,351,0.62572343488351601
039521,1994,2070,549,0.60162153893223191
039521,1994,2070,550,0.63226548053375986
039521,1995,2070,360,0.61629752294210993
039521,1995,2070,362,0.63303633356453071
039521,1995,2070,364,0.64598659856614027
039521,1996,2070,441,0.59262392150228382
039521,1997,2070,531,0.59083209824264238
039521,1998,2070,446,0.62324040010945247
039521,1998,2070,448,0.61379540153282242
039521,1998,2070,453,0.62106149957876999
039521,2000,2070,457,0.62224301083006517
039521,2000,2070,466,0.60277740804827185
039521,2000,2070,468,0.49332766023285501
039521,2002,2070,411,0.62057555836126954
039521,2002,2070,415,0.62647896846477036
039521,2002,2070,416,0.62821858768924743
039521,2003,2070,472,0.64227670389709191
039521,2003,2070,473,0.61249842615520211
039521,2003,2070,475,0.64362099561034836
039521,2005,2070,442,0.60029255805448889
039521,2006,2070,419,0.59959803483698082
039521,2006,2070,420,0.64896803917112578
039521,2006,2070,421,0.62245081304465011
039521,2006,2070,422,0.64299989481434727
039521,2006,2070,424,0.62282455028518502
039521,2007,2070,477,0.6008261715967903
039521,2007,2070,479,0.64058377308707126
039521,2007,2070,483,0.65109301328761249
039521,2008,2070,396,0.60843600521814756
039521,2009,2070,213,0.62488923022390264
039521,2010,2070,353,0.58865710560625817
039521,2011,2070,259,0.60689655172413792
039521,2012,2070,400,0.56026918500892331
039521,2012,2070,401,0.60307263650787513
039521,2012,2070,405,0.59264766364010246
039521,2014,2070,437,0.64097776685910823
039521,2015,2070,449,0.64589579003512898
039521,2016,2070,275,0.63860802157061003
039521,2017,2070,474,0.56758188039758839
039521,2017,2070,477,0.5758371398769917
039521,2018,2070,538,0.63562260101531221
039521,2018,2070,539,0.61724363161332463
039521,2018,2070,541,0.63357512040408781
039521,2018,2070,542,0.63442520794386192
039521,2018,2070,544,0.63575511432009624
039521,2018,2070,547,0.60446270946082825
039521,2018,2070,548,0.60912269019477272
039521,2018,2070,549,0.63712544438801422
039521,2019,2070,365,0.60480435327390547
039521,2020,2070,468,0.59574916712351877
039521,2020,2070,470,0.62448946580937359
039521,2021,2070,580,0.61582619447142983
039521,2021,2070,581,0.61257430647291944
039521,2021,2070,583,0.59063770874794497
039521,2022,2070,418,0.62406373416859595
039521,2023,2070,304,0.64641684234679975
039521,2024,2070,400,0.58651382776062533
039521,2024,2070,401,0.60455720161613224
039521,2024,2070,402,0.59773297568573158
039521,2024,2070,403,0.64137766843901278
039521,2024,2070,406,0.6065875271693697
039521,2027,2070,424,0.5826046511627907
039521,2027,2070,426,0.58280056828272064
039521,2028,2070,517,0.62305204351661281
039521,2029,2070,353,0.61626635496399085
039521,2029,2070,354,0.61432598242414194
039521,2030,2070,358,0.63089338186921629
039521,2030,2070,366,0.62547039926571824
039521,2030,2070,367,0.6197483605785824
039521,2031,2070,388,0.59158059877108116
039521,2032,2070,224,0.61977755308392313
039521,2032,2070,225,0.64897836374080253
039521,2032,2070,226,0.637767899272357
039521,2035,2070,372,0.63771160042008579
039521,2035,2070,380,0.56725781905146444
039521,2036,2070,456,0.6132075471698113
039521,2037,2070,261,0.61747839748625299
039521,2037,2070,264,0.61266887065834053
039521,2037,2070,267,0.60475377170509537
039521,2037,2070,268,0.64281785246865575
039521,2039,2070,437,0.58110492737885167
039521,2039,2070,438,0.63179744055992038
039521,2039,2070,443,0.5966788502323902
039521,2040,2070,234,0.62316185572114668
039521,2040,2070,235,0.63157498683121382
039521,2040,2070,238,0.58611767854753094
039521,2041,2070,459,0.64084978253596525
039521,2041,2070,460,0.59745533297238762
039521,2041,2070,461,0.64376116736152467
039521,2043,2070,481,0.63616342648845692
039521,2043,2070,483,0.62724580454096746
039521,2043,2070,485,0.58562988374309133
039521,2044,2070,361,0.543340009135308
039521,2045,2070,383,0.60840489676594189
039521,2045,2070,385,0.60552342636828427
039521,2045,2070,388,0.65933249370277081
039521,2046,2070,338,0.59088056891863627
039521,2046,2070,339,0.61304925453919201
039521,2046,2070,342,0.61483883712507814
039521,2046,2070,343,0.63805394425890116
039521,2046,2070,348,0.5759325804243669
039521,2047,2070,463,0.64237946900631593
039521,2048,2070,353,0.62109509688986964
039521,2048,2070,359,0.61269264418870717
039521,2049,2070,435,0.59646874555033458
039521,2049,2070,437,0.59271538862312323
039521,2051,2070,469,0.63027984920613078
039521,2051,2070,471,0.64624146196406362
039521,2051,2070,473,0.5617879053461875
039521,2051,2070,474,0.63074690698029634
039521,2052,2070,295,0.63785335512938079
039521,2052,2070,296,0.60196729798524529
039521,2053,2070,398,0.61359683030537304
039521,2053,2070,399,0.6105219868989219
039521,2054,2070,512,0.64951302595595639
039521,2054,2070,514,0.61568680574370094
039521,2054,2070,517,0.62589224601544935
039521,2055,2070,299,0.60743895698540173
039521,2055,2070,300,0.63610914202640845
039521,2056,2070,393,0.59413088716184648
039521,2057,2070,210,0.62425277540563617
039521,2058,2070,543,0.62777438001854524
039521,2059,2070,307,0.60412473658039922
039521,2059,2070,308,0.6406122022901376
039521,2059,2070,311,0.6255115961800819
039521,2059,2070,314,0.65877394895403152
039521,2060,2070,414,0.61233122543155016
039521,2061,2070,272,0.6121044616165604
039521,2061,2070,276,0.61367062370454117
039521,2063,2070,345,0.64313942123826118
039521,2063,2070,349,0.76969696969696966
039521,2063,2070,351,0.61153014652894544
039521,2063,2070,352,0.59607604562737637
039521,2064,2070,526,0.64863346603815064
039521,2065,2070,461,0.59970114560850074
039521,2065,2070,462,0.61595376573658245
039521,2066,2070,244,0.63099926664312678
039521,2066,2070,247,0.60817354251404221
039521,2066,2070,248,0.64060741212700434
039521,2067,2070,289,0.63076508136294163
039521,2067,2070,290,0.65166183203438999
039521,2067,2070,294,0.61745175809973707
039521,2067,2070,296,0.62485481997677117
039521,2067,2070,300,0.61460896415303712
039521,2067,2070,304,0.60503739887040142
039521,2067,2070,305,0.60646328038999842
039521,2068,2070,404,0.56607285296463705
039521,2069,2070,535,0.61920663250618924
039521,2069,2070,536,0.61087800601202402
039521,2069,2070,537,0.6438708417420741
039521,2069,2070,538,0.62268316048148609
039521,2069,2070,539,0.62872444746171829
039521,2070,2070,442,0.64683729783766764
039521,2070,2070,445,0.60820680802089333
039521,2071,2070,433,0.59442266439825431
039521,2072,2070,366,0.62902158082880977
039521,2074,2070,225,0.63035111411208644
039521,2075,2070,191,0.63545650095602291
039521,2075,2070,192,0.64673343912420578
039521,2075,2070,194,0.64154284394487648
039521,2076,2070,324,0.64842908207768224
039521,2077,2070,308,0.61317316274918177
039521,2078,2070,463,0.638912345887519
039521,2078,2070,466,0.64085586182107113
039521,2079,2070,336,0.63396681498731655
039521,2079,2070,337,0.60300494984449604
039521,2080,2070,487,0.62975739410733478
039521,2080,2070,489,0.61697627368033847
039521,2081,2070,438,0.5856811544408177
039521,2081,2070,439,0.59193278372658642
039521,2082,2070,515,0.62831482921999859
039521,2082,2070,517,0.65076404567913348
039521,2083,2070,457,0.60020746887966803
039521,2083,2070,459,0.64328521259327376
039521,2084,2070,336,0.63788162967594042
039521,2085,2070,437,0.60604358120309809
039521,2085,2070,440,0.61769961822760133
039521,2086,2070,468,0.62395334928229662
039521,2086,2070,469,0.60759785111281661
039521,2086,2070,470,0.64617444585134409
039521,2087,2070,368,0.59312436804853386
039521,2087,2070,374,0.61479247678755655
039521,2089,2070,526,0.63281435062557878
039521,2089,2070,529,0.63409180912151009
039521,2091,2070,371,0.65076210857317551
039521,2091,2070,372,0.63193425300851191
039521,2091,2070,374,0.63324227938386823
039521,2092,2070,495,0.58003224939532383
039521,2092,2070,499,0.55857076494270674
039521,2092,2070,503,0.62670587694711211
039521,2095,2070,523,0.6410426918473201
039521,2095,2070,524,0.63779844857114076
039521,2095,2070,525,0.60946908756607676
039521,2095,2070,527,0.64103784146887599
039521,2096,2070,193,0.62013084674387131
039521,2097,2070,352,0.6348156258007408
039521,2098,2070,365,0.62305439090230319
039521,2098,2070,366,0.63690922730682675
039521,2098,2070,369,0.64581492489356573
039521,2099,2070,230,0.58725168580280662
039521,2100,2070,460,0.63222561227014096
039521,2101,2070,505,0.60495794899620181
039521,2102,2070,366,0.63335073068893533
039521,2103,2070,420,0.58457117595048624
039521,2103,2070,424,0.6345667191026606
039521,2103,2070,425,0.63026440037771481
039521,2103,2070,427,0.58969878132904119
039521,2104,2070,444,0.61888471325772254
039521,2105,2070,190,0.62424242424242427
039521,2105,2070,197,0.63737900223380495
039521,2106,2070,585,0.63136576608135919
039521,2106,2070,588,0.60349544693535873
039521,2108,2070,546,0.62089752176825186
039521,2109,2070,454,0.64917738144614956
039521,2110,2070,488,0.63137674271229405
039521,2110,2070,489,0.62655023456732784
039521,2111,2070,447,0.62066269181898148
039521,2112,2070,356,0.65095036438841836
039521,2113,2070,241,0.61168990347786123
039521,2113,2070,248,0.621769019248396
039521,2114,2070,365,0.62025802798673457
039521,2114,2070,367,0.5975613588510732
039521,2114,2070,371,0.61619958185534074
039521,2115,2070,280,0.63894283764631776
039521,2115,2070,282,0.64312172363850761
039521,2115,2070,287,0.64309290196122604
039521,2116,2070,506,0.61375530410183876
039521,2116,2070,509,0.57681459195186158
039521,2116,2070,515,0.60855641911341396
039521,2117,2070,419,0.6431713312346371
039521,2120,2070,492,0.61556340647080698
039521,2120,2070,498,0.64226378598690914
039521,2121,2070,430,0.62829544829104522
039521,2125,2070,355,0.62239471652800415
039521,2125,2070,363,0.64751859478085472
039521,2127,2070,565,0.63861686454632116
039521,2127,2070,566,0.60376705029838018
039521,2128,2070,378,0.62095673986709499
039521,2128,2070,379,0.60774034735834437
039521,2129,2070,471,0.64048215063125813
039521,2130,2070,231,0.61620722433460073
039521,2130,2070,233,0.63834628953678396
039521,2131,2070,420,0.62574549353347186
039521,2132,2070,521,0.60553070353802363
039521,2132,2070,522,0.63066550674206179
039521,2133,2070,392,0.65318739231782708
039521,2133,2070,395,0.61542807475010863
039521,2134,2070,621,0.61859590837559009
039521,2136,2070,538,0.63052613300920302
039521,2136,2070,540,0.64699303306382083
039521,2136,2070,543,0.60080948795180722
039521,2137,2070,348,0.64466758878370367
039521,2137,2070,352,0.63649439638811756
039521,2137,2070,353,0.63863786124446953
039521,2138,2070,457,0.6149068322981367
039521,2138,2070,459,0.6196209249431387
039521,2139,2070,458,0.61415376002985633
039521,2140,2070,556,0.62744666409847194
039521,2141,2070,302,0.62200719781048641
039521,2141,2070,306,0.61993708218639398
039521,2141,2070,308,0.63704952581664909
039521,2142,2070,529,0.56214956961225615
039521,2142,2070,536,0.57811974750681661
039521,2143,2070,402,0.64720267880657667
039521,2144,2070,475,0.64694626953866929
039521,2145,2070,358,0.60038365780988534
039521,2145,2070,364,0.608177098974645
039521,2146,2070,415,0.61118497924976833
039521,2147,2070,301,0.62312767105099376
039521,2148,2070,638,0.59291408325952166
039521,2148,2070,642,0.59595457500095594
039521,2148,2070,645,0.61006387775551107
039521,2149,2070,423,0.59376169348372265
039521,2149,2070,425,0.61092277162229203
039521,2153,2070,249,0.6419911504424779
039521,2153,2070,250,0.62557250106237305
039521,2154,2070,400,0.62735031110808881
039521,2155,2070,552,0.63521233456619586
039521,2155,2070,557,0.63823296802621177
039521,2155,2070,560,0.61059400152884569
039521,2156,2070,176,0.60816889146836917
039521,2156,2070,177,0.58232931726907633
039521,2156,2070,184,0.61593700273368968
039521,2157,2070,221,0.6525945421803574
039521,2159,2070,273,0.61370836544224672
039521,2159,2070,276,0.63623367340308012
039521,2161,2070,332,0.6454444893157516
039521,2161,2070,333,0.63388580187775434
039521,2161,2070,337,0.60098709187547461
039521,2162,2070,546,0.62864368998628262
039521,2162,2070,548,0.5921720800996455
039521,2162,2070,549,0.62785623121577672
039521,2162,2070,550,0.65608407079646014
039521,2163,2070,277,0.6417634635691658
039521,2163,2070,280,0.62330058549171385
039521,2163,2070,282,0.59970398277717973
039521,2164,2070,525,0.57214369846878677
039521,2164,2070,530,0.63849509269356597
039521,2165,2070,426,0.62801276734775946
039521,2166,2070,250,0.62734220543539199
039521,2167,2070,213,0.63904927824788449
039521,2167,2070,218,0.62811822125813443
039521,2167,2070,221,0.60707380334826688
039521,2168,2070,344,0.57600609482835885
039521,2168,2070,347,0.63764469048817307
039521,2171,2070,445,0.62342611799893866
039521,2172,2070,324,0.64049463647199045
039521,2172,2070,325,0.62611045431514945
039521,2172,2070,327,0.64326452659393563
039521,2172,2070,331,0.57213877158283
039521,2173,2070,468,0.63672005984162605
039521,2175,2070,594,0.595706928636344
039521,2175,2070,596,0.61584349092275537
039521,2176,2070,546,0.62317154998881685
039521,2176,2070,547,0.61264196611431765
039521,2176,2070,549,0.58957027752909574
039521,2177,2070,523,0.60204793188240913
039521,2177,2070,525,0.61141128160795333
039521,2178,2070,431,0.64544077265410471
039521,2179,2070,376,0.63071118037896812
039521,2180,2070,448,0.60253175383825852
039521,2180,2070,455,0.58770649974113998
039521,2180,2070,456,0.64973007303906005
039521,2181,2070,430,0.62265601892931088
039521,2181,2070,431,0.63558418060787725
039521,2181,2070,434,0.60354492036492968
039521,2181,2070,438,0.64004931215152283
039521,2181,2070,440,0.61914098121466354
039521,2181,2070,441,0.60897462957490822
039521,2182,2070,521,0.58956737735458498
039521,2182,2070,525,0.60884760008847605
039521,2183,2070,559,0.6251801523574223
039521,2183,2070,563,0.63787403888535188
039521,2183,2070,564,0.63070539419087135
039521,2184,2070,352,0.63766048502139805
039521,2184,2070,353,0.61866958664111693
039521,2184,2070,354,0.60357639578780053
039521,2184,2070,355,0.61635115870437296
039521,2185,2070,282,0.63820224719101126
039521,2185,2070,290,0.59331100947402815
039521,2186,2070,610,0.60854630392965103
039521,2187,2070,492,0.63078822803045898
039521,2188,2070,212,0.62492422274183768
039521,2188,2070,214,0.63231179752567312
039521,2188,2070,215,0.63494027002191278
039521,2189,2070,327,0.59721492380451913
039521,2190,2070,428,0.59562182194260105
039521,2190,2070,431,0.63383028516945483
039521,2190,2070,432,0.63709442535096406
039521,2190,2070,433,0.61598384304673981
039521,2190,2070,439,0.63892797539186497
039521,2191,2070,486,0.60523676109439317
039521,2191,2070,491,0.61761565836298937
039521,2191,2070,492,0.60980122192582398
039521,2192,2070,353,0.63238201950962303
039521,2192,2070,356,0.65483334323569609
039521,2193,2070,510,0.61225179960384557
039521,2193,2070,511,0.65589515922479291
039521,2193,2070,513,0.59498466534367667
039521,2193,2070,515,0.64836237073995096
039521,2194,2070,458,0.63607881935856214
039521,2196,2070,522,0.63618160651920841
039521,2196,2070,532,0.64058168598045895
039521,2197,2070,428,0.63030595037340398
039521,2197,2070,430,0.59512652296157453
039521,2198,2070,471,0.59156941299425192
039521,2198,2070,473,0.61086600277322578
039521,2198,2070,478,0.63392632852999609
039521,2199,2070,349,0.64956307416535963
039521,2200,2070,445,0.6032805479213017
039521,2201,2070,454,0.63750431068785318
039521,2202,2070,488,0.62507000990909478
039521,2203,2070,507,0.61691675598428009
039521,2204,2070,435,0.64724169012011845
039521,2204,2070,438,0.60536461323927493
039521,2204,2070,441,0.63420505200594357
039521,2204,2070,442,0.60783674061186022
039521,2205,2070,392,0.63483832890687575
039521,2205,2070,395,0.63534020327498586
039521,2205,2070,396,0.61721485957563693
039521,2206,2070,416,0.62509212853773588
039521,2206,2070,417,0.62686202686202686
039521,2206,2070,420,0.62536443148688048
039521,2206,2070,421,0.61882872928176791
039521,2207,2070,363,0.63226813510818192
039521,2207,2070,367,0.62685244448820832
039521,2208,2070,295,0.61498282433767826
039521,2208,2070,296,0.63133468368370338
039521,2209,2070,475,0.60037012113055177
039521,2209,2070,478,0.61677320789611223
039521,2209,2070,481,0.60651629072681701
039521,2210,2070,404,0.57894068872155002
039521,2211,2070,487,0.61275510204081629
039521,2211,2070,490,0.63015640720753685
039521,2212,2070,389,0.64032165308267397
039521,2213,2070,364,0.61163706434316356
039521,2214,2070,307,0.62775587022763935
039521,2214,2070,308,0.62463803832173004
039521,2214,2070,309,0.65102536005009393
039521,2214,2070,313,0.60808942607733929
039521,2215,2070,475,0.6373176232337644
039521,2216,2070,322,0.58857566078785351
039521,2216,2070,325,0.61614849576803821
039521,2216,2070,327,0.58614375745188219
039521,2217,2070,457,0.63627265065318162
039521,2218,2070,262,0.60476065916819255
039521,2219,2070,361,0.60549682079837464
039521,2219,2070,364,0.60701726554030833
039521,2220,2070,601,0.63861841150494458
039521,2220,2070,603,0.63569901372508453
039521,2221,2070,270,0.60394214407260349
039521,2222,2070,510,0.63384378475489778
039521,2222,2070,512,0.59689000297404082
039521,2225,2070,449,0.66192807768268602
039521,2225,2070,452,0.61553719008264463
039521,2225,2070,456,0.58669277297996569
039521,2225,2070,459,0.57902596464184208
039521,2227,2070,540,0.60520113136392206
039521,2228,2070,493,0.61289564031416077
039521,2228,2070,498,0.62149248544870128
039521,2230,2070,280,0.64438074361352327
039521,2230,2070,283,0.60082709231661502
039521,2230,2070,284,0.62702746430449374
039521,2230,2070,285,0.64308213160770533
039521,2230,2070,288,0.60703486814406549
039521,2231,2070,380,0.64204594538918014
039521,2231,2070,382,0.59897754152147931
039521,2231,2070,384,0.6256380451811796
039521,2232,2070,430,0.61797800160141603
039521,2232,2070,432,0.62675577253991754
039521,2232,2070,438,0.59497665571502678
039521,2232,2070,439,0.59526112185686653
039521,2233,2070,232,0.61806892568348093
039521,2233,2070,233,0.62621404125427804
039521,2234,2070,528,0.62248899209183117
039521,2235,2070,423,0.63360763660302832
039521,2236,2070,331,0.59503362229603829
039521,2237,2070,278,0.63241592807768965
039521,2237,2070,280,0.60337194717036824
039521,2237,2070,282,0.59397185203636815
039521,2238,2070,344,0.59293283199453084
039521,2238,2070,345,0.6399886072344062
039521,2238,2070,349,0.59499014916971571
039521,2239,2070,333,0.6401739818109925
039521,2239,2070,337,0.65189446787164329
039521,2240,2070,312,0.64426098359574102
039521,2240,2070,313,0.60115500962508017
039521,2242,2070,595,0.60907220030869491
039521,2242,2070,601,0.56669711290258529
039521,2243,2070,659,0.6108278030038421
039521,2243,2070,660,0.65448149281125723
039521,2243,2070,661,0.62973550075768014
039521,2243,2070,662,0.61661987094231807
039521,2243,2070,663,0.62932218199975032
039521,2244,2070,412,0.64895274046654816
039521,2245,2070,553,0.6233154086171413
039521,2245,2070,556,0.64001638337087852
039521,2246,2070,391,0.59570527974783294
039521,2248,2070,435,0.58317474048442908
039521,2248,2070,442,0.58022750775594623
039521,2249,2070,291,0.58374285023765404
039521,2250,2070,538,0.59218668808162878
039521,2252,2070,472,0.65206352636127918
039521,2252,2070,475,0.6200612910666623
039521,2252,2070,476,0.58402802412202914
039521,2254,2070,187,0.59913562861166414
039521,2256,2070,531,0.61952849452385372
039521,2257,2070,539,0.60234254143646404
039521,2257,2070,546,0.64022596210427207
039521,2258,2070,387,0.59349748983982786
039521,2258,2070,388,0.63058776489404234
039521,2259,2070,474,0.63505197137893465
039521,2259,2070,475,0.62796613886573971
039521,2259,2070,478,0.62550325178073707
039521,2261,2070,247,0.61127557825563617
039521,2262,2070,394,0.64046587520396103
039521,2262,2070,395,0.60817585807944463
039521,2262,2070,396,0.59695512820512819
039521,2262,2070,401,0.63799452365215747
039521,2263,2070,255,0.64449553406268167
039521,2263,2070,258,0.6590447841969963
039521,2264,2070,379,0.58339744887629075
039521,2264,2070,386,0.64619143555231684
039521,2264,2070,387,0.63352961864139301
039521,2265,2070,467,0.60793595137914913
039521,2265,2070,469,0.62510571077531873
039521,2265,2070,470,0.60642135642135642
039521,2266,2070,490,0.64930791921942366
039521,2266,2070,491,0.63574516334774289
039521,2268,2070,372,0.64910333806818177
039521,2268,2070,374,0.63042938694465123
039521,2268,2070,375,0.60115878484184149
039521,2269,2070,294,0.64542992926613618
039521,2270,2070,269,0.63104130052724072
039521,2270,2070,270,0.58785007663369093
039521,2270,2070,274,0.62663194444444448
039521,2270,2070,276,0.59695978939323169
039521,2271,2070,542,0.65187756966651444
039521,2271,2070,543,0.61368371343648431
039521,2272,2070,503,0.59552607621277154
039521,2273,2070,450,0.60634439700684017
039521,2273,2070,452,0.64105216491798434
039521,2274,2070,348,0.62401132295395889
039521,2274,2070,349,0.5986070704399189
039521,2275,2070,432,0.61635482793184093
039521,2275,2070,433,0.610559652108149
039521,2275,2070,439,0.62855651265987988
039521,2276,2070,364,0.62312238912096707
039521,2276,2070,365,0.62349873427358726
039521,2277,2070,543,0.62965495372297209
039521,2277,2070,545,0.63734443107631011
039521,2277,2070,547,0.62591542141133638
039521,2278,2070,362,0.6307916576937731
039521,2278,2070,363,0.63297794117647055
039521,2278,2070,364,0.62342837319632094
039521,2278,2070,368,0.61215608806435917
039521,2279,2070,199,0.59770818267786618
039521,2280,2070,404,0.57493145924238331
039521,2280,2070,406,0.59997611084567604
039521,2281,2070,283,0.63830098864884655
039521,2281,2070,284,0.63381095030136791
039521,2281,2070,290,0.64952588659207278
039521,2282,2070,428,0.62398075907784356
039521,2282,2070,429,0.58067712634186619
039521,2282,2070,430,0.64563539823008853
039521,2283,2070,377,0.59431666896203461
039521,2283,2070,380,0.59598514965338245
039521,2283,2070,382,0.64354033335677618
039521,2283,2070,384,0.61881055413012676
039521,2284,2070,357,0.59991122700918242
039521,2285,2070,139,0.61228438381320915
039521,2285,2070,141,0.59882216471847949
039521,2285,2070,143,0.61075801476773528
039521,2285,2070,146,0.61540481113189593
039521,2286,2070,245,0.60743087557603692
039521,2286,2070,246,0.57464304708914615
039521,2287,2070,384,0.63660194174757279
039521,2288,2070,409,0.60309998138149323
039521,2288,2070,411,0.57080817271900075
039521,2288,2070,413,0.65158043084356754
039521,2288,2070,415,0.63147689324571799
039521,2290,2070,201,0.58749617957686695
039521,2291,2070,446,0.59489222118088092
039521,2291,2070,456,0.62910262433720388
039521,2292,2070,249,0.64395791961398963
039521,2293,2070,480,0.64439062435860595
039521,2293,2070,482,0.60007791954806666
039521,2294,2070,399,0.61725792707539129
039521,2294,2070,400,0.62867829300166733
039521,2295,2070,539,0.63273165978376877
039521,2295,2070,542,0.62916122988390377
039521,2296,2070,520,0.61476801207091658
039521,2296,2070,521,0.59949258391881344
039521,2297,2070,405,0.64251288814290852
039521,2298,2070,575,0.60755721551176101
039521,2298,2070,576,0.63406646721112636
039521,2298,2070,578,0.59317678334071777
039521,2298,2070,580,0.61654873718933345
039521,2299,2070,329,0.61974810114412071
039521,2300,2070,166,0.64197905784601927
039521,2301,2070,397,0.62582192699946326
039521,2302,2070,606,0.63960866597568067
039521,2302,2070,607,0.62090297002631667
039521,2303,2070,455,0.62020535386872022
039521,2303,2070,460,0.6315170233105375
039521,2303,2070,465,0.65479218714512832
039521,2304,2070,417,0.59404864729319329
039521,2304,2070,419,0.63321381245615405
039521,2305,2070,560,0.63824443403856801
039521,2306,2070,500,0.63475752229268989
039521,2307,2070,263,0.59710905672203074
039521,2307,2070,266,0.63650183313958686
039521,2308,2070,306,0.58905963850625054
039521,2309,2070,315,0.60435926343479895
039521,2309,2070,322,0.61550453514739234
039521,2310,2070,345,0.63340951069091822
039521,2310,2070,346,0.6036740868813486
039521,2310,2070,347,0.64177534707614636
039521,2311,2070,274,0.58961890761053937
039521,2312,2070,158,0.62017222899804114
039521,2313,2070,390,0.63966570234651232
039521,2314,2070,331,0.5883771048690507
039521,2316,2070,392,0.57452563584981831
039521,2316,2070,393,0.58780280893580927
039521,2316,2070,397,0.58930068757336906
039521,2318,2070,408,0.60065438264163939
039521,2318,2070,410,0.62089820125638928
039521,2319,2070,507,0.6349709915038787
039521,2319,2070,510,0.65169956301140863
039521,2320,2070,410,0.60589514599046779
039521,2321,2070,371,0.58418214499700416
039521,2321,2070,374,0.61950454927746768
039521,2321,2070,379,0.6087436723423838
039521,2322,2070,429,0.64606420998888792
039521,2322,2070,430,0.6190661478599222
039521,2322,2070,432,0.62733031972811559
039521,2322,2070,433,0.6131025497859669
039521,2323,2070,325,0.60532161036557153
039521,2323,2070,327,0.61310373792524153
039521,2323,2070,329,0.59196628072313628
039521,2324,2070,452,0.61493907671185855
039521,2325,2070,328,0.643693965192496
039521,2325,2070,333,0.57805605247465708
039521,2326,2070,375,0.63814724919093846
039521,2327,2070,501,0.63451603470123796
039521,2327,2070,502,0.65175168249575444
039521,2328,2070,255,0.65265713199379949
039521,2328,2070,257,0.5922741926361631
039521,2329,2070,280,0.61354957333459059
039521,2330,2070,398,0.61132089042327475
039521,2331,2070,366,0.62375524386626557
039521,2331,2070,368,0.63674546335684667
039521,2331,2070,369,0.59363240454949051
039521,2332,2070,431,0.58139782655018113
039521,2332,2070,432,0.64882018733684799
039521,2333,2070,452,0.63766093454578199
039521,2334,2070,482,0.62910195813639436
039521,2334,2070,483,0.62717919829222013
039521,2335,2070,532,0.59241304495220015
039521,2335,2070,533,0.59262103121280763
039521,2336,2070,305,0.61892226204446699
039521,2336,2070,306,0.63527124933733881
039521,2336,2070,307,0.59271805966750168
039521,2337,2070,479,0.58601175047520304
039521,2337,2070,482,0.60755647698026882
039521,2337,2070,484,0.60562203061763153
039521,2337,2070,485,0.62964648135892343
039521,2338,2070,218,0.61592761038468824
039521,2338,2070,222,0.63698027235540833
039521,2338,2070,223,0.58972014498906056
039521,2339,2070,317,0.62204196145401314
039521,2340,2070,547,0.62704511650966788
039521,2340,2070,551,0.60242622706806093
039521,2341,2070,569,0.59299487849310828
039521,2342,2070,401,0.63897663490405954
039521,2344,2070,266,0.57603286656636965
039521,2345,2070,377,0.62807350398580108
039521,2345,2070,378,0.61750924784217021
039521,2345,2070,379,0.61278221766583563
039521,2345,2070,380,0.62564460678985823
039521,2346,2070,237,0.6279745434421693
039521,2346,2070,238,0.63157531885556706
039521,2347,2070,353,0.58843427088642786
039521,2348,2070,319,0.64763812385244535
039521,2348,2070,326,0.61399446546563508
039521,2349,2070,350,0.59351572388277674
039521,2349,2070,351,0.60442594576774089
039521,2349,2070,354,0.63370616686819836
039521,2350,2070,475,0.63449347983578841
039521,2350,2070,480,0.62512368656646089
039521,2350,2070,481,0.63668825776449089
039521,2351,2070,427,0.58239057501755476
039521,2352,2070,507,0.64696975814591995
039521,2352,2070,509,0.62068560350145408
039521,2352,2070,510,0.6160098413953693
039521,2352,2070,512,0.62604041553406242
039521,2353,2070,325,0.57290271190122743
039521,2353,2070,328,0.63127421531496231
039521,2354,2070,454,0.61488231387884607
039521,2355,2070,441,0.58137297498603435
039521,2355,2070,442,0.64043198839312165
039521,2355,2070,446,0.59935814034174695
039521,2355,2070,448,0.63173644079988489
039521,2356,2070,432,0.6228229559051629
039521,2356,2070,434,0.62591075694846343
039521,2357,2070,399,0.61671506444546331
039521,2357,2070,400,0.63242706583167863
039521,2357,2070,402,0.6156737455365533
039521,2358,2070,335,0.6042884990253411
039521,2358,2070,340,0.63305837949716925
039521,2359,2070,535,0.62768119899274899
039521,2359,2070,536,0.6222249668076697
039521,2359,2070,537,0.65542231604605106
039521,2360,2070,470,0.63914570184016362
039521,2361,2070,475,0.63620352250489232
039521,2361,2070,477,0.61539900991783336
039521,2362,2070,311,0.64016977472200354
039521,2362,2070,314,0.61925531055649785
039521,2362,2070,315,0.61902720527617472
039521,2362,2070,320,0.6405637881110543
039521,2363,2070,347,0.65456768558951961
039521,2365,2070,330,0.59820380900803316
039521,2366,2070,374,0.61947796962522372
039521,2366,2070,376,0.63512473545821846
039521,2367,2070,489,0.63998143402014007
039521,2367,2070,497,0.62086637014117196
039521,2368,2070,243,0.63410899473354521
039521,2368,2070,247,0.61317004067084036
039521,2368,2070,249,0.5977926485046462
039521,2369,2070,440,0.64130827611131191
039521,2370,2070,483,0.57500615814106248
039521,2370,2070,484,0.63875531338727409
039521,2370,2070,485,0.60852455907453062
039521,2372,2070,521,0.64557053399021891
039521,2372,2070,529,0.64368434375395522
039521,2372,2070,532,0.62282825708338641
039521,2375,2070,472,0.60416666666666663
039521,2376,2070,212,0.6569447218972061
039521,2376,2070,214,0.62155329066919496
039521,2377,2070,349,0.62851927130382412
039521,2378,2070,465,0.64272463768115939
039521,2378,2070,470,0.61690673650516514
039521,2379,2070,471,0.65489054818662462
039521,2381,2070,457,0.58663664870949583
039521,2381,2070,458,0.61574316290130793
039521,2381,2070,459,0.60330485926340849
039521,2381,2070,462,0.64026694238180282
039521,2384,2070,380,0.59474458821365062
039521,2384,2070,381,0.61379286238596242
039521,2384,2070,386,0.60827856336719111
039521,2384,2070,387,0.60092493229086819
039521,2385,2070,456,0.62314944015246909
039521,2385,2070,461,0.60297755588539559
039521,2385,2070,462,0.66533623926686447
039521,2385,2070,463,0.58478449741245797
039521,2386,2070,460,0.60505724769019942
039521,2386,2070,465,0.62791028633232771
039521,2386,2070,466,0.63533151680290645
039521,2387,2070,397,0.62785336961741633
039521,2387,2070,401,0.65214568735868905
039521,2387,2070,402,0.6196900566393958
039521,2388,2070,425,0.59724687511636854
039521,2388,2070,429,0.57579392277815855
039521,2388,2070,431,0.64115789473684215
039521,2389,2070,477,0.65284914663240967
039521,2389,2070,483,0.62496884088076443
039521,2390,2070,502,0.59542704096815791
039521,2390,2070,506,0.64174508976237177
039521,2391,2070,411,0.62364587224505041
039521,2392,2070,446,0.64250938934483237
039521,2392,2070,452,0.61218577703018406
039521,2392,2070,454,0.61124424544365263
039521,2393,2070,284,0.60952565343659248
039521,2394,2070,371,0.64211951072789253
039521,2395,2070,564,0.64189648856559733
039521,2395,2070,565,0.61064601334109325
039521,2395,2070,567,0.63485497372007005
039521,2397,2070,348,0.61215337776680656
039521,2398,2070,355,0.62925632314080782
039521,2399,2070,428,0.61495760617467021
039521,2399,2070,429,0.65205677171036802
039521,2399,2070,431,0.63591853898834549
039521,2400,2070,351,0.64235383987250916
039521,2400,2070,352,0.63852163461538458
039521,2400,2070,353,0.5988936755971348
039521,2400,2070,354,0.5842973480893715
039521,2400,2070,355,0.62755868787894487
039521,2401,2070,315,0.61138510773547272
039521,2401,2070,317,0.64449036730884612
039521,2401,2070,323,0.60074546006154383
039521,2402,2070,496,0.63003695679877658
039521,2404,2070,460,0.65150892196365429
039521,2406,2070,343,0.63756109481915935
039521,2406,2070,344,0.64030763163084203
039521,2406,2070,349,0.61738459312141236
039521,2410,2070,433,0.61507995445319075
039521,2410,2070,442,0.6383480958589991
039521,2411,2070,318,0.61619111185271702
039521,2412,2070,439,0.59566787003610111
039521,2412,2070,441,0.60555077981088046
039521,2412,2070,443,0.61840933191940617
039521,2414,2070,486,0.62325868725868727
039521,2414,2070,487,0.6018486701944884
039521,2416,2070,231,0.61805488685604237
039521,2416,2070,233,0.62755416051206303
039521,2416,2070,234,0.6165700678438244
039521,2416,2070,236,0.61675999607034093
039521,2417,2070,314,0.60141802260994581
039521,2417,2070,317,0.63113874393989855
039521,2417,2070,318,0.61752828932771242
039521,2417,2070,319,0.59933368402595122
039521,2417,2070,323,0.58888126286890874
039521,2420,2070,444,0.57641479025648112
039521,2420,2070,445,0.60584384618719378
039521,2421,2070,359,0.63011229203440122
039521,2421,2070,360,0.58372538769820526
039521,2421,2070,361,0.59769520797859399
039521,2421,2070,362,0.57964502359020442
039521,2423,2070,529,0.59381118583468118
039521,2424,2070,426,0.61143415710060656
039521,2425,2070,397,0.61674018932083452
039521,2425,2070,398,0.58081439928972112
039521,2425,2070,401,0.61152788779646805
039521,2425,2070,402,0.62555352749781767
039521,2426,2070,300,0.64058787209759205
039521,2427,2070,542,0.64920046978046797
039521,2427,2070,543,0.65848098642627706
039521,2428,2070,419,0.62180600872918346
039521,2428,2070,423,0.61819006577455204
039521,2429,2070,388,0.64524385888328906
039521,2429,2070,389,0.63369657848452432
039521,2430,2070,594,0.6412297214993633
039521,2430,2070,598,0.60286732317706138
039521,2430,2070,599,0.60098604775959219
039521,2433,2070,432,0.61656956650538164
039521,2434,2070,461,0.63375891764597236
039521,2434,2070,463,0.59893015622150625
039521,2436,2070,199,0.62993991155154239
039521,2436,2070,203,0.60424240003195784
039521,2437,2070,335,0.63577266861048709
039521,2438,2070,621,0.65514407194904134
039521,2439,2070,393,0.60602350636630753
039521,2440,2070,561,0.64278449747557298
039521,2441,2070,489,0.59689123128628174
039521,2441,2070,491,0.64219591193592152
039521,2441,2070,496,0.61237176931163229
039521,2442,2070,360,0.63942854674021055
039521,2442,2070,362,0.61277401179681312
039521,2442,2070,364,0.61562478556234135
039521,2443,2070,280,0.60930915289549692
039521,2444,2070,397,0.61718570311421872
039521,2445,2070,408,0.62250991257822574
039521,2445,2070,409,0.62045613761967777
039521,2446,2070,387,0.5928525552803009
039521,2446,2070,389,0.64458461965752623
039521,2447,2070,340,0.59710847400969413
039521,2447,2070,341,0.64968831756080225
039521,2447,2070,343,0.64801094676953264
039521,2447,2070,349,0.6119313272474548
039521,2447,2070,351,0.62748854331004433
039521,2447,2070,352,0.64797785404144781
039521,2448,2070,442,0.62174117386856875
039521,2448,2070,443,0.62670646106228933
039521,2448,2070,446,0.62492958275434707
039521,2449,2070,477,0.61510872001793315
039521,2450,2070,442,0.60044610386461716
039521,2450,2070,443,0.6484833291551767
039521,2450,2070,448,0.59583871909269071
039521,2450,2070,451,0.64160620668387136
039521,2450,2070,453,0.62948207171314741
039521,2452,2070,225,0.64136077774807598
039521,2453,2070,597,0.58299109408887451
039521,2454,2070,423,0.65107051431231089
039521,2454,2070,425,0.62164009111617313
039521,2455,2070,322,0.6383452436528172
039521,2456,2070,583,0.62564125194444142
039521,2456,2070,585,0.61478527888537515
039521,2456,2070,589,0.62419179375602951
039521,2456,2070,592,0.64835388733877042
039521,2458,2070,513,0.59367816091954018
039521,2458,2070,514,0.61648455890102938
039521,2458,2070,517,0.58685958685958683
039521,2458,2070,519,0.60879661882866565
039521,2459,2070,299,0.5987162654996353
039521,2459,2070,301,0.60876576834862384
039521,2460,2070,416,0.59797724399494312
039521,2460,2070,417,0.59692977906856137
039521,2460,2070,419,0.59825870646766166
039521,2460,2070,422,0.64455401165396686
039521,2462,2070,401,0.6041811406555927
039521,2463,2070,376,0.62496296296296294
039521,2463,2070,378,0.6286093797895167
039521,2463,2070,381,0.63057164442205993
039521,2463,2070,382,0.62078197848866734
039521,2463,2070,385,0.64409589390461619
039521,2464,2070,457,0.60776566757493189
039521,2464,2070,458,0.57274818082419032
039521,2464,2070,463,0.61320537428023036
039521,2464,2070,465,0.58444951275139956
039521,2465,2070,481,0.63712579292948024
039521,2466,2070,480,0.59129656465774438
039521,2466,2070,489,0.63706391647568117
039521,2468,2070,371,0.61406177962194564
039521,2469,2070,266,0.65250010779424239
039521,2469,2070,268,0.6348227483098694
039521,2470,2070,428,0.63065107348577409
039521,2471,2070,436,0.64356890459363958
039521,2471,2070,437,0.63401764542522054
039521,2473,2070,362,0.64690070260216159
039521,2473,2070,366,0.63164667303142252
039521,2474,2070,489,0.60740822279707196
039521,2474,2070,491,0.61987956625569884
039521,2475,2070,483,0.6010966630111233
039521,2476,2070,237,0.59501227877042928
039521,2477,2070,578,0.63500618609479653
039521,2478,2070,400,0.61127441684050821
039521,2478,2070,401,0.62903418837515457
039521,2479,2070,283,0.60131708115183247
039521,2480,2070,346,0.6195039059734252
039521,2482,2070,304,0.61255666364460559
039521,2482,2070,307,0.63286826735885793
039521,2483,2070,312,0.61838051929001026
039521,2483,2070,317,0.62796413856518896
039521,2484,2070,452,0.61345491388044582
039521,2485,2070,286,0.6316455696202532
039521,2486,2070,474,0.59419775014801657
039521,2486,2070,477,0.61671993027309702
039521,2486,2070,479,0.61868833430063841
039521,2487,2070,396,0.61485276868942529
039521,2487,2070,397,0.61407536155839049
039521,2487,2070,400,0.58667558864121117
039521,2487,2070,403,0.58997990879229523
039521,2488,2070,295,0.6090128542359422
039521,2488,2070,300,0.6426263531520483
039521,2489,2070,345,0.6261574653386055
039521,2490,2070,381,0.64993334444259288
039521,2491,2070,356,0.53657553324048968
039521,2492,2070,295,0.62186788154897499
039521,2492,2070,298,0.63645932534710037
039521,2492,2070,299,0.58578486922623629
039521,2492,2070,303,0.60685169918475768
039521,2493,2070,389,0.60140453410001415
039521,2495,2070,243,0.63744654856444716
039521,2496,2070,469,0.62323742378048785
039521,2496,2070,472,0.62101455036972253
039521,2498,2070,366,0.5692055692055692
039521,2499,2070,218,0.54956059677089719
039521,2500,2070,421,0.61198784265591211
039521,2501,2070,241,0.64650357644445899
039521,2502,2070,206,0.63262756297271372
039521,2503,2070,336,0.63629468407861756
039521,2504,2070,342,0.59891083545835677
039521,2504,2070,344,0.60658358463830253
039521,2505,2070,482,0.62327317504906299
039521,2505,2070,483,0.62757128556204989
039521,2505,2070,486,0.59660447431249453
039521,2505,2070,487,0.60265160173725629
039521,2506,2070,510,0.61755512616503749
039521,2506,2070,511,0.62302863607124637
039521,2506,2070,513,0.63731264746320848
039521,2506,2070,516,0.64376197572918881
039521,2506,2070,518,0.62526501766784448
039521,2506,2070,520,0.61457557298742271
039521,2507,2070,261,0.63408435560334298
039521,2507,2070,263,0.641178624835963
039521,2510,2070,451,0.54962428875472358
039521,2510,2070,457,0.58741134119827498
039521,2510,2070,458,0.61905749390844522
039521,2510,2070,459,0.6491889098214435
039521,2510,2070,461,0.63749999999999996
039521,2511,2070,422,0.62999160866775261
039521,2511,2070,424,0.58284159866080765
039521,2512,2070,420,0.60377930476960384
039521,2513,2070,350,0.6333689113137978
039521,2514,2070,383,0.64798572059190451
039521,2515,2070,486,0.60175108419932899
039521,2516,2070,495,0.60475858782124137
039521,2516,2070,499,0.6254743232987604
039521,2517,2070,497,0.61766629477166934
039521,2517,2070,499,0.59731785872945353
039521,2517,2070,504,0.6245900057881536
039521,2518,2070,306,0.62384962406015032
039521,2518,2070,308,0.63649733868708558
039521,2519,2070,267,0.60223929076388094
039521,2521,2070,182,0.63352598653592229
039521,2521,2070,185,0.60905654495148276
039521,2521,2070,186,0.63790814972126364
039521,2521,2070,187,0.63130164052209314
039521,2522,2070,604,0.60822147651006708
039521,2522,2070,606,0.58784462795473413
039521,2523,2070,248,0.5300914634146342
039521,2523,2070,249,0.61736082627987621
039521,2523,2070,250,0.6213988198542173
039521,2523,2070,251,0.65180963453470153
039521,2523,2070,252,0.62186793255558792
039521,2524,2070,533,0.63645021476744867
039521,2524,2070,543,0.6361560517404673
039521,2525,2070,200,0.6409241314110139
039521,2525,2070,205,0.64222932481022776
039521,2526,2070,493,0.62548837209302321
039521,2526,2070,494,0.63523284623552612
039521,2527,2070,333,0.61152173913043473
039521,2527,2070,335,0.63043595215465453
039521,2528,2070,304,0.6315805810777253
039521,2529,2070,523,0.60317698937662856
039521,2529,2070,526,0.63446635187254441
039521,2531,2070,278,0.6445288421387525
039521,2532,2070,397,0.6366673819084695
039521,2532,2070,401,0.57914807302231242
039521,2532,2070,405,0.60434134525805849
039521,2535,2070,357,0.61317916093535074
039521,2535,2070,360,0.61885819199160697
039521,2535,2070,363,0.61144085619479371
039521,2536,2070,419,0.63758034692260279
039521,2536,2070,421,0.62281830141792138
039521,2536,2070,422,0.63458480791916705
039521,2537,2070,381,0.62935159988739797
039521,2538,2070,459,0.6247121204006213
039521,2539,2070,516,0.62361033351995521
039521,2539,2070,519,0.59572436695724362
039521,2540,2070,448,0.61106245368187029
039521,2540,2070,452,0.61568065873086908
039521,2541,2070,447,0.60228549293046674
039521,2542,2070,496,0.63671174841127587
039521,2544,2070,453,0.62069772202239959
039521,2545,2070,372,0.60365128785734501
039521,2545,2070,374,0.59467509852442491
039521,2546,2070,464,0.6302856366538736
039521,2546,2070,472,0.64577007599268588
039521,2547,2070,493,0.60022138179134765
039521,2547,2070,496,0.63650808062465958
039521,2547,2070,498,0.64100599450128448
039521,2547,2070,499,0.61781373632248637
039521,2548,2070,352,0.63513593119495748
039521,2548,2070,355,0.62076478310661709
039521,2549,2070,351,0.57502351834430854
039521,2549,2070,352,0.62510540436949025
039521,2550,2070,379,0.6105839416058394
039521,2551,2070,177,0.63209971150378652
039521,2551,2070,181,0.60478867374557566
039521,2552,2070,365,0.63901546276238141
039521,2552,2070,368,0.5965477263944351
039521,2553,2070,343,0.62026897428463101
039521,2553,2070,347,0.63316840509940264
039521,2554,2070,383,0.61544028950542817
039521,2554,2070,384,0.61531041401396769
039521,2554,2070,388,0.60539885928588166
039521,2555,2070,315,0.59788088125466765
039521,2555,2070,317,0.63356393662128985
039521,2555,2070,320,0.60846699973704965
039521,2556,2070,383,0.61762192426698104
039521,2556,2070,385,0.61482475168398221
039521,2557,2070,332,0.59898381633421149
039521,2557,2070,333,0.6287798911897432
039521,2557,2070,334,0.64685416507012028
039521,2557,2070,340,0.6327442662371543
039521,2558,2070,472,0.62860158723953241
039521,2558,2070,480,0.58181882096530391
039521,2558,2070,483,0.60932613809326142
039521,2558,2070,484,0.64202575984237609
039521,2558,2070,486,0.61707162476230726
039521,2559,2070,259,0.63406940063091488
039521,2559,2070,260,0.62762683548755827
039521,2560,2070,447,0.63141353983991111
039521,2560,2070,448,0.59827463868245134
039521,2560,2070,453,0.62113376179955815
039521,2561,2070,449,0.65168430718669956
039521,2562,2070,303,0.64492557102392578
039521,2562,2070,307,0.64389055472263867
039521,2563,2070,380,0.62875001117738061
039521,2563,2070,386,0.58672838274609951
039521,2563,2070,387,0.61733583860759489
039521,2564,2070,312,0.63743545075592611
039521,2564,2070,314,0.61730628418831024
039521,2564,2070,317,0.64370638407857328
039521,2566,2070,439,0.63155554143769255
039521,2566,2070,441,0.63748635915999041
039521,2566,2070,442,0.64658197217180879
039521,2568,2070,540,0.64538145883929321
039521,2568,2070,541,0.65275531782560015
039521,2568,2070,542,0.58361154086257905
039521,2568,2070,543,0.5928261403652445
039521,2568,2070,546,0.57163871726978521
039521,2568,2070,547,0.63087428224771092
039521,2569,2070,430,0.64280105066478921
039521,2570,2070,423,0.64332196391706309
039521,2570,2070,430,0.64624678208044462
039521,2571,2070,319,0.61948745328350241
039521,2572,2070,366,0.60595082838236003
039521,2572,2070,367,0.59435461258061506
039521,2573,2070,496,0.61504925829464385
039521,2574,2070,463,0.62149348083761358
039521,2574,2070,465,0.59882126176884864
039521,2574,2070,466,0.56565219273561629
039521,2574,2070,467,0.61027427506010501
039521,2574,2070,470,0.61015295770251288
039521,2574,2070,473,0.64907075229951716
039521,2575,2070,274,0.61389946971394427
039521,2575,2070,277,0.60753963300461866
039521,2575,2070,280,0.64698791307702197
039521,2576,2070,520,0.62895975884651811
039521,2576,2070,526,0.63012479983732816
039521,2577,2070,573,0.63522963522963527
039521,2577,2070,575,0.63251239808355042
039521,2578,2070,517,0.62111952472547538
039521,2579,2070,479,0.61182964000329521
039521,2579,2070,481,0.60724090597117364
039521,2580,2070,582,0.61169755258425207
039521,2580,2070,583,0.63254180911022817
039521,2581,2070,300,0.59717459882046353
039521,2581,2070,302,0.58613917745837485
039521,2582,2070,303,0.60819291902585437
039521,2582,2070,304,0.64663343396756301
039521,2582,2070,306,0.65109409615608849
039521,2582,2070,307,0.6484570475396163
039521,2582,2070,308,0.6440896599427941
039521,2583,2070,348,0.61187365635852486
039521,2583,2070,354,0.60602927572509113
039521,2585,2070,302,0.59510492853386876
039521,2585,2070,303,0.63836477987421381
039521,2585,2070,305,0.58319643276226241
039521,2585,2070,308,0.62052601232979998
039521,2586,2070,441,0.59652866695120221
039521,2587,2070,301,0.65804635761589403
039521,2587,2070,302,0.63197751133038838
039521,2588,2070,458,0.63274322320047971
039521,2588,2070,461,0.59962597198070799
039521,2588,2070,463,0.6278894472361809
039521,2590,2070,487,0.65103547308667464
039521,2591,2070,421,0.64209703824973952
039521,2593,2070,591,0.63424242424242427
039521,2593,2070,592,0.59916508832283255
039521,2593,2070,593,0.59882771924617895
039521,2594,2070,358,0.6138182839488836
039521,2595,2070,329,0.60158716614045571
039521,2595,2070,332,0.63078604695371165
039521,2595,2070,335,0.64842282531252027
039521,2596,2070,417,0.60854351946347862
039521,2596,2070,421,0.5949212128821646
039521,2599,2070,337,0.60823056181761925
039521,2599,2070,340,0.60874150951356365
039521,2600,2070,436,0.64870514458251072
039521,2600,2070,439,0.62702977856961062
039521,2600,2070,440,0.61782903529178834
039521,2600,2070,442,0.58635580678813171
039521,2602,2070,491,0.61260158366326323
039521,2602,2070,493,0.60010837171498244
039521,2604,2070,482,0.6225922556658624
039521,2605,2070,337,0.60563442768411713
039521,2606,2070,252,0.60628245509491785
039521,2606,2070,254,0.64217457069134265
039521,2607,2070,534,0.64397987830077097
039521,2607,2070,535,0.60857668538000664
039521,2608,2070,325,0.6231857295859955
039521,2608,2070,329,0.63056496912863846
039521,2608,2070,331,0.5956868511339839
039521,2608,2070,333,0.61492641906096701
039521,2608,2070,336,0.61528255731995518
039521,2609,2070,220,0.63649013669476961
039521,2609,2070,223,0.6335695135963233
039521,2609,2070,225,0.60520517763701465
039521,2610,2070,190,0.59540229885057472
039521,2610,2070,191,0.63281156239820324
039521,2611,2070,449,0.63596789552441846
039521,2613,2070,447,0.57657231351630389
039521,2613,2070,450,0.58724254963038724
039521,2613,2070,451,0.63469144498022434
039521,2614,2070,417,0.62759968497506058
039521,2614,2070,420,0.61813899644724757
039521,2614,2070,421,0.63841848971582238
039521,2614,2070,422,0.63202890886656093
039521,2616,2070,398,0.63685827117156646
039521,2617,2070,284,0.56504504504504505
039521,2618,2070,563,0.6312533731888571
039521,2618,2070,567,0.6271280907985407
039521,2621,2070,400,0.64271183233192974
039521,2621,2070,404,0.61345942589673785
039521,2621,2070,405,0.64490260075910855
039521,2622,2070,461,0.62888309224567229
039521,2622,2070,462,0.58841476156643124
039521,2622,2070,463,0.61648824074854591
039521,2622,2070,466,0.59551629144105633
039521,2623,2070,461,0.63734740063111595
039521,2624,2070,519,0.62744408805307794
039521,2624,2070,520,0.62110107983713936
039521,2625,2070,423,0.60344253720698016
039521,2626,2070,586,0.58299476150135721
039521,2626,2070,592,0.62956549118387906
039521,2626,2070,593,0.5874524714828897
039521,2627,2070,446,0.6232215563383503
039521,2627,2070,448,0.64924804873405673
039521,2628,2070,404,0.62610846353381189
039521,2629,2070,303,0.64822852290418453
039521,2629,2070,305,0.59435648090429294
039521,2630,2070,252,0.60139097744360903
039521,2630,2070,254,0.64519206160861775
039521,2630,2070,258,0.63147390965732086
039521,2630,2070,262,0.63074069336062433
039521,2631,2070,516,0.63912674862229757
039521,2631,2070,518,0.63154936773534298
039521,2632,2070,507,0.59594735742636307
039521,2633,2070,527,0.64528630795810049
039521,2633,2070,528,0.63100490898324835
039521,2633,2070,529,0.57504194089559946
039521,2633,2070,530,0.61112380455005388
039521,2633,2070,531,0.60081262905481914
039521,2633,2070,532,0.51525296348170668
039521,2633,2070,534,0.62905438510534051
039521,2634,2070,417,0.60402529658865345
039521,2634,2070,422,0.54084011909459406
039521,2635,2070,441,0.63557885000770775
039521,2635,2070,442,0.62997337092731831
039521,2636,2070,448,0.62024082145231585
039521,2636,2070,451,0.64953727955299456
039521,2636,2070,456,0.62637858318861495
039521,2636,2070,457,0.64413109184922435
039521,2637,2070,399,0.63102252308720908
039521,2639,2070,313,0.62710593805484316
039521,2639,2070,314,0.64072284845231708
039521,2640,2070,458,0.6222388730705829
039521,2640,2070,460,0.63994334277620402
039521,2640,2070,461,0.5961113566062749
039521,2641,2070,369,0.59430277969216627
039521,2641,2070,373,0.60811246831067067
039521,2642,2070,393,0.61248380751331377
039521,2642,2070,400,0.62998286061812347
039521,2642,2070,401,0.61652141957160855
039521,2643,2070,483,0.59791270809109209
039521,2643,2070,489,0.63323472437042927
039521,2644,2070,181,0.61852594764182478
039521,2645,2070,522,0.63610708110578928
039521,2645,2070,526,0.58088334608977532
039521,2645,2070,527,0.61147049016338784
039521,2646,2070,271,0.62286887786732792
039521,2647,2070,531,0.61363464017593083
039521,2648,2070,519,0.65434654050857477
039521,2649,2070,181,0.57749632402085282
039521,2649,2070,184,0.60090753886243153
039521,2649,2070,185,0.62090855882220519
039521,2649,2070,186,0.59646544723307171
039521,2650,2070,490,0.59653900946953831
039521,2650,2070,494,0.63860157630382564
039521,2650,2070,495,0.62329648865805476
039521,2651,2070,577,0.62132600944396266
039521,2651,2070,581,0.62606108578759179
039521,2651,2070,588,0.63448210386404635
039521,2651,2070,589,0.64330966794714506
039521,2651,2070,590,0.61318510858324715
039521,2652,2070,264,0.61217448153125342
039521,2652,2070,266,0.64038446810140159
039521,2652,2070,267,0.61363552197903937
039521,2652,2070,270,0.61682511063760037
039521,2652,2070,275,0.65237801697567455
039521,2653,2070,391,0.6054132266575879
039521,2654,2070,484,0.64016575857570412
039521,2654,2070,486,0.60813729841692554
039521,2655,2070,520,0.65429434613724646
039521,2655,2070,522,0.58360855829982772
039521,2655,2070,525,0.5973231100349744
039521,2656,2070,330,0.62285583811399381
039521,2657,2070,500,0.62953866708582207
039521,2658,2070,383,0.6374664657282415
039521,2658,2070,385,0.61412078152753113
039521,2659,2070,283,0.6085634789777411
039521,2659,2070,284,0.62226434197049785
039521,2659,2070,285,0.58440909469476143
039521,2659,2070,289,0.636251393978015
039521,2660,2070,377,0.58914635610517474
039521,2661,2070,509,0.62665508253692437
039521,2661,2070,512,0.63822081498991567
039521,2662,2070,542,0.62418528864059586
039521,2662,2070,546,0.62211703958691911
039521,2662,2070,549,0.57143353122938578
039521,2663,2070,400,0.60559968998256153
039521,2663,2070,404,0.62037171132029933
039521,2664,2070,508,0.58995101911834413
039521,2664,2070,509,0.62373897707231041
039521,2664,2070,510,0.58646888567293776
039521,2664,2070,512,0.65684505008573235
039521,2664,2070,514,0.59800849821880764
039521,2665,2070,370,0.58701859460965244
039521,2665,2070,371,0.62430309173846932
039521,2665,2070,372,0.62111193398222597
039521,2666,2070,417,0.6132093690512318
039521,2666,2070,418,0.6049099986259332
039521,2667,2070,634,0.5748945876823115
039521,2668,2070,619,0.62443137690003325
039521,2668,2070,623,0.60090648854961837
039521,2670,2070,548,0.62046053034478532
039521,2671,2070,440,0.63382356126405159
039521,2671,2070,441,0.58114519235285833
039521,2672,2070,263,0.6277713388417393
039521,2673,2070,448,0.60797177693878812
039521,2673,2070,451,0.64506945373254099
039521,2673,2070,452,0.59030756925761652
039521,2673,2070,453,0.64203481581728183
039521,2674,2070,242,0.61728552592403552
039521,2675,2070,295,0.64846384931532097
039521,2675,2070,298,0.64126893897986403
039521,2675,2070,300,0.57781315048365378
039521,2676,2070,526,0.62601554992574471
039521,2676,2070,529,0.60815494821754934
039521,2677,2070,645,0.60431031086245612
039521,2677,2070,646,0.59175934366453964
039521,2677,2070,651,0.62245688819996126
039521,2678,2070,464,0.63804238143289604
039521,2679,2070,240,0.64858520862771663
039521,2679,2070,242,0.57981457683128323
039521,2679,2070,243,0.61275969847398415
039521,2680,2070,265,0.63656461166263456
039521,2681,2070,307,0.6561328790459966
039521,2682,2070,481,0.64358999900388481
039521,2682,2070,487,0.58486562942008491
039521,2683,2070,506,0.62593651038850695
039521,2683,2070,513,0.58774725789819071
039521,2684,2070,526,0.64014152906896071
039521,2684,2070,527,0.60532708658684709
039521,2686,2070,571,0.64556566662727288
039521,2686,2070,572,0.59281571730432048
039521,2688,2070,489,0.62046777081468218
039521,2688,2070,491,0.62100988700564974
039521,2688,2070,493,0.60722989439480102
039521,2689,2070,496,0.63315182980878815
039521,2691,2070,426,0.63485170470294738
039521,2693,2070,363,0.6246208742194469
039521,2693,2070,368,0.62912478664896643
039521,2693,2070,369,0.5936810154525386
039521,2693,2070,370,0.59147940074906369
039521,2695,2070,304,0.6065377156272328
039521,2696,2070,418,0.5799303577081355
039521,2697,2070,464,0.61184170097707857
039521,2697,2070,465,0.61992016544029238
039521,2697,2070,467,0.60199209746460325
039521,2697,2070,469,0.61730299524360455
039521,2698,2070,488,0.6192420897718911
039521,2698,2070,489,0.64440230799029508
039521,2699,2070,350,0.61874926114197892
039521,2699,2070,354,0.62539582013932871
039521,2699,2070,357,0.61103187399231051
039521,2700,2070,384,0.59815792197040252
039521,2700,2070,388,0.61689760996931087
039521,2700,2070,391,0.63292082898464286
039521,2701,2070,492,0.62094752312613466
039521,2701,2070,495,0.59397340660876041
039521,2702,2070,417,0.59972629658221632
039521,2702,2070,420,0.63878502871680221
039521,2703,2070,562,0.63718618224468704
039521,2703,2070,565,0.62332142695663972
039521,2703,2070,568,0.59217120411756741
039521,2704,2070,413,0.63703267589049162
039521,2704,2070,416,0.6232936494082324
039521,2704,2070,420,0.63275785252840278
039521,2704,2070,421,0.64149466192170823
039521,2705,2070,441,0.63967248570987179
039521,2707,2070,312,0.63877711733675657
039521,2708,2070,329,0.62681661457158511
039521,2708,2070,331,0.64605335449606249
039521,2708,2070,334,0.60825884028162325
039521,2708,2070,336,0.60133288717862921
039521,2709,2070,520,0.64161952257988208
039521,2709,2070,521,0.65377768453861596
039521,2709,2070,522,0.61512714425177817
039521,2709,2070,526,0.59620736264609997
039521,2710,2070,554,0.63561793224437546
039521,2710,2070,555,0.60155913205920386
039521,2710,2070,558,0.60663570006635703
039521,2711,2070,199,0.63262872474837095
039521,2711,2070,202,0.6255008541699022
039521,2711,2070,207,0.60095938859303222
039521,2712,2070,452,0.58437459910198841
039521,2712,2070,459,0.60607853912161302
039521,2714,2070,461,0.64188983823579071
039521,2714,2070,462,0.63643688811893151
039521,2714,2070,466,0.63395912052601822
039521,2716,2070,428,0.65574465828959227
039521,2717,2070,356,0.63907156673114118
039521,2717,2070,365,0.64736709498614264
039521,2718,2070,328,0.64360957397159813
039521,2718,2070,330,0.64291636186296031
039521,2718,2070,331,0.63744909549270024
039521,2719,2070,277,0.60052687038988406
039521,2719,2070,279,0.64121481631209254
039521,2719,2070,284,0.62913141396311401
039521,2719,2070,285,0.5910298120974703
039521,2720,2070,352,0.65784543466605627
039521,2722,2070,609,0.64040683409912125
039521,2722,2070,613,0.58745451394905557
039521,2722,2070,614,0.61908545548448612
039521,2722,2070,618,0.60544257327661555
039521,2723,2070,237,0.63543050356237174
039521,2724,2070,229,0.57586884126035354
039521,2724,2070,231,0.62454245424542454
039521,2724,2070,233,0.60328837508028255
039521,2724,2070,238,0.62858476724022938
039521,2724,2070,242,0.63315194642109673
039521,2724,2070,244,0.62064454750862175
039521,2726,2070,427,0.65325449476011921
039521,2727,2070,347,0.62088888888888893
039521,2727,2070,351,0.61221489091878178
039521,2729,2070,316,0.60352745424292842
039521,2729,2070,318,0.63796818411039291
039521,2729,2070,319,0.61585008783915673
039521,2729,2070,323,0.60207135730913586
039521,2730,2070,507,0.60461166079239037
039521,2730,2070,509,0.59103189644743737
039521,2730,2070,511,0.62285308729595457
039521,2730,2070,513,0.60806848833118332
039521,2731,2070,321,0.64620803978450059
039521,2732,2070,243,0.61314272688788307
039521,2732,2070,248,0.6446567044962892
039521,2733,2070,303,0.60802445252650317
039521,2733,2070,306,0.65291610097883779
039521,2733,2070,308,0.5561792331446217
039521,2734,2070,415,0.59692466536376709
039521,2734,2070,420,0.59439092880247402
039521,2735,2070,411,0.6430124128964102
039521,2735,2070,413,0.61629490306717216
039521,2736,2070,449,0.64679810982564767
039521,2736,2070,455,0.61292831328057096
039521,2737,2070,382,0.64440757638600854
039521,2737,2070,386,0.62718463784788281
039521,2738,2070,491,0.61421360467911224
039521,2739,2070,249,0.63701288912338883
039521,2740,2070,322,0.63901469675015521
039521,2740,2070,325,0.60331970170796245
039521,2741,2070,471,0.62712359441172172
039521,2741,2070,475,0.6531452087007642
039521,2742,2070,179,0.65147373425243638
039521,2744,2070,571,0.61238873530394633
039521,2744,2070,572,0.593851270680539
039521,2745,2070,262,0.60548312751539335
039521,2745,2070,265,0.60806007286945707
039521,2746,2070,374,0.58624176397677608
039521,2746,2070,376,0.58123513491347489
039521,2746,2070,377,0.60579285059578369
039521,2747,2070,490,0.64201828900338853
039521,2747,2070,493,0.61720053835800803
039521,2749,2070,383,0.63374651289867989
039521,2749,2070,384,0.60812484518206589
039521,2751,2070,419,0.63151340996168581
039521,2751,2070,423,0.58599970510173993
039521,2752,2070,508,0.59881300380901759
039521,2752,2070,509,0.61813039658903435
039521,2753,2070,279,0.62909713751849061
039521,2754,2070,411,0.62989459887499322
039521,2754,2070,413,0.59606677338211755
039521,2755,2070,395,0.64177218326436558
039521,2755,2070,403,0.5878482123272647
039521,2756,2070,271,0.62613099257258609
039521,2756,2070,273,0.63040820351015581
039521,2756,2070,274,0.64323727677691489
039521,2757,2070,479,0.63383992203203998
039521,2758,2070,292,0.61562499999999998
039521,2760,2070,243,0.64088226615520805
039521,2760,2070,245,0.60314072267113894
039521,2760,2070,248,0.62579281183932345
039521,2760,2070,249,0.61416302835484338
039521,2761,2070,340,0.63864455659697184
039521,2761,2070,342,0.60688109976075644
039521,2761,2070,345,0.64075716702482743
039521,2762,2070,477,0.61408121530820914
039521,2762,2070,479,0.62356089678852755
039521,2763,2070,533,0.56631903294619579
039521,2763,2070,545,0.60359754182927372
039521,2763,2070,546,0.63388079408835041
039521,2764,2070,433,0.61777256740914421
039521,2765,2070,347,0.62353706111833551
039521,2765,2070,348,0.61989337152860668
039521,2766,2070,495,0.63219002375296907
039521,2766,2070,497,0.6244343891402715
039521,2766,2070,501,0.59458335259047002
039521,2767,2070,372,0.61411847267855435
039521,2767,2070,373,0.62785545490350536
039521,2767,2070,374,0.59916892333551219
039521,2767,2070,375,0.63471994759253192
039521,2768,2070,442,0.64109690568834543
039521,2768,2070,443,0.62366484690244484
039521,2768,2070,445,0.62418462146669307
039521,2770,2070,360,0.63315355329949241
039521,2771,2070,287,0.59641823444283648
039521,2771,2070,288,0.64377310990480685
039521,2772,2070,431,0.64773580185138857
039521,2772,2070,433,0.63499377908852128
039521,2772,2070,438,0.6339961288052085
039521,2772,2070,439,0.63760342368045653
039521,2774,2070,426,0.61178646133325254
039521,2774,2070,428,0.62642778305397984
039521,2774,2070,430,0.64093538321028998
039521,2775,2070,520,0.63721718037723218
039521,2776,2070,281,0.61794731565035088
039521,2776,2070,283,0.65965077061008415
039521,2778,2070,290,0.62154239326518346
039521,2778,2070,293,0.61647274466050361
039521,2778,2070,294,0.6475697684281958
039521,2779,2070,535,0.62760616117777213
039521,2779,2070,540,0.64232302529336249
039521,2780,2070,501,0.62029181014590506
039521,2781,2070,488,0.6042196351309157
039521,2781,2070,492,0.59887374520525583
039521,2782,2070,346,0.63712216624685136
039521,2782,2070,347,0.62573392735963174
039521,2782,2070,349,0.64039039039039036
039521,2782,2070,351,0.59668094539136685
039521,2783,2070,275,0.60805056845616956
039521,2783,2070,280,0.6003332432675853
039521,2784,2070,325,0.62055574732481877
039521,2784,2070,327,0.59786711966779915
039521,2784,2070,332,0.5993561603745976
039521,2785,2070,521,0.62816222727881144
039521,2785,2070,523,0.61137710898312814
039521,2785,2070,524,0.63589042304468657
039521,2785,2070,528,0.60308408230302479
039521,2786,2070,416,0.5922590402859893
039521,2787,2070,455,0.64065030712342996
039521,2788,2070,331,0.62762908089193314
039521,2789,2070,489,0.53230019664817585
039521,2789,2070,492,0.62046220510351469
039521,2789,2070,494,0.61353240700785361
039521,2789,2070,495,0.64845260116808345
039521,2789,2070,497,0.64351489617815227
039521,2790,2070,347,0.62881863882443934
039521,2791,2070,566,0.5787298825576338
039521,2791,2070,576,0.59724532002899666
039521,2792,2070,357,0.62427212269704391
039521,2793,2070,477,0.60543076160329512
039521,2793,2070,479,0.64374403056351481
039521,2793,2070,480,0.6096941811114196
039521,2793,2070,482,0.59948853694647586
039521,2794,2070,403,0.61008482969469924
039521,2794,2070,404,0.58754750073078044
039521,2795,2070,474,0.62407398669371961
039521,2796,2070,342,0.61577961279578097
039521,2797,2070,415,0.62985165231247864
039521,2800,2070,468,0.6293811963291932
039521,2801,2070,322,0.62006779071788631
039521,2801,2070,325,0.64106304026082661
039521,2801,2070,326,0.59112886272861043
039521,2802,2070,371,0.6322941043255077
039521,2804,2070,326,0.63437047904313626
039521,2805,2070,294,0.62668463611859837
039521,2806,2070,365,0.626585600559881
039521,2806,2070,367,0.61141943373153984
039521,2807,2070,550,0.64395287662670264
039521,2807,2070,551,0.62209647989831274
039521,2807,2070,552,0.6198603304377448
039521,2807,2070,553,0.61171756252590848
039521,2808,2070,180,0.64913001330857834
039521,2809,2070,341,0.6092363663362661
039521,2809,2070,343,0.50046153228719348
039521,2809,2070,344,0.62454388810054728
039521,2811,2070,213,0.59973519954605636
039521,2812,2070,421,0.59745493107104986
039521,2812,2070,426,0.64798275331074839
039521,2813,2070,463,0.59297972497127394
039521,2813,2070,467,0.58773181169757494
039521,2814,2070,445,0.60397557941031799
039521,2814,2070,448,0.58730620860324623
039521,2814,2070,453,0.6226298824421691
039521,2815,2070,425,0.58194206621004563
039521,2816,2070,564,0.60218731716098839
039521,2816,2070,565,0.61242507318433159
039521,2817,2070,320,0.61015494421104932
039521,2818,2070,271,0.64123711340206191
039521,2818,2070,272,0.62126021744306004
039521,2818,2070,273,0.6105587932807679
039521,2819,2070,130,0.62516230438050979
039521,2820,2070,378,0.64725990317241811
039521,2820,2070,383,0.62984185837476481
039521,2821,2070,166,0.63128441195053708
039521,2821,2070,170,0.62647754137115841
039521,2823,2070,476,0.60832697022063253
039521,2823,2070,481,0.57663771263119801
039521,2823,2070,482,0.5800129725722758
039521,2824,2070,476,0.62064758806486042
039521,2824,2070,477,0.62710080084220021
039521,2825,2070,356,0.60644014908555088
039521,2826,2070,523,0.54170468369829683
039521,2826,2070,525,0.6374683795446654
039521,2828,2070,159,0.60716915456188503
039521,2828,2070,165,0.6303611638091523
039521,2829,2070,604,0.62823035550308282
039521,2829,2070,606,0.61980930142050983
039521,2829,2070,608,0.62104084753167321
039521,2831,2070,436,0.66327785521029758
039521,2831,2070,437,0.62573047895926937
039521,2833,2070,425,0.58615920042834191
039521,2833,2070,426,0.61895023858214038
039521,2833,2070,427,0.62165885111371633
039521,2833,2070,430,0.61804395321938055
039521,2833,2070,432,0.65324961692267447
039521,2833,2070,435,0.63954307174712466
039521,2835,2070,313,0.6142676767676768
039521,2836,2070,410,0.60907431353160413
039521,2837,2070,433,0.58978237122930843
039521,2838,2070,286,0.55543300498231474
039521,2838,2070,292,0.59005960650741718
039521,2838,2070,296,0.61974110032362462
039521,2840,2070,511,0.59498790943064406
039521,2841,2070,370,0.64713036057179429
039521,2842,2070,228,0.64104614780205138
039521,2842,2070,230,0.59494155968576357
039521,2842,2070,231,0.62014433357091947
039521,2842,2070,233,0.5913261856466725
039521,2843,2070,567,0.6053235169191562
039521,2843,2070,573,0.62561771703983893
039521,2844,2070,288,0.61859582542694502
039521,2845,2070,415,0.63598234873181203
039521,2846,2070,285,0.5884957731359306
039521,2847,2070,419,0.62204062929586068
039521,2847,2070,422,0.64812161731932505
039521,2847,2070,428,0.63077653969076619
039521,2848,2070,244,0.62810275158745432
039521,2848,2070,246,0.64197964522420758
039521,2848,2070,248,0.61131189013371878
039521,2848,2070,255,0.60060193958310115
039521,2850,2070,321,0.63418755280202754
039521,2850,2070,324,0.61082950400303193
039521,2851,2070,520,0.59012837275644836
039521,2851,2070,524,0.64163501673372692
039521,2852,2070,460,0.6311638482307802
039521,2853,2070,522,0.61222187402068318
039521,2853,2070,528,0.61226770993433
039521,2855,2070,317,0.63361057079616334
039521,2855,2070,320,0.64078531965272301
039521,2856,2070,381,0.63584119324413246
039521,2856,2070,384,0.60112940427901063
039521,2857,2070,352,0.62813559322033896
039521,2857,2070,356,0.64092043249237596
039521,2858,2070,580,0.6458721664361734
039521,2858,2070,584,0.62543341982594314
039521,2858,2070,585,0.61592361592361589
039521,2858,2070,588,0.64423419086094658
039521,2859,2070,222,0.6401877595233797
039521,2860,2070,438,0.59555766718137548
039521,2861,2070,375,0.64716884654717688
039521,2861,2070,376,0.59975706900935
039521,2861,2070,378,0.62845098854123371
039521,2861,2070,379,0.61403674938435304
039521,2863,2070,279,0.58354612426990693
039521,2863,2070,280,0.64196702989661913
039521,2863,2070,281,0.63759494829321861
039521,2864,2070,471,0.6151280811986467
039521,2864,2070,474,0.64580194493904941
039521,2865,2070,384,0.63698269044899392
039521,2865,2070,386,0.6308355250798422
039521,2866,2070,653,0.60347231022684067
039521,2867,2070,473,0.59307541351275583
039521,2867,2070,474,0.64707037742120688
039521,2867,2070,475,0.62045722174848739
039521,2867,2070,476,0.61136017215099081
039521,2868,2070,529,0.58321463788758632
039521,2868,2070,533,0.61007969995311773
039521,2869,2070,360,0.61913403756270435
039521,2869,2070,361,0.64006343727406301
039521,2871,2070,479,0.64097414433268074
039521,2871,2070,489,0.63306600863664408
039521,2872,2070,458,0.61002105666156203
039521,2873,2070,496,0.62563545513795349
039521,2874,2070,421,0.61615041459787789
039521,2874,2070,427,0.63627716745137208
039521,2876,2070,546,0.65566275911950544
039521,2876,2070,549,0.64478457390056065
039521,2876,2070,550,0.63563597103553549
039521,2876,2070,551,0.63481586785810995
039521,2877,2070,325,0.64028944911297847
039521,2877,2070,329,0.61875123104195395
039521,2878,2070,245,0.60221773246252874
039521,2878,2070,249,0.62206023930683541
039521,2879,2070,176,0.6464925024007091
039521,2881,2070,390,0.60234352303173122
039521,2881,2070,394,0.62520458265139112
039521,2881,2070,396,0.61201488936375548
039521,2881,2070,400,0.64721299199700477
039521,2883,2070,385,0.61648945292402679
039521,2883,2070,386,0.61061907909231106
039521,2883,2070,393,0.61700558085829749
039521,2883,2070,394,0.61232682060390764
039521,2884,2070,246,0.61449635263076208
039521,2884,2070,247,0.59546905507174508
039521,2885,2070,287,0.63649594351891992
039521,2885,2070,296,0.61099821167289869
039521,2886,2070,407,0.59828825117854367
039521,2886,2070,409,0.62623402749320123
039521,2886,2070,414,0.62876188608959904
039521,2888,2070,446,0.64592212835019491
039521,2890,2070,168,0.64240019836350115
039521,2890,2070,169,0.62316891318967282
039521,2890,2070,170,0.58784425451092115
039521,2890,2070,171,0.61400217611525909
039521,2891,2070,499,0.64204566618244119
039521,2891,2070,500,0.60526814477923063
039521,2891,2070,502,0.62881905247441827
039521,2891,2070,503,0.63951240468263348
039521,2892,2070,492,0.56767441860465118
039521,2893,2070,273,0.59720256431604357
039521,2894,2070,422,0.60406414389954188
039521,2894,2070,423,0.59404706249026029
039521,2894,2070,428,0.59889394925178918
039521,2894,2070,430,0.61565910206547592
039521,2895,2070,475,0.60059289411972927
039521,2895,2070,477,0.65563529651044539
039521,2895,2070,480,0.62565997888067582
039521,2895,2070,481,0.64255017948329041
039521,2895,2070,488,0.64070111250558381
039521,2896,2070,424,0.59038005282241823
039521,2897,2070,462,0.60995127362040957
039521,2899,2070,325,0.62985821517931606
039521,2900,2070,494,0.61089770948925881
039521,2900,2070,498,0.63311139819139417
039521,2900,2070,500,0.64408910870339708
039521,2900,2070,503,0.63969403087009968
039521,2900,2070,506,0.64030043053329566
039521,2900,2070,509,0.60775375024352229
039521,2902,2070,452,0.60866477272727271
039521,2902,2070,455,0.61361938750103739
039521,2902,2070,456,0.58614009448390714
039521,2903,2070,523,0.61799700206108299
039521,2903,2070,530,0.63950477423531316
039521,2904,2070,388,0.58672570370035693
039521,2904,2070,391,0.62630696287707821
039521,2905,2070,436,0.61465933857670807
039521,2905,2070,437,0.63637262332355748
039521,2905,2070,438,0.62422639657569723
039521,2906,2070,135,0.63297585818520152
039521,2906,2070,136,0.64162611007977521
039521,2907,2070,357,0.63334916112693895
039521,2907,2070,358,0.65049634050005234
039521,2908,2070,376,0.63247325361862805
039521,2908,2070,385,0.63835881300363884
039521,2909,2070,224,0.61629735525375273
039521,2911,2070,251,0.61830958327212182
039521,2911,2070,253,0.63361214863135007
039521,2911,2070,254,0.64460513180260637
039521,2911,2070,255,0.60911764705882354
039521,2912,2070,439,0.63705293527787066
039521,2912,2070,441,0.62938349478110689
039521,2912,2070,444,0.59404826220061224
039521,2913,2070,334,0.63333451868710211
039521,2914,2070,321,0.59135164171087085
039521,2914,2070,322,0.63328797948610605
039521,2914,2070,327,0.63879870129870131
039521,2915,2070,390,0.59720159087641955
039521,2915,2070,395,0.62246548984738281
039521,2915,2070,396,0.60162562524047714
039521,2916,2070,486,0.62167507568113012
039521,2916,2070,488,0.63434124402682412
039521,2916,2070,493,0.6271468671202246
039521,2916,2070,494,0.61963423926847849
039521,2917,2070,364,0.64427482700579763
039521,2918,2070,518,0.63508303677342826
039521,2920,2070,186,0.60472369318735586
039521,2921,2070,492,0.63231682357756858
039521,2921,2070,494,0.59768856447688568
039521,2921,2070,496,0.63520640116384797
039521,2922,2070,564,0.62608743079985818
039521,2922,2070,571,0.61546520839189434
039521,2923,2070,513,0.61985700795899101
039521,2923,2070,516,0.58518518518518514
039521,2923,2070,520,0.62259793814432984
039521,2923,2070,521,0.59744669735853984
039521,2924,2070,346,0.63222779566269871
039521,2924,2070,351,0.62249581742524984
039521,2924,2070,355,0.63172787656747986
039521,2926,2070,344,0.59150639322778309
039521,2926,2070,349,0.62298669467787116
039521,2926,2070,353,0.61498240117189884
039521,2927,2070,518,0.62903164242910037
039521,2928,2070,486,0.61744181660442832
039521,2928,2070,488,0.62787479138681968
039521,2930,2070,454,0.60519541305874092
039521,2930,2070,455,0.64430062362042728
039521,2930,2070,459,0.61927527306906949
039521,2930,2070,465,0.5961853593015447
039521,2931,2070,378,0.63278707748233709
039521,2931,2070,381,0.59531216705731937
039521,2932,2070,459,0.62066819521781857
039521,2932,2070,460,0.62724780259656476
039521,2932,2070,461,0.64625425925037194
039521,2933,2070,390,0.59666492965085982
039521,2933,2070,393,0.6178247734138973
039521,2933,2070,394,0.63729587179227098
039521,2934,2070,343,0.62078355905740534
039521,2935,2070,192,0.63097792080092963
039521,2936,2070,474,0.61469780219780223
039521,2936,2070,477,0.58507364810330909
039521,2937,2070,512,0.59042430398448686
039521,2938,2070,228,0.63202017448200654
039521,2938,2070,232,0.60665986220974744
039521,2938,2070,233,0.640194489465154
039521,2939,2070,408,0.63728845788172661
039521,2939,2070,410,0.62403384590350663
039521,2939,2070,416,0.62462829443154511
039521,2939,2070,421,0.64613578138343297
039521,2940,2070,471,0.64699830461810437
039521,2940,2070,474,0.6363040032069387
039521,2940,2070,475,0.63220911210887198
039521,2942,2070,406,0.60030843198621131
039521,2943,2070,413,0.59572962623824188
039521,2943,2070,417,0.61579152080902377
039521,2944,2070,350,0.60502468458584746
039521,2945,2070,333,0.6034190927555857
039521,2945,2070,335,0.61538765666389905
039521,2946,2070,169,0.61316822954235795
039521,2947,2070,505,0.64130058803182288
039521,2947,2070,516,0.64412702656252985
039521,2948,2070,329,0.63186551037018324
039521,2950,2070,409,0.65173740531441626
039521,2950,2070,411,0.6207508806094103
039521,2951,2070,436,0.65274351450310319
039521,2951,2070,437,0.61523074060290284
039521,2952,2070,297,0.59992321652938718
039521,2952,2070,299,0.57310681366347371
039521,2952,2070,301,0.62978381025676899
039521,2953,2070,506,0.54079028765852155
039521,2953,2070,512,0.59265605875152993
039521,2954,2070,410,0.63983125329583401
039521,2954,2070,413,0.64448188711036225
039521,2955,2070,400,0.64325175404673773
039521,2956,2070,621,0.59031991174848319
039521,2957,2070,399,0.64496519266594765
039521,2958,2070,365,0.6145991956581156
039521,2958,2070,368,0.63159815323105239
039521,2958,2070,370,0.62715815546004228
039521,2958,2070,371,0.62212372431530272
039521,2958,2070,372,0.62317107484524481
039521,2959,2070,449,0.63845158253912226
039521,2959,2070,450,0.65310042773352461
039521,2959,2070,454,0.64325016506932908
039521,2959,2070,456,0.63162549156114178
039521,2960,2070,500,0.62940521825151474
039521,2960,2070,501,0.59294142361962121
039521,2961,2070,482,0.61039076376554169
039521,2961,2070,484,0.58406824363306686
039521,2961,2070,485,0.61072035863348273
039521,2961,2070,487,0.60081082165937461
039521,2962,2070,361,0.61012526096033404
039521,2962,2070,364,0.64378084243919631
039521,2962,2070,365,0.59053269064392533
039521,2965,2070,411,0.64168720556578163
039521,2967,2070,561,0.59980975676042936
039521,2968,2070,252,0.6534750130554231
039521,2968,2070,254,0.58994456126935579
039521,2969,2070,495,0.62291201429209464
039521,2969,2070,500,0.59192113287940185
039521,2971,2070,537,0.64383867951376184
039521,2971,2070,538,0.58957017853136318
039521,2972,2070,307,0.62258058597978239
039521,2972,2070,308,0.61998612877124026
039521,2972,2070,309,0.61948046859695172
039521,2972,2070,312,0.64400730075035495
039521,2973,2070,411,0.63368075096233933
039521,2973,2070,415,0.63057248304866531
039521,2974,2070,402,0.65382089398810983
039521,2976,2070,286,0.61999693298573844
039521,2976,2070,293,0.64725175784599553
039521,2976,2070,295,0.65084379748860277
039521,2977,2070,416,0.64628370377888289
039521,2977,2070,419,0.63754102410276314
039521,2977,2070,420,0.59868303331782557
039521,2978,2070,265,0.60712266817410965
039521,2979,2070,247,0.65035399043766096
039521,2979,2070,252,0.63061210655941435
039521,2980,2070,488,0.57289794287996809
039521,2980,2070,492,0.63006473267801488
039521,2980,2070,493,0.62748288900588711
039521,2980,2070,495,0.61274946715752765
039521,2981,2070,395,0.57680307647656359
039521,2981,2070,401,0.59900228926777599
039521,2982,2070,397,0.60497825894045609
039521,2983,2070,449,0.64826808611060127
039521,2983,2070,450,0.62006021232768183
039521,2985,2070,174,0.62544326241134751
039521,2987,2070,420,0.5712636505460218
039521,2987,2070,422,0.62055316889511025
039521,2987,2070,425,0.6422284745518162
039521,2988,2070,429,0.59902142002827008
039521,2989,2070,341,0.64288975426346184
039521,2990,2070,423,0.60001899395359148
039521,2990,2070,425,0.61799255883951343
039521,2990,2070,428,0.61380488024086644
039521,2992,2070,381,0.62514722007878809
039521,2992,2070,382,0.59607515290183477
039521,2992,2070,386,0.63003016422746061
039521,2994,2070,475,0.61659460265394361
039521,2994,2070,477,0.61853704017630107
039521,2995,2070,449,0.60427006883533219
039521,2995,2070,452,0.64515490448381674
039521,2996,2070,454,0.60096175969812715
039521,2997,2070,337,0.6241814050875395
039521,2997,2070,343,0.64659874678808094
039521,2998,2070,633,0.63368408980130175
039521,2998,2070,635,0.6393516773464003
039521,2998,2070,636,0.59364798059882473
039521,2998,2070,639,0.60801900801900799
039521,2999,2070,250,0.62101414788214426
039521,2999,2070,251,0.6495316095598761
039521,3000,2070,310,0.62171301670620305
039521,3001,2070,283,0.59551070123542715
039521,3001,2070,287,0.60983185328457878
039521,3003,2070,536,0.6124860002167708
039521,3004,2070,439,0.60581510486992529
039521,3004,2070,441,0.63128794449262793
039521,3004,2070,445,0.63635099913119031
039521,3004,2070,447,0.60559849592646753
039521,3005,2070,267,0.62140190008035168
039521,3005,2070,269,0.64958295648678521
039521,3005,2070,270,0.62640579979552002
039521,3005,2070,271,0.64234058768735713
039521,3005,2070,274,0.63057267668003114
039521,3005,2070,276,0.64289789983250201
039521,3008,2070,380,0.62950700382026559
039521,3009,2070,421,0.63415991902834012
039521,3010,2070,442,0.59723892443118953
039521,3011,2070,306,0.63439227771231754
039521,3011,2070,307,0.61937729073340486
039521,3012,2070,529,0.63875805935342267
039521,3013,2070,370,0.61465976983840576
039521,3013,2070,376,0.62320084111810703
039521,3014,2070,222,0.63950541646940884
039521,3014,2070,224,0.63918807603238992
039521,3015,2070,430,0.6120318606837184
039521,3017,2070,440,0.64686681269595847
039521,3018,2070,240,0.5801776381184468
039521,3018,2070,241,0.56123830440145617
039521,3018,2070,243,0.63562008836722994
039521,3019,2070,574,0.6010047472000738
039521,3019,2070,579,0.61482197654378079
039521,3020,2070,319,0.64247783299230243
039521,3020,2070,320,0.64129986115801718
039521,3021,2070,616,0.61949292393859079
039521,3021,2070,617,0.63621161447248409
039521,3021,2070,619,0.61567783816425126
039521,3022,2070,439,0.62711305351694568
039521,3022,2070,441,0.60791019255073975
039521,3023,2070,493,0.59211859635954212
039521,3023,2070,495,0.60646108663729814
039521,3023,2070,496,0.62221829742140589
039521,3023,2070,497,0.58521934091966665
039521,3024,2070,384,0.63605339250890991
039521,3025,2070,480,0.61188045294226845
039521,3026,2070,376,0.62202921809728351
039521,3026,2070,378,0.64870732982188095
039521,3027,2070,169,0.63092973007836439
039521,3028,2070,359,0.63791949344188148
039521,3029,2070,254,0.6255687174652621
039521,3029,2070,255,0.60060450862684189
039521,3029,2070,257,0.6070775606386869
039521,3030,2070,397,0.63668484308925
039521,3030,2070,399,0.65075982954088607
039521,3031,2070,303,0.62961896140235374
039521,3031,2070,305,0.63510303877052043
039521,3031,2070,310,0.64846287483948939
039521,3032,2070,276,0.60674599702511156
039521,3034,2070,409,0.64808070390305217
039521,3035,2070,547,0.59566461404490889
039521,3035,2070,548,0.64601311701760444
039521,3035,2070,550,0.61175349164905302
039521,3035,2070,551,0.64166516489457559
039521,3035,2070,552,0.62217546427591253
039521,3036,2070,535,0.616412954418043
039521,3037,2070,398,0.61580662322117308
039521,3037,2070,401,0.61027438760495112
039521,3037,2070,404,0.59231864567676606
039521,3038,2070,285,0.58842222794812338
039521,3039,2070,501,0.60712394067796616
039521,3040,2070,408,0.60953619808020099
039521,3041,2070,458,0.62755884782628435
039521,3041,2070,461,0.61945866372243974
039521,3042,2070,265,0.62534960589880495
039521,3042,2070,270,0.62733413250956704
039521,3043,2070,566,0.61393270721254678
039521,3044,2070,475,0.61404309147087488
039521,3044,2070,477,0.62236396023674079
039521,3045,2070,466,0.62431531773087678
039521,3045,2070,475,0.60813724571107153
039521,3046,2070,556,0.6286771181962304
039521,3046,2070,558,0.6231144026505554
039521,3046,2070,562,0.60518633842561054
039521,3046,2070,565,0.62251053236307929
039521,3046,2070,566,0.62501874906254684
039521,3048,2070,286,0.63457211575762273
039521,3048,2070,287,0.59814296719782667
039521,3049,2070,327,0.6441440906445598
039521,3049,2070,333,0.63189319942435473
039521,3049,2070,335,0.64462751056455059
039521,3049,2070,338,0.64494471649199003
039521,3050,2070,364,0.65421290169330482
039521,3050,2070,365,0.63535886880257741
039521,3050,2070,369,0.61161306789178149
039521,3051,2070,394,0.64617177485141597
039521,3051,2070,397,0.65922051569114504
039521,3052,2070,302,0.63722577696526506
039521,3052,2070,304,0.57992612406062927
039521,3052,2070,306,0.58429224336326213
039521,3054,2070,263,0.61060404061121931
039521,3054,2070,265,0.59029727497935591
039521,3054,2070,267,0.60783965945370699
039521,3055,2070,545,0.62289040968630971
039521,3055,2070,548,0.61361272678248147
039521,3055,2070,549,0.638398178292505
039521,3056,2070,475,0.6389291979814169
039521,3056,2070,477,0.61065846974298199
039521,3057,2070,422,0.64830375619238734
039521,3057,2070,424,0.64550094143296011
039521,3058,2070,350,0.63757115749525617
039521,3059,2070,512,0.64382611031518622
039521,3059,2070,513,0.63878029710711492
039521,3060,2070,400,0.61085858585858588
039521,3060,2070,402,0.63324479858344396
039521,3061,2070,424,0.62748444849036566
039521,3061,2070,426,0.645988433927147
039521,3063,2070,339,0.60566569619668187
039521,3063,2070,340,0.59184055044499284
039521,3063,2070,343,0.60449888641425387
039521,3063,2070,344,0.64094632449583788
039521,3064,2070,534,0.61607761607761613
039521,3064,2070,535,0.62189867775961971
039521,3064,2070,537,0.62722451768227216
039521,3064,2070,538,0.62903624585867579
039521,3064,2070,539,0.65439584235599824
039521,3065,2070,541,0.65034275031159117
039521,3065,2070,543,0.59032302154995675
039521,3065,2070,545,0.63229464368028021
039521,3065,2070,548,0.59254202909856846
039521,3065,2070,549,0.64239374891874745
039521,3066,2070,295,0.60503242119000045
039521,3066,2070,296,0.63993217316819484
039521,3066,2070,297,0.62672769293515207
039521,3067,2070,479,0.60778468256634199
039521,3068,2070,416,0.62986003110419908
039521,3068,2070,417,0.65555196603285948
039521,3068,2070,420,0.61092360882449781
039521,3069,2070,445,0.59770826881387429
039521,3070,2070,373,0.63668194898841246
039521,3070,2070,375,0.6418961752482919
039521,3070,2070,377,0.63091495784323925
039521,3070,2070,378,0.58601987408025491
039521,3071,2070,416,0.63313698458453438
039521,3071,2070,418,0.63952923594246214
039521,3071,2070,420,0.63301010101010102
039521,3071,2070,421,0.58102684170917296
039521,3073,2070,435,0.63555388870657725
039521,3073,2070,437,0.58949736136343978
039521,3073,2070,439,0.62038463581788239
039521,3073,2070,441,0.60792511133327276
039521,3074,2070,525,0.63789010989010986
039521,3074,2070,526,0.62576656404095021
039521,3074,2070,529,0.63497660697411784
039521,3074,2070,531,0.62147532109640269
039521,3075,2070,396,0.59973821275667416
039521,3076,2070,443,0.60887899175589877
039521,3076,2070,446,0.61267749723779519
039521,3077,2070,496,0.61852469650634789
039521,3077,2070,503,0.62277089629063864
039521,3077,2070,508,0.6238298266753175
039521,3078,2070,589,0.64042712315107198
039521,3078,2070,595,0.63814905739033767
039521,3079,2070,421,0.61486513015823152
039521,3079,2070,423,0.63801792036163618
039521,3079,2070,424,0.61209561544825186
039521,3081,2070,249,0.61522477654276198
039521,3081,2070,254,0.60179966696554377
039521,3082,2070,343,0.62603620368803925
039521,3082,2070,348,0.60435929616064343
039521,3082,2070,351,0.62335367812399611
039521,3083,2070,461,0.6228786039025217
039521,3084,2070,345,0.63971010791137217
039521,3084,2070,350,0.60075225677031097
039521,3085,2070,467,0.63068747924277646
039521,3085,2070,472,0.60451915329964112
039521,3086,2070,509,0.59831592078590368
039521,3087,2070,409,0.62648230832013063
039521,3087,2070,413,0.61931938279433518
039521,3087,2070,414,0.61464066677150497
039521,3088,2070,446,0.60524609065359947
039521,3089,2070,639,0.62431191052207147
039521,3089,2070,640,0.5767005691891387
039521,3089,2070,643,0.61665538253215979
039521,3089,2070,646,0.60738316057464992
039521,3089,2070,651,0.59074702521585976
039521,3089,2070,652,0.6170460476133125
039521,3090,2070,515,0.60355139320320828
039521,3093,2070,296,0.61085556577736888
039521,3094,2070,257,0.59355599486699273
039521,3095,2070,328,0.54396208270366808
039521,3095,2070,335,0.64018310369833209
039521,3096,2070,318,0.61116134060795013
039521,3096,2070,321,0.64912308826829968
039521,3098,2070,524,0.61762680743630938
039521,3098,2070,525,0.63571534690239195
039521,3098,2070,526,0.59381943872932264
039521,3100,2070,348,0.58669345836124132
039521,3102,2070,448,0.62089969662495259
039521,3102,2070,449,0.63092080333459644
039521,3102,2070,452,0.6487417629875486
039521,3103,2070,336,0.64005699906012192
039521,3103,2070,340,0.60589137417170635
039521,3104,2070,361,0.61245808614908437
039521,3104,2070,362,0.59943570074505137
039521,3104,2070,366,0.64132484257711053
039521,3104,2070,369,0.59699698283990199
039521,3105,2070,402,0.59858620362463233
039521,3105,2070,415,0.64722105641825045
039521,3105,2070,416,0.64260146206201163
039521,3105,2070,417,0.59236508651186726
039521,3106,2070,566,0.61635190281863905
039521,3107,2070,515,0.61335044929396665
039521,3107,2070,518,0.62726364113770727
039521,3109,2070,206,0.63269867549668879
039521,3109,2070,207,0.62159581624460214
039521,3109,2070,209,0.60564327832522058
039521,3111,2070,495,0.58237871297077859
039521,3111,2070,496,0.58402425735537977
039521,3112,2070,301,0.62216487019887656
039521,3113,2070,561,0.59695236857495615
039521,3113,2070,562,0.60711436482237557
039521,3113,2070,566,0.63973767998859477
039521,3113,2070,568,0.60962375223956999
039521,3114,2070,396,0.64525013204557458
039521,3114,2070,399,0.63835072031793338
039521,3115,2070,294,0.62974198047419805
039521,3115,2070,296,0.62648142394247419
039521,3116,2070,450,0.5562625443054191
039521,3116,2070,451,0.64364942173930939
039521,3116,2070,457,0.60728784071138608
039521,3117,2070,432,0.63005961106224961
039521,3118,2070,390,0.63480156440341096
039521,3118,2070,391,0.62293324671106054
039521,3118,2070,392,0.63943368727878414
039521,3118,2070,394,0.58579972869651009
039521,3119,2070,406,0.62902651264566689
039521,3119,2070,410,0.59233931104725179
039521,3119,2070,413,0.64173979921167923
039521,3119,2070,415,0.63499000418429496
039521,3120,2070,512,0.58990125673249549
039521,3120,2070,513,0.62789033498814795
039521,3120,2070,515,0.61867576919480038
039521,3120,2070,516,0.61081140191003869
039521,3121,2070,423,0.58394921786442988
039521,3121,2070,425,0.576629504556599
039521,3122,2070,422,0.60927098554960224
039521,3123,2070,378,0.59903577087758331
039521,3123,2070,380,0.64667021585519313
039521,3123,2070,381,0.55409749438548594
039521,3124,2070,626,0.62818442958086096
039521,3125,2070,495,0.60374399190488237
039521,3125,2070,499,0.64117001828153564
039521,3126,2070,275,0.62293071735131822
039521,3126,2070,276,0.60318541217417621
039521,3126,2070,277,0.66557424593967518
039521,3127,2070,550,0.64247011790490494
039521,3128,2070,360,0.58105392659421773
039521,3129,2070,501,0.63029515216393939
039521,3129,2070,502,0.58183969499101629
039521,3131,2070,271,0.61352707505749526
039521,3131,2070,273,0.63445582180935289
039521,3131,2070,274,0.64259573755591171
039521,3132,2070,521,0.57839513828599776
039521,3132,2070,530,0.60966570034127188
039521,3133,2070,523,0.64770932069510267
039521,3133,2070,526,0.58562197092084012
039521,3134,2070,655,0.64651708678734565
039521,3135,2070,500,0.62369160071483276
039521,3135,2070,503,0.6025783566285472
039521,3135,2070,505,0.59464251300828674
039521,3136,2070,195,0.62047443742838337
039521,3136,2070,197,0.59246897732135217
039521,3137,2070,306,0.58103853808576078
039521,3137,2070,308,0.60404828072504047
039521,3139,2070,157,0.64192435810512039
039521,3139,2070,161,0.6046886260545169
039521,3140,2070,423,0.61786806465705546
039521,3140,2070,426,0.63704902583434064
039521,3141,2070,353,0.62087670889251223
039521,3141,2070,356,0.62572159733380939
039521,3141,2070,357,0.64155258495732004
039521,3141,2070,358,0.61831750339213021
039521,3141,2070,360,0.60229080496341081
039521,3142,2070,218,0.65099513642164808
039521,3142,2070,219,0.59502918325538245
039521,3143,2070,224,0.62539734962638815
039521,3143,2070,226,0.60729641693811076
039521,3143,2070,228,0.63737740646567376
039521,3143,2070,231,0.62690985069429328
039521,3143,2070,232,0.63084896163454007
039521,3144,2070,270,0.61613450127154568
039521,3144,2070,271,0.61010132870717182
039521,3144,2070,272,0.63228830164698402
039521,3145,2070,367,0.61728001021352652
039521,3146,2070,511,0.62363546146212367
039521,3146,2070,513,0.64266619140973091
039521,3147,2070,476,0.63830163253584293
039521,3147,2070,478,0.63088763468445352
039521,3147,2070,479,0.61474581484247992
039521,3147,2070,480,0.62277906570832697
039521,3148,2070,547,0.61069778369488603
039521,3148,2070,552,0.62118475290630359
039521,3148,2070,553,0.62121411930194737
039521,3149,2070,338,0.63561730344174294
039521,3149,2070,341,0.65706907004943571
039521,3149,2070,344,0.64604307889775781
039521,3150,2070,427,0.6395389880449962
039521,3150,2070,429,0.63475680557347436
039521,3151,2070,512,0.64868068118021338
039521,3151,2070,515,0.62253652582833763
039521,3151,2070,517,0.54524866785079928
039521,3152,2070,550,0.62439240927754969
039521,3152,2070,555,0.60106056123261797
039521,3153,2070,358,0.62879243661366568
039521,3154,2070,517,0.62445308701993196
039521,3155,2070,476,0.61433135554541307
039521,3155,2070,479,0.63320268353091114
039521,3155,2070,481,0.60008514590912609
039521,3155,2070,482,0.63887464752627532
039521,3156,2070,313,0.56087774294670845
039521,3156,2070,317,0.62072420984210386
039521,3157,2070,321,0.62285389963581328
039521,3157,2070,322,0.65207521308947614
039521,3157,2070,326,0.63070768381845776
039521,3157,2070,327,0.63108265261801011
039521,3157,2070,330,0.62823646152998036
039521,3157,2070,332,0.6262740428280219
039521,3158,2070,505,0.61471359934575931
039521,3158,2070,510,0.63744578156083875
039521,3159,2070,444,0.65250635117692035
039521,3159,2070,445,0.58104392533810212
039521,3160,2070,529,0.6219795954895293
039521,3160,2070,530,0.62495876337244927
039521,3160,2070,534,0.6272393130714109
039521,3161,2070,523,0.63967769912989958
039521,3162,2070,659,0.64161439223576755
039521,3163,2070,408,0.60366499073829061
039521,3164,2070,307,0.64057347670250897
039521,3164,2070,308,0.62532231245632219
039521,3164,2070,309,0.64601921267922813
039521,3164,2070,311,0.6203441210318017
039521,3165,2070,369,0.64903176204891644
039521,3167,2070,485,0.62797208311975083
039521,3169,2070,550,0.6092967121383901
039521,3170,2070,390,0.63016587581619821
039521,3170,2070,392,0.58701928629171962
039521,3170,2070,393,0.57890059103230684
039521,3171,2070,476,0.58053255398603665
039521,3172,2070,360,0.6418772925983619
039521,3172,2070,362,0.59652627008250103
039521,3172,2070,365,0.63701109508814269
039521,3172,2070,367,0.61846571622539037
039521,3173,2070,367,0.61584559795540672
039521,3173,2070,368,0.58795180722891571
039521,3173,2070,369,0.60822036605961016
039521,3174,2070,414,0.63022409819221903
039521,3175,2070,480,0.6058241758241758
039521,3176,2070,196,0.61970333620209583
039521,3176,2070,200,0.61028254771841006
039521,3176,2070,206,0.62288993923024982
039521,3177,2070,436,0.61379119138149552
039521,3177,2070,444,0.58391197116296722
039521,3178,2070,415,0.59600959524806763
039521,3178,2070,416,0.63197156363724294
039521,3179,2070,517,0.64778803679962804
039521,3179,2070,518,0.63038723026899202
039521,3179,2070,521,0.60798647599031386
039521,3179,2070,522,0.64354296687469992
039521,3180,2070,457,0.63903263554804313
039521,3181,2070,567,0.62467942394949694
039521,3181,2070,568,0.62279193371893071
039521,3181,2070,569,0.63243027888446213
039521,3181,2070,571,0.63224959783252899
039521,3181,2070,572,0.62870968961475937
039521,3181,2070,574,0.6334435521965045
039521,3181,2070,575,0.59632774845076886
039521,3182,2070,487,0.61847355819716887
039521,3182,2070,488,0.63846695208492166
039521,3182,2070,489,0.62782903556501857
039521,3182,2070,493,0.6456768619800739
039521,3183,2070,493,0.59628221768959766
039521,3183,2070,495,0.58024320027499676
039521,3184,2070,172,0.60252435783879543
039521,3184,2070,180,0.63311360992632804
039521,3185,2070,575,0.64260662481056507
039521,3188,2070,443,0.62674468719954912
039521,3189,2070,393,0.63780230572637076
039521,3189,2070,399,0.60730891903316297
039521,3190,2070,421,0.62653083539874621
039521,3190,2070,431,0.61008318990246702
039521,3190,2070,432,0.61063119662314713
039521,3191,2070,516,0.60666876659316926
039521,3191,2070,524,0.61200789166890857
039521,3191,2070,525,0.63141884222474465
039521,3191,2070,526,0.5852139060730156
039521,3193,2070,436,0.59383102369244523
039521,3193,2070,440,0.60581233575513993
039521,3193,2070,441,0.60593458956032054
039521,3195,2070,385,0.6321949655282989
039521,3195,2070,386,0.60923076923076924
039521,3196,2070,521,0.62005649717514122
039521,3196,2070,523,0.65323109188622364
039521,3198,2070,715,0.58612716763005779
039521,3200,2070,354,0.61382970212539001
039521,3200,2070,357,0.6029127867363161
039521,3200,2070,360,0.60964206330957305
039521,3200,2070,361,0.62988895440251569
039521,3201,2070,344,0.63480024335834517
039521,3201,2070,345,0.61953231790665886
039521,3202,2070,352,0.62827402565964663
039521,3203,2070,371,0.64280727475826438
039521,3203,2070,373,0.60892927351360793
039521,3204,2070,131,0.64828044525668715
039521,3204,2070,134,0.63513277210162122
039521,3205,2070,279,0.61921296296296291
039521,3205,2070,281,0.62830968362594841
039521,3206,2070,527,0.59164733178654294
039521,3207,2070,267,0.63385833237530587
039521,3207,2070,269,0.59694722203827566
039521,3208,2070,560,0.57578803473785778
039521,3208,2070,565,0.62349853638841224
039521,3208,2070,570,0.59430772523004494
039521,3210,2070,580,0.60222862150995371
039521,3211,2070,268,0.65493238749722904
039521,3211,2070,269,0.62969579151999155
039521,3211,2070,275,0.62535518090547448
039521,3211,2070,277,0.63896848137535822
039521,3212,2070,351,0.61349831271091115
039521,3212,2070,353,0.61061781474904198
039521,3212,2070,355,0.63889336556540421
039521,3213,2070,454,0.61707792516521653
039521,3213,2070,457,0.58334008589255326
039521,3215,2070,456,0.6259167986856774
039521,3216,2070,550,0.62959764797796003
039521,3216,2070,558,0.63376509626235911
039521,3217,2070,329,0.57460865648109916
039521,3219,2070,590,0.62301046745053057
039521,3220,2070,473,0.60635770453404714
039521,3220,2070,475,0.61844391620445671
039521,3220,2070,476,0.61327865651239988
039521,3221,2070,515,0.62448041469020488
039521,3221,2070,516,0.63192370485405969
039521,3221,2070,521,0.61752616636298152
039521,3221,2070,525,0.61825693175498531
039521,3221,2070,527,0.63685351699508963
039521,3222,2070,313,0.62070142503626591
039521,3223,2070,444,0.64411328329551409
039521,3224,2070,605,0.63056208272723879
039521,3224,2070,609,0.6057731804772396
039521,3225,2070,346,0.60726262335920289
039521,3225,2070,347,0.59994839153621193
039521,3225,2070,350,0.63056011607040585
039521,3226,2070,383,0.5940788360683471
039521,3226,2070,385,0.60779704617022223
039521,3227,2070,317,0.62671582781751145
039521,3228,2070,461,0.60403807540715404
039521,3229,2070,431,0.61957349581111953
039521,3229,2070,434,0.64503410479832823
039521,3230,2070,465,0.61197050094432948
039521,3230,2070,467,0.62810743880369557
039521,3230,2070,468,0.64122440866626917
039521,3230,2070,469,0.65313592529153663
039521,3231,2070,155,0.63183143636534667
039521,3231,2070,156,0.59731697266608674
039521,3231,2070,162,0.63814588033086261
039521,3232,2070,392,0.61682629107981224
039521,3233,2070,442,0.60252022899542645
039521,3233,2070,448,0.6247190196504967
039521,3234,2070,412,0.63194928684627572
039521,3234,2070,413,0.57156548189507894
039521,3235,2070,389,0.63878925408096043
039521,3235,2070,394,0.61983657622680688
039521,3236,2070,484,0.61833325215527735
039521,3237,2070,303,0.63808782814299858
039521,3237,2070,306,0.60854181409482577
039521,3237,2070,307,0.64528605962933117
039521,3237,2070,309,0.603116171560654
039521,3238,2070,513,0.58507050889025136
039521,3238,2070,514,0.6278941207075962
039521,3238,2070,515,0.62395274546440838
039521,3239,2070,575,0.59555040556199301
039521,3239,2070,577,0.62961756769330979
039521,3239,2070,579,0.6188215242269296
039521,3240,2070,678,0.60615940744940988
039521,3240,2070,680,0.61593766317226972
039521,3240,2070,685,0.60884629229661624
039521,3240,2070,687,0.62429503212201465
039521,3241,2070,598,0.64667224705693782
039521,3242,2070,399,0.60017809439002667
039521,3242,2070,400,0.63131297568791789
039521,3242,2070,402,0.58945507699629462
039521,3243,2070,392,0.60617855389578512
039521,3244,2070,539,0.61455592105263157
039521,3244,2070,544,0.64162774060514249
039521,3245,2070,580,0.60130339686649115
039521,3245,2070,586,0.62276285170298284
039521,3245,2070,587,0.604664448701146
039521,3245,2070,588,0.59579961347988886
039521,3246,2070,266,0.65413501004279107
039521,3246,2070,270,0.59488592420726993
039521,3247,2070,474,0.6479047523494198
039521,3248,2070,271,0.61087127776902472
039521,3248,2070,272,0.62524420876360587
039521,3248,2070,274,0.59385474860335197
039521,3248,2070,277,0.63013662429639805
039521,3249,2070,573,0.59397590361445785
039521,3249,2070,574,0.62989604989604986
039521,3249,2070,582,0.60603103347321163
039521,3250,2070,592,0.56748012940847548
039521,3250,2070,598,0.59034970938727793
039521,3250,2070,599,0.62207846410684475
039521,3250,2070,602,0.61154679802955669
039521,3251,2070,504,0.63117577626285737
039521,3251,2070,506,0.64433082540078424
039521,3251,2070,512,0.64522717756513037
039521,3253,2070,456,0.64585681383838878
039521,3253,2070,457,0.58264920210312698
039521,3253,2070,458,0.59900453066173187
039521,3253,2070,461,0.63583143035084078
039521,3254,2070,276,0.62768326931146901
039521,3256,2070,393,0.619628596780327
039521,3257,2070,375,0.62645598625167076
039521,3258,2070,250,0.63870065022360012
039521,3258,2070,254,0.64236749707406793
039521,3258,2070,255,0.60866446707789412
039521,3259,2070,221,0.58248215078741505
039521,3259,2070,222,0.59467021985343105
039521,3259,2070,229,0.59523348937981202
039521,3260,2070,471,0.64840424560185606
039521,3260,2070,474,0.62689500280741162
039521,3260,2070,476,0.63383249303935585
039521,3260,2070,477,0.63982838755809801
039521,3261,2070,357,0.58533182174936771
039521,3261,2070,358,0.61543137044585072
039521,3261,2070,359,0.63228699551569512
039521,3261,2070,361,0.61396141439961049
039521,3262,2070,558,0.63679639218306328
039521,3262,2070,560,0.62350427350427351
039521,3262,2070,562,0.60946652602284712
039521,3263,2070,401,0.63778927653090378
039521,3263,2070,402,0.60475037821482602
039521,3263,2070,406,0.57066720096173107
039521,3264,2070,347,0.60660081907973984
039521,3265,2070,435,0.59547484621218505
039521,3265,2070,439,0.62170934928180754
039521,3266,2070,389,0.63147973609802077
039521,3267,2070,519,0.64536993950674737
039521,3268,2070,359,0.64142180709606278
039521,3270,2070,281,0.64589672316582347
039521,3270,2070,282,0.64210317329009625
039521,3270,2070,283,0.65290035452968243
039521,3270,2070,285,0.62148451406194372
039521,3271,2070,421,0.63664932527002405
039521,3272,2070,400,0.6235226808336739
039521,3273,2070,397,0.58974457461110041
039521,3274,2070,473,0.60086408427780902
039521,3275,2070,268,0.59862961815239468
039521,3276,2070,193,0.61667122413635944
039521,3278,2070,260,0.56827803088336093
039521,3278,2070,263,0.6329203899268887
039521,3278,2070,264,0.62841959825698801
039521,3278,2070,266,0.62422601823329915
039521,3279,2070,599,0.60104406299769952
039521,3279,2070,605,0.59965322139076471
039521,3279,2070,609,0.59398866715939891
039521,3280,2070,207,0.5905337113274991
039521,3280,2070,209,0.64067524115755625
039521,3282,2070,292,0.61200682852807287
039521,3282,2070,296,0.639139913171477
039521,3282,2070,297,0.62835555777939001
039521,3282,2070,298,0.58795236673632534
039521,3283,2070,486,0.64648023836019675
039521,3284,2070,318,0.61815321542641943
039521,3284,2070,323,0.60800187178287324
039521,3285,2070,378,0.6236791746401531
039521,3285,2070,380,0.58143519872946881
039521,3285,2070,385,0.60983868692094245
039521,3286,2070,371,0.61609043529325402
039521,3286,2070,377,0.61197364872674043
039521,3287,2070,423,0.6058408093147547
039521,3288,2070,261,0.6462950846487282
039521,3288,2070,263,0.61544821070036615
039521,3288,2070,265,0.57539556683229376
039521,3289,2070,283,0.6417201156491974
039521,3289,2070,284,0.58854106055316346
039521,3290,2070,465,0.64436211340206184
039521,3291,2070,480,0.6471152781366506
039521,3292,2070,353,0.62643296729817788
039521,3292,2070,356,0.60667574931880108
039521,3292,2070,357,0.68924038643682517
039521,3294,2070,497,0.62730489268513179
039521,3294,2070,500,0.62958630639061097
039521,3295,2070,108,0.65507421470486715
039521,3295,2070,109,0.60437685087587212
039521,3295,2070,110,0.58411173383150961
039521,3295,2070,114,0.56577764459094992
039521,3296,2070,307,0.58960705104663969
039521,3296,2070,310,0.64759279369587619
039521,3297,2070,345,0.62945770169966875
039521,3297,2070,351,0.63057938544048853
039521,3298,2070,510,0.6049943862953171
039521,3299,2070,508,0.64223199814771936
039521,3299,2070,511,0.62094355868293694
039521,3299,2070,513,0.63624932638764142
039521,3299,2070,515,0.62091038406827881
039521,3300,2070,368,0.61565724068539851
039521,3301,2070,441,0.58291401917214525
039521,3302,2070,232,0.59901439423012492
039521,3302,2070,236,0.62825438437895498
039521,3303,2070,254,0.62968843235870775
039521,3303,2070,258,0.63190074130478602
039521,3303,2070,260,0.61005860706010628
039521,3304,2070,463,0.61583850083317393
039521,3304,2070,465,0.56778444125348426
039521,3304,2070,469,0.6002307869836141
039521,3305,2070,332,0.62792917896198575
039521,3306,2070,454,0.59397802197802196
039521,3306,2070,455,0.60691607684529825
039521,3306,2070,456,0.64667519181585675
039521,3306,2070,458,0.61442572214580471
039521,3306,2070,460,0.6142843960505675
039521,3307,2070,509,0.61077001790739316
039521,3307,2070,511,0.62570062220393896
039521,3309,2070,452,0.61346344690704602
039521,3309,2070,460,0.59323022051510688
039521,3310,2070,434,0.64629065108291961
039521,3311,2070,371,0.63319200263167519
039521,3311,2070,373,0.63290694611128995
039521,3312,2070,288,0.59905785562632696
039521,3312,2070,289,0.6432407666658182
039521,3312,2070,293,0.60437479858201737
039521,3313,2070,505,0.62832555483350072
039521,3313,2070,508,0.60221593897948444
039521,3313,2070,511,0.62497543936251498
039521,3314,2070,271,0.65996429368444542
039521,3315,2070,492,0.60616397604220384
039521,3316,2070,506,0.58646574887122238
039521,3316,2070,510,0.60257438278117748
039521,3319,2070,293,0.6181616619270256
039521,3320,2070,331,0.64132531160943029
039521,3320,2070,333,0.65383091088397127
039521,3320,2070,337,0.64223644610232711
039521,3321,2070,581,0.6066363496223216
039521,3322,2070,437,0.62142234734231516
039521,3323,2070,282,0.61923770280710788
039521,3324,2070,448,0.62466682820450692
039521,3324,2070,451,0.58934318013037379
039521,3324,2070,453,0.62997496644051809
039521,3324,2070,454,0.63328702816631544
039521,3325,2070,516,0.63250334672021424
039521,3325,2070,520,0.61760660247592847
039521,3326,2070,469,0.60225689607132904
039521,3326,2070,470,0.61335338848500043
039521,3327,2070,384,0.63315106619249095
039521,3328,2070,387,0.61715895584804337
039521,3329,2070,435,0.62756682071561298
039521,3329,2070,436,0.64830501338812074
039521,3330,2070,462,0.64428524831776945
039521,3330,2070,465,0.63281350138859216
039521,3331,2070,367,0.61655112651646449
039521,3331,2070,370,0.59903495908037274
039521,3331,2070,374,0.63092181442883755
039521,3331,2070,377,0.63050420168067223
039521,3332,2070,612,0.61593625498007964
039521,3332,2070,613,0.62511168339727752
039521,3332,2070,614,0.60441215224184019
039521,3333,2070,237,0.61154864552922805
039521,3333,2070,242,0.61714662222394479
039521,3334,2070,314,0.60200487672717418
039521,3334,2070,315,0.59033534991410863
039521,3334,2070,316,0.65017810239988483
039521,3334,2070,317,0.55209268906053532
039521,3335,2070,206,0.62476700072366831
039521,3335,2070,212,0.63137773856785762
039521,3335,2070,215,0.63236516246987451
039521,3337,2070,349,0.59793467819404422
039521,3337,2070,352,0.6090800119868145
039521,3337,2070,356,0.63403751233958539
039521,3338,2070,570,0.63878256156634261
039521,3338,2070,573,0.62992237849845656
039521,3338,2070,583,0.60326372339136403
039521,3339,2070,493,0.61736715744410053
039521,3339,2070,497,0.61514662362119987
039521,3339,2070,498,0.64244600777291283
039521,3340,2070,376,0.62610693600114886
039521,3341,2070,424,0.65055762081784385
039521,3342,2070,370,0.61389831929251015
039521,3344,2070,240,0.60250289687137892
039521,3344,2070,242,0.63327926466612594
039521,3345,2070,521,0.59850183691970038
039521,3345,2070,527,0.64590170047732698
039521,3346,2070,172,0.64523113565010282
039521,3347,2070,422,0.64920217140977132
039521,3349,2070,361,0.63584787318964531
039521,3349,2070,362,0.65725986900096278
039521,3349,2070,363,0.63975621190811061
039521,3349,2070,369,0.6463691431380203
039521,3349,2070,372,0.63415208349682184
039521,3350,2070,369,0.63422484134179513
039521,3350,2070,371,0.62186297856750317
039521,3351,2070,321,0.60530885636318532
039521,3351,2070,327,0.56273286349149343
039521,3352,2070,465,0.6054355738898326
039521,3354,2070,494,0.63475809904381331
039521,3355,2070,551,0.61940873514741068
039521,3355,2070,554,0.61969476744186047
039521,3356,2070,269,0.59011708672355623
039521,3357,2070,419,0.59435152403043989
039521,3357,2070,421,0.61054913294797686
039521,3358,2070,455,0.64023984010659563
039521,3358,2070,459,0.60961061591046173
039521,3359,2070,302,0.61278799785676008
039521,3360,2070,481,0.56999342441733036
039521,3361,2070,415,0.63457692307692304
039521,3361,2070,417,0.64902431388917881
039521,3361,2070,419,0.60824022346368711
039521,3362,2070,251,0.63202277080229841
039521,3362,2070,253,0.60710185107395898
039521,3364,2070,339,0.61202961760827668
039521,3364,2070,342,0.58029210997978875
039521,3364,2070,343,0.61098108521207495
039521,3364,2070,344,0.61171807019240065
039521,3365,2070,494,0.61063293017733922
039521,3365,2070,496,0.59046677215189869
039521,3366,2070,479,0.63259029560531732
039521,3366,2070,480,0.64740283421902678
039521,3366,2070,482,0.57406372275013973
039521,3366,2070,486,0.61493177317077607
039521,3368,2070,479,0.64778713968957868
039521,3369,2070,466,0.61292108906322107
039521,3370,2070,348,0.60889024204597353
039521,3370,2070,352,0.60573058870448204
039521,3372,2070,457,0.62143685283652506
039521,3373,2070,542,0.62250862399386742
039521,3373,2070,543,0.63616471056295998
039521,3373,2070,545,0.6016781836130306
039521,3374,2070,191,0.59024404518054663
039521,3374,2070,193,0.65161140567351628
039521,3374,2070,197,0.6524391923532491
039521,3376,2070,422,0.5795570822979097
039521,3376,2070,434,0.56698636747496678
039521,3378,2070,409,0.59776994342871193
039521,3378,2070,410,0.61100049776007959
039521,3378,2070,416,0.63538087434582646
039521,3378,2070,419,0.63419430968926183
039521,3379,2070,180,0.6399253731343284
039521,3381,2070,369,0.57909264948132322
039521,3381,2070,371,0.62788270377733602
039521,3381,2070,372,0.64595318920850453
039521,3382,2070,551,0.65363683121419092
039521,3383,2070,374,0.64958299704062417
039521,3383,2070,378,0.62488560795558534
039521,3383,2070,380,0.58644307982994803
039521,3385,2070,420,0.60634224387437752
039521,3385,2070,421,0.63374033214243652
039521,3385,2070,423,0.5728757494314658
039521,3386,2070,455,0.63147515527950315
039521,3386,2070,456,0.58827572266019812
039521,3388,2070,309,0.63696570366615979
039521,3388,2070,311,0.62240861649907064
039521,3389,2070,307,0.59954761792563971
039521,3389,2070,308,0.64209425481732008
039521,3389,2070,311,0.6334880636604775
039521,3389,2070,316,0.6083909801455395
039521,3390,2070,421,0.64463135480436518
039521,3390,2070,425,0.63908251054629028
039521,3392,2070,454,0.62323887500664576
039521,3393,2070,488,0.64612486123923141
039521,3393,2070,489,0.65343092406221404
039521,3393,2070,491,0.60969833328399303
039521,3393,2070,492,0.64404948939512963
039521,3393,2070,495,0.59900174008608842
039521,3393,2070,496,0.59999061561561562
039521,3393,2070,497,0.62775770456960678
039521,3394,2070,212,0.64645885388932123
039521,3394,2070,214,0.62120666366501576
039521,3395,2070,313,0.63300619303335182
039521,3395,2070,317,0.60409182014143625
039521,3396,2070,394,0.61727758507546637
039521,3396,2070,396,0.61577125906394203
039521,3396,2070,397,0.61035014314027747
039521,3397,2070,545,0.62432558732316579
039521,3398,2070,523,0.58377447815795136
039521,3398,2070,524,0.63024828919084153
039521,3398,2070,530,0.62408421377342482
039521,3399,2070,266,0.63348994394988456
039521,3400,2070,443,0.62072344975053462
039521,3400,2070,445,0.63129760324226125
039521,3401,2070,491,0.61578385719829254
039521,3401,2070,495,0.62492172824045089
039521,3401,2070,496,0.6379968771751604
039521,3402,2070,126,0.63837235735394404
039521,3403,2070,599,0.63885378525215208
039521,3404,2070,513,0.61986527936488844
039521,3404,2070,515,0.58073128264654672
039521,3404,2070,520,0.63271798548257008
039521,3404,2070,523,0.62106381608603256
039521,3405,2070,248,0.6102451877986691
039521,3406,2070,311,0.61987591402614672
039521,3406,2070,312,0.63976112843776578
039521,3406,2070,314,0.63637803255843417
039521,3406,2070,317,0.59500967595833165
039521,3407,2070,615,0.58698721759809747
039521,3408,2070,451,0.61217977129687084
039521,3408,2070,453,0.64215087468596588
039521,3410,2070,582,0.62154563710565525
039521,3410,2070,583,0.62680460851163888
039521,3410,2070,587,0.61881715520652603
039521,3411,2070,470,0.64557602022390759
039521,3411,2070,479,0.60154309570364106
039521,3412,2070,439,0.60924699320202191
039521,3413,2070,616,0.59875160051216392
039521,3413,2070,617,0.59427996871857891
039521,3413,2070,619,0.6236076361517634
039521,3413,2070,620,0.65670916818457803
039521,3413,2070,622,0.59455654622243082
039521,3414,2070,223,0.59377920170871712
039521,3414,2070,225,0.61010920683431913
039521,3415,2070,390,0.57679329487319042
039521,3415,2070,391,0.62819864199174547
039521,3416,2070,241,0.63840430584138042
039521,3416,2070,243,0.6077007536058292
039521,3417,2070,542,0.63633526318253464
039521,3417,2070,543,0.62222540455391662
039521,3418,2070,332,0.59672524760729651
039521,3418,2070,333,0.60697711633861418
039521,3419,2070,276,0.61411248849672495
039521,3419,2070,279,0.60197330681861638
039521,3419,2070,281,0.62850301824435972
039521,3419,2070,283,0.64616484479498182
039521,3420,2070,382,0.6075407337518598
039521,3420,2070,383,0.5939011333850186
039521,3421,2070,249,0.58610501435083573
039521,3421,2070,250,0.62859004430544696
039521,3421,2070,251,0.44054220579174369
039521,3422,2070,256,0.63412872660041597
039521,3422,2070,257,0.6272646060389494
039521,3422,2070,261,0.63306314527528762
039521,3423,2070,536,0.64016142680466059
039521,3423,2070,537,0.62321906713827646
039521,3424,2070,406,0.63793340104867269
039521,3424,2070,410,0.62659042172980706
039521,3424,2070,415,0.65352016695770687
039521,3425,2070,283,0.5745271337688399
039521,3425,2070,284,0.64705501757715622
039521,3425,2070,291,0.62151476841742326
039521,3426,2070,498,0.59900698476815617
039521,3426,2070,499,0.62153996101364517
039521,3428,2070,371,0.61213319841780889
039521,3428,2070,376,0.63901581722319856
039521,3428,2070,377,0.59918775382692913
039521,3428,2070,378,0.60465209224251626
039521,3429,2070,364,0.58946203957880938
039521,3429,2070,367,0.60961013816773735
039521,3431,2070,423,0.63224439084995976
039521,3431,2070,424,0.63033633401446953
039521,3431,2070,427,0.59993252686876475
039521,3432,2070,340,0.63753290861954626
039521,3432,2070,341,0.62755129229949369
039521,3432,2070,346,0.63707481523101528
039521,3432,2070,352,0.59407465929290937
039521,3433,2070,319,0.64801823921431079
039521,3433,2070,320,0.61154358952303123
039521,3433,2070,322,0.64263636363636367
039521,3433,2070,325,0.59449327817993791
039521,3436,2070,374,0.61856686084709389
039521,3436,2070,376,0.63796122309531944
039521,3436,2070,377,0.63746775153800361
039521,3438,2070,261,0.63808171775875067
039521,3438,2070,263,0.62120527063686859
039521,3439,2070,402,0.62318559018622854
039521,3439,2070,404,0.58781958781958787
039521,3439,2070,406,0.59546976560961196
039521,3440,2070,536,0.62953204188903977
039521,3440,2070,540,0.61265067359962189
039521,3440,2070,541,0.60727817016698626
039521,3441,2070,489,0.55471403474526648
039521,3441,2070,496,0.61679179846792942
039521,3441,2070,497,0.61830641213901127
039521,3441,2070,498,0.63049755399117047
039521,3441,2070,499,0.62829975096219148
039521,3443,2070,399,0.64030083404310023
039521,3445,2070,344,0.58774601154492978
039521,3446,2070,280,0.6492004544606671
039521,3446,2070,282,0.61745998943767078
039521,3446,2070,286,0.61222369166824109
039521,3446,2070,288,0.58349221756161818
039521,3447,2070,567,0.59140015959732373
039521,3447,2070,568,0.59866731449989585
039521,3447,2070,569,0.59366313188510245
039521,3448,2070,466,0.62880317659635843
039521,3449,2070,563,0.65012686102733497
039521,3449,2070,565,0.61871836437621996
039521,3449,2070,570,0.61551228740206665
039521,3450,2070,350,0.59971264367816091
039521,3451,2070,515,0.63631584711422629
039521,3451,2070,518,0.632707465740594
039521,3452,2070,510,0.63561003793112114
039521,3452,2070,513,0.62115942028985505
039521,3453,2070,490,0.60220742817098805
039521,3453,2070,492,0.63770085926501285
039521,3453,2070,501,0.63846665189452689
039521,3453,2070,503,0.62582332881767644
039521,3454,2070,357,0.63601232920826245
039521,3454,2070,361,0.60840924134018348
039521,3455,2070,329,0.62548766494549624
039521,3456,2070,317,0.6133079721026462
039521,3456,2070,320,0.58061875920772632
039521,3457,2070,403,0.61522189414305228
039521,3458,2070,541,0.6242264248928896
039521,3458,2070,545,0.61770704025536438
039521,3458,2070,547,0.6331163282111838
039521,3458,2070,551,0.61334092418635544
039521,3459,2070,350,0.63327674023769098
039521,3459,2070,354,0.59665631717219969
039521,3460,2070,345,0.64399877269811168
039521,3460,2070,347,0.64339839265212395
039521,3460,2070,349,0.64707393996028506
039521,3460,2070,350,0.61741975250106684
039521,3461,2070,262,0.59370708334604938
039521,3462,2070,573,0.63241761551900721
039521,3463,2070,459,0.59470224284609441
039521,3463,2070,461,0.60089515284258643
039521,3463,2070,463,0.66066122073433053
039521,3463,2070,465,0.64282273320095407
039521,3464,2070,499,0.60880642010954944
039521,3464,2070,500,0.65469629064556112
039521,3464,2070,504,0.59724391005621491
039521,3465,2070,453,0.63879390736711217
039521,3465,2070,454,0.62485721817063522
039521,3465,2070,456,0.58062195219442003
039521,3465,2070,457,0.63113126192280555
039521,3465,2070,465,0.59919358123243593
039521,3468,2070,485,0.64984830497295876
039521,3468,2070,486,0.62585063880230052
039521,3471,2070,185,0.6433706516986466
039521,3472,2070,429,0.63639520080243817
039521,3472,2070,434,0.60045284333362359
039521,3473,2070,641,0.63212651940922759
039521,3473,2070,644,0.62716964909452411
039521,3474,2070,337,0.64592781488618745
039521,3474,2070,342,0.63453257396860674
039521,3475,2070,382,0.62855709268152815
039521,3475,2070,383,0.58850056369785797
039521,3475,2070,387,0.61304272617194255
039521,3476,2070,341,0.57543923202318426
039521,3476,2070,345,0.61316481904844067
039521,3477,2070,428,0.60446151772476076
039521,3478,2070,333,0.5864577252929819
039521,3478,2070,335,0.63333509040113856
039521,3479,2070,412,0.62966294059702776
039521,3480,2070,387,0.61406776302754107
039521,3481,2070,282,0.61066482497909924
039521,3482,2070,489,0.57799344592891355
039521,3482,2070,490,0.63032326661568017
039521,3482,2070,493,0.58987585737769965
039521,3483,2070,394,0.6217585514284858
039521,3483,2070,400,0.63058715385499253
039521,3483,2070,401,0.62796104579750833
039521,3484,2070,496,0.62719215538374506
039521,3484,2070,498,0.62517154811715481
039521,3484,2070,499,0.58056076226179321
039521,3484,2070,500,0.64205115849496042
039521,3485,2070,330,0.59158257112963653
039521,3485,2070,332,0.63609482538873308
039521,3486,2070,318,0.60971956936968219
039521,3486,2070,323,0.63917302502249029
039521,3487,2070,517,0.61037602106258015
039521,3487,2070,519,0.62202202974594423
039521,3488,2070,672,0.5863654181960728
039521,3488,2070,674,0.64408116971176366
039521,3488,2070,675,0.63277846280312366
039521,3488,2070,676,0.62474587933568948
039521,3489,2070,479,0.59495566981093884
039521,3489,2070,483,0.56514179258952602
039521,3490,2070,268,0.59944632714428903
039521,3490,2070,269,0.63360710652341135
039521,3490,2070,271,0.60323090316963857
039521,3490,2070,273,0.6438319617460545
039521,3490,2070,274,0.63679530346197011
039521,3490,2070,277,0.62570376033919506
039521,3490,2070,278,0.5962610469068661
039521,3491,2070,436,0.59673726388093873
039521,3491,2070,439,0.60493277818389857
039521,3492,2070,271,0.62508034827324255
039521,3493,2070,584,0.63002121117450716
039521,3493,2070,585,0.62189529996178827
039521,3493,2070,587,0.64933323536975129
039521,3495,2070,448,0.6116210800987838
039521,3495,2070,449,0.6135775615340584
039521,3495,2070,450,0.61958478780084514
039521,3495,2070,451,0.6583723846610785
039521,3495,2070,452,0.61668073501720666
039521,3495,2070,458,0.64906838245150422
039521,3496,2070,470,0.63566836155817963
039521,3497,2070,515,0.63362762918722415
039521,3497,2070,516,0.6437328601387321
039521,3498,2070,476,0.64681820098680054
039521,3498,2070,477,0.63781802804989784
039521,3499,2070,170,0.62815492791220107
039521,3499,2070,173,0.64771851725023544
039521,3502,2070,514,0.62062154332367658
039521,3503,2070,417,0.61016037989427474
039521,3503,2070,420,0.59936269915651363
039521,3504,2070,478,0.60612573885008059
039521,3504,2070,479,0.5984619784549875
039521,3505,2070,296,0.60072078356148462
039521,3505,2070,298,0.65821619717509627
039521,3505,2070,299,0.60188114949503702
039521,3505,2070,300,0.59091162842628264
039521,3505,2070,301,0.60598242922883838
039521,3505,2070,302,0.63259395550103925
039521,3506,2070,273,0.63082448873932173
039521,3507,2070,405,0.63972975344388872
039521,3508,2070,467,0.62480309322640704
039521,3509,2070,448,0.63363656534280011
039521,3510,2070,273,0.64806133215797834
039521,3510,2070,274,0.60243589360876448
039521,3510,2070,276,0.65157302241431303
039521,3510,2070,277,0.6133744304476012
039521,3510,2070,279,0.65109416318552871
039521,3511,2070,164,0.60353911558446283
039521,3511,2070,169,0.63007760003468161
039521,3511,2070,171,0.63197202083864623
039521,3512,2070,336,0.644299674267101
039521,3512,2070,338,0.62762263412725583
039521,3512,2070,340,0.58781457966801809
039521,3513,2070,273,0.61380371926613142
039521,3514,2070,544,0.6320638145971772
039521,3516,2070,539,0.62261936595656175
039521,3516,2070,541,0.64107187266849042
039521,3516,2070,543,0.58075082970561609
039521,3517,2070,307,0.5963117870722433
039521,3518,2070,430,0.62702141941783118
039521,3519,2070,287,0.57886325042453302
039521,3519,2070,288,0.59032905125688195
039521,3519,2070,291,0.57969432314410485
039521,3520,2070,234,0.61457312234514305
039521,3520,2070,236,0.58864814134737009
039521,3520,2070,238,0.61644516209166567
039521,3521,2070,367,0.63020152692757414
039521,3523,2070,356,0.60255634279203907
039521,3523,2070,360,0.63613815570280974
039521,3523,2070,361,0.60716243376575918
039521,3523,2070,364,0.63282529911135377
039521,3524,2070,142,0.62638289893118315
039521,3525,2070,488,0.65397059909876631
039521,3526,2070,526,0.61569337320950734
039521,3526,2070,528,0.59400895112332164
039521,3526,2070,531,0.61418764302059492
039521,3527,2070,294,0.63359971949099303
039521,3528,2070,457,0.6366191722399922
039521,3528,2070,465,0.61551474142097629
039521,3529,2070,430,0.62505274579540659
039521,3529,2070,431,0.59401345482415058
039521,3529,2070,433,0.64664467842192064
039521,3530,2070,527,0.63093281778637023
039521,3530,2070,529,0.63534931398832994
039521,3530,2070,530,0.59859700464796006
039521,3530,2070,532,0.62165923136741297
039521,3531,2070,502,0.62792608891598845
039521,3531,2070,503,0.6341591067690161
039521,3532,2070,524,0.59824088523194774
039521,3533,2070,313,0.62582955359274295
039521,3533,2070,315,0.60400641025641022
039521,3533,2070,316,0.62211707518874759
039521,3535,2070,346,0.62572510666858427
039521,3535,2070,347,0.57687429537767754
039521,3535,2070,349,0.58351456571351856
039521,3535,2070,350,0.62840287316205445
039521,3538,2070,524,0.59991164434523814
039521,3538,2070,529,0.6250078227673822
039521,3539,2070,520,0.59106543802284595
039521,3540,2070,516,0.66340309333104441
039521,3540,2070,517,0.60476567308537765
039521,3540,2070,521,0.6335370477762412
039521,3540,2070,523,0.62320031499837369
039521,3541,2070,487,0.65369228596978401
039521,3541,2070,490,0.59288066310889065
039521,3541,2070,491,0.6476669417241433
039521,3541,2070,497,0.64643977109650441
039521,3542,2070,339,0.60556387134460221
039521,3543,2070,342,0.64059011075685701
039521,3543,2070,344,0.62430862189170344
039521,3543,2070,346,0.63502341446493615
039521,3544,2070,347,0.61286922147798395
039521,3545,2070,434,0.63352018605760629
039521,3546,2070,447,0.6550418670942455
039521,3546,2070,451,0.64497138184791492
039521,3547,2070,522,0.61043337921868324
039521,3547,2070,529,0.61351895857010019
039521,3548,2070,478,0.63108237255739241
039521,3548,2070,479,0.6188403013423821
039521,3549,2070,440,0.61546349466776051
039521,3550,2070,372,0.5685308134088225
039521,3551,2070,357,0.59994195447572451
039521,3551,2070,364,0.64691658383895323
039521,3552,2070,487,0.62806650917681262
039521,3553,2070,360,0.6404255319148936
039521,3553,2070,361,0.63596947624002775
039521,3554,2070,551,0.62263065199574519
039521,3554,2070,553,0.59797932330827064
039521,3554,2070,554,0.62007809957696058
039521,3556,2070,320,0.60816749585406304
039521,3556,2070,327,0.64704624203276728
039521,3557,2070,415,0.61010981912144702
039521,3558,2070,376,0.62440160434726355
039521,3559,2070,422,0.63553416553867748
039521,3560,2070,558,0.63067502986857826
039521,3560,2070,560,0.64150503232686795
039521,3560,2070,562,0.61176364293458618
039521,3563,2070,429,0.62844893584443429
039521,3563,2070,433,0.58319741944837089
039521,3563,2070,434,0.60414546127509949
039521,3564,2070,415,0.59720256431604357
039521,3564,2070,418,0.64630570758405004
039521,3564,2070,421,0.61477591284908273
039521,3565,2070,435,0.6106330669944684
039521,3565,2070,437,0.62278058315686591
039521,3569,2070,415,0.63138195578899481
039521,3570,2070,430,0.64453600265457356
039521,3570,2070,432,0.6665854637166112
039521,3571,2070,286,0.64873877054646734
039521,3571,2070,287,0.64850763446635462
039521,3572,2070,211,0.59956523522414995
039521,3572,2070,213,0.6362707659377812
039521,3572,2070,214,0.61089612591851816
039521,3573,2070,334,0.61627856927646019
039521,3573,2070,335,0.60801104972375686
039521,3573,2070,339,0.60372922903815629
039521,3574,2070,211,0.63048222905481832
039521,3575,2070,434,0.64321757197981599
039521,3575,2070,435,0.61199029686958528
039521,3578,2070,314,0.58212372361371856
039521,3578,2070,315,0.65385390631298879
039521,3578,2070,316,0.62660090684909708
039521,3578,2070,317,0.60353436672311234
039521,3579,2070,551,0.60654530148374197
039521,3579,2070,554,0.60192862145917159
039521,3579,2070,556,0.63205058649654833
039521,3580,2070,491,0.62058465286236297
039521,3582,2070,324,0.61975103734439829
039521,3582,2070,326,0.60919040657473622
039521,3582,2070,327,0.65394818286320633
039521,3584,2070,473,0.58778654223604787
039521,3584,2070,476,0.616535828918365
039521,3584,2070,479,0.63864756985207793
039521,3585,2070,295,0.63997327651583547
039521,3585,2070,298,0.63624910233958654
039521,3585,2070,299,0.62374020156774912
039521,3586,2070,335,0.59261142179291648
039521,3586,2070,338,0.64976596143044374
039521,3586,2070,339,0.61333275219561101
039521,3586,2070,341,0.61520379859903151
039521,3586,2070,342,0.57000565930956426
039521,3587,2070,270,0.63982388865218009
039521,3587,2070,272,0.61657309996697651
039521,3589,2070,418,0.62541986417240791
039521,3590,2070,447,0.60910435653958106
039521,3591,2070,500,0.6384007486742227
039521,3591,2070,502,0.58666408967916506
039521,3592,2070,288,0.63433255444901226
039521,3593,2070,457,0.634910382690134
039521,3594,2070,549,0.61538955616931079
039521,3595,2070,476,0.64874141876430202
039521,3595,2070,480,0.61137040315442182
039521,3597,2070,632,0.63501773691450081
039521,3597,2070,633,0.62030637025966751
039521,3597,2070,634,0.63515835076187632
039521,3598,2070,451,0.61448037080471329
039521,3598,2070,452,0.62693142218423303
039521,3598,2070,456,0.6269569552933355
039521,3599,2070,266,0.6495983530456545
039521,3599,2070,271,0.63510714624142084
039521,3599,2070,272,0.61321011144332704
039521,3599,2070,273,0.64831206886026493
039521,3600,2070,459,0.57711878849852705
039521,3602,2070,487,0.6129276550249465
039521,3603,2070,530,0.59078389367376383
039521,3604,2070,243,0.6065645810093635
039521,3605,2070,189,0.59807959278111988
039521,3606,2070,513,0.63464853827625423
039521,3606,2070,516,0.61079645326354437
039521,3607,2070,525,0.58537202098742014
039521,3607,2070,531,0.63682029925079964
039521,3607,2070,533,0.64427104108496214
039521,3608,2070,115,0.59594061266679199
039521,3609,2070,334,0.60232399761641275
039521,3609,2070,338,0.61147630786086005
039521,3610,2070,382,0.62663698271346258
039521,3610,2070,383,0.644721689059501
039521,3610,2070,386,0.62564518935220093
039521,3611,2070,464,0.64064003849855633
039521,3611,2070,469,0.62608289033274267
039521,3612,2070,331,0.6465171596031819
039521,3612,2070,332,0.61768732317240116
039521,3613,2070,514,0.6105820982031962
039521,3614,2070,494,0.61275187313595691
039521,3616,2070,504,0.60533151641613081
039521,3617,2070,341,0.57317703159149613
039521,3618,2070,497,0.60172603050834628
039521,3619,2070,583,0.63189609543585357
039521,3619,2070,584,0.58400432315590378
039521,3619,2070,585,0.64882375841165674
039521,3619,2070,588,0.61306828639793853
039521,3619,2070,589,0.58316792377927751
039521,3619,2070,593,0.62988592068089977
039521,3620,2070,258,0.62713723710092295
039521,3620,2070,259,0.60303969985835149
039521,3620,2070,263,0.61641511119049741
039521,3621,2070,403,0.65155010149474069
039521,3621,2070,404,0.64400171056272482
039521,3622,2070,373,0.60827020202020199
039521,3622,2070,375,0.64268797117886445
039521,3622,2070,376,0.65143168700295173
039521,3623,2070,402,0.62902965046722925
039521,3624,2070,527,0.63920262790802318
039521,3625,2070,439,0.64813793890082316
039521,3625,2070,440,0.60343499691928526
039521,3626,2070,418,0.60724751331049565
039521,3626,2070,424,0.65672313393329806
039521,3627,2070,209,0.57878454557954073
039521,3628,2070,475,0.62365444573405249
039521,3629,2070,454,0.62241847201140699
039521,3629,2070,455,0.63196135627692884
039521,3630,2070,295,0.6186124633472827
039521,3630,2070,296,0.62011595664229902
039521,3631,2070,477,0.6374082936706198
039521,3631,2070,481,0.61995472552348618
039521,3632,2070,383,0.63579925918222036
039521,3632,2070,384,0.64384795220365398
039521,3633,2070,482,0.63459138443000385
039521,3634,2070,455,0.62278689792026387
039521,3634,2070,458,0.6345943893292828
039521,3634,2070,459,0.62687502447812637
039521,3634,2070,461,0.63556098248250603
039521,3635,2070,510,0.63576609247506799
039521,3635,2070,514,0.63431151241534989
039521,3636,2070,501,0.62657691348790823
039521,3636,2070,504,0.59059825559968882
039521,3636,2070,507,0.65103059432479893
039521,3636,2070,509,0.62485754508279145
039521,3637,2070,445,0.63189573695468337
039521,3637,2070,447,0.63167777673457892
039521,3639,2070,481,0.59645137284086014
039521,3639,2070,483,0.6086080201553643
039521,3641,2070,517,0.60763200151128738
039521,3641,2070,521,0.59673360869771641
039521,3641,2070,524,0.62953434525340879
039521,3642,2070,483,0.58783722818731388
039521,3642,2070,488,0.64791454554867212
039521,3643,2070,322,0.58542001931123266
039521,3644,2070,283,0.64108289143176111
039521,3645,2070,464,0.63500683884463749
039521,3646,2070,447,0.60451029726959282
039521,3647,2070,447,0.63612498580996713
039521,3648,2070,547,0.61812761344277534
039521,3649,2070,366,0.62025426680599094
039521,3649,2070,370,0.59356083283443095
039521,3649,2070,371,0.6042093589527231
039521,3650,2070,367,0.64261968676112424
039521,3650,2070,368,0.61744659439183935
039521,3650,2070,369,0.63764751875290149
039521,3650,2070,371,0.58349213911386377
039521,3651,2070,433,0.62823498683150858
039521,3651,2070,435,0.61327492619750501
039521,3651,2070,439,0.65020708082832335
039521,3652,2070,408,0.58531479967293543
039521,3652,2070,415,0.59361729507141936
039521,3654,2070,334,0.64257564100551112
039521,3655,2070,453,0.5930059848848892
039521,3655,2070,458,0.61101279060413483
039521,3655,2070,460,0.61866723622383601
039521,3656,2070,488,0.62563190149397041
039521,3656,2070,489,0.59907369074725725
039521,3656,2070,491,0.60939163012473929
039521,3657,2070,503,0.63250361113910447
039521,3658,2070,426,0.64751071059240661
039521,3658,2070,427,0.64550264550264547
039521,3658,2070,429,0.57439594560833718
039521,3658,2070,434,0.61337043618198273
039521,3659,2070,387,0.63013832067017339
039521,3660,2070,313,0.6486160560468589
039521,3661,2070,273,0.65310735957061461
039521,3662,2070,278,0.60852153090293548
039521,3662,2070,279,0.58467280206963823
039521,3662,2070,280,0.61836067980765697
039521,3662,2070,282,0.63491655969191274
039521,3662,2070,283,0.63005950627467155
039521,3662,2070,286,0.59254840075439741
039521,3663,2070,433,0.63874919996342694
039521,3663,2070,435,0.59562453386369285
039521,3663,2070,437,0.62057265036720277
039521,3664,2070,461,0.60183548606390214
039521,3665,2070,338,0.62687743142758656
039521,3665,2070,339,0.60962671139368885
039521,3665,2070,345,0.6050311693218311
039521,3667,2070,518,0.60949993516877732
039521,3667,2070,519,0.59209366294036747
039521,3667,2070,522,0.64710960049634481
039521,3667,2070,524,0.65647127784290737
039521,3668,2070,328,0.61623437337673581
039521,3669,2070,247,0.6291316240190189
039521,3669,2070,250,0.60800035439000621
039521,3669,2070,252,0.63435516409978843
039521,3669,2070,257,0.60363957975986282
039521,3670,2070,345,0.62527641572925685
039521,3671,2070,512,0.61940106032382858
039521,3671,2070,515,0.6532194480946123
039521,3671,2070,517,0.63201530612244894
039521,3671,2070,518,0.6216250052163752
039521,3672,2070,374,0.59584117086242883
039521,3672,2070,379,0.6572773831158103
039521,3673,2070,399,0.64425821478318457
039521,3673,2070,401,0.64372134488028532
039521,3674,2070,567,0.59802298850574709
039521,3675,2070,534,0.63857376243845043
039521,3677,2070,283,0.62745238265512882
039521,3677,2070,289,0.63672279066289461
039521,3677,2070,291,0.62410985150886156
039521,3678,2070,542,0.6242215380309285
039521,3678,2070,544,0.6146535867565911
039521,3678,2070,547,0.61974803558672642
039521,3678,2070,548,0.63479831951065546
039521,3679,2070,466,0.60396413402548377
039521,3680,2070,559,0.5977103657178493
039521,3680,2070,562,0.6169190600522193
039521,3680,2070,565,0.61067444219066935
039521,3681,2070,405,0.6394112287724224
039521,3682,2070,320,0.66368765290329024
039521,3682,2070,327,0.61829947869854396
039521,3682,2070,329,0.61585502833037964
039521,3683,2070,495,0.64247418379054966
039521,3684,2070,455,0.61723656664340543
039521,3684,2070,459,0.63976945244956773
039521,3684,2070,461,0.60058758368251219
039521,3685,2070,448,0.6000437668684806
039521,3686,2070,344,0.62675241752648869
039521,3687,2070,453,0.58066529064465033
039521,3687,2070,458,0.60712796998749474
039521,3687,2070,460,0.58615627408522042
039521,3688,2070,360,0.62592228234136749
039521,3688,2070,361,0.63982732732732728
039521,3688,2070,365,0.62747546065093851
039521,3688,2070,366,0.64744113640786149
039521,3690,2070,506,0.63334829947244364
039521,3692,2070,469,0.63841192901741706
039521,3692,2070,470,0.60942453854505974
039521,3692,2070,471,0.6146501353854924
039521,3693,2070,320,0.64851761355984383
039521,3693,2070,321,0.6341119733264533
039521,3693,2070,322,0.65830854228644287
039521,3694,2070,478,0.61840841673958047
039521,3694,2070,483,0.62905219780219779
039521,3695,2070,285,0.61616873355881252
039521,3695,2070,286,0.64566400715830286
039521,3695,2070,288,0.59461158509205214
039521,3695,2070,291,0.61795759221939894
039521,3697,2070,424,0.57954495638069348
039521,3697,2070,427,0.64800734618916433
039521,3698,2070,428,0.60111751201975139
039521,3698,2070,430,0.64124713473130146
039521,3699,2070,300,0.58103254462204923
039521,3699,2070,301,0.63080064552251092
039521,3699,2070,302,0.62181503259036419
039521,3700,2070,523,0.6418250252455705
039521,3700,2070,529,0.64197703724446931
039521,3702,2070,498,0.63964688432602446
039521,3702,2070,499,0.63196401799100455
039521,3703,2070,455,0.60892116182572609
039521,3704,2070,540,0.63407228715218567
039521,3704,2070,543,0.56808024630052634
039521,3704,2070,544,0.62446519758936381
039521,3704,2070,547,0.55818158336562052
039521,3705,2070,527,0.63314509122502172
039521,3705,2070,531,0.59978080402947487
039521,3706,2070,503,0.59577783362653935
039521,3706,2070,506,0.65699055259407824
039521,3706,2070,512,0.64982254101412229
039521,3707,2070,422,0.61645957615108271
039521,3708,2070,553,0.62101789126281048
039521,3708,2070,554,0.61580416032470831
039521,3708,2070,555,0.62918590522478735
039521,3708,2070,556,0.61732276075634585
039521,3709,2070,270,0.64843608641632788
039521,3710,2070,426,0.6159875234934219
039521,3710,2070,428,0.6122746868529142
039521,3711,2070,465,0.60967701183307366
039521,3711,2070,470,0.63900451687184479
039521,3711,2070,471,0.61698464402047459
039521,3712,2070,497,0.58731990618368635
039521,3712,2070,498,0.60682336432204875
039521,3712,2070,500,0.5764648567252757
039521,3712,2070,502,0.59016170367178467
039521,3713,2070,412,0.64402970608902133
039521,3713,2070,420,0.63751040893029953
039521,3713,2070,423,0.6084345633738254
039521,3714,2070,497,0.62098621173171298
039521,3714,2070,506,0.5867550832198849
039521,3715,2070,290,0.60478464164666879
039521,3716,2070,629,0.60235393022278272
039521,3716,2070,632,0.63673259557888473
039521,3716,2070,634,0.63588821019161579
039521,3716,2070,638,0.62813107797489243
039521,3718,2070,633,0.64119220481467332
039521,3718,2070,634,0.63695024077046547
039521,3718,2070,636,0.60791462534654972
039521,3718,2070,637,0.63045547246770905
039521,3719,2070,409,0.64098269123394747
039521,3719,2070,410,0.62468121893235362
039521,3720,2070,484,0.58607034707663641
039521,3720,2070,488,0.61016433353621424
039521,3720,2070,490,0.63406646721112636
039521,3720,2070,491,0.59812127148072303
039521,3721,2070,254,0.63308741032876614
039521,3721,2070,256,0.60932284672933057
039521,3723,2070,493,0.55357204338096055
039521,3723,2070,503,0.60814026010025179
039521,3724,2070,554,0.59685444865861725
039521,3724,2070,557,0.59293937068303915
039521,3724,2070,559,0.60226273745365588
039521,3725,2070,229,0.6209750848439699
039521,3725,2070,234,0.59410234171725929
039521,3726,2070,347,0.61102810637886484
039521,3726,2070,350,0.62662016104723761
039521,3726,2070,353,0.6034960669247097
039521,3727,2070,584,0.6556891943489882
039521,3727,2070,587,0.62280738476995856
039521,3727,2070,588,0.64123383787123256
039521,3727,2070,590,0.61183199590233905
039521,3727,2070,592,0.61672083380029141
039521,3728,2070,259,0.61194754735308399
039521,3728,2070,265,0.6194729507158242
039521,3728,2070,266,0.63703888128138098
039521,3729,2070,298,0.62267767620171044
039521,3730,2070,551,0.64718836324299267
039521,3730,2070,553,0.64569036446325079
039521,3730,2070,554,0.63128512551517424
039521,3730,2070,555,0.62038350745947801
039521,3731,2070,621,0.62873331412657252
039521,3731,2070,622,0.62035603715170273
039521,3731,2070,626,0.60874252670783102
039521,3732,2070,435,0.61874825370215147
039521,3732,2070,436,0.60194442257734393
039521,3732,2070,439,0.63437136366155045
039521,3732,2070,441,0.56558819030136143
039521,3732,2070,443,0.6342465067361146
039521,3733,2070,568,0.60894886934168779
039521,3733,2070,573,0.64018137703353084
039521,3734,2070,342,0.61600755837494936
039521,3734,2070,345,0.62891369452763413
039521,3734,2070,349,0.59483221199488179
039521,3736,2070,536,0.63727633751282853
039521,3738,2070,445,0.61113763618212591
039521,3738,2070,450,0.5891546498575253
039521,3739,2070,526,0.5791975139383968
039521,3739,2070,528,0.62641239045361852
039521,3739,2070,530,0.61178528243219898
039521,3740,2070,413,0.64991194250083295
039521,3740,2070,414,0.57094325378517807
039521,3741,2070,513,0.62806329645707881
039521,3741,2070,518,0.61979116465863449
039521,3742,2070,394,0.57996983408748115
039521,3742,2070,395,0.61856520742608301
039521,3744,2070,469,0.57612972972972976
039521,3744,2070,475,0.62701050112986845
039521,3747,2070,372,0.61771004942339369
039521,3747,2070,373,0.64340642439688889
039521,3747,2070,374,0.62861876788672988
039521,3747,2070,375,0.62630721003134793
039521,3749,2070,408,0.62870855148342064
039521,3749,2070,410,0.61828236517464674
039521,3750,2070,425,0.6660233621127476
039521,3750,2070,426,0.62514507813976083
039521,3750,2070,428,0.61915732155436665
039521,3750,2070,429,0.57739319859615157
039521,3751,2070,324,0.63548503347129548
039521,3751,2070,326,0.63375294193854859
039521,3752,2070,478,0.62211674946770756
039521,3753,2070,568,0.63690161975939763
039521,3754,2070,483,0.6206469283944176
039521,3754,2070,489,0.59325273010920432
039521,3755,2070,523,0.63934915659053593
039521,3755,2070,525,0.63774968307808266
039521,3755,2070,527,0.62841645533953228
039521,3755,2070,531,0.61955223220211497
039521,3756,2070,543,0.63514087498230209
039521,3757,2070,555,0.62002353402627963
039521,3757,2070,558,0.61283507196619569
039521,3758,2070,366,0.63532171745558519
039521,3758,2070,372,0.59021117194253492
039521,3759,2070,434,0.59319914485095393
039521,3759,2070,438,0.62288874495540825
039521,3759,2070,439,0.58593358538696305
039521,3761,2070,483,0.61502944042021435
039521,3761,2070,484,0.61498959670636155
039521,3761,2070,489,0.59396555046048327
039521,3761,2070,491,0.61211366936320266
039521,3762,2070,395,0.59700362199539014
039521,3763,2070,358,0.59268426842684263
039521,3764,2070,409,0.61311566645023652
039521,3764,2070,411,0.6030919132720739
039521,3766,2070,304,0.60492831541218639
039521,3766,2070,308,0.6451219865974297
039521,3767,2070,351,0.61681820051836922
039521,3767,2070,354,0.62086871949842826
039521,3767,2070,355,0.61754884986396241
039521,3769,2070,466,0.62377834403122279
039521,3770,2070,237,0.60766132808841433
039521,3771,2070,421,0.60893426930440331
039521,3773,2070,355,0.6040052700922266
039521,3774,2070,598,0.61467085555636736
039521,3774,2070,603,0.60643661971830987
039521,3775,2070,446,0.62548129134169217
039521,3776,2070,380,0.63606679232259944
039521,3776,2070,381,0.63637486109396224
039521,3778,2070,400,0.60279922779922779
039521,3778,2070,401,0.63839211652675931
039521,3779,2070,550,0.60406362785723833
039521,3779,2070,551,0.62674975164815316
039521,3780,2070,511,0.63038645286410289
039521,3780,2070,514,0.62291434927697442
039521,3781,2070,368,0.60672402251258273
039521,3781,2070,370,0.63268397612627625
039521,3782,2070,456,0.61158084742542274
039521,3782,2070,463,0.612776219302131
039521,3782,2070,464,0.62713963465876421
039521,3783,2070,370,0.63884951446040583
039521,3783,2070,371,0.628388623839639
039521,3783,2070,374,0.62474520028442759
039521,3783,2070,375,0.62560837577815509
039521,3786,2070,329,0.64718597642752329
039521,3786,2070,330,0.59684864624944522
039521,3787,2070,370,0.59679584325611601
039521,3787,2070,371,0.59200593445913519
039521,3788,2070,298,0.61646315984957523
039521,3790,2070,367,0.6190348205220092
039521,3792,2070,346,0.63073308270676687
039521,3793,2070,510,0.61619156214367166
039521,3793,2070,513,0.64478525661358876
039521,3793,2070,514,0.64717186546360295
039521,3793,2070,517,0.60387002555677249
039521,3794,2070,427,0.64604385784010454
039521,3794,2070,428,0.61733941263242587
039521,3795,2070,455,0.64285222973747569
039521,3795,2070,459,0.64943498784151055
039521,3796,2070,592,0.62095377040211541
039521,3796,2070,593,0.62771116541927596
039521,3796,2070,594,0.59282263630089715
039521,3796,2070,598,0.62947318462268631
039521,3797,2070,173,0.62537278106508876
039521,3799,2070,229,0.60187978142076504
039521,3799,2070,230,0.64601441951350991
039521,3800,2070,538,0.61661263899055385
039521,3800,2070,539,0.58721533164640971
039521,3800,2070,541,0.64766423267479645
039521,3800,2070,542,0.63809708643652507
039521,3800,2070,543,0.6014438943894389
039521,3801,2070,271,0.63894839337877307
039521,3802,2070,416,0.64241392906800587
039521,3803,2070,159,0.60749698823093323
039521,3804,2070,277,0.62688038027883253
039521,3806,2070,416,0.61693820224719098
039521,3807,2070,219,0.61995244994241983
039521,3808,2070,502,0.61455777359147679
039521,3809,2070,293,0.63345657646318443
039521,3809,2070,296,0.60621947716173519
039521,3810,2070,584,0.57956593571643134
039521,3810,2070,588,0.65042527224046098
039521,3810,2070,589,0.63428432878040897
039521,3811,2070,435,0.63795692006005456
039521,3812,2070,333,0.60312327470620708
039521,3813,2070,344,0.62728300574012874
039521,3813,2070,345,0.5940154684924559
039521,3813,2070,354,0.58020433676768546
039521,3814,2070,436,0.59499617611712008
039521,3814,2070,438,0.63869451697127932
039521,3815,2070,312,0.65077367063735725
039521,3816,2070,546,0.63306031273268804
039521,3817,2070,308,0.62257705751509373
039521,3817,2070,312,0.63841975308641974
039521,3817,2070,316,0.61266823733311671
039521,3819,2070,496,0.62305657525372493
039521,3819,2070,506,0.61594173079297143
039521,3819,2070,508,0.62463506783444955
039521,3820,2070,342,0.59709750566893427
039521,3820,2070,344,0.65832705350414467
039521,3821,2070,268,0.63103488629123483
039521,3822,2070,493,0.61563304852622547
039521,3822,2070,500,0.56683669338515097
039521,3823,2070,372,0.62188348706907093
039521,3824,2070,439,0.64574647998112167
039521,3825,2070,288,0.62333159038996067
039521,3825,2070,289,0.64893796714665763
039521,3825,2070,292,0.62947572330188095
039521,3826,2070,463,0.60764453336667912
039521,3826,2070,466,0.61406243235052171
039521,3827,2070,475,0.63759735795038264
039521,3827,2070,479,0.622913689432955
039521,3827,2070,482,0.62345134796529167
039521,3829,2070,439,0.58803252607389078
039521,3830,2070,518,0.59584450402144773
039521,3830,2070,522,0.61704353423996139
039521,3830,2070,525,0.6488954344624448
039521,3831,2070,330,0.60378020435907553
039521,3831,2070,331,0.60380424393041487
039521,3831,2070,334,0.62649956110406713
039521,3831,2070,335,0.61690941766583518
039521,3832,2070,318,0.63363017810686417
039521,3833,2070,353,0.5821976514956716
039521,3833,2070,357,0.61076795720835453
039521,3834,2070,443,0.60694673718963721
039521,3834,2070,444,0.65040210694633871
039521,3835,2070,401,0.6012273524254822
039521,3835,2070,402,0.60846766362400462
039521,3835,2070,405,0.6383463420099339
039521,3836,2070,337,0.64141607610291773
039521,3837,2070,410,0.62389846945229166
039521,3838,2070,447,0.62972400815430452
039521,3839,2070,587,0.6272155043895975
039521,3841,2070,380,0.65623352048887929
039521,3842,2070,445,0.61551709997539572
039521,3842,2070,449,0.6311410064773294
039521,3843,2070,226,0.6294590288841172
039521,3843,2070,230,0.64724096496903594
039521,3844,2070,440,0.63348089693003562
039521,3844,2070,444,0.62081859525012628
039521,3845,2070,392,0.61812563372121099
039521,3845,2070,393,0.60740453200058231
039521,3846,2070,388,0.64501387759679274
039521,3847,2070,438,0.6221478551871007
039521,3847,2070,441,0.58709422011084722
039521,3848,2070,209,0.63610778065248941
039521,3848,2070,211,0.61045947614428075
039521,3849,2070,328,0.61577496828382694
039521,3850,2070,425,0.62671566457097316
039521,3852,2070,442,0.61936763693777575
039521,3852,2070,448,0.63448985443689176
039521,3853,2070,361,0.64177232447171095
039521,3853,2070,363,0.62338260349035313
039521,3855,2070,205,0.60212047864180274
039521,3855,2070,212,0.61930723316256986
039521,3856,2070,445,0.61902406857896475
039521,3858,2070,303,0.62488822046988046
039521,3859,2070,404,0.63258285554467908
039521,3859,2070,407,0.63394796235574669
039521,3860,2070,297,0.62355498011652644
039521,3861,2070,370,0.64663705767946822
039521,3863,2070,261,0.62266425557564797
039521,3864,2070,197,0.59538756790163616
039521,3865,2070,191,0.63340277424927593
039521,3865,2070,193,0.62167010494214725
039521,3866,2070,428,0.62103724610654709
039521,3868,2070,448,0.61207391642174247
039521,3868,2070,451,0.63906377574163109
039521,3869,2070,242,0.63524231778224383
039521,3870,2070,241,0.59525234390584481
039521,3872,2070,326,0.62288874495540825
039521,3873,2070,571,0.61449069973427817
039521,3875,2070,355,0.5996205236136356
039521,3875,2070,359,0.63530089734090722
039521,3875,2070,364,0.61698146161331369
039521,3877,2070,650,0.63664104623150164
039521,3878,2070,546,0.6056762786086094
039521,3878,2070,549,0.6216599750796068
039521,3878,2070,551,0.59934862187769167
039521,3878,2070,555,0.60468575678690961
039521,3879,2070,385,0.60473424145299148
039521,3881,2070,251,0.62364421092137357
039521,3881,2070,252,0.61018413275744487
039521,3881,2070,253,0.61238774432118326
039521,3881,2070,257,0.63928688871142014
039521,3881,2070,258,0.62686749938770514
039521,3882,2070,325,0.62293528643499196
039521,3882,2070,328,0.60093319347487972
039521,3882,2070,329,0.63967929086963882
039521,3884,2070,57,0.59398965578740859
039521,3885,2070,542,0.59907008488674662
039521,3885,2070,544,0.60340374504197025
039521,3885,2070,545,0.64013241660300479
039521,3885,2070,548,0.61406303823630726
039521,3886,2070,418,0.63496738901746264
039521,3887,2070,400,0.5861626614213632
039521,3888,2070,343,0.57923586016484629
039521,3889,2070,231,0.65393626562700202
039521,3890,2070,271,0.63067771053229504
039521,3890,2070,273,0.6422377190499472
039521,3891,2070,351,0.63213382362318538
039521,3891,2070,361,0.62257943613875821
039521,3892,2070,455,0.6297004720820446
039521,3892,2070,458,0.62343344247487864
039521,3893,2070,298,0.61755771567436213
039521,3893,2070,299,0.65020135689148495
039521,3894,2070,441,0.637755566479145
039521,3894,2070,442,0.5944686001165449
039521,3894,2070,444,0.63002814103625226
039521,3894,2070,446,0.64763276574583739
039521,3894,2070,449,0.61065082154713091
039521,3894,2070,450,0.61950816021378807
039521,3895,2070,421,0.60669373595616349
039521,3895,2070,426,0.58608224130140085
039521,3896,2070,386,0.63294590970049169
039521,3897,2070,386,0.64336252724978005
039521,3897,2070,389,0.63918489437277992
039521,3897,2070,391,0.6454509726861859
039521,3897,2070,392,0.61383846997198199
039521,3898,2070,417,0.60750970098151102
039521,3898,2070,421,0.6125317340593841
039521,3898,2070,424,0.63101095432603049
039521,3899,2070,481,0.64168236276432555
039521,3899,2070,490,0.63852054938971348
039521,3899,2070,494,0.6275578053279568
039521,3900,2070,477,0.63821463501378151
039521,3901,2070,576,0.60219478737997256
039521,3901,2070,578,0.61028852605681061
039521,3901,2070,581,0.55520169851380041
039521,3901,2070,582,0.62196450535933934
039521,3901,2070,588,0.64093931951764671
039521,3901,2070,589,0.60119958764174819
039521,3901,2070,590,0.64499129880634332
039521,3902,2070,181,0.63777738169503606
039521,3902,2070,182,0.60793986375381726
039521,3904,2070,267,0.61304559467791664
039521,3904,2070,269,0.59044862518089725
039521,3905,2070,313,0.64648182055976977
039521,3905,2070,315,0.6347759771210677
039521,3906,2070,440,0.6103167369260567
039521,3906,2070,441,0.60983537357534823
039521,3906,2070,443,0.5945630784928212
039521,3907,2070,237,0.63632075471698113
039521,3910,2070,485,0.61910197869101979
039521,3910,2070,489,0.6228588430314107
039521,3910,2070,490,0.61813915989528134
039521,3911,2070,276,0.61223906205318845
039521,3912,2070,404,0.61466236211998926
039521,3912,2070,410,0.62134552161013556
039521,3913,2070,481,0.63003925872767952
039521,3913,2070,482,0.60938630247967362
039521,3913,2070,484,0.62570259991867783
039521,3913,2070,485,0.60244254677885223
039521,3914,2070,295,0.59676995798319332
039521,3915,2070,446,0.60786197510107687
039521,3915,2070,450,0.61281132248874182
039521,3915,2070,455,0.59559931326863114
039521,3916,2070,333,0.62767798531956798
039521,3916,2070,334,0.64319048245037469
039521,3916,2070,337,0.59036777583187394
039521,3916,2070,338,0.62318515863057899
039521,3916,2070,340,0.59284645628196653
039521,3917,2070,342,0.62612252156130521
039521,3918,2070,350,0.62452130569570241
039521,3918,2070,352,0.61846427495589062
039521,3918,2070,358,0.5998663037769183
039521,3918,2070,360,0.65215201465201467
039521,3919,2070,288,0.61590613835660923
039521,3921,2070,310,0.64422460473236209
039521,3921,2070,317,0.6319690768531151
039521,3921,2070,319,0.61510353227771009
039521,3921,2070,321,0.61861439277415975
039521,3922,2070,172,0.6002630743411802
039521,3924,2070,413,0.64027750761849189
039521,3924,2070,416,0.63288839451242118
039521,3925,2070,583,0.66223917110375596
039521,3925,2070,585,0.61691690696364054
039521,3926,2070,417,0.63094272867988499
039521,3926,2070,420,0.64524660925498822
039521,3927,2070,348,0.63295072610818692
039521,3928,2070,467,0.60249823238274802
039521,3929,2070,459,0.64911459744353861
039521,3929,2070,463,0.63169662820856809
039521,3931,2070,308,0.61452374466539539
039521,3932,2070,226,0.61265060240963853
039521,3933,2070,279,0.57816524668119673
039521,3933,2070,281,0.64065292505659477
039521,3933,2070,283,0.64231606443186762
039521,3933,2070,284,0.61686119417382079
039521,3933,2070,285,0.62422989099995696
039521,3934,2070,501,0.56119059785385794
039521,3935,2070,241,0.65387384144695404
039521,3935,2070,242,0.59257383966244725
039521,3936,2070,434,0.59838786154575629
039521,3936,2070,436,0.60935665649213433
039521,3936,2070,437,0.63778957528957525
039521,3938,2070,186,0.6258206407563025
039521,3938,2070,187,0.58724526336350025
039521,3939,2070,356,0.64580310212505243
039521,3940,2070,435,0.61438707134410719
039521,3941,2070,272,0.60207552750936699
039521,3942,2070,425,0.64519667119099522
039521,3942,2070,427,0.58745756072081479
039521,3942,2070,430,0.65020006155740229
039521,3942,2070,438,0.61324888846239967
039521,3944,2070,395,0.61398859565757735
039521,3944,2070,396,0.64249401679988738
039521,3945,2070,253,0.60473128158015621
039521,3945,2070,258,0.64672242036649863
039521,3946,2070,149,0.62750869681562749
039521,3947,2070,163,0.62495289773155471
039521,3947,2070,167,0.63445476179366334
039521,3947,2070,170,0.61250218112022337
039521,3947,2070,171,0.6373389614386844
039521,3948,2070,377,0.63399187068721052
039521,3949,2070,429,0.61619765849518782
039521,3949,2070,432,0.63553214351233067
039521,3950,2070,364,0.64001386161487817
039521,3950,2070,367,0.63027193898397427
039521,3950,2070,370,0.64347719770143053
039521,3952,2070,399,0.61605617059216877
039521,3953,2070,384,0.60734337403083505
039521,3954,2070,438,0.65257860179909177
039521,3955,2070,212,0.59220815490597656
039521,3955,2070,216,0.62777087425341727
039521,3956,2070,467,0.6322412532968954
039521,3957,2070,491,0.64418713152648766
039521,3957,2070,494,0.6316889222632146
039521,3957,2070,495,0.58413016422305197
039521,3957,2070,496,0.61700213276459615
039521,3958,2070,316,0.61102305149223313
039521,3958,2070,319,0.60291495464764711
039521,3959,2070,419,0.62963054187192113
039521,3959,2070,421,0.61378390707793806
039521,3960,2070,275,0.6311130105623054
039521,3960,2070,278,0.62789504833300458
039521,3960,2070,280,0.62602048123746779
039521,3961,2070,355,0.61478467949990079
039521,3961,2070,356,0.61825746693744121
039521,3961,2070,362,0.62241997856776776
039521,3962,2070,365,0.60287026928675402
039521,3962,2070,368,0.6466485696387555
039521,3963,2070,507,0.63075731254988499
039521,3963,2070,514,0.6191048085361911
039521,3964,2070,400,0.64257852003814042
039521,3964,2070,403,0.58939979200713122
039521,3964,2070,409,0.61983885269285632
039521,3965,2070,541,0.64771882894932387
039521,3966,2070,428,0.63054845801889592
039521,3967,2070,188,0.62648556876061123
039521,3967,2070,189,0.63327276646854114
039521,3967,2070,191,0.62629340443090209
039521,3968,2070,424,0.62305902263592128
039521,3969,2070,420,0.60913256692660178
039521,3969,2070,426,0.63643013899049017
039521,3969,2070,428,0.64831046015453808
039521,3969,2070,429,0.63254898452178576
039521,3969,2070,430,0.6513135735938026
039521,3970,2070,439,0.64824640165428671
039521,3970,2070,440,0.57982273385359651
039521,3970,2070,441,0.63170809287953833
039521,3970,2070,443,0.6378037526914796
039521,3970,2070,446,0.64336291540785495
039521,3971,2070,201,0.63674049793931209
039521,3972,2070,443,0.59815816401110944
039521,3973,2070,430,0.6428571428571429
039521,3974,2070,472,0.62788617547946912
039521,3974,2070,474,0.58676285254878102
039521,3975,2070,467,0.64373737266890207
039521,3975,2070,469,0.61187840898216961
039521,3976,2070,419,0.61269479285442796
039521,3977,2070,528,0.61319661933158864
039521,3977,2070,531,0.59867063946825583
039521,3978,2070,447,0.62194350528956266
039521,3978,2070,449,0.63966960787077498
039521,3979,2070,361,0.61538461538461542
039521,3979,2070,367,0.63150617026272537
039521,3980,2070,409,0.6013418340870339
039521,3981,2070,203,0.64564690389967971
039521,3982,2070,380,0.64629920326985157
039521,3982,2070,382,0.60031829656459224
039521,3982,2070,384,0.63701923076923073
039521,3983,2070,542,0.63731645030857631
039521,3983,2070,544,0.6368237258970596
039521,3983,2070,548,0.64241749009150517
039521,3983,2070,552,0.62127259036144578
039521,3985,2070,492,0.5895642154643842
039521,3987,2070,486,0.5979436649887544
039521,3987,2070,490,0.63959811300370917
039521,3987,2070,492,0.62134680355561389
039521,3987,2070,493,0.65231763844840207
039521,3988,2070,304,0.59496773139449388
039521,3988,2070,309,0.63899210404087325
039521,3989,2070,553,0.5839621434966108
039521,3991,2070,512,0.62190681788890323
039521,3991,2070,515,0.61637370575487604
039521,3991,2070,516,0.60958173017252082
039521,3991,2070,517,0.63948402071058741
039521,3992,2070,261,0.63368295323056245
039521,3993,2070,398,0.62823953110656028
039521,3993,2070,401,0.61778827233372691
039521,3994,2070,511,0.62944803145783779
039521,3994,2070,515,0.64400726616660287
039521,3994,2070,517,0.60289194878696895
039521,3996,2070,433,0.61285554490252481
039521,3997,2070,328,0.64482741039106717
039521,3997,2070,330,0.62307514450867052
039521,3997,2070,333,0.60140770719690306
039521,3998,2070,482,0.63005729653882137
039521,3998,2070,483,0.62164264657713719
039521,3999,2070,389,0.63430790315212426
039521,3999,2070,390,0.57165328923486469
039521,3999,2070,392,0.63175626895124415
039521,4000,2070,345,0.59971091738560911
039521,4000,2070,346,0.62038109695202337
039521,4000,2070,347,0.61442147457550778
039521,4002,2070,421,0.61979495651328897
039521,4002,2070,424,0.61326676700561655
039521,4002,2070,426,0.6165718245385633
039521,4002,2070,428,0.61979050590595053
039521,4003,2070,320,0.61626056415322139
039521,4003,2070,324,0.61799617902220549
039521,4006,2070,441,0.56301139255373289
039521,4006,2070,442,0.62802188827180661
039521,4007,2070,445,0.62006101644467593
039521,4008,2070,223,0.63249191951953299
039521,4009,2070,441,0.63065693430656933
039521,4009,2070,445,0.60218638168537675
039521,4010,2070,424,0.60037031322326806
039521,4011,2070,258,0.63389961763709401
039521,4012,2070,417,0.62730428829886065
039521,4013,2070,451,0.64042400694103885
039521,4013,2070,456,0.61720366538575233
039521,4013,2070,460,0.5934191921122024
039521,4014,2070,369,0.61696806464024623
039521,4015,2070,487,0.6070000395929841
039521,4017,2070,417,0.60211768644848074
039521,4017,2070,419,0.63414714943518735
039521,4017,2070,420,0.58508578970523539
039521,4017,2070,421,0.64000167207769587
039521,4017,2070,425,0.63986750978620899
039521,4018,2070,354,0.63070361771147232
039521,4018,2070,356,0.64229460379193004
039521,4019,2070,393,0.61900478390644809
039521,4020,2070,328,0.64713954478777269
039521,4020,2070,329,0.62419515985790408
039521,4020,2070,331,0.61412739281316464
039521,4021,2070,357,0.64680809126074856
039521,4022,2070,614,0.63693592808934352
039521,4023,2070,473,0.59439323749940298
039521,4023,2070,475,0.64482073434125275
039521,4025,2070,518,0.62733708477037575
039521,4025,2070,519,0.6164097525026101
039521,4026,2070,388,0.63370521065756658
039521,4026,2070,390,0.6020525978191148
039521,4027,2070,412,0.63946179989757435
039521,4028,2070,464,0.63819331258951939
039521,4029,2070,336,0.64014576374126941
039521,4029,2070,338,0.59872283153403394
039521,4029,2070,341,0.61442614992515876
039521,4029,2070,343,0.64173876345220515
039521,4029,2070,345,0.60774029483053205
039521,4030,2070,426,0.62633759847001502
039521,4030,2070,429,0.61945807728791191
039521,4031,2070,464,0.61633641567591368
039521,4031,2070,466,0.60835847692192602
039521,4033,2070,422,0.65151463289406131
039521,4033,2070,424,0.62040901502504175
039521,4033,2070,426,0.60246130097337169
039521,4034,2070,394,0.63510234656157893
039521,4034,2070,399,0.63540145985401464
039521,4035,2070,424,0.61964058299136837
039521,4035,2070,432,0.62179487179487181
039521,4036,2070,306,0.65252130185780133
039521,4037,2070,322,0.63800103459627233
039521,4037,2070,323,0.62704331450094164
039521,4037,2070,325,0.63379501385041548
039521,4038,2070,199,0.64456343989482801
039521,4038,2070,201,0.57392394156581683
039521,4038,2070,202,0.63922509553008089
039521,4038,2070,203,0.60661610579671477
039521,4038,2070,205,0.64083661633667555
039521,4038,2070,207,0.62068341253677306
039521,4038,2070,208,0.60496985992454144
039521,4039,2070,336,0.5968852228711341
039521,4039,2070,337,0.64025623735670933
039521,4040,2070,392,0.654876404494382
039521,4041,2070,438,0.63204714148110375
039521,4042,2070,297,0.63806548991656531
039521,4042,2070,299,0.62370341913177108
039521,4043,2070,459,0.59360193671104966
039521,4044,2070,488,0.61540678128902127
039521,4044,2070,491,0.58676961602671118
039521,4044,2070,493,0.60884074941451993
039521,4044,2070,494,0.5762611814920765
039521,4044,2070,497,0.63457850525349102
039521,4045,2070,456,0.61113477594138699
039521,4045,2070,458,0.63346474642636841
039521,4045,2070,459,0.61883729258684494
039521,4045,2070,461,0.60864481842338347
039521,4046,2070,279,0.64629461479360206
039521,4047,2070,347,0.57352674524025382
039521,4048,2070,448,0.59953985066851889
039521,4048,2070,449,0.64276244425696039
039521,4048,2070,450,0.60935620252294365
039521,4048,2070,451,0.60799473027319373
039521,4049,2070,500,0.651216814159292
039521,4050,2070,472,0.64842537654039256
039521,4050,2070,478,0.63213301849665482
039521,4050,2070,480,0.62788676434070023
039521,4051,2070,481,0.62775227573329184
039521,4051,2070,484,0.62119679852061604
039521,4052,2070,520,0.65126112106174938
039521,4053,2070,453,0.63172316123272065
039521,4054,2070,273,0.63118545862342879
039521,4054,2070,277,0.61345528806051719
039521,4055,2070,261,0.63597380321222519
039521,4056,2070,402,0.64400520771688963
039521,4057,2070,512,0.61922270838695448
039521,4057,2070,515,0.611478085172521
039521,4057,2070,516,0.60318406564505378
039521,4058,2070,292,0.57433234989846349
039521,4058,2070,294,0.60608521207489496
039521,4058,2070,296,0.64084654189427182
039521,4059,2070,422,0.60940082644628102
039521,4059,2070,424,0.63434008379888274
039521,4059,2070,431,0.61734510446210999
039521,4059,2070,434,0.61906931708150592
039521,4060,2070,351,0.62484374441944357
039521,4062,2070,490,0.6176325726481694
039521,4063,2070,465,0.63082855976692798
039521,4063,2070,467,0.60828919916546298
039521,4063,2070,470,0.64339268978444231
039521,4064,2070,255,0.5971390088709303
039521,4064,2070,256,0.64124440487672185
039521,4065,2070,292,0.6281469252992159
039521,4066,2070,376,0.6364410717051262
039521,4066,2070,378,0.61518891209417126
039521,4066,2070,383,0.60151557902374142
039521,4066,2070,384,0.63993453355155483
039521,4067,2070,440,0.60612332902112975
039521,4067,2070,442,0.60769393362925384
039521,4067,2070,445,0.65772566655958886
039521,4067,2070,448,0.59628216041077464
039521,4068,2070,521,0.61383882933668255
039521,4069,2070,255,0.65372971363343091
039521,4069,2070,260,0.62860944400407659
039521,4069,2070,261,0.57548992547612476
039521,4069,2070,262,0.60586922455957071
039521,4069,2070,263,0.59267578124999998
039521,4070,2070,394,0.63499619192688495
039521,4070,2070,396,0.6405069547412271
039521,4070,2070,399,0.61349104859335035
039521,4070,2070,401,0.64379119154723297
039521,4071,2070,387,0.63869516650061886
039521,4071,2070,390,0.6408005881382125
039521,4071,2070,392,0.60280770209517343
039521,4071,2070,396,0.63486273756959111
039521,4072,2070,374,0.60362361192285219
039521,4072,2070,375,0.64787892463413066
039521,4073,2070,459,0.63487081448932137
039521,4073,2070,467,0.62779374942038391
039521,4073,2070,468,0.58536585365853655
039521,4074,2070,184,0.63252232105325101
039521,4075,2070,367,0.65276472096402016
039521,4075,2070,375,0.61208336997625534
039521,4075,2070,377,0.64402910185649775
039521,4075,2070,378,0.62443018366895331
039521,4076,2070,483,0.6345420857596612
039521,4076,2070,488,0.60346241851228255
039521,4076,2070,489,0.58502294534835209
039521,4077,2070,388,0.63899121564182493
039521,4077,2070,390,0.63156220171810373
039521,4077,2070,394,0.63509149623250805
039521,4077,2070,395,0.61259384628737579
039521,4078,2070,260,0.63424838394403393
039521,4078,2070,264,0.60306248456408995
039521,4079,2070,367,0.57119362936033935
039521,4079,2070,372,0.60814289057015836
039521,4080,2070,398,0.60136430794379303
039521,4080,2070,405,0.62150628968976251
039521,4081,2070,423,0.60467477381946166
039521,4081,2070,427,0.60525179234689475
039521,4081,2070,430,0.64066424546873935
039521,4081,2070,431,0.64322131462090892
039521,4081,2070,432,0.59685627778135675
039521,4082,2070,399,0.62700409266699209
039521,4082,2070,402,0.60290100781765099
039521,4083,2070,436,0.64852806589383771
039521,4083,2070,440,0.64724589746851546
039521,4083,2070,441,0.60946132596685088
039521,4084,2070,405,0.62952606388513166
039521,4085,2070,510,0.64689012186161987
039521,4085,2070,511,0.62043795620437958
039521,4085,2070,512,0.57061694806753616
039521,4085,2070,514,0.63323187210195431
039521,4085,2070,516,0.57836225596529289
039521,4085,2070,518,0.59647569020278524
039521,4086,2070,342,0.60870838621497603
039521,4087,2070,353,0.6106918523204844
039521,4087,2070,354,0.63612206687555894
039521,4088,2070,578,0.64048698056686382
039521,4089,2070,424,0.58773199387025366
039521,4090,2070,521,0.61554058947063506
039521,4090,2070,527,0.63176082314113768
039521,4091,2070,357,0.62440452275727487
039521,4091,2070,359,0.64900941203811291
039521,4091,2070,360,0.62220119836013876
039521,4092,2070,459,0.54944815251057888
039521,4093,2070,394,0.62304182616925408
039521,4094,2070,480,0.62428350468565186
039521,4095,2070,327,0.62194370248613107
039521,4096,2070,434,0.62553851109232195
039521,4096,2070,439,0.61957321559970568
039521,4098,2070,580,0.65227149443992405
039521,4098,2070,581,0.61786359216557851
039521,4098,2070,589,0.60401853296022756
039521,4098,2070,590,0.59919502378338818
039521,4099,2070,419,0.62167359344953788
039521,4099,2070,420,0.63291419028439511
039521,4100,2070,430,0.58850574712643677
039521,4100,2070,432,0.59898385701931389
039521,4100,2070,437,0.58771929824561409
039521,4101,2070,450,0.63615064517257058
039521,4102,2070,297,0.62273925293101884
039521,4102,2070,299,0.61852842350682302
039521,4103,2070,507,0.62906697828894764
039521,4103,2070,508,0.61989951636380713
039521,4106,2070,483,0.62896288742074224
039521,4107,2070,330,0.58652784350843978
039521,4107,2070,335,0.61135611907386989
039521,4108,2070,507,0.64550501655587922
039521,4108,2070,510,0.62316867017280242
039521,4108,2070,511,0.64006552433968278
039521,4108,2070,513,0.63249048434338428
039521,4111,2070,406,0.61753855726921192
039521,4113,2070,551,0.63479483075000975
039521,4113,2070,555,0.62860159239871549
039521,4114,2070,145,0.57332480896276672
039521,4114,2070,149,0.58291750955270849
039521,4114,2070,152,0.59456312418827528
039521,4115,2070,268,0.62799677515169516
039521,4115,2070,273,0.59730346279831537
039521,4117,2070,572,0.63296696820579312
039521,4118,2070,383,0.63875577241439396
039521,4118,2070,393,0.59982002828127012
039521,4119,2070,561,0.61008358527476436
039521,4120,2070,331,0.64695861536364874
039521,4120,2070,332,0.63236494205973559
039521,4120,2070,334,0.60835443037974679
039521,4122,2070,457,0.60340196956132497
039521,4122,2070,459,0.56656607792668856
039521,4123,2070,545,0.57195960393433998
039521,4123,2070,547,0.58195690109979303
039521,4125,2070,403,0.60224037857222079
039521,4127,2070,264,0.63971455701666047
039521,4127,2070,266,0.5643494598403006
039521,4128,2070,244,0.61178996036988109
039521,4128,2070,246,0.63349199480744267
039521,4129,2070,495,0.65451284404216392
039521,4129,2070,496,0.66108330956517225
039521,4129,2070,497,0.63761791413206381
039521,4131,2070,450,0.6419148279586484
039521,4131,2070,452,0.60165361878894397
039521,4132,2070,393,0.58904893449092344
039521,4132,2070,395,0.65347079366598093
039521,4133,2070,519,0.65452388361599501
039521,4133,2070,521,0.6166365280289331
039521,4133,2070,522,0.62787818767021542
039521,4133,2070,525,0.63583478766724844
039521,4135,2070,518,0.64940164547494394
039521,4135,2070,519,0.62526608051827859
039521,4135,2070,521,0.61553536433279887
039521,4135,2070,522,0.60344205078830182
039521,4136,2070,296,0.61629784819519007
039521,4137,2070,537,0.59271297299466319
039521,4137,2070,538,0.58669469783352335
039521,4138,2070,430,0.64802465817851984
039521,4138,2070,431,0.61893291581356136
039521,4138,2070,433,0.59215582350602891
039521,4139,2070,467,0.55730721939223604
039521,4139,2070,471,0.59014597111885103
039521,4140,2070,240,0.62372339116525166
039521,4140,2070,241,0.62359603144889553
039521,4140,2070,242,0.62329306722689071
039521,4141,2070,470,0.61401578388222799
039521,4141,2070,474,0.6245777629763547
039521,4142,2070,413,0.64034199398572966
039521,4143,2070,374,0.63593272607863849
039521,4143,2070,376,0.60710817045040666
039521,4143,2070,377,0.62023367448600675
039521,4144,2070,442,0.64568558556616584
039521,4144,2070,443,0.62567557829502052
039521,4144,2070,444,0.6574328501751735
039521,4145,2070,494,0.59999999999999998
039521,4145,2070,497,0.59187130200190075
039521,4145,2070,498,0.61760917925301484
039521,4145,2070,500,0.63740545496218204
039521,4146,2070,463,0.62878322322937474
039521,4149,2070,388,0.64314135084054513
039521,4149,2070,392,0.60408064856393717
039521,4149,2070,397,0.63227659019056182
039521,4151,2070,529,0.59702268431001893
039521,4152,2070,363,0.58337054817461198
039521,4153,2070,420,0.56777176364456472
039521,4154,2070,498,0.6572871728114813
039521,4154,2070,500,0.62646473579482642
039521,4154,2070,504,0.58361628481951544
039521,4154,2070,506,0.6408842908116068
039521,4155,2070,494,0.63994302772520628
039521,4156,2070,388,0.63193965986147882
039521,4156,2070,389,0.65062940838986194
039521,4156,2070,390,0.6362349339965564
039521,4157,2070,321,0.63124373605767681
039521,4157,2070,322,0.60733384262796031
039521,4158,2070,412,0.63764623914999852
039521,4159,2070,259,0.63618408592841103
039521,4159,2070,265,0.57653314427507973
039521,4160,2070,306,0.63828382838283826
039521,4160,2070,308,0.61995480926853042
039521,4161,2070,293,0.59382788779625684
039521,4161,2070,294,0.64662868803673157
039521,4161,2070,295,0.63068982630272952
039521,4161,2070,298,0.6296087906268617
039521,4161,2070,303,0.61326580708508827
039521,4162,2070,478,0.64413118527042579
039521,4162,2070,481,0.59769789983844912
039521,4163,2070,563,0.61348391512662559
039521,4163,2070,564,0.63162718312294652
039521,4164,2070,437,0.64409914048779349
039521,4164,2070,446,0.60099270072992705
039521,4166,2070,393,0.63883537406192314
039521,4166,2070,401,0.60412520354622756
039521,4166,2070,402,0.63627150055018245
039521,4167,2070,355,0.62787967718268523
039521,4167,2070,365,0.60304008609093351
039521,4168,2070,322,0.59961649089165869
039521,4169,2070,535,0.64943765872535975
039521,4169,2070,537,0.61643907425366284
039521,4169,2070,538,0.61563955315562413
039521,4170,2070,539,0.6149602929288126
039521,4170,2070,540,0.64823751009059105
039521,4170,2070,543,0.63090844515820199
039521,4170,2070,546,0.61676162939025425
039521,4171,2070,460,0.63145975529204545
039521,4171,2070,470,0.6197685233026764
039521,4172,2070,420,0.64385509463229673
039521,4172,2070,423,0.59719195776704481
039521,4173,2070,477,0.61100081220106484
039521,4175,2070,437,0.63513064290938104
039521,4176,2070,541,0.60296592821725881
039521,4176,2070,543,0.59433321344363188
039521,4177,2070,567,0.6304156171284635
039521,4177,2070,570,0.62705568077468898
039521,4178,2070,230,0.6487098016560755
039521,4179,2070,309,0.64848452659160116
039521,4179,2070,310,0.62875755435209169
039521,4179,2070,312,0.59970305338583696
039521,4180,2070,480,0.64605341246290804
039521,4180,2070,483,0.58352801062708992
039521,4181,2070,507,0.6020545716543485
039521,4181,2070,508,0.63212611844908395
039521,4181,2070,509,0.60226702058971227
039521,4181,2070,512,0.61094374760365888
039521,4182,2070,407,0.61632939525090658
039521,4183,2070,243,0.62713227069351229
039521,4183,2070,244,0.62766283860787231
039521,4183,2070,248,0.58785654712260216
039521,4183,2070,252,0.6219359091051756
039521,4184,2070,447,0.64579901153212516
039521,4185,2070,377,0.61802310763741397
039521,4185,2070,380,0.63777825384150977
039521,4185,2070,383,0.64184397163120566
039521,4185,2070,384,0.6586208818774737
039521,4185,2070,389,0.63590777017527411
039521,4186,2070,540,0.62879928258014928
039521,4186,2070,541,0.63583188908145583
039521,4186,2070,543,0.61551315431547038
039521,4187,2070,478,0.61384516064955053
039521,4187,2070,479,0.61515715171459917
039521,4188,2070,174,0.61264720208590007
039521,4188,2070,176,0.60995637670002567
039521,4189,2070,465,0.63891872129424399
039521,4189,2070,466,0.63083113290582171
039521,4189,2070,467,0.62450100871356828
039521,4190,2070,397,0.64642473743041495
039521,4190,2070,398,0.56935363896175073
039521,4190,2070,399,0.59641197449475847
039521,4192,2070,425,0.59542709232096636
039521,4192,2070,427,0.6329407093700371
039521,4194,2070,430,0.6442252667721412
039521,4195,2070,604,0.64081231327761601
039521,4195,2070,607,0.6226345765203013
039521,4195,2070,608,0.57307926748469507
039521,4195,2070,610,0.5976911272321429
039521,4196,2070,478,0.64254693659383977
039521,4196,2070,479,0.63134536887379122
039521,4197,2070,386,0.60532180424318061
039521,4197,2070,387,0.62376728058720221
039521,4197,2070,388,0.5856906875903366
039521,4197,2070,389,0.5919064435824698
039521,4197,2070,390,0.60547662587330608
039521,4199,2070,478,0.63646240764884832
039521,4199,2070,482,0.62475504716766161
039521,4200,2070,345,0.60335504747307023
039521,4201,2070,509,0.63396457373271886
039521,4201,2070,512,0.64236578573668002
039521,4201,2070,513,0.60000923020121844
039521,4202,2070,369,0.6272479156540921
039521,4202,2070,372,0.63571070443720235
039521,4203,2070,406,0.61710431221392437
039521,4204,2070,430,0.61755100472586155
039521,4205,2070,343,0.62933724986230954
039521,4205,2070,344,0.57094345194153251
039521,4205,2070,345,0.61389415507213774
039521,4206,2070,378,0.61359631949882543
039521,4206,2070,379,0.62985645933014356
039521,4206,2070,381,0.63736356713765974
039521,4209,2070,322,0.61951530612244898
039521,4209,2070,324,0.62246988005688575
039521,4209,2070,326,0.62252824858757061
039521,4212,2070,463,0.59055434152432773
039521,4213,2070,374,0.63304904845257159
039521,4213,2070,376,0.64446895998395348
039521,4213,2070,378,0.61520304235695245
039521,4213,2070,380,0.58461408188322961
039521,4213,2070,386,0.56913838849322718
039521,4214,2070,548,0.61093550974194466
039521,4215,2070,248,0.61012775842044131
039521,4216,2070,422,0.65913302020941955
039521,4217,2070,370,0.61729533744672727
039521,4217,2070,375,0.59081251062383133
039521,4217,2070,376,0.61816126601356447
039521,4217,2070,377,0.65330514624680525
039521,4217,2070,379,0.66234084753353661
039521,4218,2070,574,0.63054480500148857
039521,4219,2070,421,0.63763608087091761
039521,4222,2070,521,0.62728162152012568
039521,4223,2070,485,0.57617344658024139
039521,4224,2070,544,0.62404896501891449
039521,4224,2070,545,0.63513422061809155
039521,4225,2070,478,0.62993724621631597
039521,4227,2070,607,0.62118410626014109
039521,4227,2070,615,0.58681892053716533
039521,4227,2070,618,0.59979427938442065
039521,4228,2070,615,0.62541703248463565
039521,4229,2070,307,0.65048335665040768
039521,4229,2070,308,0.62704805176924139
039521,4230,2070,258,0.6277118075833279
039521,4231,2070,454,0.63878758228073296
039521,4231,2070,459,0.63644222457016619
039521,4232,2070,388,0.59829406986190092
039521,4232,2070,389,0.62974160660924594
039521,4232,2070,394,0.63821969565669523
039521,4233,2070,339,0.61788448301036691
039521,4233,2070,346,0.59127962734621176
039521,4234,2070,635,0.61192504258943781
039521,4237,2070,550,0.62095930893384865
039521,4237,2070,552,0.65393849981197028
039521,4237,2070,553,0.62367510422059347
039521,4237,2070,556,0.64030212899185979
039521,4239,2070,337,0.59714621589849604
039521,4241,2070,308,0.63662860146208611
039521,4241,2070,309,0.60282831766836253
039521,4243,2070,510,0.64691900271282776
039521,4244,2070,390,0.59165669345187211
039521,4244,2070,395,0.5990395587675923
039521,4245,2070,555,0.62238200220462969
039521,4245,2070,559,0.60163541399092391
039521,4246,2070,460,0.64806512505899005
039521,4246,2070,461,0.62384963724010323
039521,4246,2070,462,0.57638975640224854
039521,4246,2070,463,0.62966152215671989
039521,4247,2070,526,0.64816915100453665
039521,4247,2070,528,0.60855366810851075
039521,4248,2070,534,0.6355750456131366
039521,4249,2070,343,0.62610315748185918
039521,4249,2070,345,0.61360914534567235
039521,4249,2070,348,0.64793783622235501
039521,4249,2070,350,0.61241031607523755
039521,4249,2070,351,0.58829882988298832
039521,4250,2070,504,0.63717938211915104
039521,4250,2070,510,0.64540432870092868
039521,4250,2070,513,0.62323943661971826
039521,4252,2070,271,0.60997550866616423
039521,4252,2070,273,0.65538353651958137
039521,4254,2070,567,0.63043414361717764
039521,4254,2070,570,0.65572311369936165
039521,4254,2070,572,0.62941526735738951
039521,4257,2070,303,0.60615703661327236
039521,4257,2070,305,0.63477899604414656
039521,4257,2070,306,0.61557746239483302
039521,4258,2070,568,0.65231524958462761
039521,4258,2070,572,0.6175461454940282
039521,4259,2070,409,0.55867768595041323
039521,4259,2070,411,0.62829278361154828
039521,4261,2070,527,0.6026003156932791
039521,4262,2070,218,0.60685805422647532
039521,4263,2070,458,0.60026391227192066
039521,4263,2070,459,0.62084731543624161
039521,4264,2070,488,0.63956384709231395
039521,4264,2070,494,0.58060842687489833
039521,4265,2070,220,0.63254656006128218
039521,4265,2070,227,0.64374623213589133
039521,4267,2070,364,0.6151028578729929
039521,4268,2070,435,0.63548646475475745
039521,4269,2070,471,0.63549300709509771
039521,4270,2070,547,0.62562131811487487
039521,4270,2070,549,0.64132579834947978
039521,4271,2070,458,0.64059565630454474
039521,4271,2070,460,0.62939692933940972
039521,4271,2070,462,0.62373337821915498
039521,4273,2070,446,0.64016165292795202
039521,4273,2070,447,0.61640714014432207
039521,4273,2070,449,0.6003712543092018
039521,4273,2070,450,0.61386843980052241
039521,4274,2070,230,0.64607284529390552
039521,4274,2070,232,0.64482151769063067
039521,4274,2070,234,0.64032599934322476
039521,4275,2070,598,0.60371628371628372
039521,4275,2070,600,0.60384306090489692
039521,4276,2070,371,0.61114460425458617
039521,4276,2070,372,0.63324952859836581
039521,4276,2070,373,0.63432893716058958
039521,4276,2070,374,0.64083666736856881
039521,4276,2070,381,0.58229244395419
039521,4277,2070,389,0.64995178399228548
039521,4279,2070,441,0.55349846782431056
039521,4280,2070,337,0.59311373060615946
039521,4280,2070,344,0.53958645659491411
039521,4281,2070,477,0.58534558382196777
039521,4283,2070,372,0.63866985085387284
039521,4283,2070,374,0.63865487952851452
039521,4283,2070,378,0.65450279358577146
039521,4283,2070,379,0.59273707912237528
039521,4284,2070,612,0.63150524033249011
039521,4285,2070,370,0.60936656469317974
039521,4287,2070,399,0.61239476983700525
039521,4288,2070,331,0.62775647906762766
039521,4288,2070,332,0.63786518525866776
039521,4289,2070,507,0.591800878477306
039521,4290,2070,627,0.61592752554513852
039521,4290,2070,629,0.61814633427845489
039521,4291,2070,400,0.57737129370113582
039521,4292,2070,519,0.62440727648935257
039521,4292,2070,521,0.63699099675517568
039521,4292,2070,522,0.66137843298660481
039521,4293,2070,401,0.59397044627608231
039521,4293,2070,404,0.64531942735493453
039521,4293,2070,405,0.63817193867649913
039521,4295,2070,407,0.63497100767904713
039521,4295,2070,409,0.64130487627011523
039521,4295,2070,410,0.63650136349863651
039521,4296,2070,379,0.58673091178650849
039521,4297,2070,285,0.60802355539197639
039521,4297,2070,289,0.60595251881876089
039521,4297,2070,290,0.6214235377026075
039521,4297,2070,292,0.64204661414751618
039521,4297,2070,293,0.63470683889178658
039521,4298,2070,262,0.60846146763649755
039521,4298,2070,264,0.58456619057770198
039521,4298,2070,265,0.59299477167196812
039521,4298,2070,266,0.65005883068933334
039521,4298,2070,271,0.59433093284207006
039521,4299,2070,307,0.62588160710040419
039521,4300,2070,489,0.64563228161408071
039521,4300,2070,490,0.63463569165786693
039521,4300,2070,491,0.64455377453314289
039521,4301,2070,490,0.57322730284956924
039521,4301,2070,492,0.62411751309496699
039521,4302,2070,436,0.60295920869778463
039521,4302,2070,438,0.63145274646528682
039521,4303,2070,438,0.61955542204866321
039521,4304,2070,399,0.62063230278973558
039521,4306,2070,294,0.61039792326019704
039521,4307,2070,355,0.63960374323731539
039521,4307,2070,357,0.58479899497487442
039521,4308,2070,333,0.58997670062588514
039521,4309,2070,461,0.64749607101898654
039521,4310,2070,246,0.63447732446156535
039521,4310,2070,249,0.60516232262411052
039521,4311,2070,474,0.64741403807899967
039521,4311,2070,478,0.64662036759863495
039521,4312,2070,439,0.6086830899197182
039521,4312,2070,444,0.59284273720744807
039521,4312,2070,448,0.65116571752194574
039521,4312,2070,449,0.62462972016910645
039521,4313,2070,439,0.64007947162111367
039521,4315,2070,614,0.64076860104107136
039521,4315,2070,615,0.64130985256036621
039521,4315,2070,617,0.64381187662469352
039521,4316,2070,195,0.61711976487876563
039521,4318,2070,391,0.6443636475681338
039521,4319,2070,466,0.61307878736340826
039521,4321,2070,353,0.63722387592041363
039521,4321,2070,357,0.62377055955037608
039521,4322,2070,459,0.6256873180628657
039521,4322,2070,461,0.64458043771393014
039521,4322,2070,464,0.61753343239227343
039521,4322,2070,467,0.62476833931545739
039521,4322,2070,471,0.60212849478780472
039521,4323,2070,460,0.60009063568574139
039521,4324,2070,252,0.6125545270773487
039521,4324,2070,253,0.63999620889015263
039521,4324,2070,256,0.64060490314534047
039521,4325,2070,591,0.5926976409148208
039521,4326,2070,375,0.61278570499197638
039521,4326,2070,380,0.60130842001223705
039521,4327,2070,572,0.59503983436107488
039521,4329,2070,336,0.64442956390725703
039521,4329,2070,342,0.60233297985153766
039521,4329,2070,343,0.5935536988473501
039521,4329,2070,344,0.6196202762290004
039521,4330,2070,509,0.6310456214876764
039521,4330,2070,511,0.62947974896258441
039521,4331,2070,286,0.60526543691001988
039521,4332,2070,357,0.59267900241351568
039521,4332,2070,359,0.60920332160858681
039521,4332,2070,361,0.60551231135822081
039521,4333,2070,341,0.60516558523636976
039521,4333,2070,347,0.62959554796021211
039521,4334,2070,492,0.63627625590139369
039521,4334,2070,495,0.59703391689702079
039521,4335,2070,525,0.62819929274185082
039521,4335,2070,534,0.63481137135705346
039521,4336,2070,308,0.61755497717928409
039521,4336,2070,314,0.62450778173635857
039521,4337,2070,369,0.65740099196685209
039521,4337,2070,372,0.62276989935956084
039521,4338,2070,441,0.59559884559884557
039521,4338,2070,442,0.63151465798045603
039521,4338,2070,445,0.60848693446854762
039521,4339,2070,509,0.61655223950305915
039521,4340,2070,318,0.61472758117331439
039521,4340,2070,319,0.62834110534135545
039521,4341,2070,496,0.62415107566928096
039521,4341,2070,500,0.64557761099810618
039521,4341,2070,501,0.608631597192131
039521,4341,2070,505,0.64316588223993854
039521,4341,2070,507,0.60883365200764816
039521,4341,2070,508,0.61188869949343383
039521,4342,2070,394,0.64529231546697829
039521,4342,2070,396,0.61891254843993448
039521,4342,2070,397,0.58332990834737575
039521,4344,2070,530,0.61700455759861705
039521,4345,2070,396,0.64849524034766159
039521,4347,2070,358,0.63111866877201506
039521,4348,2070,317,0.64092767717592081
039521,4348,2070,323,0.6165436654366544
039521,4349,2070,339,0.62255130597014929
039521,4350,2070,239,0.64260787550106102
039521,4350,2070,244,0.62693791812224586
039521,4350,2070,248,0.60416226494823577
039521,4351,2070,500,0.66271147475887437
039521,4351,2070,503,0.63735749532074193
039521,4351,2070,506,0.6458913442739499
039521,4352,2070,367,0.6205235116979384
039521,4352,2070,371,0.56810941681179117
039521,4354,2070,540,0.6045349897919291
039521,4355,2070,230,0.63557588605005766
039521,4355,2070,233,0.63122203908641394
039521,4356,2070,509,0.63234877795602529
039521,4356,2070,513,0.64113300051890421
039521,4357,2070,557,0.62556943423952971
039521,4357,2070,558,0.64536492226162179
039521,4358,2070,508,0.61938422871504872
039521,4360,2070,277,0.61804988226248259
039521,4360,2070,279,0.61278281057950568
039521,4361,2070,362,0.62993466098047657
039521,4361,2070,365,0.62786277677468405
039521,4361,2070,367,0.61123000675827888
039521,4362,2070,527,0.60145375077200813
039521,4362,2070,529,0.58513637659581208
039521,4362,2070,535,0.63011946723229051
039521,4363,2070,471,0.64465272770968518
039521,4363,2070,476,0.63046143069783733
039521,4363,2070,477,0.58584337349397586
039521,4363,2070,479,0.60269411927154448
039521,4364,2070,502,0.58023576170904656
039521,4364,2070,505,0.62415349887133187
039521,4365,2070,383,0.62768817204301075
039521,4365,2070,385,0.6320816046712292
039521,4365,2070,386,0.64342690753993481
039521,4366,2070,435,0.63863968863002729
039521,4366,2070,436,0.65041947300011815
039521,4366,2070,438,0.6069777626392876
039521,4366,2070,439,0.60221279175507725
039521,4367,2070,482,0.60898228265348164
039521,4367,2070,483,0.62972392393985199
039521,4368,2070,463,0.58070757324488664
039521,4368,2070,466,0.60329199549041712
039521,4368,2070,467,0.5852623774610759
039521,4369,2070,334,0.6481581360228682
039521,4369,2070,335,0.64212193190815514
039521,4369,2070,337,0.63911952372053282
039521,4370,2070,504,0.64070175438596488
039521,4370,2070,507,0.64082450137695068
039521,4371,2070,492,0.59358799454297406
039521,4371,2070,496,0.61344319489292209
039521,4371,2070,500,0.59828854766474726
039521,4372,2070,461,0.63277674395211991
039521,4373,2070,472,0.64375018738944023
039521,4373,2070,473,0.62031428320603987
039521,4374,2070,390,0.62516828456033446
039521,4374,2070,397,0.58989640414383426
039521,4375,2070,520,0.61295383236216938
039521,4375,2070,522,0.62343062646501624
039521,4375,2070,524,0.65031185031185035
039521,4376,2070,499,0.60250763657029194
039521,4377,2070,309,0.58677998906046203
039521,4377,2070,311,0.59111011838284566
039521,4377,2070,313,0.62214442532486802
039521,4378,2070,371,0.6279205892395493
039521,4379,2070,405,0.64224744395460087
039521,4379,2070,408,0.62808166409861321
039521,4379,2070,412,0.63156574367336704
039521,4380,2070,368,0.61056872209922697
039521,4381,2070,270,0.61205771739964698
039521,4381,2070,275,0.63872996237307356
039521,4383,2070,441,0.60590251900432257
039521,4383,2070,442,0.62876732455066364
039521,4383,2070,443,0.59667060386830062
039521,4385,2070,414,0.6319311663479924
039521,4385,2070,416,0.64923254835996635
039521,4385,2070,421,0.63122566397396407
039521,4386,2070,432,0.62014440002386773
039521,4386,2070,434,0.62257504101920669
039521,4386,2070,435,0.63753200360261897
039521,4386,2070,437,0.63748360502154766
039521,4387,2070,487,0.62692779247596309
039521,4387,2070,491,0.62344693281402142
039521,4388,2070,362,0.608447133666563
039521,4388,2070,363,0.61740693581005168
039521,4389,2070,386,0.60337689455304744
039521,4389,2070,387,0.62246654255505984
039521,4389,2070,388,0.62589578525446377
039521,4389,2070,393,0.59790781301078788
039521,4390,2070,251,0.59314295559288455
039521,4390,2070,252,0.58725654200023902
039521,4390,2070,256,0.66415633318184775
039521,4390,2070,258,0.65220253599335942
039521,4390,2070,263,0.6434275349096803
039521,4391,2070,445,0.61458576975253776
039521,4392,2070,371,0.63023525218321153
039521,4392,2070,372,0.60190547356622459
039521,4392,2070,376,0.63895381520163319
039521,4393,2070,442,0.61188087275043801
039521,4393,2070,445,0.62363342523053522
039521,4393,2070,450,0.59237768080958131
039521,4395,2070,309,0.60455572169376137
039521,4395,2070,311,0.64457543859649125
039521,4396,2070,557,0.59296086987624297
039521,4396,2070,564,0.59678323487559826
039521,4397,2070,404,0.57727779015370906
039521,4397,2070,406,0.59871936835010353
039521,4397,2070,408,0.63954667245998986
039521,4398,2070,361,0.59205386704363672
039521,4399,2070,507,0.62176044828391319
039521,4400,2070,305,0.62664063000192072
039521,4401,2070,461,0.62610368786745052
039521,4402,2070,511,0.60557567262391465
039521,4402,2070,516,0.59696054034838253
039521,4403,2070,446,0.57669452181987002
039521,4403,2070,447,0.62559318203828651
039521,4403,2070,448,0.63197916229046758
039521,4404,2070,529,0.6431258708778449
039521,4404,2070,530,0.60113131313131318
039521,4404,2070,533,0.63860694418813113
039521,4404,2070,534,0.63768007762932
039521,4405,2070,417,0.6141226279579648
039521,4407,2070,305,0.59909725071809605
039521,4407,2070,308,0.616475639207268
039521,4408,2070,466,0.62483874168899478
039521,4408,2070,467,0.60137994129531502
039521,4408,2070,469,0.6393075463743676
039521,4410,2070,591,0.60790495773360753
039521,4410,2070,594,0.63975446486711751
039521,4411,2070,405,0.63067577155019505
039521,4411,2070,408,0.58570876786404014
039521,4411,2070,409,0.63146100985957576
039521,4411,2070,412,0.59754856614246066
039521,4412,2070,353,0.63145597407246901
039521,4413,2070,287,0.64031054648114538
039521,4414,2070,424,0.60825858335910921
039521,4414,2070,428,0.6034693699204754
039521,4414,2070,429,0.57198665255961589
039521,4414,2070,431,0.57779246530072703
039521,4416,2070,480,0.62629122221660516
039521,4417,2070,442,0.57995981703928523
039521,4417,2070,444,0.63337066069428893
039521,4418,2070,501,0.64699951454497928
039521,4418,2070,502,0.60942450814236238
039521,4418,2070,505,0.61283751250046303
039521,4418,2070,506,0.5945398315026128
039521,4419,2070,462,0.63198639455782313
039521,4419,2070,463,0.54522543671891188
039521,4419,2070,466,0.65336670714480438
039521,4420,2070,424,0.60468793600595294
039521,4420,2070,426,0.61684054265803467
039521,4420,2070,427,0.59828831238299007
039521,4421,2070,405,0.58729091995221028
039521,4422,2070,499,0.63069868995633183
039521,4422,2070,504,0.59389061410735788
039521,4423,2070,454,0.62362898350462048
039521,4423,2070,456,0.63077160255916132
039521,4423,2070,458,0.60119613632951308
039521,4425,2070,419,0.65520773451789915
039521,4427,2070,398,0.60794473229706392
039521,4427,2070,399,0.63035975431412694
039521,4427,2070,400,0.62126610843874341
039521,4428,2070,435,0.64659114894814607
039521,4428,2070,436,0.63647745198687933
039521,4428,2070,441,0.60679477749172495
039521,4430,2070,229,0.62466757123473537
039521,4430,2070,236,0.62852391916091077
039521,4431,2070,337,0.63464837049742706
039521,4431,2070,340,0.63206570501759951
039521,4431,2070,345,0.64789625542978535
039521,4431,2070,346,0.63056980826357012
039521,4432,2070,470,0.64504308210359518
039521,4432,2070,471,0.60279589934762345
039521,4432,2070,477,0.6259833410458121
039521,4433,2070,561,0.6374850775964982
039521,4436,2070,321,0.58952045917422702
039521,4436,2070,322,0.59856464270962417
039521,4436,2070,325,0.64790272259406412
039521,4436,2070,326,0.63865693635534349
039521,4436,2070,328,0.59180989524284611
039521,4437,2070,309,0.6280804027709429
039521,4438,2070,388,0.65005325168075623
039521,4438,2070,389,0.60193873594416436
039521,4439,2070,412,0.61797989146438936
039521,4439,2070,413,0.63950517136483476
039521,4441,2070,486,0.59947999534324192
039521,4441,2070,490,0.61745297840822377
039521,4441,2070,493,0.61642220092872413
039521,4443,2070,439,0.6295624018838305
039521,4443,2070,441,0.62454473475851147
039521,4443,2070,445,0.63358778625954193
039521,4444,2070,261,0.59566608100193719
039521,4445,2070,483,0.57613313067539651
039521,4446,2070,362,0.62050337630448127
039521,4447,2070,316,0.619790628115653
039521,4447,2070,319,0.62163887903511883
039521,4448,2070,453,0.62473738861655115
039521,4451,2070,371,0.59123387940048799
039521,4451,2070,373,0.63234609294961353
039521,4451,2070,375,0.57536865101037682
039521,4452,2070,443,0.63516751033656638
039521,4452,2070,445,0.58094818324564057
039521,4453,2070,289,0.63582189168573611
039521,4453,2070,292,0.61295284355393642
039521,4453,2070,293,0.64277366989631135
039521,4454,2070,372,0.63891644410530335
039521,4454,2070,375,0.6173467983819928
039521,4455,2070,336,0.63995681307183727
039521,4456,2070,572,0.63210449519188505
039521,4456,2070,573,0.6527464224173678
039521,4456,2070,577,0.64808665401644527
039521,4456,2070,582,0.65773324241795383
039521,4457,2070,298,0.6310939592029613
039521,4457,2070,300,0.65211243979007405
039521,4458,2070,280,0.60449498567335247
039521,4458,2070,281,0.63054088050314461
039521,4459,2070,461,0.62441314553990612
039521,4459,2070,462,0.63744075829383884
039521,4461,2070,533,0.6127027796224267
039521,4461,2070,534,0.63991559697555833
039521,4461,2070,535,0.6403851425438597
039521,4461,2070,540,0.62830119149981578
039521,4461,2070,541,0.58604196108272644
039521,4462,2070,537,0.60889612984537822
039521,4463,2070,492,0.63152491756361595
039521,4463,2070,496,0.62518787575150303
039521,4466,2070,432,0.58913701741105229
039521,4467,2070,299,0.60938421745246629
039521,4467,2070,300,0.60895522388059697
039521,4467,2070,306,0.65140882590230309
039521,4468,2070,343,0.60661904159817925
039521,4468,2070,344,0.56780972932401375
039521,4468,2070,345,0.62879295491528664
039521,4468,2070,346,0.57335749564723026
039521,4468,2070,347,0.62306534176452877
039521,4468,2070,348,0.63988000374988285
039521,4469,2070,355,0.5985218640936153
039521,4469,2070,358,0.62297140199953505
039521,4469,2070,359,0.60438517630606337
039521,4470,2070,311,0.63681504702194358
039521,4471,2070,328,0.64376715415181684
039521,4471,2070,330,0.62517559916563792
039521,4471,2070,333,0.636510070096313
039521,4471,2070,334,0.58906008634689266
039521,4472,2070,537,0.63451513033057028
039521,4473,2070,428,0.6045462745805521
039521,4473,2070,429,0.60470525432776634
039521,4473,2070,431,0.65511983608900748
039521,4473,2070,432,0.62780589631408878
039521,4473,2070,433,0.62974915652046359
039521,4474,2070,271,0.60583234692779508
039521,4474,2070,273,0.60063959066197636
039521,4474,2070,274,0.60320898161244696
039521,4476,2070,246,0.59731077583485892
039521,4478,2070,364,0.63457536740798548
039521,4478,2070,368,0.61659614480488956
039521,4479,2070,472,0.64014700763371135
039521,4479,2070,476,0.64676880769986256
039521,4480,2070,298,0.63850190160466958
039521,4481,2070,413,0.64297244744469306
039521,4482,2070,323,0.65344494947843434
039521,4484,2070,242,0.63508081056690457
039521,4484,2070,248,0.60728744939271251
039521,4484,2070,253,0.61852251057126273
039521,4485,2070,465,0.64547418746839513
039521,4485,2070,466,0.56380426417998275
039521,4485,2070,470,0.64884519010785491
039521,4487,2070,525,0.64538610175083067
039521,4488,2070,495,0.62825426192678735
039521,4489,2070,322,0.65772216778472903
039521,4489,2070,325,0.58096878363832083
039521,4490,2070,499,0.62125381125901691
039521,4490,2070,500,0.6396126703483157
039521,4490,2070,503,0.6479954235591362
039521,4490,2070,505,0.58869460944253882
039521,4492,2070,360,0.65096894080169898
039521,4492,2070,362,0.61341149236455961
039521,4492,2070,366,0.61384138319864689
039521,4493,2070,504,0.6055838397109542
039521,4494,2070,369,0.63984435226313274
039521,4495,2070,415,0.58452953954934617
039521,4495,2070,425,0.64088135206555008
039521,4496,2070,192,0.61639465875370925
039521,4496,2070,194,0.58320937964826314
039521,4496,2070,195,0.59177781838114385
039521,4497,2070,413,0.59010729962607711
039521,4498,2070,487,0.57810333393621516
039521,4498,2070,490,0.58786507319142922
039521,4498,2070,491,0.64758529553099475
039521,4498,2070,495,0.58007385120350108
039521,4499,2070,380,0.63115161991566482
039521,4499,2070,381,0.60287972195787998
039521,4499,2070,385,0.59092695016169494
039521,4501,2070,579,0.63742690058479534
039521,4501,2070,582,0.6166268246782971
039521,4501,2070,583,0.63689089497185014
039521,4502,2070,399,0.62552894472800247
039521,4502,2070,400,0.59298849533472231
039521,4502,2070,402,0.63533661235782357
039521,4503,2070,490,0.65102945600899176
039521,4503,2070,492,0.61893215653945011
039521,4504,2070,362,0.59716881470526095
039521,4505,2070,452,0.64075821179729087
039521,4505,2070,454,0.60968415320384828
039521,4506,2070,529,0.61323364312913042
039521,4507,2070,443,0.59745651220581786
039521,4508,2070,240,0.58374374532130335
039521,4509,2070,422,0.5766542690154085
039521,4509,2070,424,0.59232984851717518
039521,4509,2070,425,0.61225288010240364
039521,4509,2070,428,0.61021160939623376
039521,4509,2070,430,0.62051936522028628
039521,4510,2070,368,0.6263706873495587
039521,4511,2070,606,0.60349854227405253
039521,4512,2070,528,0.61684107659106646
039521,4512,2070,533,0.62840758711954126
039521,4513,2070,293,0.64826884612731916
039521,4514,2070,352,0.64064138075637023
039521,4514,2070,358,0.62919220055710301
039521,4515,2070,402,0.64074520344795627
039521,4515,2070,406,0.60153595797527626
039521,4516,2070,410,0.6108873391848022
039521,4516,2070,415,0.60082773512476007
039521,4517,2070,467,0.65207530388378299
039521,4517,2070,468,0.62157199962814913
039521,4517,2070,473,0.57813461102657904
039521,4518,2070,498,0.63044584135750881
039521,4518,2070,499,0.61830555281585953
039521,4518,2070,502,0.63480293677174271
039521,4519,2070,487,0.61748343759377666
039521,4519,2070,491,0.63537626066718389
039521,4521,2070,382,0.61715353052850752
039521,4522,2070,356,0.62098439177471298
039521,4522,2070,358,0.6188987737436884
039521,4523,2070,396,0.61043337314451462
039521,4523,2070,397,0.64147909967845662
039521,4523,2070,399,0.55871345855105214
039521,4523,2070,405,0.61538461538461542
039521,4524,2070,462,0.63641771315267681
039521,4525,2070,404,0.63735620116917702
039521,4525,2070,405,0.62639711949591181
039521,4525,2070,406,0.62284021311557036
039521,4526,2070,465,0.62510207414666008
039521,4526,2070,466,0.60027239709443103
039521,4526,2070,467,0.61283507816534433
039521,4527,2070,519,0.64843779731323969
039521,4527,2070,521,0.63313571336512442
039521,4528,2070,367,0.62000980872976952
039521,4528,2070,368,0.64395945140131183
039521,4528,2070,371,0.63818007594846859
039521,4528,2070,372,0.48949414227078747
039521,4528,2070,374,0.63319010619587235
039521,4528,2070,375,0.63852939859388291
039521,4529,2070,408,0.60715842879226289
039521,4530,2070,465,0.63120401567764561
039521,4530,2070,467,0.60368838331609787
039521,4530,2070,469,0.63477822897975889
039521,4531,2070,405,0.62721156242212805
039521,4532,2070,422,0.63978339766115555
039521,4532,2070,423,0.61567597713435884
039521,4534,2070,418,0.6467145126183893
039521,4535,2070,285,0.6231905107722101
039521,4536,2070,514,0.58216187898367244
039521,4536,2070,517,0.65401613081427468
039521,4538,2070,391,0.59662784398699886
039521,4538,2070,393,0.64295736165059303
039521,4539,2070,411,0.63167785234899332
039521,4539,2070,412,0.62977111187650692
039521,4539,2070,416,0.60771552907045123
039521,4540,2070,404,0.65388998720781488
039521,4541,2070,488,0.60019772911111779
039521,4542,2070,368,0.62582694331679445
039521,4543,2070,491,0.62060707843503138
039521,4543,2070,492,0.65476190476190477
039521,4544,2070,455,0.60596324883438468
039521,4544,2070,457,0.61719833564493753
039521,4544,2070,458,0.63551875633660015
039521,4544,2070,460,0.59586718474037448
039521,4545,2070,272,0.61636176369611062
039521,4546,2070,382,0.62378239294247384
039521,4547,2070,379,0.64252824456470137
039521,4547,2070,380,0.61516296094388845
039521,4547,2070,381,0.63904436860068259
039521,4547,2070,382,0.64021825950554789
039521,4548,2070,352,0.63723029502421835
039521,4550,2070,453,0.6335514381964239
039521,4551,2070,503,0.61730336587816437
039521,4551,2070,506,0.63546336470961329
039521,4551,2070,508,0.62937295295960505
039521,4551,2070,510,0.65120257748695021
039521,4552,2070,379,0.63871263164780534
039521,4552,2070,381,0.59734872781697668
039521,4552,2070,383,0.6336674447343128
039521,4553,2070,433,0.63200553523771874
039521,4553,2070,434,0.60239054803485925
039521,4553,2070,437,0.63428936986885598
039521,4553,2070,438,0.63560956390104306
039521,4554,2070,245,0.59703307392996108
039521,4555,2070,408,0.63035511184127391
039521,4556,2070,268,0.60647528599179801
039521,4556,2070,274,0.62061634954618095
039521,4557,2070,352,0.61384522087978732
039521,4557,2070,354,0.64570754230588556
039521,4557,2070,357,0.62111380490587564
039521,4558,2070,471,0.63272424384403148
039521,4559,2070,487,0.62613641888278482
039521,4560,2070,459,0.61638177803222371
039521,4560,2070,466,0.62884292901062044
039521,4560,2070,467,0.56829211925121326
039521,4561,2070,298,0.64355693292012395
039521,4562,2070,541,0.62632309976531442
039521,4562,2070,542,0.63374034388238221
039521,4564,2070,326,0.62250903458957152
039521,4564,2070,336,0.60924738737156403
039521,4565,2070,561,0.59920269855872432
039521,4565,2070,564,0.64237309275350263
039521,4565,2070,566,0.62544615187330355
039521,4566,2070,335,0.64076465652475278
039521,4566,2070,336,0.58216651745747539
039521,4566,2070,338,0.64185571562620747
039521,4568,2070,427,0.61811808371709398
039521,4568,2070,428,0.65340202522650559
039521,4569,2070,256,0.63420880233458399
039521,4569,2070,261,0.64369262659164939
039521,4569,2070,264,0.59497682338473179
039521,4570,2070,383,0.59437827536922339
039521,4571,2070,443,0.62690394066115196
039521,4572,2070,344,0.62541677731551149
039521,4573,2070,267,0.62105615933355673
039521,4574,2070,512,0.59898355468188136
039521,4574,2070,513,0.64632703838153116
039521,4574,2070,515,0.61922756677128032
039521,4575,2070,296,0.61762702391141078
039521,4575,2070,300,0.63256746620949345
039521,4576,2070,446,0.59798194370685076
039521,4577,2070,559,0.60557279346256643
039521,4577,2070,560,0.60436822046320726
039521,4577,2070,561,0.60328119687181236
039521,4578,2070,437,0.59161281928964826
039521,4578,2070,439,0.59184768994023551
039521,4579,2070,292,0.59458525345622115
039521,4579,2070,297,0.63935864468310388
039521,4580,2070,347,0.60018391249637015
039521,4580,2070,348,0.6233844823859952
039521,4580,2070,349,0.59782707933899393
039521,4580,2070,351,0.60874025441116131
039521,4581,2070,471,0.62953850975475989
039521,4581,2070,474,0.59438091834911555
039521,4581,2070,475,0.59827772502537568
039521,4582,2070,369,0.59430534824119186
039521,4583,2070,270,0.63946267341995155
039521,4583,2070,272,0.59339218320220044
039521,4583,2070,278,0.5976460871360727
039521,4584,2070,422,0.60689164294088094
039521,4584,2070,424,0.63663650600313204
039521,4585,2070,413,0.61397283272283276
039521,4585,2070,414,0.6109251968503937
039521,4585,2070,415,0.5748996233287802
039521,4585,2070,416,0.63143490775255984
039521,4585,2070,417,0.64039729536768719
039521,4588,2070,160,0.6366308346864531
039521,4589,2070,234,0.62809724715041604
039521,4590,2070,526,0.65336028297119753
039521,4591,2070,437,0.64105898436197528
039521,4592,2070,192,0.63038477624424927
039521,4592,2070,194,0.63032238080487979
039521,4593,2070,437,0.60493938845666728
039521,4595,2070,457,0.63495724031901601
039521,4595,2070,463,0.64250229287679606
039521,4596,2070,288,0.60149597779554975
039521,4596,2070,289,0.60775135742370345
039521,4596,2070,291,0.61609128710956385
039521,4597,2070,442,0.62150837988826813
039521,4597,2070,444,0.59524076776293633
039521,4598,2070,202,0.64749305964499038
039521,4599,2070,475,0.62933923213386189
039521,4599,2070,477,0.62099525508803577
039521,4599,2070,478,0.60215474327976104
039521,4599,2070,481,0.60662956690055647
039521,4600,2070,389,0.60900525378837223
039521,4601,2070,489,0.61686055295361841
039521,4601,2070,491,0.62734148582738392
039521,4601,2070,497,0.56529406577903185
039521,4602,2070,457,0.63871690364332157
039521,4602,2070,458,0.60870503375358342
039521,4603,2070,420,0.63162647882236067
039521,4603,2070,421,0.60297683189655171
039521,4603,2070,422,0.63082962822817146
039521,4603,2070,423,0.61421424519057199
039521,4605,2070,344,0.63536210193730769
039521,4605,2070,345,0.6280830741194583
039521,4605,2070,346,0.6049005235602094
039521,4605,2070,352,0.62587521125788981
039521,4605,2070,354,0.63753645239000889
039521,4605,2070,356,0.59160896722025857
039521,4606,2070,446,0.6234258581536325
039521,4606,2070,447,0.62218843625631626
039521,4606,2070,449,0.62277467190040048
039521,4607,2070,383,0.62671072487901336
039521,4607,2070,384,0.62795508274231682
039521,4608,2070,241,0.60996315126638367
039521,4608,2070,245,0.63061243398499023
039521,4609,2070,512,0.58832537755983116
039521,4609,2070,521,0.59425825001072818
039521,4610,2070,542,0.61828601892576307
039521,4610,2070,543,0.63590737651955698
039521,4610,2070,548,0.65045335482571021
039521,4611,2070,481,0.55556349348097878
039521,4611,2070,484,0.60967866821525363
039521,4612,2070,323,0.64816942063562188
039521,4612,2070,326,0.60594888981985762
039521,4612,2070,328,0.58791403088287297
039521,4612,2070,329,0.64762644571034012
039521,4612,2070,330,0.64829026222306585
039521,4613,2070,541,0.63878615034980613
039521,4613,2070,545,0.6091054825264508
039521,4613,2070,546,0.60403407421913247
039521,4613,2070,547,0.64951615963569664
039521,4613,2070,552,0.63451890467782168
039521,4614,2070,367,0.62214743589743593
039521,4615,2070,323,0.60598776996217874
039521,4616,2070,475,0.59461675092225719
039521,4616,2070,479,0.62673676952249613
039521,4616,2070,482,0.61307370024757191
039521,4616,2070,483,0.61184486711660802
039521,4617,2070,262,0.60861784789263007
039521,4617,2070,265,0.62716158378596243
039521,4617,2070,267,0.57256692259804942
039521,4617,2070,269,0.62062300534903581
039521,4618,2070,510,0.63605221191896522
039521,4618,2070,513,0.63426990828359298
039521,4619,2070,207,0.62455147848406278
039521,4620,2070,386,0.63682244135481103
039521,4620,2070,388,0.62251266132984806
039521,4621,2070,566,0.6028039223408026
039521,4621,2070,568,0.6190748307094488
039521,4622,2070,382,0.6024741681675988
039521,4623,2070,456,0.63849791903140374
039521,4624,2070,560,0.59966809216825179
039521,4624,2070,562,0.61281429725747416
039521,4624,2070,564,0.63671047053836372
039521,4625,2070,188,0.60595493562231761
039521,4625,2070,190,0.61544392144132443
039521,4625,2070,193,0.63626950808561911
039521,4626,2070,372,0.60076756215584848
039521,4627,2070,372,0.59106610674613924
039521,4627,2070,379,0.58396761133603237
039521,4629,2070,321,0.62882226980728051
039521,4629,2070,325,0.62505239950938529
039521,4630,2070,442,0.59365459066444237
039521,4631,2070,259,0.62492733966285607
039521,4631,2070,263,0.63842967207402535
039521,4632,2070,293,0.64063401149493859
039521,4632,2070,296,0.61702940574469534
039521,4632,2070,299,0.64506452372850298
039521,4633,2070,238,0.62859101979050902
039521,4633,2070,240,0.63985180294193167
039521,4633,2070,241,0.60486308408390255
039521,4634,2070,431,0.64637159503401154
039521,4634,2070,432,0.66012305125397575
039521,4634,2070,436,0.57747951398700192
039521,4635,2070,521,0.62599596812901992
039521,4635,2070,525,0.58135930927606816
039521,4635,2070,526,0.59979991720712023
039521,4635,2070,528,0.65067895247332685
039521,4636,2070,296,0.61570130607609308
039521,4636,2070,297,0.6333936777607575
039521,4636,2070,298,0.59745436275330766
039521,4637,2070,456,0.60269158579928916
039521,4637,2070,460,0.62283361164702256
039521,4637,2070,461,0.58336246067808462
039521,4637,2070,462,0.64766027513677171
039521,4638,2070,443,0.63041584521571681
039521,4638,2070,448,0.59129360326965119
039521,4638,2070,450,0.62343814106150464
039521,4639,2070,253,0.6424029289912323
039521,4639,2070,254,0.6437578207719703
039521,4639,2070,255,0.62946372239747639
039521,4639,2070,257,0.6332956344718389
039521,4639,2070,258,0.6081668496158068
039521,4640,2070,443,0.62506061032643545
039521,4640,2070,446,0.58631491361166854
039521,4640,2070,447,0.63486171539842395
039521,4642,2070,276,0.61850022451728781
039521,4642,2070,281,0.63185341789992955
039521,4644,2070,403,0.62347427009081147
039521,4644,2070,407,0.64113777777777781
039521,4644,2070,409,0.60649739927708723
039521,4645,2070,335,0.63332495601910033
039521,4645,2070,338,0.64049764049764046
039521,4646,2070,335,0.64670647074787735
039521,4646,2070,336,0.6216713369664254
039521,4647,2070,442,0.61060979580445607
039521,4647,2070,443,0.58898286321569326
039521,4647,2070,450,0.63500091124476032
039521,4648,2070,494,0.60234587326562727
039521,4649,2070,431,0.6266576454668471
039521,4650,2070,459,0.60012523179924382
039521,4650,2070,465,0.62223814191991556
039521,4651,2070,550,0.61472737878735884
039521,4652,2070,553,0.63032287198013093
039521,4653,2070,490,0.61684033613445377
039521,4654,2070,450,0.6444522775339413
039521,4655,2070,527,0.59654765733890858
039521,4656,2070,285,0.62323811313662847
039521,4656,2070,286,0.61309144562556583
039521,4656,2070,292,0.62805330832063155
039521,4657,2070,314,0.61835632460696965
039521,4657,2070,317,0.62730511726244076
039521,4658,2070,432,0.59019690874444208
039521,4660,2070,378,0.63300291014914511
039521,4660,2070,380,0.60528825314260948
039521,4660,2070,381,0.55154009126466752
039521,4660,2070,385,0.62238628026412324
039521,4661,2070,466,0.64633252786655238
039521,4662,2070,426,0.62473843868012136
039521,4662,2070,427,0.6184875245844742
039521,4662,2070,428,0.61673030468323853
039521,4662,2070,430,0.60860692102928127
039521,4662,2070,431,0.60968561779758379
039521,4663,2070,290,0.59142831444504407
039521,4665,2070,412,0.63812682142498245
039521,4665,2070,414,0.64417598707864543
039521,4666,2070,296,0.61077821601941751
039521,4666,2070,298,0.63743710164374368
039521,4667,2070,528,0.58724581668057452
039521,4667,2070,535,0.61902585199857785
039521,4667,2070,536,0.63246397522924858
039521,4668,2070,414,0.64347118368177425
039521,4668,2070,415,0.65052743866303187
039521,4668,2070,419,0.61753645785563605
039521,4668,2070,423,0.64597701149425291
039521,4669,2070,443,0.65036577332455014
039521,4669,2070,444,0.61370247768081054
039521,4669,2070,447,0.63589085072231144
039521,4671,2070,295,0.64064384930893048
039521,4671,2070,298,0.59854669140383421
039521,4671,2070,301,0.63570133509147853
039521,4671,2070,303,0.62254101271216533
039521,4672,2070,504,0.62584618277547954
039521,4673,2070,369,0.6036437095507089
039521,4673,2070,372,0.62469920679718371
039521,4673,2070,373,0.60148547828403942
039521,4673,2070,374,0.62268542643738056
039521,4674,2070,523,0.60530608740448189
039521,4675,2070,547,0.62600006130644026
039521,4675,2070,548,0.64839433493377086
039521,4675,2070,551,0.62558678643871346
039521,4677,2070,441,0.63805384002926557
039521,4678,2070,378,0.60727244352541843
039521,4678,2070,381,0.62929528246942346
039521,4678,2070,385,0.62950312669929309
039521,4679,2070,584,0.63921203162156948
039521,4679,2070,587,0.64569363286947423
039521,4680,2070,361,0.61887275626313631
039521,4682,2070,384,0.61298459389188564
039521,4682,2070,389,0.63457808494036338
039521,4682,2070,396,0.64084142453609938
039521,4682,2070,397,0.65316543638732094
039521,4683,2070,410,0.62419980601357905
039521,4684,2070,467,0.57445106231665033
039521,4684,2070,468,0.61863215084691592
039521,4685,2070,474,0.63218152772025327
039521,4685,2070,478,0.63504515831066866
039521,4686,2070,380,0.63630679449770733
039521,4687,2070,544,0.59112009347270034
039521,4687,2070,550,0.65671179084426989
039521,4688,2070,325,0.59462830857989324
039521,4689,2070,329,0.62985602495196191
039521,4689,2070,330,0.62170528922695911
039521,4689,2070,335,0.61179796456841307
039521,4690,2070,496,0.58668818837827574
039521,4690,2070,500,0.5968266702322057
039521,4690,2070,501,0.63192941568170469
039521,4690,2070,505,0.59500667047836864
039521,4691,2070,353,0.59429210968102963
039521,4691,2070,354,0.62615581582815683
039521,4692,2070,550,0.60729161791547714
039521,4693,2070,471,0.64135277905374366
039521,4694,2070,629,0.61726156751652506
039521,4694,2070,630,0.63411825666417176
039521,4695,2070,355,0.64583395217585027
039521,4695,2070,358,0.62490763753610534
039521,4696,2070,606,0.63894743999456038
039521,4696,2070,615,0.62150730060601134
039521,4696,2070,617,0.6413064547392906
039521,4698,2070,360,0.61037297011225311
039521,4699,2070,339,0.55565327517061847
039521,4700,2070,375,0.64364553052325579
039521,4700,2070,377,0.64095518122612738
039521,4700,2070,378,0.62684952429439655
039521,4700,2070,380,0.61475516866158864
039521,4701,2070,477,0.62800580704764419
039521,4701,2070,479,0.60107441305212894
039521,4701,2070,482,0.5690860863274656
039521,4701,2070,485,0.62941052186773716
039521,4702,2070,266,0.60531778195117125
039521,4702,2070,269,0.63946880984522647
039521,4703,2070,534,0.64028174564082352
039521,4703,2070,537,0.60422772039394668
039521,4703,2070,540,0.59584953431594179
039521,4704,2070,507,0.64777590455193879
039521,4704,2070,511,0.62773955702632878
039521,4706,2070,271,0.61551651622504777
039521,4706,2070,273,0.62160194174757277
039521,4706,2070,275,0.58685136323658749
039521,4706,2070,279,0.62310322308017363
039521,4707,2070,339,0.57597758749950678
039521,4707,2070,342,0.60688235294117643
039521,4709,2070,327,0.59618642540460653
039521,4709,2070,330,0.616254851841333
039521,4709,2070,332,0.61452642664384916
039521,4709,2070,333,0.63873061183528279
039521,4710,2070,377,0.59135969946780753
039521,4712,2070,662,0.58895064721900992
039521,4712,2070,663,0.56979625550660795
039521,4713,2070,502,0.64733735838816908
039521,4713,2070,503,0.62522522522522528
039521,4714,2070,520,0.63363871183543008
039521,4714,2070,521,0.62267384916748281
039521,4715,2070,430,0.60459862442893719
039521,4715,2070,431,0.61776558346909027
039521,4715,2070,433,0.61950852793309219
039521,4715,2070,436,0.60125877718787468
039521,4715,2070,437,0.64747591186897802
039521,4715,2070,438,0.61224229543039321
039521,4716,2070,281,0.65671264476781854
039521,4716,2070,283,0.63752920560747661
039521,4716,2070,284,0.61845665113194048
039521,4717,2070,348,0.6573025146050292
039521,4718,2070,439,0.61422889969067607
039521,4719,2070,543,0.6368392070484582
039521,4719,2070,544,0.60793888922907358
039521,4719,2070,547,0.6317685966730836
039521,4721,2070,553,0.60258893976752381
039521,4721,2070,557,0.61252237498571804
039521,4722,2070,420,0.58828118584216149
039521,4722,2070,423,0.61942540606515817
039521,4723,2070,512,0.64851129805621754
039521,4725,2070,274,0.61363950180884264
039521,4725,2070,280,0.64848999768286086
039521,4725,2070,281,0.62835356116256791
039521,4728,2070,404,0.61278800486713503
039521,4729,2070,285,0.61792193512919191
039521,4729,2070,288,0.6065407099889859
039521,4729,2070,289,0.60624648810638693
039521,4730,2070,423,0.60757060476120062
039521,4730,2070,424,0.64049262629432069
039521,4731,2070,466,0.6321556680261412
039521,4732,2070,440,0.63987211198842098
039521,4733,2070,392,0.64732776549037729
039521,4733,2070,394,0.62433823529411769
039521,4733,2070,398,0.63565310993588242
039521,4733,2070,400,0.61721768999570636
039521,4734,2070,435,0.60780098280098283
039521,4734,2070,436,0.64192423890309092
039521,4734,2070,437,0.60993077106708049
039521,4735,2070,375,0.57459817499652599
039521,4735,2070,378,0.64244196763213191
039521,4735,2070,380,0.6005210594876248
039521,4736,2070,293,0.61558074630465498
039521,4737,2070,290,0.64282764575590345
039521,4737,2070,291,0.61144672838537584
039521,4738,2070,438,0.63357256035045206
039521,4738,2070,440,0.60747101760412192
039521,4738,2070,443,0.61258262399543484
039521,4739,2070,513,0.59678776290630975
039521,4739,2070,515,0.61216382632185273
039521,4740,2070,530,0.60964581763376036
039521,4741,2070,577,0.63269437202882994
039521,4741,2070,579,0.61298630136986298
039521,4742,2070,397,0.64291453678217902
039521,4742,2070,398,0.62266689816824372
039521,4742,2070,399,0.61921449634599768
039521,4743,2070,373,0.62537132337559098
039521,4743,2070,379,0.64614156079854812
039521,4743,2070,381,0.60444820736591875
039521,4744,2070,584,0.5808410855693088
039521,4744,2070,585,0.59487323679647597
039521,4744,2070,586,0.5978924808001429
039521,4745,2070,521,0.60997210147278269
039521,4746,2070,450,0.63592964824120601
039521,4746,2070,460,0.55562347188264061
039521,4747,2070,265,0.61794772027873091
039521,4748,2070,354,0.59959968671133934
039521,4748,2070,361,0.61583443369532997
039521,4749,2070,507,0.57814632532362797
039521,4749,2070,512,0.6316944396419879
039521,4751,2070,504,0.64546424759871934
039521,4751,2070,511,0.62106254465155553
039521,4751,2070,512,0.62290802613840301
039521,4752,2070,255,0.63119976475200945
039521,4752,2070,258,0.5963662594112078
039521,4753,2070,454,0.64729779076136573
039521,4753,2070,459,0.62711780929866034
039521,4753,2070,463,0.6132464911476011
039521,4754,2070,386,0.62003179650238471
039521,4754,2070,387,0.6039086757990868
039521,4754,2070,388,0.65119545539671642
039521,4755,2070,535,0.59805860805860811
039521,4755,2070,537,0.62461142673384074
039521,4757,2070,316,0.639037746004259
039521,4758,2070,452,0.618635838150289
039521,4758,2070,453,0.63486353327598344
039521,4758,2070,457,0.64289592058321698
039521,4759,2070,501,0.61603953816762191
039521,4759,2070,503,0.57044746832743254
039521,4760,2070,574,0.62978462794733081
039521,4761,2070,434,0.64437205433878575
039521,4762,2070,306,0.62998508094145944
039521,4762,2070,314,0.61862754201875758
039521,4763,2070,399,0.63774353982570076
039521,4763,2070,400,0.62357537304664556
039521,4763,2070,406,0.59478484150876576
039521,4764,2070,457,0.63748977115607097
039521,4765,2070,270,0.62872430094916998
039521,4765,2070,271,0.63877383328023074
039521,4765,2070,275,0.6374014550728706
039521,4766,2070,372,0.61989014946875565
039521,4766,2070,377,0.63883806555081202
039521,4766,2070,378,0.60577742513738286
039521,4767,2070,370,0.61780646432794639
039521,4768,2070,477,0.64356476683937824
039521,4768,2070,483,0.62924090798144983
039521,4768,2070,484,0.63323990729262114
039521,4769,2070,434,0.61640818573919431
039521,4769,2070,435,0.61277697672365594
039521,4769,2070,437,0.62178538390379279
039521,4770,2070,438,0.63707244704524846
039521,4772,2070,424,0.64489902963545764
039521,4773,2070,397,0.62865842454786469
039521,4774,2070,445,0.64822923599677729
039521,4774,2070,447,0.60150375939849621
039521,4775,2070,232,0.63237587977934184
039521,4776,2070,315,0.62127399896728164
039521,4777,2070,394,0.59046027646969468
039521,4778,2070,367,0.61429516876240897
039521,4778,2070,369,0.63096414000429457
039521,4778,2070,373,0.61989574283231974
039521,4778,2070,377,0.60213421863884276
039521,4779,2070,436,0.62734199051224304
039521,4780,2070,496,0.63196558570483119
039521,4780,2070,500,0.64886888013505906
039521,4781,2070,228,0.65533641955735933
039521,4781,2070,234,0.64257999496094731
039521,4781,2070,235,0.6151798184357542
039521,4782,2070,316,0.6048481020154366
039521,4783,2070,394,0.63696458850416537
039521,4783,2070,396,0.59687117682276081
039521,4785,2070,457,0.60069918957571911
039521,4787,2070,328,0.60742919302203779
039521,4787,2070,332,0.61649283147870371
039521,4788,2070,489,0.65059461208640079
039521,4788,2070,491,0.65529362601705954
039521,4791,2070,427,0.59767301905717152
039521,4791,2070,429,0.63466238391173802
039521,4792,2070,451,0.63955389103850691
039521,4792,2070,455,0.62816930034042984
039521,4793,2070,441,0.60047308381977027
039521,4793,2070,442,0.6087604537550716
039521,4794,2070,341,0.63506870409855487
039521,4794,2070,344,0.59972005429250086
039521,4795,2070,342,0.58598057232869516
039521,4795,2070,343,0.58392948390393462
039521,4797,2070,306,0.61776918264035041
039521,4797,2070,309,0.6071612760627717
039521,4797,2070,310,0.58359213250517594
039521,4798,2070,499,0.6139085337105139
039521,4799,2070,545,0.64062807290806256
039521,4799,2070,548,0.6190558235699517
039521,4800,2070,371,0.60203775846568774
039521,4800,2070,372,0.61152350653941323
039521,4800,2070,378,0.64969412346289312
039521,4800,2070,379,0.62921213093709882
039521,4801,2070,364,0.63833262552677139
039521,4801,2070,366,0.6292986363883305
039521,4803,2070,331,0.63099405682650822
039521,4804,2070,371,0.58170954652873763
039521,4804,2070,373,0.59540229885057472
039521,4804,2070,374,0.64110137672090117
039521,4805,2070,452,0.60714900058485566
039521,4805,2070,453,0.64382991273572632
039521,4806,2070,402,0.60079519822609628
039521,4807,2070,475,0.63743263106320436
039521,4808,2070,632,0.64772163208577382
039521,4809,2070,288,0.60925047013521982
039521,4809,2070,289,0.61843595302035137
039521,4809,2070,290,0.61369595072620586
039521,4809,2070,292,0.64407825487278136
039521,4811,2070,453,0.64887571040276748
039521,4811,2070,456,0.61834538284587581
039521,4811,2070,460,0.62159918594687236
039521,4812,2070,345,0.63459043462876685
039521,4812,2070,346,0.6001468053871194
039521,4813,2070,330,0.5861176684220083
039521,4814,2070,428,0.61625949683817838
039521,4816,2070,504,0.60754641645038931
039521,4816,2070,509,0.64295167435331868
039521,4816,2070,517,0.61117083542368422
039521,4818,2070,401,0.55710594315245476
039521,4818,2070,402,0.59312086504944161
039521,4819,2070,530,0.56765870891767478
039521,4819,2070,533,0.6223379736332626
039521,4819,2070,534,0.61586536315343066
039521,4819,2070,536,0.64391936700006358
039521,4820,2070,358,0.60905279076161667
039521,4820,2070,360,0.61373119674602894
039521,4820,2070,361,0.61288046290633669
039521,4821,2070,591,0.64278907242693772
039521,4821,2070,595,0.6318750392859388
039521,4821,2070,596,0.62885235502458103
039521,4822,2070,415,0.59155797960635526
039521,4823,2070,224,0.63735279631039266
039521,4823,2070,226,0.63142620232172475
039521,4823,2070,228,0.64303947120939353
039521,4823,2070,230,0.63720577773653764
039521,4824,2070,352,0.62939845964440122
039521,4824,2070,354,0.60412573673870329
039521,4825,2070,334,0.59363656733139147
039521,4825,2070,335,0.59249882794186592
039521,4825,2070,336,0.60431278913594988
039521,4825,2070,337,0.64667179185095702
039521,4826,2070,421,0.60677345537757432
039521,4826,2070,426,0.62812903225806449
039521,4828,2070,520,0.63934312878133104
039521,4828,2070,523,0.60894009856319842
039521,4829,2070,535,0.60844712607176876
039521,4829,2070,543,0.6459462369450526
039521,4830,2070,528,0.63516964611455673
039521,4831,2070,353,0.63378081523065655
039521,4831,2070,354,0.635736164998979
039521,4832,2070,405,0.61073901691451926
039521,4832,2070,410,0.62279350266320377
039521,4834,2070,384,0.63278794229064239
039521,4835,2070,497,0.62951314630771171
039521,4835,2070,498,0.59073650330659555
039521,4836,2070,362,0.62311824598663257
039521,4836,2070,365,0.62355490014018611
039521,4837,2070,358,0.60317305820517808
039521,4838,2070,210,0.60904011723758933
039521,4838,2070,211,0.6238175752867523
039521,4838,2070,212,0.62021924482338608
039521,4840,2070,432,0.60836722835560719
039521,4840,2070,433,0.63311345646438
039521,4840,2070,438,0.63828053864954237
039521,4840,2070,440,0.6371190355472931
039521,4842,2070,305,0.61377653471026961
039521,4844,2070,416,0.63097872340425532
039521,4844,2070,423,0.64804259883938842
039521,4845,2070,179,0.62345945014220461
039521,4845,2070,182,0.62605628025268689
039521,4846,2070,319,0.64583657587548637
039521,4846,2070,322,0.62979185384845759
039521,4847,2070,435,0.62853684715339464
039521,4847,2070,436,0.63673803391285688
039521,4847,2070,438,0.61036896877956481
039521,4848,2070,281,0.60055783429040199
039521,4848,2070,282,0.61765173433376785
039521,4850,2070,325,0.59632045492557284
039521,4850,2070,328,0.64334292440491758
039521,4851,2070,460,0.62785802723896
039521,4853,2070,540,0.60408436794582387
039521,4853,2070,544,0.6179298975546571
039521,4853,2070,545,0.63660487804878052
039521,4853,2070,549,0.60743476894058468
039521,4854,2070,528,0.63832704833733289
039521,4854,2070,531,0.64315727646500698
039521,4854,2070,533,0.65166914393604625
039521,4855,2070,580,0.62402567629527739
039521,4856,2070,422,0.60225716893587888
039521,4857,2070,331,0.62925505080836952
039521,4857,2070,332,0.6061053668143771
039521,4857,2070,333,0.64296230598669624
039521,4858,2070,414,0.62375665958061044
039521,4858,2070,418,0.62210057199003399
039521,4859,2070,387,0.61579639067859093
039521,4860,2070,450,0.62786604509561417
039521,4860,2070,451,0.58723651975647029
039521,4861,2070,245,0.64199472336664809
039521,4861,2070,252,0.59791659025052268
039521,4861,2070,254,0.62614475627769572
039521,4862,2070,214,0.60942550307580023
039521,4863,2070,427,0.60578630516696264
039521,4865,2070,519,0.58699722607489602
039521,4865,2070,521,0.63333186677812481
039521,4865,2070,522,0.62377704609595486
039521,4865,2070,525,0.62172131147540988
039521,4866,2070,346,0.62825124515772002
039521,4866,2070,347,0.65078087264530671
039521,4866,2070,348,0.65231900114772479
039521,4866,2070,350,0.62670420865441612
039521,4866,2070,354,0.57920120207454806
039521,4867,2070,505,0.63022335069070878
039521,4868,2070,378,0.63498430890981039
039521,4868,2070,380,0.59494685485276178
039521,4868,2070,381,0.59048995858404318
039521,4868,2070,384,0.61909789216935451
039521,4869,2070,475,0.58903534547896907
039521,4870,2070,410,0.62117021276595741
039521,4870,2070,414,0.61534682210013847
039521,4873,2070,612,0.60983102918586785
039521,4874,2070,494,0.63722925039786371
039521,4874,2070,496,0.60884294649061843
039521,4874,2070,497,0.65093998885848436
039521,4875,2070,478,0.6302575385013589
039521,4875,2070,480,0.63554037539560682
039521,4876,2070,535,0.63029465033398901
039521,4878,2070,484,0.63376100794881096
039521,4878,2070,490,0.60448901249559328
039521,4880,2070,352,0.61708229663254255
039521,4880,2070,358,0.59066288367294295
039521,4881,2070,425,0.63789577393303376
039521,4881,2070,428,0.61534995137917126
039521,4881,2070,432,0.63656350768457637
039521,4881,2070,435,0.63148939883081756
039521,4881,2070,436,0.64064244797331593
039521,4882,2070,308,0.57175955179240912
039521,4882,2070,309,0.62479755263631453
039521,4882,2070,319,0.61720882201076932
039521,4883,2070,444,0.57955078779751923
039521,4883,2070,445,0.63022357485660774
039521,4883,2070,447,0.61154269812742768
039521,4883,2070,450,0.62316262522235744
039521,4884,2070,428,0.64322379467498203
039521,4884,2070,431,0.62999702779016198
039521,4884,2070,432,0.62182360033669271
039521,4884,2070,433,0.6004375425886741
039521,4884,2070,436,0.55250955828520298
039521,4885,2070,477,0.57755833260508604
039521,4885,2070,479,0.6130507431184592
039521,4885,2070,483,0.61743102830526697
039521,4886,2070,298,0.61434848671512465
039521,4886,2070,301,0.62257626094835394
039521,4887,2070,537,0.59633321324206401
039521,4887,2070,541,0.62923546816836884
039521,4888,2070,539,0.639635976982737
039521,4888,2070,541,0.60279744581034711
039521,4888,2070,544,0.63216452442159388
039521,4889,2070,502,0.59344846491228065
039521,4889,2070,510,0.6370941722121396
039521,4889,2070,513,0.61911329249989855
039521,4891,2070,422,0.59809622706818966
039521,4892,2070,459,0.63282967675539126
039521,4892,2070,463,0.63236328749600257
039521,4893,2070,444,0.66090050300576619
039521,4894,2070,495,0.63353774870536927
039521,4894,2070,499,0.64200846724632399
039521,4894,2070,501,0.63602484472049692
039521,4895,2070,374,0.59042276929469206
039521,4895,2070,379,0.625458133634057
039521,4896,2070,441,0.64383096038370025
039521,4896,2070,445,0.63182677989294478
039521,4897,2070,417,0.64069496268656712
039521,4897,2070,419,0.6473493385595297
039521,4897,2070,424,0.58214877474492022
039521,4897,2070,425,0.63483030584976907
039521,4897,2070,429,0.66211123307720454
039521,4898,2070,455,0.65425008483203262
039521,4898,2070,459,0.62172680739455988
039521,4898,2070,460,0.61305681454012728
039521,4898,2070,461,0.64297682942793555
039521,4899,2070,262,0.62181050785211167
039521,4900,2070,352,0.59745355875600081
039521,4901,2070,436,0.66026314657423968
039521,4901,2070,437,0.65514580047649407
039521,4902,2070,420,0.60750670241286864
039521,4902,2070,421,0.64252147909052071
039521,4902,2070,422,0.64343423061171301
039521,4904,2070,238,0.62654139753376392
039521,4904,2070,243,0.636944488375771
039521,4904,2070,244,0.64793966192151198
039521,4905,2070,335,0.6083265773284372
039521,4906,2070,315,0.60269969384915112
039521,4907,2070,472,0.63823011104269733
039521,4908,2070,238,0.63741268187256372
039521,4909,2070,387,0.65270594754340594
039521,4909,2070,388,0.60843018359440793
039521,4909,2070,389,0.64045730693138647
039521,4910,2070,290,0.60613320555821759
039521,4910,2070,293,0.61785407725321884
039521,4911,2070,402,0.63106969278102287
039521,4911,2070,405,0.61721237466140755
039521,4911,2070,406,0.64394791834110277
039521,4912,2070,245,0.6305495615444654
039521,4913,2070,272,0.62249336270688582
039521,4915,2070,338,0.64049829116867885
039521,4917,2070,350,0.53532570790905287
039521,4917,2070,354,0.59861775651249338
039521,4918,2070,383,0.63032736864898919
039521,4919,2070,416,0.60021354130399462
039521,4920,2070,327,0.6260229553759844
039521,4920,2070,329,0.59508428009207692
039521,4920,2070,333,0.63825532374878391
039521,4921,2070,464,0.6106055706961061
039521,4922,2070,386,0.63610619469026553
039521,4922,2070,388,0.62628595423052702
039521,4923,2070,360,0.64520060449471062
039521,4924,2070,177,0.61384714501895332
039521,4924,2070,178,0.62526023594725888
039521,4924,2070,179,0.58925882549774133
039521,4925,2070,257,0.61441885964912279
039521,4925,2070,260,0.62952266028367387
039521,4925,2070,262,0.65578469149897722
039521,4926,2070,454,0.60620561315559607
039521,4926,2070,455,0.61791563458907905
039521,4926,2070,457,0.60306486101211687
039521,4927,2070,402,0.62039098231270495
039521,4928,2070,503,0.58339976968730622
039521,4928,2070,505,0.613030638612034
039521,4928,2070,506,0.64558216792584255
039521,4928,2070,507,0.61074989163415694
039521,4929,2070,447,0.65396017026451814
039521,4930,2070,413,0.64026293562483938
039521,4930,2070,420,0.61027399759203182
039521,4931,2070,431,0.6001458511683947
039521,4931,2070,432,0.64459065904433177
039521,4931,2070,434,0.59888081451832276
039521,4931,2070,440,0.63344229318581846
039521,4933,2070,322,0.65977673195022168
039521,4934,2070,305,0.6470798504179498
039521,4935,2070,517,0.64908290690083603
039521,4935,2070,526,0.60179988709195364
039521,4936,2070,480,0.63730280269330808
039521,4936,2070,482,0.60034325389086085
039521,4937,2070,594,0.60547283412048891
039521,4938,2070,463,0.59512609203126654
039521,4938,2070,464,0.64011772279959533
039521,4938,2070,472,0.64049762529240806
039521,4938,2070,475,0.62229901146006472
039521,4939,2070,414,0.63249541764859907
039521,4939,2070,416,0.61192570869990226
039521,4940,2070,389,0.59681490660424985
039521,4941,2070,418,0.63464908235728124
039521,4941,2070,419,0.63078227173649792
039521,4942,2070,189,0.64569600246713699
039521,4943,2070,443,0.64217274419245884
039521,4943,2070,445,0.64076567760118996
039521,4943,2070,449,0.61915767847971237
039521,4943,2070,450,0.61143950669785241
039521,4944,2070,407,0.63824358206305887
039521,4945,2070,514,0.61440600402709133
039521,4945,2070,515,0.62326431452960973
039521,4946,2070,334,0.62890756302521011
039521,4947,2070,151,0.58714285714285719
039521,4948,2070,403,0.62105781057810583
039521,4948,2070,406,0.60584003745796622
039521,4950,2070,501,0.61668858687710071
039521,4950,2070,503,0.61250466243938828
039521,4951,2070,232,0.60741789855713901
039521,4951,2070,240,0.63938634557789864
039521,4951,2070,241,0.5927857643758766
039521,4952,2070,529,0.60958570986426142
039521,4953,2070,489,0.60186577232951699
039521,4953,2070,491,0.62274899515776816
039521,4953,2070,492,0.65721255370275977
039521,4953,2070,496,0.64229524659674175
039521,4953,2070,498,0.5988660524450744
039521,4954,2070,354,0.64339521314425885
039521,4955,2070,451,0.64825488458763025
039521,4956,2070,432,0.63564574170331867
039521,4957,2070,384,0.62147822152757781
039521,4958,2070,275,0.61159388406115944
039521,4959,2070,562,0.60922820787251752
039521,4961,2070,483,0.61109183036024151
039521,4961,2070,487,0.59433034884029867
039521,4961,2070,489,0.65978110066286422
039521,4963,2070,367,0.59285582425696881
039521,4963,2070,372,0.64613002538573716
039521,4963,2070,373,0.61650895197476563
039521,4964,2070,597,0.64176796374883116
039521,4965,2070,407,0.63184387142352527
039521,4965,2070,408,0.63908210507481378
039521,4965,2070,411,0.58346823803665093
039521,4965,2070,414,0.62816455696202533
039521,4965,2070,416,0.63084611944071722
039521,4965,2070,417,0.61493559747214044
039521,4966,2070,197,0.6266118949812467
039521,4970,2070,353,0.65107300514284883
039521,4972,2070,555,0.63715415019762844
039521,4972,2070,559,0.59875379822300856
039521,4973,2070,557,0.65628081854043396
039521,4973,2070,560,0.63044739182552878
039521,4973,2070,562,0.63976300595507996
039521,4973,2070,565,0.62106445418644252
039521,4976,2070,577,0.58983409812919163
039521,4976,2070,579,0.6019590790497551
039521,4976,2070,583,0.57385725741780269
039521,4977,2070,516,0.63102364851760384
039521,4977,2070,524,0.61019637701849561
039521,4978,2070,250,0.62050538525269261
039521,4978,2070,262,0.61278077550508214
039521,4981,2070,383,0.64455911065067539
039521,4981,2070,384,0.62394107807694388
039521,4981,2070,385,0.62936777943156852
039521,4981,2070,387,0.63165789324729726
039521,4981,2070,388,0.64361795346120143
039521,4982,2070,306,0.64240580388485846
039521,4982,2070,308,0.58844655993076589
039521,4983,2070,442,0.59824297531961446
039521,4983,2070,446,0.64967473605630799
039521,4984,2070,506,0.60469843070523732
039521,4985,2070,478,0.61522028701399889
039521,4985,2070,480,0.62973171628077917
039521,4986,2070,443,0.62154772937905467
039521,4986,2070,446,0.60438093175995089
039521,4987,2070,343,0.62098298676748587
039521,4987,2070,347,0.64513532072076341
039521,4987,2070,353,0.64128385455633696
039521,4988,2070,541,0.62040952222407186
039521,4989,2070,495,0.62775196160585056
039521,4989,2070,497,0.59542680510422441
039521,4990,2070,279,0.6082850257278708
039521,4992,2070,447,0.5905829234862533
039521,4993,2070,362,0.62134902290397143
039521,4993,2070,366,0.6243485659588045
039521,4993,2070,368,0.60028561764816413
039521,4994,2070,412,0.63859718644739449
039521,4994,2070,416,0.62114734742070765
039521,4994,2070,417,0.60901878914405005
039521,4994,2070,420,0.60949464012251153
039521,4994,2070,421,0.60608168154244424
039521,4995,2070,282,0.6066213033237372
039521,4996,2070,257,0.62208041374708045
039521,4999,2070,314,0.62823302405780446
039521,4999,2070,317,0.56996498986548738
039521,5000,2070,292,0.63183089245935831
039521,5000,2070,295,0.64013598640135982
039521,5000,2070,297,0.61854140914709521
039521,5002,2070,288,0.63397588765235824
039521,5002,2070,292,0.64758208447831378
039521,5004,2070,391,0.64174604618523479
039521,5004,2070,393,0.58990170623145399
039521,5004,2070,397,0.60436986243025681
039521,5005,2070,414,0.60551569924531823
039521,5005,2070,415,0.59492222269317174
039521,5005,2070,416,0.59804851191386532
039521,5006,2070,479,0.63255986831625344
039521,5006,2070,480,0.64564902686183046
039521,5006,2070,486,0.56668935011908816
039521,5006,2070,487,0.64984018899388551
039521,5007,2070,306,0.64601344860710852
039521,5007,2070,311,0.64783540770215453
039521,5009,2070,526,0.62533890905748812
039521,5009,2070,528,0.64443132209966891
039521,5009,2070,532,0.63834248627059409
039521,5009,2070,533,0.62864249145931927
039521,5010,2070,383,0.62925737150478733
039521,5011,2070,429,0.61122967105747295
039521,5012,2070,458,0.60345104979486763
039521,5013,2070,493,0.63164922410682067
039521,5013,2070,497,0.65123110151187902
039521,5013,2070,498,0.64694210190631418
039521,5013,2070,500,0.6167705575954231
039521,5014,2070,418,0.63873447971323183
039521,5015,2070,459,0.62604540023894861
039521,5016,2070,320,0.64113974905742011
039521,5018,2070,444,0.64281931539165182
039521,5018,2070,447,0.60558754202248932
039521,5019,2070,337,0.63938328182173432
039521,5020,2070,362,0.59865005192108001
039521,5021,2070,373,0.56749957600768841
039521,5021,2070,378,0.59167163733969574
039521,5022,2070,442,0.62910487835102646
039521,5022,2070,443,0.59179580674567001
039521,5022,2070,445,0.61442876100856558
039521,5022,2070,449,0.6305936316603552
039521,5023,2070,367,0.62916555585177281
039521,5023,2070,370,0.5735157110188871
039521,5023,2070,373,0.5807053238385893
039521,5024,2070,368,0.61902554355384543
039521,5024,2070,373,0.634865430976564
039521,5026,2070,506,0.59274328859060399
039521,5026,2070,509,0.63675840795423921
039521,5027,2070,412,0.64123404999126032
039521,5028,2070,318,0.60858471542038772
039521,5028,2070,319,0.63334345723430596
039521,5028,2070,321,0.63807378203323006
039521,5028,2070,323,0.62307546093898503
039521,5030,2070,172,0.61618337713817917
039521,5030,2070,176,0.62152089819794321
039521,5031,2070,291,0.62752263906856398
039521,5033,2070,445,0.64795335010290422
039521,5034,2070,276,0.62773291178391011
039521,5034,2070,280,0.64787568400095163
039521,5035,2070,424,0.63479991276850944
039521,5035,2070,425,0.62931704838826741
039521,5035,2070,427,0.63725760138457299
039521,5036,2070,211,0.60910465931309254
039521,5036,2070,215,0.64820236561658273
039521,5036,2070,219,0.61436302920968799
039521,5036,2070,223,0.62807403025437336
039521,5037,2070,439,0.62551429091571087
039521,5038,2070,409,0.61443475185665453
039521,5038,2070,414,0.59578339991122942
039521,5038,2070,417,0.62571607374957883
039521,5038,2070,418,0.59775445447888698
039521,5038,2070,419,0.57925592876664023
039521,5038,2070,420,0.64978889918648952
039521,5039,2070,507,0.6434602076124567
039521,5040,2070,226,0.56966047834085964
039521,5040,2070,227,0.60650909633164329
039521,5041,2070,504,0.60454587452647135
039521,5041,2070,506,0.63599093233010173
039521,5042,2070,418,0.60745917261482119
039521,5042,2070,419,0.63815544812197844
039521,5043,2070,478,0.62809566288602858
039521,5043,2070,479,0.60492310131599814
039521,5044,2070,370,0.60841481692955535
039521,5045,2070,263,0.63450327186198696
039521,5048,2070,223,0.63142788806505623
039521,5049,2070,208,0.56543544021652603
039521,5049,2070,212,0.6250799114826654
039521,5050,2070,561,0.60950295598861393
039521,5050,2070,563,0.59879614767255218
039521,5050,2070,569,0.64774461813779671
039521,5050,2070,571,0.57409718587704817
039521,5051,2070,372,0.63061078371977752
039521,5052,2070,391,0.60734411085450346
039521,5052,2070,398,0.62359010672196646
039521,5053,2070,387,0.63578383641674785
039521,5054,2070,258,0.6043765521765615
039521,5054,2070,259,0.55850056796667924
039521,5054,2070,260,0.64792686165168245
039521,5055,2070,547,0.61917556217171354
039521,5055,2070,548,0.61496809127828278
039521,5055,2070,550,0.60814854285362951
039521,5055,2070,551,0.63017609316261058
039521,5055,2070,552,0.63009646302250799
039521,5055,2070,557,0.5739629756599246
039521,5056,2070,212,0.60574390702729819
039521,5056,2070,215,0.62636233696623189
039521,5057,2070,220,0.6488682233917531
039521,5057,2070,221,0.65206565842862407
039521,5057,2070,226,0.59923410574029934
039521,5057,2070,227,0.60692677814301366
039521,5058,2070,559,0.63263650248186332
039521,5059,2070,356,0.62602255512539973
039521,5059,2070,359,0.6268935851879559
039521,5060,2070,400,0.62600271265258667
039521,5060,2070,403,0.64948635089087003
039521,5061,2070,371,0.62597294484911548
039521,5061,2070,375,0.612619026430542
039521,5063,2070,551,0.61379804989629172
039521,5064,2070,459,0.62853802962650673
039521,5064,2070,462,0.61795398348769959
039521,5065,2070,333,0.59942307692307695
039521,5065,2070,335,0.59710065645514221
039521,5067,2070,479,0.61862836844216118
039521,5068,2070,409,0.61842165739761912
039521,5069,2070,491,0.60712007145591429
039521,5069,2070,492,0.62123432665689626
039521,5070,2070,419,0.58830801836806779
039521,5070,2070,421,0.63338017876215635
039521,5070,2070,425,0.50603724515859383
039521,5073,2070,445,0.61052487323557625
039521,5074,2070,436,0.65267707992491431
039521,5074,2070,437,0.64362512514691161
039521,5075,2070,279,0.6119156736938588
039521,5075,2070,287,0.64379576687731965
039521,5076,2070,486,0.5985518514918845
039521,5077,2070,498,0.59434889434889437
039521,5077,2070,501,0.58899689935473054
039521,5077,2070,502,0.6321787034940759
039521,5079,2070,515,0.61475817243356912
039521,5079,2070,518,0.60813987657948865
039521,5080,2070,229,0.61914631266888787
039521,5081,2070,518,0.61683555121474787
039521,5081,2070,520,0.6199106682700567
039521,5082,2070,263,0.56245643924727018
039521,5083,2070,393,0.6444980781263967
039521,5083,2070,394,0.60506134969325154
039521,5083,2070,396,0.63851464059332252
039521,5083,2070,401,0.6020795278909653
039521,5085,2070,291,0.63291081731861343
039521,5086,2070,485,0.61305634668006925
039521,5087,2070,417,0.65377870146729333
039521,5087,2070,418,0.6360604632616812
039521,5088,2070,543,0.6195851382872376
039521,5088,2070,545,0.61851768416309982
039521,5090,2070,310,0.6078891701209298
039521,5091,2070,324,0.63038436680226595
039521,5092,2070,346,0.61467808689108738
039521,5093,2070,272,0.59752821063944117
039521,5094,2070,259,0.61249464311223278
039521,5094,2070,263,0.63623326959847037
039521,5095,2070,436,0.64140891301603331
039521,5096,2070,417,0.64675707021143725
039521,5096,2070,418,0.60141810996164125
039521,5096,2070,426,0.62161731932505571
039521,5097,2070,342,0.58532194179842223
039521,5098,2070,455,0.61634047840944395
039521,5098,2070,458,0.63324687955908576
039521,5099,2070,436,0.63620902546420333
039521,5099,2070,437,0.61149264190609676
039521,5099,2070,439,0.60777070483855011
039521,5099,2070,440,0.59312839059674505
039521,5100,2070,405,0.59439304737874965
039521,5100,2070,406,0.65582849150999178
039521,5101,2070,230,0.63394543135452519
039521,5101,2070,234,0.63069231259155467
039521,5104,2070,173,0.65007351894891618
039521,5104,2070,175,0.66039117247149881
039521,5105,2070,255,0.62795363637525403
039521,5105,2070,257,0.58225863141103629
039521,5107,2070,320,0.60963369447962101
039521,5107,2070,321,0.62835931055442196
039521,5107,2070,324,0.63778309887259299
039521,5107,2070,326,0.64977232231241333
039521,5108,2070,476,0.59540986781581373
039521,5108,2070,479,0.5926289926289926
039521,5109,2070,349,0.63055549310972736
039521,5109,2070,351,0.60931797715531544
039521,5110,2070,516,0.59126542791265424
039521,5110,2070,518,0.62654157524400389
039521,5110,2070,523,0.61067941821079896
039521,5111,2070,349,0.61221015080265928
039521,5112,2070,475,0.6309428799452742
039521,5114,2070,338,0.62559825617210818
039521,5114,2070,339,0.6191881216389854
039521,5114,2070,340,0.63047799765067314
039521,5117,2070,559,0.63750298808182226
039521,5117,2070,560,0.62152383806812095
039521,5117,2070,561,0.63226891934522766
039521,5122,2070,395,0.59627173328553507
039521,5122,2070,396,0.61150712830957232
039521,5122,2070,398,0.60051706308169595
039521,5123,2070,465,0.63959588109578391
039521,5123,2070,467,0.60442197274830745
039521,5123,2070,470,0.62473427243207891
039521,5124,2070,520,0.61585754451733832
039521,5124,2070,524,0.62229517741048612
039521,5125,2070,227,0.64569116786898029
039521,5125,2070,234,0.60847333820306793
039521,5126,2070,181,0.59967819126990674
039521,5126,2070,186,0.58622781124903967
039521,5127,2070,444,0.63905864874902929
039521,5127,2070,447,0.65327396727799569
039521,5128,2070,246,0.64906361635333598
039521,5128,2070,247,0.60581100651701669
039521,5128,2070,248,0.63870652539008821
039521,5129,2070,500,0.63330947669768034
039521,5129,2070,503,0.61182714177407127
039521,5130,2070,347,0.6364265015806112
039521,5130,2070,349,0.61375754174266872
039521,5130,2070,351,0.58505015191243182
039521,5132,2070,428,0.63699159960372931
039521,5133,2070,534,0.61635129969418956
039521,5133,2070,537,0.62598294843142122
039521,5133,2070,539,0.60458822013146019
039521,5135,2070,352,0.60285674275311585
039521,5136,2070,324,0.58925089516786611
039521,5137,2070,555,0.63880290693762198
039521,5137,2070,556,0.63766343711786289
039521,5137,2070,562,0.62119695321001089
039521,5137,2070,568,0.64712597367714209
039521,5138,2070,460,0.60619525852104894
039521,5139,2070,362,0.63834707858794781
039521,5139,2070,363,0.58639956391387305
039521,5139,2070,366,0.63373012569716136
039521,5140,2070,459,0.59022084104734196
039521,5142,2070,322,0.61808947059972652
039521,5142,2070,326,0.64233617911460394
039521,5143,2070,334,0.64556025804330852
039521,5143,2070,336,0.5985713112735036
039521,5143,2070,338,0.62175819984744474
039521,5144,2070,451,0.63208086973107003
039521,5144,2070,455,0.61401425178147273
039521,5145,2070,528,0.59643226473629785
039521,5145,2070,530,0.61765461709782421
039521,5146,2070,372,0.59634069895000785
039521,5146,2070,373,0.63085568326947639
039521,5146,2070,374,0.55520216103171838
039521,5146,2070,379,0.61916923670007706
039521,5148,2070,445,0.64728004862482902
039521,5150,2070,178,0.61088526660614906
039521,5151,2070,436,0.65146585758151776
039521,5151,2070,439,0.61625101874490629
039521,5154,2070,569,0.60369466713140463
039521,5155,2070,422,0.6280026796822662
039521,5155,2070,428,0.60776059684074524
039521,5156,2070,301,0.62126478838882793
039521,5156,2070,303,0.5958269525267994
039521,5157,2070,486,0.63790652595304764
039521,5157,2070,492,0.62028410663222955
039521,5157,2070,494,0.64644494998736146
039521,5158,2070,347,0.62672640578756988
039521,5158,2070,352,0.61797098853868193
039521,5159,2070,456,0.66007375125712375
039521,5159,2070,458,0.60531941877740336
039521,5160,2070,529,0.6430168181343362
039521,5161,2070,404,0.60039348156947181
039521,5161,2070,405,0.63425790754257905
039521,5161,2070,406,0.57401256408404944
039521,5161,2070,408,0.65342622015807061
039521,5161,2070,413,0.6259634768172655
039521,5163,2070,368,0.6095394083780028
039521,5164,2070,321,0.6366905550846369
039521,5164,2070,324,0.60615817159441321
039521,5164,2070,326,0.64645674032151246
039521,5164,2070,332,0.60779670601540958
039521,5165,2070,375,0.63086799518523473
039521,5165,2070,377,0.61080551929889992
039521,5166,2070,508,0.62040268456375836
039521,5166,2070,509,0.63093974767126515
039521,5166,2070,511,0.62395196624655158
039521,5166,2070,512,0.61506570713391739
039521,5166,2070,513,0.64799263152191577
039521,5166,2070,515,0.6030279106487717
039521,5166,2070,518,0.61687566028202656
039521,5167,2070,217,0.6364702433304017
039521,5168,2070,355,0.61475735879077165
039521,5168,2070,356,0.62870124952669448
039521,5168,2070,358,0.60511770726714431
039521,5169,2070,308,0.63695837863022209
039521,5169,2070,310,0.61562412863649041
039521,5169,2070,311,0.64277464501664516
039521,5169,2070,315,0.56364327658316082
039521,5170,2070,376,0.6127702731863105
039521,5170,2070,379,0.60826547587776902
039521,5171,2070,491,0.61841392649903293
039521,5171,2070,492,0.58810136189231355
039521,5172,2070,272,0.61977706798774523
039521,5174,2070,524,0.62612961528530853
039521,5174,2070,526,0.64184191353527376
039521,5175,2070,384,0.58182442879230378
039521,5176,2070,254,0.60017471608635964
039521,5176,2070,255,0.63237692021626568
039521,5176,2070,263,0.6044872079102559
039521,5177,2070,343,0.6328727221057866
039521,5177,2070,347,0.63766846689047829
039521,5178,2070,208,0.63184288340126271
039521,5179,2070,396,0.61920822554766042
039521,5179,2070,398,0.63384323004974752
039521,5180,2070,237,0.58898016169356149
039521,5180,2070,238,0.60964398377647588
039521,5180,2070,241,0.61589319228800543
039521,5181,2070,229,0.61663218655020047
039521,5182,2070,397,0.62367657278338717
039521,5182,2070,404,0.64104370849614589
039521,5182,2070,406,0.64814877775133439
039521,5182,2070,407,0.60273715785526805
039521,5183,2070,348,0.60332281939976895
039521,5183,2070,349,0.64023554743573008
039521,5184,2070,340,0.61963786608336369
039521,5184,2070,343,0.62953375955091218
039521,5186,2070,490,0.59573195053849226
039521,5187,2070,425,0.63809278712303774
039521,5189,2070,468,0.59108151735270376
039521,5190,2070,292,0.62940180391885825
039521,5190,2070,293,0.57733709496288588
039521,5190,2070,294,0.63201017969647122
039521,5191,2070,457,0.63659365035352833
039521,5192,2070,538,0.61818980667838308
039521,5192,2070,540,0.62652724683307104
039521,5192,2070,543,0.5899197283112072
039521,5192,2070,546,0.64277770913134813
039521,5193,2070,511,0.60082100644065395
039521,5193,2070,517,0.64848198003814195
039521,5195,2070,275,0.62994227753495047
039521,5195,2070,280,0.64702025216853698
039521,5195,2070,282,0.61874370171313398
039521,5195,2070,283,0.66266748806406894
039521,5196,2070,376,0.64192337179814818
039521,5197,2070,646,0.63249045801526715
039521,5197,2070,649,0.64771100925741409
039521,5198,2070,444,0.6386927629529644
039521,5198,2070,447,0.64127727032535664
039521,5198,2070,448,0.62503784438389343
039521,5198,2070,450,0.60407426896188832
039521,5198,2070,451,0.61387359250431495
039521,5198,2070,452,0.61554004408523144
039521,5199,2070,466,0.64047598953498186
039521,5199,2070,472,0.63271951816950522
039521,5199,2070,473,0.62883996719863744
039521,5201,2070,530,0.63278673506779037
039521,5201,2070,533,0.62743991876339844
039521,5201,2070,537,0.55714408013012584
039521,5202,2070,551,0.64237599510104104
039521,5202,2070,552,0.59824489236253942
039521,5203,2070,465,0.61469670710571922
039521,5203,2070,466,0.64426476634233243
039521,5203,2070,470,0.62544806714031209
039521,5203,2070,471,0.64463234530518099
039521,5203,2070,472,0.63879583314212285
039521,5203,2070,476,0.60335054338014948
039521,5203,2070,480,0.60646118567478247
039521,5204,2070,354,0.60231228778957324
039521,5204,2070,358,0.59499088867228889
039521,5206,2070,429,0.64309388639123155
039521,5206,2070,430,0.61799049860142963
039521,5206,2070,432,0.6209298276162285
039521,5206,2070,436,0.60220364741641341
039521,5207,2070,460,0.63881203527580843
039521,5207,2070,462,0.61717305151915458
039521,5207,2070,463,0.58532315978456018
039521,5207,2070,466,0.64212543403403111
039521,5208,2070,384,0.64102564102564108
039521,5208,2070,385,0.64921046731366705
039521,5208,2070,386,0.61197256597584615
039521,5209,2070,475,0.61344537815126055
039521,5209,2070,483,0.63292281632256364
039521,5210,2070,452,0.60344827586206895
039521,5211,2070,573,0.63772957923570883
039521,5212,2070,411,0.64169955495843478
039521,5212,2070,415,0.60561441083107048
039521,5212,2070,419,0.60295591329164733
039521,5213,2070,545,0.63391685601817771
039521,5213,2070,547,0.63652557468826876
039521,5213,2070,548,0.61895654494506958
039521,5213,2070,550,0.65439127899442784
039521,5213,2070,552,0.61786582489750008
039521,5214,2070,390,0.58692275102386671
039521,5214,2070,394,0.64191460086166063
039521,5215,2070,448,0.62817805802215598
039521,5216,2070,536,0.62941390607935932
039521,5217,2070,239,0.59815324513895052
039521,5217,2070,243,0.63761169428298781
039521,5218,2070,533,0.6328419759585856
039521,5219,2070,491,0.64212167647928597
039521,5220,2070,483,0.61900909231006318
039521,5220,2070,488,0.59173801071900889
039521,5221,2070,276,0.63972248736991599
039521,5221,2070,284,0.64598213767232271
039521,5222,2070,406,0.61537074112151213
039521,5222,2070,407,0.63425341698807391
039521,5222,2070,409,0.63635445594546836
039521,5222,2070,411,0.63108925602292421
039521,5222,2070,412,0.61864060013639466
039521,5226,2070,544,0.58600445663352763
039521,5226,2070,545,0.62114516735614889
039521,5227,2070,272,0.63607358631457467
039521,5227,2070,275,0.60690260310032174
039521,5228,2070,260,0.58570949345857093
039521,5228,2070,263,0.60778525603180222
039521,5230,2070,314,0.60691942413507194
039521,5231,2070,478,0.63231356713338893
039521,5231,2070,479,0.65097808501250187
039521,5231,2070,484,0.63386081208338718
039521,5231,2070,488,0.62605021045801656
039521,5232,2070,363,0.63042665306816248
039521,5233,2070,419,0.63971425271806381
039521,5233,2070,425,0.64246230044664576
039521,5234,2070,500,0.61657972329326383
039521,5235,2070,434,0.60229138286353001
039521,5235,2070,436,0.63805743019716821
039521,5235,2070,437,0.64960437798459336
039521,5235,2070,441,0.6335468174174389
039521,5235,2070,442,0.63440074957973935
039521,5235,2070,444,0.59449197127041498
039521,5236,2070,513,0.63169994869943569
039521,5236,2070,515,0.62216800278842799
039521,5237,2070,363,0.58413064995051134
039521,5237,2070,366,0.63213890798242733
039521,5237,2070,370,0.59387761185132193
039521,5238,2070,354,0.633029133029133
039521,5238,2070,360,0.59061808869747412
039521,5239,2070,405,0.62023809523809526
039521,5241,2070,612,0.65248477358990198
039521,5241,2070,613,0.6501986445431176
039521,5241,2070,614,0.6344511560091648
039521,5242,2070,440,0.63116726835138393
039521,5243,2070,447,0.62522335708455579
039521,5244,2070,556,0.61187515440994811
039521,5245,2070,513,0.58992939427722035
039521,5246,2070,627,0.61113619262603458
039521,5246,2070,629,0.64433757293167004
039521,5247,2070,627,0.61788460608405471
039521,5249,2070,485,0.62043730873286906
039521,5250,2070,598,0.63570611012346878
039521,5250,2070,599,0.62382598089042485
039521,5250,2070,602,0.61778298727394509
039521,5251,2070,379,0.58290298147765618
039521,5253,2070,498,0.64605850987173941
039521,5253,2070,505,0.62724703665907844
039521,5254,2070,307,0.60446105691798102
039521,5254,2070,309,0.60684898354307837
039521,5254,2070,313,0.64371534195933455
039521,5254,2070,315,0.60880248833592532
039521,5256,2070,398,0.63655754065319059
039521,5256,2070,400,0.65731005132056575
039521,5257,2070,237,0.62871852768747361
039521,5257,2070,239,0.64079029998550796
039521,5257,2070,240,0.64898181908376118
039521,5258,2070,430,0.6155093562669679
039521,5258,2070,431,0.60479422995333054
039521,5260,2070,234,0.62436968168925311
039521,5260,2070,235,0.61501784176202778
039521,5260,2070,238,0.59542070200974084
039521,5260,2070,243,0.61821229864671157
039521,5261,2070,412,0.61715973600406149
039521,5261,2070,413,0.62872349557901963
039521,5262,2070,288,0.62814820342524536
039521,5262,2070,290,0.61418804203184507
039521,5263,2070,312,0.62664535219890483
039521,5264,2070,464,0.59575081022686349
039521,5266,2070,462,0.61095550088900796
039521,5267,2070,489,0.60016162620831137
039521,5268,2070,482,0.62834999999999996
039521,5268,2070,486,0.64521040974529342
039521,5268,2070,488,0.58424035550975717
039521,5268,2070,491,0.62729533282325933
039521,5270,2070,586,0.64116086124080485
039521,5270,2070,588,0.57957213239427308
039521,5270,2070,590,0.61073011429904367
039521,5271,2070,636,0.63226591309416702
039521,5271,2070,637,0.64812007277137662
039521,5271,2070,644,0.61748233829935206
039521,5273,2070,316,0.63083251473477409
039521,5273,2070,318,0.61175898931000972
039521,5274,2070,512,0.62743886641289837
039521,5274,2070,516,0.59280871173207317
039521,5276,2070,292,0.59596044603408371
039521,5278,2070,364,0.63041728934360275
039521,5279,2070,416,0.6023401316324043
039521,5280,2070,355,0.63769373415675668
039521,5280,2070,356,0.61194527861194525
039521,5280,2070,357,0.61253069018823314
039521,5280,2070,359,0.64649557143037129
039521,5282,2070,411,0.64248732224546967
039521,5283,2070,442,0.61334109846787921
039521,5283,2070,445,0.62559401309635176
039521,5283,2070,446,0.62037753365310222
039521,5284,2070,424,0.64372883747178333
039521,5285,2070,549,0.6326605750242662
039521,5286,2070,472,0.64723363663046674
039521,5286,2070,476,0.63157066768546199
039521,5286,2070,479,0.58505907191950046
039521,5286,2070,480,0.58452376465267042
039521,5287,2070,475,0.61605335917680926
039521,5287,2070,476,0.62538112590168815
039521,5287,2070,479,0.64762067931640044
039521,5288,2070,245,0.6336735649405375
039521,5288,2070,246,0.62210535244719656
039521,5288,2070,250,0.61810934797322703
039521,5289,2070,414,0.60906732445881007
039521,5290,2070,418,0.63673578697681532
039521,5291,2070,426,0.59329446064139946
039521,5292,2070,383,0.63246920675354534
039521,5293,2070,417,0.59956752506388833
039521,5294,2070,450,0.64161601849435101
039521,5294,2070,451,0.64119290834493781
039521,5295,2070,375,0.60838453760597344
039521,5295,2070,378,0.64271680401680953
039521,5295,2070,381,0.63584199584199586
039521,5295,2070,385,0.62878356850250339
039521,5296,2070,334,0.63175196249259014
039521,5297,2070,474,0.61556430059555123
039521,5297,2070,475,0.62365311733670203
039521,5297,2070,477,0.6094672451810228
039521,5297,2070,481,0.62282648908620053
039521,5298,2070,303,0.59327381592628448
039521,5300,2070,226,0.59095858521383249
039521,5301,2070,395,0.5791163141993958
039521,5302,2070,358,0.64564502451031092
039521,5302,2070,359,0.63039373052591818
039521,5302,2070,361,0.62715346187963961
039521,5302,2070,362,0.64123805188893945
039521,5303,2070,298,0.61416408668730649
039521,5303,2070,299,0.63487123628724806
039521,5305,2070,518,0.64968667879522946
039521,5305,2070,526,0.62050774050866198
039521,5308,2070,614,0.58175155432947667
039521,5309,2070,442,0.63882903981264638
039521,5309,2070,444,0.65495316789932079
039521,5309,2070,448,0.64259664478482859
039521,5309,2070,450,0.63568590687915716
039521,5310,2070,479,0.64838307753298974
039521,5311,2070,496,0.60698412698412696
039521,5312,2070,456,0.63551154065412507
039521,5313,2070,493,0.65130514625508285
039521,5314,2070,438,0.60835767243316108
039521,5314,2070,445,0.63032468119743146
039521,5315,2070,376,0.61526702971242953
039521,5315,2070,379,0.63241408662817977
039521,5315,2070,381,0.6420054876527812
039521,5317,2070,365,0.62291209156851002
039521,5318,2070,504,0.63767340098687275
039521,5319,2070,380,0.58394717930291051
039521,5320,2070,442,0.62891962816350133
039521,5322,2070,520,0.65288531775018266
039521,5322,2070,523,0.62604099137286195
039521,5322,2070,525,0.64098985720337931
039521,5322,2070,526,0.64021940667490729
039521,5322,2070,527,0.59466261455909586
039521,5322,2070,530,0.60046247283668575
039521,5324,2070,234,0.6352297592997812
039521,5324,2070,235,0.64167337769677446
039521,5325,2070,503,0.61090118709245944
039521,5325,2070,504,0.63606506403404783
039521,5325,2070,510,0.65047699637181378
039521,5325,2070,513,0.63322890189355874
039521,5327,2070,441,0.62934477148350831
039521,5328,2070,518,0.61050218497027009
039521,5330,2070,414,0.63236915768937141
039521,5330,2070,420,0.64189139985921306
039521,5331,2070,411,0.55962150769092789
039521,5331,2070,415,0.62538742656242774
039521,5334,2070,386,0.64694829733780901
039521,5334,2070,390,0.63555924912006256
039521,5334,2070,392,0.62031043363263039
039521,5334,2070,393,0.62703120969822024
039521,5334,2070,397,0.63307208899162093
039521,5335,2070,220,0.57291534993469007
039521,5335,2070,224,0.60601837902982825
039521,5337,2070,383,0.62667861747963649
039521,5337,2070,387,0.63414710127620688
039521,5338,2070,339,0.59623513870541611
039521,5338,2070,341,0.63412018937331949
039521,5339,2070,309,0.63054461550702157
039521,5339,2070,310,0.60990862287393188
039521,5339,2070,313,0.58746736292428203
039521,5339,2070,315,0.62792883097356222
039521,5341,2070,303,0.65025943396226416
039521,5342,2070,315,0.64497908697672757
039521,5342,2070,317,0.6548496072286214
039521,5343,2070,461,0.63109574341242403
039521,5343,2070,463,0.63246173599364131
039521,5343,2070,464,0.62062786221543775
039521,5344,2070,350,0.60888083371091983
039521,5344,2070,351,0.59309952479753703
039521,5344,2070,353,0.5995887834113478
039521,5344,2070,354,0.64305781457932865
039521,5344,2070,357,0.56142767689417661
039521,5345,2070,461,0.63077116442756198
039521,5345,2070,462,0.62738530066815146
039521,5347,2070,393,0.60808243897806058
039521,5348,2070,380,0.60696828373158962
039521,5348,2070,381,0.61213291778236245
039521,5349,2070,364,0.61793038020871338
039521,5350,2070,432,0.62842708129178371
039521,5351,2070,548,0.58654263397700157
039521,5351,2070,553,0.58874269586993677
039521,5352,2070,390,0.62287962693092391
039521,5352,2070,392,0.60890258827795662
039521,5352,2070,395,0.64058005752636626
039521,5354,2070,354,0.57385365206723915
039521,5354,2070,355,0.62360076525420283
039521,5354,2070,359,0.60692401960784315
039521,5354,2070,362,0.62545309875342592
039521,5355,2070,329,0.60237586759209827
039521,5356,2070,304,0.65124098823127119
039521,5356,2070,307,0.64822324834370604
039521,5356,2070,310,0.63627906976744186
039521,5357,2070,352,0.64333902647309993
039521,5357,2070,353,0.60289025347430625
039521,5357,2070,358,0.62076529368754574
039521,5358,2070,468,0.63971872719633815
039521,5358,2070,472,0.63646708390508389
039521,5359,2070,424,0.61024526289885983
039521,5360,2070,567,0.61453719477569557
039521,5361,2070,455,0.57715699412431709
039521,5362,2070,488,0.62960489313835766
039521,5363,2070,387,0.61763462351539378
039521,5363,2070,388,0.60262199563000729
039521,5364,2070,447,0.64392491612519642
039521,5364,2070,448,0.64872218443299967
039521,5364,2070,450,0.65317351149538216
039521,5364,2070,453,0.61484556329226925
039521,5366,2070,467,0.61878613919048209
039521,5368,2070,320,0.62730433954175202
039521,5368,2070,321,0.57698741086363237
039521,5368,2070,331,0.60889379919900566
039521,5369,2070,335,0.62900786448880819
039521,5370,2070,441,0.63349750216243883
039521,5370,2070,442,0.63279374177058323
039521,5370,2070,447,0.64275648736896374
039521,5371,2070,333,0.58062192848669714
039521,5371,2070,335,0.63293954134815844
039521,5372,2070,328,0.59117514633048174
039521,5372,2070,329,0.6221848425380806
039521,5373,2070,253,0.61027664226637512
039521,5373,2070,256,0.61906855739987543
039521,5374,2070,411,0.639404091257884
039521,5374,2070,412,0.65002454970669565
039521,5376,2070,258,0.63607810291577238
039521,5377,2070,262,0.59041738242258224
039521,5377,2070,265,0.64180132207124496
039521,5379,2070,387,0.61981700675332219
039521,5380,2070,469,0.63752573370996313
039521,5380,2070,470,0.56112909025530389
039521,5380,2070,472,0.60301528999743748
039521,5381,2070,517,0.60815221718016077
039521,5381,2070,518,0.63796763067126561
039521,5382,2070,496,0.63697925131372235
039521,5382,2070,499,0.60721570049403983
039521,5382,2070,502,0.59745782297203609
039521,5382,2070,504,0.60264015373047042
039521,5382,2070,505,0.65418929011162019
039521,5383,2070,437,0.61759394909883825
039521,5383,2070,440,0.61511960981652092
039521,5384,2070,466,0.6255254678531037
039521,5384,2070,467,0.63835981036347
039521,5384,2070,470,0.63382702988627349
039521,5384,2070,471,0.6361842105263158
039521,5385,2070,233,0.61073185054686929
039521,5385,2070,236,0.65170041674737111
039521,5386,2070,245,0.6291571464838791
039521,5386,2070,246,0.63482455486850931
039521,5386,2070,247,0.65034109924057149
039521,5386,2070,248,0.61076387109995389
039521,5387,2070,550,0.64353593063650194
039521,5388,2070,429,0.63173684026929922
039521,5388,2070,431,0.60763655087733193
039521,5389,2070,338,0.64531520395550057
039521,5391,2070,367,0.63147148237215844
039521,5391,2070,371,0.59257909020942201
039521,5392,2070,437,0.62183775340419034
039521,5392,2070,439,0.61212809917355371
039521,5394,2070,256,0.59723738548440686
039521,5395,2070,411,0.62035634827154262
039521,5395,2070,415,0.61578044596912518
039521,5396,2070,365,0.61176735798016235
039521,5396,2070,367,0.60859106529209617
039521,5396,2070,372,0.61365265421427673
039521,5397,2070,396,0.60759297920049482
039521,5398,2070,384,0.61618716408472973
039521,5398,2070,386,0.58494318181818183
039521,5399,2070,362,0.64121011360989622
039521,5399,2070,363,0.62698235425508153
039521,5399,2070,364,0.6076188776875725
039521,5399,2070,365,0.63630920936784641
039521,5399,2070,366,0.61453857373753307
039521,5401,2070,523,0.62212352860259001
039521,5401,2070,525,0.63870241421006546
039521,5402,2070,403,0.59889922556134623
039521,5402,2070,405,0.64070286712834124
039521,5403,2070,290,0.64813360592480262
039521,5403,2070,292,0.64081169673840943
039521,5404,2070,651,0.62465603843633977
039521,5404,2070,653,0.63184613882651564
039521,5404,2070,654,0.6114400507506873
039521,5404,2070,660,0.62842015154877773
039521,5406,2070,593,0.60876190476190473
039521,5406,2070,594,0.61754990664943277
039521,5407,2070,161,0.62779797206810795
039521,5407,2070,163,0.62865301230302817
039521,5408,2070,552,0.62395200369202364
039521,5408,2070,555,0.58715869039025015
039521,5409,2070,461,0.62054003188958884
039521,5409,2070,463,0.59237819585142304
039521,5410,2070,464,0.61970712773465064
039521,5410,2070,469,0.58563155909564912
039521,5412,2070,439,0.63035876181841732
039521,5412,2070,442,0.59357429718875498
039521,5413,2070,573,0.63300685602350637
039521,5413,2070,574,0.65071057974283786
039521,5413,2070,577,0.63530202983614581
039521,5413,2070,578,0.61944670593681661
039521,5415,2070,215,0.64229296314025852
039521,5415,2070,217,0.59623396647311622
039521,5416,2070,467,0.61501161043573283
039521,5416,2070,472,0.63251780973662597
039521,5417,2070,276,0.64505629838142153
039521,5417,2070,280,0.64027844127482425
039521,5417,2070,282,0.62728597621174365
039521,5418,2070,382,0.62368244000897066
039521,5418,2070,387,0.61497629563596579
039521,5419,2070,379,0.61257813496619462
039521,5421,2070,472,0.58643089137495485
039521,5421,2070,473,0.64165170556552964
039521,5421,2070,474,0.63401189497606503
039521,5421,2070,478,0.5751785792541303
039521,5422,2070,503,0.63312500000000005
039521,5422,2070,511,0.61093328538032732
039521,5422,2070,512,0.62775197864757704
039521,5423,2070,178,0.58678711069165435
039521,5424,2070,510,0.60891987054095387
039521,5425,2070,205,0.57443679150523752
039521,5425,2070,208,0.6527058470314494
039521,5426,2070,348,0.62742109372095622
039521,5427,2070,351,0.63867537596840351
039521,5427,2070,359,0.61365176151761514
039521,5428,2070,348,0.61766712141882674
039521,5428,2070,349,0.63092495062541143
039521,5429,2070,407,0.63787404697897843
039521,5429,2070,411,0.58411625861989169
039521,5429,2070,413,0.63353869566284582
039521,5431,2070,534,0.62952057380143456
039521,5431,2070,539,0.62599821405791556
039521,5434,2070,439,0.6141249120612835
039521,5434,2070,443,0.55966747977917575
039521,5434,2070,445,0.64079982912442701
039521,5435,2070,450,0.63243665075284616
039521,5436,2070,553,0.57252123505494945
039521,5436,2070,555,0.59796730428112566
039521,5436,2070,557,0.59733228154469509
039521,5438,2070,313,0.63312213534645456
039521,5439,2070,412,0.56794913244961742
039521,5440,2070,273,0.62510590228748941
039521,5441,2070,365,0.58841456532045056
039521,5441,2070,366,0.6205306992058881
039521,5442,2070,591,0.64606521526259097
039521,5442,2070,593,0.58481505515898768
039521,5443,2070,608,0.6100251511273882
039521,5443,2070,610,0.60109848001021837
039521,5443,2070,611,0.61240150736553611
039521,5443,2070,613,0.60289988381099924
039521,5443,2070,614,0.61153110047846893
039521,5444,2070,194,0.64921276224480207
039521,5444,2070,196,0.59853049733051789
039521,5444,2070,198,0.65086357024319286
039521,5445,2070,380,0.61664624748053587
039521,5446,2070,474,0.61379233387267762
039521,5446,2070,475,0.6037682676436249
039521,5446,2070,477,0.65111988539082433
039521,5447,2070,373,0.6000174398325776
039521,5447,2070,376,0.59218450908072273
039521,5447,2070,378,0.5849652105300911
039521,5449,2070,497,0.62224000000000002
039521,5449,2070,499,0.59270712019597604
039521,5449,2070,500,0.63396701010980505
039521,5450,2070,333,0.61667069340420388
039521,5450,2070,334,0.62455358418330909
039521,5451,2070,335,0.61259630362480533
039521,5451,2070,341,0.63468269280019118
039521,5452,2070,343,0.56619595478482543
039521,5452,2070,351,0.6206598201858331
039521,5453,2070,314,0.64968849877252299
039521,5455,2070,540,0.60436555751228105
039521,5456,2070,227,0.62829634349226571
039521,5456,2070,228,0.58152344274774981
039521,5456,2070,230,0.57950161136580269
039521,5457,2070,305,0.61350196400051793
039521,5457,2070,309,0.60952736783112271
039521,5457,2070,310,0.62852931693611536
039521,5457,2070,314,0.65164632814206802
039521,5458,2070,579,0.65050679318524907
039521,5458,2070,580,0.62303063890428312
039521,5460,2070,443,0.62671623296158607
039521,5461,2070,296,0.61445837264680769
039521,5461,2070,297,0.63593011854889026
039521,5461,2070,300,0.61342633468715047
039521,5462,2070,416,0.64662640447658093
039521,5463,2070,428,0.60522053920167662
039521,5463,2070,431,0.58656064601186553
039521,5464,2070,413,0.64584352621981056
039521,5464,2070,419,0.61504003049942813
039521,5465,2070,506,0.60160965794768617
039521,5465,2070,508,0.62788222774033342
039521,5465,2070,509,0.59531046461137649
039521,5467,2070,385,0.64103906681793055
039521,5467,2070,386,0.58840103310636305
039521,5468,2070,312,0.64627007809028003
039521,5468,2070,316,0.5972394540942928
039521,5469,2070,371,0.63420467185761953
039521,5469,2070,376,0.63183505915453975
039521,5470,2070,541,0.62961352149852279
039521,5470,2070,544,0.64683395823296541
039521,5470,2070,545,0.64020615886664423
039521,5471,2070,384,0.6181998021760633
039521,5471,2070,386,0.6382122063551835
039521,5471,2070,387,0.63631660631143305
039521,5473,2070,478,0.62037557178396596
039521,5473,2070,479,0.6138934733683421
039521,5473,2070,481,0.61845173325042746
039521,5474,2070,172,0.61956116128069261
039521,5476,2070,269,0.62239236933458786
039521,5476,2070,271,0.60987376577927754
039521,5477,2070,378,0.60063829331505558
039521,5477,2070,380,0.60763184221809352
039521,5477,2070,381,0.65716219264606357
039521,5478,2070,324,0.63889395251333003
039521,5478,2070,325,0.63522465437788023
039521,5479,2070,235,0.63620915495450847
039521,5479,2070,244,0.6287471548258996
039521,5480,2070,461,0.62376195894971975
039521,5481,2070,472,0.59013621418506346
039521,5481,2070,477,0.56859011761815559
039521,5483,2070,326,0.59391577860194356
039521,5483,2070,328,0.6354680336841193
039521,5484,2070,361,0.57590764955285567
039521,5484,2070,363,0.58978291081612111
039521,5485,2070,400,0.59572153734590283
039521,5485,2070,402,0.62414355628058726
039521,5485,2070,403,0.48271834191925245
039521,5486,2070,521,0.58011962149616136
039521,5486,2070,523,0.63011430823807646
039521,5486,2070,524,0.62572486550688189
039521,5487,2070,536,0.62879784068101596
039521,5487,2070,538,0.60965672676837723
039521,5488,2070,338,0.60738764432586601
039521,5488,2070,344,0.62084320227380385
039521,5489,2070,511,0.59959168716955447
039521,5489,2070,512,0.60534880430168392
039521,5490,2070,361,0.61383427596732199
039521,5490,2070,366,0.63309057339214281
039521,5492,2070,222,0.63424904752356126
039521,5493,2070,513,0.61298198126476133
039521,5494,2070,438,0.63221971289878776
039521,5494,2070,441,0.64790758684889771
039521,5495,2070,245,0.63060813532017723
039521,5495,2070,246,0.63093419421785379
039521,5495,2070,250,0.60807931825630945
039521,5496,2070,331,0.63741136911868623
039521,5496,2070,338,0.60319496751231216
039521,5497,2070,393,0.62228845026382651
039521,5498,2070,346,0.6311289763104736
039521,5499,2070,274,0.5926516552911909
039521,5499,2070,277,0.61726990692864525
039521,5501,2070,272,0.60151097498723838
039521,5501,2070,277,0.61295351848426394
039521,5502,2070,281,0.63576305474775574
039521,5502,2070,282,0.617753072480132
039521,5504,2070,497,0.63526706470873007
039521,5504,2070,501,0.62364305020160393
039521,5505,2070,382,0.60616226714928934
039521,5505,2070,384,0.63802978235967922
039521,5507,2070,384,0.6348249889233496
039521,5507,2070,389,0.62320451436388513
039521,5508,2070,383,0.63632264529058113
039521,5508,2070,387,0.6144784750481902
039521,5508,2070,390,0.62972538987017934
039521,5509,2070,396,0.596312371723697
039521,5510,2070,230,0.63699157167653853
039521,5511,2070,357,0.62023109669572274
039521,5512,2070,356,0.5638367487515068
039521,5513,2070,204,0.63460451363221293
039521,5513,2070,207,0.64984832883421928
039521,5513,2070,208,0.62623122177403145
039521,5513,2070,209,0.58031981380112929
039521,5514,2070,347,0.60030400509031778
039521,5515,2070,429,0.63292523938681011
039521,5515,2070,432,0.64547418818299107
039521,5516,2070,288,0.64100536244743644
039521,5516,2070,291,0.64235716792963182
039521,5516,2070,292,0.63182163077102671
039521,5516,2070,293,0.64167020776955253
039521,5517,2070,379,0.6326388045194995
039521,5517,2070,384,0.64305091521745339
039521,5518,2070,365,0.63819072815825872
039521,5518,2070,366,0.64978778372393431
039521,5518,2070,371,0.64820256103311935
039521,5519,2070,418,0.58033465275278873
039521,5519,2070,421,0.62682780571059549
039521,5520,2070,463,0.61726548922927693
039521,5522,2070,318,0.64599647908699087
039521,5522,2070,320,0.64181196712497124
039521,5522,2070,322,0.64055329965996499
039521,5524,2070,323,0.64582819969444583
039521,5524,2070,326,0.62260188087774293
039521,5524,2070,332,0.60589980361843476
039521,5525,2070,475,0.57515704457074479
039521,5527,2070,517,0.61972484155201735
039521,5527,2070,524,0.61594225738330133
039521,5528,2070,500,0.60452524541092578
039521,5528,2070,502,0.63612662315817803
039521,5529,2070,248,0.63735497684608877
039521,5529,2070,249,0.62015628130635148
039521,5530,2070,511,0.64703743211792086
039521,5530,2070,512,0.6032470146249832
039521,5530,2070,517,0.6294834072032478
039521,5531,2070,546,0.64870368624493258
039521,5532,2070,389,0.63658515104365443
039521,5532,2070,393,0.60270690597284693
039521,5534,2070,451,0.63988534423270871
039521,5534,2070,452,0.58061919296950992
039521,5535,2070,402,0.63969592380619511
039521,5536,2070,486,0.62120751504833704
039521,5536,2070,489,0.62841143851255843
039521,5536,2070,491,0.598453420065713
039521,5536,2070,492,0.60265563778841968
039521,5537,2070,309,0.57987336047037541
039521,5538,2070,353,0.55783712444685973
039521,5538,2070,354,0.59310858632892527
039521,5539,2070,482,0.62721148052801667
039521,5539,2070,485,0.60601921627731725
039521,5540,2070,278,0.60928707735969079
039521,5541,2070,394,0.60997425125355742
039521,5541,2070,396,0.6415745645386951
039521,5543,2070,245,0.64598383551807781
039521,5544,2070,386,0.63256604534585581
039521,5546,2070,359,0.64912487825034682
039521,5546,2070,360,0.64134183793999533
039521,5547,2070,328,0.60348552498919772
039521,5547,2070,330,0.60100594863858392
039521,5549,2070,513,0.64409347140480266
039521,5549,2070,516,0.5879217273954116
039521,5550,2070,420,0.63161300760394756
039521,5551,2070,443,0.64229725079340805
039521,5552,2070,276,0.65149988372994339
039521,5552,2070,277,0.59357212272664173
039521,5552,2070,285,0.6449353927092405
039521,5552,2070,286,0.60093622001170277
039521,5554,2070,406,0.63428872497365651
039521,5555,2070,412,0.61326806212018903
039521,5555,2070,418,0.61475409836065575
039521,5556,2070,209,0.60079513564078579
039521,5557,2070,390,0.61542255836895754
039521,5557,2070,396,0.62187193039898969
039521,5558,2070,440,0.63503443071408361
039521,5558,2070,442,0.61733307719750818
039521,5558,2070,444,0.62663451414597693
039521,5558,2070,448,0.63968617953210349
039521,5558,2070,450,0.59970813571689163
039521,5558,2070,451,0.6013201002119869
039521,5559,2070,209,0.6270191507077435
039521,5559,2070,213,0.5906352536173417
039521,5560,2070,553,0.62491216975829122
039521,5560,2070,554,0.62315110546063446
039521,5560,2070,557,0.57658895487988648
039521,5561,2070,317,0.64472662494861366
039521,5561,2070,318,0.61290958688007358
039521,5561,2070,319,0.62746778231429678
039521,5561,2070,321,0.58129123468426014
039521,5562,2070,301,0.63673614822732938
039521,5563,2070,281,0.62079295154185021
039521,5563,2070,285,0.63157410135533298
039521,5563,2070,288,0.63739456798095162
039521,5563,2070,289,0.63515997615262321
039521,5564,2070,443,0.63555206659851027
039521,5564,2070,444,0.57449602731630445
039521,5566,2070,320,0.62927211061831467
039521,5566,2070,321,0.61679245283018869
039521,5566,2070,325,0.62651219512195122
039521,5567,2070,304,0.60777782237026934
039521,5568,2070,473,0.60127291794741977
039521,5568,2070,480,0.60312039121322669
039521,5569,2070,468,0.60715586307356151
039521,5569,2070,472,0.62791683060440062
039521,5569,2070,473,0.5838576484467165
039521,5569,2070,475,0.65642566388835044
039521,5570,2070,360,0.62335307882033009
039521,5570,2070,362,0.58008974225190446
039521,5570,2070,363,0.61390221955608881
039521,5570,2070,364,0.60998819710829155
039521,5570,2070,366,0.66080484598046585
039521,5571,2070,249,0.57022157796645268
039521,5571,2070,252,0.60011195315191179
039521,5571,2070,258,0.64845198368557655
039521,5572,2070,508,0.61409738775113099
039521,5572,2070,509,0.6324915554125784
039521,5572,2070,515,0.59904056930457161
039521,5573,2070,508,0.6244912834841766
039521,5574,2070,437,0.64207304370122276
039521,5574,2070,439,0.60190420955971191
039521,5575,2070,275,0.56522089323829083
039521,5576,2070,235,0.60302344450612799
039521,5576,2070,238,0.64953355130935597
039521,5576,2070,244,0.6420310296191819
039521,5577,2070,389,0.57439920308803383
039521,5577,2070,392,0.63938912429378536
039521,5577,2070,394,0.61438828156005343
039521,5578,2070,277,0.59350643361158506
039521,5578,2070,279,0.58940258432622927
039521,5578,2070,280,0.62625207820937356
039521,5579,2070,237,0.63900946417135129
039521,5579,2070,238,0.60475817505384766
039521,5580,2070,279,0.64468230160894469
039521,5581,2070,429,0.63121465731734905
039521,5581,2070,431,0.63829030385861119
039521,5581,2070,432,0.64152731436694244
039521,5584,2070,433,0.56402346295893979
039521,5584,2070,434,0.62212519290849555
039521,5584,2070,436,0.6057389208232894
039521,5585,2070,427,0.6232894295136352
039521,5585,2070,434,0.65859197577592732
039521,5586,2070,308,0.65382431112423611
039521,5586,2070,310,0.64450567437800088
039521,5587,2070,452,0.64608543519463479
039521,5587,2070,454,0.58794355741848781
039521,5587,2070,455,0.59546966443518168
039521,5587,2070,456,0.65454923140839216
039521,5587,2070,458,0.62933644418520673
039521,5588,2070,656,0.59734029921633813
039521,5588,2070,660,0.64740181787000517
039521,5588,2070,661,0.63026033967842165
039521,5588,2070,662,0.6130659767141009
039521,5589,2070,458,0.63936476973963197
039521,5589,2070,464,0.54258314270631713
039521,5589,2070,468,0.61968350916157688
039521,5590,2070,371,0.63663220088626293
039521,5590,2070,372,0.62112996326744796
039521,5591,2070,142,0.61217535840432158
039521,5591,2070,150,0.6196828806421526
039521,5592,2070,369,0.61953546570735907
039521,5592,2070,370,0.6533758181191871
039521,5593,2070,450,0.62568634179821547
039521,5593,2070,452,0.61433027696379616
039521,5593,2070,455,0.62634299842661267
039521,5593,2070,456,0.61569387948160059
039521,5593,2070,460,0.59604988720044272
039521,5594,2070,407,0.64743004457811915
039521,5594,2070,408,0.61632316570486401
039521,5594,2070,415,0.63105625901586793
039521,5595,2070,437,0.61881529893680676
039521,5596,2070,365,0.62533296905949043
039521,5596,2070,368,0.62006719149576295
039521,5596,2070,373,0.62180308011766738
039521,5597,2070,444,0.5919222257350617
039521,5597,2070,446,0.63429381593761724
039521,5597,2070,450,0.60725344342812404
039521,5598,2070,298,0.64875965054128892
039521,5598,2070,303,0.62183303336563756
039521,5599,2070,254,0.64328525324375951
039521,5599,2070,255,0.61027579332114967
039521,5600,2070,251,0.58710392200310213
039521,5600,2070,258,0.63389280287332506
039521,5601,2070,259,0.64244852082943071
039521,5601,2070,260,0.6604021816787774
039521,5601,2070,262,0.65288833710655081
039521,5601,2070,263,0.60279850746268659
039521,5602,2070,300,0.65277252219473147
039521,5603,2070,410,0.61377102771913095
039521,5604,2070,453,0.63662037037037034
039521,5604,2070,456,0.62886381747263342
039521,5605,2070,374,0.62608695652173918
039521,5605,2070,378,0.62299494819130496
039521,5606,2070,415,0.64507677543186182
039521,5607,2070,475,0.65379589361880075
039521,5607,2070,477,0.60617770979255559
039521,5607,2070,481,0.62974367509986684
039521,5607,2070,485,0.60089015730642481
039521,5608,2070,469,0.63259250100460573
039521,5608,2070,472,0.63959928506807295
039521,5608,2070,473,0.63043240044708404
039521,5608,2070,477,0.62786212700305055
039521,5608,2070,479,0.61920610157739642
039521,5609,2070,379,0.62845849802371545
039521,5610,2070,348,0.64064735336194567
039521,5611,2070,459,0.64702592069969367
039521,5611,2070,463,0.64654257884077537
039521,5612,2070,565,0.64908841403646345
039521,5612,2070,568,0.57368110146771478
039521,5612,2070,569,0.64984957185836612
039521,5612,2070,574,0.64158602784989383
039521,5613,2070,516,0.62565482089763558
039521,5614,2070,483,0.61801469174262524
039521,5614,2070,491,0.59789774201920587
039521,5615,2070,350,0.63605936061821677
039521,5615,2070,354,0.63173316207754671
039521,5615,2070,355,0.59459000382181837
039521,5617,2070,333,0.63225586159799685
039521,5619,2070,244,0.66133788229560131
039521,5620,2070,405,0.61087789070555309
039521,5620,2070,410,0.56589537223340036
039521,5621,2070,457,0.63288441225290482
039521,5621,2070,458,0.63852666407162317
039521,5622,2070,492,0.6207824989482541
039521,5622,2070,497,0.64507811315031094
039521,5622,2070,498,0.59089553351726198
039521,5622,2070,499,0.63791748869528786
039521,5622,2070,502,0.6203683060596602
039521,5623,2070,551,0.58680064156995948
039521,5623,2070,553,0.65221053355335534
039521,5623,2070,557,0.65120363231388678
039521,5623,2070,558,0.63991137425757327
039521,5623,2070,562,0.61921438160275488
039521,5623,2070,565,0.61792205849352977
039521,5624,2070,152,0.64410581683168322
039521,5624,2070,153,0.64541484716157205
039521,5624,2070,155,0.62160993632576056
039521,5624,2070,156,0.5971404541631623
039521,5624,2070,157,0.59878742999953716
039521,5625,2070,188,0.64677061726628993
039521,5626,2070,273,0.55946882217090066
039521,5627,2070,492,0.60076952129166272
039521,5628,2070,414,0.62583491883576892
039521,5628,2070,415,0.66158318237350966
039521,5629,2070,316,0.62131903283469747
039521,5629,2070,319,0.64540752272384871
039521,5629,2070,321,0.64395030307089518
039521,5630,2070,290,0.64050675486294073
039521,5630,2070,292,0.59533416097661906
039521,5631,2070,434,0.62945811030251997
039521,5632,2070,304,0.60364969226547494
039521,5632,2070,306,0.63823552862382393
039521,5633,2070,295,0.61846652728591545
039521,5633,2070,297,0.64084831719686497
039521,5633,2070,299,0.60188958314467689
039521,5633,2070,300,0.62033174895722187
039521,5634,2070,194,0.6375466559063856
039521,5635,2070,449,0.63933827659813502
039521,5635,2070,450,0.65239442958654659
039521,5635,2070,451,0.64688651191691449
039521,5636,2070,409,0.62115858668857848
039521,5636,2070,412,0.62353928459037034
039521,5637,2070,433,0.64230160524530866
039521,5637,2070,436,0.63357113173569746
039521,5638,2070,528,0.6413989833441488
039521,5638,2070,531,0.63325740318906609
039521,5638,2070,532,0.62600131319763619
039521,5638,2070,534,0.58922198429693073
039521,5639,2070,391,0.63694972809370309
039521,5640,2070,268,0.63980503968559754
039521,5640,2070,269,0.61651823155876828
039521,5641,2070,466,0.62791378490137961
039521,5643,2070,434,0.62997658079625296
039521,5644,2070,377,0.64502973214755566
039521,5644,2070,388,0.58009749537737432
039521,5644,2070,389,0.59721101246524977
039521,5645,2070,471,0.59887424085320695
039521,5647,2070,419,0.61797976579303748
039521,5647,2070,422,0.6309663920491696
039521,5648,2070,470,0.64229021763518057
039521,5648,2070,473,0.63171868793510755
039521,5648,2070,474,0.62543137775418101
039521,5648,2070,475,0.61296992481203005
039521,5648,2070,478,0.60614484800346591
039521,5649,2070,483,0.57312559180511324
039521,5650,2070,509,0.6293486234989768
039521,5650,2070,510,0.58761425832800818
039521,5651,2070,460,0.63059458244352029
039521,5652,2070,336,0.59022371547980002
039521,5652,2070,337,0.6244343891402715
039521,5652,2070,338,0.63765859733789987
039521,5653,2070,326,0.63585820748393207
039521,5654,2070,453,0.60927031750655403
039521,5655,2070,327,0.63285239143673588
039521,5655,2070,328,0.62588830066294654
039521,5655,2070,330,0.64673437748449669
039521,5657,2070,524,0.63567805836586211
039521,5658,2070,302,0.64692546336806933
039521,5658,2070,304,0.59227500094023844
039521,5658,2070,306,0.62768922567720586
039521,5661,2070,477,0.60866598430569774
039521,5662,2070,395,0.6216897278475213
039521,5666,2070,415,0.64685851639180081
039521,5667,2070,295,0.64259248367935073
039521,5667,2070,299,0.61175666438824339
039521,5668,2070,424,0.61686893203883497
039521,5668,2070,425,0.61674448121118719
039521,5669,2070,575,0.59633502920670811
039521,5669,2070,579,0.62246875302780735
039521,5669,2070,580,0.63183616476611593
039521,5670,2070,433,0.63013570862286061
039521,5671,2070,407,0.61539622641509439
039521,5671,2070,410,0.61702393340270556
039521,5671,2070,416,0.61969058530433985
039521,5672,2070,593,0.61640828645904788
039521,5672,2070,594,0.59985210139271183
039521,5672,2070,599,0.64065835473192467
039521,5673,2070,539,0.6404144474519049
039521,5673,2070,540,0.62573370404695705
039521,5673,2070,541,0.63520452163298879
039521,5673,2070,551,0.63452133835274249
039521,5674,2070,337,0.62456315526709938
039521,5677,2070,598,0.61518950295107555
039521,5677,2070,605,0.602718963854315
039521,5678,2070,513,0.55547196705733293
039521,5679,2070,441,0.64330506885560113
039521,5679,2070,444,0.64624948576130181
039521,5679,2070,447,0.5922737165535783
039521,5680,2070,388,0.62357595690929024
039521,5680,2070,391,0.63500000000000001
039521,5681,2070,529,0.62669638237752223
039521,5681,2070,532,0.62647176433998308
039521,5681,2070,534,0.64666432378609495
039521,5682,2070,412,0.58880068654795104
039521,5682,2070,413,0.6244484306290351
039521,5683,2070,421,0.63540750219947217
039521,5683,2070,423,0.63411697714146265
039521,5683,2070,425,0.60959611094462762
039521,5684,2070,510,0.59301055697124139
039521,5684,2070,512,0.64366687129118072
039521,5684,2070,514,0.64199382042893494
039521,5684,2070,515,0.61613733181492258
039521,5685,2070,452,0.62884649199929665
039521,5686,2070,604,0.64615817016207822
039521,5686,2070,611,0.61966824644549767
039521,5688,2070,515,0.63987591652566267
039521,5688,2070,516,0.63424405621962432
039521,5688,2070,520,0.628687647184757
039521,5689,2070,542,0.59431067308769181
039521,5693,2070,550,0.62250864239682469
039521,5693,2070,554,0.6424098772420137
039521,5693,2070,555,0.62504763719512191
039521,5693,2070,559,0.58434859656339988
039521,5694,2070,437,0.58719627006186681
039521,5694,2070,439,0.60482622617103843
039521,5695,2070,315,0.61447763033564762
039521,5695,2070,318,0.63566516480910595
039521,5696,2070,526,0.56923076923076921
039521,5697,2070,417,0.64821445667783628
039521,5697,2070,418,0.62410586552217451
039521,5698,2070,321,0.61023391812865502
039521,5698,2070,323,0.63278688524590165
039521,5698,2070,326,0.65663348922732545
039521,5699,2070,587,0.60004515321306162
039521,5700,2070,442,0.60904376307888275
039521,5701,2070,543,0.6316214355248474
039521,5701,2070,545,0.60065334012647231
039521,5701,2070,550,0.63950913887318639
039521,5701,2070,552,0.64578365488835898
039521,5702,2070,544,0.62036916395222585
039521,5702,2070,545,0.64765279504847739
039521,5703,2070,442,0.64886742634797112
039521,5705,2070,243,0.65254372272307348
039521,5705,2070,244,0.61780355687646804
039521,5705,2070,247,0.5998651799005702
039521,5706,2070,527,0.62973446556139645
039521,5707,2070,489,0.63560533841754052
039521,5707,2070,490,0.6440472183488003
039521,5707,2070,493,0.59186083350133922
039521,5707,2070,495,0.6164207074256266
039521,5707,2070,499,0.63387170901450984
039521,5708,2070,436,0.56583276988956499
039521,5708,2070,440,0.61411297940676368
039521,5708,2070,445,0.64093277652537051
039521,5710,2070,432,0.54584492560783837
039521,5711,2070,559,0.64512643466114983
039521,5711,2070,560,0.59785734161951587
039521,5712,2070,394,0.60368265514889752
039521,5713,2070,579,0.60552899444787167
039521,5713,2070,585,0.63643718915831804
039521,5713,2070,586,0.62283711492344584
039521,5713,2070,589,0.60809361287176988
039521,5716,2070,217,0.59150084053324992
039521,5718,2070,443,0.60793705097502571
039521,5718,2070,445,0.62905588441858129
039521,5719,2070,478,0.63514630850827836
039521,5719,2070,479,0.64092816485936266
039521,5720,2070,471,0.64292259392227846
039521,5720,2070,472,0.59656331714605904
039521,5721,2070,405,0.64369769753034822
039521,5721,2070,408,0.6446523835335064
039521,5721,2070,412,0.60063831263442724
039521,5723,2070,493,0.61363636363636365
039521,5723,2070,494,0.63210223118987041
039521,5724,2070,374,0.61030573366787477
039521,5724,2070,376,0.65656309907042354
039521,5724,2070,379,0.60086895255988726
039521,5726,2070,448,0.59021099468924931
039521,5729,2070,476,0.64403475414570743
039521,5729,2070,478,0.63031748514232089
039521,5730,2070,541,0.65377837159930163
039521,5731,2070,439,0.64023566716905789
039521,5731,2070,440,0.64491961916653662
039521,5732,2070,380,0.6335564378899603
039521,5733,2070,332,0.61738071281046447
039521,5734,2070,475,0.58595200950895177
039521,5734,2070,478,0.62623011468738443
039521,5735,2070,442,0.60594568142892102
039521,5735,2070,443,0.59474039109912336
039521,5736,2070,433,0.61201732906385387
039521,5736,2070,436,0.65224518470815529
039521,5736,2070,441,0.592403998878819
039521,5736,2070,442,0.64035874439461882
039521,5737,2070,333,0.63905090756380944
039521,5739,2070,682,0.65081144305278038
039521,5739,2070,687,0.63623509815125079
039521,5740,2070,543,0.60960152791040889
039521,5740,2070,544,0.59725071071287195
039521,5741,2070,495,0.64941839786065259
039521,5741,2070,499,0.63074695305900808
039521,5742,2070,408,0.62003984211633401
039521,5742,2070,410,0.63114697326499514
039521,5742,2070,413,0.60372502222846181
039521,5742,2070,415,0.62723115503761617
039521,5742,2070,416,0.63517863843738276
039521,5743,2070,352,0.62904753703065797
039521,5743,2070,353,0.60956302905513615
039521,5744,2070,557,0.58496768134357213
039521,5744,2070,558,0.61948394346717384
039521,5745,2070,270,0.63660345073435054
039521,5745,2070,272,0.61735196631729816
039521,5745,2070,274,0.62457018986395574
039521,5745,2070,276,0.63162751213390667
039521,5746,2070,545,0.58676940732846949
039521,5746,2070,546,0.60791627021883921
039521,5747,2070,311,0.65303467546149974
039521,5747,2070,312,0.59679211735071858
039521,5747,2070,313,0.58320158903887465
039521,5749,2070,528,0.65660533388463926
039521,5749,2070,529,0.58166348970198523
039521,5750,2070,349,0.60830548926014316
039521,5750,2070,352,0.62270887492184668
039521,5751,2070,367,0.63371723699837046
039521,5751,2070,374,0.62244030600417277
039521,5752,2070,392,0.60305169665224323
039521,5752,2070,393,0.62774476879359342
039521,5753,2070,430,0.63139876100423864
039521,5753,2070,433,0.6062421580928482
039521,5753,2070,435,0.6481010751473385
039521,5753,2070,436,0.58257687903248334
039521,5754,2070,555,0.59709939865581885
039521,5755,2070,350,0.62070580886945659
039521,5756,2070,366,0.63016299585207691
039521,5759,2070,458,0.60839241676942046
039521,5761,2070,246,0.64168866626052035
039521,5761,2070,250,0.62259568300231127
039521,5761,2070,252,0.64613484620431472
039521,5761,2070,253,0.59076125175808725
039521,5762,2070,496,0.61363406151872235
039521,5763,2070,486,0.60757696972825104
039521,5763,2070,492,0.59087942213132583
039521,5764,2070,470,0.63463687150837989
039521,5764,2070,474,0.61485056617783551
039521,5766,2070,621,0.62825486980520784
039521,5766,2070,622,0.63649027557016058
039521,5766,2070,623,0.65349211283978315
039521,5766,2070,624,0.59709473308974248
039521,5766,2070,625,0.60291799882919805
039521,5767,2070,311,0.63686550393277641
039521,5767,2070,317,0.62590849311275698
039521,5767,2070,319,0.61786341417113566
039521,5768,2070,496,0.61981498060280515
039521,5769,2070,351,0.62316606724895818
039521,5769,2070,355,0.60823016564952048
039521,5770,2070,443,0.5962836464178255
039521,5770,2070,445,0.63033937975424226
039521,5770,2070,449,0.59510093204065384
039521,5771,2070,345,0.63030338423803545
039521,5772,2070,281,0.60817342202229985
039521,5772,2070,282,0.5997968240389242
039521,5773,2070,604,0.63501859993236387
039521,5773,2070,606,0.62775665399239544
039521,5774,2070,364,0.59552084677939843
039521,5774,2070,365,0.58830103226185926
039521,5775,2070,509,0.61751012424584695
039521,5775,2070,510,0.6340558731996816
039521,5776,2070,433,0.61286852357969412
039521,5776,2070,434,0.63822861533945208
039521,5776,2070,435,0.60353976776126861
039521,5776,2070,437,0.61292042260347002
039521,5776,2070,439,0.56401397823842425
039521,5776,2070,441,0.60765194235588971
039521,5777,2070,356,0.64221844934917938
039521,5777,2070,357,0.63020001623947819
039521,5778,2070,248,0.61279043018173451
039521,5778,2070,250,0.6099950564019595
039521,5778,2070,251,0.63297935242780445
039521,5779,2070,339,0.64378651740560711
039521,5779,2070,340,0.60201029077420132
039521,5780,2070,548,0.59690267197710833
039521,5780,2070,554,0.63363528614967835
039521,5780,2070,556,0.62507132911825802
039521,5781,2070,328,0.64118043736553099
039521,5782,2070,214,0.61318043952535517
039521,5783,2070,427,0.63163132973429437
039521,5784,2070,492,0.57122425629290619
039521,5784,2070,495,0.63545124531671615
039521,5784,2070,497,0.61973827183823882
039521,5786,2070,385,0.59010550996483002
039521,5787,2070,483,0.61962485278487922
039521,5789,2070,460,0.61993473501590313
039521,5789,2070,461,0.57121292480926933
039521,5789,2070,464,0.63824871966154528
039521,5789,2070,467,0.58693979259042106
039521,5790,2070,498,0.65734396645325543
039521,5791,2070,396,0.65401217095952446
039521,5791,2070,397,0.64349195969443862
039521,5791,2070,399,0.63797335686901835
039521,5793,2070,519,0.62779967747715459
039521,5796,2070,422,0.62119306441469768
039521,5797,2070,539,0.64739276242246235
039521,5797,2070,540,0.60820579089771032
039521,5797,2070,542,0.57579752175059318
039521,5797,2070,546,0.61363527092648684
039521,5798,2070,363,0.61886589946932202
039521,5801,2070,418,0.61359354348865325
039521,5801,2070,423,0.62697148135319247
039521,5801,2070,424,0.64189378252840112
039521,5801,2070,426,0.61878689773376505
039521,5802,2070,477,0.5849844026641936
039521,5803,2070,365,0.63899845151488588
039521,5803,2070,368,0.61078351753116067
039521,5803,2070,369,0.61992410941836096
039521,5804,2070,533,0.62357376723881341
039521,5805,2070,212,0.64724435051211182
039521,5807,2070,493,0.62938398875391988
039521,5808,2070,226,0.62037551858346518
039521,5808,2070,227,0.59260289210233597
039521,5808,2070,235,0.60520152566190089
039521,5808,2070,236,0.62735426008968609
039521,5809,2070,447,0.62749359996135823
039521,5809,2070,449,0.59320399583445826
039521,5810,2070,223,0.5958769395138771
039521,5811,2070,420,0.61660708597317104
039521,5812,2070,551,0.624413661682791
039521,5812,2070,553,0.6226032915180113
039521,5812,2070,556,0.6377959865465791
039521,5813,2070,308,0.63430055929492346
039521,5813,2070,309,0.6336432306798373
039521,5814,2070,329,0.59976498237367804
039521,5815,2070,394,0.64159301739073227
039521,5815,2070,398,0.61920541054921152
039521,5816,2070,417,0.59868736226885122
039521,5816,2070,423,0.63905841325196167
039521,5817,2070,398,0.64335454885810561
039521,5817,2070,399,0.61404537737305143
039521,5818,2070,390,0.63731321630639781
039521,5819,2070,466,0.6236273206283548
039521,5820,2070,524,0.61347998837096618
039521,5822,2070,358,0.62372553756946125
039521,5824,2070,308,0.63723279516550912
039521,5824,2070,309,0.64917392517280925
039521,5824,2070,310,0.61189087296533107
039521,5824,2070,313,0.6353679969137126
039521,5825,2070,381,0.63422893305207062
039521,5826,2070,501,0.6300716962685351
039521,5826,2070,506,0.6527620081946981
039521,5826,2070,507,0.63240223463687151
039521,5827,2070,547,0.62807351394661726
039521,5827,2070,549,0.61038019588185388
039521,5828,2070,510,0.63192782176394768
039521,5829,2070,386,0.61414885777450257
039521,5830,2070,176,0.61954550542930709
039521,5831,2070,392,0.62665767588222077
039521,5831,2070,396,0.60965003106233173
039521,5832,2070,443,0.60231970140867686
039521,5832,2070,446,0.61715517743721227
039521,5833,2070,444,0.63376163730091561
039521,5834,2070,179,0.6481311925705503
039521,5834,2070,184,0.60281807744494309
039521,5834,2070,185,0.62185540830092845
039521,5835,2070,369,0.61421789000462168
039521,5836,2070,472,0.62645552988083908
039521,5836,2070,475,0.56386445096122517
039521,5837,2070,435,0.60078910412162012
039521,5838,2070,194,0.62037082096452378
039521,5839,2070,528,0.65231174669612058
039521,5839,2070,530,0.61105819189470034
039521,5839,2070,533,0.56533700137551579
039521,5839,2070,535,0.63004476642859586
039521,5841,2070,556,0.61004086398131929
039521,5841,2070,562,0.62154340836012867
039521,5842,2070,432,0.65124293429153801
039521,5842,2070,434,0.59364466159148577
039521,5842,2070,435,0.63533880651880892
039521,5842,2070,437,0.62395412240293313
039521,5843,2070,513,0.61367442639423886
039521,5843,2070,517,0.6353439474628183
039521,5845,2070,310,0.60665914221218964
039521,5846,2070,417,0.63463569165786693
039521,5847,2070,303,0.60597631012203879
039521,5847,2070,306,0.62179257217302641
039521,5848,2070,460,0.63944845790497362
039521,5850,2070,544,0.58909350824083417
039521,5850,2070,545,0.63622415430700663
039521,5850,2070,547,0.62499711749106424
039521,5851,2070,531,0.63727822187560923
039521,5851,2070,537,0.58402393176213774
039521,5852,2070,526,0.60658790291511488
039521,5853,2070,350,0.64141355623603413
039521,5854,2070,386,0.63067044696464314
039521,5854,2070,391,0.61685313020709354
039521,5855,2070,284,0.59673844205193161
039521,5855,2070,288,0.60853807775581281
039521,5856,2070,599,0.64610804902439589
039521,5856,2070,600,0.60271172298706721
039521,5856,2070,602,0.63687978792243305
039521,5856,2070,603,0.62455124493341052
039521,5860,2070,184,0.6423100899456764
039521,5860,2070,190,0.62493858700992433
039521,5861,2070,309,0.63897966151294927
039521,5862,2070,283,0.60877729865071639
039521,5862,2070,285,0.60706472015593305
039521,5862,2070,287,0.63841401235678719
039521,5863,2070,253,0.63817238125196607
039521,5863,2070,259,0.64648272193069423
039521,5865,2070,359,0.60816046811987667
039521,5865,2070,363,0.63853602415991562
039521,5866,2070,548,0.61653924388019921
039521,5866,2070,550,0.59310079127522741
039521,5867,2070,507,0.65130101703870036
039521,5867,2070,510,0.58708006017048309
039521,5867,2070,512,0.63888508891928864
039521,5867,2070,513,0.59460155897700184
039521,5867,2070,514,0.62801070472792153
039521,5868,2070,455,0.64765360532778726
039521,5868,2070,460,0.60553706122792972
039521,5869,2070,406,0.61616880037932664
039521,5869,2070,410,0.5871892206148901
039521,5870,2070,479,0.61884415470002641
039521,5871,2070,444,0.60474124573907651
039521,5872,2070,429,0.61233556178563731
039521,5872,2070,435,0.63168316831683169
039521,5872,2070,439,0.64329372542314922
039521,5873,2070,433,0.6291895090954398
039521,5874,2070,580,0.63048475762118938
039521,5874,2070,583,0.64375428179949756
039521,5874,2070,585,0.62351243385690081
039521,5875,2070,455,0.64196364750331869
039521,5876,2070,447,0.63209738871852061
039521,5877,2070,470,0.63872646248164655
039521,5878,2070,219,0.60465972247782396
039521,5878,2070,221,0.57554345380080107
039521,5880,2070,307,0.63405478795623349
039521,5881,2070,548,0.64474157881203398
039521,5881,2070,552,0.60951844794734111
039521,5881,2070,553,0.6304590848114473
039521,5882,2070,283,0.64936947383678789
039521,5882,2070,284,0.63930127122410885
039521,5883,2070,526,0.6239059080962801
039521,5884,2070,237,0.62470834816308773
039521,5884,2070,239,0.62296168145176134
039521,5885,2070,277,0.61188378921341369
039521,5886,2070,581,0.63598022105875507
039521,5886,2070,586,0.57160698117331166
039521,5886,2070,588,0.60368763557483729
039521,5887,2070,292,0.627231570855044
039521,5888,2070,677,0.62331953395074902
039521,5888,2070,682,0.64324802113438406
039521,5888,2070,683,0.58968792401628223
039521,5888,2070,684,0.58919506889050033
039521,5889,2070,292,0.62478170478170481
039521,5890,2070,496,0.60295370083617217
039521,5890,2070,500,0.60237417835769647
039521,5890,2070,503,0.60568482652919042
039521,5890,2070,505,0.6026527076619288
039521,5891,2070,475,0.61099004401145152
039521,5891,2070,477,0.59297107566534857
039521,5892,2070,447,0.64385287112992851
039521,5893,2070,516,0.63033991390826782
039521,5894,2070,453,0.60435482428686405
039521,5895,2070,344,0.58484478549005925
039521,5895,2070,346,0.59519486551534861
039521,5895,2070,349,0.6053737890696399
039521,5896,2070,284,0.63033518205932004
039521,5896,2070,288,0.60273715785526805
039521,5897,2070,303,0.60831693272104381
039521,5897,2070,305,0.64205244256407734
039521,5898,2070,397,0.61136538391124451
039521,5898,2070,399,0.59877097612857477
039521,5898,2070,404,0.59695547380438918
039521,5899,2070,408,0.63859526173373049
039521,5899,2070,416,0.63774530543170505
039521,5901,2070,571,0.60080097510012187
039521,5901,2070,572,0.63146618642488972
039521,5901,2070,573,0.60256737226897905
039521,5901,2070,576,0.621804730038655
039521,5902,2070,537,0.5972062994026428
039521,5902,2070,540,0.60128736312518494
039521,5903,2070,364,0.64056973069848611
039521,5903,2070,365,0.62853873910875113
039521,5904,2070,323,0.60031533307055573
039521,5904,2070,326,0.6407025741582878
039521,5904,2070,327,0.59840460311233168
039521,5905,2070,417,0.64898406524331931
039521,5905,2070,418,0.59044048734770382
039521,5905,2070,419,0.64122558829618381
039521,5906,2070,508,0.63795901089985541
039521,5906,2070,512,0.64299027242321338
039521,5906,2070,513,0.61013666200365868
039521,5907,2070,421,0.61841805333941191
039521,5908,2070,382,0.61401644712902992
039521,5908,2070,389,0.60503820944211195
039521,5908,2070,391,0.60144895129913689
039521,5909,2070,410,0.63622523775514039
039521,5909,2070,419,0.6452626068748909
039521,5910,2070,247,0.63965623724236109
039521,5912,2070,339,0.62079192301624864
039521,5912,2070,340,0.64615712569280259
039521,5913,2070,312,0.60115973543535384
039521,5913,2070,315,0.64083044982698967
039521,5914,2070,328,0.58645302799360566
039521,5915,2070,384,0.61075361611916779
039521,5916,2070,371,0.5760622381807301
039521,5916,2070,372,0.60417051969668945
039521,5917,2070,362,0.6362729006787029
039521,5918,2070,494,0.59320122442403733
039521,5919,2070,317,0.61051235993499275
039521,5919,2070,318,0.63606941093178826
039521,5919,2070,320,0.63137498062315922
039521,5919,2070,321,0.63675187225351237
039521,5920,2070,429,0.64337837837837841
039521,5920,2070,430,0.58454159343878154
039521,5922,2070,253,0.62391793228797632
039521,5922,2070,255,0.59229711141678132
039521,5922,2070,259,0.64421886605595446
039521,5923,2070,353,0.58655536028119504
039521,5923,2070,358,0.62209321287629238
039521,5925,2070,216,0.61826937107835989
039521,5925,2070,225,0.62517184166864181
039521,5926,2070,456,0.57071605152448279
039521,5926,2070,458,0.62611452347929464
039521,5929,2070,493,0.64409633803742461
039521,5929,2070,495,0.64928527637055922
039521,5930,2070,427,0.5821733358619382
039521,5930,2070,428,0.65180980412768497
039521,5930,2070,430,0.61802625872333716
039521,5931,2070,387,0.63919054297735922
039521,5931,2070,390,0.65041554982383387
039521,5932,2070,516,0.60620613224972297
039521,5933,2070,352,0.61790393013100442
039521,5934,2070,565,0.61856997026319294
039521,5934,2070,569,0.60739565535757867
039521,5934,2070,572,0.62820076080168052
039521,5936,2070,370,0.58038569935716777
039521,5937,2070,288,0.65267547330614228
039521,5938,2070,294,0.60071617037316249
039521,5941,2070,353,0.61683163980378419
039521,5942,2070,508,0.60248733302625523
039521,5942,2070,510,0.62113074895029785
039521,5945,2070,359,0.63452455012557318
039521,5945,2070,361,0.64625210610869477
039521,5947,2070,487,0.63048075004987036
039521,5947,2070,488,0.63915560095335378
039521,5948,2070,268,0.60658914728682167
039521,5948,2070,269,0.59120052034937742
039521,5949,2070,310,0.61708216738743327
039521,5949,2070,317,0.63803546523211796
039521,5950,2070,354,0.61325285841798782
039521,5950,2070,355,0.64381770638774749
039521,5951,2070,314,0.64969052902020319
039521,5952,2070,587,0.59383326988960794
039521,5952,2070,595,0.63254167910288661
039521,5953,2070,135,0.62975553975955745
039521,5953,2070,136,0.64930789834181846
039521,5954,2070,317,0.6224099951813864
039521,5954,2070,319,0.59790732436472349
039521,5954,2070,320,0.59438447063484201
039521,5954,2070,321,0.65005008201837788
039521,5955,2070,316,0.59192925089179549
039521,5955,2070,317,0.61474966170500678
039521,5955,2070,320,0.60702037522695174
039521,5955,2070,323,0.64688102558757621
039521,5956,2070,302,0.62921166131595163
039521,5956,2070,306,0.63958681932568284
039521,5957,2070,252,0.58640578552730827
039521,5957,2070,253,0.59786259541984732
039521,5957,2070,254,0.59275464596565519
039521,5957,2070,257,0.62717717717717714
039521,5958,2070,211,0.56191909356466319
039521,5958,2070,214,0.62640079760717848
039521,5959,2070,334,0.64140077039862486
039521,5960,2070,458,0.62333732448024382
039521,5960,2070,461,0.61697239342110066
039521,5960,2070,463,0.63647023350866028
039521,5960,2070,465,0.59584578830382462
039521,5961,2070,375,0.64487070961971538
039521,5961,2070,378,0.6219379066416314
