run,event,channel,waveform_index_save,fprompt
043386,1,2070,968,0.63336502905441094
043386,3,2070,1190,0.63283966269040892
043386,4,2070,1076,0.63040275049115913
043386,4,2070,1079,0.59672498878420821
043386,5,2070,1279,0.63021311977593975
043386,5,2070,1283,0.60358847108226765
043386,5,2070,1285,0.57958145739536437
043386,6,2070,1314,0.5947868585392343
043386,6,2070,1315,0.5865083560362705
043386,6,2070,1320,0.66555740432612309
043386,6,2070,1321,0.63076330204519804
043386,6,2070,1322,0.59467772754811954
043386,6,2070,1328,0.65001325205406835
043386,7,2070,1264,0.64119996196634022
043386,8,2070,1300,0.63552731411229135
043386,9,2070,1069,0.62500247020927613
043386,12,2070,1324,0.64304461942257218
043386,12,2070,1329,0.63013062688096311
043386,13,2070,1502,0.61797060218112854
043386,14,2070,1161,0.63890601174447648
043386,15,2070,1131,0.63908496732026143
043386,15,2070,1135,0.59855231201485781
043386,16,2070,1082,0.63913169559633787
043386,17,2070,1186,0.62592343854936194
043386,17,2070,1189,0.65248271006750325
043386,17,2070,1200,0.62020495776208284
043386,18,2070,1132,0.63426626890731108
043386,18,2070,1142,0.62912450505939288
043386,19,2070,1213,0.60854059127170346
043386,20,2070,1178,0.65417156005081134
043386,21,2070,1204,0.64649379738111645
043386,22,2070,1172,0.59838749536636604
043386,23,2070,1398,0.63636750862546321
043386,24,2070,1258,0.63441337475957982
043386,29,2070,1156,0.65036204128669539
043386,31,2070,1324,0.63935681470137828
043386,31,2070,1329,0.64342986939239066
043386,32,2070,1013,0.63232602997180865
043386,32,2070,1015,0.62223604862639992
043386,34,2070,1456,0.62435052761261989
043386,35,2070,1111,0.59243559291065229
043386,35,2070,1116,0.61431364617044226
043386,36,2070,923,0.63963249112549592
043386,37,2070,1169,0.58598227169655737
043386,37,2070,1170,0.65825003651843661
043386,37,2070,1174,0.62730031081947801
043386,38,2070,815,0.59563488306031631
043386,39,2070,1324,0.62975246335015622
043386,39,2070,1325,0.64971500654083347
043386,40,2070,1427,0.57056740578366072
043386,41,2070,1253,0.60292793859856919
043386,41,2070,1262,0.60926561105107357
043386,42,2070,1161,0.59490480262861778
043386,42,2070,1165,0.6468785231116122
043386,44,2070,1410,0.58445428696412949
043386,44,2070,1414,0.64307802541765657
043386,45,2070,1208,0.61089657809214304
043386,46,2070,904,0.62644817545381326
043386,48,2070,1374,0.58698934986488638
043386,48,2070,1375,0.6359035004730369
043386,48,2070,1378,0.60881174899866486
043386,49,2070,1060,0.6087497484127129
043386,50,2070,1180,0.6188446504684646
043386,52,2070,1335,0.63694349177858267
043386,53,2070,1133,0.63258870487573604
043386,53,2070,1136,0.64799238820171268
043386,54,2070,1016,0.61448415151889868
043386,57,2070,1148,0.65858097267785731
043386,57,2070,1152,0.6232364928414672
043386,59,2070,1348,0.63675958188153314
043386,60,2070,1214,0.60338480281802054
043386,60,2070,1215,0.64667771838419374
043386,62,2070,1226,0.6340387614167966
043386,65,2070,1086,0.61823869313985313
043386,69,2070,1223,0.62758721035975407
043386,69,2070,1224,0.6278099652375434
043386,70,2070,1192,0.6213584462704087
043386,71,2070,1117,0.59697782687603562
043386,71,2070,1118,0.6323947865883992
043386,72,2070,1585,0.65195864073013499
043386,72,2070,1589,0.64814287747260568
043386,76,2070,1387,0.62492986317924815
043386,77,2070,1290,0.62547868723381406
043386,77,2070,1291,0.65339233038348088
043386,78,2070,1353,0.6443954858144868
043386,80,2070,1115,0.61897635438491472
043386,80,2070,1119,0.6444997649844193
043386,80,2070,1120,0.63973914815569599
043386,81,2070,1232,0.61563909774436087
043386,82,2070,1266,0.6091701154432585
043386,83,2070,972,0.63775510204081631
043386,84,2070,1251,0.62596773026553798
043386,86,2070,1081,0.60942111237230423
043386,86,2070,1084,0.64595831836697259
043386,86,2070,1090,0.62686089322874983
043386,87,2070,1036,0.61724075160292069
043386,92,2070,1167,0.62406118246886955
043386,94,2070,1229,0.62951136913401062
043386,94,2070,1231,0.59679805871212122
043386,95,2070,1026,0.60508423195184269
043386,95,2070,1032,0.59997348183505705
043386,96,2070,1129,0.61931840160922214
043386,96,2070,1134,0.63118215769083108
043386,98,2070,858,0.62713368260943048
043386,101,2070,903,0.62468096538754314
043386,102,2070,1064,0.64348999877285562
043386,104,2070,1104,0.62134870719776381
043386,105,2070,1235,0.61709830130882759
043386,105,2070,1237,0.60919389406464597
043386,107,2070,1035,0.64421103400230428
043386,108,2070,1033,0.61473491401241476
043386,108,2070,1034,0.63829300528670196
043386,108,2070,1035,0.61852319913341758
043386,108,2070,1038,0.65015071590052753
043386,111,2070,1277,0.64324602392077845
043386,111,2070,1282,0.64363558275621413
043386,112,2070,980,0.59775173020762495
043386,113,2070,1073,0.60433013049133555
043386,114,2070,1041,0.61567383918459795
043386,115,2070,731,0.62286175029461022
043386,117,2070,1147,0.65380429963645748
043386,118,2070,1118,0.64107350047924128
043386,123,2070,1180,0.53188349514563105
043386,124,2070,780,0.59242527948893453
043386,124,2070,785,0.64623081895003953
043386,124,2070,787,0.6392498239774691
043386,125,2070,1270,0.61500691871624336
043386,127,2070,1164,0.64518155243640229
043386,127,2070,1167,0.63959994712957657
043386,128,2070,967,0.62967253070778739
043386,129,2070,859,0.60849578615816802
043386,130,2070,1121,0.63234319304608844
043386,130,2070,1122,0.61482926019667239
043386,130,2070,1129,0.61763739616088609
043386,131,2070,1105,0.6503557044453645
043386,134,2070,1056,0.60203217612193061
043386,135,2070,1199,0.6560289210233593
043386,138,2070,1107,0.64568614857632201
043386,138,2070,1108,0.65314375163057659
043386,138,2070,1110,0.60163241630759035
043386,139,2070,1274,0.63706815678916673
043386,143,2070,1082,0.62685819715340008
043386,144,2070,1014,0.66541411437689812
043386,144,2070,1015,0.5947555205047319
043386,145,2070,802,0.63214072239774566
043386,146,2070,1166,0.57912788969428119
043386,146,2070,1167,0.60386042361339409
043386,146,2070,1168,0.59621827832144636
043386,148,2070,831,0.58506577878837096
043386,148,2070,832,0.63737858208052878
043386,148,2070,839,0.61467523508695499
043386,150,2070,1080,0.63382609927738154
043386,152,2070,1216,0.63273738123798096
043386,153,2070,872,0.64480839459709438
043386,154,2070,1253,0.64912925527260001
043386,155,2070,1116,0.62977613953070211
043386,155,2070,1118,0.64019091592954791
043386,155,2070,1119,0.62019171495499936
043386,156,2070,1004,0.63991898329247732
043386,157,2070,1105,0.60682987039703762
043386,158,2070,1263,0.65142312730737173
043386,158,2070,1264,0.62576014654874701
043386,158,2070,1273,0.63039351851851855
043386,159,2070,1224,0.64992614475627775
043386,159,2070,1226,0.63063985049390403
043386,160,2070,1253,0.59061159030817911
043386,160,2070,1256,0.63164711449849309
043386,162,2070,1274,0.6246606334841629
043386,163,2070,1065,0.60248462984604445
043386,163,2070,1070,0.63595711437961322
043386,164,2070,972,0.62380258685383838
043386,164,2070,977,0.63584288052373161
043386,165,2070,831,0.6322331362599507
043386,166,2070,893,0.64929148207496779
043386,166,2070,895,0.6287898211653099
043386,167,2070,1328,0.64515906424677383
043386,168,2070,1200,0.6353022872271169
043386,168,2070,1201,0.59007586267969414
043386,169,2070,869,0.64330934807448814
043386,172,2070,1205,0.62530643032245903
043386,174,2070,1137,0.64967925873129007
043386,176,2070,868,0.65736731843575424
043386,177,2070,1139,0.62508197353701345
043386,178,2070,1068,0.60041774347718346
043386,178,2070,1069,0.6197752985543683
043386,181,2070,953,0.59620098039215685
043386,182,2070,1017,0.64063325235026936
043386,184,2070,1072,0.64161003659174076
043386,186,2070,819,0.62974504889009331
043386,187,2070,1231,0.60141932465101766
043386,188,2070,879,0.602630012446561
043386,189,2070,1074,0.63920342554203768
043386,189,2070,1078,0.62175102599179211
043386,190,2070,920,0.6020033388981636
043386,193,2070,742,0.63255984530239384
043386,193,2070,748,0.60510132485864043
043386,195,2070,1105,0.60476929589389017
043386,195,2070,1109,0.63144495526224731
043386,196,2070,991,0.63524163975699199
043386,197,2070,1144,0.58893111725341873
043386,197,2070,1146,0.59822300786156213
043386,199,2070,1062,0.65308711171420986
043386,199,2070,1066,0.61822181959363276
043386,200,2070,865,0.61260330578512401
043386,202,2070,1193,0.59436090225563909
043386,202,2070,1195,0.59934235487542686
043386,202,2070,1196,0.59238741958541818
043386,202,2070,1198,0.6123537585727733
043386,203,2070,1099,0.64103974693989818
043386,204,2070,994,0.64524733751368568
043386,205,2070,1048,0.60429560737345689
043386,206,2070,1299,0.63556887465123491
043386,206,2070,1300,0.63208870190200717
043386,206,2070,1309,0.64200852424080979
043386,207,2070,964,0.64097032760188655
043386,207,2070,966,0.64052733076206947
043386,207,2070,971,0.64331530926660829
043386,208,2070,1192,0.64622078143661488
043386,209,2070,874,0.64276779906939507
043386,210,2070,963,0.6140549148537231
043386,211,2070,1169,0.61997872862636016
043386,211,2070,1173,0.627870651806822
043386,211,2070,1175,0.63494344810348058
043386,212,2070,1131,0.6115775799245905
043386,213,2070,802,0.64106942889137741
043386,214,2070,1038,0.60108518118650167
043386,215,2070,1059,0.6108234075608493
043386,215,2070,1061,0.59349666726715911
043386,216,2070,1051,0.63311251046481998
043386,216,2070,1054,0.62569406254989268
043386,217,2070,1311,0.6434284408461739
043386,218,2070,961,0.63099698773051205
043386,219,2070,1279,0.64747083992731957
043386,220,2070,1151,0.58343607989572688
043386,220,2070,1157,0.64022180229856573
043386,222,2070,1023,0.61599550477617526
043386,222,2070,1024,0.64791809271368861
043386,222,2070,1025,0.64169743751507613
043386,223,2070,1113,0.62545101649787249
043386,223,2070,1114,0.61982198700986291
043386,223,2070,1117,0.65136415902993139
043386,223,2070,1123,0.62038906221325019
043386,225,2070,1073,0.62066175148354608
043386,227,2070,1042,0.62795626006611849
043386,228,2070,1029,0.63997699008382181
043386,228,2070,1036,0.6213436817851079
043386,229,2070,1226,0.6629136142386548
043386,229,2070,1230,0.63838441165342419
043386,230,2070,928,0.63985288010915342
043386,231,2070,887,0.65634310655659933
043386,231,2070,893,0.62323097463284383
043386,231,2070,896,0.63810916387388739
043386,232,2070,976,0.62780793862358186
043386,234,2070,913,0.61999887457093017
043386,235,2070,1047,0.63123669724770637
043386,239,2070,1126,0.64204461826363046
043386,239,2070,1127,0.6381896219135802
043386,239,2070,1129,0.63756613756613756
043386,239,2070,1133,0.65111291873105082
043386,240,2070,1139,0.63197365288469165
043386,240,2070,1140,0.64020540812295756
043386,240,2070,1144,0.58515842552871222
043386,241,2070,979,0.61986839312247932
043386,241,2070,980,0.62247352208953965
043386,242,2070,1065,0.63176939339730043
043386,243,2070,998,0.61195901249513596
043386,243,2070,1000,0.6403217780726489
043386,246,2070,1263,0.63783840724744545
043386,246,2070,1267,0.65358117377474256
043386,247,2070,1101,0.61990326424749398
043386,247,2070,1106,0.64857070063694267
043386,247,2070,1108,0.61404154399738309
043386,247,2070,1109,0.63268161853305871
043386,248,2070,1115,0.66835231736056555
043386,249,2070,1177,0.64215591915303172
043386,250,2070,1111,0.62058137875255726
043386,250,2070,1115,0.6234732050299725
043386,250,2070,1117,0.63753810422412538
043386,250,2070,1118,0.61355348875322657
043386,251,2070,1160,0.58990396912130583
043386,253,2070,1178,0.64956496686833765
043386,253,2070,1180,0.57697361411981962
043386,255,2070,1263,0.62573020580569783
043386,256,2070,1040,0.63064985451018429
043386,256,2070,1041,0.57605280807652937
043386,258,2070,1203,0.65739199652652147
043386,258,2070,1207,0.59529639030526293
043386,258,2070,1208,0.62713990853535151
043386,259,2070,1104,0.62274238476053556
043386,260,2070,1342,0.64191127217766175
043386,261,2070,1282,0.61080469523405456
043386,262,2070,755,0.63004428105940347
043386,262,2070,759,0.62479977714325508
043386,264,2070,1144,0.61580217129071169
043386,264,2070,1151,0.63328849028400602
043386,265,2070,1185,0.56325194272415291
043386,266,2070,1128,0.65536596944902115
043386,267,2070,1071,0.61861437067995495
043386,269,2070,1000,0.63788507370465175
043386,271,2070,1037,0.64767441860465114
043386,271,2070,1043,0.61647891392258813
043386,274,2070,828,0.62863633356123594
043386,276,2070,1176,0.64852685125123755
043386,276,2070,1180,0.6278651478116497
043386,276,2070,1181,0.6673792006363094
043386,279,2070,1340,0.58785353737681278
043386,282,2070,1471,0.64542688975596851
043386,283,2070,925,0.65303405856972363
043386,283,2070,929,0.63635103011093508
043386,285,2070,1190,0.61221888372940003
043386,285,2070,1193,0.60575916230366489
043386,285,2070,1196,0.61878898459710607
043386,286,2070,1458,0.65982288626131702
043386,286,2070,1459,0.62597396312248943
043386,286,2070,1460,0.59204000661266321
043386,287,2070,1432,0.64862142767216413
043386,289,2070,1175,0.6328752980506871
043386,289,2070,1180,0.63292230177671704
043386,289,2070,1182,0.61381494077635745
043386,289,2070,1184,0.64238347859037515
043386,290,2070,1477,0.62610157074831396
043386,291,2070,1119,0.64551878303370147
043386,291,2070,1120,0.63472439405785774
043386,292,2070,1309,0.64832988000637537
043386,293,2070,1308,0.64708214049768775
043386,293,2070,1311,0.6316330023964396
043386,293,2070,1313,0.63101486349402369
043386,294,2070,1336,0.62289743444526247
043386,294,2070,1337,0.62351337376016547
043386,294,2070,1339,0.62426105462284232
043386,297,2070,1046,0.65371627625919737
043386,297,2070,1047,0.64035858031467252
043386,298,2070,1324,0.64480180886899541
043386,299,2070,1317,0.64192204212874859
043386,300,2070,1168,0.62578702436353684
043386,301,2070,1062,0.64136014694108223
043386,302,2070,1185,0.63133849193282843
043386,302,2070,1191,0.63011842750694913
043386,303,2070,1395,0.60865479490673302
043386,303,2070,1398,0.57839615991406801
043386,305,2070,866,0.63006754046813085
043386,305,2070,868,0.62636487183091993
043386,305,2070,871,0.60100439242842629
043386,306,2070,1264,0.61004975124378114
043386,308,2070,1340,0.61385118487658474
043386,308,2070,1343,0.62683531195680309
043386,312,2070,1358,0.62676689796967355
043386,312,2070,1360,0.61916987590928541
043386,314,2070,1299,0.61855479578636108
043386,314,2070,1301,0.60459906738593761
043386,315,2070,1188,0.64648852346694075
043386,315,2070,1190,0.65306036302237236
043386,317,2070,1411,0.62273059138476516
043386,317,2070,1414,0.62641476880607316
043386,318,2070,1289,0.66096649428534182
043386,319,2070,1063,0.62235589821796722
043386,323,2070,1465,0.65126468573496532
043386,323,2070,1466,0.59324082363473585
043386,324,2070,1230,0.64201285950795062
043386,325,2070,1200,0.5923158640226629
043386,327,2070,1319,0.61707688107032799
043386,327,2070,1321,0.58476618337757813
043386,331,2070,1332,0.64052410326047704
043386,332,2070,1108,0.64552524479187656
043386,335,2070,1366,0.62524141028520097
043386,336,2070,1132,0.61591662719090479
043386,338,2070,1205,0.61970086691435644
043386,341,2070,1368,0.63614171669855513
043386,342,2070,1490,0.63157041174880624
043386,342,2070,1491,0.63946012064693525
043386,342,2070,1493,0.64782521547404293
043386,344,2070,1041,0.60461673867818855
043386,345,2070,1226,0.63681558388853188
043386,345,2070,1229,0.62677616501145916
043386,345,2070,1235,0.64166286191098443
043386,345,2070,1239,0.65828787826147384
043386,346,2070,823,0.64458926203068456
043386,347,2070,1235,0.62100886094747787
043386,351,2070,1415,0.61875390094356941
043386,351,2070,1418,0.62431255162481381
043386,351,2070,1421,0.61918024172359432
043386,355,2070,1345,0.64332627812084053
043386,355,2070,1346,0.61839147022755148
043386,356,2070,1002,0.62631949331456716
043386,357,2070,976,0.63552852088635092
043386,357,2070,977,0.61668197685100123
043386,357,2070,979,0.66140742674284836
043386,358,2070,1230,0.63180759584378354
043386,359,2070,1240,0.62330691191468801
043386,359,2070,1247,0.63442197661608446
043386,360,2070,1445,0.59588574026367636
043386,361,2070,1206,0.62124136387793349
043386,361,2070,1208,0.61114241001564951
043386,362,2070,1346,0.61587742484655705
043386,362,2070,1350,0.61036702852577662
043386,366,2070,1253,0.64747765006385694
043386,366,2070,1257,0.64026470467343499
043386,366,2070,1260,0.64022913561847983
043386,367,2070,1389,0.61088938029232509
043386,367,2070,1392,0.62749032831992058
043386,369,2070,1369,0.62421711899791232
043386,369,2070,1372,0.63044682787826023
043386,370,2070,876,0.61606257574088352
043386,370,2070,882,0.67201863483216173
043386,370,2070,883,0.64270289097875299
043386,370,2070,885,0.63674516908212564
043386,371,2070,924,0.63119096128912766
043386,372,2070,1110,0.64100420908086808
043386,372,2070,1111,0.63854602621571666
043386,372,2070,1113,0.59906716417910444
043386,373,2070,1047,0.58008587126587341
043386,373,2070,1049,0.62329386242429718
043386,374,2070,1186,0.63757688510896804
043386,375,2070,992,0.62011663085894686
043386,376,2070,874,0.62274153231894513
043386,376,2070,875,0.64588663471586605
043386,378,2070,1334,0.64293780960447622
043386,378,2070,1335,0.61544231009625405
043386,379,2070,1076,0.59995413895895433
043386,381,2070,1004,0.63798108825481092
043386,382,2070,1047,0.63779824984785849
043386,383,2070,1043,0.65327922077922074
043386,384,2070,1029,0.62578496266123562
043386,385,2070,1092,0.64237985093806216
043386,385,2070,1094,0.64686979290645086
043386,388,2070,911,0.63667772878119744
043386,389,2070,1133,0.64163792341027681
043386,394,2070,938,0.59768990556454349
043386,396,2070,1184,0.63574472795704873
043386,396,2070,1185,0.64897720060538011
043386,397,2070,1388,0.64149236255255737
043386,398,2070,1164,0.63320575553510006
043386,399,2070,1065,0.60611022215606747
043386,399,2070,1071,0.6174121023678546
043386,400,2070,1168,0.63364850058840239
043386,401,2070,1277,0.63877856075165496
043386,401,2070,1278,0.63053115507757984
043386,401,2070,1286,0.58939656049659106
043386,403,2070,967,0.59127016963177492
043386,403,2070,972,0.61940061840957739
043386,404,2070,1245,0.621755142369532
043386,406,2070,898,0.60986432910195321
043386,406,2070,899,0.58027402991318899
043386,406,2070,900,0.62775551102204408
043386,406,2070,905,0.63538683763716075
043386,408,2070,953,0.64769565437345067
043386,409,2070,1047,0.5941969479230822
043386,410,2070,979,0.63900086872492656
043386,411,2070,1340,0.60590362623399474
043386,411,2070,1348,0.62944122088864163
043386,412,2070,1217,0.65251639274461382
043386,413,2070,1084,0.64417041912019402
043386,416,2070,974,0.65255363584583259
043386,416,2070,975,0.58544251447477258
043386,417,2070,1321,0.63369025855314709
043386,417,2070,1323,0.631016485792395
043386,418,2070,1105,0.62063406770553464
043386,419,2070,1188,0.64396221388905961
043386,419,2070,1189,0.64858972612072485
043386,422,2070,1006,0.62149109568367034
043386,423,2070,812,0.63248214701810657
043386,424,2070,1290,0.60252210205089085
043386,425,2070,794,0.60595567867036015
043386,426,2070,801,0.63395303852560314
043386,427,2070,1282,0.63947293945296246
043386,427,2070,1283,0.62831066571224048
043386,428,2070,1169,0.63923499260519867
043386,428,2070,1173,0.61195286195286192
043386,429,2070,951,0.63594906212355873
043386,430,2070,1177,0.63730951338877173
043386,430,2070,1178,0.62227743271221536
043386,434,2070,923,0.65334408438119729
043386,434,2070,928,0.62080753949921463
043386,435,2070,1144,0.61458382180539273
043386,436,2070,1202,0.61817733990147783
043386,437,2070,1276,0.64014227293034121
043386,437,2070,1283,0.60686274509803917
043386,440,2070,1242,0.6277182294879704
043386,440,2070,1247,0.60891945487532173
043386,442,2070,982,0.57527664531158995
043386,442,2070,985,0.618690611106268
043386,442,2070,987,0.63330036267721723
043386,442,2070,988,0.64270786006360747
043386,443,2070,1006,0.6338695263628239
043386,443,2070,1013,0.64647734293444681
043386,444,2070,1139,0.62127957787121779
043386,444,2070,1142,0.61831173147224994
043386,445,2070,967,0.63444591571161135
043386,445,2070,970,0.62919624771381932
043386,445,2070,972,0.60806086405216919
043386,446,2070,1260,0.62124024367028363
043386,446,2070,1262,0.63296977251480213
043386,447,2070,1132,0.64171743545111692
043386,448,2070,1108,0.63289036544850497
043386,449,2070,1022,0.64665987390944402
043386,450,2070,1031,0.59915262652676182
043386,451,2070,1217,0.61851799039878319
043386,453,2070,1137,0.64047097918297569
043386,454,2070,1215,0.62216994187655683
043386,455,2070,767,0.63241054414567011
043386,455,2070,768,0.63340309425548147
043386,456,2070,1183,0.58981734503092187
043386,461,2070,1207,0.65557450659612237
043386,461,2070,1209,0.58017565872020072
043386,462,2070,974,0.64628858978600412
043386,462,2070,975,0.64817575682279371
043386,463,2070,1043,0.65309636093377388
043386,463,2070,1045,0.64283684584418654
043386,465,2070,1086,0.62827865273208927
043386,465,2070,1088,0.64575090669304314
043386,465,2070,1092,0.62447272727272729
043386,465,2070,1093,0.62839424629384999
043386,465,2070,1096,0.58495156566794326
043386,466,2070,1039,0.6425962430426716
043386,467,2070,1073,0.59189875525581781
043386,469,2070,1219,0.60007267735292935
043386,469,2070,1222,0.60671880554568081
043386,470,2070,885,0.65443347675693919
043386,472,2070,1349,0.63167817985930663
043386,474,2070,1068,0.64837388220012993
043386,475,2070,1332,0.63791289096755333
043386,475,2070,1335,0.60632361502978194
043386,476,2070,1131,0.6319764514504822
043386,476,2070,1135,0.59963405071011588
043386,476,2070,1140,0.59670598709103051
043386,477,2070,869,0.64055385054599956
043386,477,2070,871,0.62918109215299522
043386,478,2070,856,0.61582947173308622
043386,479,2070,1210,0.589013130422679
043386,479,2070,1214,0.64614816637952255
043386,480,2070,1050,0.61314177054722163
043386,480,2070,1057,0.63899253731343286
043386,482,2070,1135,0.63300078850834796
043386,483,2070,985,0.64130710124123957
043386,483,2070,986,0.62716367442234922
043386,484,2070,1185,0.64037295267956595
043386,485,2070,887,0.66041454298335034
043386,485,2070,889,0.62048611111111107
043386,486,2070,1239,0.6625159810154293
043386,486,2070,1243,0.6002241733607323
043386,487,2070,798,0.60697684521482254
043386,489,2070,1093,0.61717572935214349
043386,490,2070,920,0.59881559013909935
043386,494,2070,1244,0.6082946530833685
043386,495,2070,1092,0.62030535334664694
043386,496,2070,1096,0.64209987350159625
043386,496,2070,1098,0.63867911252873022
043386,496,2070,1100,0.63810732414793325
043386,496,2070,1103,0.65929861176991433
043386,497,2070,1105,0.64139181402741907
043386,498,2070,1171,0.63194472101636867
043386,499,2070,675,0.63989518905578746
043386,499,2070,676,0.62396502957058375
043386,501,2070,1316,0.62038245219347576
043386,502,2070,1130,0.65444626579588716
043386,504,2070,1094,0.64533026147058181
043386,505,2070,1045,0.62262357414448666
043386,505,2070,1048,0.62116896896591989
043386,509,2070,1166,0.64991547361191826
043386,509,2070,1175,0.62099169393405484
043386,511,2070,1007,0.62526270641218096
043386,512,2070,1192,0.64559458034790418
043386,512,2070,1199,0.57921801578154086
043386,514,2070,1293,0.63434347883539621
043386,516,2070,1198,0.63678660903559725
043386,517,2070,1189,0.64624841605780381
043386,517,2070,1190,0.64769459280093544
043386,517,2070,1194,0.61836165693043021
043386,520,2070,1074,0.64773672132238003
043386,521,2070,795,0.63886745613740814
043386,521,2070,796,0.64085496183206103
043386,523,2070,1114,0.6368809783266739
043386,523,2070,1116,0.60789991258741261
043386,524,2070,677,0.64710151238062064
043386,525,2070,1261,0.62918566263166165
043386,525,2070,1267,0.63292601799656878
043386,526,2070,1306,0.59180716543730238
043386,527,2070,1101,0.62942143618912194
043386,529,2070,1137,0.63665055547540039
043386,530,2070,1142,0.6110024333222005
043386,531,2070,1079,0.61408718650673966
043386,534,2070,996,0.60867465648184726
043386,536,2070,1073,0.59408834089454199
043386,537,2070,876,0.6635028308941352
043386,538,2070,1008,0.62839655514832005
043386,538,2070,1013,0.65201677501900035
043386,538,2070,1015,0.64765021753615803
043386,542,2070,994,0.63566509909304669
043386,542,2070,998,0.61041469418670702
043386,542,2070,999,0.60785296574770264
043386,545,2070,1005,0.59394539157032977
043386,545,2070,1006,0.58391531602758373
043386,546,2070,1158,0.61834739986658549
043386,548,2070,1134,0.6242391500090041
043386,548,2070,1139,0.61331101616526451
043386,548,2070,1143,0.63669181471566483
043386,549,2070,1074,0.6111163359352958
043386,550,2070,1226,0.63745065726440042
043386,555,2070,1102,0.64415679027701278
043386,556,2070,1178,0.61775399321867719
043386,557,2070,1088,0.65356644671880637
043386,559,2070,1209,0.65863999244177807
043386,560,2070,1187,0.62390478971962615
043386,561,2070,1254,0.64209184877519232
043386,562,2070,735,0.6288870703764321
043386,565,2070,1180,0.6431985531585066
043386,565,2070,1184,0.62235106635472826
043386,565,2070,1185,0.63013779295724881
043386,566,2070,1238,0.59252205929029389
043386,566,2070,1244,0.60883251973173957
043386,567,2070,1329,0.60208650293414478
043386,571,2070,1244,0.63507769193210217
043386,571,2070,1252,0.65636684514372889
043386,572,2070,1334,0.61424284984678246
043386,572,2070,1336,0.62207461187919977
043386,573,2070,1285,0.63087149429427458
043386,573,2070,1288,0.61182942499196913
043386,575,2070,1439,0.61291576826552618
043386,576,2070,1507,0.61204053248559509
043386,577,2070,1465,0.60141738038866732
043386,577,2070,1468,0.63852490918526206
043386,577,2070,1469,0.63196135736320835
043386,578,2070,1426,0.63669881918460569
043386,579,2070,1034,0.58557273087594131
043386,579,2070,1037,0.63249797207872605
043386,579,2070,1039,0.6215137714161787
043386,579,2070,1040,0.64029308954019892
043386,581,2070,836,0.63146979851120955
043386,581,2070,837,0.65399945399945403
043386,584,2070,1313,0.60717235383612256
043386,585,2070,1231,0.63995970710162331
043386,586,2070,1177,0.64602063026402956
043386,586,2070,1185,0.628687337003767
043386,587,2070,1455,0.62292952257226375
043386,589,2070,1286,0.62295148357137076
043386,589,2070,1295,0.59824414715719065
043386,589,2070,1299,0.63709269804899415
043386,591,2070,1168,0.59032463399108848
043386,591,2070,1171,0.61563188831741367
043386,592,2070,1088,0.62342204025929715
043386,593,2070,1276,0.62088615982683215
043386,593,2070,1279,0.62352778545756149
043386,593,2070,1283,0.63136413739684805
043386,594,2070,1164,0.6087257617728532
043386,595,2070,1146,0.58979398979398978
043386,596,2070,786,0.6435326979148801
043386,597,2070,1181,0.65685103332935135
043386,600,2070,945,0.63604197901049475
043386,602,2070,1397,0.6340795490800808
043386,604,2070,1481,0.61523809523809525
043386,605,2070,1329,0.59433001107419714
043386,605,2070,1331,0.61278982501876211
043386,605,2070,1332,0.6462804831140857
043386,606,2070,1303,0.62891199961392752
043386,606,2070,1304,0.62086092715231789
043386,606,2070,1308,0.60871720309298794
043386,607,2070,928,0.62174004634506008
043386,607,2070,933,0.62531899761536214
043386,607,2070,936,0.62534466477809258
043386,608,2070,1377,0.62241210937500002
043386,609,2070,978,0.60443465283206599
043386,613,2070,1321,0.63132388801432227
043386,613,2070,1325,0.64154535053458006
043386,615,2070,1393,0.60914365746298516
043386,615,2070,1394,0.63890514563543865
043386,615,2070,1396,0.62269243585471512
043386,616,2070,1154,0.62605813683477229
043386,617,2070,1440,0.6388057984353428
043386,617,2070,1442,0.63482784882743337
043386,617,2070,1443,0.64880335681724
043386,618,2070,1363,0.63162162944941636
043386,618,2070,1364,0.60536013400335009
043386,618,2070,1367,0.60828255029159295
043386,621,2070,1183,0.59085677454997465
043386,622,2070,1111,0.62173255562756535
043386,623,2070,1267,0.62520152189333844
043386,624,2070,1008,0.64842945230322813
043386,624,2070,1011,0.61558313874892467
043386,624,2070,1018,0.63086747774204077
043386,625,2070,1358,0.64196260687550999
043386,625,2070,1363,0.62613387914592733
043386,626,2070,1227,0.63882192221150758
043386,627,2070,1254,0.65258161436109774
043386,628,2070,1352,0.65658260924985656
043386,629,2070,1305,0.63572080936284803
043386,630,2070,1149,0.64563818982056198
043386,630,2070,1152,0.61836006535729771
043386,631,2070,1004,0.64570016541752606
043386,632,2070,1270,0.5976662124864619
043386,633,2070,1026,0.63913791723365088
043386,633,2070,1028,0.65573631945911681
043386,634,2070,1401,0.62996705121256702
043386,634,2070,1402,0.65267750161295279
043386,635,2070,1440,0.63391904992729031
043386,637,2070,1362,0.60734491987668127
043386,637,2070,1363,0.63316991618281637
043386,637,2070,1369,0.64009428006229219
043386,639,2070,1051,0.60468853117557597
043386,640,2070,1198,0.64421212790497928
043386,640,2070,1202,0.64721355327686136
043386,640,2070,1203,0.64232081911262795
043386,640,2070,1209,0.64415010203310408
043386,642,2070,855,0.60674880865496073
043386,642,2070,858,0.63304307807825988
043386,642,2070,859,0.66085857618810551
043386,643,2070,1260,0.61089394242017858
043386,643,2070,1265,0.63094107147997813
043386,644,2070,868,0.63716084339005419
043386,644,2070,873,0.63639993423679453
043386,645,2070,1264,0.60576600737512576
043386,645,2070,1268,0.62320078067821416
043386,647,2070,1155,0.62182279696772202
043386,648,2070,978,0.61228252102776815
043386,648,2070,982,0.63733867770779196
043386,648,2070,987,0.64758970377738423
043386,649,2070,1282,0.60950876901338213
043386,649,2070,1284,0.62479304202032904
043386,650,2070,1142,0.66253564378153107
043386,656,2070,1665,0.65613147914032866
043386,656,2070,1674,0.64047270104915444
043386,657,2070,1200,0.58688283579041944
043386,657,2070,1201,0.60772461435804848
043386,657,2070,1211,0.60941673760530723
043386,658,2070,1023,0.60908159781495386
043386,659,2070,1046,0.62568605927552146
043386,659,2070,1047,0.63173262972735267
043386,659,2070,1049,0.468579942990412
043386,660,2070,1095,0.64112219920918845
043386,661,2070,1131,0.63631727120649562
043386,664,2070,1051,0.61874398460057745
043386,665,2070,1368,0.64166731837021973
043386,665,2070,1369,0.6464381360471344
043386,669,2070,1185,0.64881539553155776
043386,670,2070,1224,0.64544281445259444
043386,670,2070,1227,0.63637993366996326
043386,671,2070,1081,0.61589908567558416
043386,671,2070,1083,0.63632079917067197
043386,673,2070,1126,0.60445733587898365
043386,673,2070,1127,0.61596762325239152
043386,674,2070,1029,0.63674371379083794
043386,674,2070,1032,0.61120235111072696
043386,674,2070,1034,0.64021372731836768
043386,675,2070,1140,0.66304923239809421
043386,676,2070,1204,0.64095515063388919
043386,676,2070,1211,0.65623126930702202
043386,677,2070,755,0.62934690415606442
043386,677,2070,758,0.6451976794155565
043386,680,2070,1239,0.6087800759814268
043386,680,2070,1243,0.63986173019194037
043386,682,2070,778,0.63121642099462738
043386,683,2070,1017,0.61456569988338416
043386,683,2070,1023,0.62129703763010413
043386,685,2070,1130,0.59092283502660858
043386,687,2070,963,0.65943605784487058
043386,689,2070,744,0.62451778825546511
043386,689,2070,746,0.64746387616233358
043386,690,2070,1245,0.62709070817178925
043386,691,2070,1160,0.63212813466162832
043386,692,2070,1155,0.64306662588387697
043386,693,2070,1223,0.61626154136046729
043386,693,2070,1226,0.61465993560440435
043386,695,2070,1175,0.61797371767698173
043386,696,2070,1130,0.59888988361683082
043386,697,2070,1253,0.63226202574525747
043386,698,2070,1123,0.60931174089068829
043386,698,2070,1124,0.64566297899631231
043386,699,2070,1107,0.61019461019461019
043386,700,2070,712,0.61403018446059254
043386,700,2070,716,0.65777224507469145
043386,701,2070,1137,0.66329651268942857
043386,703,2070,1170,0.64658194566170024
043386,704,2070,1204,0.6272124940842404
043386,704,2070,1206,0.62040568362077697
043386,705,2070,1224,0.56903209198558435
043386,706,2070,1106,0.62950323247374362
043386,706,2070,1109,0.62181050146759642
043386,707,2070,1117,0.64178847807394668
043386,707,2070,1118,0.62776887712454721
043386,708,2070,925,0.59865055565355441
043386,708,2070,927,0.64562184211746165
043386,710,2070,1073,0.63514758573622254
043386,713,2070,1143,0.63677997404412501
043386,714,2070,1016,0.6016734357345711
043386,715,2070,1270,0.62844645402270605
043386,716,2070,1108,0.6147561175890951
043386,716,2070,1110,0.61768544413370619
043386,716,2070,1112,0.64959296033127856
043386,717,2070,1150,0.62499417548110525
043386,717,2070,1151,0.63114330056906365
043386,717,2070,1152,0.62139052711058507
043386,717,2070,1161,0.6379252755642506
043386,719,2070,1072,0.61641478725877707
043386,720,2070,781,0.6114802510151347
043386,722,2070,1193,0.65199671426766082
043386,722,2070,1198,0.64095917044718087
043386,723,2070,1113,0.6400620037328778
043386,725,2070,1072,0.62064197116996311
043386,725,2070,1078,0.63981753612539805
043386,726,2070,1279,0.60769978251816203
043386,726,2070,1286,0.6538211300735699
043386,727,2070,1236,0.59281919939290462
043386,728,2070,932,0.60035949670461353
043386,729,2070,1250,0.6480869804569227
043386,731,2070,1117,0.633169950594622
043386,731,2070,1124,0.64243657774224028
043386,732,2070,1037,0.65166063034599675
043386,732,2070,1039,0.64568796152022223
043386,734,2070,1246,0.62888466850828728
043386,735,2070,976,0.61280156487720061
043386,735,2070,978,0.62373446110470332
043386,736,2070,1176,0.6165354976225611
043386,737,2070,759,0.573644584011199
043386,737,2070,760,0.61026434323672596
043386,739,2070,1214,0.61795845793259518
043386,739,2070,1218,0.60899653979238755
043386,740,2070,1127,0.62136362491499386
043386,741,2070,1121,0.62440687335882439
043386,741,2070,1123,0.63258655804480657
043386,742,2070,1125,0.6090663339571637
043386,744,2070,1046,0.65707338094065504
043386,745,2070,1351,0.63879521411742968
043386,748,2070,1135,0.6563445414469703
043386,749,2070,1286,0.59662859878273955
043386,749,2070,1288,0.63529357029868805
043386,749,2070,1289,0.63839024960087221
043386,750,2070,888,0.62528907124207389
043386,751,2070,1205,0.62419175027870677
043386,751,2070,1207,0.6381351517734527
043386,754,2070,1195,0.62247320580653909
043386,756,2070,1026,0.64257733351344049
043386,756,2070,1028,0.63828201524636941
043386,756,2070,1029,0.62184014572880386
043386,757,2070,1099,0.64107491459248411
043386,758,2070,1085,0.62799657534246578
043386,761,2070,1148,0.60939200746384703
043386,763,2070,1011,0.6445025595370576
043386,763,2070,1017,0.59311212454788487
043386,764,2070,1016,0.61173762945914845
043386,764,2070,1018,0.62991863729361941
043386,764,2070,1020,0.60784231670572486
043386,765,2070,1002,0.63798277030297168
043386,766,2070,1126,0.60375651574548739
043386,767,2070,1347,0.6531409812635387
043386,767,2070,1348,0.64408900707833094
043386,767,2070,1351,0.64844524012305982
043386,767,2070,1357,0.63152403491360665
043386,768,2070,1113,0.65047659481223807
043386,768,2070,1117,0.63035683797165787
043386,769,2070,1228,0.61885124390178159
043386,770,2070,1356,0.63988779545663566
043386,771,2070,1263,0.6371087928464978
043386,771,2070,1264,0.63272914256331148
043386,772,2070,1040,0.63157036118633558
043386,773,2070,737,0.62570421108093865
043386,773,2070,741,0.63086402131506325
043386,773,2070,743,0.61191755553773353
043386,775,2070,1038,0.65374209876697131
043386,776,2070,1307,0.65150541582522492
043386,778,2070,1171,0.59323355739592232
043386,779,2070,843,0.5939987231325814
043386,779,2070,845,0.63345518511392684
043386,779,2070,849,0.64248989645359544
043386,783,2070,916,0.64099253019707569
043386,783,2070,917,0.64943655788087229
043386,784,2070,1204,0.644705318639195
043386,784,2070,1205,0.65514862796663142
043386,785,2070,1191,0.62710464451362857
043386,785,2070,1195,0.58147852642583986
043386,787,2070,922,0.62365504409028394
043386,789,2070,686,0.64942383922809821
043386,789,2070,688,0.59375944068016051
043386,791,2070,1164,0.6369597445546813
043386,792,2070,1158,0.60111221075451249
043386,793,2070,1140,0.60984288354898342
043386,793,2070,1148,0.62133063402963096
043386,794,2070,1175,0.63830987186428445
043386,794,2070,1177,0.6223618959750894
043386,796,2070,1049,0.64425172749617399
043386,798,2070,880,0.64972493887530558
043386,799,2070,1303,0.60109424638192732
043386,799,2070,1307,0.63589172147632766
043386,800,2070,1151,0.62766822918684384
043386,800,2070,1152,0.6139754764366967
043386,802,2070,1237,0.64454191839774888
043386,803,2070,1207,0.62379784293112173
043386,803,2070,1210,0.64967344456490128
043386,804,2070,836,0.62827999393295919
043386,804,2070,837,0.62736235245957561
043386,804,2070,838,0.58689725330620546
043386,806,2070,1098,0.60038240917782026
043386,807,2070,1262,0.64808672837978321
043386,807,2070,1265,0.62523281802942821
043386,809,2070,1004,0.6029522731560083
043386,811,2070,1352,0.58373775699285269
043386,813,2070,1298,0.6149605960122303
043386,814,2070,1210,0.62901033730077016
043386,814,2070,1212,0.63994603805737005
043386,814,2070,1214,0.61439223166290968
043386,815,2070,951,0.628402966511585
043386,816,2070,1154,0.62427120064239083
043386,817,2070,1230,0.61078140454995056
043386,818,2070,814,0.61164680618131295
043386,818,2070,819,0.65220643231114439
043386,819,2070,1285,0.6523278327298061
043386,820,2070,1076,0.63749158815612383
043386,821,2070,1040,0.6393979679042826
043386,821,2070,1044,0.64605673951404918
043386,824,2070,1016,0.63266949773026793
043386,824,2070,1020,0.63617214802048927
043386,827,2070,1147,0.61085681590616503
043386,827,2070,1149,0.58206056984950894
043386,827,2070,1156,0.62481660961187924
043386,828,2070,1117,0.62424602837481946
043386,829,2070,1244,0.64209513450194533
043386,830,2070,893,0.63710971528128013
043386,832,2070,1247,0.61612446329652726
043386,832,2070,1248,0.62032788719785137
043386,833,2070,922,0.64040108053660549
043386,835,2070,1291,0.6457713952006795
043386,835,2070,1299,0.59305175147758393
043386,838,2070,1150,0.61219886745369034
043386,841,2070,999,0.59685334872979212
043386,842,2070,963,0.60687116564417176
043386,844,2070,988,0.61338004101161991
043386,846,2070,1003,0.6467418104966538
043386,846,2070,1006,0.5948419996656078
043386,848,2070,1012,0.6259170211454288
043386,848,2070,1014,0.6506680144569581
043386,852,2070,1227,0.64531066982648255
043386,853,2070,1332,0.65448592503387026
043386,855,2070,1191,0.59347353717212481
043386,857,2070,1052,0.6262922446524567
043386,857,2070,1056,0.61826047358834246
043386,857,2070,1059,0.62990709334906358
043386,857,2070,1064,0.61469251016989712
043386,858,2070,1103,0.621543577178859
043386,858,2070,1106,0.64808383823456972
043386,858,2070,1109,0.61202248810725102
043386,859,2070,1259,0.63279041985956119
043386,860,2070,1172,0.59908811845431564
043386,860,2070,1181,0.62262645853536458
043386,861,2070,1338,0.62690510058931115
043386,862,2070,1349,0.6325934084554774
043386,863,2070,1274,0.62065125695967605
043386,863,2070,1275,0.65152992232460138
043386,864,2070,1095,0.65411600644964485
043386,864,2070,1096,0.63895335608646187
043386,864,2070,1099,0.64393298358436279
043386,864,2070,1101,0.60856376665054734
043386,865,2070,1251,0.60207365033964966
043386,865,2070,1258,0.62447118891320208
043386,868,2070,1034,0.60942019269446623
043386,869,2070,1122,0.6425623427133379
043386,869,2070,1131,0.64389197375063101
043386,870,2070,1451,0.61790574541635668
043386,871,2070,1319,0.61481385055975002
043386,872,2070,1129,0.63500135874839858
043386,873,2070,1123,0.65458559100943203
043386,874,2070,1350,0.64207739787961782
043386,875,2070,1302,0.63969801115555802
043386,876,2070,1439,0.63883288933688531
043386,876,2070,1451,0.599116689911669
043386,877,2070,1356,0.64415862808145763
043386,881,2070,1253,0.64200724262803932
043386,881,2070,1254,0.63348427610017266
043386,881,2070,1263,0.6265523065205153
043386,882,2070,1092,0.62042973912192256
043386,882,2070,1096,0.63594736374144212
043386,883,2070,1104,0.61261153122874401
043386,884,2070,1310,0.61080367342699882
043386,884,2070,1314,0.622942626774172
043386,887,2070,1356,0.63195599926049173
043386,887,2070,1358,0.62952011502048122
043386,888,2070,1238,0.64137484643937492
043386,888,2070,1241,0.60246995994659547
043386,888,2070,1244,0.63329754750916722
043386,889,2070,1338,0.65033003767812114
043386,889,2070,1340,0.63351791162843263
043386,890,2070,1397,0.63605190751919838
043386,890,2070,1399,0.64631920954246036
043386,890,2070,1406,0.62669627436466813
043386,891,2070,1345,0.63294624685741652
043386,894,2070,1210,0.59468036243684497
043386,894,2070,1211,0.63086365629110042
043386,894,2070,1212,0.6449402722750156
043386,894,2070,1213,0.58007805240661592
043386,896,2070,878,0.59339266379697364
043386,898,2070,934,0.62563463933326946
043386,898,2070,937,0.64792585430276162
043386,900,2070,1102,0.66056442484093836
043386,900,2070,1105,0.63582390111797793
043386,901,2070,1238,0.5927650263047628
043386,902,2070,1106,0.62358649701159963
043386,905,2070,1361,0.66230398562561255
043386,906,2070,1182,0.65492595879852389
043386,906,2070,1183,0.59988013052453992
043386,907,2070,1307,0.61478207753943448
043386,907,2070,1310,0.63602941176470584
043386,909,2070,1202,0.63597896391222875
043386,910,2070,1195,0.65185788420386914
043386,911,2070,1373,0.64248028091969434
043386,912,2070,1423,0.65211200759373522
043386,913,2070,1434,0.61279677157781587
043386,913,2070,1435,0.64396726135736615
043386,913,2070,1436,0.62512350035285813
043386,913,2070,1437,0.61344863691007101
043386,914,2070,895,0.62325430334524201
043386,914,2070,902,0.62300991288675278
043386,914,2070,905,0.62421879834168681
043386,916,2070,922,0.60969660661560188
043386,917,2070,1021,0.63389830508474576
043386,917,2070,1023,0.62213961736520818
043386,918,2070,1359,0.59153872142347685
043386,921,2070,1277,0.63545179799395557
043386,921,2070,1278,0.63231097073709042
043386,921,2070,1283,0.63356147759817483
043386,921,2070,1284,0.62355607863650231
043386,922,2070,928,0.60366160786632506
043386,922,2070,931,0.63620811425880874
043386,924,2070,1440,0.59380522121828427
043386,925,2070,1204,0.63288670284938942
043386,926,2070,1116,0.6120490422656587
043386,927,2070,1485,0.59789730306262379
043386,927,2070,1488,0.57131184748070818
043386,927,2070,1491,0.58979556629000263
043386,928,2070,1248,0.62370401780981655
043386,928,2070,1249,0.61263329029790081
043386,929,2070,975,0.62650098322245928
043386,929,2070,977,0.64769556025369979
043386,929,2070,979,0.64117974015146251
043386,932,2070,1046,0.60216786289731949
043386,933,2070,1402,0.61548271301719248
043386,934,2070,1487,0.6342557281020228
043386,934,2070,1489,0.63129679544773887
043386,935,2070,1454,0.60493086684765451
043386,935,2070,1455,0.62001250130221897
043386,936,2070,1281,0.63115849678281677
043386,939,2070,1376,0.57240379669892927
043386,940,2070,1307,0.59581375480563858
043386,941,2070,1432,0.60977794540568575
043386,941,2070,1435,0.62108210311977308
043386,941,2070,1438,0.63960720130932902
043386,941,2070,1440,0.61892924836093588
043386,942,2070,1300,0.60143047472126776
043386,942,2070,1307,0.62537093165336333
043386,943,2070,1004,0.64073761890836534
043386,944,2070,914,0.64302709218958187
043386,945,2070,1051,0.63613640421353335
043386,947,2070,1132,0.62298461919096115
043386,947,2070,1141,0.63953388950640655
043386,948,2070,958,0.58159514446914007
043386,948,2070,959,0.65041013665601632
043386,950,2070,1214,0.61601917139038664
043386,952,2070,894,0.63686446612820391
043386,953,2070,1025,0.63070286029469702
043386,956,2070,1128,0.63748369328888244
043386,956,2070,1132,0.6320844923504868
043386,957,2070,1012,0.64037329534742438
043386,957,2070,1019,0.63776448270830288
043386,958,2070,1263,0.63206660196530384
043386,960,2070,1116,0.65246374200522472
043386,961,2070,1063,0.63432835820895528
043386,962,2070,972,0.59746801586947795
043386,963,2070,969,0.63721525010408608
043386,963,2070,972,0.61398865784499057
043386,963,2070,975,0.63925131746320185
043386,964,2070,1126,0.64011601963409193
043386,964,2070,1130,0.61027758472670779
043386,964,2070,1131,0.63510183968462552
043386,964,2070,1134,0.65192155652827866
043386,965,2070,702,0.60027472527472525
043386,965,2070,707,0.52358314690529451
043386,965,2070,708,0.63387027884556713
043386,968,2070,1217,0.62378275273566908
043386,969,2070,942,0.61448195903453606
043386,970,2070,1125,0.62794790566701864
043386,970,2070,1126,0.61143984220907299
043386,971,2070,1066,0.61034702168273702
043386,973,2070,999,0.62631290675945617
043386,974,2070,1164,0.63902511517313121
043386,976,2070,1053,0.62204061590263404
043386,976,2070,1055,0.62643234692696481
043386,976,2070,1056,0.64260053886837643
043386,978,2070,1059,0.64223936637214429
043386,979,2070,1099,0.60324715516830929
043386,980,2070,1202,0.65737141824098344
043386,983,2070,1028,0.63341485146637855
043386,984,2070,1078,0.65589696338434422
043386,985,2070,990,0.64748576850094874
043386,985,2070,996,0.63961468994581583
043386,985,2070,997,0.65276850147425347
043386,986,2070,1084,0.62370140750670244
043386,987,2070,1042,0.58438591197137557
043386,987,2070,1044,0.62724422191877816
043386,987,2070,1046,0.6178385701175545
043386,987,2070,1049,0.63125131440588855
043386,988,2070,1147,0.62442905554736994
043386,989,2070,690,0.64184929450615436
043386,990,2070,961,0.63177972120203718
043386,991,2070,1225,0.61104920281158925
043386,991,2070,1233,0.61647628937348564
043386,992,2070,862,0.61456307246171804
043386,992,2070,868,0.62671480144404335
043386,993,2070,762,0.6037906955654303
043386,993,2070,765,0.61798760948515274
043386,994,2070,786,0.62771020624008456
043386,996,2070,804,0.62570213048825074
043386,996,2070,806,0.60072051446079255
043386,997,2070,899,0.64863211970481505
043386,999,2070,1147,0.59842773634347912
043386,1000,2070,1057,0.63883561980626447
043386,1001,2070,968,0.62688796680497927
043386,1001,2070,969,0.64523293908601254
043386,1003,2070,1169,0.63094611198876605
043386,1007,2070,1092,0.64339183232138397
043386,1007,2070,1094,0.6251367039623118
043386,1009,2070,1107,0.64409742849868457
043386,1009,2070,1110,0.62054290315159877
043386,1011,2070,1186,0.63037300978756028
043386,1011,2070,1190,0.65058587259618861
043386,1015,2070,1070,0.64942254193947224
043386,1015,2070,1075,0.65087151157253076
043386,1020,2070,1176,0.6210839598997494
043386,1024,2070,1030,0.63838807936115916
043386,1024,2070,1035,0.6089937370727686
043386,1025,2070,1081,0.63549058673412284
043386,1027,2070,1130,0.60452426963737638
043386,1027,2070,1134,0.64428471701528045
043386,1029,2070,824,0.6085799158983064
043386,1030,2070,1072,0.58745043270070085
043386,1030,2070,1076,0.62031620002785903
043386,1031,2070,961,0.64776725304465499
043386,1032,2070,1030,0.60149529996733564
043386,1033,2070,1010,0.62634240433739963
043386,1034,2070,1323,0.60925344615804555
043386,1034,2070,1325,0.63633657893617923
043386,1035,2070,1193,0.65091908007238974
043386,1037,2070,1225,0.62228081740276864
043386,1038,2070,927,0.60933294687590578
043386,1039,2070,1107,0.62955546655987182
043386,1039,2070,1108,0.63806280112975577
043386,1039,2070,1111,0.59722098114556343
043386,1040,2070,1096,0.6403390202023892
043386,1041,2070,1182,0.64540764374448445
043386,1041,2070,1188,0.64979608909338071
043386,1043,2070,974,0.64002025988542688
043386,1044,2070,1026,0.59928954785899069
043386,1046,2070,1121,0.5963930615934232
043386,1047,2070,747,0.63828127539246593
043386,1048,2070,1126,0.60739787446031224
043386,1048,2070,1130,0.63443516783097631
043386,1049,2070,1036,0.63379551958946023
043386,1049,2070,1037,0.60553757641136285
043386,1050,2070,1193,0.63530055392190388
043386,1051,2070,1285,0.63796636216170066
043386,1051,2070,1290,0.57787458145053805
043386,1052,2070,1224,0.63498701561498772
043386,1053,2070,1288,0.63443871014970166
043386,1054,2070,1118,0.62339998131365038
043386,1055,2070,1183,0.65398011755315288
043386,1056,2070,929,0.61557688462307536
043386,1057,2070,735,0.62327772153013161
043386,1059,2070,1115,0.64034059042471825
043386,1065,2070,1098,0.65132050781987239
043386,1066,2070,1149,0.64327958258570217
043386,1066,2070,1151,0.63644026667347819
043386,1069,2070,1219,0.6466001848144155
043386,1069,2070,1223,0.60926627005588607
043386,1070,2070,1036,0.62951780481307162
043386,1070,2070,1038,0.61223375204806119
043386,1070,2070,1039,0.62927842740324424
043386,1071,2070,1001,0.60543910742852458
043386,1071,2070,1003,0.64703375383566319
043386,1072,2070,957,0.63124373119358079
043386,1072,2070,958,0.63132566585956418
043386,1074,2070,982,0.5956002172732211
043386,1074,2070,984,0.60906548254087256
043386,1075,2070,1403,0.62350494019760794
043386,1076,2070,1129,0.62296978787229484
043386,1079,2070,967,0.61117277099519052
043386,1080,2070,1322,0.64137186065352414
043386,1083,2070,1172,0.59990570889765127
043386,1083,2070,1174,0.58970382418580025
043386,1084,2070,1322,0.60988361683079673
043386,1084,2070,1325,0.61896137999728351
043386,1085,2070,754,0.62791370826309789
043386,1085,2070,755,0.64514822675356032
043386,1086,2070,1175,0.63505096872912226
043386,1086,2070,1176,0.61607312892782329
043386,1086,2070,1178,0.64534502747114275
043386,1087,2070,1144,0.65243244599443007
043386,1091,2070,951,0.66248942876912431
043386,1092,2070,877,0.64570116444759074
043386,1092,2070,880,0.64776691116544416
043386,1093,2070,1128,0.60837893296853629
043386,1094,2070,1174,0.61308769535692242
043386,1095,2070,1105,0.60640978140051871
043386,1096,2070,1100,0.63218782727294864
043386,1096,2070,1108,0.65026181480745016
043386,1098,2070,1102,0.62995094476744184
043386,1099,2070,1021,0.65978358744257737
043386,1100,2070,1257,0.59967448799674483
043386,1101,2070,1093,0.65123620895919176
043386,1101,2070,1095,0.63553084873160037
043386,1101,2070,1098,0.58536010558069385
043386,1101,2070,1099,0.60465221728484631
043386,1102,2070,919,0.62701554101912416
043386,1103,2070,1228,0.64308011428920053
043386,1103,2070,1229,0.61551226551226557
043386,1103,2070,1231,0.63059921192082979
043386,1104,2070,1010,0.61606910424801797
043386,1105,2070,1045,0.63796657067028062
043386,1106,2070,1129,0.62267947879458674
043386,1108,2070,1254,0.63452348187254481
043386,1113,2070,1183,0.6370438234845015
043386,1113,2070,1184,0.64250084071292457
043386,1114,2070,1156,0.56404675534058846
043386,1114,2070,1163,0.6589508286536091
043386,1116,2070,1209,0.62701105715790084
043386,1118,2070,1107,0.62542216763893155
043386,1120,2070,1162,0.64485981308411211
043386,1120,2070,1167,0.64065898706480473
043386,1122,2070,1100,0.61132863482119548
043386,1123,2070,894,0.64989288583415161
043386,1124,2070,762,0.62793914246196403
043386,1124,2070,765,0.62909057198479656
043386,1125,2070,1183,0.60111456435537458
043386,1126,2070,1144,0.58360952094004215
043386,1128,2070,1150,0.65082711644502111
043386,1128,2070,1152,0.60113797050703655
043386,1128,2070,1153,0.58955325990285279
043386,1131,2070,1160,0.6328563904494382
043386,1131,2070,1162,0.64746121297602255
043386,1134,2070,1172,0.60890545538603791
043386,1135,2070,1192,0.64393036928870617
043386,1136,2070,923,0.56747762221712184
043386,1136,2070,927,0.63940169129747604
043386,1137,2070,1136,0.60874810688708059
043386,1137,2070,1138,0.62039498670717808
043386,1138,2070,1110,0.6029385990535725
043386,1141,2070,1368,0.65089838836011493
043386,1142,2070,1242,0.62827708703374774
043386,1142,2070,1244,0.6398257761894125
043386,1142,2070,1245,0.60466127489346899
043386,1142,2070,1247,0.59827891859949767
043386,1143,2070,946,0.63804373383494006
043386,1145,2070,1185,0.60392010453612099
043386,1147,2070,795,0.61738026124818579
043386,1147,2070,799,0.59567283641820912
043386,1149,2070,1261,0.60376486406991892
043386,1151,2070,1437,0.64218374083813579
043386,1151,2070,1438,0.63294983893235157
043386,1153,2070,1109,0.65338529789792277
043386,1153,2070,1111,0.60396281800391394
043386,1154,2070,1346,0.64681892332789559
043386,1156,2070,1323,0.64985966690982822
043386,1156,2070,1324,0.63353367740249555
043386,1158,2070,1233,0.6367754830113258
043386,1158,2070,1236,0.62282954001479607
043386,1159,2070,1303,0.62148031711317664
043386,1161,2070,1318,0.62770679219905856
043386,1161,2070,1322,0.60828577467765799
043386,1161,2070,1326,0.64347983578845691
043386,1161,2070,1329,0.60668789808917201
043386,1163,2070,1113,0.59037969889215036
043386,1164,2070,1150,0.5745939610425852
043386,1164,2070,1152,0.63918721700407888
043386,1165,2070,1182,0.58673385775155684
043386,1167,2070,1323,0.63776455671510779
043386,1168,2070,1318,0.63067081137090597
043386,1169,2070,936,0.63245649534601378
043386,1169,2070,939,0.6303673344313786
043386,1172,2070,1094,0.64719230872519273
043386,1174,2070,1340,0.65464443688329366
043386,1175,2070,1349,0.60907663056956274
043386,1176,2070,1171,0.63863774769288428
043386,1177,2070,994,0.61201586065283575
043386,1179,2070,984,0.64488968102759514
043386,1182,2070,1378,0.59568824809575627
043386,1183,2070,1043,0.63315908448714331
043386,1184,2070,1262,0.65162697621146504
043386,1184,2070,1263,0.60614916035561406
043386,1185,2070,1210,0.59722040120624098
043386,1185,2070,1215,0.64128273398267666
043386,1185,2070,1216,0.62753832570832335
043386,1186,2070,1246,0.64679196370706415
043386,1189,2070,1457,0.62687224669603525
043386,1189,2070,1465,0.61903728460436647
043386,1189,2070,1468,0.63898453707466263
043386,1191,2070,1670,0.64814368660707833
043386,1191,2070,1676,0.63694318915429304
043386,1193,2070,1336,0.65603947769676474
043386,1193,2070,1342,0.62469824356946646
043386,1195,2070,1233,0.60576789114382579
043386,1195,2070,1235,0.64512836217016278
043386,1196,2070,1334,0.62622211080471291
043386,1196,2070,1335,0.63677579842721876
043386,1196,2070,1338,0.60257670791659601
043386,1197,2070,1212,0.64755738241606342
043386,1197,2070,1217,0.6210911443067656
043386,1200,2070,1230,0.58391139386042235
043386,1204,2070,1427,0.647321775032207
043386,1204,2070,1429,0.63770845313398505
043386,1204,2070,1434,0.63816197995209789
043386,1205,2070,1275,0.62473040977713878
043386,1206,2070,1205,0.63653144099429837
043386,1207,2070,1356,0.63062560310650717
043386,1209,2070,989,0.6196256486286138
043386,1209,2070,990,0.65107117563739381
043386,1209,2070,998,0.5914255635822413
043386,1210,2070,1268,0.654152622936652
043386,1211,2070,1597,0.62947745863369808
043386,1211,2070,1600,0.65521549031855086
043386,1212,2070,1211,0.63227390824643204
043386,1212,2070,1216,0.59997187192349166
043386,1213,2070,1146,0.64392280872456009
043386,1214,2070,1198,0.62612031857597372
043386,1215,2070,1474,0.62493237499033927
043386,1215,2070,1476,0.62430981206625802
043386,1216,2070,1332,0.59658426590947056
043386,1216,2070,1335,0.60268929085961265
043386,1216,2070,1338,0.58866436324294136
043386,1219,2070,961,0.62770394457797252
043386,1219,2070,966,0.64820901342543591
043386,1220,2070,1552,0.62016047581640665
043386,1221,2070,1163,0.64686156152601881
043386,1224,2070,1378,0.59475856376392899
043386,1225,2070,1362,0.58786390740091199
043386,1226,2070,1321,0.61145104895104896
043386,1227,2070,1066,0.63892100960963361
043386,1227,2070,1067,0.66090206512099325
043386,1227,2070,1069,0.64314744974552374
043386,1228,2070,1086,0.63143507972665147
043386,1228,2070,1087,0.63163621022714656
043386,1229,2070,1164,0.60482863882336613
043386,1229,2070,1171,0.61025902414160604
043386,1230,2070,1041,0.59200276960360043
043386,1230,2070,1047,0.64831336285491015
043386,1231,2070,937,0.63545004369356251
043386,1232,2070,1050,0.62247300479012746
043386,1233,2070,898,0.63053471336635136
043386,1234,2070,1285,0.63325306602452824
043386,1234,2070,1286,0.64149231426131514
043386,1236,2070,965,0.63754731894005578
043386,1236,2070,967,0.63029515768203792
043386,1236,2070,973,0.646183223056086
043386,1237,2070,982,0.6162803552345506
043386,1237,2070,985,0.64689457582673726
043386,1237,2070,986,0.64141875330417653
043386,1238,2070,975,0.6303478118876551
043386,1238,2070,982,0.64833081548624072
043386,1242,2070,1066,0.60103235553317391
043386,1243,2070,1042,0.65463209016768986
043386,1243,2070,1045,0.63675264471651016
043386,1244,2070,999,0.65146990328502152
043386,1244,2070,1000,0.6491414964281238
043386,1245,2070,1000,0.62616241189362076
043386,1245,2070,1002,0.63513701102196063
043386,1246,2070,1218,0.64193490939851294
043386,1248,2070,1089,0.60282345518356406
043386,1249,2070,1065,0.61094301563287945
043386,1249,2070,1067,0.59872731557860004
043386,1249,2070,1068,0.59782525753529192
043386,1250,2070,1134,0.60567417130514245
043386,1254,2070,1049,0.6335881556028643
043386,1256,2070,1114,0.6139525864158627
043386,1256,2070,1117,0.63913503873376809
043386,1256,2070,1119,0.65653706968544123
043386,1257,2070,1153,0.63885780323144548
043386,1258,2070,1110,0.64740022061772962
043386,1258,2070,1111,0.64305835010060364
043386,1258,2070,1113,0.63042745131101929
043386,1258,2070,1115,0.63708329668396513
043386,1259,2070,1299,0.63045164772152329
043386,1260,2070,1051,0.63489889999543569
043386,1260,2070,1052,0.64268307793977941
043386,1260,2070,1053,0.60180658529478426
043386,1262,2070,1286,0.64143994844174379
043386,1263,2070,1253,0.65565591912424481
043386,1263,2070,1255,0.57997371656280472
043386,1263,2070,1259,0.63532209252053606
043386,1264,2070,929,0.5810779320217051
043386,1264,2070,930,0.6318343759643168
043386,1265,2070,1178,0.60505065335486707
043386,1267,2070,887,0.63812504657575075
043386,1270,2070,1173,0.61813407250711216
043386,1270,2070,1174,0.61171390209384191
043386,1272,2070,1192,0.64590588445396913
043386,1274,2070,1235,0.5947654473268319
043386,1276,2070,1208,0.63539308963445162
043386,1277,2070,1237,0.61704834605597969
043386,1278,2070,1357,0.65261886600559371
043386,1280,2070,1040,0.60737993865311546
043386,1280,2070,1041,0.63723890339425593
043386,1281,2070,865,0.60008509833585477
043386,1282,2070,1136,0.63758973243419625
043386,1282,2070,1141,0.63477974294188733
043386,1284,2070,909,0.62470400618566668
043386,1285,2070,1000,0.62885029123156844
043386,1289,2070,1281,0.62227815276665521
043386,1290,2070,868,0.64025299117753698
043386,1290,2070,872,0.62156440486184616
043386,1291,2070,769,0.5885533184190902
043386,1292,2070,1085,0.60302771450265757
043386,1294,2070,1092,0.63840377226685296
043386,1295,2070,1042,0.64512929507616013
043386,1295,2070,1046,0.61461180468346011
043386,1296,2070,1192,0.62478808428190846
043386,1296,2070,1196,0.61777885430543777
043386,1296,2070,1200,0.62030801111477418
043386,1297,2070,899,0.60890050283089836
043386,1298,2070,1020,0.59979399141630896
043386,1298,2070,1029,0.61624727744566477
043386,1300,2070,1004,0.64787179921994231
043386,1300,2070,1005,0.64772508888248292
043386,1300,2070,1007,0.62850532161036554
043386,1301,2070,1198,0.61754966887417218
043386,1301,2070,1203,0.64561005532279347
043386,1302,2070,875,0.64231533321293122
043386,1302,2070,877,0.60510374072391337
043386,1304,2070,1086,0.64120940161631124
043386,1304,2070,1087,0.63532589983314347
043386,1305,2070,1166,0.60781504037036016
043386,1306,2070,823,0.64367786677585281
043386,1307,2070,1075,0.62904650165266318
043386,1308,2070,1374,0.62248369719308194
043386,1308,2070,1376,0.63757340524737249
043386,1308,2070,1377,0.5812746706878964
043386,1310,2070,1164,0.63767549124061007
043386,1311,2070,1044,0.60663847780126845
043386,1311,2070,1048,0.59439391942357545
043386,1312,2070,922,0.62707652662095625
043386,1313,2070,805,0.64351803960782961
043386,1316,2070,1139,0.6267139939706311
043386,1317,2070,1157,0.6463002763279091
043386,1318,2070,1242,0.62258928908402422
043386,1319,2070,812,0.62428137717201726
043386,1320,2070,1045,0.62983905464656187
043386,1321,2070,1016,0.66091006512241368
043386,1322,2070,1053,0.63954332741649189
043386,1325,2070,1299,0.63198013313558443
043386,1328,2070,1021,0.60248626770742986
043386,1329,2070,1148,0.62511059989382411
043386,1329,2070,1149,0.62578264294895714
043386,1330,2070,897,0.60741705325411677
043386,1331,2070,1203,0.62745928121031169
043386,1331,2070,1204,0.62522484835808412
043386,1331,2070,1205,0.64433811802232854
043386,1333,2070,1273,0.60734006986965183
043386,1334,2070,1150,0.63181533319406724
043386,1335,2070,1104,0.62669349088316184
043386,1336,2070,1189,0.62964712830355829
043386,1336,2070,1190,0.64554859848739876
043386,1337,2070,878,0.6338097213318753
043386,1337,2070,881,0.60471999684281152
043386,1338,2070,1058,0.58763443279485217
043386,1338,2070,1059,0.63857574477762258
043386,1339,2070,1185,0.64547447541497027
043386,1339,2070,1186,0.63321267960952066
043386,1340,2070,1154,0.62463361896372227
043386,1340,2070,1160,0.61542064492884163
043386,1341,2070,912,0.62773605365677332
043386,1342,2070,1271,0.62257674643461447
043386,1345,2070,895,0.63719584020462428
043386,1345,2070,897,0.62159655760813115
043386,1348,2070,1135,0.64779249825978802
043386,1351,2070,982,0.58137436267653297
043386,1353,2070,1045,0.64410943027409462
043386,1353,2070,1050,0.6185465545440072
043386,1353,2070,1051,0.64119147385680453
043386,1353,2070,1055,0.65306375974409148
043386,1353,2070,1057,0.6207992178907491
043386,1353,2070,1058,0.60234097734097736
043386,1354,2070,1080,0.64551786795881283
043386,1354,2070,1081,0.62833099579242635
043386,1359,2070,1190,0.56906387760394161
043386,1359,2070,1191,0.62981182538924441
043386,1359,2070,1194,0.59592702934334574
043386,1360,2070,1029,0.61606354810238306
043386,1361,2070,853,0.62307178576664335
043386,1362,2070,1166,0.62731582388840457
043386,1364,2070,988,0.62225342491746038
043386,1364,2070,990,0.6051176264044944
043386,1365,2070,1042,0.60972418670438477
043386,1366,2070,1209,0.63611134471448993
043386,1367,2070,1202,0.62346557552037007
043386,1368,2070,1342,0.648361956992351
043386,1369,2070,1021,0.62702702702702706
043386,1369,2070,1024,0.62919543921631604
043386,1370,2070,1167,0.6386600768808347
043386,1370,2070,1170,0.63854668809141224
043386,1371,2070,1160,0.59762532981530347
043386,1372,2070,1064,0.61113480528854036
043386,1375,2070,1125,0.63229716179099271
043386,1377,2070,1087,0.60744558991981668
043386,1377,2070,1096,0.63582127850659143
043386,1378,2070,744,0.638000867929987
043386,1378,2070,747,0.60119406255135022
043386,1378,2070,751,0.59374660338393537
043386,1379,2070,912,0.63573989527715447
043386,1381,2070,844,0.63749541416107058
043386,1381,2070,848,0.6116366232375513
043386,1383,2070,1247,0.56742980181922043
043386,1383,2070,1250,0.65727286516001815
043386,1384,2070,1148,0.61391710614801964
043386,1384,2070,1153,0.62901990811638586
043386,1385,2070,1084,0.58985270049099836
043386,1385,2070,1086,0.61152263374485594
043386,1386,2070,870,0.58552904995428479
043386,1387,2070,1306,0.63106623634264059
043386,1389,2070,1224,0.63744427934621095
043386,1389,2070,1227,0.64559806407006226
043386,1390,2070,1129,0.66294348496162947
043386,1392,2070,1203,0.60365275142314989
043386,1392,2070,1211,0.62096037579922581
043386,1394,2070,785,0.67276826453379135
043386,1396,2070,1144,0.63219853155321204
043386,1396,2070,1145,0.62039032743807021
043386,1397,2070,1297,0.64045245627648784
043386,1397,2070,1298,0.65432028792473151
043386,1397,2070,1300,0.63344516427579822
043386,1398,2070,1031,0.64677830641689393
043386,1398,2070,1032,0.62105547064640831
043386,1398,2070,1033,0.61883838677762903
043386,1401,2070,1237,0.60122863247863245
043386,1402,2070,1190,0.65536391306669517
043386,1403,2070,1042,0.63509286025422718
043386,1404,2070,978,0.60383035352658687
043386,1404,2070,981,0.63459688020925098
043386,1404,2070,982,0.58355882942473447
043386,1404,2070,983,0.63235594456601019
043386,1404,2070,985,0.64444613396183381
043386,1405,2070,1210,0.62668822938065472
043386,1409,2070,1156,0.62563085019195097
043386,1409,2070,1159,0.64805606443921027
043386,1409,2070,1160,0.63402691080593698
043386,1409,2070,1161,0.61777456647398843
043386,1410,2070,989,0.63339514926729934
043386,1410,2070,991,0.63659553702142757
043386,1411,2070,838,0.63576720356787442
043386,1411,2070,845,0.65260225079214773
043386,1411,2070,847,0.64793331742812832
043386,1413,2070,1270,0.61657790176684424
043386,1414,2070,1062,0.59810035102209369
043386,1415,2070,1019,0.61045350479809046
043386,1416,2070,1118,0.64808400184500181
043386,1416,2070,1120,0.63808189083746825
043386,1416,2070,1121,0.5839512130917387
043386,1416,2070,1123,0.5999929296143105
043386,1416,2070,1126,0.62906480098524753
043386,1416,2070,1128,0.59956288307122152
043386,1419,2070,965,0.64572101662664794
043386,1420,2070,1201,0.63527467988434527
043386,1420,2070,1206,0.60880840599150454
043386,1421,2070,1315,0.64068410846552437
043386,1421,2070,1318,0.59536264252968141
043386,1422,2070,1081,0.62733223493788126
043386,1423,2070,1278,0.64056325700531591
043386,1425,2070,857,0.63032084251775655
043386,1425,2070,858,0.63133085949252832
043386,1425,2070,861,0.62898082401462652
043386,1425,2070,862,0.59455290431429264
043386,1426,2070,963,0.60068243858052772
043386,1427,2070,1312,0.60552261991567069
043386,1427,2070,1315,0.65534388410799027
043386,1428,2070,1114,0.61369958275382475
043386,1429,2070,1025,0.63089582626399732
043386,1430,2070,1389,0.63641443692064958
043386,1430,2070,1390,0.62828027775272788
043386,1431,2070,1430,0.59392226803168569
043386,1433,2070,1323,0.61097300018880984
043386,1433,2070,1330,0.63053345002340588
043386,1433,2070,1333,0.63369022818661891
043386,1435,2070,1107,0.61944351001970299
043386,1435,2070,1110,0.64739234995699269
043386,1437,2070,1387,0.62468988330423592
043386,1438,2070,1449,0.59897494305239185
043386,1439,2070,1169,0.61886417791898329
043386,1441,2070,1305,0.63406484496672799
043386,1442,2070,1406,0.62309793211080766
043386,1442,2070,1408,0.65346411720884034
043386,1443,2070,1032,0.64406196213425126
043386,1443,2070,1036,0.62037484423874067
043386,1444,2070,1421,0.61003442259631258
043386,1444,2070,1422,0.6552480041879335
043386,1445,2070,1447,0.64548025794773167
043386,1445,2070,1451,0.61747336729967572
043386,1446,2070,1480,0.63472573839662449
043386,1446,2070,1482,0.63480999221569601
043386,1446,2070,1485,0.62921730262598796
043386,1446,2070,1487,0.64563106796116509
043386,1447,2070,841,0.65717197367102143
043386,1447,2070,842,0.65088946600843844
043386,1447,2070,846,0.61525713137806348
043386,1448,2070,1318,0.61846076458752519
043386,1449,2070,1589,0.62550739268513256
043386,1449,2070,1590,0.62926139766656286
043386,1451,2070,1394,0.63508948938410248
043386,1451,2070,1401,0.63979292685642186
043386,1453,2070,1506,0.64824492491261632
043386,1454,2070,1173,0.63156029764951371
043386,1456,2070,949,0.61903229513848979
043386,1457,2070,1208,0.65259699858141906
043386,1457,2070,1209,0.6117564567021152
043386,1457,2070,1214,0.6328666383821242
043386,1458,2070,1234,0.63077749223274904
043386,1459,2070,1282,0.61252099272252281
043386,1462,2070,1030,0.60632213608957797
043386,1463,2070,1353,0.64071646570270679
043386,1464,2070,1167,0.63973150897121467
043386,1464,2070,1174,0.58689563340832918
043386,1467,2070,1216,0.64571117305905346
043386,1471,2070,902,0.66219995264515219
043386,1471,2070,911,0.60227837801184392
043386,1472,2070,1283,0.61854409153679224
043386,1473,2070,1213,0.60733108589335738
043386,1473,2070,1214,0.62801947157333982
043386,1474,2070,1440,0.6159534920509373
043386,1476,2070,1211,0.60493561462032353
043386,1476,2070,1212,0.5930447317446732
043386,1479,2070,1131,0.61961337092227142
043386,1481,2070,1478,0.58453219565433079
043386,1482,2070,1259,0.63731767197804845
043386,1482,2070,1261,0.63119045575487087
043386,1482,2070,1268,0.62488545246277205
043386,1484,2070,1261,0.64241411538134752
043386,1484,2070,1264,0.6285203896502638
043386,1484,2070,1267,0.59640456007015497
043386,1486,2070,915,0.62673425827107787
043386,1486,2070,919,0.61094564408041696
043386,1486,2070,920,0.62303590472804837
043386,1488,2070,968,0.60753098998132116
043386,1488,2070,970,0.62689022461246446
043386,1489,2070,1223,0.62914903620122242
043386,1489,2070,1227,0.59847080630213156
043386,1490,2070,1143,0.62061368370453451
043386,1490,2070,1146,0.62312370102378567
043386,1491,2070,1217,0.64712703753307421
043386,1491,2070,1222,0.63226956099141418
043386,1492,2070,1264,0.64887711085749655
043386,1497,2070,1374,0.64789212345438618
043386,1498,2070,1298,0.62485345838218054
043386,1500,2070,1289,0.64784348599377506
043386,1502,2070,1284,0.64149330293530915
043386,1503,2070,1343,0.64367604909237897
043386,1503,2070,1349,0.64609262187994221
043386,1504,2070,1413,0.62676695055856657
043386,1505,2070,937,0.65888835284259706
043386,1506,2070,1105,0.62783144570286475
043386,1507,2070,1095,0.6237154150197628
043386,1510,2070,1424,0.63593701759802412
043386,1510,2070,1433,0.6595066064077838
043386,1511,2070,754,0.65204995927233234
043386,1512,2070,1566,0.6150169288986258
043386,1513,2070,1421,0.57015435049856578
043386,1513,2070,1424,0.61951020603967288
043386,1515,2070,1330,0.63963163134689238
043386,1515,2070,1333,0.6081481481481481
043386,1515,2070,1337,0.64111470435581108
043386,1518,2070,807,0.61871260437898612
043386,1519,2070,1167,0.63787568623801993
043386,1519,2070,1169,0.6092143642710276
043386,1519,2070,1171,0.57986053461730036
043386,1520,2070,702,0.64467218175083341
043386,1521,2070,864,0.65695211195275394
043386,1524,2070,1099,0.59962173314993128
043386,1526,2070,1264,0.63535977675901933
043386,1526,2070,1265,0.63660175941484631
043386,1527,2070,1265,0.63054874236521907
043386,1528,2070,1133,0.58947570578067987
043386,1529,2070,1217,0.64887929766050323
043386,1529,2070,1219,0.62835734655458431
043386,1530,2070,722,0.60915272927770625
043386,1531,2070,1107,0.64977019041365724
043386,1531,2070,1108,0.63527605171059209
043386,1531,2070,1110,0.64346481051817483
043386,1533,2070,1132,0.60676086743204793
043386,1537,2070,1025,0.63744405581255403
043386,1537,2070,1026,0.61111111111111116
043386,1538,2070,1163,0.62625259546808698
043386,1538,2070,1164,0.63104988243462889
043386,1539,2070,1304,0.64291080453489957
043386,1540,2070,1162,0.62596937760986282
043386,1543,2070,1183,0.63358864609146204
043386,1546,2070,1393,0.59740787388778283
043386,1548,2070,1119,0.61204435554347192
043386,1548,2070,1120,0.60645664683507261
043386,1548,2070,1122,0.63246980009264864
043386,1549,2070,1005,0.62939176426142807
043386,1549,2070,1006,0.64475323430761855
043386,1549,2070,1008,0.63728799257446633
043386,1549,2070,1009,0.64125699419817062
043386,1550,2070,937,0.64656015650472776
043386,1550,2070,943,0.63978325552142046
043386,1554,2070,1154,0.61370438200741506
043386,1554,2070,1155,0.61926114308660152
043386,1555,2070,1294,0.61182689131152956
043386,1555,2070,1298,0.62628800136251384
043386,1556,2070,1229,0.65033941168641018
043386,1556,2070,1236,0.60457187814152713
043386,1557,2070,988,0.6338089546292146
043386,1557,2070,994,0.62128771679733907
043386,1557,2070,996,0.62216338138668237
043386,1559,2070,1299,0.62335295766750776
043386,1560,2070,1098,0.62541016406562622
043386,1561,2070,1012,0.63646161141526925
043386,1561,2070,1013,0.62387690321192235
043386,1563,2070,896,0.61927722346875447
043386,1565,2070,1025,0.60114784423469148
043386,1566,2070,1313,0.6376112482237678
043386,1567,2070,1092,0.6313453163620466
043386,1568,2070,747,0.56506539926941357
043386,1568,2070,750,0.6483418378510849
043386,1570,2070,1016,0.64358030372756558
043386,1571,2070,1090,0.63549759526452088
043386,1572,2070,1017,0.64565009956853636
043386,1572,2070,1019,0.63973725198076792
043386,1573,2070,1030,0.65986919407126376
043386,1573,2070,1036,0.65757434094188905
043386,1575,2070,883,0.60380622837370246
043386,1575,2070,885,0.65072990561059973
043386,1576,2070,952,0.61789050975249959
043386,1576,2070,958,0.6430456087448172
043386,1576,2070,961,0.64104301803982311
043386,1577,2070,1176,0.63866902933648351
043386,1580,2070,1067,0.63289712297211198
043386,1580,2070,1068,0.62645531332039717
043386,1581,2070,1299,0.62570379436964507
043386,1581,2070,1305,0.65389035564528653
043386,1581,2070,1307,0.57181353678168967
043386,1582,2070,1056,0.64920744314266021
043386,1583,2070,1114,0.62475264561645016
043386,1586,2070,1225,0.65039232781168266
043386,1586,2070,1229,0.64494732735076088
043386,1590,2070,1155,0.64109158451207315
043386,1591,2070,891,0.64862815781191885
043386,1593,2070,1150,0.57001997004493266
043386,1595,2070,985,0.64200800174249983
043386,1596,2070,1051,0.63245132451324515
043386,1596,2070,1054,0.63144288253352721
043386,1597,2070,1182,0.64683472862383595
043386,1597,2070,1191,0.6406413859641763
043386,1599,2070,1010,0.63881536041738596
043386,1601,2070,1040,0.66094993452201067
043386,1601,2070,1041,0.60620909433574344
043386,1603,2070,956,0.59960921923598376
043386,1604,2070,1042,0.61850230594856559
043386,1605,2070,1093,0.61978299041015716
043386,1605,2070,1100,0.6447019405277119
043386,1606,2070,1038,0.64068762044442928
043386,1606,2070,1041,0.64699249582021079
043386,1606,2070,1050,0.59165808444902168
043386,1607,2070,1040,0.62391822480531234
043386,1608,2070,1256,0.59516399329662439
043386,1608,2070,1257,0.64580238577537696
043386,1609,2070,1062,0.61485482781904122
043386,1609,2070,1063,0.60951048951048947
043386,1612,2070,1260,0.61626589449830038
043386,1613,2070,1056,0.61635955476569082
043386,1614,2070,1031,0.60540192926045011
043386,1616,2070,1080,0.6457319770013269
043386,1616,2070,1084,0.61061477892186555
043386,1616,2070,1086,0.62602859375718289
043386,1616,2070,1087,0.64735462782983744
043386,1617,2070,1028,0.63875803555162269
043386,1618,2070,1252,0.59488253225359489
043386,1619,2070,1085,0.6463065424189478
043386,1620,2070,1202,0.60483344219464408
043386,1622,2070,1082,0.63440546012397991
043386,1623,2070,1167,0.64142950249837061
043386,1624,2070,1190,0.62881581203910131
043386,1624,2070,1191,0.60698111123384513
043386,1624,2070,1192,0.63671559322670979
043386,1625,2070,1011,0.63998142392741042
043386,1625,2070,1012,0.62010584796861423
043386,1625,2070,1015,0.62448245435417093
043386,1625,2070,1017,0.6521266017523123
043386,1626,2070,874,0.63709134636956732
043386,1626,2070,878,0.63799336699632492
043386,1627,2070,1133,0.6429167404111148
043386,1627,2070,1142,0.61387930546914771
043386,1627,2070,1143,0.64224317053432778
043386,1628,2070,1409,0.61367027833646925
043386,1629,2070,1214,0.64373833379819345
043386,1629,2070,1217,0.62607202383958782
043386,1631,2070,1156,0.62163438828530937
043386,1633,2070,863,0.63777013246533854
043386,1635,2070,1187,0.64566615823330464
043386,1637,2070,1048,0.63159316278890298
043386,1638,2070,1123,0.60309960309960309
043386,1639,2070,1068,0.61777766100002629
043386,1642,2070,1229,0.59243491692725014
043386,1643,2070,1249,0.65369978858350952
043386,1645,2070,837,0.61707608795657376
043386,1647,2070,1047,0.63338171262699561
043386,1647,2070,1050,0.63337505214851897
043386,1649,2070,763,0.59916666666666663
043386,1650,2070,681,0.64074460869284355
043386,1652,2070,1105,0.64442080510609712
043386,1653,2070,997,0.62854236302862954
043386,1653,2070,999,0.61379905131522206
043386,1653,2070,1002,0.5913593022396334
043386,1655,2070,1218,0.64980338911322322
043386,1656,2070,1106,0.60535266738274252
043386,1662,2070,1056,0.61889215366198713
043386,1662,2070,1065,0.59561198851399855
043386,1663,2070,988,0.62877285745758982
043386,1667,2070,1185,0.63637262658227844
043386,1668,2070,1039,0.61130200594353645
043386,1672,2070,1146,0.65687656365622471
043386,1674,2070,1392,0.63610721778721846
043386,1674,2070,1393,0.65182230149930098
043386,1674,2070,1402,0.63831959702164642
043386,1678,2070,1051,0.61503271758642653
043386,1682,2070,891,0.6301859799713877
043386,1684,2070,937,0.64177635388119036
043386,1685,2070,1216,0.61772662175781046
043386,1686,2070,1011,0.6480762860252709
043386,1687,2070,1215,0.65866618902621055
043386,1688,2070,941,0.64128202147037161
043386,1688,2070,946,0.61918393831825647
043386,1689,2070,1026,0.59637025331609439
043386,1690,2070,1311,0.63826466392548464
043386,1691,2070,792,0.64274773789144457
043386,1692,2070,1175,0.62332886154415501
043386,1692,2070,1178,0.63036844484629295
043386,1692,2070,1179,0.63820874682092454
043386,1693,2070,1119,0.62951408974464917
043386,1694,2070,996,0.63799908214777423
043386,1695,2070,1023,0.64196222651623758
043386,1695,2070,1027,0.65773541156769288
043386,1696,2070,1062,0.60377974463145678
043386,1696,2070,1066,0.62333099086437105
043386,1697,2070,1128,0.63975517341882837
043386,1698,2070,1215,0.65123729098395089
043386,1698,2070,1218,0.63959316957507439
043386,1698,2070,1220,0.60899917358966549
043386,1699,2070,1084,0.62019345309000806
043386,1699,2070,1085,0.62899835496252965
043386,1699,2070,1086,0.58806453953893423
043386,1700,2070,1035,0.62119047619047618
043386,1700,2070,1037,0.57651982180623673
043386,1700,2070,1040,0.6275812209118431
043386,1702,2070,1116,0.59554226692035883
043386,1703,2070,974,0.60727308084982257
043386,1703,2070,977,0.63356625694561375
043386,1704,2070,1191,0.6411544573742759
043386,1704,2070,1201,0.61010587102983638
043386,1706,2070,948,0.6324721510381256
043386,1706,2070,950,0.61098410624863919
043386,1706,2070,956,0.64589867955995528
043386,1708,2070,1167,0.61672526368658964
043386,1708,2070,1171,0.62226318846435513
043386,1709,2070,1012,0.63713475329123404
043386,1709,2070,1014,0.60697942950006412
043386,1709,2070,1017,0.60384374347190306
043386,1710,2070,1132,0.63400914297367572
043386,1711,2070,1019,0.5764214145965495
043386,1712,2070,1199,0.60753814461785549
043386,1714,2070,1070,0.64518490756800573
043386,1714,2070,1073,0.59906898011002963
043386,1715,2070,1029,0.64962640688546303
043386,1716,2070,1261,0.62699203187250996
043386,1716,2070,1264,0.64801803610308994
043386,1716,2070,1265,0.62311491313166945
043386,1717,2070,1187,0.6591190372352338
043386,1717,2070,1189,0.648746767455739
043386,1717,2070,1192,0.62902734745777888
043386,1718,2070,1319,0.62250593576873414
043386,1721,2070,1234,0.65441187631870545
043386,1722,2070,1337,0.61936170212765962
043386,1723,2070,1307,0.58712979604594828
043386,1726,2070,1331,0.63468693409427646
043386,1726,2070,1336,0.60732442101299189
043386,1727,2070,1146,0.64681374729413155
043386,1727,2070,1147,0.59388038942976351
043386,1728,2070,1325,0.62565151150669551
043386,1729,2070,1081,0.60349995591995065
043386,1730,2070,1202,0.63437788423504593
043386,1731,2070,992,0.59654421465926977
043386,1732,2070,1134,0.61761394343361553
043386,1733,2070,1044,0.62635257974508796
043386,1735,2070,1414,0.64320099137314712
043386,1735,2070,1416,0.63577042859261457
043386,1736,2070,1310,0.59452391330189802
043386,1737,2070,1379,0.65087213042439396
043386,1737,2070,1380,0.60299918268718244
043386,1738,2070,1164,0.59510273845353545
043386,1738,2070,1166,0.65632432762090631
043386,1740,2070,1312,0.6448989812459639
043386,1740,2070,1313,0.64768007980655584
043386,1740,2070,1317,0.62875547279955712
043386,1744,2070,1256,0.64377841470646369
043386,1744,2070,1257,0.63450639853747715
043386,1745,2070,1312,0.6047671166241031
043386,1745,2070,1313,0.62166433874880545
043386,1745,2070,1316,0.64573106390787727
043386,1748,2070,1127,0.61176695046624219
043386,1748,2070,1129,0.60854810429667616
043386,1749,2070,1087,0.64389567684322513
043386,1749,2070,1094,0.62071116656269498
043386,1749,2070,1097,0.62865392675846443
043386,1749,2070,1098,0.64062018111980257
043386,1749,2070,1099,0.6230500356010098
043386,1750,2070,1322,0.64953253622378659
043386,1750,2070,1323,0.62568632131773694
043386,1752,2070,1119,0.62593509709370521
043386,1752,2070,1121,0.6297047489351838
043386,1752,2070,1126,0.62244873076641716
043386,1754,2070,1009,0.63242928276300459
043386,1754,2070,1010,0.61685823754789271
043386,1756,2070,1014,0.63324735270160193
043386,1757,2070,1335,0.61504912110665666
043386,1758,2070,1230,0.61640329853353371
043386,1760,2070,1359,0.61849980469488297
043386,1761,2070,1505,0.61706273764258557
043386,1761,2070,1506,0.60784857244683799
043386,1765,2070,1106,0.60196083074809958
043386,1766,2070,1339,0.6466314639475601
043386,1767,2070,1304,0.61187080536912752
043386,1768,2070,1339,0.6289391753360164
043386,1769,2070,1375,0.64213809726357574
043386,1769,2070,1376,0.64061213913361581
043386,1769,2070,1378,0.62767313411698056
043386,1770,2070,1184,0.6216666666666667
043386,1771,2070,1073,0.62766484878532469
043386,1771,2070,1074,0.65594874091962529
043386,1772,2070,1349,0.65192124975141963
043386,1772,2070,1353,0.63458568053788844
043386,1772,2070,1355,0.59870284096099391
043386,1772,2070,1359,0.61919263695733084
043386,1773,2070,1205,0.60976025451653226
043386,1773,2070,1213,0.59907214103456274
043386,1775,2070,993,0.59431862032117311
043386,1778,2070,1183,0.64450449610958394
043386,1778,2070,1184,0.61099225952001246
043386,1780,2070,886,0.62206524606501157
043386,1780,2070,887,0.61329113924050638
043386,1780,2070,889,0.63822608837039141
043386,1781,2070,1239,0.62074055060001287
043386,1782,2070,1311,0.60419040071325969
043386,1782,2070,1314,0.60166640588327336
043386,1783,2070,1217,0.59145450115726639
043386,1783,2070,1220,0.64146813704857308
043386,1784,2070,1042,0.62103556591346643
043386,1784,2070,1043,0.62601871415635379
043386,1784,2070,1044,0.6454674518876854
043386,1787,2070,1246,0.60129741330255093
043386,1788,2070,1299,0.65172005964930324
043386,1788,2070,1300,0.64218307948688136
043386,1788,2070,1305,0.58343537414965985
043386,1793,2070,1350,0.62042201152630605
043386,1794,2070,1061,0.61596205213226485
043386,1795,2070,1320,0.61788572698977329
043386,1796,2070,1266,0.59875240803595997
043386,1796,2070,1268,0.64512413302943405
043386,1798,2070,1110,0.63498579096937169
043386,1798,2070,1113,0.62739943455185754
043386,1799,2070,1451,0.63150334425640797
043386,1800,2070,1429,0.63182661167547816
043386,1801,2070,1288,0.63106013639181646
043386,1802,2070,1285,0.65831727681438668
043386,1803,2070,1123,0.61109096702596388
043386,1804,2070,1125,0.64302510809375713
043386,1804,2070,1128,0.60210915249018548
043386,1804,2070,1129,0.58339905362776023
043386,1804,2070,1135,0.58406198597524028
043386,1804,2070,1136,0.64312009446412444
043386,1804,2070,1137,0.62004927982007907
043386,1805,2070,1185,0.63695667341100959
043386,1805,2070,1188,0.64216857791255799
043386,1806,2070,1155,0.64554489573160223
043386,1806,2070,1157,0.64199424019149498
043386,1806,2070,1159,0.61977186311787069
043386,1807,2070,1018,0.60412837551251242
043386,1808,2070,1004,0.61348335765736073
043386,1810,2070,1113,0.64917124092786505
043386,1812,2070,1277,0.63063427552090034
043386,1813,2070,1030,0.64537204777241008
043386,1813,2070,1034,0.61279654924514737
043386,1814,2070,1113,0.62561289382979757
043386,1818,2070,1016,0.64406779661016944
043386,1818,2070,1018,0.638114224870302
043386,1819,2070,1194,0.64703613218464706
043386,1820,2070,1136,0.6447680822420756
043386,1821,2070,940,0.60958982366606995
043386,1821,2070,944,0.61324821080026026
043386,1825,2070,999,0.65247858017135862
043386,1827,2070,1234,0.62273001118857041
043386,1827,2070,1236,0.60912196636940419
043386,1827,2070,1239,0.63309100025068943
043386,1827,2070,1240,0.6132958048518965
043386,1828,2070,1045,0.64624568017593464
043386,1828,2070,1046,0.5861483880919327
043386,1828,2070,1047,0.6411290322580645
043386,1828,2070,1051,0.64452755373315906
043386,1829,2070,1233,0.63642659279778391
043386,1829,2070,1235,0.64829716329350562
043386,1829,2070,1239,0.6478246776633293
043386,1831,2070,1121,0.63608752064166074
043386,1833,2070,1033,0.65218246718569939
043386,1834,2070,1231,0.64668417764290365
043386,1834,2070,1234,0.64483151850319398
043386,1835,2070,821,0.63057536063671038
043386,1837,2070,1155,0.61656746031746035
043386,1838,2070,1220,0.60532878876049545
043386,1838,2070,1221,0.63174322183918752
043386,1839,2070,1168,0.61213670358799588
043386,1839,2070,1169,0.63233329284586426
043386,1841,2070,1054,0.63622595387395042
043386,1842,2070,1149,0.62986332931874112
043386,1842,2070,1152,0.63110571081409472
043386,1844,2070,994,0.6450898529678708
043386,1844,2070,995,0.60189705677221372
043386,1847,2070,1037,0.63611657964563895
043386,1848,2070,919,0.64590279684619312
043386,1849,2070,1073,0.61299754561946429
043386,1849,2070,1075,0.58798996645410861
043386,1850,2070,1220,0.61381111272305233
043386,1850,2070,1221,0.62129792962584718
043386,1852,2070,901,0.62900743780456525
043386,1853,2070,1011,0.65224106861931863
043386,1855,2070,1035,0.63385527876631076
043386,1856,2070,837,0.62406305540530094
043386,1857,2070,1151,0.63985926808322025
043386,1857,2070,1155,0.61918784872907628
043386,1861,2070,1159,0.60319815364325746
043386,1862,2070,1032,0.58840769735066134
043386,1862,2070,1035,0.61956568295712511
043386,1863,2070,1105,0.57637766178576377
043386,1864,2070,1319,0.62164440004994381
043386,1865,2070,988,0.62096150125749661
043386,1867,2070,1029,0.62213108289297259
043386,1867,2070,1030,0.6029502036868245
043386,1868,2070,1172,0.61421906433249152
043386,1872,2070,1193,0.6371215445370777
043386,1872,2070,1194,0.61441268734750787
043386,1872,2070,1195,0.64822876653862571
043386,1872,2070,1200,0.62277137804120264
043386,1873,2070,1209,0.59388446397509842
043386,1873,2070,1212,0.63563887835866328
043386,1873,2070,1213,0.63360931671367482
043386,1873,2070,1214,0.61118943385026336
043386,1876,2070,955,0.64429256350096908
043386,1876,2070,960,0.62520605810838659
043386,1878,2070,1056,0.62485746864310143
043386,1882,2070,1260,0.6102844226784705
043386,1882,2070,1264,0.6146023911841042
043386,1883,2070,1294,0.59013636363636368
043386,1883,2070,1297,0.62821152407084058
043386,1884,2070,1205,0.61708280838391938
043386,1885,2070,724,0.63847384615384617
043386,1886,2070,1169,0.62552910566579933
043386,1888,2070,975,0.62554846222628879
043386,1889,2070,899,0.60775321038910879
043386,1890,2070,1116,0.62703098539978941
043386,1890,2070,1119,0.63190601029226134
043386,1893,2070,1154,0.63448750286631506
043386,1897,2070,1180,0.65140371968036204
043386,1898,2070,1094,0.61937973682986935
043386,1899,2070,943,0.61617345443891003
043386,1899,2070,944,0.63880926648183822
043386,1899,2070,945,0.63940637827597091
043386,1900,2070,1117,0.62665368788991638
043386,1900,2070,1122,0.61875300749295392
043386,1903,2070,1156,0.62165333796940192
043386,1903,2070,1159,0.64413148555553768
043386,1904,2070,930,0.60098499493694191
043386,1905,2070,818,0.63091236986638244
043386,1905,2070,819,0.60376552656867277
043386,1905,2070,821,0.62647081742382915
043386,1905,2070,825,0.6303483026874116
043386,1905,2070,827,0.62100021649707726
043386,1906,2070,1077,0.63907907339742454
043386,1906,2070,1078,0.61107905366416615
043386,1907,2070,1103,0.62113032187521355
043386,1908,2070,1196,0.6385513396342527
043386,1909,2070,1116,0.63386071411500411
043386,1909,2070,1119,0.61791336719563361
043386,1910,2070,699,0.64435598671376604
043386,1911,2070,879,0.6234194282974771
043386,1912,2070,1261,0.61037566365908247
043386,1913,2070,1067,0.62833542535530629
043386,1916,2070,1276,0.63374511667194589
043386,1918,2070,1132,0.6441234405778069
043386,1918,2070,1137,0.6332348215310456
043386,1919,2070,1171,0.61673974921147778
043386,1920,2070,1349,0.63855233939771705
043386,1920,2070,1355,0.62237426035502963
043386,1920,2070,1357,0.59981194850282082
043386,1920,2070,1361,0.65102791603549015
043386,1921,2070,1145,0.63015993907083012
043386,1923,2070,904,0.60663004356885775
043386,1925,2070,1167,0.64929736954463602
043386,1925,2070,1169,0.62744188008944768
043386,1928,2070,896,0.62042919980450528
043386,1930,2070,1040,0.62440686739711848
043386,1931,2070,922,0.62030852035177086
043386,1931,2070,930,0.63347187134979488
043386,1933,2070,1174,0.62533231363123198
043386,1934,2070,1047,0.63857210145444687
043386,1937,2070,1079,0.64569903303787268
043386,1938,2070,1070,0.64547291910033189
043386,1938,2070,1072,0.63625880524429068
043386,1939,2070,1181,0.5965086927151847
043386,1940,2070,1278,0.60885574458168257
043386,1940,2070,1282,0.62062478123906195
043386,1941,2070,1288,0.62161387415794755
043386,1942,2070,751,0.62104471296252761
043386,1943,2070,1144,0.62848757028183455
043386,1944,2070,649,0.64767173812816969
043386,1947,2070,1058,0.63207208929894587
043386,1947,2070,1059,0.64824644320027147
043386,1947,2070,1061,0.63926368059387073
043386,1947,2070,1062,0.64545952276995788
043386,1947,2070,1065,0.64203494147206042
043386,1948,2070,1114,0.63644609196308854
043386,1949,2070,1193,0.64852101215737579
043386,1951,2070,1153,0.63622654641417509
043386,1952,2070,1115,0.63343190537084404
043386,1953,2070,888,0.64265470586785622
043386,1953,2070,895,0.62955596021851801
043386,1956,2070,963,0.62510770090585199
043386,1957,2070,1090,0.62947727500752482
043386,1959,2070,1095,0.64105916966328869
043386,1960,2070,984,0.65138546016657828
043386,1960,2070,987,0.66331606749064054
043386,1961,2070,889,0.60769340226722957
043386,1962,2070,1198,0.59221124620060794
043386,1962,2070,1201,0.66077148830874877
043386,1963,2070,974,0.63165347771761771
043386,1964,2070,1114,0.62969848222471225
043386,1965,2070,1031,0.56735724592867454
043386,1969,2070,1168,0.63021884522537497
043386,1970,2070,1218,0.64227470693194677
043386,1970,2070,1220,0.6459112802082565
043386,1970,2070,1222,0.63977451812340891
043386,1971,2070,781,0.64126199040767384
043386,1971,2070,784,0.61277148691293859
043386,1972,2070,989,0.61585632939115198
043386,1972,2070,990,0.62623105634752885
043386,1973,2070,1121,0.61605435895614702
043386,1975,2070,1073,0.63743469340271164
043386,1976,2070,942,0.62956661316211882
043386,1976,2070,943,0.6063981189282841
043386,1976,2070,944,0.64470588235294113
043386,1979,2070,999,0.58685951197898534
043386,1980,2070,996,0.49487647389107242
043386,1980,2070,998,0.63775510204081631
043386,1980,2070,999,0.61245339299030577
043386,1981,2070,1093,0.64834104938271608
043386,1984,2070,1113,0.59800710946902902
043386,1984,2070,1114,0.60685766188547852
043386,1984,2070,1115,0.66006451836692215
043386,1985,2070,1193,0.65014243340871047
043386,1987,2070,1028,0.62952968388589048
043386,1988,2070,1149,0.62608670536926325
043386,1988,2070,1152,0.64178466294998926
043386,1990,2070,975,0.61716777599265549
043386,1990,2070,982,0.64115947904525417
043386,1991,2070,1108,0.63561046810435207
043386,1991,2070,1111,0.63986461223606272
043386,1992,2070,1089,0.62727462873875761
043386,1994,2070,1218,0.58717125828366612
043386,1995,2070,1060,0.63210355856852607
043386,1997,2070,932,0.60238212932231716
043386,1999,2070,1250,0.62495394121481818
043386,1999,2070,1253,0.64371468669783816
043386,2000,2070,1019,0.6563878595376742
043386,2002,2070,1224,0.61276187046041175
043386,2005,2070,835,0.61272428172462601
043386,2005,2070,841,0.62199204854572088
043386,2006,2070,1014,0.64544060323343344
043386,2006,2070,1020,0.63778151695573393
043386,2007,2070,1394,0.60408912001994697
043386,2007,2070,1399,0.62518232720086575
043386,2007,2070,1400,0.59796173044925127
043386,2008,2070,1234,0.63773181463053574
043386,2008,2070,1238,0.6204477234096416
043386,2008,2070,1242,0.64421790766486964
043386,2011,2070,1481,0.64406921515703142
043386,2011,2070,1493,0.62770070502615416
043386,2012,2070,1396,0.60247782878024869
043386,2014,2070,1235,0.61263743370844648
043386,2014,2070,1240,0.61240783738645155
043386,2015,2070,1056,0.64940872930552573
043386,2017,2070,1004,0.64232038588474227
043386,2020,2070,764,0.64281712022616422
043386,2021,2070,1247,0.63093349603416715
043386,2023,2070,1238,0.58117955913637809
043386,2025,2070,1382,0.65524549629106321
043386,2025,2070,1383,0.63658174340226203
043386,2028,2070,1052,0.65090714528916771
043386,2028,2070,1056,0.65086218244043703
043386,2029,2070,1065,0.59546817727424195
043386,2030,2070,1272,0.64149338374291121
043386,2031,2070,870,0.6345848399851306
043386,2032,2070,1353,0.63449831698059156
043386,2033,2070,1120,0.627489594056304
043386,2033,2070,1121,0.61914910728647254
043386,2033,2070,1124,0.6434692810106889
043386,2034,2070,1037,0.60016132093376351
043386,2034,2070,1040,0.61638200840561563
043386,2035,2070,980,0.5905479408692349
043386,2035,2070,982,0.64084402453931655
043386,2035,2070,991,0.64955461270186821
043386,2037,2070,1070,0.60584963215503318
043386,2038,2070,1373,0.63937386118933248
043386,2038,2070,1379,0.65655829596412552
043386,2039,2070,1281,0.59857199523998417
043386,2039,2070,1285,0.63117378568022342
043386,2041,2070,1261,0.63649025069637888
043386,2042,2070,1424,0.61641549773165771
043386,2042,2070,1426,0.61820380522412122
043386,2043,2070,1071,0.61130121150467032
043386,2044,2070,1111,0.60538853986591901
043386,2046,2070,1121,0.62630814681287872
043386,2046,2070,1127,0.46209614636045154
043386,2055,2070,1224,0.62979041916167666
043386,2055,2070,1225,0.62944611573172893
043386,2055,2070,1229,0.65568638025046433
043386,2056,2070,1390,0.65328998991144493
043386,2056,2070,1395,0.62188266446725848
043386,2056,2070,1402,0.62442314518991837
043386,2057,2070,1330,0.61549138124020597
043386,2059,2070,1530,0.65279453022437539
043386,2059,2070,1532,0.62878901899400985
043386,2062,2070,1230,0.61103927590108287
043386,2063,2070,1507,0.60231164383561642
043386,2064,2070,1353,0.6039553752535497
043386,2065,2070,1326,0.65345691856615906
043386,2065,2070,1327,0.61060625317742756
043386,2066,2070,1381,0.64365950707323516
043386,2067,2070,1157,0.58633093525179858
043386,2067,2070,1162,0.61432272954906697
043386,2068,2070,1268,0.64741159440270213
043386,2072,2070,1323,0.62603889983720329
043386,2073,2070,1171,0.62030603891605973
043386,2073,2070,1173,0.58241758241758246
043386,2073,2070,1177,0.61231140076778856
043386,2074,2070,858,0.64103272888102614
043386,2078,2070,923,0.63200376146070059
043386,2078,2070,925,0.59728214847372874
043386,2079,2070,1228,0.64106145251396651
043386,2079,2070,1230,0.66026753434562546
043386,2081,2070,1081,0.65480470665141366
043386,2082,2070,1007,0.60906333302693261
043386,2082,2070,1010,0.65258313078554064
043386,2082,2070,1012,0.65075167719504434
043386,2084,2070,1335,0.62319247205076189
043386,2084,2070,1336,0.63988541808757327
043386,2085,2070,1238,0.61150676759014133
043386,2085,2070,1241,0.63755702143021231
043386,2086,2070,1117,0.59122759122759128
043386,2087,2070,1166,0.60865680177282155
043386,2087,2070,1169,0.58652822151224704
043386,2090,2070,1180,0.63559525579586651
043386,2090,2070,1181,0.61241215118009296
043386,2091,2070,1017,0.63746223564954685
043386,2092,2070,1195,0.61586260131223469
043386,2092,2070,1200,0.6388729977116705
043386,2092,2070,1201,0.64181371131038467
043386,2093,2070,1036,0.61902913224423872
043386,2096,2070,998,0.64422899694031777
043386,2097,2070,1021,0.6176249530251785
043386,2098,2070,1059,0.6454500890115844
043386,2098,2070,1060,0.56594226940942272
043386,2099,2070,1065,0.65534626709151778
043386,2101,2070,1177,0.64991210644409825
043386,2101,2070,1183,0.64436001496704376
043386,2103,2070,1059,0.6152586005148607
043386,2105,2070,949,0.64128856224970299
043386,2105,2070,955,0.63634843671626817
043386,2107,2070,972,0.62783523157220744
043386,2107,2070,975,0.58938695960311838
043386,2109,2070,795,0.63546411769098643
043386,2110,2070,966,0.6074294448386921
043386,2112,2070,1030,0.64164113040517534
043386,2112,2070,1031,0.61338002546843728
043386,2112,2070,1035,0.58360587870006209
043386,2112,2070,1036,0.63182905867682249
043386,2113,2070,1074,0.61134265570833168
043386,2115,2070,1186,0.64807177582345554
043386,2116,2070,1089,0.62635904241743656
043386,2117,2070,1126,0.59778961346793658
043386,2118,2070,1043,0.65018685625740591
043386,2118,2070,1048,0.64494211601560081
043386,2119,2070,1139,0.63484592485316593
043386,2120,2070,1094,0.62515008774360392
043386,2122,2070,874,0.6274014375952951
043386,2128,2070,1080,0.608433491157784
043386,2129,2070,900,0.62250474275844492
043386,2136,2070,1065,0.60742685671417851
043386,2136,2070,1068,0.64364044555737843
043386,2137,2070,1131,0.6497984644913628
043386,2138,2070,1025,0.64505530363552488
043386,2138,2070,1027,0.60969766661875324
043386,2138,2070,1029,0.63989563496228763
043386,2139,2070,1069,0.60169721043603863
043386,2139,2070,1071,0.60709010339734126
043386,2143,2070,982,0.63654613063160159
043386,2144,2070,1250,0.61640865311885429
043386,2146,2070,862,0.63781477576441159
043386,2148,2070,1000,0.60788624029676441
043386,2151,2070,1127,0.64112626312175025
043386,2154,2070,1372,0.63254181600955794
043386,2154,2070,1377,0.58172486401123003
043386,2156,2070,1296,0.61855491900434612
043386,2156,2070,1297,0.59701024461634955
043386,2159,2070,1032,0.59951546775997022
043386,2160,2070,1250,0.61455087386532992
043386,2161,2070,1180,0.61175546416524185
043386,2162,2070,1182,0.61129939294625901
043386,2164,2070,985,0.64015544856666351
043386,2167,2070,1126,0.64003870008158781
043386,2167,2070,1131,0.64711246200607908
043386,2168,2070,1079,0.65127204926277571
043386,2169,2070,1067,0.64498711070856263
043386,2169,2070,1069,0.62236115621955179
043386,2171,2070,1127,0.63033242168776604
043386,2171,2070,1133,0.69242710583153344
043386,2174,2070,950,0.62720488466757118
043386,2175,2070,1266,0.62247957424480926
043386,2176,2070,1081,0.62036619464237397
043386,2178,2070,1275,0.64043217063288782
043386,2180,2070,989,0.58528265107212474
043386,2183,2070,893,0.63536099092220244
043386,2184,2070,944,0.64068697692770959
043386,2184,2070,952,0.60499142845752107
043386,2186,2070,1249,0.61006133229340231
043386,2186,2070,1253,0.64794289549941886
043386,2187,2070,336,0.635962233197787
043386,2191,2070,819,0.60388111029231151
043386,2194,2070,1149,0.617694138005624
043386,2194,2070,1154,0.6298501907509072
043386,2196,2070,1115,0.60701700034852646
043386,2197,2070,995,0.63404217848809052
043386,2199,2070,955,0.6250248420048492
043386,2199,2070,957,0.61969339622641506
043386,2199,2070,959,0.62631098951208386
043386,2200,2070,1168,0.58326210826210823
043386,2201,2070,948,0.64324823451379221
043386,2202,2070,865,0.65132814765320657
043386,2202,2070,867,0.621556926603958
043386,2202,2070,872,0.61119736962279658
043386,2204,2070,725,0.64184311838306063
043386,2205,2070,971,0.61242367932041408
043386,2206,2070,1174,0.58738583656099075
043386,2206,2070,1175,0.56991334024826845
043386,2206,2070,1179,0.59827534939042526
043386,2208,2070,901,0.61519007042527529
043386,2208,2070,902,0.63217097862767158
043386,2209,2070,1210,0.6140193439026822
043386,2209,2070,1211,0.63998773382398033
043386,2210,2070,749,0.63591974709693577
043386,2210,2070,751,0.61005622638031154
043386,2213,2070,793,0.65833285492852633
043386,2219,2070,1261,0.61273873539773782
043386,2220,2070,815,0.60706916659190813
043386,2221,2070,1084,0.61312124919885802
043386,2224,2070,949,0.65519460722875245
043386,2226,2070,769,0.61408391164969878
043386,2226,2070,774,0.63751648574617026
043386,2226,2070,775,0.62411524689815967
043386,2226,2070,777,0.64849387443930284
043386,2227,2070,797,0.62688485859217569
043386,2230,2070,1209,0.61703038083012407
043386,2230,2070,1213,0.63502050808512467
043386,2230,2070,1216,0.6419539807395428
043386,2232,2070,1232,0.6234128536044844
043386,2234,2070,1087,0.63580998781973208
043386,2235,2070,794,0.64101665888214232
043386,2235,2070,798,0.6143455181045272
043386,2235,2070,799,0.63180704243518637
043386,2236,2070,1090,0.62415836793936219
043386,2237,2070,1275,0.61715031475510518
043386,2237,2070,1278,0.63931974533179503
043386,2238,2070,1023,0.64222129382652571
043386,2238,2070,1025,0.61186661280911991
043386,2238,2070,1026,0.63965917442207365
043386,2241,2070,1324,0.658931630587136
043386,2242,2070,1202,0.62455952540256032
043386,2243,2070,1077,0.61718937036150345
043386,2246,2070,984,0.5967058823529412
043386,2248,2070,978,0.64590802460939234
043386,2248,2070,979,0.62803311447330856
043386,2249,2070,1213,0.63259559780798691
043386,2249,2070,1216,0.63381266227281807
043386,2250,2070,1262,0.63325742720391343
043386,2250,2070,1263,0.61775239131420279
043386,2250,2070,1271,0.64248959858981503
043386,2251,2070,1109,0.58362517425453064
043386,2252,2070,960,0.63921076586217929
043386,2253,2070,844,0.63920795142514597
043386,2253,2070,850,0.61338209046188674
043386,2254,2070,1299,0.64287942598658554
043386,2255,2070,950,0.6154896250455042
043386,2255,2070,955,0.61064575083764849
043386,2260,2070,861,0.61700429983598559
043386,2261,2070,1155,0.63472405349406669
043386,2261,2070,1157,0.637061040936446
043386,2264,2070,1003,0.66464564807329563
043386,2266,2070,1184,0.64420062695924762
043386,2266,2070,1186,0.6420052057592831
043386,2268,2070,1214,0.60911012185799718
043386,2269,2070,1136,0.63494747240639071
043386,2269,2070,1140,0.64019401589527813
043386,2271,2070,1161,0.63259031514219832
043386,2275,2070,1219,0.62579811492854975
043386,2276,2070,1064,0.65470445226604734
043386,2277,2070,1095,0.63973580232352423
043386,2277,2070,1101,0.63937942731717046
043386,2277,2070,1102,0.63863090472377904
043386,2279,2070,985,0.63939734481247978
043386,2280,2070,793,0.63644851368852207
043386,2280,2070,795,0.65934924977864284
043386,2281,2070,809,0.64831349206349209
043386,2283,2070,1188,0.61363160320053622
043386,2283,2070,1190,0.64037675203938405
043386,2284,2070,1287,0.59047575812602138
043386,2284,2070,1290,0.60823884778706827
043386,2284,2070,1291,0.60930051396685891
043386,2284,2070,1292,0.65131502216001869
043386,2285,2070,1247,0.59343696027633852
043386,2285,2070,1249,0.61075869978138553
043386,2286,2070,1276,0.61276704618139954
043386,2288,2070,1262,0.59311964631113567
043386,2288,2070,1263,0.65887717017735625
043386,2289,2070,1452,0.62431933099961101
043386,2289,2070,1455,0.6330289631354491
043386,2289,2070,1457,0.65277084373439842
043386,2292,2070,1295,0.62330097087378644
043386,2293,2070,1263,0.63955051103958438
043386,2293,2070,1265,0.65238057388124948
043386,2295,2070,1195,0.63836827195467427
043386,2296,2070,1461,0.59989537468939358
043386,2298,2070,1063,0.62531125769953255
043386,2298,2070,1066,0.62839791787160204
043386,2299,2070,1476,0.62506070908207867
043386,2300,2070,1175,0.61761872651960315
043386,2300,2070,1179,0.6339894910203121
043386,2302,2070,1163,0.6103742398889932
043386,2304,2070,1382,0.63848676582634911
043386,2304,2070,1386,0.60299927779429885
043386,2305,2070,1412,0.59454898320816807
043386,2306,2070,1235,0.62287858186030121
043386,2309,2070,1470,0.62779305331689894
043386,2310,2070,944,0.64117565120490316
043386,2310,2070,948,0.61770866902997101
043386,2312,2070,1246,0.61721472343493411
043386,2312,2070,1252,0.64271098756852751
043386,2313,2070,998,0.64952767057784011
043386,2313,2070,1005,0.64489422501327132
043386,2314,2070,1449,0.63604116245127196
043386,2316,2070,795,0.64698393127571463
043386,2319,2070,1287,0.58902950481936578
043386,2320,2070,1240,0.59086264778864395
043386,2320,2070,1241,0.62521312502174742
043386,2323,2070,1278,0.64275799513488996
043386,2325,2070,1355,0.64096991391800906
043386,2327,2070,1158,0.6285785827560304
043386,2327,2070,1162,0.6207927348406016
043386,2327,2070,1163,0.62769041234872092
043386,2328,2070,721,0.63701598247984714
043386,2328,2070,727,0.59906197654941373
043386,2329,2070,1310,0.63503309406171349
043386,2330,2070,1494,0.61475022550577729
043386,2330,2070,1498,0.65598880379426971
043386,2331,2070,1210,0.62480766367201068
043386,2332,2070,1331,0.6314014232240549
043386,2332,2070,1335,0.63686547756323753
043386,2332,2070,1336,0.61426615857042433
043386,2334,2070,1295,0.63456761259023298
043386,2336,2070,1345,0.63757490642276082
043386,2336,2070,1348,0.62650291995877705
043386,2336,2070,1351,0.62600306278713624
043386,2338,2070,1255,0.63260557114502769
043386,2338,2070,1256,0.60022265948632969
043386,2338,2070,1257,0.60874709871205568
043386,2339,2070,985,0.60491696390902461
043386,2343,2070,1171,0.63330967589306841
043386,2343,2070,1175,0.64980902897254145
043386,2346,2070,1115,0.62959215175110628
043386,2349,2070,936,0.64427146223373699
043386,2349,2070,941,0.64056079284505685
043386,2349,2070,945,0.63917227706414437
043386,2351,2070,1234,0.60654987879065092
043386,2352,2070,1414,0.65029381052803992
043386,2352,2070,1417,0.61892028501084284
043386,2353,2070,1350,0.64742958941296236
043386,2353,2070,1352,0.65616351228233027
043386,2356,2070,1458,0.61895746052207545
043386,2356,2070,1462,0.58571760874622003
043386,2356,2070,1463,0.64306469234524277
043386,2358,2070,1449,0.65325883454247602
043386,2359,2070,1335,0.64588178032556376
043386,2361,2070,1181,0.63892121977985439
043386,2362,2070,1342,0.61641630901287559
043386,2364,2070,1004,0.64839159811985903
043386,2364,2070,1007,0.63782700810611648
043386,2364,2070,1008,0.61326569315380242
043386,2365,2070,1075,0.61917821173577947
043386,2365,2070,1078,0.57684281386738467
043386,2366,2070,1351,0.64468467006723384
043386,2366,2070,1352,0.63239413412423795
043386,2367,2070,1356,0.60320028766630707
043386,2367,2070,1367,0.64313744031015085
043386,2370,2070,1023,0.62059868087265346
043386,2371,2070,1191,0.63119370168097033
043386,2371,2070,1192,0.63283905967450271
043386,2373,2070,1502,0.64463405174801924
043386,2375,2070,862,0.61139818202391283
043386,2376,2070,1127,0.63397487036298361
043386,2376,2070,1129,0.63499560124091314
043386,2377,2070,1284,0.62679856115107913
043386,2377,2070,1292,0.62851904664901204
043386,2377,2070,1294,0.58538390927126827
043386,2377,2070,1295,0.64809087847147795
043386,2379,2070,1208,0.64394765539803711
043386,2379,2070,1209,0.64828259172521463
043386,2381,2070,811,0.64489358854236378
043386,2381,2070,814,0.6308982873121286
043386,2382,2070,953,0.62142115865942249
043386,2385,2070,876,0.61967531566532541
043386,2385,2070,878,0.64736949890597884
043386,2385,2070,880,0.61120263591433277
043386,2386,2070,1141,0.62915060972390857
043386,2387,2070,689,0.65163534054941186
043386,2387,2070,690,0.63136863136863142
043386,2387,2070,691,0.64144761125970351
043386,2389,2070,893,0.63464351709270095
043386,2390,2070,1197,0.64759878230616297
043386,2391,2070,1198,0.62187355012864309
043386,2392,2070,1157,0.62853389129482751
043386,2393,2070,1013,0.63568912138358069
043386,2395,2070,1116,0.63612989522181762
043386,2395,2070,1120,0.61452110233185586
043386,2396,2070,1119,0.62585432532708452
043386,2397,2070,888,0.63338450243609423
043386,2398,2070,1162,0.60524427006076842
043386,2399,2070,905,0.62829363709584629
043386,2400,2070,1313,0.64507812499999995
043386,2400,2070,1317,0.62664004563605247
043386,2401,2070,977,0.61907536241817751
043386,2403,2070,1174,0.64434094084769444
043386,2406,2070,935,0.65182593483490048
043386,2408,2070,1299,0.64695052331113223
043386,2408,2070,1306,0.58357476725769686
043386,2409,2070,1082,0.64769112646703964
043386,2410,2070,1215,0.63489383106384512
043386,2410,2070,1218,0.61554581825109544
043386,2410,2070,1223,0.6498481364784694
043386,2410,2070,1224,0.64134931899858061
043386,2412,2070,1200,0.65844144062414955
043386,2412,2070,1203,0.62093737613951649
043386,2413,2070,1132,0.62675434291883403
043386,2414,2070,840,0.62689566391409468
043386,2417,2070,1238,0.60031999999999996
043386,2418,2070,1217,0.62926000637010293
043386,2418,2070,1219,0.63498827092674526
043386,2419,2070,1381,0.66166924265842353
043386,2421,2070,1138,0.63669267945686969
043386,2422,2070,1238,0.61227213656000845
043386,2422,2070,1239,0.6341740944433909
043386,2422,2070,1242,0.64299360015283213
043386,2423,2070,978,0.64129184873673495
043386,2423,2070,990,0.62363206864966492
043386,2426,2070,1043,0.62529857454732241
043386,2426,2070,1046,0.66122145306333702
043386,2426,2070,1050,0.61091982292179048
043386,2429,2070,833,0.59857550771599988
043386,2430,2070,879,0.6271529888551165
043386,2430,2070,887,0.62938750363664364
043386,2431,2070,1408,0.61779066670612259
043386,2433,2070,1256,0.62056177460339268
043386,2435,2070,840,0.63670115527411841
043386,2436,2070,1122,0.60045400856341358
043386,2436,2070,1126,0.61927096449257113
043386,2436,2070,1127,0.64154386582907685
043386,2437,2070,1072,0.61533905833580105
043386,2437,2070,1073,0.61835971517852573
043386,2439,2070,873,0.62568112807287546
043386,2439,2070,875,0.62598560164552619
043386,2441,2070,1072,0.61665419974422697
043386,2441,2070,1077,0.61042911849969583
043386,2441,2070,1080,0.64719431647888104
043386,2441,2070,1081,0.64255282149378312
043386,2442,2070,1171,0.62493953758343812
043386,2442,2070,1173,0.6562115835130935
043386,2443,2070,1058,0.58724474570490681
043386,2443,2070,1062,0.62725007475331407
043386,2444,2070,1006,0.64513584211036223
043386,2445,2070,1054,0.64136886487371569
043386,2446,2070,1116,0.64387491036073952
043386,2447,2070,1096,0.64488218294001876
043386,2448,2070,1107,0.64445230396119646
043386,2448,2070,1110,0.60243858052775245
043386,2449,2070,1117,0.62794103898532205
043386,2450,2070,1111,0.62601878712529357
043386,2451,2070,1114,0.62565404739919972
043386,2453,2070,1091,0.63826574633304578
043386,2454,2070,1052,0.60460269599148631
043386,2455,2070,1031,0.63610026451694168
043386,2455,2070,1032,0.63673522918533743
043386,2456,2070,1188,0.62586808099159019
043386,2457,2070,1159,0.61825630638924689
043386,2457,2070,1163,0.63192647692971105
043386,2458,2070,936,0.61942622792254265
043386,2459,2070,1016,0.61828927448468618
043386,2460,2070,1101,0.61780748494498217
043386,2460,2070,1104,0.62829592968683334
043386,2460,2070,1108,0.6335802804007663
043386,2465,2070,1070,0.60549424747593328
043386,2466,2070,1052,0.63303233323623653
043386,2466,2070,1054,0.63257410296411853
043386,2468,2070,1239,0.64818382594802881
043386,2470,2070,1041,0.62050359712230219
043386,2470,2070,1042,0.63603145235892689
043386,2470,2070,1044,0.64395229982964219
043386,2470,2070,1047,0.63770777526933287
043386,2471,2070,1038,0.63939684258757867
043386,2471,2070,1040,0.64977375565610862
043386,2473,2070,1086,0.6214461387112642
043386,2474,2070,978,0.58964342826450522
043386,2474,2070,979,0.64421993237803898
043386,2474,2070,987,0.6202973802218551
043386,2474,2070,989,0.61174380942430262
043386,2476,2070,1123,0.64142472313678545
043386,2476,2070,1124,0.63348905614672546
043386,2476,2070,1128,0.64600627731659377
043386,2477,2070,933,0.62127233564906104
043386,2477,2070,935,0.63768338582072359
043386,2478,2070,1051,0.6173081637656288
043386,2479,2070,702,0.64075474136538402
043386,2479,2070,707,0.58382280698007216
043386,2479,2070,710,0.61021559949652848
043386,2481,2070,1005,0.59196396251457994
043386,2482,2070,929,0.63205302515295714
043386,2482,2070,934,0.65543176607810805
043386,2483,2070,1172,0.65679779861394216
043386,2484,2070,964,0.62476789030138546
043386,2487,2070,1059,0.64063993351340121
043386,2489,2070,1110,0.64085202039585498
043386,2489,2070,1113,0.63588939566704672
043386,2489,2070,1117,0.59251883745963396
043386,2490,2070,921,0.65106482564942658
043386,2490,2070,922,0.61541064027742531
043386,2490,2070,928,0.59077193864722155
043386,2492,2070,1200,0.60535336933552475
043386,2493,2070,1005,0.60456979048100834
043386,2494,2070,1142,0.60906011854360709
043386,2496,2070,1027,0.64323540664075873
043386,2497,2070,1199,0.59004574740724769
043386,2497,2070,1204,0.62352388477225651
043386,2498,2070,1200,0.65765283355644799
043386,2498,2070,1202,0.62878549957378083
043386,2499,2070,856,0.63764318018513044
043386,2501,2070,1068,0.61781698938163643
043386,2501,2070,1074,0.60898180410375535
043386,2501,2070,1076,0.64589798679080135
043386,2502,2070,1185,0.65023285299782996
043386,2503,2070,954,0.58503294634452463
043386,2503,2070,958,0.60507281790636303
043386,2503,2070,963,0.6348516834470066
043386,2505,2070,893,0.64972520460771466
043386,2506,2070,865,0.65006189279417836
043386,2507,2070,942,0.63502947694108791
043386,2507,2070,943,0.57846660028572661
043386,2507,2070,948,0.63424333619948414
043386,2507,2070,950,0.60123744619799135
043386,2507,2070,951,0.62281010652346158
043386,2508,2070,1098,0.59053012980617015
043386,2509,2070,921,0.64454529750781264
043386,2510,2070,1147,0.63139390414761165
043386,2510,2070,1150,0.62939875326764527
043386,2512,2070,805,0.64313518671990755
043386,2512,2070,806,0.63984331281477336
043386,2513,2070,1386,0.62468406251112452
043386,2514,2070,1118,0.65280733703403038
043386,2515,2070,1251,0.64933541829554342
043386,2516,2070,1202,0.65028709579933519
043386,2517,2070,1187,0.64808221692053591
043386,2517,2070,1189,0.61834823329076205
043386,2518,2070,1131,0.63214789284035722
043386,2519,2070,936,0.6264949845679012
043386,2520,2070,978,0.6112491345253126
043386,2520,2070,979,0.63588823574318654
043386,2521,2070,922,0.64503176315474053
043386,2522,2070,1521,0.6400867189356142
043386,2525,2070,887,0.65429375718773064
043386,2527,2070,993,0.65214723926380369
043386,2528,2070,1092,0.59397494001599571
043386,2528,2070,1093,0.61902176372109863
043386,2529,2070,775,0.64581839047482426
043386,2530,2070,1004,0.6119317572159233
043386,2530,2070,1006,0.64622758263765445
043386,2530,2070,1011,0.65184133103378306
043386,2530,2070,1013,0.60787429378531077
043386,2531,2070,1190,0.59924692826000792
043386,2531,2070,1194,0.62861538461538458
043386,2533,2070,1054,0.62282521103874655
043386,2533,2070,1055,0.6352374940823734
043386,2534,2070,851,0.63690421229524852
043386,2535,2070,1005,0.62547221569088485
043386,2536,2070,883,0.61398474861057262
043386,2537,2070,1000,0.62769676814189479
043386,2537,2070,1002,0.65112474063782533
043386,2538,2070,1220,0.63313201445691458
043386,2538,2070,1222,0.65263349262414294
043386,2539,2070,983,0.59451511178825778
043386,2539,2070,984,0.64423756286106149
043386,2540,2070,1155,0.61650045330915682
043386,2543,2070,1049,0.60085836909871249
043386,2544,2070,1238,0.60431719653179194
043386,2547,2070,701,0.61773522870128617
043386,2549,2070,712,0.63705493725890128
043386,2549,2070,713,0.62346116375874594
043386,2550,2070,1323,0.65659875292902814
043386,2550,2070,1324,0.62471584038694072
043386,2551,2070,1282,0.62155303671121642
043386,2551,2070,1283,0.61108067923937714
043386,2552,2070,1175,0.64516575541559973
043386,2554,2070,1139,0.6233442998140466
043386,2555,2070,1251,0.63932653937264505
043386,2557,2070,1259,0.60590756045301497
043386,2562,2070,1192,0.63578621223857479
043386,2565,2070,982,0.60769009768243631
043386,2566,2070,1165,0.62647265350706094
043386,2566,2070,1168,0.6488441578864601
043386,2567,2070,1216,0.61427114198280464
043386,2567,2070,1217,0.63833865814696489
043386,2568,2070,1100,0.62628201756692792
043386,2569,2070,1241,0.64436895740789135
043386,2570,2070,1362,0.59169174189234375
043386,2570,2070,1363,0.64505747126436785
043386,2570,2070,1364,0.63414858192674251
043386,2570,2070,1368,0.65861067679249496
043386,2571,2070,1362,0.6396318219853101
043386,2572,2070,1295,0.6379962192816635
043386,2573,2070,1203,0.60856345537090262
043386,2573,2070,1205,0.64203070195417478
043386,2574,2070,1200,0.63081257173330862
043386,2574,2070,1209,0.65328133275554912
043386,2575,2070,1037,0.59190113068630024
043386,2576,2070,1357,0.60980556532085783
043386,2577,2070,1266,0.63799053441135867
043386,2577,2070,1270,0.64743577143081787
043386,2578,2070,1130,0.62789462032322341
043386,2579,2070,1171,0.63699764959734906
043386,2579,2070,1178,0.62233696691528018
043386,2584,2070,1219,0.60478328234873469
043386,2586,2070,1376,0.64318238609545497
043386,2586,2070,1378,0.64122813402236944
043386,2586,2070,1380,0.59492907943906459
043386,2586,2070,1383,0.61299836543244968
043386,2587,2070,944,0.61230363937945165
043386,2587,2070,945,0.65099032563249615
043386,2587,2070,946,0.62236576873740146
043386,2588,2070,1513,0.61815825923774625
043386,2588,2070,1518,0.63588505191982614
043386,2589,2070,1087,0.65398252242916111
043386,2590,2070,1258,0.63708389240304131
043386,2592,2070,1200,0.63215561875592508
043386,2593,2070,1337,0.59620241324478529
043386,2593,2070,1341,0.66443548029611244
043386,2594,2070,1030,0.63446675229275107
043386,2595,2070,1205,0.64497973885637105
043386,2595,2070,1211,0.60151894945564743
043386,2596,2070,1134,0.60574360718943132
043386,2598,2070,1163,0.63339924706240258
043386,2600,2070,931,0.63571249507574401
043386,2600,2070,933,0.62894289172945961
043386,2600,2070,935,0.63572303921568629
043386,2601,2070,1335,0.62844853873437223
043386,2601,2070,1337,0.64167713713993202
043386,2601,2070,1341,0.64536082474226808
043386,2602,2070,878,0.59284032030146017
043386,2603,2070,1330,0.60577745607685729
043386,2604,2070,1170,0.65050346247426538
043386,2605,2070,1242,0.64196769818764643
043386,2605,2070,1243,0.619152407330121
043386,2606,2070,1247,0.613843777788178
043386,2607,2070,1245,0.62300982971064656
043386,2609,2070,1326,0.65043217640290085
043386,2610,2070,1370,0.60765191297824461
043386,2612,2070,1194,0.63733999890128001
043386,2613,2070,1107,0.63870090340964281
043386,2613,2070,1108,0.59259627329192543
043386,2615,2070,1402,0.62782090630077636
043386,2615,2070,1406,0.61895946074242858
043386,2615,2070,1408,0.62629486963060732
043386,2616,2070,1213,0.60666853068642523
043386,2620,2070,1361,0.62294966063348411
043386,2620,2070,1364,0.63985239852398523
043386,2621,2070,1320,0.61566054243219592
043386,2622,2070,1340,0.62825730994152051
043386,2623,2070,1333,0.62044155737367923
043386,2625,2070,855,0.6085253021148036
043386,2625,2070,864,0.64588090452790081
043386,2625,2070,865,0.64315871774824085
043386,2626,2070,1150,0.64411888038578469
043386,2627,2070,1318,0.63403909996311325
043386,2627,2070,1322,0.64991071830499825
043386,2629,2070,1089,0.66032466399022516
043386,2630,2070,1389,0.59617062530295684
043386,2631,2070,1323,0.60145209386749643
043386,2631,2070,1326,0.58893171806167399
043386,2631,2070,1327,0.61931856440643729
043386,2634,2070,972,0.63587945796534751
043386,2635,2070,1199,0.62278075610944794
043386,2636,2070,1222,0.64696323006353174
043386,2636,2070,1225,0.6569805838066306
043386,2637,2070,1351,0.63910686628807434
043386,2638,2070,981,0.61519400459325513
043386,2639,2070,1109,0.58827000236016047
043386,2639,2070,1111,0.64789804866619805
043386,2639,2070,1113,0.59269804052922459
043386,2639,2070,1115,0.62463516604874969
043386,2639,2070,1116,0.63787076800159792
043386,2639,2070,1119,0.64699051031919841
043386,2640,2070,1043,0.62269859552010454
043386,2642,2070,1473,0.65032457408509792
043386,2642,2070,1479,0.64766812874844948
043386,2643,2070,1266,0.59328020286180039
043386,2645,2070,1458,0.62955522071544168
043386,2645,2070,1463,0.63107260233044515
043386,2646,2070,78,0.65077707977776966
043386,2647,2070,995,0.51833417628396705
043386,2647,2070,999,0.64779970522366637
043386,2647,2070,1000,0.61736305789169221
043386,2648,2070,1422,0.6404975812024879
043386,2648,2070,1429,0.61603507673034763
043386,2649,2070,1416,0.63997673065735894
043386,2649,2070,1423,0.63651244523614658
043386,2650,2070,1103,0.61367088607594933
043386,2652,2070,924,0.62811360052008713
043386,2652,2070,925,0.61142197353228533
043386,2652,2070,931,0.61865689865689866
043386,2652,2070,934,0.63552571688666359
043386,2654,2070,1265,0.63804588109564175
043386,2655,2070,945,0.59891901966265959
043386,2657,2070,1272,0.58951112350931023
043386,2658,2070,1195,0.64566564570126073
043386,2660,2070,944,0.61654286287894
043386,2660,2070,945,0.60814771395076206
043386,2660,2070,948,0.63136665322137064
043386,2661,2070,1177,0.6447602367115145
043386,2661,2070,1186,0.63729023871425194
043386,2662,2070,1211,0.65207843137254906
043386,2662,2070,1218,0.63390166370804613
043386,2663,2070,833,0.59544105872933639
043386,2664,2070,971,0.65211012069101526
043386,2665,2070,1185,0.60820321603355865
043386,2665,2070,1187,0.6525873240710045
043386,2666,2070,1166,0.64491228070175444
043386,2666,2070,1167,0.65286713286713283
043386,2668,2070,1171,0.63257769279051779
043386,2668,2070,1178,0.62474226804123711
043386,2669,2070,981,0.64438825354864659
043386,2669,2070,992,0.63621509482457916
043386,2670,2070,1118,0.58278145695364236
043386,2670,2070,1121,0.64517221526060897
043386,2670,2070,1122,0.63367171180415582
043386,2674,2070,1115,0.63015286843009277
043386,2676,2070,743,0.64756436644639437
043386,2678,2070,782,0.59061103317782926
043386,2679,2070,892,0.59652473190489186
043386,2681,2070,1038,0.65403335712895061
043386,2683,2070,1019,0.62214247087163854
043386,2687,2070,1166,0.63693665300976998
043386,2689,2070,1089,0.65009445919123798
043386,2690,2070,1121,0.64224948983648267
043386,2691,2070,1253,0.61677853999164023
043386,2692,2070,962,0.64231633096652663
043386,2692,2070,966,0.62588331051833213
043386,2694,2070,994,0.62721563154221915
043386,2695,2070,1151,0.6406728665207877
043386,2695,2070,1154,0.63677747492061709
043386,2696,2070,1323,0.60137996495327106
043386,2696,2070,1324,0.64540781357093902
043386,2698,2070,795,0.61002707496965736
043386,2701,2070,1017,0.64208715596330279
043386,2702,2070,982,0.64270186335403723
043386,2702,2070,983,0.60308114569038029
043386,2702,2070,985,0.64112574085246832
043386,2703,2070,720,0.65175674503339986
043386,2703,2070,723,0.63746004068584716
043386,2704,2070,877,0.64643744502229972
043386,2704,2070,880,0.65336280774005995
043386,2705,2070,783,0.58600181180826338
043386,2707,2070,1053,0.62832402763319772
043386,2707,2070,1055,0.60829241680305512
043386,2708,2070,1147,0.65188025622031465
043386,2709,2070,1128,0.63428056834100466
043386,2710,2070,1086,0.613306177868296
043386,2711,2070,775,0.60518211308668335
043386,2712,2070,1067,0.64771228326684993
043386,2712,2070,1071,0.63877762275529948
043386,2712,2070,1076,0.62603057712318899
043386,2714,2070,1130,0.62918668930881239
043386,2714,2070,1132,0.65301766125958238
043386,2718,2070,1169,0.57871088963319994
043386,2720,2070,1157,0.62940494590417306
043386,2722,2070,1025,0.61511700296627236
043386,2723,2070,1207,0.60070413464428318
043386,2724,2070,983,0.65676621516255962
043386,2724,2070,985,0.62140539579536869
043386,2725,2070,1205,0.64627908011209467
043386,2725,2070,1206,0.62316840524414496
043386,2725,2070,1210,0.64291418531955191
043386,2729,2070,1040,0.62601006895968181
043386,2730,2070,1071,0.65524222704266089
043386,2731,2070,1225,0.59981504056496704
043386,2731,2070,1228,0.59410460992907799
043386,2734,2070,1136,0.61254645195540613
043386,2734,2070,1137,0.63557366586479458
043386,2738,2070,1214,0.64476810246875327
043386,2738,2070,1215,0.61781034026964765
043386,2739,2070,1119,0.64720899405960042
043386,2740,2070,838,0.64553074783683562
043386,2740,2070,847,0.61758183936558053
043386,2741,2070,1191,0.5960004411278168
043386,2742,2070,727,0.60108592371385905
043386,2743,2070,1230,0.63699323510034866
043386,2743,2070,1237,0.64006470095924806
043386,2744,2070,775,0.64783875285410597
043386,2744,2070,776,0.63495124031295191
043386,2745,2070,1197,0.65034067344722035
043386,2745,2070,1198,0.57813749000799364
043386,2747,2070,884,0.59337042551524177
043386,2749,2070,1086,0.60348738935100754
043386,2750,2070,1157,0.61068846750690742
043386,2750,2070,1161,0.62641320204230488
043386,2751,2070,1234,0.60108522780428475
043386,2755,2070,1223,0.59657348963029755
043386,2755,2070,1224,0.60606301402518969
043386,2755,2070,1225,0.62940410895231014
043386,2755,2070,1226,0.64997571636716855
043386,2757,2070,780,0.6267403930304718
043386,2758,2070,1074,0.6380426268705941
043386,2760,2070,1041,0.63382587859424921
043386,2760,2070,1043,0.60698098607119166
043386,2761,2070,1091,0.61078653471642619
043386,2762,2070,1021,0.57710897062352173
043386,2762,2070,1022,0.65396792621653244
043386,2763,2070,1210,0.63506934198878728
043386,2765,2070,1260,0.63885982705241806
043386,2765,2070,1261,0.63824823356885751
043386,2767,2070,1106,0.59707130532108377
043386,2767,2070,1115,0.63101901548842199
043386,2770,2070,819,0.64609396719488466
043386,2770,2070,820,0.61467656631407652
043386,2772,2070,991,0.62333430600136175
043386,2773,2070,1041,0.64273356401384085
043386,2776,2070,1064,0.62308049056992687
043386,2777,2070,1024,0.62835978116823543
043386,2780,2070,1025,0.58894085457032863
043386,2781,2070,815,0.6359806147397834
043386,2782,2070,968,0.64190866464399698
043386,2782,2070,969,0.61962584742126492
043386,2784,2070,1132,0.59215228147333698
043386,2785,2070,1198,0.62860613422411171
043386,2787,2070,1044,0.63469623860718416
043386,2787,2070,1045,0.60810868180853317
043386,2787,2070,1050,0.61114527511786587
043386,2790,2070,1142,0.58556550807868679
043386,2790,2070,1147,0.64447003939256087
043386,2792,2070,1153,0.66107815717490859
043386,2792,2070,1155,0.58731667571971757
043386,2794,2070,758,0.59961983756696047
043386,2795,2070,971,0.64382326420198377
043386,2796,2070,1360,0.64764254233999496
043386,2796,2070,1361,0.62311178247734134
043386,2798,2070,981,0.64758607606942997
043386,2799,2070,843,0.58002072343632249
043386,2799,2070,844,0.61740517546969165
043386,2799,2070,846,0.64705600536578356
043386,2799,2070,847,0.63688483787356021
043386,2800,2070,770,0.60368193321903829
043386,2801,2070,1121,0.63904692053045775
043386,2804,2070,1021,0.59342497042868214
043386,2804,2070,1025,0.64479740095659233
043386,2805,2070,1017,0.63191411935953423
043386,2805,2070,1024,0.65188200842796939
043386,2807,2070,805,0.61378047691345894
043386,2809,2070,1055,0.59627446356991276
043386,2810,2070,1250,0.64019770332662485
043386,2812,2070,1019,0.63983795049528136
043386,2813,2070,769,0.57615077343770948
043386,2815,2070,944,0.61357478202548621
043386,2816,2070,1091,0.62589135002928109
043386,2817,2070,1194,0.62216921485228183
043386,2819,2070,1197,0.5990470271390097
043386,2822,2070,1006,0.62924416303917685
043386,2822,2070,1008,0.65256748307826129
043386,2823,2070,1271,0.57305596830113914
043386,2823,2070,1272,0.65018697902536848
043386,2823,2070,1275,0.61631021727114244
043386,2823,2070,1278,0.63763528812072501
043386,2824,2070,1310,0.63974968543654731
043386,2825,2070,971,0.63436586177310061
043386,2827,2070,869,0.65709694232105631
043386,2828,2070,967,0.63401324029343353
043386,2829,2070,866,0.63141894912526453
043386,2829,2070,870,0.60883761427949501
043386,2831,2070,1099,0.6124825337680484
043386,2832,2070,1251,0.62163038631480805
043386,2836,2070,1057,0.63827064461897476
043386,2836,2070,1058,0.5746677740863787
043386,2837,2070,988,0.58689077082613206
043386,2839,2070,1039,0.6460180876284134
043386,2839,2070,1043,0.6067389031460888
043386,2839,2070,1045,0.64431470354835052
043386,2841,2070,1111,0.61649160149923654
043386,2842,2070,1123,0.65336100392360319
043386,2842,2070,1131,0.64162022590646717
043386,2842,2070,1132,0.62828463882416208
043386,2842,2070,1133,0.64310044359949303
043386,2843,2070,1155,0.60019315845223997
043386,2844,2070,1176,0.62244948865053629
043386,2845,2070,1091,0.59531394512383107
043386,2846,2070,1246,0.62644131065947739
043386,2846,2070,1247,0.63542439072618517
043386,2847,2070,956,0.63842306560753159
043386,2848,2070,903,0.62193561090873284
043386,2848,2070,906,0.64461457659987076
043386,2850,2070,1015,0.63979384368055225
043386,2853,2070,1066,0.59739022489101878
043386,2857,2070,899,0.58438091957981741
043386,2857,2070,901,0.62310526315789472
043386,2859,2070,972,0.64419881250233391
043386,2860,2070,1294,0.63750393382187653
043386,2861,2070,1413,0.59678366388308979
043386,2861,2070,1415,0.64498638625481175
043386,2861,2070,1417,0.61301076722079562
043386,2862,2070,1189,0.61356920373772061
043386,2864,2070,1414,0.6475872448499671
043386,2867,2070,1177,0.63364278116236339
043386,2868,2070,1311,0.58794832010503073
043386,2868,2070,1313,0.65347687300494461
043386,2871,2070,1233,0.59330364271899783
043386,2873,2070,1283,0.61203035012341167
043386,2873,2070,1284,0.63631413123808778
043386,2874,2070,1458,0.58407193320488116
043386,2875,2070,1428,0.64213817294494435
043386,2875,2070,1429,0.6134731120170841
043386,2875,2070,1433,0.64044499573610358
043386,2876,2070,851,0.63213303026677836
043386,2876,2070,852,0.65042132842373601
043386,2878,2070,1300,0.6484215638659544
043386,2878,2070,1305,0.63576958590809007
043386,2878,2070,1306,0.62280369106307676
043386,2879,2070,1381,0.64492986155679843
043386,2881,2070,1234,0.64651872319603954
043386,2881,2070,1235,0.64123091161499302
043386,2885,2070,1300,0.64560478365271434
043386,2887,2070,1263,0.57660714285714287
043386,2887,2070,1266,0.6554639611075882
043386,2888,2070,1290,0.63523356740960435
043386,2888,2070,1295,0.5914821265654806
043386,2889,2070,1229,0.63861970516375222
043386,2889,2070,1230,0.65513168395849963
043386,2889,2070,1234,0.63620311157774168
043386,2890,2070,929,0.63780663780663782
043386,2891,2070,1203,0.64226257678103293
043386,2891,2070,1206,0.62937337280216843
043386,2891,2070,1208,0.63569335475942901
043386,2891,2070,1211,0.62012589244222893
043386,2892,2070,933,0.61735819668584779
043386,2893,2070,1253,0.63113080498718455
043386,2893,2070,1257,0.60173544157346703
043386,2894,2070,1323,0.62969072164948459
043386,2895,2070,1088,0.60944492049890509
043386,2895,2070,1089,0.61420241377751661
043386,2896,2070,981,0.63028946670985597
043386,2896,2070,982,0.6444338798375906
043386,2898,2070,1086,0.62591109068225093
043386,2898,2070,1096,0.59021468665007815
043386,2899,2070,994,0.64223589493315669
043386,2900,2070,1156,0.64234846551764135
043386,2900,2070,1158,0.6255254654122222
043386,2901,2070,933,0.64083097261567512
043386,2902,2070,1453,0.62866357237802617
043386,2905,2070,1330,0.61917925742338309
043386,2906,2070,1169,0.64695157324787977
043386,2906,2070,1172,0.62853053027389649
043386,2909,2070,1225,0.63296940288448578
043386,2910,2070,1017,0.62830910038811327
043386,2911,2070,1386,0.64408631089017998
043386,2911,2070,1390,0.60662044474507482
043386,2911,2070,1391,0.64253310760797078
043386,2913,2070,1113,0.6465275615073186
043386,2914,2070,859,0.64236262406197042
043386,2914,2070,860,0.5835988135779413
043386,2914,2070,863,0.63467360705369946
043386,2915,2070,1454,0.61611590833610097
043386,2917,2070,1425,0.62958989613302774
043386,2917,2070,1431,0.60586504697731802
043386,2918,2070,1259,0.63790137614678899
043386,2918,2070,1268,0.62197166568865792
043386,2918,2070,1270,0.61072857541639525
043386,2919,2070,1399,0.63462796274955613
043386,2920,2070,1384,0.60024179764038854
043386,2920,2070,1388,0.64318947537301463
043386,2921,2070,1125,0.64709387605427204
043386,2922,2070,1569,0.61131289650830545
043386,2924,2070,1170,0.64309791857572984
043386,2924,2070,1177,0.62680447889750213
043386,2924,2070,1180,0.65348738468664358
043386,2927,2070,895,0.59212560961103844
043386,2928,2070,1120,0.6488510854386188
043386,2929,2070,1158,0.64455582395721644
043386,2930,2070,1118,0.60426900378131954
043386,2930,2070,1119,0.59451652835725088
043386,2931,2070,1178,0.60981725456863578
043386,2932,2070,1261,0.66004706422544912
043386,2932,2070,1262,0.60115335744306519
043386,2932,2070,1264,0.63862113283760213
043386,2932,2070,1272,0.64309897961566298
043386,2933,2070,1245,0.65080567235120523
043386,2936,2070,1313,0.587843137254902
043386,2936,2070,1317,0.65349125464812008
043386,2938,2070,937,0.6320342499006929
043386,2938,2070,941,0.63109497472091214
043386,2938,2070,945,0.61614540406888474
043386,2939,2070,1130,0.58518927342380367
043386,2940,2070,1417,0.64677798330250458
043386,2941,2070,1523,0.63034383265207983
043386,2941,2070,1528,0.60904074702886246
043386,2943,2070,1370,0.6290561721596204
043386,2945,2070,1404,0.64812585969738656
043386,2949,2070,1113,0.64839336975645889
043386,2949,2070,1114,0.63934774902516833
043386,2950,2070,1106,0.64251738016831317
043386,2951,2070,1160,0.61902909263822248
043386,2952,2070,1068,0.61213305740783319
043386,2953,2070,1110,0.64386841868957467
043386,2954,2070,1040,0.61160270666729755
043386,2955,2070,984,0.60664636209813871
043386,2956,2070,1209,0.5912304325871065
043386,2956,2070,1216,0.61663111256974068
043386,2960,2070,1273,0.60420278062758692
043386,2965,2070,1128,0.60772603307211659
043386,2966,2070,949,0.64032309717823721
043386,2967,2070,1134,0.63994426117620296
043386,2967,2070,1136,0.62072343632253202
043386,2968,2070,1076,0.62470985869609486
043386,2970,2070,1159,0.61593513132381461
043386,2970,2070,1160,0.61384514435695536
043386,2971,2070,961,0.62291578884006504
043386,2972,2070,1111,0.65302055656551528
043386,2972,2070,1112,0.63233216352946542
043386,2974,2070,1097,0.64957197460277349
043386,2974,2070,1103,0.58985133795837463
043386,2975,2070,818,0.6321701362887524
043386,2976,2070,874,0.63837909939745185
043386,2976,2070,883,0.63210718174501723
043386,2977,2070,992,0.63639600200427227
043386,2979,2070,804,0.62838823789520226
043386,2979,2070,810,0.64435369995802005
043386,2982,2070,1110,0.56366841587405703
043386,2983,2070,1259,0.625127626417325
043386,2983,2070,1260,0.63933354095297412
043386,2983,2070,1264,0.63046082716028551
043386,2984,2070,1118,0.61062168594213184
043386,2985,2070,809,0.63096476548012126
043386,2985,2070,810,0.62223546057040735
043386,2986,2070,1255,0.61917238886881099
043386,2988,2070,1094,0.63395979514022061
043386,2988,2070,1098,0.65140936875344013
043386,2990,2070,1161,0.63272465160980296
043386,2991,2070,1073,0.63195899600512551
043386,2991,2070,1074,0.6442328111472303
043386,2991,2070,1076,0.60095286219591426
043386,2991,2070,1077,0.62679977726513403
043386,2992,2070,1094,0.65241549108331121
043386,2992,2070,1096,0.62429063168666854
043386,2992,2070,1097,0.62784600003772661
043386,2993,2070,866,0.63899986533195674
043386,2993,2070,872,0.62337995167313465
043386,2994,2070,892,0.61878103397916462
043386,2996,2070,1207,0.58974358974358976
043386,3000,2070,1150,0.6013231197771588
043386,3001,2070,1175,0.60193336785775942
043386,3002,2070,1051,0.6429056347589952
043386,3003,2070,1308,0.63455586177655288
043386,3003,2070,1309,0.63836569110402785
043386,3004,2070,1057,0.6168860330949667
043386,3005,2070,1219,0.63279754307594127
043386,3007,2070,1200,0.64303234707956458
043386,3007,2070,1202,0.62050715633485209
043386,3008,2070,1290,0.64670762810108973
043386,3008,2070,1293,0.59756570823778443
043386,3009,2070,1446,0.63139604005670125
043386,3009,2070,1447,0.58024373095851889
043386,3012,2070,1219,0.65423575714562232
043386,3014,2070,856,0.62609159897799638
043386,3015,2070,896,0.62674590257011997
043386,3016,2070,1233,0.57876098990556823
043386,3016,2070,1238,0.63692776945123719
043386,3018,2070,1376,0.5943217366575031
043386,3019,2070,947,0.60430107526881716
043386,3019,2070,951,0.60573891527317714
043386,3020,2070,1217,0.60299081077086059
043386,3023,2070,768,0.65046140484203674
043386,3024,2070,1046,0.62951502301682805
043386,3025,2070,1212,0.62087778659197979
043386,3025,2070,1216,0.6360837749179914
043386,3027,2070,1000,0.64994382924089233
043386,3028,2070,1262,0.64038680017966132
043386,3030,2070,1216,0.58225882670627149
043386,3031,2070,978,0.64151256598386508
043386,3031,2070,982,0.64586728586468989
043386,3031,2070,987,0.64002984932442086
043386,3033,2070,974,0.64918321996234163
043386,3034,2070,1032,0.59981479529610171
043386,3035,2070,1042,0.61500993095620926
043386,3036,2070,926,0.63106133590237634
043386,3036,2070,928,0.6351829608339411
043386,3039,2070,803,0.64663726571113567
043386,3041,2070,1072,0.62005216146975328
043386,3041,2070,1075,0.62591923906821079
043386,3045,2070,937,0.6340080390467987
043386,3045,2070,939,0.63010557492953712
043386,3047,2070,1339,0.635301117769561
043386,3047,2070,1343,0.61818416375207841
043386,3048,2070,1187,0.62182464590859565
043386,3048,2070,1188,0.65097072177861282
043386,3049,2070,1165,0.62384217052002044
043386,3049,2070,1168,0.6470087003318683
043386,3050,2070,1294,0.63534022087638042
043386,3050,2070,1298,0.63101884991648771
043386,3052,2070,1102,0.65661265344158326
043386,3052,2070,1106,0.62388855957320688
043386,3053,2070,1189,0.61807811437636928
043386,3053,2070,1192,0.60874588925428852
043386,3054,2070,1089,0.58289989962587829
043386,3055,2070,1034,0.62021142031080589
043386,3055,2070,1036,0.63468234230160525
043386,3056,2070,993,0.63674262083744915
043386,3056,2070,996,0.6215316315205327
043386,3057,2070,1159,0.65245399751251709
043386,3057,2070,1160,0.63389781859931116
043386,3058,2070,1187,0.65043052937280277
043386,3058,2070,1188,0.62976124611652551
043386,3058,2070,1189,0.59593392630241426
043386,3058,2070,1190,0.64850181887803948
043386,3059,2070,1133,0.61569068014791928
043386,3060,2070,1409,0.59639217048876536
043386,3060,2070,1410,0.56009241923276099
043386,3060,2070,1415,0.6165781183882646
043386,3060,2070,1416,0.63260086750143218
043386,3061,2070,1207,0.63591864103710327
043386,3064,2070,1063,0.58781004611741239
043386,3064,2070,1064,0.62151620216028802
043386,3064,2070,1065,0.60878215644525113
043386,3065,2070,1257,0.62719963243739951
043386,3066,2070,932,0.61593821309461116
043386,3067,2070,1119,0.62390512744808579
043386,3069,2070,1024,0.65759198086342407
043386,3071,2070,1082,0.62318139197241462
043386,3071,2070,1083,0.65749439579811819
043386,3072,2070,1019,0.63009389216919953
043386,3076,2070,1194,0.64977586516048058
043386,3077,2070,1007,0.63450588733899649
043386,3078,2070,1069,0.62884380140886653
043386,3079,2070,1297,0.60248823447183264
043386,3080,2070,1124,0.6409728855904181
043386,3081,2070,1280,0.5695015042215249
043386,3081,2070,1282,0.63252000875763248
043386,3082,2070,1049,0.64434493658062164
043386,3082,2070,1050,0.63775134689551627
043386,3082,2070,1053,0.63254886706214142
043386,3083,2070,1165,0.63766739481432233
043386,3084,2070,1216,0.64061389504042854
043386,3087,2070,1252,0.6051511281396339
043386,3088,2070,1064,0.64175037231851451
043386,3089,2070,993,0.65386026040711531
043386,3089,2070,994,0.61415717388413638
043386,3089,2070,996,0.6112160120845922
043386,3090,2070,1322,0.63409325237713365
043386,3090,2070,1326,0.64387596899224808
043386,3091,2070,926,0.64360689617664657
043386,3093,2070,831,0.61087755304710512
043386,3093,2070,832,0.61632037101790682
043386,3093,2070,833,0.64670471553808451
043386,3095,2070,1185,0.6512942419440042
043386,3096,2070,913,0.62176004966630449
043386,3098,2070,918,0.61013445350356388
043386,3098,2070,920,0.64732791725952787
043386,3101,2070,962,0.59965472593871383
043386,3101,2070,963,0.64312300407444112
043386,3105,2070,703,0.65209587908844024
043386,3109,2070,1053,0.5798443185482014
043386,3109,2070,1055,0.60097698367293051
043386,3110,2070,1183,0.60238358402614256
043386,3110,2070,1187,0.63460754143339138
043386,3111,2070,922,0.62952902336077565
043386,3111,2070,924,0.62438865340723837
043386,3113,2070,921,0.62467836706478741
043386,3114,2070,951,0.5964874888102647
043386,3115,2070,1222,0.60404978962131839
043386,3115,2070,1223,0.61870058439326225
043386,3116,2070,1163,0.64102340772999455
043386,3120,2070,1132,0.64433197536185538
043386,3120,2070,1134,0.6617903549315427
043386,3120,2070,1135,0.63250111001058784
043386,3120,2070,1138,0.60433504775900071
043386,3121,2070,750,0.64130222569308859
043386,3122,2070,1265,0.62954255047278307
043386,3122,2070,1270,0.62080280487256712
043386,3123,2070,1173,0.62193936588752607
043386,3123,2070,1175,0.63970333102012489
043386,3125,2070,1217,0.58902417504852655
043386,3127,2070,858,0.63949185307925982
043386,3130,2070,1118,0.62871938188393883
043386,3132,2070,1138,0.61776875335223358
043386,3132,2070,1139,0.63169357511481461
043386,3132,2070,1145,0.62074704459276286
043386,3133,2070,1214,0.60960873166691032
043386,3134,2070,927,0.60725009948988817
043386,3134,2070,929,0.65069396954432057
043386,3135,2070,1135,0.63436656612160658
043386,3136,2070,1146,0.60328556448794124
043386,3136,2070,1150,0.62212500000000004
043386,3136,2070,1152,0.61211444805194803
043386,3137,2070,1128,0.63367810388916457
043386,3138,2070,942,0.64435195376995047
043386,3139,2070,871,0.63665971383613273
043386,3139,2070,872,0.64878715408267851
043386,3139,2070,875,0.60150554205441287
043386,3139,2070,881,0.60499152104991516
043386,3140,2070,1195,0.61692612510614209
043386,3141,2070,1109,0.62069017097213286
043386,3142,2070,991,0.635326404594313
043386,3142,2070,994,0.64352451433857538
043386,3143,2070,1250,0.64090412570372235
043386,3144,2070,820,0.59929304629148861
043386,3144,2070,822,0.62226022073682574
043386,3146,2070,936,0.63605986239537227
043386,3149,2070,1228,0.64430970467009574
043386,3149,2070,1230,0.65065259077506754
043386,3150,2070,1281,0.58979862382425352
043386,3151,2070,1031,0.61043041652193131
043386,3152,2070,1200,0.63407752091480618
043386,3152,2070,1203,0.62913971854788908
043386,3153,2070,846,0.64900441952193133
043386,3154,2070,1193,0.6477802459093327
043386,3154,2070,1195,0.61219818356346456
043386,3155,2070,1220,0.62158376728317477
043386,3156,2070,1281,0.63087222351211203
043386,3157,2070,908,0.64609877928252801
043386,3157,2070,913,0.59513652850331911
043386,3157,2070,915,0.60873240879901624
043386,3157,2070,916,0.61545626826839683
043386,3158,2070,818,0.60485695813803131
043386,3158,2070,821,0.60958117050362559
043386,3159,2070,1196,0.62208278788425941
043386,3160,2070,913,0.61171724258901949
043386,3160,2070,915,0.62223985647253655
043386,3161,2070,1085,0.59921104536489156
043386,3161,2070,1086,0.61851015801354403
043386,3162,2070,1322,0.57835261559749396
043386,3162,2070,1325,0.58964563298643125
043386,3164,2070,1419,0.58069748580697489
043386,3165,2070,1404,0.61719028463771064
043386,3165,2070,1407,0.62535969206622066
043386,3167,2070,1076,0.60130577498827686
043386,3168,2070,1283,0.60947586753361771
043386,3168,2070,1284,0.61007152361942785
043386,3168,2070,1286,0.61035828619041355
043386,3169,2070,1305,0.64225078826097504
043386,3172,2070,1421,0.63885593171529609
043386,3172,2070,1422,0.65337502695708427
043386,3173,2070,1013,0.62687696426492845
043386,3174,2070,1346,0.63150596283627625
043386,3176,2070,1427,0.63911164219232819
043386,3176,2070,1430,0.61846838318818631
043386,3177,2070,1258,0.64225783827311222
043386,3177,2070,1263,0.65988373812100465
043386,3177,2070,1264,0.61139024448878521
043386,3183,2070,1265,0.62973492540546394
043386,3184,2070,1443,0.6326714414375777
043386,3185,2070,1144,0.61620508982035926
043386,3187,2070,894,0.62192151556156972
043386,3190,2070,1267,0.64672734350380934
043386,3190,2070,1271,0.61899156366490093
043386,3190,2070,1273,0.61696051178553746
043386,3192,2070,1169,0.63819974075302199
043386,3192,2070,1173,0.65134315424610056
043386,3193,2070,1270,0.59944880418535129
043386,3194,2070,1382,0.64987988255182849
043386,3194,2070,1383,0.64241203204797825
043386,3195,2070,1040,0.64843285652018856
043386,3195,2070,1041,0.63532557942100343
043386,3199,2070,1150,0.64135142714695248
043386,3200,2070,1375,0.62750601443464316
043386,3200,2070,1381,0.64509538123023125
043386,3201,2070,1325,0.65537359027953235
043386,3201,2070,1331,0.61772110777227318
043386,3201,2070,1334,0.62363534333231307
043386,3203,2070,971,0.61196725721532608
043386,3203,2070,972,0.62094653812445222
043386,3206,2070,1173,0.59657650042265431
043386,3207,2070,980,0.6379792426899199
043386,3208,2070,1097,0.65046099290780146
043386,3209,2070,1094,0.63292390767007645
043386,3210,2070,1256,0.62325886084677973
043386,3211,2070,1121,0.61516449433223797
043386,3211,2070,1125,0.65113078410950753
043386,3211,2070,1126,0.63562856959507152
043386,3211,2070,1127,0.61502147948826891
043386,3213,2070,1177,0.62647901357578772
043386,3214,2070,1108,0.6118618249717459
043386,3215,2070,1169,0.64417591854259948
043386,3215,2070,1170,0.65713643852029358
043386,3217,2070,1173,0.64773909891369175
043386,3218,2070,1262,0.64410281339247732
043386,3219,2070,1183,0.64602288558169918
043386,3220,2070,1229,0.65726326345446728
043386,3221,2070,1007,0.63153627888123232
043386,3222,2070,1358,0.59752365052865886
043386,3222,2070,1362,0.6470493309168549
043386,3225,2070,1377,0.63095679584646769
043386,3227,2070,1240,0.64343976922311752
043386,3227,2070,1243,0.62573545924096119
043386,3228,2070,1258,0.596440489432703
043386,3228,2070,1262,0.61799006551004243
043386,3229,2070,778,0.62745350054165216
043386,3231,2070,1326,0.64514561719397523
043386,3232,2070,1337,0.61267556229041265
043386,3233,2070,980,0.61729759602100032
043386,3233,2070,984,0.63811194543725613
043386,3235,2070,1201,0.62918939984411537
043386,3237,2070,1309,0.6179626552510773
043386,3238,2070,1142,0.54636216653193215
043386,3238,2070,1146,0.62025249868490273
043386,3239,2070,1102,0.64558929783460683
043386,3239,2070,1104,0.64022653825232778
043386,3240,2070,931,0.64515883045012856
043386,3242,2070,1076,0.63124504361617761
043386,3242,2070,1078,0.63702010968921385
043386,3243,2070,784,0.6245193597424662
043386,3243,2070,785,0.62471343420449332
043386,3243,2070,787,0.60575882914412982
043386,3243,2070,788,0.63584925803352199
043386,3245,2070,1070,0.61133658008658009
043386,3248,2070,681,0.61369610487147097
043386,3248,2070,683,0.63813834407717274
043386,3249,2070,1160,0.6207543764663418
043386,3250,2070,972,0.62538542766631466
043386,3251,2070,1049,0.63516334411856801
043386,3252,2070,1178,0.65743974475057132
043386,3252,2070,1183,0.60730958623776943
043386,3253,2070,1053,0.62749689381630502
043386,3254,2070,1434,0.63205560478256362
043386,3256,2070,1188,0.63834823776959493
043386,3257,2070,1199,0.644335455146266
043386,3257,2070,1201,0.65717227179135207
043386,3258,2070,832,0.60440857169829132
043386,3259,2070,1195,0.64260536058704854
043386,3259,2070,1197,0.60452852097343845
043386,3259,2070,1201,0.63635991485180943
043386,3259,2070,1203,0.63696940170671523
043386,3262,2070,1250,0.6324196701958904
043386,3263,2070,1287,0.60569299423768463
043386,3264,2070,846,0.6370042835429045
043386,3264,2070,847,0.65618892730726652
043386,3264,2070,856,0.62617876445531762
043386,3268,2070,1276,0.62258111985872999
043386,3268,2070,1280,0.63530437539632212
043386,3268,2070,1284,0.63657463633174105
043386,3268,2070,1285,0.61017138183575592
043386,3269,2070,1110,0.61352088821979678
043386,3269,2070,1114,0.62007547702183186
043386,3270,2070,1236,0.61073222526238413
043386,3271,2070,998,0.61486553537759259
043386,3271,2070,1002,0.60092168087987263
043386,3273,2070,1233,0.62646392142047602
043386,3274,2070,1087,0.63890359630187754
043386,3277,2070,698,0.6054012868269556
043386,3279,2070,1165,0.6213170731707317
043386,3280,2070,1135,0.6249589490968801
043386,3282,2070,1167,0.64062932545907536
043386,3282,2070,1170,0.63780159592048724
043386,3283,2070,959,0.64464154816009378
043386,3284,2070,1297,0.59526039333849101
043386,3284,2070,1304,0.62451750299480902
043386,3286,2070,1083,0.63966567376517136
043386,3287,2070,1046,0.63091973196867313
043386,3288,2070,1149,0.62343096234309625
043386,3289,2070,1036,0.62638773506532741
043386,3290,2070,1103,0.62504214146045445
043386,3292,2070,1023,0.65354947819989273
043386,3294,2070,691,0.6433117924299111
043386,3294,2070,693,0.6468027619333534
043386,3295,2070,904,0.57828314777327938
043386,3295,2070,906,0.64193843504466686
043386,3296,2070,1111,0.63371268883398812
043386,3297,2070,1081,0.63105391975079728
043386,3297,2070,1082,0.63706041478809738
043386,3297,2070,1087,0.63402090827338131
043386,3300,2070,1322,0.64237086665225851
043386,3301,2070,1164,0.61430671689791416
043386,3304,2070,884,0.58319414107670564
043386,3307,2070,1116,0.62710999814505652
043386,3308,2070,973,0.62337464831571743
043386,3308,2070,977,0.61844733760418824
043386,3308,2070,982,0.62458031454320551
043386,3308,2070,983,0.65021436082724404
043386,3310,2070,1037,0.61930477963997521
043386,3310,2070,1041,0.63664582695754823
043386,3311,2070,790,0.62678304899015658
043386,3311,2070,796,0.65646325923828397
043386,3311,2070,798,0.64235300091398395
043386,3314,2070,975,0.62977405247813412
043386,3316,2070,1045,0.65197172619047616
043386,3318,2070,1143,0.63478260869565217
043386,3318,2070,1148,0.6339045980033623
043386,3318,2070,1149,0.61897387831614981
043386,3320,2070,1100,0.63964605648850781
043386,3321,2070,1221,0.58793004821443162
043386,3321,2070,1225,0.64887801765394026
043386,3324,2070,957,0.6046189846372978
043386,3325,2070,1264,0.62681744749596124
043386,3325,2070,1268,0.62158114952653598
043386,3327,2070,1199,0.63716814159292035
043386,3330,2070,1073,0.61995106666094346
043386,3332,2070,878,0.61364920493986597
043386,3332,2070,879,0.61014845796755068
043386,3332,2070,882,0.62473649652693786
043386,3333,2070,775,0.60542402066293588
043386,3334,2070,1217,0.65603274000295841
043386,3336,2070,1365,0.64154411764705888
043386,3336,2070,1369,0.62333310845757717
043386,3338,2070,1301,0.61702983236572917
043386,3338,2070,1303,0.64354857890355577
043386,3338,2070,1305,0.60927179656538966
043386,3338,2070,1308,0.61491299251645481
043386,3340,2070,838,0.63915847012421645
043386,3342,2070,712,0.64586237712243078
043386,3343,2070,1075,0.64436276147831317
043386,3344,2070,1182,0.61283798169044068
043386,3345,2070,1250,0.63251314478160758
043386,3345,2070,1261,0.57397504456327986
043386,3346,2070,1187,0.64695519212870634
043386,3347,2070,1039,0.59637899818949913
043386,3349,2070,795,0.63891787749859519
043386,3350,2070,1363,0.63927202790176973
043386,3350,2070,1366,0.63622795291430356
043386,3351,2070,1230,0.61788710473370534
043386,3351,2070,1232,0.58823272663785953
043386,3352,2070,1205,0.65186525612472157
043386,3352,2070,1207,0.61307832577074761
043386,3352,2070,1208,0.61038384734856888
043386,3353,2070,896,0.63145136409713953
043386,3353,2070,898,0.61371350984385609
043386,3353,2070,899,0.59955950730075858
043386,3354,2070,1217,0.6355574474122947
043386,3354,2070,1225,0.62987906094379886
043386,3355,2070,1181,0.60438247011952195
043386,3355,2070,1182,0.60995217678100266
043386,3355,2070,1183,0.59852797785676093
043386,3357,2070,1118,0.57723152336499128
043386,3357,2070,1121,0.64482696036757192
043386,3357,2070,1122,0.60691042480179858
043386,3357,2070,1126,0.62805566002256485
043386,3358,2070,893,0.64713631722820542
043386,3358,2070,897,0.65062212374296913
043386,3358,2070,900,0.44801701991008347
043386,3359,2070,969,0.63653889770923111
043386,3364,2070,1217,0.61240945742790764
043386,3365,2070,1164,0.62795763713471298
043386,3365,2070,1167,0.6228215614752588
043386,3366,2070,1096,0.64010078660131065
043386,3367,2070,871,0.63336462122100978
043386,3368,2070,1139,0.63344249537952724
043386,3370,2070,1415,0.64969572012902799
043386,3372,2070,1175,0.64282611124213351
043386,3372,2070,1176,0.61356493245954258
043386,3372,2070,1178,0.63105154765929983
043386,3372,2070,1180,0.6294403527230823
043386,3373,2070,1212,0.62806744487678334
043386,3373,2070,1213,0.63273398339110698
043386,3373,2070,1215,0.60650483542822109
043386,3375,2070,1224,0.63250628433106793
043386,3375,2070,1227,0.62244274809160305
043386,3378,2070,821,0.63438793613246602
043386,3378,2070,823,0.62574891253795861
043386,3379,2070,991,0.65531823085221141
043386,3379,2070,995,0.61298298346826974
043386,3379,2070,999,0.64726623282053641
043386,3380,2070,1110,0.62039687545485422
043386,3382,2070,807,0.65181113506574728
043386,3383,2070,1013,0.63974987324657762
043386,3384,2070,1182,0.64619685155215534
043386,3384,2070,1183,0.59971342972515307
043386,3384,2070,1186,0.63544778711873828
043386,3384,2070,1191,0.63545997429888879
043386,3385,2070,1127,0.6455283036463676
043386,3385,2070,1132,0.64069185015130958
043386,3385,2070,1136,0.64634253948645548
043386,3386,2070,1094,0.63360583437150475
043386,3387,2070,1182,0.6399189587426326
043386,3387,2070,1187,0.60948697935145113
043386,3387,2070,1189,0.61154564961583724
043386,3388,2070,968,0.63662867245984278
043386,3388,2070,977,0.64456163314622295
043386,3391,2070,1160,0.6500635805308298
043386,3391,2070,1164,0.61836218634506901
043386,3393,2070,1085,0.63818999496449103
043386,3394,2070,1006,0.62972187629721876
043386,3394,2070,1007,0.63084899958647456
043386,3394,2070,1012,0.61921593830334187
043386,3394,2070,1016,0.60321715817694366
043386,3394,2070,1019,0.5898136403551566
043386,3395,2070,1086,0.6059004012272835
043386,3396,2070,1148,0.6005774783445621
043386,3399,2070,1083,0.60434891277180702
043386,3400,2070,1267,0.62447679708826209
043386,3400,2070,1268,0.61628070175438598
043386,3401,2070,1017,0.65671172922002208
043386,3402,2070,1183,0.64255793318338461
043386,3403,2070,1129,0.6086608196997807
043386,3403,2070,1133,0.60432302611828281
043386,3403,2070,1137,0.60418521816562776
043386,3403,2070,1138,0.65819365661562956
043386,3407,2070,1216,0.65438180956892467
043386,3407,2070,1217,0.62263536730929214
043386,3407,2070,1223,0.6454201802849665
043386,3408,2070,1310,0.63660492926935974
043386,3409,2070,992,0.65385316086718892
043386,3410,2070,1157,0.5932031111896765
043386,3410,2070,1159,0.63764530694591215
043386,3411,2070,1373,0.60108611326609773
043386,3412,2070,1325,0.62755580566497848
043386,3412,2070,1329,0.63708811762027129
043386,3412,2070,1332,0.63103110070553992
043386,3413,2070,1101,0.62815869618898679
043386,3414,2070,1009,0.59673184863298934
043386,3414,2070,1012,0.63120601330971415
043386,3414,2070,1013,0.62037037037037035
043386,3414,2070,1015,0.63906288532675704
043386,3414,2070,1019,0.64181799097302406
043386,3416,2070,1060,0.5938759065269944
043386,3417,2070,1126,0.62654496222212519
043386,3417,2070,1130,0.63843757743088736
043386,3421,2070,1047,0.64341193432863586
043386,3422,2070,1272,0.61664431142519671
043386,3423,2070,1304,0.63802425432470922
043386,3423,2070,1305,0.5992941273033201
043386,3423,2070,1306,0.63883845308234832
043386,3423,2070,1309,0.61454746923107362
043386,3424,2070,1089,0.62551871399218406
043386,3425,2070,1103,0.62787750791974661
043386,3426,2070,950,0.60089193825042886
043386,3427,2070,792,0.64221685497074132
043386,3427,2070,793,0.62850078455613145
043386,3431,2070,883,0.62815621839345603
043386,3434,2070,1316,0.6501770061990817
043386,3435,2070,1144,0.607058694579931
043386,3436,2070,1208,0.63850039286115168
043386,3436,2070,1219,0.64973614775725597
043386,3436,2070,1221,0.64480543204156016
043386,3438,2070,1413,0.65010299130498184
043386,3438,2070,1415,0.61021300874857365
043386,3439,2070,1325,0.61775217493533974
043386,3440,2070,1205,0.65398126781593591
043386,3440,2070,1206,0.62933184855233848
043386,3444,2070,978,0.61877186164010878
043386,3446,2070,1452,0.65108840097373966
043386,3447,2070,1172,0.60618791611777689
043386,3448,2070,1196,0.62700793882590344
043386,3450,2070,1456,0.65085819150084556
043386,3453,2070,1337,0.64283228545576876
043386,3454,2070,1342,0.59496131274997199
043386,3455,2070,1504,0.63427372120265524
043386,3456,2070,1419,0.64102331958042857
043386,3456,2070,1420,0.62258441053132163
043386,3456,2070,1422,0.63238338545566664
043386,3458,2070,1110,0.64171955806299952
043386,3458,2070,1113,0.63188706859921628
043386,3458,2070,1114,0.63458175218610791
043386,3459,2070,1437,0.61485788113695095
043386,3461,2070,1194,0.64407677574473288
043386,3462,2070,1607,0.64855699356356844
043386,3462,2070,1610,0.61186513017498934
043386,3464,2070,1333,0.62992087525642282
043386,3466,2070,1104,0.60467076974959955
043386,3467,2070,1290,0.64860566217792381
043386,3469,2070,1014,0.64357025096171461
043386,3470,2070,811,0.60659599528857477
043386,3470,2070,813,0.61792241624944033
043386,3470,2070,823,0.64839467501957715
043386,3471,2070,973,0.65932188146416049
043386,3472,2070,1029,0.64811116805391111
043386,3472,2070,1033,0.58993602362204722
043386,3474,2070,1120,0.62846672397412118
043386,3476,2070,1484,0.64124277942908414
043386,3477,2070,984,0.63703954038526533
043386,3477,2070,986,0.62671855338584148
043386,3478,2070,1247,0.61992346141830679
043386,3479,2070,1303,0.64739841195702941
043386,3480,2070,1261,0.60223266745005877
043386,3483,2070,1126,0.63888540228442325
043386,3484,2070,1234,0.63569954601733392
043386,3485,2070,1202,0.60966353677621288
043386,3485,2070,1203,0.59956228473019513
043386,3487,2070,1203,0.6342932883479937
043386,3489,2070,1182,0.63736479842674532
043386,3493,2070,1349,0.62295081967213117
043386,3495,2070,1194,0.62488493747333917
043386,3496,2070,1332,0.61417163651066409
043386,3496,2070,1336,0.63345384429983131
043386,3496,2070,1337,0.62661100406765147
043386,3497,2070,1249,0.65047048759623605
043386,3498,2070,932,0.61880005031235585
043386,3498,2070,933,0.58567495520692214
043386,3499,2070,1311,0.60459524445631851
043386,3501,2070,1415,0.62230683506686479
043386,3502,2070,1139,0.6167170277056645
043386,3503,2070,1343,0.62452222892778109
043386,3504,2070,916,0.6118609561152164
043386,3505,2070,1317,0.63224728487886384
043386,3505,2070,1321,0.57884272033760753
043386,3506,2070,1427,0.63720636769559313
043386,3506,2070,1428,0.58886956521739131
043386,3507,2070,1135,0.62420237010027346
043386,3507,2070,1138,0.62064631956912031
043386,3508,2070,1298,0.6301727741396127
043386,3510,2070,1267,0.6330784885319839
043386,3511,2070,1316,0.65264029777486909
043386,3511,2070,1318,0.63340316130260899
043386,3511,2070,1321,0.62099538170413793
043386,3512,2070,807,0.62680590452261309
043386,3513,2070,1355,0.60262141400112845
043386,3513,2070,1358,0.6456524853172898
043386,3517,2070,874,0.61508771492959147
043386,3517,2070,876,0.6439829773819844
043386,3517,2070,877,0.59085608018659774
043386,3517,2070,878,0.64000299031884278
043386,3517,2070,880,0.64661677875659118
043386,3519,2070,1295,0.65288450725343927
043386,3520,2070,1470,0.61202551407288464
043386,3521,2070,1249,0.47232666830656783
043386,3523,2070,1264,0.62905091036226235
043386,3524,2070,774,0.6463510649036035
043386,3526,2070,1180,0.59422604422604419
043386,3527,2070,1270,0.61253729385921774
043386,3527,2070,1272,0.59447377683914115
043386,3527,2070,1273,0.60677622235747619
043386,3528,2070,1205,0.64141637872478663
043386,3528,2070,1208,0.59930179428600761
043386,3529,2070,1112,0.63209700961862347
043386,3530,2070,862,0.61980449220207445
043386,3532,2070,720,0.64706626201315121
043386,3532,2070,722,0.60854249229414359
043386,3532,2070,727,0.62500867874748312
043386,3533,2070,1128,0.62452450212575517
043386,3533,2070,1132,0.63181239475953843
043386,3534,2070,1171,0.60322755138838802
043386,3536,2070,1088,0.61419363412851358
043386,3536,2070,1089,0.62490385050450203
043386,3537,2070,915,0.60628794449262791
043386,3538,2070,1247,0.63461716650708833
043386,3539,2070,789,0.64716422837068388
043386,3539,2070,793,0.61666523641980608
043386,3540,2070,1130,0.63568171789969108
043386,3541,2070,803,0.63600459370885964
043386,3541,2070,804,0.5506236545003369
043386,3542,2070,1013,0.63425638343086932
043386,3542,2070,1016,0.64308034972241612
043386,3543,2070,955,0.64496966632962593
043386,3544,2070,973,0.62726590714796659
043386,3544,2070,975,0.62279204710299518
043386,3544,2070,979,0.63765830832612791
043386,3548,2070,1041,0.6340316374519025
043386,3548,2070,1051,0.62071962454371632
043386,3549,2070,1182,0.62123903478807418
043386,3550,2070,876,0.62358591248665951
043386,3550,2070,878,0.64746809297066943
043386,3553,2070,1111,0.61343322330601191
043386,3553,2070,1112,0.64258831074581024
043386,3553,2070,1114,0.61114537444933925
043386,3555,2070,754,0.63508591507048895
043386,3556,2070,717,0.63514586569998277
043386,3556,2070,719,0.64485347541777671
043386,3556,2070,722,0.6392815646785438
043386,3558,2070,1021,0.5985074472806845
043386,3558,2070,1023,0.6168484907783377
043386,3562,2070,1272,0.43969517094792504
043386,3562,2070,1274,0.59808957375867355
043386,3562,2070,1278,0.63574407486522222
043386,3562,2070,1281,0.62400917293982749
043386,3563,2070,952,0.61764705882352944
043386,3564,2070,1114,0.63584144069550819
043386,3566,2070,751,0.64406642692634042
043386,3566,2070,754,0.59522366347436051
043386,3567,2070,811,0.6228590328143826
043386,3570,2070,1041,0.60196295709988923
043386,3570,2070,1043,0.60111524163568775
043386,3570,2070,1044,0.61978179216598106
043386,3570,2070,1046,0.63055872291904214
043386,3571,2070,1278,0.63675593914049289
043386,3571,2070,1284,0.61580870965743661
043386,3572,2070,1304,0.64288447638079849
043386,3572,2070,1309,0.62097310231754332
043386,3573,2070,1149,0.64626240971850035
043386,3573,2070,1150,0.60450592885375498
043386,3573,2070,1151,0.65327610668427483
043386,3573,2070,1153,0.6195375767771214
043386,3574,2070,694,0.59589364718010396
043386,3575,2070,1299,0.62313546423135469
043386,3575,2070,1300,0.63165304446443238
043386,3576,2070,1136,0.64202712681201668
043386,3576,2070,1141,0.61801508399040106
043386,3577,2070,1175,0.63370100509748584
043386,3577,2070,1180,0.64588261659901891
043386,3578,2070,1033,0.61580758732544805
043386,3579,2070,1061,0.64312344656172327
043386,3580,2070,1163,0.63772536369588473
043386,3580,2070,1166,0.60489943761319231
043386,3583,2070,732,0.62497483998228731
043386,3584,2070,1107,0.59675502008032133
043386,3584,2070,1113,0.6213855541817892
043386,3585,2070,892,0.64069024286322962
043386,3585,2070,899,0.66665058380777764
043386,3586,2070,1116,0.65115304746985314
043386,3586,2070,1119,0.63884195307192504
043386,3588,2070,1004,0.59102556636188919
043386,3588,2070,1006,0.64180510087064602
043386,3589,2070,1020,0.64298018949181734
043386,3589,2070,1025,0.63664370880545063
043386,3590,2070,1129,0.63891099476439794
043386,3591,2070,1136,0.64994321268085531
043386,3592,2070,1273,0.63463972516047373
043386,3592,2070,1280,0.64478145613710625
043386,3594,2070,1140,0.64807068465084516
043386,3594,2070,1145,0.5957446808510638
043386,3595,2070,1085,0.61394763812540765
043386,3596,2070,746,0.62061394754700416
043386,3597,2070,1100,0.64703611563867203
043386,3597,2070,1102,0.60080868122753661
043386,3597,2070,1103,0.63378755032517808
043386,3599,2070,952,0.57624459333389877
043386,3599,2070,955,0.63561964962220319
043386,3599,2070,958,0.58952709398660164
043386,3601,2070,890,0.63917445482866042
043386,3603,2070,872,0.59241326343206335
043386,3603,2070,875,0.65176617693029071
043386,3605,2070,1057,0.64093143339456826
043386,3606,2070,1239,0.63983143368706052
043386,3608,2070,1082,0.63072321127032371
043386,3608,2070,1083,0.62837795341621416
043386,3610,2070,1141,0.61391360621258695
043386,3610,2070,1144,0.63832899869960991
043386,3611,2070,958,0.60451160753394662
043386,3611,2070,964,0.59554293415479398
043386,3612,2070,1247,0.63549065081895928
043386,3613,2070,1121,0.62652136217473853
043386,3614,2070,986,0.63767763877080041
043386,3614,2070,989,0.59333720860309891
043386,3615,2070,908,0.65294043571338622
043386,3615,2070,911,0.63680619537339078
043386,3617,2070,1332,0.59184912380104415
043386,3617,2070,1334,0.63339570612566476
043386,3618,2070,1028,0.61875000000000002
043386,3619,2070,1153,0.62745978607005792
043386,3619,2070,1156,0.63558663558663564
043386,3620,2070,1076,0.66485501130878033
043386,3621,2070,808,0.62670140604644897
043386,3622,2070,1048,0.63735089144469625
043386,3622,2070,1049,0.65243786757730982
043386,3623,2070,1058,0.61152754530237974
043386,3624,2070,1040,0.59402842366030684
043386,3624,2070,1041,0.6007506747638327
043386,3626,2070,904,0.60635199482224589
043386,3627,2070,1049,0.62928821470245044
043386,3628,2070,1206,0.62564949588795982
043386,3630,2070,1323,0.65183076901923576
043386,3631,2070,917,0.63798894052990462
043386,3632,2070,1242,0.63921756105334449
043386,3633,2070,1169,0.64133289197837362
043386,3633,2070,1176,0.65600104054888952
043386,3634,2070,907,0.61094384539980395
043386,3634,2070,910,0.60834981322786197
043386,3635,2070,802,0.6279834659318192
043386,3635,2070,803,0.63323435898783409
043386,3635,2070,808,0.6007085498346717
043386,3636,2070,1218,0.6013937550533246
043386,3638,2070,1145,0.6605500180136904
043386,3639,2070,1231,0.63096768473779863
043386,3639,2070,1236,0.62745098039215685
043386,3640,2070,1053,0.64287875513291548
043386,3642,2070,1079,0.65151797772090703
043386,3642,2070,1082,0.64227663252405898
043386,3643,2070,1156,0.65727539685917347
043386,3645,2070,1310,0.62442518998983498
043386,3645,2070,1311,0.63793728110784587
043386,3647,2070,1103,0.6185393459651134
043386,3648,2070,1172,0.61792725173210161
043386,3648,2070,1173,0.63594634165644415
043386,3651,2070,1200,0.61763019589106549
043386,3651,2070,1204,0.60388531504281517
043386,3652,2070,1298,0.63885183538362733
043386,3655,2070,1063,0.62636140637775961
043386,3656,2070,1178,0.6410837981977564
043386,3658,2070,1132,0.61126833033187544
043386,3658,2070,1133,0.62376769342897698
043386,3659,2070,980,0.64892893573614419
043386,3660,2070,1277,0.64978340094891018
043386,3660,2070,1281,0.66020000000000001
043386,3665,2070,1248,0.60459423069076668
043386,3665,2070,1250,0.63327939130681654
043386,3666,2070,1230,0.60218306154655443
043386,3666,2070,1231,0.62510307245545482
043386,3667,2070,1174,0.62779776985266822
043386,3667,2070,1177,0.64747395833333332
043386,3668,2070,1159,0.60950483137195921
043386,3669,2070,1034,0.65747603082171635
043386,3669,2070,1036,0.5938259513186056
043386,3670,2070,1078,0.5709816910479345
043386,3672,2070,1027,0.63018135409628606
043386,3672,2070,1034,0.64673113512877345
043386,3673,2070,1142,0.6191257110644186
043386,3673,2070,1145,0.64649743459334941
043386,3673,2070,1146,0.62255182165528444
043386,3675,2070,864,0.6367924528301887
043386,3678,2070,901,0.63337236301573752
043386,3679,2070,1043,0.63787916001473655
043386,3679,2070,1045,0.63345223126074568
043386,3679,2070,1046,0.62096502080755822
043386,3680,2070,1438,0.62005394505983713
043386,3680,2070,1441,0.64346190028222017
043386,3681,2070,1146,0.57641610260064124
043386,3681,2070,1147,0.64014348605902494
043386,3681,2070,1149,0.62918330565077574
043386,3682,2070,1168,0.64331236607451436
043386,3683,2070,1241,0.60682819383259912
043386,3684,2070,1175,0.60659107486240971
043386,3685,2070,1121,0.61567666870789961
043386,3688,2070,782,0.64687697445617831
043386,3689,2070,1277,0.62157213599101158
043386,3689,2070,1279,0.61092682146996524
043386,3690,2070,1175,0.64159430399538164
043386,3694,2070,1155,0.64431810055066863
043386,3695,2070,1041,0.62624441694021415
043386,3696,2070,782,0.61392160399969076
043386,3696,2070,783,0.65256300360020569
043386,3697,2070,1292,0.62573785073178623
043386,3698,2070,1064,0.58152890628323484
043386,3698,2070,1066,0.64299968956494746
043386,3699,2070,1258,0.60985757121439277
043386,3700,2070,1114,0.63720107092616962
043386,3701,2070,1077,0.65022976316719694
043386,3703,2070,1271,0.6523296374735269
043386,3703,2070,1274,0.62416454487587525
043386,3704,2070,869,0.59987465305757004
043386,3704,2070,870,0.60445558149114376
043386,3704,2070,872,0.60562124624624625
043386,3705,2070,1019,0.57654307484778888
043386,3705,2070,1022,0.65093761959433605
043386,3707,2070,1088,0.65019743656136719
043386,3708,2070,1147,0.61001972386587766
043386,3708,2070,1151,0.61356777853780231
043386,3709,2070,786,0.641010422354645
043386,3709,2070,796,0.64470255923247377
043386,3710,2070,1194,0.63982042146634499
043386,3710,2070,1196,0.58661717114030076
043386,3710,2070,1199,0.64256694992720997
043386,3711,2070,1252,0.66011507124377344
043386,3712,2070,1189,0.64241225902125554
043386,3714,2070,1297,0.62062277771791829
043386,3714,2070,1304,0.63647650014779777
043386,3714,2070,1306,0.64285357820141731
043386,3716,2070,1220,0.64828791949170617
043386,3716,2070,1221,0.59331398070980423
043386,3718,2070,1185,0.6241453239077529
043386,3719,2070,1219,0.62867245409799477
043386,3719,2070,1226,0.64595944909989689
043386,3720,2070,1079,0.64482659884455373
043386,3720,2070,1080,0.61457312234514305
043386,3721,2070,1494,0.65640535372848952
043386,3722,2070,1121,0.65245393771400617
043386,3722,2070,1123,0.64588943938490639
043386,3722,2070,1125,0.6195086639822649
043386,3722,2070,1126,0.63650884665792917
043386,3723,2070,1203,0.64077005542756782
043386,3723,2070,1209,0.63063719536879603
043386,3724,2070,1008,0.62586292138946364
043386,3724,2070,1009,0.63517584537792371
043386,3724,2070,1010,0.60569663065138302
043386,3725,2070,782,0.6230055843637814
043386,3726,2070,1366,0.60166929844349204
043386,3727,2070,1004,0.6239426523297491
043386,3727,2070,1008,0.60586226197411552
043386,3728,2070,1083,0.62990775983266467
043386,3729,2070,1202,0.61446847908425217
043386,3730,2070,1395,0.6440407418668288
043386,3732,2070,1362,0.63167031074007818
043386,3732,2070,1364,0.63521584953817511
043386,3735,2070,1225,0.61666897795035358
043386,3736,2070,846,0.61954125428021956
043386,3737,2070,1406,0.60176586564562673
043386,3737,2070,1413,0.63380281690140849
043386,3738,2070,1335,0.65300431832202344
043386,3738,2070,1336,0.62960636515912893
043386,3738,2070,1337,0.62958759752761173
043386,3738,2070,1343,0.6157075611721301
043386,3739,2070,1113,0.59854283869777736
043386,3739,2070,1114,0.63049264168667152
043386,3741,2070,1287,0.62140188969457266
043386,3742,2070,1266,0.6425560076474337
043386,3742,2070,1267,0.63511117173646159
043386,3743,2070,934,0.63181818181818183
043386,3743,2070,939,0.6370110281390633
043386,3744,2070,1030,0.58773087071240104
043386,3744,2070,1033,0.63892327714820807
043386,3747,2070,1446,0.65491113189897099
043386,3747,2070,1450,0.60706205559146731
043386,3748,2070,1397,0.60841876359117741
043386,3749,2070,1238,0.6222202295552367
043386,3750,2070,1381,0.65760542712117198
043386,3750,2070,1388,0.5990587801051952
043386,3751,2070,1391,0.61394114580865278
043386,3751,2070,1395,0.65025034530386738
043386,3753,2070,1274,0.63835477318889644
043386,3753,2070,1280,0.64663913540110707
043386,3754,2070,1080,0.62386320575975751
043386,3755,2070,1029,0.65831625030401997
043386,3756,2070,1135,0.60853408508457196
043386,3757,2070,1263,0.63267226890756301
043386,3758,2070,1506,0.65915485111005878
043386,3758,2070,1510,0.63051107488733338
043386,3763,2070,1482,0.61290474176418064
043386,3765,2070,983,0.62402687598927542
043386,3765,2070,989,0.62271442819148937
043386,3765,2070,992,0.61023427103642491
043386,3766,2070,1012,0.58016047585117259
043386,3766,2070,1016,0.62235888922426807
043386,3767,2070,1285,0.62894921600748888
043386,3767,2070,1292,0.59416312751824019
043386,3767,2070,1294,0.61979621542940322
043386,3768,2070,1328,0.59553234876104555
043386,3770,2070,1305,0.6443734584125187
043386,3771,2070,1339,0.6405239687848383
043386,3771,2070,1340,0.6256499133448874
043386,3771,2070,1341,0.62836292872780342
043386,3771,2070,1342,0.60952051437303578
043386,3773,2070,1166,0.60797761934843431
043386,3776,2070,1261,0.62478412317419429
043386,3776,2070,1264,0.61873844433933867
043386,3776,2070,1265,0.6353917479941571
043386,3777,2070,1174,0.61380059204488169
043386,3777,2070,1176,0.63279180646300548
043386,3778,2070,872,0.61740021469698447
043386,3778,2070,874,0.63801015087255786
043386,3780,2070,1282,0.60880746873348601
043386,3781,2070,1198,0.64036325163110563
043386,3781,2070,1200,0.64387900871617565
043386,3782,2070,1174,0.59766201804758001
043386,3783,2070,1114,0.62045250672779828
043386,3783,2070,1117,0.59331394278561167
043386,3784,2070,913,0.6221245622467898
043386,3785,2070,1328,0.62001425995050963
043386,3785,2070,1329,0.64345523329129883
043386,3787,2070,1215,0.65045323397778132
043386,3787,2070,1216,0.64834379036722645
043386,3787,2070,1223,0.62615843964480977
043386,3788,2070,1360,0.64382279534109821
043386,3789,2070,1241,0.64250753573880082
043386,3790,2070,1116,0.64959366980325062
043386,3794,2070,1136,0.63280719870187341
043386,3795,2070,1329,0.65510226323246268
043386,3795,2070,1331,0.65752689774386786
043386,3795,2070,1336,0.60883064700241996
043386,3795,2070,1338,0.62903422609968884
043386,3796,2070,1236,0.64077400802071871
043386,3797,2070,1218,0.62455220620358232
043386,3797,2070,1220,0.65197431589054244
043386,3798,2070,1312,0.63985566290303808
043386,3799,2070,1330,0.654799149042673
043386,3800,2070,1077,0.62603724875530153
043386,3800,2070,1082,0.64990503753278461
043386,3802,2070,1521,0.62962135097679828
043386,3802,2070,1524,0.63529853347274723
043386,3803,2070,1297,0.62037406713553023
043386,3803,2070,1300,0.62777252266945005
043386,3804,2070,959,0.62737736501506691
043386,3806,2070,1064,0.63451523305268642
043386,3807,2070,1011,0.62261474743272127
043386,3807,2070,1019,0.63022404569405899
043386,3810,2070,818,0.63687743750399595
043386,3812,2070,1199,0.59835818971074917
043386,3814,2070,1136,0.64303023440154006
043386,3815,2070,1071,0.61414571146395203
043386,3816,2070,1060,0.63665850375439903
043386,3816,2070,1061,0.59199220480113379
043386,3818,2070,1044,0.6628374330930803
043386,3818,2070,1045,0.60848977539389881
043386,3818,2070,1047,0.64688398476960141
043386,3818,2070,1055,0.64578293150913491
043386,3819,2070,1256,0.64347840330215722
043386,3820,2070,1136,0.6350359974482821
043386,3821,2070,1008,0.58075827306596539
043386,3823,2070,815,0.615358643457383
043386,3823,2070,824,0.62706290009984145
043386,3824,2070,1040,0.63596197284483824
043386,3824,2070,1043,0.6141821993346398
043386,3826,2070,1205,0.58232866075442391
043386,3827,2070,1050,0.65000574844791903
043386,3829,2070,1131,0.64117647058823535
043386,3829,2070,1133,0.61584185789328172
043386,3830,2070,1105,0.60379863989376681
043386,3830,2070,1111,0.61303462321792257
043386,3831,2070,861,0.60955887661540686
043386,3831,2070,865,0.64143968570677312
043386,3832,2070,1279,0.61993877147936005
043386,3833,2070,1164,0.55443238071467205
043386,3833,2070,1165,0.63474394264799294
043386,3833,2070,1166,0.65315698035684844
043386,3834,2070,1061,0.64197065891889948
043386,3834,2070,1065,0.62364945978391362
043386,3836,2070,955,0.58358505221368773
043386,3838,2070,1091,0.62487366755019924
043386,3839,2070,720,0.64140770928850399
043386,3840,2070,710,0.6192209991532599
043386,3840,2070,711,0.60510506536812581
043386,3840,2070,712,0.62061727970271474
043386,3841,2070,1266,0.6358910891089109
043386,3842,2070,1194,0.64685393766680233
043386,3842,2070,1195,0.63346274027080773
043386,3843,2070,1218,0.62836021505376349
043386,3845,2070,1385,0.60608504398826979
043386,3846,2070,1244,0.63795813164015847
043386,3846,2070,1249,0.65472452183842422
043386,3846,2070,1252,0.63663159229208921
043386,3847,2070,795,0.64682658670664672
043386,3848,2070,1087,0.63400236127508858
043386,3850,2070,1259,0.62638309450389984
043386,3850,2070,1261,0.63963230371134394
043386,3850,2070,1263,0.60058637798827241
043386,3853,2070,1066,0.59398721962516621
043386,3853,2070,1068,0.64769002412023002
043386,3855,2070,1226,0.63535893375560837
043386,3856,2070,1186,0.58678067945458745
043386,3856,2070,1188,0.59442823454174831
043386,3861,2070,891,0.65745670734824746
043386,3862,2070,1197,0.64880830290847935
043386,3862,2070,1200,0.61666060716233417
043386,3864,2070,1056,0.62423371647509573
043386,3868,2070,1155,0.63687578871462047
043386,3871,2070,967,0.65563464916335401
043386,3873,2070,1134,0.60218948061568855
043386,3874,2070,1137,0.63192584088106474
043386,3874,2070,1139,0.61693600517129932
043386,3874,2070,1142,0.62663600990449242
043386,3876,2070,994,0.5990088185992275
043386,3876,2070,998,0.58182486822212232
043386,3877,2070,1046,0.60691436518974762
043386,3877,2070,1048,0.62866076876143995
043386,3877,2070,1052,0.63531945441493176
043386,3878,2070,1250,0.64812675358970129
043386,3878,2070,1251,0.63729538783024031
043386,3879,2070,1042,0.63613040208784888
043386,3880,2070,1260,0.6154149224328983
043386,3880,2070,1261,0.63460022880386424
043386,3880,2070,1263,0.61345675002706501
043386,3881,2070,1220,0.64224351948137115
043386,3882,2070,1134,0.59915553719766856
043386,3883,2070,883,0.58906678205682961
043386,3883,2070,891,0.60880480588182551
043386,3884,2070,733,0.58202685145084454
043386,3884,2070,741,0.64652935452481353
043386,3886,2070,1118,0.64331182420648758
043386,3887,2070,1214,0.61819893126062664
043386,3888,2070,1143,0.62194345968548315
043386,3890,2070,865,0.63025962399283797
043386,3890,2070,867,0.65020888720091152
043386,3892,2070,913,0.6421200363246099
043386,3893,2070,1357,0.59653422624184471
043386,3893,2070,1358,0.64712428774928776
043386,3897,2070,909,0.60897124600638974
043386,3898,2070,1167,0.5797994333768044
043386,3900,2070,1365,0.65431813987820631
043386,3901,2070,1111,0.61727990563874058
043386,3902,2070,1169,0.62910701411061898
043386,3903,2070,1308,0.66032095117006284
043386,3904,2070,950,0.63813900057438255
043386,3904,2070,955,0.60709948297997851
043386,3906,2070,1221,0.62471112301972742
043386,3909,2070,992,0.6343760638499073
043386,3915,2070,1084,0.62367912737188957
043386,3915,2070,1085,0.6308159660897209
043386,3916,2070,995,0.65178931790663264
043386,3917,2070,827,0.60738408178167214
043386,3921,2070,731,0.64391955098222642
043386,3922,2070,1203,0.61454473593201919
043386,3923,2070,702,0.57440980826920573
043386,3924,2070,1295,0.6439632277834525
043386,3924,2070,1296,0.63966120617472144
043386,3925,2070,1220,0.6175908944811026
043386,3926,2070,633,0.62726296693939509
043386,3928,2070,784,0.65374686267479387
043386,3928,2070,787,0.63336169523114949
043386,3928,2070,788,0.61059181987192723
043386,3930,2070,816,0.61433462474096767
043386,3930,2070,820,0.61849959409770305
043386,3931,2070,1194,0.5856612446958982
043386,3932,2070,1309,0.64289428076256494
043386,3932,2070,1315,0.62335238539601068
043386,3934,2070,1126,0.62620065163119365
043386,3934,2070,1128,0.6003886545935665
043386,3934,2070,1129,0.64443012545957623
043386,3936,2070,913,0.57854032398536837
043386,3937,2070,970,0.57756959473481362
043386,3938,2070,1278,0.63166173205033305
043386,3939,2070,700,0.60562240517908661
043386,3940,2070,1237,0.66038619075482741
043386,3940,2070,1238,0.63238927960463787
043386,3940,2070,1240,0.64893648757495304
043386,3941,2070,757,0.65454717159316267
043386,3941,2070,758,0.64516448672215621
043386,3943,2070,1196,0.60396085959080481
043386,3943,2070,1197,0.63854557967482006
043386,3943,2070,1199,0.6456515505304985
043386,3945,2070,1380,0.66262451277609358
043386,3946,2070,815,0.61779121432824879
043386,3946,2070,816,0.63999498731163262
043386,3951,2070,1098,0.64641047395910356
043386,3952,2070,1119,0.6147632419125284
043386,3952,2070,1120,0.62370421561852107
043386,3954,2070,1106,0.62362981838773612
043386,3954,2070,1107,0.62841506319767193
043386,3954,2070,1111,0.64225732815809211
043386,3955,2070,1007,0.65290078143499886
043386,3957,2070,1037,0.60700136189179155
043386,3958,2070,1251,0.5959187831047128
043386,3959,2070,916,0.60945533263751983
043386,3959,2070,919,0.63630907726931729
043386,3960,2070,1121,0.64097966117691474
043386,3960,2070,1127,0.61364507474128016
043386,3961,2070,1238,0.64908363568704064
043386,3962,2070,1048,0.65178377202523385
043386,3963,2070,1121,0.61802443601823132
043386,3963,2070,1125,0.63242382901318783
043386,3964,2070,1167,0.63665016501650162
043386,3964,2070,1168,0.61611143919130162
043386,3964,2070,1174,0.65372652920170482
043386,3965,2070,1139,0.62806866698292219
043386,3966,2070,761,0.60034602076124566
043386,3968,2070,1133,0.6334279630943932
043386,3969,2070,958,0.64366223207686624
043386,3971,2070,1202,0.6232268929334801
043386,3971,2070,1204,0.60248122445099339
043386,3972,2070,1124,0.62805184755271815
043386,3972,2070,1125,0.64214961965741801
043386,3972,2070,1131,0.64940514720653553
043386,3974,2070,1248,0.59206453428383832
043386,3974,2070,1250,0.56946577224601957
043386,3977,2070,1007,0.64112415136045475
043386,3977,2070,1009,0.60625529971952252
043386,3980,2070,1168,0.64104451167988663
043386,3983,2070,782,0.60530997673463804
043386,3984,2070,865,0.62787746170678338
043386,3984,2070,871,0.62202258918253994
043386,3985,2070,1171,0.6219587176108915
043386,3986,2070,1033,0.65670125147074554
043386,3987,2070,1256,0.6432827986537808
043386,3987,2070,1258,0.62622623406629985
043386,3987,2070,1262,0.6212262268918739
043386,3988,2070,1106,0.6012815351583467
043386,3989,2070,839,0.63122531253817649
043386,3989,2070,846,0.63062352012628253
043386,3991,2070,982,0.59091225142539283
043386,3991,2070,988,0.60777195530020833
043386,3991,2070,994,0.65143189981555194
043386,3992,2070,1144,0.64738858264038124
043386,3994,2070,1271,0.63240669326984345
043386,3995,2070,846,0.66261387958179718
043386,3995,2070,849,0.65095319092535731
043386,3995,2070,852,0.64780747689085194
043386,3995,2070,853,0.6395639742673338
043386,3998,2070,823,0.64426111984934575
043386,3998,2070,829,0.59641128889830808
043386,3999,2070,922,0.62977261457816813
043386,3999,2070,927,0.6072752303293445
043386,4001,2070,1190,0.6427126293673644
043386,4001,2070,1193,0.64755747451228607
043386,4002,2070,1223,0.59350753589583516
043386,4003,2070,1261,0.63376584890883303
043386,4004,2070,1265,0.60723532293051574
043386,4005,2070,1235,0.60016992353440957
043386,4006,2070,1262,0.63697716820420713
043386,4006,2070,1264,0.63799786153434912
043386,4007,2070,1180,0.59843591691995945
043386,4008,2070,845,0.60264900662251653
043386,4011,2070,1348,0.63800182481751821
043386,4012,2070,1339,0.57930130703176186
043386,4012,2070,1341,0.63051411050892836
043386,4014,2070,1338,0.65258624439900814
043386,4016,2070,1204,0.61730915822715893
043386,4017,2070,1396,0.61530872317684782
043386,4019,2070,1332,0.60460644007155639
043386,4020,2070,1263,0.60999004614966967
043386,4020,2070,1264,0.64945675203823927
043386,4020,2070,1265,0.63879791947601616
043386,4020,2070,1271,0.61225695299040117
043386,4021,2070,1195,0.61054753107154858
043386,4021,2070,1203,0.64885619713129827
043386,4023,2070,1034,0.6393840070755944
043386,4024,2070,1266,0.62444232942716082
043386,4025,2070,1314,0.59229322556120201
043386,4026,2070,1289,0.63778285239775789
043386,4026,2070,1292,0.63946592345334929
043386,4026,2070,1296,0.6267330634471393
043386,4026,2070,1298,0.6373918556848629
043386,4027,2070,1353,0.63346726542188603
043386,4027,2070,1357,0.59460196292257361
043386,4027,2070,1363,0.64800882244822944
043386,4028,2070,1037,0.60962374672081077
043386,4029,2070,1214,0.6087375939152212
043386,4030,2070,1196,0.63885272418826689
043386,4031,2070,1384,0.62678765164217376
043386,4035,2070,1028,0.62199219329018229
043386,4037,2070,1232,0.63998899889989003
043386,4037,2070,1236,0.61540084388185656
043386,4039,2070,1120,0.60147408464098906
043386,4040,2070,1222,0.58927209558511995
043386,4041,2070,1007,0.62816209988478688
043386,4043,2070,1269,0.61751999657812562
043386,4044,2070,1094,0.60150763180073041
043386,4045,2070,1169,0.64520107927534365
043386,4046,2070,869,0.61978669543926634
043386,4046,2070,874,0.64357006746665291
043386,4047,2070,931,0.64221453882409607
043386,4048,2070,1299,0.63529023944379515
043386,4049,2070,1212,0.61806519553874872
043386,4049,2070,1213,0.58428569002699993
043386,4050,2070,851,0.6521694497673145
043386,4050,2070,860,0.64690472352087702
043386,4051,2070,920,0.6381045313167043
043386,4051,2070,927,0.63518356774990214
043386,4053,2070,1299,0.62969588550983902
043386,4053,2070,1301,0.64465737366529907
043386,4054,2070,935,0.62649546058771954
043386,4054,2070,945,0.65458680443972017
043386,4056,2070,949,0.63409071348653068
043386,4056,2070,951,0.62765058952038832
043386,4057,2070,1172,0.64255195886740535
043386,4057,2070,1175,0.60087047353760448
043386,4059,2070,1201,0.62956810631229232
043386,4060,2070,1279,0.63389191326297867
043386,4060,2070,1280,0.64286694833818891
043386,4060,2070,1282,0.62045334739061675
043386,4061,2070,896,0.60110813488423298
043386,4061,2070,897,0.5938760327342496
043386,4062,2070,1316,0.59004304565662269
043386,4062,2070,1317,0.60553449583017438
043386,4064,2070,1371,0.59700146781295871
043386,4065,2070,1131,0.64530205372512905
043386,4065,2070,1132,0.624113007029935
043386,4065,2070,1135,0.62059949821735116
043386,4068,2070,969,0.64132999115305223
043386,4069,2070,1233,0.6246597423926763
043386,4071,2070,1384,0.6476142661285651
043386,4071,2070,1387,0.61681358633398076
043386,4076,2070,1132,0.64666335663772623
043386,4077,2070,1226,0.64601568716607938
043386,4077,2070,1227,0.62597330771805726
043386,4079,2070,1195,0.62630202140309155
043386,4081,2070,1221,0.64367242656507473
043386,4081,2070,1225,0.61268993300345931
043386,4082,2070,1347,0.58495182749655905
043386,4082,2070,1348,0.62659080700703695
043386,4082,2070,1352,0.61579863349232955
043386,4082,2070,1354,0.64134070426461021
043386,4082,2070,1357,0.59497902863047836
043386,4083,2070,1500,0.64449418682346649
043386,4084,2070,1320,0.61545702720512097
043386,4084,2070,1332,0.59193778289029486
043386,4084,2070,1333,0.66004377265576908
043386,4085,2070,1288,0.60901888151463701
043386,4086,2070,1115,0.62007453624220088
043386,4087,2070,1186,0.65338386572820795
043386,4088,2070,1231,0.62507716049382711
043386,4088,2070,1232,0.64135907703286688
043386,4089,2070,1228,0.64278661724478403
043386,4089,2070,1230,0.65529650278763307
043386,4089,2070,1231,0.63985913655928006
043386,4091,2070,1129,0.61345083864679362
043386,4091,2070,1130,0.63969363969363968
043386,4093,2070,1283,0.61655875863565668
043386,4095,2070,1216,0.6194805779358149
043386,4095,2070,1222,0.637131041270382
043386,4096,2070,1045,0.61968328752781054
043386,4097,2070,920,0.62597646593493528
043386,4097,2070,922,0.58139534883720934
043386,4098,2070,1109,0.63329363729159582
043386,4098,2070,1112,0.64837209302325582
043386,4098,2070,1118,0.64422418819234961
043386,4099,2070,1311,0.58547675299781576
043386,4101,2070,1190,0.63947305133206855
043386,4101,2070,1195,0.6303665876345067
043386,4102,2070,776,0.64911099893432045
043386,4103,2070,1051,0.65386257803444703
043386,4104,2070,1132,0.59496942027737099
043386,4106,2070,1145,0.59700469144713098
043386,4106,2070,1146,0.64096785057381933
043386,4107,2070,1219,0.63569353509950999
043386,4107,2070,1221,0.6365755456664548
043386,4107,2070,1222,0.63792022248275482
043386,4107,2070,1226,0.63413665895293336
043386,4108,2070,1201,0.59002895403546873
043386,4109,2070,1236,0.59606669372294374
043386,4111,2070,1097,0.61980079313843028
043386,4115,2070,918,0.60859073359073357
043386,4117,2070,1201,0.64297475301866081
043386,4117,2070,1207,0.6267462092965449
043386,4117,2070,1210,0.58599717114568595
043386,4118,2070,811,0.57627269095912304
043386,4119,2070,1007,0.62823238905274714
043386,4120,2070,1168,0.59537468165564789
043386,4120,2070,1171,0.63951322946436806
043386,4121,2070,999,0.60294531469843349
043386,4122,2070,796,0.5912472465816051
043386,4123,2070,1081,0.64148640401437584
043386,4123,2070,1087,0.62155487689929501
043386,4123,2070,1090,0.64003678986995205
043386,4124,2070,1221,0.60588758365704121
043386,4124,2070,1225,0.64040540005542579
043386,4124,2070,1227,0.64221603218817702
043386,4127,2070,1040,0.63506977774496054
043386,4127,2070,1041,0.59672948029617157
043386,4127,2070,1043,0.63513768191812381
043386,4132,2070,911,0.62944293653871008
043386,4132,2070,915,0.6337627118644068
043386,4133,2070,1033,0.61413101178469054
043386,4135,2070,850,0.61294416243654826
043386,4137,2070,1245,0.6463054656255951
043386,4138,2070,1044,0.59037845655842147
043386,4138,2070,1045,0.60527718550106613
043386,4139,2070,1008,0.64519270192701927
043386,4140,2070,992,0.6387573964497042
043386,4140,2070,995,0.59337349397590367
043386,4141,2070,877,0.6265711537823766
043386,4143,2070,1101,0.60419695838409238
043386,4144,2070,966,0.59868868052724555
043386,4146,2070,1381,0.59841264457483978
043386,4146,2070,1382,0.6250346164497369
043386,4147,2070,1191,0.61476745133175859
043386,4148,2070,1067,0.61532045654082523
043386,4148,2070,1072,0.6029552606375701
043386,4149,2070,1089,0.64761109952013352
043386,4149,2070,1090,0.65408557864620998
043386,4151,2070,918,0.60767590618336886
043386,4151,2070,920,0.6387291739095553
043386,4151,2070,922,0.63304546972660913
043386,4151,2070,927,0.62617418827853788
043386,4154,2070,1100,0.59695584562461712
043386,4156,2070,1344,0.62836279052031496
043386,4157,2070,1098,0.6199903428295509
043386,4157,2070,1099,0.63901046622264512
043386,4157,2070,1102,0.64605461357228378
043386,4159,2070,1362,0.6133970039903186
043386,4161,2070,1071,0.6010965276624024
043386,4162,2070,1366,0.60832491602264449
043386,4165,2070,1299,0.63961800513794254
043386,4166,2070,1058,0.60764480812213506
043386,4168,2070,1149,0.65289088407137541
043386,4169,2070,1054,0.63084605105844294
043386,4169,2070,1057,0.56527595269382391
043386,4171,2070,1102,0.59638579358123622
043386,4172,2070,1078,0.62871270917247923
043386,4174,2070,949,0.63011473888467051
043386,4175,2070,1047,0.62025139012195696
043386,4175,2070,1048,0.62527027186691397
043386,4176,2070,1206,0.61108663900030136
043386,4176,2070,1208,0.59365695792880258
043386,4177,2070,1150,0.6406111384918679
043386,4180,2070,1198,0.62283472102593551
043386,4184,2070,1200,0.64313235233840227
043386,4186,2070,827,0.61839136321033084
043386,4187,2070,1136,0.63812593423019437
043386,4187,2070,1137,0.63780120481927716
043386,4190,2070,1100,0.64630507284535721
043386,4191,2070,984,0.59146341463414631
043386,4191,2070,988,0.62669949085212329
043386,4191,2070,989,0.6339492462549029
043386,4192,2070,1293,0.60979598863734186
043386,4193,2070,784,0.64020851048097893
043386,4193,2070,790,0.64749582772979897
043386,4196,2070,1143,0.63184706244576927
043386,4196,2070,1145,0.6470588235294118
043386,4197,2070,1198,0.62212643678160917
043386,4197,2070,1206,0.5891521197007481
043386,4198,2070,1026,0.6131689094918763
043386,4198,2070,1027,0.59256614782023298
043386,4200,2070,1190,0.6349412751677852
043386,4205,2070,1026,0.64350639346787863
043386,4206,2070,1325,0.57468298669016082
043386,4207,2070,899,0.6391543924096541
043386,4207,2070,901,0.59674360516212588
043386,4210,2070,1193,0.62002322184351477
043386,4212,2070,1248,0.60369206598586023
043386,4213,2070,1294,0.65156308586426692
043386,4213,2070,1297,0.64341543215486685
043386,4215,2070,1114,0.63698031214393602
043386,4215,2070,1115,0.64198933896149579
043386,4215,2070,1117,0.62834582647108617
043386,4216,2070,1020,0.6260669804734128
043386,4216,2070,1021,0.66107776653262684
043386,4216,2070,1024,0.62015503875968991
043386,4219,2070,1130,0.64404617921935126
043386,4219,2070,1132,0.65562113003095979
043386,4220,2070,1185,0.63759519756294236
043386,4220,2070,1186,0.60491024509185687
043386,4220,2070,1191,0.64220876216739708
043386,4221,2070,1199,0.59446199341353589
043386,4223,2070,942,0.64305433364681608
043386,4223,2070,943,0.62458664760032179
043386,4224,2070,1146,0.65955504606631854
043386,4226,2070,1216,0.64212409254713532
043386,4228,2070,1158,0.61893552754921366
043386,4229,2070,1316,0.62555413629874523
043386,4230,2070,917,0.61367676851201058
043386,4231,2070,1289,0.59024368863955123
043386,4232,2070,925,0.62971481140754371
043386,4233,2070,1135,0.66075209194475248
043386,4233,2070,1138,0.64957436154231352
043386,4234,2070,965,0.64408297269064319
043386,4235,2070,1236,0.65035509290787041
043386,4237,2070,1209,0.59357086890181043
043386,4238,2070,1073,0.63869526706974233
043386,4238,2070,1075,0.62024089345709998
043386,4239,2070,1288,0.63208206300813008
043386,4240,2070,1170,0.64158108577145312
043386,4242,2070,1023,0.608924360602213
043386,4242,2070,1026,0.61944955776051724
043386,4243,2070,1173,0.64281313264677409
043386,4244,2070,948,0.62081011762624927
043386,4244,2070,949,0.62467327612225021
043386,4245,2070,743,0.64378377456913449
043386,4245,2070,752,0.63706080713586422
043386,4247,2070,1227,0.61667345395310957
043386,4247,2070,1228,0.62844326700183639
043386,4249,2070,740,0.64900636242243348
043386,4250,2070,789,0.64898581087515472
043386,4250,2070,790,0.62592240812449773
043386,4251,2070,1206,0.58302813060079484
043386,4251,2070,1208,0.60980829652565915
043386,4252,2070,1158,0.57540175245663205
043386,4252,2070,1161,0.65267851428327606
043386,4253,2070,1052,0.63710294409339496
043386,4257,2070,1083,0.65239380732453001
043386,4258,2070,1086,0.64575235980011103
043386,4259,2070,1203,0.60864572225412195
043386,4260,2070,938,0.61998364308074116
043386,4260,2070,939,0.59675134858210532
043386,4262,2070,1382,0.61324962113011472
043386,4262,2070,1384,0.61122285620458927
043386,4263,2070,1280,0.59700885962773309
043386,4263,2070,1285,0.64218120490958497
043386,4265,2070,1051,0.64340972756433512
043386,4265,2070,1056,0.63433203937632698
043386,4265,2070,1057,0.60693999269687993
043386,4265,2070,1058,0.64093912055125379
043386,4266,2070,1230,0.60615798083664407
043386,4266,2070,1232,0.60748287957240688
043386,4268,2070,1130,0.62983828476472259
043386,4269,2070,917,0.64637693260412754
043386,4272,2070,932,0.64483000429796189
043386,4272,2070,933,0.64607602254661078
043386,4272,2070,942,0.61352326165365478
043386,4273,2070,1077,0.61320365944119348
043386,4274,2070,757,0.63474326722439989
043386,4274,2070,761,0.64043275350021212
043386,4275,2070,1157,0.59495494477557131
043386,4275,2070,1161,0.61960062314119813
043386,4275,2070,1162,0.61706541891056765
043386,4276,2070,950,0.61303203159280384
043386,4276,2070,956,0.63568148728861018
043386,4277,2070,1241,0.62716190582459275
043386,4277,2070,1243,0.62721960414703115
043386,4278,2070,1040,0.61908407258972398
043386,4278,2070,1041,0.63752777673157324
043386,4279,2070,1112,0.6463204735317577
043386,4280,2070,1050,0.63855463708974225
043386,4280,2070,1051,0.593441539668773
043386,4280,2070,1054,0.62071680132587526
043386,4281,2070,1153,0.63247334214894635
043386,4281,2070,1155,0.65222259836983409
043386,4282,2070,1118,0.61508962811022916
043386,4283,2070,979,0.63521173724574853
043386,4286,2070,1274,0.56856426781238811
043386,4286,2070,1279,0.63330197554092194
043386,4287,2070,1043,0.63736742699404325
043386,4288,2070,820,0.63300278357689632
043386,4290,2070,1176,0.65275169724108051
043386,4290,2070,1177,0.64895423668215946
043386,4293,2070,1406,0.65405094809423481
043386,4293,2070,1409,0.62425777519412029
043386,4293,2070,1411,0.63463390209143777
043386,4295,2070,1207,0.62515110573846266
043386,4296,2070,1248,0.60754278865960076
043386,4296,2070,1250,0.63552270720029747
043386,4299,2070,1274,0.65845431367567042
043386,4300,2070,1442,0.60357319282068167
043386,4301,2070,1206,0.61933018203761436
043386,4301,2070,1211,0.63120711356530923
043386,4302,2070,1177,0.63726981455710541
043386,4302,2070,1178,0.63953839444463079
043386,4303,2070,1234,0.62251059745661042
043386,4303,2070,1241,0.63544027773792788
043386,4304,2070,1074,0.64060979565358422
043386,4304,2070,1076,0.58921700431134394
043386,4305,2070,1421,0.62268485469907975
043386,4309,2070,859,0.63388128752829997
043386,4309,2070,862,0.64060153534335196
043386,4309,2070,863,0.63131313131313127
043386,4311,2070,1348,0.63789618078117105
043386,4312,2070,880,0.64823773324118872
043386,4315,2070,892,0.64202857323471774
043386,4315,2070,895,0.65212124750076617
043386,4315,2070,898,0.64792899408284022
043386,4316,2070,1447,0.64258332029416365
043386,4319,2070,825,0.62407285700873161
043386,4319,2070,827,0.62049905875755995
043386,4319,2070,830,0.63227961465846927
043386,4320,2070,1253,0.63661670235546042
043386,4321,2070,1334,0.64878108654191136
043386,4321,2070,1342,0.62902092785013908
043386,4321,2070,1343,0.63795858169974806
043386,4323,2070,1218,0.63083088873280169
043386,4324,2070,1069,0.62188994734515057
043386,4325,2070,935,0.64424466931694979
043386,4326,2070,1262,0.63212559160983106
043386,4327,2070,1182,0.629730224609375
043386,4327,2070,1188,0.62026960612230564
043386,4328,2070,853,0.61095762843395929
043386,4329,2070,1232,0.60956942082177068
043386,4330,2070,1054,0.63854249751960002
043386,4331,2070,1270,0.62759406367387149
043386,4332,2070,1291,0.6324101410562819
043386,4333,2070,1240,0.6492890082081979
043386,4333,2070,1242,0.60336871250576829
043386,4333,2070,1244,0.65785628057691081
043386,4335,2070,1371,0.61543187567762925
043386,4335,2070,1373,0.63118058412176059
043386,4336,2070,1279,0.63380996926366429
043386,4337,2070,1331,0.62169193504978915
043386,4340,2070,1365,0.64608799931095251
043386,4341,2070,972,0.63552721843347726
043386,4341,2070,978,0.61249191536542547
043386,4342,2070,1453,0.60940277284038391
043386,4342,2070,1456,0.66219404305514595
043386,4343,2070,1250,0.62104355134812328
043386,4344,2070,1089,0.61171606353364993
043386,4345,2070,996,0.61617017481270064
043386,4346,2070,1273,0.59235801491728823
043386,4347,2070,1416,0.60565416432415065
043386,4349,2070,1032,0.64487493538890261
043386,4349,2070,1036,0.64729481508988551
043386,4350,2070,1223,0.60464303007478348
043386,4351,2070,1108,0.64691438628363807
043386,4351,2070,1110,0.65389599679555144
043386,4351,2070,1117,0.60689780524378611
043386,4352,2070,1177,0.64477855701796527
043386,4352,2070,1181,0.62679678861593191
043386,4354,2070,1176,0.6367555051973004
043386,4354,2070,1177,0.61321904452388687
043386,4355,2070,1189,0.65974783429110562
043386,4355,2070,1191,0.63325423773253453
043386,4355,2070,1195,0.63969192384878237
043386,4356,2070,1224,0.62202173467295474
043386,4356,2070,1231,0.61838370045635849
043386,4358,2070,1427,0.63184935097615702
043386,4359,2070,1364,0.58811943238282827
043386,4359,2070,1371,0.59665158371040727
043386,4361,2070,1227,0.64993794709466901
043386,4363,2070,1397,0.62503794547993441
043386,4363,2070,1401,0.6234436143721096
043386,4363,2070,1404,0.6141841434512364
043386,4365,2070,1074,0.6182683590208522
043386,4367,2070,1461,0.64514397129051404
043386,4368,2070,1318,0.65727179983746309
043386,4370,2070,1190,0.61784136150850943
043386,4370,2070,1198,0.65882877361118852
043386,4372,2070,1201,0.64650810945860604
043386,4373,2070,1246,0.61256158813680939
043386,4373,2070,1248,0.63478570840988235
043386,4375,2070,1512,0.59832351608518353
043386,4376,2070,1101,0.63797582176041567
043386,4376,2070,1105,0.61413673232908461
043386,4376,2070,1114,0.64008705269542254
043386,4377,2070,1015,0.60314507947243823
043386,4378,2070,1149,0.6516629157289322
043386,4378,2070,1151,0.62010553855704842
043386,4378,2070,1152,0.63928446509768655
043386,4379,2070,1192,0.64946148229280765
043386,4381,2070,1248,0.64416035039319686
043386,4382,2070,1274,0.64204180801320254
043386,4383,2070,860,0.6518405936389442
043386,4383,2070,861,0.63742847267560199
043386,4388,2070,1211,0.59138485206450375
043386,4389,2070,1285,0.62629225229411079
043386,4390,2070,962,0.64690063501389794
043386,4390,2070,971,0.61862579861247202
043386,4392,2070,1144,0.64686653381994041
043386,4392,2070,1147,0.60813336323540401
043386,4392,2070,1148,0.6416552499385253
043386,4393,2070,1088,0.6361075111286415
043386,4395,2070,1046,0.64069137859225322
043386,4396,2070,1244,0.6077974104013163
043386,4397,2070,646,0.60777986132309969
043386,4400,2070,1100,0.63821138211382111
043386,4401,2070,1042,0.63812439681852973
043386,4401,2070,1043,0.6095167226434447
043386,4404,2070,1065,0.64359007329304363
043386,4405,2070,1336,0.5780844868163868
043386,4405,2070,1339,0.65296510063099977
043386,4408,2070,1095,0.63005571812241956
043386,4412,2070,1114,0.60497281109622503
043386,4413,2070,1010,0.64306459689534301
043386,4413,2070,1014,0.61179569184460536
043386,4413,2070,1016,0.64328390596745022
043386,4415,2070,1104,0.62154159790311625
043386,4417,2070,1126,0.61897015136511524
043386,4417,2070,1127,0.65545410860163378
043386,4418,2070,897,0.6031723281257465
043386,4419,2070,791,0.63774873774873775
043386,4419,2070,793,0.62982653443751491
043386,4420,2070,1045,0.65075348718030845
043386,4422,2070,1334,0.62378242839232323
043386,4423,2070,1093,0.64457644504878453
043386,4423,2070,1096,0.64370132531766633
043386,4423,2070,1099,0.63987255747336425
043386,4424,2070,1084,0.62181532738349177
043386,4430,2070,1135,0.65057870899858183
043386,4433,2070,1018,0.61728059620385822
043386,4434,2070,962,0.58783321941216682
043386,4435,2070,1053,0.6550588235294118
043386,4435,2070,1056,0.64235211571675299
043386,4437,2070,1141,0.63786107106626089
043386,4437,2070,1142,0.66265394576880388
043386,4438,2070,1321,0.64215263366521325
043386,4439,2070,1238,0.63593855993797843
043386,4440,2070,1078,0.65261615162029785
043386,4443,2070,1046,0.60116293875472182
043386,4444,2070,1017,0.60487155704319073
043386,4445,2070,1120,0.61639218873246171
043386,4448,2070,1130,0.61185279187817254
043386,4449,2070,1028,0.6143868463119434
043386,4449,2070,1029,0.62064073226544625
043386,4450,2070,1260,0.62812152965631141
043386,4450,2070,1267,0.6357081838373484
043386,4451,2070,940,0.62572925610373598
043386,4452,2070,1200,0.61584650112866812
043386,4452,2070,1202,0.63831735170818682
043386,4453,2070,1168,0.63486636106309957
043386,4454,2070,1096,0.64048515674671103
043386,4454,2070,1100,0.5897013739071193
043386,4454,2070,1102,0.58906658080211804
043386,4455,2070,925,0.61363564091964262
043386,4457,2070,1076,0.62838122524648188
043386,4458,2070,1187,0.64852498294537531
043386,4458,2070,1190,0.62540699226047503
043386,4458,2070,1193,0.5993274931421998
043386,4460,2070,662,0.63596523263457749
043386,4460,2070,664,0.63669650122050447
043386,4464,2070,1156,0.61719699828113861
043386,4465,2070,1330,0.64017123054970437
043386,4466,2070,886,0.64198457726916847
043386,4466,2070,887,0.60552613170780456
043386,4466,2070,890,0.62820758330141713
043386,4467,2070,1101,0.63379993570823223
043386,4467,2070,1104,0.58741626794258373
043386,4468,2070,1318,0.6198991756931671
043386,4469,2070,1141,0.64916048418586492
043386,4470,2070,1144,0.61870087283599362
043386,4471,2070,926,0.5941994904957868
043386,4472,2070,1157,0.63278946693768423
043386,4473,2070,841,0.63169793494398707
043386,4474,2070,1318,0.62839646178271713
043386,4475,2070,1004,0.63636066056727603
043386,4479,2070,1281,0.60479200575343506
043386,4480,2070,1157,0.64270850334584628
043386,4481,2070,1253,0.60790009809099832
043386,4482,2070,899,0.64747717443536756
043386,4482,2070,901,0.62107921318447634
043386,4484,2070,1211,0.64363540603706504
043386,4485,2070,946,0.64251207729468596
043386,4485,2070,948,0.64006944444444447
043386,4486,2070,1274,0.62311801845556092
043386,4488,2070,1164,0.62309771726071284
043386,4488,2070,1165,0.63359799040057418
043386,4489,2070,1134,0.63660714285714282
043386,4491,2070,1042,0.65749235474006118
043386,4492,2070,1252,0.62020039773596447
043386,4492,2070,1253,0.62404079650315691
043386,4492,2070,1254,0.58851531166835336
043386,4494,2070,1006,0.63581141068174385
043386,4494,2070,1010,0.59534772182254192
043386,4494,2070,1012,0.59464741148024247
043386,4497,2070,1240,0.62436936936936938
043386,4497,2070,1241,0.60834497364033702
043386,4497,2070,1242,0.64406047516198706
043386,4498,2070,1022,0.6180508049436767
043386,4499,2070,908,0.62032240686254192
043386,4500,2070,1063,0.64561280727845338
043386,4505,2070,1244,0.61500179570057978
043386,4509,2070,1087,0.60970970143081626
043386,4511,2070,1194,0.62143157412007488
043386,4512,2070,1174,0.65092303251634598
043386,4513,2070,1340,0.62552359676068137
043386,4515,2070,1184,0.59111620660258102
043386,4515,2070,1186,0.62383084356576091
043386,4518,2070,1202,0.64390411857292762
043386,4519,2070,826,0.60050146259924786
043386,4520,2070,1007,0.60752663270032425
043386,4520,2070,1008,0.62292596764996311
043386,4520,2070,1009,0.63205054566341179
043386,4521,2070,1208,0.6473540455711011
043386,4523,2070,925,0.62591048961944451
043386,4525,2070,1241,0.62589544530703367
043386,4525,2070,1242,0.62682375255325362
043386,4525,2070,1248,0.64398188269535783
043386,4531,2070,1145,0.58919826500629635
043386,4533,2070,1054,0.61519425884682011
043386,4535,2070,1134,0.62107216850828728
043386,4536,2070,995,0.62550849485522853
043386,4538,2070,1270,0.6490497648902821
043386,4538,2070,1272,0.62038171055317415
043386,4538,2070,1274,0.63794018757741988
043386,4539,2070,1013,0.64358151068158698
043386,4542,2070,1203,0.58823529411764708
043386,4543,2070,1238,0.64441903019213176
043386,4543,2070,1241,0.60958135620953224
043386,4544,2070,1056,0.5466928753707152
043386,4545,2070,1035,0.62995854194513035
043386,4545,2070,1036,0.58544108574953735
043386,4546,2070,1113,0.62967489611341965
043386,4546,2070,1118,0.59707400487665852
043386,4548,2070,1047,0.64394560612272789
043386,4548,2070,1048,0.63368983957219249
043386,4551,2070,1065,0.62192299600252476
043386,4552,2070,1133,0.59722697174122552
043386,4552,2070,1135,0.6351820570570571
043386,4557,2070,1185,0.63239223887533402
043386,4557,2070,1186,0.64739720190327388
043386,4558,2070,1250,0.5879632873257199
043386,4560,2070,1045,0.6227274527666653
043386,4560,2070,1048,0.61143248591870913
043386,4561,2070,1131,0.61983017348656755
043386,4561,2070,1134,0.64967097245917627
043386,4562,2070,1242,0.64736909201007109
043386,4562,2070,1243,0.61225063220005616
043386,4562,2070,1246,0.65159132373809037
043386,4563,2070,752,0.6362943087134586
043386,4563,2070,758,0.62431036765679482
043386,4564,2070,759,0.61547007360088879
043386,4564,2070,763,0.63982436882546656
043386,4564,2070,765,0.64431610085927593
043386,4565,2070,1033,0.59208247422680416
043386,4567,2070,1149,0.64410672587375106
043386,4568,2070,852,0.62216957492368674
043386,4569,2070,1163,0.65022291492986339
043386,4571,2070,1188,0.64578658917865162
043386,4571,2070,1190,0.63689463955637704
043386,4573,2070,957,0.64483313817330212
043386,4573,2070,959,0.59698975768173868
043386,4573,2070,960,0.58217630936963527
043386,4576,2070,872,0.60377981651376145
043386,4577,2070,1002,0.61516969348344153
043386,4577,2070,1006,0.65092838196286473
043386,4583,2070,1485,0.63503718220623373
043386,4586,2070,1108,0.56780122779614228
043386,4587,2070,1221,0.58211722016249901
043386,4588,2070,1282,0.63120249380818172
043386,4590,2070,1174,0.63118286350928088
043386,4591,2070,1324,0.61189663578742082
043386,4592,2070,1378,0.61148665078052811
043386,4592,2070,1386,0.62918152784577008
043386,4593,2070,1310,0.61102603369065855
043386,4593,2070,1312,0.62299263967882235
043386,4594,2070,1392,0.6353966787482529
043386,4597,2070,1063,0.62701839219411104
043386,4597,2070,1069,0.64771031936682932
043386,4597,2070,1070,0.62510699001426528
043386,4598,2070,1258,0.62007752620914458
043386,4599,2070,1336,0.64676484749871321
043386,4600,2070,1235,0.60993636615153546
043386,4601,2070,870,0.63630800611932692
043386,4601,2070,872,0.58127255460588789
043386,4601,2070,877,0.62479094300784765
043386,4602,2070,1556,0.63816758747697977
043386,4602,2070,1558,0.61370159311176742
043386,4603,2070,1352,0.61854862403290567
043386,4604,2070,1417,0.60999708175261602
043386,4604,2070,1420,0.64861627529758192
043386,4605,2070,1045,0.60740112489956255
043386,4605,2070,1047,0.64417686418711195
043386,4606,2070,1043,0.66198689178081194
043386,4607,2070,1322,0.63999227761957622
043386,4607,2070,1331,0.63513118468172181
043386,4608,2070,1192,0.62286019971469331
043386,4610,2070,1433,0.64513804533569419
043386,4611,2070,1366,0.63847601921834174
043386,4612,2070,1374,0.64558647317268003
043386,4615,2070,881,0.65944864723451568
043386,4615,2070,882,0.62800532539744691
043386,4615,2070,886,0.61519874022589049
043386,4616,2070,1359,0.64694951997522454
043386,4616,2070,1361,0.61807327844477489
043386,4616,2070,1362,0.61330250272034825
043386,4617,2070,835,0.64598693509569471
043386,4617,2070,840,0.59564719358533791
043386,4618,2070,1143,0.64692059140311364
043386,4619,2070,1194,0.66188752193856359
043386,4623,2070,1171,0.63765456372613272
043386,4626,2070,868,0.63212249113196528
043386,4626,2070,872,0.64181169037516117
043386,4626,2070,873,0.58933364913942843
043386,4627,2070,1285,0.63668263509596312
043386,4628,2070,1176,0.57720616131724711
043386,4629,2070,1415,0.60435736186021527
043386,4629,2070,1422,0.62446562166013542
043386,4631,2070,1163,0.61614198730405489
043386,4631,2070,1169,0.64868733331702189
043386,4632,2070,1231,0.63054856737636555
043386,4632,2070,1234,0.64470316499157254
043386,4632,2070,1235,0.59277620396600561
043386,4633,2070,1456,0.65071327717999905
043386,4637,2070,1410,0.62858310626702996
043386,4638,2070,1430,0.61910711711278776
043386,4638,2070,1431,0.61404158755152127
043386,4638,2070,1432,0.62426883816951484
043386,4639,2070,1090,0.60824353854268709
043386,4639,2070,1091,0.64230227409941643
043386,4639,2070,1093,0.61372628179249089
043386,4642,2070,1383,0.65307399347116435
043386,4642,2070,1387,0.6001587904311505
043386,4642,2070,1390,0.57550300035298274
043386,4643,2070,1112,0.64500220891167437
043386,4644,2070,1171,0.60197698295210356
043386,4646,2070,1433,0.62039688520472247
043386,4646,2070,1434,0.64446344832771052
043386,4646,2070,1443,0.63899237182898705
043386,4646,2070,1444,0.63621276242635461
043386,4647,2070,972,0.62389214159101891
043386,4647,2070,978,0.64763856017520927
043386,4647,2070,979,0.61623228166438038
043386,4649,2070,1321,0.61977441589830817
043386,4650,2070,1206,0.62559230189779602
043386,4651,2070,1069,0.62902682869357396
043386,4652,2070,1175,0.64665601046245502
043386,4652,2070,1178,0.63324802047508599
043386,4653,2070,1286,0.58754111046624102
043386,4653,2070,1291,0.61300405409587477
043386,4654,2070,941,0.63622519819053169
043386,4655,2070,1075,0.64714380539611882
043386,4656,2070,1101,0.60409177741716824
043386,4658,2070,1287,0.62860581306298091
043386,4658,2070,1288,0.64389835733474254
043386,4658,2070,1290,0.63438109161793377
043386,4658,2070,1296,0.63318293114865176
043386,4659,2070,1318,0.64449576014536647
043386,4659,2070,1320,0.5980894015861572
043386,4660,2070,818,0.64877955293830691
043386,4660,2070,824,0.62991880074953155
043386,4661,2070,1427,0.64329338747482756
043386,4661,2070,1433,0.6280434872473234
043386,4662,2070,1034,0.62771070658138739
043386,4662,2070,1036,0.64672218861955055
043386,4663,2070,1153,0.64769013338044346
043386,4663,2070,1157,0.63108002658882689
043386,4664,2070,885,0.65080881036232319
043386,4665,2070,891,0.64572673554946691
043386,4665,2070,896,0.63375216243285082
043386,4666,2070,1485,0.65972895750871585
043386,4667,2070,1137,0.62380685008422232
043386,4668,2070,1335,0.63259231699376806
043386,4668,2070,1337,0.64622265573887494
043386,4669,2070,1156,0.63657378740970072
043386,4669,2070,1157,0.62558828656092036
043386,4670,2070,1196,0.64517833553500659
043386,4671,2070,760,0.62081287506819427
043386,4671,2070,765,0.63421581157568008
043386,4672,2070,1083,0.63872282948547987
043386,4672,2070,1086,0.63536365457824084
043386,4672,2070,1088,0.64036036036036037
043386,4673,2070,1197,0.64263443181273083
043386,4674,2070,1004,0.61298766494549628
043386,4675,2070,1049,0.63829964924002003
043386,4675,2070,1051,0.5909218181252528
043386,4676,2070,1309,0.62997490139835066
043386,4676,2070,1312,0.62984554680696014
043386,4677,2070,1225,0.62689279224712291
043386,4679,2070,1338,0.62511016745453085
043386,4685,2070,1007,0.65027044795744549
043386,4687,2070,795,0.64697300254641976
043386,4688,2070,1077,0.64995217925946169
043386,4689,2070,623,0.59473407977606718
043386,4691,2070,1115,0.63052848211858814
043386,4691,2070,1120,0.60527964205816553
043386,4694,2070,1200,0.64163571553206866
043386,4694,2070,1202,0.6364232657909199
043386,4694,2070,1203,0.61845851052613077
043386,4694,2070,1204,0.63360221029565877
043386,4695,2070,932,0.60749046616198987
043386,4695,2070,936,0.6318916812780051
043386,4696,2070,1187,0.60478554569870591
043386,4697,2070,896,0.5932588380566185
043386,4697,2070,897,0.61792101341281669
043386,4697,2070,899,0.65429799426934099
043386,4699,2070,1011,0.6449911084765857
043386,4700,2070,943,0.60385662431941922
043386,4700,2070,947,0.60279365948851382
043386,4701,2070,1134,0.64776802275256584
043386,4701,2070,1135,0.62957340893363389
043386,4701,2070,1136,0.63607804709340865
043386,4702,2070,1360,0.61223597960670062
043386,4702,2070,1363,0.61703722208343748
043386,4702,2070,1368,0.62065042192092534
043386,4703,2070,986,0.60770459081836325
043386,4705,2070,947,0.63423241054820001
043386,4706,2070,1439,0.655752379681523
043386,4710,2070,873,0.65395121951219515
043386,4710,2070,874,0.63307676274416391
043386,4711,2070,1183,0.63578096697784592
043386,4713,2070,1292,0.64076608767298349
043386,4715,2070,1057,0.62749264047100983
043386,4715,2070,1065,0.63259029493717467
043386,4715,2070,1066,0.63671554252199414
043386,4716,2070,1074,0.65116108530921535
043386,4718,2070,1213,0.6477767287632118
043386,4719,2070,1073,0.6428083195000488
043386,4721,2070,1203,0.65039718763959831
043386,4721,2070,1208,0.63248741666007857
043386,4722,2070,1081,0.63013191763191767
043386,4724,2070,969,0.63369419090072876
043386,4725,2070,992,0.65175770827639168
043386,4725,2070,996,0.64071355812677933
043386,4725,2070,997,0.62813763882647489
043386,4728,2070,1014,0.60597689603214466
043386,4728,2070,1017,0.56107834877843299
043386,4728,2070,1018,0.60826376906216484
043386,4729,2070,1311,0.6365791359635421
043386,4730,2070,1090,0.62052248855373016
043386,4730,2070,1095,0.62792639170130382
043386,4731,2070,1152,0.63342041217317524
043386,4731,2070,1154,0.65466240788415719
043386,4733,2070,1214,0.60542685951990227
043386,4733,2070,1217,0.64256283033114014
043386,4734,2070,1086,0.62150277008310251
043386,4734,2070,1087,0.59846471803956303
043386,4734,2070,1094,0.64298583045235425
043386,4737,2070,995,0.61639732950645787
043386,4739,2070,1074,0.63706722130254534
043386,4740,2070,1130,0.64200603933730516
043386,4741,2070,1104,0.63234001590423972
043386,4741,2070,1106,0.59634855446671819
043386,4742,2070,1118,0.6484044460380064
043386,4742,2070,1119,0.63017271944486652
043386,4743,2070,1137,0.63425691873644385
043386,4744,2070,924,0.61890381409942152
043386,4744,2070,925,0.6243096363716697
043386,4745,2070,1092,0.65196078431372551
043386,4746,2070,1061,0.63593580874394084
043386,4746,2070,1062,0.61111568207997369
043386,4747,2070,1058,0.592003672634698
043386,4748,2070,1217,0.63231947815533984
043386,4748,2070,1222,0.64877652393871477
043386,4748,2070,1223,0.63888552133326681
043386,4750,2070,976,0.63200737213945635
043386,4752,2070,1251,0.62211922890829918
043386,4753,2070,1068,0.60990081981310551
043386,4753,2070,1070,0.65885004555699422
043386,4755,2070,978,0.64664924110967115
043386,4756,2070,1021,0.65658208001858198
043386,4757,2070,912,0.60717716115261477
043386,4758,2070,965,0.65062738758852656
043386,4758,2070,966,0.65166035652311094
043386,4759,2070,1241,0.64174319280005498
043386,4759,2070,1242,0.65234735714549552
043386,4759,2070,1246,0.64553239451217137
043386,4760,2070,1090,0.63217426832677459
043386,4761,2070,1209,0.63822808984099311
043386,4763,2070,1275,0.65640566206772977
043386,4764,2070,1130,0.64872031961478738
043386,4764,2070,1135,0.59211395844041415
043386,4765,2070,1130,0.65335318961939404
043386,4765,2070,1132,0.63253135924326542
043386,4765,2070,1138,0.64196642685851324
043386,4768,2070,1088,0.58847998800779489
043386,4770,2070,885,0.62627188117856969
043386,4772,2070,703,0.6522476422812602
043386,4772,2070,705,0.64423220973782769
043386,4772,2070,706,0.61278596222702053
043386,4772,2070,707,0.59002620625867119
043386,4774,2070,1039,0.63226007080662139
043386,4775,2070,1390,0.63545128125069694
043386,4775,2070,1391,0.63082044767620127
043386,4778,2070,1309,0.64118284951618287
043386,4779,2070,979,0.59965551181102361
043386,4781,2070,1270,0.62756319921773895
043386,4781,2070,1272,0.61336182865638356
043386,4782,2070,1331,0.63118752646208787
043386,4782,2070,1333,0.61963914604194215
043386,4783,2070,1142,0.62201917419444153
043386,4783,2070,1143,0.61371527777777779
043386,4784,2070,1160,0.62870616293566051
043386,4786,2070,1121,0.64285998805018918
043386,4787,2070,1141,0.64894151117061338
043386,4789,2070,1234,0.650852118754642
043386,4790,2070,1100,0.63534530419941826
043386,4792,2070,879,0.58161569895370246
043386,4792,2070,887,0.64730050344308776
043386,4793,2070,1236,0.65359914369815364
043386,4794,2070,1049,0.63940984446009086
043386,4794,2070,1053,0.62852175463623394
043386,4795,2070,1206,0.63229177775407908
043386,4795,2070,1209,0.646963489848287
043386,4797,2070,919,0.64801338711061529
043386,4800,2070,1103,0.63218210361067506
043386,4802,2070,1144,0.64349686055337063
043386,4804,2070,784,0.62369440015618394
043386,4804,2070,786,0.64012282121056119
043386,4804,2070,793,0.6354202418687287
043386,4806,2070,1228,0.60803153486080319
043386,4807,2070,1262,0.62757710240997699
043386,4808,2070,1086,0.63383032439384557
043386,4808,2070,1087,0.64020362402278652
043386,4808,2070,1088,0.5903419016720739
043386,4810,2070,1212,0.64499889878236794
043386,4811,2070,977,0.61736004108885467
043386,4811,2070,978,0.62310182460270747
043386,4812,2070,1041,0.59998584605222804
043386,4813,2070,1094,0.62898347871728866
043386,4814,2070,828,0.62073882047958517
043386,4814,2070,831,0.63909250221409863
043386,4815,2070,1049,0.63315822277624434
043386,4815,2070,1052,0.63623416167370594
043386,4815,2070,1053,0.6048259055496068
043386,4815,2070,1054,0.64023840332509896
043386,4817,2070,996,0.63484856171680792
043386,4817,2070,998,0.64785871660699534
043386,4822,2070,1161,0.64179236519662053
043386,4823,2070,863,0.63596566523605147
043386,4823,2070,868,0.62912408030096212
043386,4824,2070,972,0.62236685214626386
043386,4824,2070,975,0.63599380941852757
043386,4824,2070,977,0.6546076274693442
043386,4827,2070,966,0.63332881513467454
043386,4829,2070,1129,0.61524775712609303
043386,4829,2070,1132,0.61712577407644675
043386,4829,2070,1133,0.62525828987503684
043386,4831,2070,1315,0.64325500992381079
043386,4831,2070,1319,0.64351305715541374
043386,4833,2070,1165,0.62591484464902192
043386,4833,2070,1166,0.60199551668058549
043386,4833,2070,1168,0.62372689551112792
043386,4834,2070,1175,0.64148249044334105
043386,4834,2070,1177,0.65820669133488552
043386,4834,2070,1183,0.64221993096337471
043386,4836,2070,1172,0.62993831520459576
043386,4841,2070,987,0.65285435430293481
043386,4841,2070,990,0.62987761991841329
043386,4842,2070,1239,0.64319958814633671
043386,4844,2070,830,0.53656590161841222
043386,4845,2070,1278,0.63040194679869099
043386,4846,2070,1158,0.63935043736659269
043386,4849,2070,1088,0.62831053550640281
043386,4850,2070,1086,0.65208018969605519
043386,4851,2070,1224,0.6285839512034771
043386,4852,2070,1008,0.63710931040185215
043386,4853,2070,1170,0.62856736512752442
043386,4853,2070,1171,0.61626551053969203
043386,4855,2070,1031,0.62121655450437274
043386,4856,2070,1041,0.63616122840690981
043386,4858,2070,967,0.63467481509774648
043386,4859,2070,1015,0.64839500605923961
043386,4859,2070,1016,0.60687880397042604
043386,4862,2070,1103,0.60257208048122801
043386,4863,2070,1188,0.6445911059293804
043386,4863,2070,1190,0.60802777381461925
043386,4865,2070,1106,0.59977924944812366
043386,4866,2070,970,0.61118017938016167
043386,4868,2070,1089,0.59225978224694531
043386,4868,2070,1092,0.63298569003153049
043386,4868,2070,1094,0.61209872281670696
043386,4868,2070,1096,0.61497826188583982
043386,4869,2070,770,0.63320590290623591
043386,4871,2070,1234,0.65112928949940829
043386,4871,2070,1241,0.6350849086831144
043386,4872,2070,1292,0.59365871196800146
043386,4873,2070,1445,0.64587046112719981
043386,4876,2070,1133,0.65712435233160627
043386,4880,2070,1360,0.6403283071482988
043386,4881,2070,1421,0.61602060609915099
043386,4881,2070,1423,0.60397172274207267
043386,4882,2070,1293,0.58051166290443945
043386,4882,2070,1296,0.6119877914150269
043386,4884,2070,1189,0.6302179312555084
043386,4886,2070,1319,0.64145469404433553
043386,4887,2070,1027,0.59773383309637673
043386,4887,2070,1028,0.64848830859355611
043386,4887,2070,1029,0.64504395271294335
043386,4887,2070,1034,0.61946739280934138
043386,4887,2070,1035,0.62232372252355128
043386,4887,2070,1038,0.59780851446021199
043386,4888,2070,969,0.62974722619110612
043386,4891,2070,1508,0.63759131193980167
043386,4892,2070,1328,0.64289491360706574
043386,4893,2070,1032,0.63800718075811014
043386,4895,2070,1364,0.60131032278683283
043386,4896,2070,1006,0.61917480198931663
043386,4896,2070,1013,0.63604159896002599
043386,4897,2070,1068,0.64290373683720059
043386,4898,2070,1308,0.60271428029872243
043386,4899,2070,1219,0.60136727048008964
043386,4899,2070,1223,0.64743063536365131
043386,4900,2070,1275,0.64220952005518872
043386,4901,2070,1467,0.60690324858757061
043386,4901,2070,1473,0.65216343579308134
043386,4902,2070,1172,0.59237020643616445
043386,4903,2070,1245,0.64242334726361239
043386,4905,2070,1183,0.58714013259467801
043386,4905,2070,1184,0.60717251560914098
043386,4905,2070,1190,0.63850855998182687
043386,4905,2070,1193,0.62523980473721197
043386,4905,2070,1196,0.61909124984382158
043386,4905,2070,1198,0.61772473833512664
043386,4905,2070,1199,0.58501613095949334
043386,4906,2070,1201,0.63456197929815705
043386,4906,2070,1207,0.63995269400674804
043386,4907,2070,849,0.60843479450448512
043386,4907,2070,850,0.62495413879716644
043386,4907,2070,852,0.65123185785858173
043386,4908,2070,1182,0.64136053484044386
043386,4908,2070,1187,0.62724292399709702
043386,4909,2070,1130,0.5939113698244296
043386,4915,2070,1218,0.60850321317615019
043386,4915,2070,1222,0.63519637462235645
043386,4916,2070,1218,0.63645946995616876
043386,4917,2070,1251,0.62125440170088364
043386,4918,2070,1265,0.45368855651632001
043386,4918,2070,1269,0.59685458920591272
043386,4919,2070,1481,0.62009664582148949
043386,4919,2070,1483,0.65397305471542477
043386,4919,2070,1486,0.65745959871965021
043386,4919,2070,1487,0.62951145976641398
043386,4919,2070,1490,0.63425665729961189
043386,4920,2070,1258,0.63877129762446205
043386,4921,2070,1243,0.64041777188328908
043386,4921,2070,1248,0.62319816785666171
043386,4921,2070,1250,0.64876139465416904
043386,4922,2070,1323,0.59047516893703744
043386,4922,2070,1325,0.64146593902898008
043386,4925,2070,859,0.61790995592536146
043386,4927,2070,1321,0.62746495604656694
043386,4928,2070,863,0.62027933974242699
043386,4928,2070,865,0.6139714653814955
043386,4929,2070,1269,0.63829787234042556
043386,4930,2070,1082,0.64035433668052055
043386,4930,2070,1085,0.60647382404670136
043386,4931,2070,1354,0.63729666165806498
043386,4932,2070,1050,0.59984813971146544
043386,4934,2070,1162,0.64729084492422673
043386,4934,2070,1167,0.60314140594989119
043386,4936,2070,1074,0.6114060367055969
043386,4937,2070,1404,0.62222874761415359
043386,4937,2070,1405,0.62286951387522138
043386,4940,2070,804,0.63916919457685883
043386,4942,2070,1487,0.62924482650650426
043386,4943,2070,1320,0.62149217070924168
043386,4944,2070,1267,0.63508749575263335
043386,4944,2070,1272,0.64664387757118302
043386,4944,2070,1279,0.640881822172365
043386,4945,2070,1261,0.64999563585580866
043386,4945,2070,1264,0.62221706864564008
043386,4946,2070,1470,0.63747648138254631
043386,4948,2070,1310,0.6403207331042382
043386,4953,2070,1175,0.64826956874408548
043386,4954,2070,1205,0.63360484685291152
043386,4954,2070,1212,0.64246548516596491
043386,4955,2070,1242,0.62480031086740639
043386,4955,2070,1249,0.59239532475218226
043386,4956,2070,884,0.66175966351978421
043386,4957,2070,1280,0.626697004997115
043386,4957,2070,1282,0.63517997547428406
043386,4957,2070,1284,0.60131341589476461
043386,4958,2070,1006,0.65055306932365109
043386,4958,2070,1007,0.61768975999274078
043386,4962,2070,1097,0.62833994708994712
043386,4964,2070,1026,0.6391033810630482
043386,4964,2070,1029,0.6353398445286027
043386,4967,2070,1089,0.64012826385707744
043386,4968,2070,1088,0.61800170667458165
043386,4968,2070,1093,0.63911085282580271
043386,4969,2070,1088,0.61902429467084641
043386,4970,2070,1032,0.62349945434703524
043386,4970,2070,1036,0.65989084346894766
043386,4970,2070,1039,0.59103584023620115
043386,4971,2070,1245,0.63357554124970783
043386,4972,2070,1017,0.64581561702766244
043386,4972,2070,1026,0.61431912214427054
043386,4973,2070,1077,0.61523881728582264
043386,4976,2070,1065,0.6281867431485022
043386,4977,2070,777,0.6350983016950793
043386,4979,2070,1045,0.65294890328830046
043386,4979,2070,1049,0.64528982634208232
043386,4980,2070,1150,0.63366706261666383
043386,4981,2070,1036,0.64395831071544896
043386,4981,2070,1042,0.59389756629131851
043386,4982,2070,829,0.63458501829385716
043386,4983,2070,1232,0.62699208178811261
043386,4983,2070,1235,0.62268417503074547
043386,4985,2070,728,0.61035262206148277
043386,4987,2070,1050,0.64546753306603988
043386,4988,2070,968,0.62285855868611073
043386,4992,2070,1053,0.64427198817442721
043386,4992,2070,1056,0.63892026578073091
043386,4992,2070,1058,0.62270012220331439
043386,4994,2070,849,0.62409030150007427
043386,4996,2070,1118,0.6303109230017907
043386,4996,2070,1122,0.63754516023084506
043386,4999,2070,724,0.62938181818181815
043386,5000,2070,1088,0.63179822929841534
043386,5000,2070,1091,0.63923386964642659
043386,5003,2070,1129,0.6012076458597746
043386,5005,2070,1211,0.62932909690822436
043386,5007,2070,1006,0.60026501766784457
043386,5009,2070,1048,0.59700977043694503
043386,5010,2070,1045,0.62572880084557947
043386,5010,2070,1046,0.65027008236174988
043386,5010,2070,1055,0.6309248980794735
043386,5011,2070,1080,0.64330381233533318
043386,5011,2070,1083,0.62676847716467365
043386,5011,2070,1084,0.60891823937475387
043386,5015,2070,1126,0.64016676931823568
043386,5015,2070,1127,0.63906551530943467
043386,5017,2070,1179,0.64711491216548211
043386,5018,2070,1187,0.63460715203059448
043386,5019,2070,1090,0.63860156126099143
043386,5020,2070,1185,0.63116981793740323
043386,5020,2070,1187,0.61006698920729441
043386,5021,2070,930,0.6499901438990735
043386,5021,2070,932,0.65210061058962909
043386,5022,2070,1069,0.63103180125240455
043386,5022,2070,1072,0.61971893034935455
043386,5023,2070,862,0.63713039450320386
043386,5024,2070,1077,0.64004331236464884
043386,5024,2070,1080,0.6220550340511688
043386,5026,2070,856,0.58472103004291842
043386,5026,2070,860,0.64701865724097762
043386,5026,2070,865,0.60679318669527893
043386,5027,2070,1070,0.62957586315356517
043386,5028,2070,1235,0.63153526970954355
043386,5029,2070,1216,0.62901606425702816
043386,5030,2070,1176,0.64699213018540747
043386,5031,2070,1271,0.64082088082788191
043386,5031,2070,1274,0.65380833184337561
043386,5031,2070,1281,0.59553485823859742
043386,5032,2070,1133,0.6377995642701525
043386,5035,2070,1048,0.63093709884467264
043386,5035,2070,1049,0.64970353623682975
043386,5035,2070,1053,0.60221140795179928
043386,5037,2070,1171,0.62567549157622271
043386,5038,2070,1024,0.61760846943853775
043386,5041,2070,1262,0.62245653784148836
043386,5043,2070,1159,0.63518272764393635
043386,5044,2070,1221,0.63974832056012865
043386,5045,2070,1280,0.61650649390524737
043386,5048,2070,1170,0.60788302992575494
043386,5051,2070,936,0.64469132517296435
043386,5052,2070,768,0.61443999303257268
043386,5052,2070,770,0.63315419419249319
043386,5053,2070,1296,0.61372652105338621
043386,5053,2070,1302,0.63511093423539944
043386,5053,2070,1306,0.640509624289755
043386,5054,2070,1168,0.64588853838065197
043386,5054,2070,1171,0.64077437858508601
043386,5057,2070,1185,0.61599560606700743
043386,5057,2070,1188,0.58215051988777022
043386,5057,2070,1197,0.64502899751449871
043386,5060,2070,1048,0.62066217248364497
043386,5061,2070,962,0.63573986967591589
043386,5061,2070,963,0.62069351230425052
043386,5061,2070,964,0.64148099606815201
043386,5062,2070,818,0.621186639133119
043386,5064,2070,1126,0.64876925291492726
043386,5065,2070,988,0.63388231931692329
043386,5066,2070,1052,0.62533836254714892
043386,5067,2070,809,0.63930601770563467
043386,5069,2070,1194,0.62084859945632909
043386,5070,2070,1235,0.66141857506361323
043386,5071,2070,1160,0.64350350008536794
043386,5072,2070,920,0.64125300406066132
043386,5072,2070,921,0.62612966601178777
043386,5073,2070,746,0.63804538559914348
043386,5074,2070,1158,0.61112465265928928
043386,5075,2070,887,0.63179109709078163
043386,5075,2070,888,0.64575285153685236
043386,5077,2070,1049,0.65089102062362347
043386,5078,2070,1194,0.60090053213262384
043386,5078,2070,1199,0.62534871706561046
043386,5079,2070,1116,0.60086646279306832
043386,5079,2070,1117,0.64460113660282048
043386,5079,2070,1119,0.62974186616711203
043386,5079,2070,1121,0.6192297078882012
043386,5081,2070,859,0.63628256823821339
043386,5083,2070,938,0.63716031516320948
043386,5083,2070,940,0.63042581801882569
043386,5084,2070,1132,0.62796423480627184
043386,5085,2070,1125,0.64787356077664948
043386,5086,2070,1065,0.61939958025367281
043386,5092,2070,1139,0.62140541450886277
043386,5095,2070,1136,0.6199319905833115
043386,5095,2070,1137,0.61215289434559494
043386,5097,2070,1098,0.59287988422575977
043386,5099,2070,1008,0.63871824672090316
043386,5100,2070,1028,0.63681020620924844
043386,5102,2070,869,0.62458716885672128
043386,5105,2070,1069,0.64473019176453095
043386,5107,2070,1017,0.64343893795948592
043386,5107,2070,1022,0.63183306055646482
043386,5108,2070,898,0.64517097030713144
043386,5108,2070,902,0.65058862001308049
043386,5108,2070,903,0.64928604868913853
043386,5110,2070,1130,0.63148773551368642
043386,5112,2070,1066,0.63703305563020696
043386,5112,2070,1069,0.63170544126129591
043386,5114,2070,1153,0.60905283505154639
043386,5115,2070,1173,0.61994638458194462
043386,5115,2070,1175,0.64655896909141841
043386,5115,2070,1176,0.57882059443416922
043386,5116,2070,1147,0.62713509316770188
043386,5117,2070,1176,0.63178807947019866
043386,5119,2070,853,0.6434514349817706
043386,5119,2070,858,0.60400670726326011
043386,5119,2070,860,0.62149781177144259
043386,5121,2070,1199,0.63442798317726878
043386,5125,2070,1098,0.59301719645648776
043386,5125,2070,1099,0.63847768135670124
043386,5127,2070,1126,0.62790482076637821
043386,5127,2070,1129,0.65208220035925579
043386,5129,2070,947,0.60026151116092274
043386,5131,2070,1182,0.58266362800367844
043386,5132,2070,1200,0.63107229554396049
043386,5132,2070,1202,0.60953909653749139
043386,5132,2070,1203,0.59300018892877382
043386,5133,2070,1308,0.60591313928932145
043386,5136,2070,813,0.61963126280337488
043386,5137,2070,843,0.65019581298651064
043386,5137,2070,847,0.60583697680247295
043386,5137,2070,851,0.62739130434782608
043386,5140,2070,1141,0.64282774482508176
043386,5141,2070,1278,0.592349821035836
043386,5142,2070,1252,0.62646735917574525
043386,5144,2070,1285,0.65754536153999932
043386,5144,2070,1293,0.6172475712509784
043386,5144,2070,1294,0.6320029506541911
043386,5144,2070,1295,0.66135329871593607
043386,5146,2070,1178,0.63885009068356646
043386,5146,2070,1181,0.63490983327662476
043386,5147,2070,1102,0.64091769749046068
043386,5147,2070,1103,0.635173031026253
043386,5147,2070,1105,0.61980784857320392
043386,5147,2070,1106,0.59048212616302365
043386,5148,2070,1075,0.6368542283645936
043386,5150,2070,1103,0.6410821775847243
043386,5153,2070,1280,0.62497498499099458
043386,5153,2070,1285,0.64506764528673932
043386,5153,2070,1286,0.63545791288798059
043386,5155,2070,1312,0.64368327402135228
043386,5155,2070,1315,0.64421626867041715
043386,5156,2070,1430,0.61615203858679968
043386,5156,2070,1431,0.63714718873998655
043386,5156,2070,1432,0.61817708209997868
043386,5159,2070,1206,0.6340689964444729
043386,5160,2070,1244,0.63726737245846465
043386,5162,2070,1287,0.6088709677419355
043386,5163,2070,1272,0.64438947819055326
043386,5165,2070,1260,0.65182707943423435
043386,5166,2070,1306,0.65018840556860646
043386,5167,2070,1366,0.62201561437040398
043386,5168,2070,1201,0.64147130946542419
043386,5168,2070,1207,0.62545877251413873
043386,5170,2070,1228,0.6072158226472506
043386,5170,2070,1229,0.64059661131533363
043386,5171,2070,1257,0.62562127529267664
043386,5171,2070,1260,0.60020918418169145
043386,5173,2070,1128,0.60573163438980637
043386,5174,2070,1328,0.63548568822598384
043386,5174,2070,1329,0.59498744659296132
043386,5174,2070,1330,0.62708866357118043
043386,5175,2070,913,0.63261657645130853
043386,5176,2070,1404,0.60188230994152048
043386,5176,2070,1406,0.64694668495426
043386,5177,2070,999,0.64237644264441673
043386,5177,2070,1000,0.61314277184864541
043386,5177,2070,1007,0.59191456903127382
043386,5178,2070,1086,0.64345839216235734
043386,5178,2070,1087,0.63122459349593496
043386,5179,2070,1162,0.63628186944338738
043386,5181,2070,1012,0.60990700322641866
043386,5182,2070,1273,0.66139943945104862
043386,5183,2070,1284,0.63777653318398209
043386,5185,2070,1134,0.64846400411782601
043386,5185,2070,1140,0.62337100264486656
043386,5186,2070,906,0.59078343561674129
043386,5187,2070,1235,0.63934426229508201
043386,5187,2070,1241,0.60679880411914522
043386,5187,2070,1242,0.58667678739246731
043386,5188,2070,1449,0.63949972512369435
043386,5188,2070,1450,0.63218282704786988
043386,5190,2070,1158,0.62555732809751707
043386,5190,2070,1162,0.60222070711989872
043386,5190,2070,1164,0.64140371571807731
043386,5191,2070,1214,0.56714157045770897
043386,5192,2070,1083,0.62890162890162893
043386,5192,2070,1086,0.62279557423781229
043386,5195,2070,1204,0.61345251577414661
043386,5195,2070,1206,0.64138668192835979
043386,5195,2070,1211,0.64588695390580608
043386,5197,2070,1220,0.64565067481036353
043386,5197,2070,1224,0.63741947109969821
043386,5198,2070,895,0.6366652397260274
043386,5198,2070,897,0.6459163142118014
043386,5199,2070,1286,0.6667946889059585
043386,5202,2070,1191,0.64710602137204132
043386,5202,2070,1194,0.64689083695181471
043386,5203,2070,1377,0.64005504516028999
043386,5203,2070,1378,0.6353426385125347
043386,5205,2070,1261,0.62420407513530718
043386,5207,2070,1349,0.64605404965736013
043386,5207,2070,1357,0.59803003785257847
043386,5208,2070,1422,0.64206391399373852
043386,5211,2070,1168,0.61062510616612875
043386,5211,2070,1169,0.62566672455282935
043386,5211,2070,1170,0.62544607640584504
043386,5211,2070,1173,0.59841756195943063
043386,5212,2070,1486,0.59570637742472654
043386,5214,2070,1235,0.62860821603187589
043386,5214,2070,1243,0.64761500697011942
043386,5215,2070,946,0.6261673515128876
043386,5217,2070,1348,0.64321058140641352
043386,5219,2070,1231,0.6570881678757946
043386,5220,2070,1334,0.60643538951041775
043386,5221,2070,1319,0.63876303171600757
043386,5221,2070,1326,0.62954839637566518
043386,5224,2070,1099,0.62149038945355739
043386,5226,2070,1356,0.64089347079037806
043386,5226,2070,1358,0.63802573557853481
043386,5228,2070,1274,0.65197819042629568
043386,5228,2070,1278,0.64024051436735985
043386,5229,2070,1118,0.59831854273703877
043386,5229,2070,1124,0.64007054673721342
043386,5230,2070,1101,0.62010250185447435
043386,5231,2070,1127,0.52180424939045633
043386,5232,2070,1231,0.60939233876337162
043386,5234,2070,1283,0.63054504814305368
043386,5234,2070,1287,0.64253932265835345
043386,5236,2070,1168,0.6188356374180638
043386,5237,2070,1660,0.63776853996763239
043386,5237,2070,1661,0.6394135517104742
043386,5237,2070,1668,0.6073546311192829
043386,5239,2070,1255,0.62264492098506496
043386,5240,2070,1139,0.61132427032129155
043386,5241,2070,1177,0.626486548897356
043386,5241,2070,1183,0.63716504854368927
043386,5242,2070,735,0.64198551217852107
043386,5243,2070,1155,0.60920580885814657
043386,5243,2070,1157,0.58170449079539988
043386,5245,2070,1122,0.63095451022476601
043386,5246,2070,1150,0.64409463782345677
043386,5248,2070,1056,0.62387458006718921
043386,5249,2070,845,0.64567533405561572
043386,5249,2070,846,0.61172623913205026
043386,5250,2070,1172,0.65029793676364978
043386,5251,2070,1371,0.59228833111934565
043386,5252,2070,1230,0.64777699982496062
043386,5253,2070,1174,0.63442589985923992
043386,5253,2070,1176,0.61478365384615385
043386,5253,2070,1177,0.63953060285319829
043386,5254,2070,1038,0.65451252353375755
043386,5254,2070,1045,0.65489168908395867
043386,5255,2070,1310,0.61451170639105679
043386,5257,2070,1102,0.58878275777614497
043386,5258,2070,1138,0.64698939009831935
043386,5259,2070,1181,0.63431690260958551
043386,5260,2070,1028,0.60282825210978486
043386,5262,2070,1115,0.61058332185965392
043386,5265,2070,1068,0.62325349301397204
043386,5265,2070,1070,0.61422965917566563
043386,5266,2070,1140,0.60456412294647588
043386,5268,2070,1000,0.60131371081732765
043386,5268,2070,1006,0.66416112304227126
043386,5270,2070,945,0.62563515678644999
043386,5271,2070,849,0.62862310648880848
043386,5271,2070,852,0.60153425977990205
043386,5272,2070,1330,0.65203648705982176
043386,5272,2070,1332,0.62939389177012939
043386,5274,2070,706,0.62708535709760527
043386,5274,2070,711,0.6294454115891569
043386,5276,2070,889,0.64183159522665045
043386,5276,2070,891,0.62157210040921029
043386,5277,2070,1034,0.63250815582421804
043386,5278,2070,1236,0.64099060222477944
043386,5280,2070,1226,0.59388114254771895
043386,5280,2070,1227,0.60888343968568004
043386,5281,2070,1069,0.64614080780520067
043386,5281,2070,1070,0.61055805842174105
043386,5282,2070,1099,0.65322657576586263
043386,5283,2070,1402,0.6244242947610823
043386,5284,2070,1348,0.60209608525254299
043386,5284,2070,1350,0.64739843612205306
043386,5285,2070,1328,0.66119285634055935
043386,5285,2070,1331,0.61233271858892513
043386,5285,2070,1334,0.64097324443674775
043386,5286,2070,1222,0.62168437974457447
043386,5287,2070,1039,0.639391023438037
043386,5288,2070,1139,0.62229651642727424
043386,5292,2070,899,0.61490463335841039
043386,5293,2070,1036,0.65539651421972767
043386,5294,2070,1095,0.63728242560359349
043386,5296,2070,979,0.63437484276729561
043386,5299,2070,1160,0.63865890273860426
043386,5300,2070,889,0.65157844278572896
043386,5300,2070,890,0.63475773889636611
043386,5301,2070,921,0.61043694919946478
043386,5301,2070,922,0.61005623690053745
043386,5302,2070,1225,0.63854150640673424
043386,5304,2070,791,0.59857174737781749
043386,5304,2070,793,0.61643926347860645
043386,5308,2070,757,0.62024212018758862
043386,5308,2070,759,0.60234601364613516
043386,5309,2070,1279,0.6483334042824912
043386,5309,2070,1280,0.59079704190632698
043386,5309,2070,1292,0.64450946833765799
043386,5310,2070,1169,0.60720074091224818
043386,5310,2070,1171,0.60759871931696907
043386,5311,2070,1220,0.6486828449979386
043386,5312,2070,1176,0.61094723041625698
043386,5313,2070,911,0.62563692676591065
043386,5313,2070,918,0.59503008324404516
043386,5314,2070,975,0.64484811479163484
043386,5314,2070,981,0.64511786180352515
043386,5317,2070,1329,0.60469124700239807
043386,5317,2070,1332,0.63703183109315065
043386,5318,2070,1081,0.63928702286785788
043386,5319,2070,1092,0.64131116687578416
043386,5319,2070,1093,0.64402635776481976
043386,5319,2070,1096,0.63953514062879746
043386,5320,2070,1011,0.61830303611684012
043386,5320,2070,1015,0.63868384233125874
043386,5321,2070,846,0.63996783632261955
043386,5324,2070,870,0.59220369226545877
043386,5325,2070,1076,0.63554663067452344
043386,5327,2070,1183,0.60752808152942051
043386,5328,2070,1077,0.61767822006962314
043386,5329,2070,1084,0.60949557306473889
043386,5329,2070,1089,0.62833161537328819
043386,5329,2070,1090,0.64335125344432242
043386,5330,2070,1207,0.64865287870318611
043386,5331,2070,1137,0.58955826240093923
043386,5333,2070,1145,0.65416702502795221
043386,5334,2070,1166,0.63661684782608696
043386,5336,2070,887,0.64497688522145447
043386,5337,2070,1243,0.63402036739268142
043386,5337,2070,1245,0.63675908331234687
043386,5338,2070,1143,0.63893538982413245
043386,5338,2070,1145,0.63117976412659338
043386,5339,2070,1164,0.62294479654633972
043386,5340,2070,1245,0.6155295614722005
043386,5341,2070,1188,0.6054555588341366
043386,5342,2070,1081,0.64814488605086429
043386,5343,2070,958,0.64398726179042609
043386,5345,2070,1033,0.57156862745098036
043386,5347,2070,866,0.64914026888234955
043386,5347,2070,867,0.63085447908879022
043386,5347,2070,870,0.63052612889862103
043386,5348,2070,1231,0.63301233824857062
043386,5350,2070,924,0.61613605079703393
043386,5351,2070,1088,0.64032859536291409
043386,5352,2070,1038,0.61000758826942825
043386,5352,2070,1039,0.62926709898446098
043386,5355,2070,1089,0.59689610447694441
043386,5356,2070,1001,0.64307036247334759
043386,5356,2070,1002,0.60637655488909459
043386,5358,2070,1267,0.60840396635795402
043386,5359,2070,1121,0.65325941225495521
043386,5360,2070,859,0.62684455225389124
043386,5362,2070,1204,0.63974695087199362
043386,5362,2070,1209,0.64334024093093156
043386,5364,2070,901,0.6315378610460578
043386,5364,2070,905,0.61184210526315785
043386,5364,2070,909,0.63618835985752098
043386,5365,2070,1113,0.62627470023532927
043386,5365,2070,1115,0.62886721321285377
043386,5367,2070,1007,0.63625862716220505
043386,5367,2070,1011,0.6164880201765448
043386,5367,2070,1017,0.63186621255785524
043386,5368,2070,1171,0.65861588481189037
043386,5368,2070,1175,0.62921849226516879
043386,5369,2070,983,0.64039806897680318
043386,5371,2070,1159,0.61564114966523253
043386,5371,2070,1160,0.60722038697498815
043386,5371,2070,1165,0.59728705366048274
043386,5372,2070,1283,0.59436607927671503
043386,5373,2070,1072,0.65689501211889267
043386,5374,2070,1094,0.65595846052894358
043386,5375,2070,684,0.62819011940997427
043386,5375,2070,690,0.64191616766467063
043386,5376,2070,997,0.63970229380185462
043386,5377,2070,750,0.64043113287434184
043386,5377,2070,751,0.61279501144526005
043386,5378,2070,985,0.62424776163217377
043386,5379,2070,1081,0.61994571647296259
043386,5380,2070,979,0.64502888813364356
043386,5380,2070,980,0.64807550115018075
043386,5381,2070,1296,0.61415094339622645
043386,5383,2070,1012,0.59806131650135252
043386,5384,2070,1157,0.60183851074866002
043386,5384,2070,1160,0.5914576055890759
043386,5385,2070,749,0.62006732747334958
043386,5385,2070,753,0.63705195328231978
043386,5386,2070,1140,0.62801891572369528
043386,5386,2070,1142,0.63968899869205054
043386,5387,2070,982,0.64031007751937985
043386,5387,2070,987,0.63023773760812141
043386,5388,2070,942,0.61102792213511847
043386,5388,2070,944,0.64259493983440052
043386,5390,2070,1143,0.61666707409489818
043386,5390,2070,1144,0.6287376381617219
043386,5390,2070,1146,0.59463980637813207
043386,5391,2070,1116,0.59530265571417174
043386,5392,2070,686,0.64799823582972915
043386,5393,2070,953,0.6217420968842392
043386,5393,2070,958,0.6397370469682554
043386,5395,2070,1028,0.63052450214368716
043386,5395,2070,1030,0.6383014051182001
043386,5397,2070,1057,0.63793842624242492
043386,5398,2070,1140,0.63563508167824712
043386,5402,2070,1236,0.65674799041037935
043386,5402,2070,1241,0.6212114753399548
043386,5402,2070,1244,0.63752777514506265
043386,5403,2070,1198,0.60436021764074477
043386,5404,2070,1200,0.62755798090040926
043386,5406,2070,1132,0.61299609481427664
043386,5406,2070,1135,0.64464493597206052
043386,5410,2070,712,0.65284116150397808
043386,5411,2070,1243,0.6380107941403238
043386,5413,2070,1120,0.61347363853330439
043386,5413,2070,1125,0.63820147481564804
043386,5414,2070,1144,0.64733347535861385
043386,5415,2070,961,0.58811274509803924
043386,5415,2070,965,0.61690579826965442
043386,5415,2070,968,0.61151836872261545
043386,5415,2070,970,0.64529379824830613
043386,5416,2070,934,0.65363963767325117
043386,5416,2070,938,0.64888828877486726
043386,5417,2070,886,0.63355452333554518
043386,5419,2070,1145,0.64586499085687799
043386,5422,2070,974,0.644095451764226
043386,5422,2070,975,0.62284332418732269
043386,5422,2070,977,0.6554783550531762
043386,5424,2070,1247,0.63936256314364659
043386,5428,2070,739,0.58985049260429667
043386,5429,2070,794,0.64235532576395216
043386,5431,2070,1128,0.56993883485410612
043386,5432,2070,1089,0.63977776782113893
043386,5432,2070,1091,0.62581683409733735
043386,5434,2070,1472,0.62430317022354864
043386,5435,2070,1293,0.60230292294065546
043386,5435,2070,1297,0.65075724039867466
043386,5436,2070,1305,0.60742641363284278
043386,5436,2070,1312,0.6112164596567744
043386,5438,2070,1259,0.63057659607358174
043386,5438,2070,1262,0.64981663910261023
043386,5438,2070,1265,0.63916638783996937
043386,5439,2070,976,0.63547963955743125
043386,5439,2070,978,0.63753434865632719
043386,5439,2070,979,0.61093185833909502
043386,5441,2070,882,0.61144134078212287
043386,5441,2070,889,0.64537163026930899
043386,5441,2070,890,0.64427950760318609
043386,5443,2070,1271,0.62185255885828561
043386,5443,2070,1272,0.64724511754435832
043386,5444,2070,1054,0.62707314734924746
043386,5444,2070,1059,0.61635927792182377
043386,5444,2070,1062,0.64323089885149221
043386,5447,2070,1374,0.60769796744228821
043386,5447,2070,1376,0.64382265009061423
043386,5448,2070,1331,0.60990331087020222
043386,5449,2070,1293,0.60955772265609198
043386,5450,2070,1105,0.6385407964355333
043386,5451,2070,1103,0.59568789212797668
043386,5451,2070,1106,0.61907220589403444
043386,5451,2070,1108,0.63697086081656507
043386,5452,2070,1323,0.62014381545292219
043386,5453,2070,1004,0.64567294430373401
043386,5453,2070,1006,0.61378230227094754
043386,5454,2070,1472,0.64441005019310604
043386,5454,2070,1474,0.62680080238283387
043386,5456,2070,1439,0.60301644981049507
043386,5456,2070,1440,0.64818862176303071
043386,5456,2070,1443,0.62364090935519512
043386,5457,2070,1248,0.62593730472818165
043386,5458,2070,1111,0.64055025405874333
043386,5458,2070,1112,0.6470782826492758
043386,5460,2070,1487,0.60516621543650972
043386,5460,2070,1491,0.58992962029715879
043386,5462,2070,1250,0.62918950380753746
043386,5463,2070,1184,0.62280975244746528
043386,5465,2070,1201,0.63245753030917196
043386,5465,2070,1203,0.6158982920251701
043386,5466,2070,1371,0.64232639207412168
043386,5467,2070,1358,0.61296849989429492
043386,5469,2070,1192,0.64071984269470805
043386,5470,2070,1254,0.64460928938717021
043386,5471,2070,1126,0.60565907522429263
043386,5473,2070,1144,0.65650897790055252
043386,5474,2070,1256,0.60674495633845227
043386,5476,2070,789,0.62085490458986681
043386,5478,2070,1383,0.60674455655868298
043386,5480,2070,1104,0.63228225120172954
043386,5481,2070,1243,0.64951493420214412
043386,5481,2070,1247,0.6559126286718554
043386,5482,2070,1372,0.60878819879875912
043386,5483,2070,1025,0.60367377540819722
043386,5483,2070,1027,0.65735325312888271
043386,5484,2070,1112,0.6566685878962536
043386,5484,2070,1115,0.66169392162912677
043386,5484,2070,1117,0.64756934147836231
043386,5485,2070,959,0.61537586716706472
043386,5485,2070,961,0.62191157347204162
043386,5486,2070,898,0.64477942286087964
043386,5486,2070,901,0.63182126587186194
043386,5486,2070,902,0.64599212047571708
043386,5486,2070,903,0.61653577549819649
043386,5488,2070,1360,0.63688194801975473
043386,5488,2070,1361,0.61796954314720809
043386,5489,2070,1158,0.64001390866642383
043386,5489,2070,1159,0.60806195584203182
043386,5491,2070,1198,0.62943283822404705
043386,5493,2070,1313,0.63792252652356274
043386,5494,2070,1297,0.62306953119637587
043386,5496,2070,1120,0.63847583643122674
043386,5497,2070,1197,0.65415364636175477
043386,5497,2070,1198,0.61810183950946418
043386,5497,2070,1201,0.62829408346720439
043386,5497,2070,1204,0.61531928279333126
043386,5498,2070,1290,0.66229569490439055
043386,5499,2070,1346,0.64139067252450155
043386,5499,2070,1350,0.64067854049779716
043386,5499,2070,1351,0.62814189634709217
043386,5501,2070,1079,0.6297613265801707
043386,5501,2070,1083,0.58838847385272142
043386,5502,2070,921,0.61854323853743476
043386,5503,2070,970,0.62638128047288266
043386,5503,2070,971,0.63790560471976399
043386,5504,2070,1361,0.59936345662342672
043386,5504,2070,1363,0.62245212661563909
043386,5504,2070,1364,0.63835204807844381
043386,5505,2070,1176,0.62592079036311643
043386,5505,2070,1183,0.63352107445689176
043386,5507,2070,907,0.63033770583310078
043386,5508,2070,1203,0.59926350245499183
043386,5509,2070,1540,0.63926112700796101
043386,5509,2070,1553,0.6409043550739737
043386,5511,2070,1160,0.61880836137839501
043386,5512,2070,1228,0.64261584370249425
043386,5515,2070,987,0.64359911512936419
043386,5515,2070,994,0.62972519083969469
043386,5516,2070,1198,0.64141298104537625
043386,5516,2070,1199,0.60570469798657722
043386,5516,2070,1201,0.61320577752766836
043386,5519,2070,1234,0.62474703671581377
043386,5519,2070,1239,0.61248258567846192
043386,5520,2070,1494,0.6566950602840651
043386,5520,2070,1498,0.63255742881882548
043386,5521,2070,1204,0.65294117647058825
043386,5522,2070,878,0.63895328696671727
043386,5525,2070,1072,0.64221394808418497
043386,5525,2070,1081,0.63274729177765943
043386,5526,2070,1003,0.59190085529760861
043386,5526,2070,1004,0.63597480063384904
043386,5526,2070,1006,0.62640320357119417
043386,5527,2070,1231,0.63139114921021711
043386,5528,2070,1099,0.60546248440563177
043386,5530,2070,1138,0.58194652719359208
043386,5530,2070,1140,0.62791869041194459
043386,5531,2070,1202,0.601965601965602
043386,5531,2070,1208,0.61879055024515872
043386,5532,2070,1331,0.57103896103896101
043386,5532,2070,1334,0.61903478026422221
043386,5536,2070,1239,0.6132841946561689
043386,5536,2070,1243,0.60125875998750167
043386,5536,2070,1247,0.62879569297340809
043386,5537,2070,1344,0.64853204840878531
043386,5537,2070,1348,0.63729141835518477
043386,5539,2070,1073,0.59597614247311825
043386,5539,2070,1075,0.64005576632993555
043386,5539,2070,1076,0.64771862231819666
043386,5540,2070,1001,0.62802064775478506
043386,5540,2070,1003,0.61863474318912015
043386,5540,2070,1006,0.64145742038672093
043386,5541,2070,963,0.64290105836370826
043386,5543,2070,1110,0.64205864495160536
043386,5546,2070,1152,0.62945005611672278
043386,5547,2070,1101,0.63679853332951386
043386,5547,2070,1107,0.58610594611702338
043386,5549,2070,925,0.60651270522515155
043386,5549,2070,930,0.62253973718941868
043386,5550,2070,1252,0.62563752459740574
043386,5551,2070,1247,0.62196384211979028
043386,5551,2070,1248,0.60220466568785103
043386,5552,2070,1236,0.65144307009197588
043386,5555,2070,1269,0.62699168412365902
043386,5557,2070,1155,0.63200381281463169
043386,5558,2070,881,0.60190727632746888
043386,5559,2070,1182,0.61301576652130163
043386,5559,2070,1186,0.62493645732242709
043386,5560,2070,1089,0.61595890410958909
043386,5560,2070,1096,0.61543984120951056
043386,5562,2070,951,0.63569554611147761
043386,5562,2070,957,0.63183190055928251
043386,5566,2070,1238,0.61064167725540031
043386,5568,2070,1183,0.59598223381280302
043386,5569,2070,1166,0.6395015349814186
043386,5570,2070,1198,0.64317395330701366
043386,5571,2070,941,0.62366708212158983
043386,5572,2070,906,0.60264168130652618
043386,5572,2070,909,0.61168368781036264
043386,5573,2070,1156,0.60593252705283263
043386,5573,2070,1160,0.59506006078440832
043386,5574,2070,937,0.62636685661481595
043386,5575,2070,1200,0.64156760287393855
043386,5575,2070,1202,0.61697517780603839
043386,5576,2070,1171,0.63867075272936225
043386,5579,2070,1191,0.64096867851486894
043386,5582,2070,1062,0.65467098665432388
043386,5582,2070,1068,0.62721912555981574
043386,5582,2070,1069,0.61340323683610665
043386,5583,2070,1006,0.65359582593728149
043386,5584,2070,1047,0.59780202710574348
043386,5588,2070,748,0.63496165741643007
043386,5589,2070,1243,0.6391883747405076
043386,5590,2070,920,0.61859185918591864
043386,5593,2070,1272,0.6310357886763871
043386,5594,2070,939,0.63691501310370646
043386,5595,2070,1095,0.63230979265192833
043386,5595,2070,1098,0.6466808592994
043386,5596,2070,670,0.61018443417850976
043386,5596,2070,675,0.63857412653446644
043386,5596,2070,678,0.5976538461538462
043386,5597,2070,1006,0.60979904702713905
043386,5597,2070,1010,0.64087612522322246
043386,5599,2070,1095,0.6270844437676083
043386,5599,2070,1096,0.62176283507496588
043386,5602,2070,798,0.64700838613882095
043386,5602,2070,799,0.60801422409535411
043386,5602,2070,808,0.65075130845855145
043386,5603,2070,1129,0.61458639255996084
043386,5604,2070,704,0.60304413051631456
043386,5604,2070,710,0.61545431481280133
043386,5605,2070,1225,0.64286084477843997
043386,5606,2070,961,0.60223636429008021
043386,5606,2070,963,0.5936638534288986
043386,5607,2070,1162,0.63847764753788427
043386,5609,2070,978,0.63578730485775414
043386,5609,2070,980,0.62877127535556077
043386,5609,2070,987,0.63997205639527499
043386,5610,2070,1152,0.64338263177853616
043386,5612,2070,1300,0.63361632032437909
043386,5613,2070,1012,0.64027273727042777
043386,5614,2070,948,0.6201488702110376
043386,5616,2070,1267,0.62321066198650799
043386,5616,2070,1268,0.63799491463857605
043386,5617,2070,790,0.6429564804450324
043386,5618,2070,1165,0.65861156177952351
043386,5618,2070,1169,0.64533176746917209
043386,5619,2070,1168,0.63186172428154941
043386,5622,2070,994,0.61049327701786338
043386,5622,2070,996,0.61869595699929891
043386,5623,2070,926,0.65585241730279897
043386,5626,2070,878,0.63278328929657512
043386,5626,2070,885,0.59670584123378045
043386,5629,2070,1026,0.58472432979261513
043386,5630,2070,1021,0.61601796407185627
043386,5630,2070,1023,0.64208214364155503
043386,5631,2070,1006,0.59767329132331559
043386,5632,2070,981,0.64585092670785371
043386,5632,2070,985,0.65082457259933502
043386,5632,2070,989,0.61761729530818765
043386,5633,2070,1149,0.64899725745629067
043386,5634,2070,1048,0.60092421441774491
043386,5635,2070,744,0.6019622186841086
043386,5637,2070,1037,0.64467790987005802
043386,5637,2070,1038,0.63151986633947688
043386,5639,2070,1024,0.63975294684865913
043386,5639,2070,1029,0.64260548728049494
043386,5641,2070,1133,0.65155200080232678
043386,5641,2070,1136,0.64357539503869987
043386,5643,2070,997,0.58041833555852251
043386,5643,2070,1001,0.60719933528103143
043386,5643,2070,1003,0.63738138994111693
043386,5644,2070,1143,0.63997701369600613
043386,5646,2070,1185,0.61090398701697446
043386,5646,2070,1186,0.63672935534373076
043386,5646,2070,1194,0.62376571456095564
043386,5649,2070,1065,0.62834520281328787
043386,5649,2070,1067,0.58899882966273009
043386,5651,2070,803,0.63017356475300401
043386,5652,2070,1030,0.6225424699370109
043386,5653,2070,933,0.62841608241522395
043386,5654,2070,1358,0.64234145541061616
043386,5655,2070,1068,0.64358300055193018
043386,5656,2070,1039,0.62945512417807936
043386,5657,2070,1031,0.64545169525686386
043386,5658,2070,1001,0.62638831017687036
043386,5659,2070,1115,0.64077924633498407
043386,5659,2070,1118,0.6295038266402958
043386,5660,2070,772,0.60625378065236613
043386,5662,2070,788,0.62060889929742391
043386,5663,2070,1236,0.6082719597628885
043386,5665,2070,1284,0.57834757834757833
043386,5667,2070,994,0.62350592511069591
043386,5669,2070,1184,0.64007551919446193
043386,5670,2070,1108,0.64681691680747444
043386,5671,2070,1157,0.59017096838075123
043386,5672,2070,970,0.62397729170145266
043386,5674,2070,1042,0.62130947539650261
043386,5676,2070,1121,0.64557182705718275
043386,5677,2070,1277,0.63983140893957635
043386,5678,2070,977,0.64478484036543238
043386,5679,2070,1128,0.61079753165852657
043386,5679,2070,1134,0.65903598576387368
043386,5679,2070,1135,0.63075068639925003
043386,5680,2070,939,0.64353623904185697
043386,5680,2070,941,0.63739277877518452
043386,5681,2070,1120,0.59597875569044001
043386,5681,2070,1122,0.63059381796612402
043386,5683,2070,925,0.6398952210224983
043386,5683,2070,932,0.62103657082916131
043386,5684,2070,1251,0.65077202543142598
043386,5685,2070,1164,0.64712101728818405
043386,5685,2070,1167,0.64108866158239053
043386,5685,2070,1168,0.64392722447269168
043386,5687,2070,1023,0.59056069122497334
043386,5690,2070,1030,0.65581554728803604
043386,5690,2070,1031,0.63814644335280235
043386,5691,2070,1122,0.6515838707391397
043386,5692,2070,1245,0.58971946382559859
043386,5693,2070,1324,0.63869062269259169
043386,5693,2070,1328,0.65490244051623947
043386,5694,2070,1187,0.63157122310604952
043386,5695,2070,1171,0.65291547244279469
043386,5696,2070,1201,0.62154614932392716
043386,5697,2070,1222,0.63145225996255683
043386,5697,2070,1223,0.64217849334128407
043386,5698,2070,955,0.62544270740171004
043386,5699,2070,1093,0.60536216010286203
043386,5700,2070,1198,0.64087652139772278
043386,5700,2070,1201,0.61183129450429063
043386,5702,2070,1105,0.64829011559443417
043386,5702,2070,1109,0.64312375673319777
043386,5703,2070,1122,0.5864831621289186
043386,5704,2070,1092,0.60290004733014935
043386,5705,2070,1305,0.62676552750437298
043386,5706,2070,1241,0.63832637821216776
043386,5707,2070,1156,0.61571166296260504
043386,5707,2070,1160,0.59521853434111072
043386,5709,2070,1274,0.60455378173253072
043386,5710,2070,1022,0.63497833077030619
043386,5710,2070,1030,0.57797290317454009
043386,5711,2070,870,0.62056393618088768
043386,5712,2070,847,0.58714778025542269
043386,5712,2070,853,0.63103516789191338
043386,5714,2070,727,0.63724568090688583
043386,5714,2070,729,0.59299847792998472
043386,5714,2070,730,0.60627480158730163
043386,5716,2070,1224,0.63271896269064531
043386,5716,2070,1229,0.63243659852460821
043386,5717,2070,1197,0.63315283672374267
043386,5718,2070,1154,0.6384684610979301
043386,5718,2070,1156,0.61983118361153267
043386,5720,2070,1009,0.59128375177640924
043386,5721,2070,1010,0.62716677512867536
043386,5723,2070,1278,0.60936067350170875
043386,5724,2070,849,0.59835462818273744
043386,5725,2070,1038,0.61652324938817404
043386,5725,2070,1041,0.64892488887886102
043386,5725,2070,1044,0.65969170113753883
043386,5726,2070,1102,0.61100842821233181
043386,5727,2070,1429,0.63668790830026856
043386,5727,2070,1435,0.63404566308922838
043386,5729,2070,1234,0.64757709251101325
043386,5729,2070,1235,0.62239960757207513
043386,5729,2070,1237,0.63893530675578902
043386,5729,2070,1244,0.62502322125208987
043386,5730,2070,1316,0.6311379579111458
043386,5731,2070,1039,0.63481263676148791
043386,5733,2070,1214,0.61279495943664297
043386,5733,2070,1216,0.63002198680791521
043386,5734,2070,1193,0.60985216883874738
043386,5734,2070,1199,0.63606857142857143
043386,5734,2070,1203,0.62779156327543428
043386,5735,2070,969,0.63753981954405514
043386,5735,2070,970,0.63259969869608135
043386,5735,2070,972,0.64054301093469646
043386,5736,2070,997,0.64760309564410179
043386,5736,2070,999,0.61614315467335401
043386,5737,2070,1164,0.6511382012688145
043386,5737,2070,1165,0.61645293975320592
043386,5737,2070,1171,0.58625780806360017
043386,5737,2070,1172,0.63664752519907708
043386,5738,2070,823,0.63585637610047296
043386,5738,2070,825,0.65045915498823481
043386,5738,2070,832,0.6427866406518995
043386,5739,2070,1165,0.55033315325049526
043386,5740,2070,1204,0.65333499856740895
043386,5740,2070,1205,0.64374617425015301
043386,5742,2070,1131,0.60247188734677337
043386,5743,2070,1313,0.62884507694981362
043386,5744,2070,1257,0.59076433121019112
043386,5744,2070,1260,0.65364530002047916
043386,5744,2070,1261,0.61691690837740998
043386,5744,2070,1262,0.60096778000708129
043386,5745,2070,1329,0.64339147821290676
043386,5746,2070,1426,0.61295086087721506
043386,5746,2070,1430,0.59869749596122779
043386,5747,2070,1395,0.63534370356893777
043386,5747,2070,1398,0.59954940794299483
043386,5748,2070,1190,0.61814753495217067
043386,5748,2070,1192,0.62801963993453358
043386,5749,2070,948,0.62218423169750603
043386,5750,2070,1238,0.63532742026797506
043386,5751,2070,1266,0.64536547998226024
043386,5751,2070,1272,0.63507071765322154
043386,5752,2070,1268,0.60194944501445757
043386,5753,2070,1086,0.61260597124953931
043386,5754,2070,1354,0.64369882929068789
043386,5756,2070,1194,0.59972259617345902
043386,5757,2070,1481,0.66889248883796282
043386,5757,2070,1487,0.6460746206814908
043386,5758,2070,1254,0.56671429069240686
043386,5759,2070,1182,0.63886050526760862
043386,5760,2070,1364,0.62459299527166678
043386,5760,2070,1365,0.65625333001811526
043386,5760,2070,1367,0.62794185597309438
043386,5761,2070,1304,0.6368858386432168
043386,5762,2070,1473,0.6410555900281053
043386,5766,2070,1101,0.61422757366042124
043386,5766,2070,1105,0.64125095880825178
043386,5767,2070,1277,0.63517258755353989
043386,5767,2070,1279,0.63629276345959829
043386,5767,2070,1281,0.64533071638861628
043386,5767,2070,1284,0.65294511034518232
043386,5768,2070,1274,0.63366056639599244
043386,5768,2070,1281,0.62219087917254345
043386,5769,2070,1317,0.64852673001247718
043386,5769,2070,1318,0.64437305067654715
043386,5769,2070,1321,0.62682076507951667
043386,5770,2070,1400,0.65289596486412294
043386,5772,2070,1243,0.61780888243320564
043386,5772,2070,1247,0.6449324040641532
043386,5773,2070,1355,0.61933201635503288
043386,5774,2070,1439,0.63488837371780626
043386,5774,2070,1442,0.63502211499798955
043386,5774,2070,1443,0.62507310796584392
043386,5774,2070,1450,0.59660989324423441
043386,5775,2070,1174,0.64285510594005757
043386,5776,2070,1235,0.63521148266910976
043386,5778,2070,1397,0.64581430941571383
043386,5779,2070,1401,0.59716690333529598
043386,5781,2070,1333,0.59148014998647025
043386,5782,2070,1135,0.64111716621253401
043386,5783,2070,1325,0.62790697674418605
043386,5783,2070,1326,0.6111614870991674
043386,5783,2070,1328,0.57383458646616536
043386,5783,2070,1332,0.62799275702501511
043386,5783,2070,1333,0.62751662030270172
043386,5783,2070,1335,0.61618002288426499
043386,5783,2070,1337,0.63951199223624011
043386,5784,2070,1543,0.59348276172472769
043386,5785,2070,1379,0.60146743289270332
043386,5786,2070,1553,0.61898511537552836
043386,5786,2070,1554,0.64444943252760201
043386,5789,2070,1308,0.62953906841024532
043386,5789,2070,1312,0.59718350132246767
043386,5789,2070,1314,0.62737740310475998
043386,5794,2070,1509,0.63524354802220562
043386,5794,2070,1516,0.60252735799895774
043386,5794,2070,1517,0.62040467369620977
043386,5795,2070,1303,0.63730428450054621
043386,5795,2070,1306,0.63335117512529804
043386,5795,2070,1307,0.63713853688562982
043386,5795,2070,1308,0.62428684076255858
043386,5796,2070,1224,0.63344411810171586
043386,5798,2070,1340,0.64840442011773214
043386,5799,2070,1345,0.6079844746326587
043386,5800,2070,1347,0.60490289135514019
043386,5801,2070,1271,0.64449767507397493
043386,5801,2070,1274,0.61190217134206915
043386,5802,2070,1302,0.60677817950653579
043386,5802,2070,1305,0.59444723618090456
043386,5805,2070,1311,0.64112968673916571
043386,5805,2070,1312,0.62586547972304651
043386,5805,2070,1317,0.64151578947368426
043386,5805,2070,1318,0.59616442995639474
043386,5807,2070,1419,0.60735721200387227
043386,5807,2070,1423,0.62826041697647439
043386,5807,2070,1424,0.6256839793876503
043386,5808,2070,1225,0.65776855564590753
043386,5808,2070,1228,0.64019801540613142
043386,5809,2070,1052,0.64556863558574906
043386,5811,2070,1437,0.59938174956842905
043386,5812,2070,1422,0.62784238030224571
043386,5812,2070,1424,0.61969617600838134
043386,5813,2070,1229,0.60607663499989417
043386,5816,2070,1282,0.65556568586821384
043386,5816,2070,1287,0.62514298365373966
043386,5820,2070,927,0.61559730591988659
043386,5820,2070,929,0.64982324224229837
043386,5821,2070,721,0.62117912129177622
043386,5822,2070,1183,0.62041755233963258
043386,5825,2070,1026,0.62310947417913953
043386,5826,2070,1078,0.62835027510957753
043386,5827,2070,997,0.64612030522247543
043386,5828,2070,782,0.63680810197310989
043386,5829,2070,1257,0.63781004234724747
043386,5830,2070,1162,0.62499376154114883
043386,5830,2070,1165,0.62687034940148822
043386,5833,2070,1214,0.63491788649289416
043386,5834,2070,1101,0.63755823151973279
043386,5835,2070,1386,0.62036920362903225
043386,5835,2070,1391,0.63027189038749731
043386,5836,2070,1155,0.58782399035563593
043386,5837,2070,1324,0.577949970521351
043386,5838,2070,975,0.62762222417273761
043386,5838,2070,977,0.64295670538542771
043386,5841,2070,1090,0.61477552566774007
043386,5842,2070,1208,0.6134372894407546
043386,5845,2070,1053,0.62114413909141897
043386,5845,2070,1054,0.64826625221072942
043386,5846,2070,1089,0.66054807567427165
043386,5847,2070,1189,0.60918008962092773
043386,5849,2070,1229,0.62546208977744244
043386,5849,2070,1232,0.61963686827801545
043386,5850,2070,1133,0.62701472432532868
043386,5851,2070,903,0.60823632594482535
043386,5851,2070,904,0.63089554236758738
043386,5852,2070,841,0.63716743027087852
043386,5854,2070,1084,0.61920830158557383
043386,5854,2070,1087,0.59495555865791805
043386,5854,2070,1091,0.62976762051085078
043386,5855,2070,1006,0.62249512592205491
043386,5856,2070,1101,0.62543715967948998
043386,5857,2070,1119,0.62966700302724521
043386,5857,2070,1123,0.56624389558374033
043386,5859,2070,1128,0.6394290863637685
043386,5859,2070,1135,0.59251360494190319
043386,5860,2070,1173,0.60959645415657371
043386,5861,2070,997,0.62423116740758788
043386,5861,2070,1003,0.64505544710719775
043386,5862,2070,865,0.62296515865688318
043386,5862,2070,868,0.63382246812605247
043386,5863,2070,970,0.63834840892822287
043386,5865,2070,852,0.59371021573822391
043386,5866,2070,1180,0.61484370005753375
043386,5867,2070,1030,0.64174000273585341
043386,5867,2070,1038,0.62935370498979315
043386,5868,2070,926,0.64001820388349517
043386,5868,2070,928,0.62619840719636122
043386,5868,2070,930,0.61382590565546002
043386,5870,2070,1279,0.6334091720199857
043386,5870,2070,1282,0.64274740171712608
043386,5870,2070,1289,0.60949632098865802
043386,5871,2070,1069,0.64461261090287991
043386,5871,2070,1071,0.60090572457966374
043386,5873,2070,780,0.61601421823113978
043386,5875,2070,1256,0.6435606734485938
043386,5876,2070,1082,0.57505693235097122
043386,5876,2070,1085,0.61689286126548049
043386,5877,2070,1258,0.65303597756274467
043386,5878,2070,1026,0.61828061323500871
043386,5880,2070,936,0.6415529241616198
043386,5881,2070,1168,0.6522213960405242
043386,5881,2070,1173,0.61816491370794346
043386,5883,2070,979,0.66065947123477575
043386,5884,2070,1145,0.60321213912700755
043386,5884,2070,1146,0.60572068014956737
043386,5884,2070,1150,0.62538659232478111
043386,5886,2070,1085,0.62505779010633378
043386,5887,2070,806,0.62594487287165002
043386,5889,2070,1188,0.61819653755137627
043386,5889,2070,1192,0.64846137189327047
043386,5890,2070,1054,0.63148653921186115
043386,5891,2070,1322,0.6460611470653872
043386,5891,2070,1327,0.57352604857521838
043386,5892,2070,906,0.63076168682576006
043386,5892,2070,910,0.64478165064102566
043386,5893,2070,1143,0.65289399621226407
043386,5893,2070,1150,0.59895143000206175
043386,5894,2070,775,0.61624850657108721
043386,5894,2070,776,0.64668593742076175
043386,5894,2070,783,0.64274567178736897
043386,5895,2070,54,0.61515313119000459
043386,5895,2070,61,0.63901303344627602
043386,5896,2070,1133,0.58299772369112235
043386,5896,2070,1135,0.60991936710786554
043386,5897,2070,1025,0.64872006706435503
043386,5897,2070,1029,0.62605198480673274
043386,5898,2070,1059,0.63081901050727163
043386,5899,2070,1249,0.63154224953152915
043386,5900,2070,802,0.62409905747551286
043386,5901,2070,1125,0.62722077518174402
043386,5902,2070,889,0.64900679629483848
043386,5905,2070,873,0.61746163153537537
043386,5905,2070,875,0.64918973754259401
043386,5908,2070,1112,0.65720703125000002
043386,5909,2070,1030,0.64723437098019043
043386,5910,2070,1283,0.5891255605381166
043386,5911,2070,1237,0.64048222743146921
043386,5911,2070,1239,0.61938898243925911
043386,5914,2070,1118,0.63344954483827232
043386,5914,2070,1119,0.645001275546359
043386,5916,2070,1012,0.65107387698355623
043386,5917,2070,1211,0.63990231506691087
043386,5917,2070,1213,0.6116774791473587
043386,5918,2070,1071,0.62290209790209794
043386,5918,2070,1075,0.62467510921860314
043386,5918,2070,1078,0.6434351617976457
043386,5918,2070,1080,0.64989477711880617
043386,5918,2070,1081,0.58610785225939566
043386,5921,2070,1078,0.64255647911338454
043386,5923,2070,1344,0.64253692563788656
043386,5923,2070,1350,0.63970166379804938
043386,5924,2070,862,0.63439709713435055
043386,5929,2070,1139,0.61392740774418431
043386,5930,2070,1145,0.58598346875875595
043386,5930,2070,1149,0.63514171025422694
043386,5930,2070,1150,0.60129054914182867
043386,5931,2070,1211,0.64130002979441847
043386,5931,2070,1213,0.59984196337268758
043386,5933,2070,1142,0.62053582616977021
043386,5934,2070,1013,0.60604997466183297
043386,5934,2070,1015,0.63122695704364229
043386,5935,2070,1067,0.63865149440483493
043386,5935,2070,1073,0.65033316430471411
043386,5936,2070,1008,0.60033109697656184
043386,5936,2070,1013,0.63812482739574705
043386,5936,2070,1017,0.65606011808910358
043386,5937,2070,1048,0.60702070207020697
043386,5937,2070,1051,0.65244612696563775
043386,5938,2070,898,0.60253411306042881
043386,5940,2070,1321,0.63628061436280614
043386,5940,2070,1325,0.61520223645564243
043386,5941,2070,1182,0.61949221949221944
043386,5942,2070,908,0.62116421128278831
043386,5942,2070,920,0.60947876836385595
043386,5945,2070,1075,0.64770329792352965
043386,5946,2070,1249,0.64701974183750954
043386,5948,2070,1103,0.6226278836509529
043386,5948,2070,1104,0.62904575516264005
043386,5948,2070,1107,0.61210131332082551
043386,5949,2070,802,0.63770342079043507
043386,5949,2070,806,0.64375580511694674
043386,5951,2070,1121,0.60494353292137226
043386,5952,2070,1144,0.60584005998853163
043386,5954,2070,1179,0.64865187102927901
043386,5954,2070,1180,0.61453630745139853
043386,5956,2070,980,0.59668992272314869
043386,5957,2070,1168,0.5862126592855651
043386,5958,2070,1270,0.64779094827586203
043386,5958,2070,1273,0.59578557957348033
043386,5958,2070,1277,0.63637767610663887
043386,5963,2070,947,0.65813705838135805
043386,5964,2070,1284,0.60153784773856589
043386,5964,2070,1287,0.62687261561365959
043386,5964,2070,1290,0.56514343508642884
