run,event,channel,waveform_index_save,fprompt
043383,2,2070,1400,0.60913226332503645
043383,3,2070,1124,0.57131705489289952
043383,3,2070,1127,0.61753693697733336
043383,3,2070,1128,0.64255976178003249
043383,4,2070,1248,0.63737155219037323
043383,5,2070,1119,0.63147113594040971
043383,5,2070,1123,0.62883293873072699
043383,10,2070,1105,0.62419285904055632
043383,11,2070,1122,0.62295238550074028
043383,12,2070,1185,0.62000084641753772
043383,12,2070,1189,0.64890240235223362
043383,13,2070,1169,0.59630767261790496
043383,13,2070,1170,0.61554656952845632
043383,14,2070,1228,0.62889976590763996
043383,15,2070,1372,0.62097388984181434
043383,16,2070,1263,0.64135386181448018
043383,20,2070,1151,0.64624344480459583
043383,20,2070,1152,0.58994985374007525
043383,23,2070,902,0.61795961742826777
043383,25,2070,1286,0.63778008179252343
043383,25,2070,1291,0.64469116019991601
043383,26,2070,1198,0.64979968168596669
043383,26,2070,1201,0.6292383921710637
043383,26,2070,1202,0.65524560909176299
043383,28,2070,1036,0.58685425368212796
043383,29,2070,1408,0.63028308619459206
043383,30,2070,1149,0.63997605541461189
043383,30,2070,1150,0.63106819437438444
043383,30,2070,1153,0.63926385693823518
043383,30,2070,1155,0.59902309058614567
043383,30,2070,1156,0.64333910551143492
043383,31,2070,1070,0.59771919676059826
043383,33,2070,861,0.64313907919591751
043383,36,2070,1038,0.622471064270255
043383,37,2070,1024,0.58111489396611837
043383,38,2070,1126,0.59082754496526979
043383,39,2070,1064,0.60795981452859349
043383,39,2070,1065,0.62800331400165699
043383,40,2070,1122,0.5203234423507328
043383,40,2070,1124,0.60408049634107541
043383,40,2070,1125,0.64209884695484332
043383,40,2070,1126,0.64632841723168633
043383,41,2070,1096,0.61742643695685318
043383,42,2070,859,0.63216091695696142
043383,43,2070,1136,0.61432218069103839
043383,44,2070,1049,0.61426081797619492
043383,47,2070,984,0.61921605843614302
043383,47,2070,986,0.62776962451229557
043383,48,2070,981,0.6398983481575603
043383,48,2070,989,0.61713874219875176
043383,48,2070,992,0.60176334106728535
043383,49,2070,1201,0.64972362412881524
043383,49,2070,1203,0.60968687919780529
043383,52,2070,1339,0.61635996409335725
043383,52,2070,1341,0.61948946983405839
043383,52,2070,1347,0.64352111547399626
043383,54,2070,1044,0.58231556362436043
043383,54,2070,1047,0.6251257899609548
043383,55,2070,1035,0.64938458364849072
043383,57,2070,1222,0.64008661269064204
043383,57,2070,1227,0.63383614818850453
043383,59,2070,1167,0.62893573560155114
043383,59,2070,1169,0.62146079278241673
043383,59,2070,1176,0.60844256831815147
043383,60,2070,1385,0.62804935927859518
043383,61,2070,949,0.63054885831796903
043383,63,2070,987,0.62512423436958275
043383,63,2070,989,0.66156901234849697
043383,64,2070,877,0.61522759746887123
043383,65,2070,1305,0.58929913452447336
043383,67,2070,1016,0.60733198839994962
043383,70,2070,1249,0.64907742714261074
043383,71,2070,1115,0.61885406464250736
043383,71,2070,1116,0.60633838500161219
043383,72,2070,1174,0.59802368245496995
043383,73,2070,1356,0.63239914540656028
043383,75,2070,1058,0.6417974294658656
043383,78,2070,1164,0.61983393973318401
043383,80,2070,1029,0.59788257940327239
043383,81,2070,1237,0.65083523966590417
043383,81,2070,1244,0.6201403998522107
043383,81,2070,1245,0.58287821831335551
043383,81,2070,1247,0.61816002645065304
043383,83,2070,1460,0.61124436342703636
043383,83,2070,1463,0.61932187645146308
043383,85,2070,865,0.63503146676466538
043383,86,2070,1020,0.62488340970842293
043383,87,2070,1031,0.6269313690262307
043383,88,2070,1170,0.592275707660323
043383,89,2070,1052,0.63895939920823852
043383,90,2070,1156,0.63354568793382138
043383,91,2070,906,0.62509145685388423
043383,91,2070,910,0.60529845741113342
043383,91,2070,912,0.61299248498569314
043383,93,2070,1215,0.63897549783804453
043383,94,2070,774,0.59739806164323761
043383,94,2070,777,0.62880470057732385
043383,96,2070,918,0.65061966128474791
043383,97,2070,1095,0.60459856765925368
043383,99,2070,1292,0.6384247942409903
043383,100,2070,1109,0.66102756892230574
043383,101,2070,1015,0.62218735039097828
043383,102,2070,1059,0.6452591913636827
043383,103,2070,1129,0.64992200512915421
043383,103,2070,1132,0.61358380138764335
043383,104,2070,1061,0.63851523923037634
043383,104,2070,1062,0.63928288038087677
043383,105,2070,1044,0.62572885344489471
043383,106,2070,1179,0.59017504234895535
043383,107,2070,1037,0.6058069824850123
043383,108,2070,958,0.65121617855863267
043383,108,2070,960,0.64893101632438122
043383,108,2070,963,0.64185117967332128
043383,108,2070,966,0.63968990716966223
043383,109,2070,1143,0.61288806568435017
043383,111,2070,1142,0.64213157046114155
043383,112,2070,828,0.64808009491015361
043383,114,2070,1188,0.60186641231213422
043383,115,2070,1031,0.59359685564317521
043383,116,2070,1151,0.61034755431712917
043383,117,2070,1149,0.62693711198521396
043383,118,2070,1197,0.60549053921032481
043383,118,2070,1205,0.62437214353590664
043383,119,2070,685,0.61381679898592301
043383,119,2070,687,0.61658812441093314
043383,119,2070,692,0.62671511810036962
043383,120,2070,1130,0.63574735449735453
043383,121,2070,1155,0.63030979147000776
043383,122,2070,1174,0.62499471525810679
043383,123,2070,1218,0.57744741797734933
043383,123,2070,1220,0.6120766964171328
043383,123,2070,1221,0.59183141429502495
043383,123,2070,1222,0.63774651796090398
043383,125,2070,855,0.57391913452932253
043383,125,2070,858,0.63897931324162549
043383,127,2070,1254,0.63291678500426019
043383,128,2070,1138,0.6391580143276423
043383,128,2070,1146,0.63113150449702304
043383,129,2070,1221,0.59007205764611692
043383,129,2070,1223,0.66028377699648422
043383,130,2070,845,0.64386728645564328
043383,130,2070,850,0.62384911057477432
043383,130,2070,852,0.58694919064748197
043383,131,2070,991,0.63267708810255741
043383,132,2070,1037,0.63617484850548101
043383,132,2070,1040,0.57142399076538297
043383,132,2070,1041,0.6408970735709727
043383,133,2070,1009,0.61979519104975866
043383,134,2070,856,0.62975923852183646
043383,134,2070,859,0.63166150967834789
043383,134,2070,860,0.62332178432221741
043383,134,2070,862,0.64262753319357091
043383,135,2070,1065,0.61767585479740927
043383,136,2070,966,0.6312829347385488
043383,136,2070,969,0.62509351287805925
043383,136,2070,972,0.65771365538493864
043383,137,2070,1391,0.62710762429023448
043383,139,2070,779,0.61947198395900638
043383,139,2070,780,0.62980326863251979
043383,140,2070,1117,0.64637225744907689
043383,141,2070,833,0.60752191970466085
043383,141,2070,834,0.63139592647789367
043383,141,2070,837,0.64867198666031445
043383,142,2070,1298,0.59376145294620675
043383,142,2070,1299,0.64617668419834473
043383,142,2070,1304,0.64250858485450935
043383,143,2070,1378,0.63246247146447765
043383,143,2070,1382,0.61428705235879988
043383,143,2070,1384,0.63984951929775669
043383,144,2070,1051,0.612509117432531
043383,144,2070,1054,0.63152675162394012
043383,145,2070,1133,0.64335569253081948
043383,147,2070,1088,0.59536566221888543
043383,147,2070,1091,0.60517458128877899
043383,148,2070,1238,0.59115162294353041
043383,149,2070,1046,0.59169363538295572
043383,149,2070,1047,0.64163790691166867
043383,150,2070,1287,0.64713531706570793
043383,150,2070,1294,0.65228201230710114
043383,151,2070,1187,0.59795785689701331
043383,153,2070,1174,0.58802534130454176
043383,153,2070,1177,0.61928126243203818
043383,154,2070,1171,0.6066802999318337
043383,157,2070,1190,0.63271041169031894
043383,159,2070,1265,0.63328180608980122
043383,160,2070,1221,0.61549126536648491
043383,160,2070,1225,0.62906885904542242
043383,162,2070,1166,0.61695593504257595
043383,165,2070,1202,0.59080343180761585
043383,165,2070,1205,0.63157378816840659
043383,166,2070,1224,0.64594925099357992
043383,166,2070,1227,0.62019230769230771
043383,167,2070,877,0.65425911360684819
043383,168,2070,1163,0.62993025121906054
043383,169,2070,1169,0.6111955825864277
043383,170,2070,913,0.65652443694134355
043383,171,2070,1181,0.59195220384584946
043383,173,2070,1148,0.64987454159428681
043383,174,2070,1133,0.62700017670272712
043383,175,2070,1086,0.64559521565536271
043383,176,2070,1250,0.63373207711398893
043383,177,2070,1064,0.65395420246300595
043383,177,2070,1065,0.62214189643577678
043383,177,2070,1069,0.5964212950659934
043383,178,2070,1188,0.62060263309921249
043383,178,2070,1190,0.62386120918878862
043383,179,2070,1157,0.60840838866609692
043383,179,2070,1161,0.62850593311758363
043383,181,2070,1217,0.64400509937511752
043383,183,2070,850,0.6304671926562474
043383,184,2070,1194,0.61549504284240275
043383,185,2070,1095,0.60624712907671108
043383,185,2070,1097,0.62977832931844169
043383,186,2070,1215,0.62415784408084696
043383,188,2070,775,0.58410701428625567
043383,188,2070,776,0.63936470674540591
043383,188,2070,784,0.6292355833705856
043383,190,2070,1063,0.63761071851117579
043383,191,2070,877,0.60745884773662551
043383,192,2070,900,0.59900534168355135
043383,192,2070,903,0.62300765637790723
043383,193,2070,1035,0.64463773911884292
043383,195,2070,835,0.62084091919090556
043383,197,2070,1078,0.60330242026690795
043383,197,2070,1080,0.61059314004169041
043383,197,2070,1082,0.60102670162868854
043383,197,2070,1088,0.65009719522354903
043383,199,2070,1097,0.61410410368959378
043383,199,2070,1098,0.61739540668625226
043383,201,2070,1374,0.61291905151267378
043383,201,2070,1378,0.63588317107093184
043383,202,2070,964,0.62499080138347196
043383,203,2070,1103,0.64567067067067063
043383,203,2070,1106,0.63047012996128071
043383,206,2070,872,0.5867614231697873
043383,206,2070,873,0.64349134687735143
043383,206,2070,875,0.64110346077187896
043383,206,2070,877,0.64706050636532686
043383,206,2070,879,0.61126386650232289
043383,207,2070,934,0.60930114519557144
043383,207,2070,935,0.63807352522086069
043383,207,2070,936,0.61746713017808941
043383,209,2070,961,0.61167614586818331
043383,210,2070,1295,0.61681429927238218
043383,210,2070,1301,0.60022606346318197
043383,211,2070,1345,0.61896909159442137
043383,211,2070,1347,0.63864831133466959
043383,212,2070,1425,0.65771423849268651
043383,213,2070,1342,0.63793418091124765
043383,215,2070,1268,0.65180827706201583
043383,215,2070,1271,0.59508969291577984
043383,216,2070,960,0.62407426999576809
043383,217,2070,1181,0.61011999421714613
043383,218,2070,1341,0.62506278252134606
043383,220,2070,1313,0.62983466376689812
043383,220,2070,1321,0.64548104319727517
043383,221,2070,1327,0.64032872167979793
043383,222,2070,1376,0.60702203152075251
043383,223,2070,1087,0.6014642686614674
043383,223,2070,1088,0.64779954210124646
043383,225,2070,1187,0.62650112981440575
043383,226,2070,1306,0.63268091978774132
043383,227,2070,832,0.58472228142717075
043383,227,2070,834,0.64226216321213925
043383,228,2070,1081,0.61007066371873242
043383,228,2070,1082,0.61014255442111343
043383,230,2070,1065,0.62941756230346835
043383,230,2070,1070,0.64445923801720606
043383,230,2070,1071,0.61984932025758654
043383,230,2070,1077,0.61147083369305588
043383,231,2070,1357,0.64903186461350815
043383,235,2070,1355,0.60223617104746963
043383,237,2070,1358,0.64605549228698622
043383,237,2070,1361,0.62934696437234505
043383,237,2070,1362,0.59612435522096752
043383,237,2070,1367,0.63816614737182864
043383,238,2070,988,0.59506291087988161
043383,238,2070,991,0.65744923317726855
043383,238,2070,1001,0.64119733747857632
043383,238,2070,1002,0.6029226588905825
043383,239,2070,1398,0.62491719295146397
043383,239,2070,1406,0.57974520732528945
043383,240,2070,1207,0.63668248401072824
043383,241,2070,998,0.6084329122567429
043383,242,2070,1371,0.61765636023061765
043383,243,2070,868,0.62293577981651371
043383,244,2070,1243,0.66336437375385171
043383,245,2070,1610,0.63735987953822992
043383,246,2070,1257,0.59158801429487762
043383,247,2070,1262,0.61796348377304589
043383,248,2070,1312,0.61151042069196482
043383,248,2070,1313,0.61590150626860285
043383,249,2070,1091,0.60824860047983553
043383,249,2070,1092,0.63648402731482312
043383,250,2070,1352,0.63187001419272748
043383,251,2070,1211,0.64060849585660928
043383,251,2070,1212,0.60644136337377241
043383,252,2070,1286,0.60909546898511957
043383,253,2070,1368,0.57710522421192834
043383,255,2070,1107,0.64149195514383228
043383,256,2070,1289,0.62888266057961806
043383,257,2070,1527,0.63708181219701954
043383,257,2070,1528,0.64781454248366011
043383,260,2070,1296,0.63824858102629445
043383,260,2070,1303,0.58426331948988031
043383,261,2070,1431,0.59108296497789869
043383,263,2070,1386,0.45183881626203132
043383,263,2070,1394,0.63029495277278791
043383,265,2070,1303,0.62307060005479953
043383,268,2070,834,0.64035578280205585
043383,268,2070,836,0.63797622390714215
043383,269,2070,1359,0.65804402412241481
043383,269,2070,1362,0.62468341708542718
043383,270,2070,1277,0.60748919478444052
043383,270,2070,1280,0.64586616993838664
043383,270,2070,1284,0.61292987261423415
043383,270,2070,1285,0.64070270270270269
043383,273,2070,1372,0.61840034965034962
043383,279,2070,1311,0.65692962041569702
043383,280,2070,1368,0.65175356714228561
043383,281,2070,1116,0.60557218512548927
043383,283,2070,1444,0.61477337048809166
043383,284,2070,1396,0.64500147717201095
043383,286,2070,1268,0.6314642555129123
043383,286,2070,1275,0.61565986918045401
043383,286,2070,1276,0.60146643592312599
043383,287,2070,1308,0.62449856733524356
043383,288,2070,1338,0.60828323313293253
043383,288,2070,1339,0.63422969381062511
043383,288,2070,1341,0.62747080302984581
043383,288,2070,1342,0.63732217573221761
043383,290,2070,900,0.6446885716564319
043383,290,2070,908,0.58266413074105383
043383,292,2070,1086,0.5766993820428935
043383,292,2070,1088,0.60937019969278039
043383,292,2070,1092,0.59487937887050557
043383,293,2070,1191,0.65737864527794521
043383,293,2070,1193,0.62206105617332075
043383,294,2070,1119,0.6391113315852881
043383,295,2070,1267,0.61873648585127383
043383,296,2070,1186,0.60629891200610808
043383,296,2070,1188,0.62066498709215889
043383,296,2070,1189,0.59527915863514935
043383,296,2070,1190,0.6465769206152796
043383,296,2070,1192,0.64784984556901881
043383,297,2070,1148,0.61731097692992376
043383,299,2070,779,0.58981815955427663
043383,299,2070,786,0.61901619371541705
043383,300,2070,1214,0.60763020940048351
043383,300,2070,1216,0.61651661138314118
043383,300,2070,1219,0.65041989290804736
043383,300,2070,1220,0.64741322855271777
043383,301,2070,1113,0.64793173808198845
043383,301,2070,1116,0.63971223021582735
043383,303,2070,844,0.60716505371570628
043383,303,2070,850,0.62431851974227659
043383,304,2070,921,0.60762739907346131
043383,305,2070,1179,0.61045907451555714
043383,306,2070,852,0.61234925229136516
043383,306,2070,856,0.6250665956313266
043383,308,2070,1117,0.62520879418536413
043383,311,2070,1212,0.59830841262649148
043383,312,2070,1116,0.60836018565051586
043383,315,2070,1063,0.598461944876574
043383,315,2070,1064,0.63336208548974504
043383,316,2070,880,0.63970013037809648
043383,317,2070,1107,0.61504057543341939
043383,320,2070,1219,0.6115665656745678
043383,320,2070,1220,0.62087691803039691
043383,320,2070,1221,0.6459561173045516
043383,323,2070,1217,0.6359192525859193
043383,326,2070,941,0.62368656144978096
043383,326,2070,943,0.62232099366780325
043383,327,2070,1040,0.6418794485092828
043383,329,2070,1269,0.64976228209191755
043383,329,2070,1271,0.63937760815316547
043383,329,2070,1272,0.63895117298617854
043383,329,2070,1276,0.62428718332242683
043383,330,2070,820,0.60165071878826359
043383,330,2070,824,0.64179064611768477
043383,331,2070,910,0.59238760217983655
043383,331,2070,912,0.59862641038219688
043383,331,2070,916,0.62328609728073536
043383,331,2070,918,0.6343879554876718
043383,331,2070,921,0.62751027737088316
043383,332,2070,1436,0.59473728316433416
043383,332,2070,1437,0.62445397019799964
043383,333,2070,938,0.64911794587605065
043383,334,2070,1197,0.62112653645729743
043383,335,2070,1335,0.58659847783191721
043383,336,2070,1052,0.61613170673931072
043383,337,2070,1286,0.60541100529943814
043383,337,2070,1292,0.63340966088758044
043383,338,2070,1168,0.62236728140777831
043383,339,2070,732,0.62695493271946268
043383,339,2070,733,0.6546648100258603
043383,340,2070,934,0.64846260558062763
043383,340,2070,935,0.63225233229675704
043383,341,2070,1315,0.5887549889564847
043383,341,2070,1317,0.64921661278288978
043383,342,2070,1151,0.63508524494959973
043383,342,2070,1152,0.63356243725384198
043383,344,2070,1276,0.60323210941952288
043383,345,2070,1247,0.61638328168188294
043383,346,2070,1158,0.64908771758058081
043383,346,2070,1164,0.63852462814512767
043383,349,2070,1146,0.59194729770727694
043383,349,2070,1153,0.5953076459405573
043383,351,2070,780,0.61205507206336052
043383,351,2070,781,0.60853934399741472
043383,352,2070,839,0.61123812873724936
043383,352,2070,843,0.65484462988815861
043383,353,2070,1115,0.63399246305627299
043383,353,2070,1116,0.61913166254853513
043383,354,2070,865,0.64212009041176665
043383,355,2070,995,0.6121629374641423
043383,355,2070,996,0.64081684856753074
043383,356,2070,1009,0.58369663259170179
043383,357,2070,923,0.60277365032194152
043383,359,2070,1225,0.63338011889035672
043383,360,2070,1192,0.64806168414822607
043383,363,2070,1358,0.57695531897057595
043383,363,2070,1361,0.59879253567508228
043383,363,2070,1366,0.63612092221264283
043383,364,2070,1145,0.61427493080600515
043383,367,2070,1262,0.64314252377753423
043383,371,2070,1252,0.61247841105354062
043383,372,2070,753,0.58985638974731869
043383,373,2070,1189,0.61889250814332253
043383,374,2070,1095,0.60212583576204359
043383,374,2070,1097,0.63344211940871564
043383,374,2070,1099,0.62055248241480576
043383,376,2070,891,0.60933924034686204
043383,378,2070,1381,0.63415610892675112
043383,379,2070,936,0.59184752365052862
043383,381,2070,970,0.63954788225065207
043383,383,2070,1060,0.63240402600872891
043383,385,2070,998,0.64695471108797498
043383,386,2070,1254,0.624533055338372
043383,387,2070,1205,0.60142510612492417
043383,389,2070,1076,0.65079446701290689
043383,390,2070,1247,0.63120985939940988
043383,390,2070,1255,0.5955549458087529
043383,391,2070,1098,0.63276427178218819
043383,391,2070,1105,0.63328836092006979
043383,391,2070,1106,0.62698381287845806
043383,392,2070,890,0.6452405425054526
043383,392,2070,892,0.60697744881617111
043383,392,2070,895,0.63418588492207917
043383,394,2070,1274,0.6452790113921606
043383,394,2070,1277,0.60894244637789052
043383,395,2070,935,0.64948636651870639
043383,395,2070,938,0.61599574706872617
043383,397,2070,1088,0.61004811881938392
043383,397,2070,1090,0.62684858315046277
043383,398,2070,827,0.61526693724633152
043383,399,2070,916,0.61810352178732841
043383,399,2070,917,0.59419727706450487
043383,400,2070,1221,0.64455201214882307
043383,400,2070,1225,0.63020039845306453
043383,402,2070,1169,0.61464791141134723
043383,407,2070,1189,0.62232368966311102
043383,410,2070,1325,0.62292083950187238
043383,410,2070,1330,0.59463932245189344
043383,411,2070,826,0.64085789688882278
043383,412,2070,1194,0.60601779912417009
043383,413,2070,1024,0.65761153874897238
043383,413,2070,1025,0.64946333183565474
043383,414,2070,1155,0.6541610962566845
043383,417,2070,795,0.62141499654457499
043383,417,2070,796,0.63894858139462452
043383,417,2070,798,0.66161284197303649
043383,417,2070,799,0.57724464965370936
043383,420,2070,1174,0.64875546839643994
043383,423,2070,1090,0.64800443458980039
043383,423,2070,1093,0.63968865082022097
043383,423,2070,1098,0.63423741471197259
043383,425,2070,1160,0.60033275526642427
043383,426,2070,1090,0.63030027109244047
043383,426,2070,1092,0.61721258831085424
043383,426,2070,1098,0.63474532670210937
043383,428,2070,769,0.59119891008174386
043383,430,2070,998,0.63061927880517366
043383,430,2070,1003,0.6363347841857091
043383,431,2070,985,0.62965416912728478
043383,433,2070,1030,0.63235153333120597
043383,434,2070,1143,0.61090311067567094
043383,435,2070,864,0.64858953393295171
043383,436,2070,1010,0.64391878391048396
043383,437,2070,1042,0.6367597898758357
043383,437,2070,1043,0.62094796600490443
043383,437,2070,1047,0.63762128926890194
043383,437,2070,1054,0.64393473634428944
043383,437,2070,1055,0.64832415368081675
043383,438,2070,1005,0.59117670459065952
043383,440,2070,1350,0.62321760694358341
043383,441,2070,1380,0.63244829381418899
043383,441,2070,1385,0.61831051649035473
043383,442,2070,1266,0.63850901833234774
043383,442,2070,1269,0.63124780007039771
043383,443,2070,1388,0.60985958956951092
043383,444,2070,878,0.63470533208606172
043383,445,2070,1135,0.62686990716341673
043383,445,2070,1138,0.64751019655736575
043383,445,2070,1143,0.61292989417989419
043383,445,2070,1144,0.63759663009767165
043383,446,2070,943,0.63361871273505577
043383,447,2070,1315,0.6081270230076109
043383,447,2070,1317,0.60924792487633106
043383,447,2070,1318,0.61888993228883504
043383,448,2070,1176,0.62294061151041169
043383,449,2070,1146,0.61546011123054634
043383,449,2070,1147,0.63294504937958973
043383,449,2070,1148,0.62085082442549877
043383,449,2070,1149,0.63521209401856904
043383,449,2070,1151,0.63585679582653021
043383,451,2070,867,0.62113304232302147
043383,453,2070,1263,0.60602075113254417
043383,456,2070,1025,0.63613827671688139
043383,456,2070,1026,0.63417631203424762
043383,457,2070,1044,0.59981108312342568
043383,458,2070,742,0.60233370241035689
043383,460,2070,1215,0.62364907819453275
043383,461,2070,1157,0.62703053931124109
043383,461,2070,1160,0.65638384788690551
043383,461,2070,1164,0.63334565163833456
043383,463,2070,1005,0.63425109634251098
043383,464,2070,1179,0.60369025014447286
043383,464,2070,1185,0.62274639423076927
043383,465,2070,959,0.59512869515715849
043383,466,2070,1204,0.64129012627415183
043383,466,2070,1205,0.59482052681861608
043383,466,2070,1209,0.62478815120477493
043383,467,2070,1295,0.64790882263152538
043383,469,2070,1281,0.64979536961980267
043383,469,2070,1282,0.57686190911244206
043383,469,2070,1283,0.61689083218478213
043383,470,2070,828,0.61098197447480374
043383,470,2070,830,0.64465950246393156
043383,473,2070,1294,0.59706788318321835
043383,473,2070,1296,0.62363275334028878
043383,473,2070,1301,0.63473538248208916
043383,474,2070,1169,0.63501627090247126
043383,475,2070,1260,0.64668856843819045
043383,475,2070,1268,0.6081261818014112
043383,475,2070,1270,0.63160964230171068
043383,476,2070,1233,0.61522751930563535
043383,476,2070,1234,0.64527734946427862
043383,476,2070,1235,0.63196343870096594
043383,478,2070,1056,0.6492563739376771
043383,479,2070,1232,0.61730815637065639
043383,480,2070,812,0.64291554247404137
043383,480,2070,814,0.61414837832588853
043383,482,2070,952,0.6425085207907294
043383,483,2070,1363,0.64386245501799277
043383,486,2070,1409,0.59990682506405779
043383,486,2070,1410,0.59825726432662241
043383,487,2070,1431,0.65005642987021128
043383,487,2070,1433,0.61930697718095595
043383,489,2070,1280,0.59612509717156015
043383,489,2070,1288,0.58921504674929337
043383,490,2070,1350,0.61603238112961756
043383,491,2070,1012,0.6434863628663392
043383,491,2070,1018,0.63128936990040885
043383,492,2070,1530,0.63836067434864052
043383,493,2070,1199,0.64105589550805364
043383,494,2070,1315,0.60054347826086951
043383,497,2070,971,0.63867503895582944
043383,500,2070,1346,0.62934847391699866
043383,500,2070,1352,0.59905565196335608
043383,500,2070,1353,0.58147771372593349
043383,501,2070,1373,0.62619257543656481
043383,502,2070,1345,0.60820411993386658
043383,502,2070,1348,0.6174415507243407
043383,502,2070,1354,0.60875989099386019
043383,503,2070,1402,0.63950651704189032
043383,505,2070,1218,0.619537037037037
043383,505,2070,1219,0.63755528749497381
043383,505,2070,1222,0.63916482707873434
043383,507,2070,1386,0.62083084142245937
043383,507,2070,1393,0.63407195436489261
043383,508,2070,1172,0.61494495377651615
043383,509,2070,1178,0.62973961972711556
043383,509,2070,1181,0.64367748481684628
043383,509,2070,1185,0.61542575071986838
043383,510,2070,1380,0.64460836718694314
043383,510,2070,1381,0.60664270201452852
043383,510,2070,1382,0.62249201091476847
043383,512,2070,854,0.56415643491837086
043383,514,2070,1265,0.61810641489455576
043383,515,2070,1079,0.63335185442422559
043383,515,2070,1081,0.59863237025631733
043383,516,2070,1063,0.65159634807507261
043383,516,2070,1069,0.58708064565908458
043383,519,2070,900,0.5879687370083978
043383,519,2070,908,0.63151825752722612
043383,520,2070,1371,0.63634766311350588
043383,520,2070,1376,0.60441342889475669
043383,521,2070,1191,0.63809523809523805
043383,521,2070,1193,0.64571555259949009
043383,522,2070,1008,0.63610791175688841
043383,522,2070,1017,0.59497765482017451
043383,523,2070,1132,0.63740960604425256
043383,523,2070,1133,0.64468268638324089
043383,524,2070,1283,0.62679391504018367
043383,524,2070,1285,0.64078353634680085
043383,526,2070,1359,0.62768104378842637
043383,526,2070,1365,0.64510118299605668
043383,527,2070,1200,0.60583915961072266
043383,528,2070,1448,0.64675513783631733
043383,528,2070,1452,0.60913411382867744
043383,531,2070,1328,0.60296251929323408
043383,532,2070,1368,0.65382233731141637
043383,533,2070,1264,0.61344248761695097
043383,534,2070,1469,0.64589645765595272
043383,534,2070,1478,0.61850462998392897
043383,535,2070,1324,0.6476816281129627
043383,535,2070,1329,0.64907005504498172
043383,536,2070,1181,0.59405663022147459
043383,536,2070,1183,0.6153560141290203
043383,536,2070,1186,0.60589981988998687
043383,536,2070,1187,0.63848722808917768
043383,537,2070,1264,0.62112120692611006
043383,537,2070,1270,0.63031527649838048
043383,538,2070,1233,0.58662345315262232
043383,538,2070,1236,0.64288586016966187
043383,538,2070,1239,0.60517744596252276
043383,538,2070,1240,0.62659446785943562
043383,542,2070,1233,0.63389342294767159
043383,542,2070,1239,0.61889002322267972
043383,544,2070,1105,0.61244870041039667
043383,544,2070,1107,0.64431458326531943
043383,544,2070,1109,0.62466640416502606
043383,544,2070,1110,0.62150818448911072
043383,544,2070,1111,0.63501712328767124
043383,546,2070,1226,0.65487786089665678
043383,546,2070,1228,0.62307115513635103
043383,546,2070,1229,0.63986423792547742
043383,548,2070,1407,0.61686334221545491
043383,548,2070,1409,0.6392796590752875
043383,550,2070,1481,0.60219129712327346
043383,550,2070,1485,0.63577166856108036
043383,550,2070,1486,0.61857752706205216
043383,551,2070,905,0.62888558890761348
043383,551,2070,909,0.65496575342465757
043383,551,2070,910,0.62300159035741187
043383,552,2070,1257,0.64218089383446164
043383,553,2070,1010,0.60938027693346841
043383,553,2070,1019,0.60879388251651023
043383,555,2070,1155,0.58809882116879864
043383,557,2070,1086,0.61589052976462932
043383,558,2070,1323,0.57921055867524696
043383,558,2070,1325,0.62223579408097307
043383,558,2070,1330,0.60539011811678589
043383,559,2070,1348,0.62512491672218518
043383,559,2070,1350,0.59451413991069535
043383,561,2070,1328,0.64507164450228427
043383,562,2070,1238,0.61192263936291236
043383,563,2070,1224,0.63061150935084698
043383,563,2070,1226,0.59804137809343161
043383,565,2070,1008,0.6285021812893844
043383,565,2070,1011,0.60908440629470673
043383,566,2070,1102,0.63431384717223116
043383,567,2070,1067,0.64993884877894825
043383,567,2070,1073,0.63724306106720963
043383,569,2070,1312,0.62198378859579251
043383,572,2070,1325,0.60186641501520399
043383,573,2070,1157,0.61327253803836046
043383,573,2070,1161,0.6183484430429641
043383,573,2070,1162,0.64789299510525589
043383,574,2070,1300,0.63982679081878135
043383,574,2070,1301,0.62820325796255772
043383,575,2070,1067,0.63887015511564249
043383,577,2070,1022,0.59147771696637996
043383,577,2070,1027,0.63932432432432429
043383,578,2070,923,0.64292280976539884
043383,579,2070,994,0.65642213528101345
043383,582,2070,988,0.62720060091075536
043383,582,2070,994,0.63052629130910021
043383,583,2070,1110,0.63837215101491196
043383,584,2070,1219,0.61213973628009954
043383,586,2070,934,0.63966132980217483
043383,586,2070,938,0.64300075018754688
043383,588,2070,1063,0.63928045944278322
043383,588,2070,1065,0.64684362231161507
043383,589,2070,1087,0.60011952692501258
043383,591,2070,1334,0.61564716312056733
043383,592,2070,1207,0.63793420810434143
043383,594,2070,1224,0.59345904339349942
043383,595,2070,930,0.59487143753048566
043383,596,2070,1161,0.6118260379485253
043383,596,2070,1164,0.64083468514968289
043383,596,2070,1166,0.62619181155356141
043383,596,2070,1170,0.61146846173024183
043383,597,2070,1030,0.60497696727928951
043383,598,2070,1012,0.6602385153702014
043383,598,2070,1019,0.63990181371880539
043383,600,2070,1068,0.53523337045661634
043383,600,2070,1070,0.63738113653942396
043383,602,2070,996,0.63437149512552837
043383,602,2070,1001,0.62491803278688529
043383,603,2070,1306,0.62089628800596908
043383,603,2070,1307,0.6343074735055283
043383,603,2070,1308,0.63409387723745869
043383,603,2070,1315,0.61450844925777237
043383,604,2070,1287,0.64982017200938236
043383,605,2070,1285,0.60716110354223429
043383,607,2070,1370,0.61894994422253413
043383,607,2070,1374,0.62642594980656685
043383,610,2070,1215,0.62356114241679916
043383,610,2070,1216,0.64114538946650756
043383,611,2070,1106,0.6556926970181679
043383,612,2070,1355,0.60243288879699508
043383,612,2070,1364,0.60871033085752868
043383,614,2070,1116,0.6148722770725592
043383,614,2070,1119,0.62871900826446281
043383,615,2070,1077,0.63996068449305676
043383,615,2070,1078,0.64749076282680884
043383,616,2070,1094,0.60363241030888282
043383,616,2070,1096,0.59372016548212581
043383,617,2070,1119,0.61715599575521751
043383,617,2070,1121,0.62442589426397133
043383,618,2070,1134,0.64395076553587516
043383,619,2070,966,0.64354887089171697
043383,619,2070,968,0.63041956001633892
043383,620,2070,960,0.63558928654319269
043383,620,2070,961,0.61986742333921507
043383,621,2070,1146,0.60910422260190378
043383,621,2070,1148,0.62352154469845777
043383,623,2070,1077,0.61727673351920131
043383,623,2070,1080,0.65068990559186635
043383,625,2070,1055,0.65521650828673872
043383,626,2070,1093,0.56852177738671361
043383,627,2070,942,0.65296532946885366
043383,627,2070,943,0.58929944928160483
043383,628,2070,1081,0.59717127251976854
043383,629,2070,977,0.62368460550672911
043383,631,2070,1015,0.64836839808933433
043383,631,2070,1017,0.62201539810934603
043383,631,2070,1021,0.61160513148846363
043383,632,2070,1153,0.61901544401544406
043383,633,2070,1066,0.58167811784301482
043383,634,2070,1161,0.63052227202048838
043383,634,2070,1165,0.62818568703223598
043383,635,2070,1139,0.63726410807863565
043383,635,2070,1141,0.62583846001190713
043383,635,2070,1142,0.5855583746123797
043383,637,2070,1011,0.71446506550218336
043383,637,2070,1017,0.61931842847840246
043383,639,2070,1132,0.62467877520797943
043383,640,2070,1088,0.63824473778094903
043383,640,2070,1092,0.59023273559710032
043383,641,2070,1183,0.60322944048066096
043383,642,2070,823,0.6106803644117077
043383,642,2070,825,0.61042802073640834
043383,643,2070,1211,0.63476607960276199
043383,643,2070,1215,0.57695873039415624
043383,647,2070,1120,0.56825908033637507
043383,648,2070,931,0.61870400458759434
043383,649,2070,1291,0.65048708895222696
043383,652,2070,1086,0.64309825529459197
043383,653,2070,1216,0.59282260358395755
043383,655,2070,1002,0.64307786046916482
043383,655,2070,1007,0.59984043765671302
043383,655,2070,1008,0.63365462613923751
043383,656,2070,756,0.63220563980852007
043383,656,2070,759,0.65123810472821486
043383,657,2070,1351,0.62041812669790153
043383,659,2070,1191,0.62350754936120789
043383,660,2070,760,0.61873187949073494
043383,661,2070,1252,0.61731616794247279
043383,666,2070,1298,0.6032263388068323
043383,667,2070,1069,0.63307005957355045
043383,667,2070,1070,0.64119868738777785
043383,667,2070,1071,0.61944830323476885
043383,667,2070,1073,0.63024724083088346
043383,669,2070,1100,0.61372225990890594
043383,669,2070,1105,0.62776055559560717
043383,670,2070,1252,0.59764032549439661
043383,671,2070,1202,0.62366054343666288
043383,672,2070,1239,0.59455172203410511
043383,674,2070,781,0.63095937506799837
043383,674,2070,783,0.63600889522930393
043383,675,2070,748,0.6194845912671102
043383,677,2070,1124,0.6276114285714286
043383,677,2070,1127,0.63819332423377595
043383,681,2070,991,0.63649561672901889
043383,682,2070,1146,0.63820088132502661
043383,683,2070,1085,0.6207949763984707
043383,686,2070,955,0.62423714036617262
043383,686,2070,958,0.65229651783806875
043383,688,2070,938,0.63089894219134235
043383,691,2070,938,0.64767450431193341
043383,694,2070,1097,0.60831126502342636
043383,695,2070,940,0.62776852622814316
043383,695,2070,941,0.62382501002361113
043383,695,2070,942,0.61442154627199586
043383,696,2070,777,0.63543675943786171
043383,696,2070,778,0.65117556032546298
043383,696,2070,784,0.59062826443814354
043383,697,2070,963,0.602157734111474
043383,698,2070,935,0.64258847666267738
043383,700,2070,1130,0.61340869860494074
043383,700,2070,1132,0.63618058499364138
043383,701,2070,983,0.59573933788138789
043383,701,2070,985,0.63718632508524964
043383,702,2070,738,0.61854156258988446
043383,702,2070,744,0.62741443578447986
043383,702,2070,746,0.63279477894066616
043383,703,2070,1242,0.63183544516519341
043383,703,2070,1245,0.64475598935226264
043383,704,2070,1178,0.62941270860077025
043383,705,2070,1082,0.63734424820786506
043383,708,2070,1227,0.62504145151357238
043383,710,2070,1342,0.63692946058091282
043383,710,2070,1343,0.63660421446770177
043383,710,2070,1347,0.6183279742765273
043383,711,2070,1291,0.60042274535809015
043383,711,2070,1292,0.63839310231204349
043383,711,2070,1293,0.61968709600823157
043383,713,2070,877,0.60681902104788088
043383,713,2070,883,0.60866943992283118
043383,714,2070,789,0.61792704626334516
043383,715,2070,1039,0.5957766529579247
043383,716,2070,1111,0.6467862911809269
043383,717,2070,1251,0.63213446050722821
043383,718,2070,869,0.61306423611111116
043383,719,2070,1106,0.64862910422500542
043383,719,2070,1108,0.62362429973379951
043383,722,2070,1058,0.63153226664774542
043383,724,2070,721,0.6188431723315444
043383,725,2070,1029,0.63293410383073911
043383,725,2070,1032,0.62620264083338861
043383,727,2070,1185,0.61528886599708132
043383,729,2070,1107,0.59001079465249517
043383,730,2070,1213,0.63626247522342383
043383,730,2070,1216,0.63089471287210697
043383,731,2070,931,0.64024458359055769
043383,732,2070,1125,0.65231038270968322
043383,734,2070,1271,0.5946927374301676
043383,734,2070,1272,0.60341221794166211
043383,735,2070,1071,0.58760771440295445
043383,735,2070,1072,0.60925271205390863
043383,735,2070,1073,0.62983010330402123
043383,736,2070,1145,0.58559329283942163
043383,736,2070,1148,0.60111342445912919
043383,736,2070,1149,0.62580191992507606
043383,737,2070,1120,0.64766813698765924
043383,737,2070,1123,0.61689502122732531
043383,737,2070,1125,0.61475443750258596
043383,738,2070,920,0.58563516667247206
043383,740,2070,906,0.64011101505982981
043383,740,2070,909,0.63193044354838712
043383,741,2070,807,0.63842121065151625
043383,742,2070,988,0.64048753883000165
043383,743,2070,1062,0.60669917320330724
043383,744,2070,1165,0.60382643372578804
043383,745,2070,1210,0.59701882162529041
043383,745,2070,1211,0.64002009118306158
043383,748,2070,1162,0.6217249051171313
043383,748,2070,1165,0.61451048951048948
043383,752,2070,1244,0.60886666019228897
043383,753,2070,942,0.61960296859576647
043383,753,2070,943,0.61579513486678805
043383,753,2070,945,0.61961253288686913
043383,753,2070,948,0.64523054499615917
043383,754,2070,1132,0.63494450215976816
043383,755,2070,1277,0.64067694167422184
043383,755,2070,1278,0.64233110393026227
043383,755,2070,1279,0.62279783311330628
043383,755,2070,1280,0.60619016637233947
043383,756,2070,1005,0.62318441251722101
043383,757,2070,1142,0.62053336570757966
043383,758,2070,1269,0.58319106006518706
043383,758,2070,1276,0.58099232412756197
043383,760,2070,1162,0.64004395451057006
043383,760,2070,1166,0.63390457575651815
043383,763,2070,844,0.64689311728853871
043383,764,2070,765,0.64509900990099012
043383,764,2070,767,0.61925082977714552
043383,764,2070,771,0.61877368397023236
043383,765,2070,1206,0.63189083820662773
043383,766,2070,1226,0.63780752191535484
043383,767,2070,1096,0.60471225239231241
043383,769,2070,1035,0.6444825499293928
043383,769,2070,1036,0.61785179310952509
043383,770,2070,1280,0.62186612771281458
043383,770,2070,1281,0.63007030827474308
043383,770,2070,1283,0.60191694973273302
043383,771,2070,864,0.64581967980526167
043383,771,2070,870,0.61433937442661546
043383,773,2070,1275,0.62173932767772078
043383,774,2070,831,0.64573106507931444
043383,775,2070,1365,0.58683570684265374
043383,777,2070,1058,0.6500624804748516
043383,779,2070,1617,0.60938234124832846
043383,782,2070,1358,0.656279542032842
043383,782,2070,1362,0.62676710608913999
043383,783,2070,1289,0.62872696817420437
043383,783,2070,1295,0.63780951786939433
043383,785,2070,1269,0.62259572854795908
043383,786,2070,1395,0.62176807193740513
043383,786,2070,1397,0.60892888042913995
043383,788,2070,1368,0.62919069104141823
043383,788,2070,1371,0.62598229002951666
043383,789,2070,1386,0.64407939767282685
043383,790,2070,1274,0.62301048735348552
043383,790,2070,1276,0.61005127639631695
043383,791,2070,1166,0.6126486786689499
043383,791,2070,1170,0.62247002481910019
043383,791,2070,1180,0.64668371010829284
043383,794,2070,1373,0.62336038443621744
043383,795,2070,1372,0.63997808085728203
043383,795,2070,1378,0.59211267605633799
043383,795,2070,1380,0.62276877896572291
043383,795,2070,1383,0.61984785959329791
043383,796,2070,1529,0.63327848286873356
043383,797,2070,1223,0.63892861786503707
043383,798,2070,1029,0.63033098385682274
043383,799,2070,874,0.62191500754514917
043383,800,2070,1431,0.6096693299119379
043383,801,2070,1406,0.65031023002421307
043383,803,2070,1343,0.6506683156542834
043383,804,2070,895,0.64906246532785972
043383,804,2070,896,0.63673393815960011
043383,805,2070,1259,0.64078273902101068
043383,809,2070,1393,0.64676990928682399
043383,810,2070,1138,0.63597844609220278
043383,810,2070,1141,0.64833207427140072
043383,813,2070,1380,0.60417047740991403
043383,813,2070,1386,0.64023253449035622
043383,814,2070,947,0.62051727885242336
043383,814,2070,952,0.61787423589063162
043383,814,2070,953,0.61436664975477762
043383,814,2070,955,0.62969580754815657
043383,815,2070,1191,0.58570688762299328
043383,816,2070,1104,0.63571853994724747
043383,817,2070,1262,0.64334143786198583
043383,818,2070,1138,0.64799179996223666
043383,818,2070,1140,0.61723944844963952
043383,818,2070,1146,0.62568647897115048
043383,819,2070,920,0.63361336822292613
043383,820,2070,898,0.63081732916480571
043383,821,2070,1241,0.61760005682019958
043383,821,2070,1242,0.65350223546944863
043383,821,2070,1246,0.63841165092729546
043383,822,2070,1215,0.63447745197724592
043383,823,2070,1046,0.61367713004484303
043383,824,2070,1295,0.58722554890219558
043383,824,2070,1298,0.58591443448386926
043383,824,2070,1301,0.61853989370373996
043383,826,2070,984,0.61024507834471675
043383,826,2070,991,0.62560096153846156
043383,829,2070,1175,0.64754462535608814
043383,830,2070,922,0.64726970201179856
043383,831,2070,1426,0.60038314176245211
043383,833,2070,914,0.62828737732081408
043383,833,2070,918,0.63742592948661925
043383,834,2070,784,0.64086802260819342
043383,835,2070,1183,0.62609617423147346
043383,836,2070,1240,0.64283499196526739
043383,837,2070,995,0.64411184956477752
043383,840,2070,1452,0.65407006434480641
043383,840,2070,1454,0.63257366736563292
043383,841,2070,1463,0.57244539781591264
043383,841,2070,1466,0.65528306748178855
043383,842,2070,1208,0.63071297989031083
043383,842,2070,1211,0.586291515395993
043383,843,2070,1259,0.63602317552600596
043383,843,2070,1260,0.64248963091300471
043383,845,2070,1343,0.65005405405405403
043383,845,2070,1345,0.63799107444722425
043383,846,2070,948,0.64449853943524826
043383,846,2070,951,0.62370843101502127
043383,847,2070,1341,0.65309638226493794
043383,849,2070,1207,0.6234857849196539
043383,850,2070,1217,0.62714420358152689
043383,850,2070,1223,0.60507691796524565
043383,851,2070,1242,0.64761770075338765
043383,853,2070,1378,0.62427771357453998
043383,857,2070,865,0.6257676920400872
043383,857,2070,867,0.60615398982117008
043383,858,2070,1147,0.61980482704539519
043383,859,2070,1313,0.63676684526132776
043383,859,2070,1320,0.5926200564971752
043383,860,2070,1210,0.64299609304758631
043383,861,2070,1382,0.64275087158306132
043383,861,2070,1383,0.64574220567705909
043383,862,2070,1245,0.64601330306447369
043383,862,2070,1250,0.61087548551274606
043383,864,2070,1025,0.61989808067819208
043383,864,2070,1026,0.6315040251325349
043383,867,2070,880,0.62799370927881371
043383,869,2070,991,0.64189018124413599
043383,869,2070,996,0.63426927502876873
043383,869,2070,999,0.64562182741116747
043383,871,2070,1317,0.62894080996884738
043383,872,2070,983,0.63654051683976876
043383,872,2070,990,0.62105589237509407
043383,873,2070,1109,0.62400256626167849
043383,873,2070,1110,0.58435695538057741
043383,873,2070,1111,0.61906956735496554
043383,877,2070,1304,0.64427278746413597
043383,877,2070,1307,0.60554100507448028
043383,878,2070,973,0.61044000292847211
043383,880,2070,1144,0.63517208863743513
043383,880,2070,1147,0.61894757256448385
043383,881,2070,852,0.63658332558787989
043383,883,2070,824,0.62605928283314216
043383,883,2070,831,0.62646053791887124
043383,886,2070,1228,0.64295133245423042
043383,888,2070,749,0.63544887841751341
043383,888,2070,752,0.59528136895168204
043383,889,2070,1186,0.62777624182103031
043383,889,2070,1190,0.626324252743095
043383,890,2070,1147,0.63300546930134083
043383,893,2070,1073,0.60215994600134992
043383,893,2070,1076,0.61199127217531546
043383,894,2070,1045,0.63650430890825116
043383,894,2070,1048,0.63456854558107167
043383,894,2070,1049,0.63182641916050353
043383,895,2070,691,0.634618361975538
043383,897,2070,1188,0.62315260069704859
043383,897,2070,1189,0.6331826368214063
043383,897,2070,1192,0.63420825749592868
043383,897,2070,1193,0.6123808754643838
043383,901,2070,1227,0.60739514794332539
043383,902,2070,1054,0.65081165119575657
043383,902,2070,1055,0.64326941890041089
043383,903,2070,1115,0.63662452171019801
043383,904,2070,880,0.58215489689593281
043383,905,2070,1053,0.62213907248593436
043383,905,2070,1057,0.63788290255806446
043383,905,2070,1058,0.63395929603775436
043383,905,2070,1065,0.61634385012845305
043383,907,2070,1164,0.64228659028562207
043383,909,2070,1105,0.60661403883080867
043383,909,2070,1106,0.66292251151715931
043383,910,2070,1154,0.63646972381899125
043383,912,2070,1194,0.63167876883060581
043383,912,2070,1199,0.64430746485758228
043383,912,2070,1203,0.64164480546161384
043383,913,2070,1099,0.65260629184109653
043383,916,2070,805,0.58653425496543876
043383,916,2070,806,0.6337603617181613
043383,917,2070,890,0.60539510214229475
043383,918,2070,1172,0.61041873301996641
043383,918,2070,1173,0.59473732975076443
043383,919,2070,1018,0.62324293931923358
043383,919,2070,1020,0.62158386448965341
043383,920,2070,1058,0.62868070253611075
043383,921,2070,1027,0.65324436263230556
043383,921,2070,1036,0.63183629119884099
043383,923,2070,1189,0.61385225491100248
043383,923,2070,1190,0.63413769416561416
043383,925,2070,1115,0.63056353194544146
043383,927,2070,1282,0.59171206868086512
043383,927,2070,1285,0.62869198312236285
043383,928,2070,1230,0.63336846496717392
043383,928,2070,1234,0.61313126850174526
043383,929,2070,1101,0.61187135012638372
043383,929,2070,1103,0.59637057414145001
043383,930,2070,1189,0.6242850445382091
043383,930,2070,1190,0.5850053425145435
043383,933,2070,1351,0.62153525529697806
043383,934,2070,1153,0.61171790487489963
043383,934,2070,1154,0.59802403078944899
043383,934,2070,1159,0.64966750151135677
043383,935,2070,1294,0.59578544061302685
043383,936,2070,1186,0.61698326123753999
043383,937,2070,882,0.61619280871756643
043383,937,2070,883,0.6268223819301848
043383,937,2070,886,0.63912082867062636
043383,937,2070,887,0.63023839397741532
043383,938,2070,1040,0.60951303205081409
043383,938,2070,1042,0.61349499684485709
043383,939,2070,875,0.60824202000952832
043383,939,2070,878,0.60569722030783368
043383,940,2070,1130,0.62720488466757118
043383,941,2070,972,0.60639619883040941
043383,942,2070,930,0.6524033863483405
043383,942,2070,941,0.63323436630172569
043383,943,2070,1138,0.61956265240305197
043383,943,2070,1142,0.63959122746583996
043383,944,2070,1138,0.64811961939284091
043383,945,2070,1421,0.59073742158494436
043383,946,2070,1048,0.62300762300762302
043383,947,2070,1176,0.61656952539550369
043383,950,2070,1222,0.64991824228858086
043383,950,2070,1229,0.62774210536976649
043383,951,2070,1207,0.64299597389976404
043383,953,2070,1295,0.6590344701888684
043383,953,2070,1296,0.5953997284561936
043383,955,2070,1157,0.57236499392255602
043383,956,2070,845,0.63868581248361633
043383,958,2070,1253,0.64359684199733413
043383,960,2070,1000,0.62969603825136611
043383,962,2070,1062,0.64287589707684234
043383,962,2070,1064,0.63940945241795411
043383,965,2070,1240,0.61751631514234373
043383,965,2070,1249,0.62018672116039586
043383,966,2070,1284,0.65876696280386604
043383,968,2070,1093,0.64201596033160302
043383,969,2070,1283,0.60957922253141072
043383,969,2070,1287,0.63312813267400003
043383,970,2070,1171,0.65002611875326488
043383,970,2070,1172,0.64578044703114357
043383,971,2070,1049,0.63098518325968289
043383,972,2070,1089,0.64725206428127502
043383,973,2070,1024,0.63425709136832542
043383,973,2070,1026,0.63824604141291108
043383,973,2070,1031,0.59017774746218354
043383,973,2070,1033,0.65018176007669881
043383,975,2070,696,0.62925147734734077
043383,976,2070,1230,0.6242018616816678
043383,977,2070,895,0.65154783320402754
043383,978,2070,908,0.64802747791952897
043383,979,2070,1199,0.61674742020194551
043383,979,2070,1200,0.6401192607776256
043383,980,2070,1067,0.63965488718934116
043383,980,2070,1073,0.62230148301107568
043383,981,2070,1289,0.63493820328352701
043383,982,2070,1101,0.61926635606010894
043383,982,2070,1106,0.64494984459927229
043383,986,2070,1306,0.6393272185384562
043383,987,2070,1148,0.64317970726707874
043383,987,2070,1150,0.58788934872576781
043383,987,2070,1152,0.63205579317755634
043383,987,2070,1155,0.63449426879959692
043383,988,2070,1260,0.61069918019946734
043383,988,2070,1262,0.6320682790461265
043383,988,2070,1270,0.64268472365904883
043383,990,2070,1015,0.64006158736465679
043383,990,2070,1017,0.63913183798612228
043383,991,2070,918,0.64568902961936803
043383,992,2070,911,0.58511502029769957
043383,992,2070,915,0.64591548173816071
043383,993,2070,1164,0.63013482697380174
043383,993,2070,1166,0.62120588345372207
043383,995,2070,1142,0.64795368658036501
043383,995,2070,1147,0.64800251651462726
043383,996,2070,1073,0.58789506300351169
043383,996,2070,1076,0.6427218731169837
043383,997,2070,936,0.59805124772211682
043383,998,2070,986,0.64870986238532113
043383,998,2070,988,0.5923645320197044
043383,998,2070,990,0.59575178400033379
043383,999,2070,1280,0.64331244892399886
043383,999,2070,1281,0.64604995416023792
043383,1000,2070,888,0.60407936372188487
043383,1002,2070,1165,0.59387613747641455
043383,1002,2070,1173,0.6533209871099549
043383,1003,2070,1260,0.60798648341293826
043383,1003,2070,1265,0.61121279643482418
043383,1004,2070,1180,0.6205778974756927
043383,1004,2070,1181,0.65744234162964765
043383,1008,2070,1022,0.64172954641797375
043383,1008,2070,1025,0.59750512496183539
043383,1009,2070,1036,0.64492607864829532
043383,1010,2070,1221,0.63945208654772512
043383,1012,2070,1270,0.59513549046819081
043383,1013,2070,684,0.63534608921892788
043383,1013,2070,688,0.63453766446868642
043383,1019,2070,1242,0.61825498445216753
043383,1020,2070,1247,0.6348556579930944
043383,1020,2070,1253,0.66164986511429791
043383,1020,2070,1255,0.57354880255128637
043383,1020,2070,1257,0.63796379637963796
043383,1021,2070,1113,0.62894791884542978
043383,1022,2070,924,0.63224377097696871
043383,1022,2070,929,0.61141460609545717
043383,1023,2070,1090,0.61363330793707704
043383,1024,2070,918,0.61501349975656172
043383,1025,2070,1093,0.62066225165562916
043383,1025,2070,1094,0.63625782503381678
043383,1026,2070,1146,0.63248127408915711
043383,1027,2070,1119,0.6155647751605996
043383,1027,2070,1123,0.61907272948525538
043383,1028,2070,1087,0.65107487330390712
043383,1030,2070,1211,0.63789412003335511
043383,1030,2070,1213,0.59244495064540625
043383,1031,2070,1166,0.64510183393235643
043383,1031,2070,1167,0.65066525079642701
043383,1031,2070,1175,0.61230301879627869
043383,1032,2070,1043,0.64900454616711079
043383,1033,2070,1014,0.63198677928755054
043383,1033,2070,1016,0.65045511033486714
043383,1035,2070,1008,0.60582218725413062
043383,1035,2070,1010,0.59440095065007692
043383,1038,2070,1160,0.65406080347448425
043383,1039,2070,1227,0.65318016336769968
043383,1040,2070,1203,0.61675013912075682
043383,1041,2070,1105,0.62348688634835236
043383,1041,2070,1107,0.60720990261644958
043383,1041,2070,1110,0.63336573424055875
043383,1043,2070,1277,0.61012634357910611
043383,1043,2070,1279,0.62553101664951583
043383,1044,2070,746,0.64171943465654213
043383,1045,2070,916,0.63187416459805235
043383,1046,2070,1099,0.66724114215436403
043383,1047,2070,1137,0.6494413407821229
043383,1048,2070,1117,0.61845041163345382
043383,1048,2070,1119,0.64454836690356077
043383,1049,2070,1001,0.60163541752705052
043383,1049,2070,1003,0.64402942840973398
043383,1049,2070,1004,0.64113636915014915
043383,1050,2070,1162,0.64875483506454001
043383,1052,2070,1399,0.61090792170732688
043383,1053,2070,1251,0.62628839325726504
043383,1053,2070,1255,0.61200671376712601
043383,1053,2070,1256,0.60834565033783783
043383,1053,2070,1257,0.62363438520130576
043383,1054,2070,1135,0.65059184568171857
043383,1054,2070,1137,0.63544973544973549
043383,1054,2070,1138,0.61525356697392841
043383,1057,2070,1209,0.63273834820796149
043383,1058,2070,1204,0.61495024767846573
043383,1061,2070,1267,0.63768077057229478
043383,1061,2070,1268,0.63586033557502886
043383,1062,2070,997,0.6382671480144404
043383,1065,2070,1406,0.61265544989027065
043383,1065,2070,1410,0.65704019761958232
043383,1065,2070,1416,0.60522294763161555
043383,1066,2070,1247,0.62753946312316067
043383,1066,2070,1252,0.62005448704916033
043383,1066,2070,1254,0.65398061127888341
043383,1066,2070,1255,0.60433838771279813
043383,1067,2070,885,0.64437138189079612
043383,1071,2070,1272,0.65599661268127452
043383,1071,2070,1274,0.6472568279827503
043383,1072,2070,1335,0.6288700524387616
043383,1073,2070,1022,0.64104978585097661
043383,1076,2070,1236,0.64620512820512821
043383,1079,2070,1248,0.64336003192429381
043383,1079,2070,1250,0.6358353194684776
043383,1080,2070,1414,0.59298913218742944
043383,1080,2070,1418,0.64509143844964056
043383,1081,2070,1431,0.6315959572217652
043383,1082,2070,1212,0.61595764009655563
043383,1083,2070,1388,0.61830326081914744
043383,1083,2070,1393,0.61269345818702037
043383,1084,2070,1288,0.62302483069977421
043383,1084,2070,1291,0.63820578398583516
043383,1086,2070,1060,0.61025145067698261
043383,1086,2070,1061,0.62893032384690872
043383,1086,2070,1063,0.59688932301450148
043383,1086,2070,1065,0.59484999648703718
043383,1087,2070,1299,0.58374956941095424
043383,1087,2070,1304,0.63574585174685228
043383,1089,2070,1026,0.62755246071327753
043383,1090,2070,1404,0.64916806397523541
043383,1091,2070,1115,0.64656444978054206
043383,1093,2070,1117,0.64135634802418295
043383,1093,2070,1118,0.6446727202608421
043383,1093,2070,1119,0.58395805169800497
043383,1093,2070,1122,0.63491728493270772
043383,1093,2070,1125,0.60741349938318745
043383,1094,2070,1347,0.61052734470455994
043383,1095,2070,956,0.65714865001858547
043383,1095,2070,958,0.61107544828176485
043383,1096,2070,1259,0.58854831843337585
043383,1096,2070,1269,0.65287371627357316
043383,1097,2070,1268,0.60048091539758441
043383,1097,2070,1269,0.62399468940689862
043383,1097,2070,1270,0.63319333078783246
043383,1098,2070,1071,0.65443497305305653
043383,1099,2070,1083,0.57046642059345187
043383,1101,2070,1240,0.59953371592539451
043383,1101,2070,1244,0.6493147279112409
043383,1102,2070,1091,0.63456090651558072
043383,1103,2070,1040,0.63823529411764701
043383,1103,2070,1041,0.60712850060297463
043383,1104,2070,1210,0.64761880776689251
043383,1105,2070,1332,0.62859929407393644
043383,1105,2070,1339,0.63667255311178894
043383,1106,2070,1382,0.6184731805030047
043383,1109,2070,1110,0.60015886770652804
043383,1109,2070,1112,0.62522178244847826
043383,1109,2070,1114,0.6527066538221028
043383,1114,2070,1177,0.63694790760606934
043383,1116,2070,937,0.64357032034315964
043383,1117,2070,1277,0.64877024595080979
043383,1117,2070,1278,0.63196854036548689
043383,1117,2070,1281,0.64453158420076995
043383,1117,2070,1284,0.6373023376527075
043383,1118,2070,1248,0.60312265027201561
043383,1119,2070,1450,0.63091253092708488
043383,1119,2070,1451,0.65385357976585401
043383,1120,2070,1330,0.60216246187967837
043383,1121,2070,1263,0.62852393762439041
043383,1122,2070,1359,0.63931416695531695
043383,1122,2070,1368,0.61537441575231211
043383,1123,2070,1590,0.61855989267562761
043383,1123,2070,1596,0.60307315296221475
043383,1126,2070,1225,0.64900570157140869
043383,1127,2070,1404,0.62175983071768648
043383,1127,2070,1407,0.62371289619319137
043383,1128,2070,1457,0.62918201350521796
043383,1128,2070,1461,0.63460514910506549
043383,1129,2070,1398,0.63293346352350399
043383,1130,2070,1090,0.62841003634452863
043383,1131,2070,1079,0.61934156378600824
043383,1132,2070,1247,0.62042562179859539
043383,1132,2070,1255,0.62525087891808884
043383,1132,2070,1259,0.65277565766040813
043383,1133,2070,1389,0.61204670700219665
043383,1133,2070,1391,0.63628241129061669
043383,1134,2070,1132,0.63914157025523266
043383,1135,2070,1222,0.64598477096649876
043383,1136,2070,1232,0.63753915640708092
043383,1136,2070,1235,0.60635964912280704
043383,1137,2070,1406,0.65677791512154926
043383,1137,2070,1411,0.62069421196370367
043383,1138,2070,1199,0.6125711782742006
043383,1138,2070,1210,0.63806853883706316
043383,1140,2070,1138,0.63859239915827903
043383,1141,2070,1527,0.64666340463208904
043383,1142,2070,1166,0.59909937824048254
043383,1142,2070,1170,0.65264613965879403
043383,1142,2070,1175,0.58943936047123169
043383,1143,2070,1330,0.62612625100496244
043383,1143,2070,1333,0.64654967986720413
043383,1144,2070,1236,0.58654008438818561
043383,1145,2070,1112,0.64434687156970361
043383,1145,2070,1118,0.63430312842245606
043383,1146,2070,1239,0.63518886679920472
043383,1146,2070,1240,0.62092069543117889
043383,1147,2070,1163,0.64131668558456301
043383,1148,2070,1156,0.64675566233313309
043383,1149,2070,1397,0.64274300932090545
043383,1153,2070,1118,0.61127163653375161
043383,1153,2070,1119,0.64571407330310016
043383,1156,2070,835,0.63229883564904987
043383,1156,2070,836,0.6266141452434546
043383,1156,2070,840,0.6553720245521234
043383,1157,2070,1207,0.6448522884452611
043383,1157,2070,1210,0.61296129612961292
043383,1158,2070,803,0.60274145929987344
043383,1159,2070,1115,0.65309883629087462
043383,1161,2070,967,0.62093427275359525
043383,1162,2070,1071,0.62278461419394782
043383,1162,2070,1074,0.60279664045746961
043383,1163,2070,1138,0.64596273291925466
043383,1165,2070,1039,0.63154148485129824
043383,1166,2070,1157,0.61410116049923358
043383,1166,2070,1158,0.60415572725226918
043383,1166,2070,1161,0.63108964684575908
043383,1168,2070,1107,0.58419428418086672
043383,1168,2070,1110,0.63967119370979275
043383,1169,2070,1186,0.64793151251307246
043383,1174,2070,1249,0.64826036631034245
043383,1174,2070,1252,0.59398393280993245
043383,1175,2070,1014,0.63988734545801706
043383,1175,2070,1016,0.60472156814776301
043383,1175,2070,1020,0.6242152466367713
043383,1176,2070,951,0.6255388116831615
043383,1176,2070,952,0.62636086514733635
043383,1177,2070,1190,0.58467823484204995
043383,1177,2070,1192,0.61040326821178659
043383,1178,2070,1111,0.62864984623524356
043383,1179,2070,1087,0.66658035879415567
043383,1180,2070,1168,0.61149923057019517
043383,1180,2070,1171,0.62129186602870812
043383,1180,2070,1178,0.62761289104893125
043383,1182,2070,1094,0.61314111912003666
043383,1183,2070,1210,0.6208027788498649
043383,1183,2070,1212,0.63801051879748072
043383,1183,2070,1214,0.59223502113201287
043383,1183,2070,1217,0.60951257148043936
043383,1186,2070,1067,0.64974587438037268
043383,1186,2070,1068,0.62909818092514957
043383,1187,2070,1273,0.60286277236903107
043383,1187,2070,1274,0.63513149022252191
043383,1187,2070,1280,0.61188436830835113
043383,1188,2070,1258,0.60384347495725954
043383,1190,2070,1303,0.62423508622664359
043383,1190,2070,1310,0.63611111111111107
043383,1193,2070,908,0.61836870026525204
043383,1197,2070,1248,0.65296682360268932
043383,1197,2070,1254,0.64682777444910455
043383,1198,2070,1124,0.65224330156446686
043383,1198,2070,1125,0.64101595694457558
043383,1198,2070,1131,0.62429837019003176
043383,1199,2070,1087,0.63202325488790667
043383,1204,2070,1025,0.6064066487795301
043383,1204,2070,1028,0.60362765498017357
043383,1205,2070,1054,0.63235053808623387
043383,1206,2070,1247,0.6402625055615585
043383,1208,2070,1133,0.64119738265753001
043383,1208,2070,1134,0.64969896004378758
043383,1210,2070,1143,0.6284940858000353
043383,1211,2070,1282,0.65139624746046287
043383,1211,2070,1283,0.61359179363403227
043383,1211,2070,1288,0.63291962636276122
043383,1216,2070,860,0.61209214772319831
043383,1216,2070,862,0.60953987509870078
043383,1216,2070,864,0.64864971937933313
043383,1217,2070,1322,0.61967185023347471
043383,1218,2070,963,0.65862726968701435
043383,1219,2070,1031,0.65362971299943728
043383,1220,2070,1291,0.61942475401659536
043383,1220,2070,1294,0.6343653250773994
043383,1220,2070,1298,0.64064280323769218
043383,1221,2070,1294,0.64990196383554821
043383,1223,2070,1125,0.60437783719917915
043383,1223,2070,1130,0.6117740652346858
043383,1224,2070,936,0.65267967399357862
043383,1226,2070,1197,0.60801963993453356
043383,1226,2070,1199,0.62000632747562479
043383,1228,2070,1059,0.63342361255789359
043383,1229,2070,1293,0.60033496257305941
043383,1229,2070,1294,0.63799331707757612
043383,1229,2070,1296,0.59293763475855332
043383,1230,2070,1149,0.64440908457115675
043383,1231,2070,1008,0.61783054003724391
043383,1231,2070,1009,0.62429321991493625
043383,1234,2070,999,0.64511829390203268
043383,1236,2070,861,0.63473317763186887
043383,1238,2070,1056,0.6380158003594073
043383,1238,2070,1059,0.63520739439309448
043383,1238,2070,1063,0.60329963163257305
043383,1239,2070,1100,0.61431447922386961
043383,1242,2070,1181,0.64132432432432429
043383,1242,2070,1183,0.61408423178398097
043383,1242,2070,1185,0.61768537618065356
043383,1242,2070,1187,0.65113271597810773
043383,1243,2070,888,0.61448890278211943
043383,1243,2070,891,0.61834549878345502
043383,1244,2070,1223,0.6029264031447914
043383,1245,2070,991,0.61588985379795536
043383,1246,2070,985,0.61804469787547134
043383,1249,2070,931,0.60411249486793483
043383,1250,2070,1026,0.60884839593869433
043383,1250,2070,1028,0.65279435421099063
043383,1250,2070,1029,0.66684624501670076
043383,1250,2070,1030,0.63758752616761716
043383,1251,2070,871,0.60848750128235818
043383,1251,2070,874,0.60913358106786619
043383,1255,2070,1189,0.63833695107697441
043383,1257,2070,1015,0.60879747479890034
043383,1257,2070,1017,0.62504115516673719
043383,1258,2070,1080,0.60405609492988133
043383,1258,2070,1081,0.598145937214692
043383,1259,2070,1155,0.62937890367381777
043383,1259,2070,1156,0.6192790777701308
043383,1259,2070,1163,0.64174384459001577
043383,1260,2070,821,0.64056243174372041
043383,1261,2070,1330,0.61542357274401471
043383,1261,2070,1331,0.64604793407465222
043383,1262,2070,787,0.61674977999413316
043383,1262,2070,790,0.61966018351846164
043383,1267,2070,1061,0.61663695781342842
043383,1268,2070,647,0.6445668427337371
043383,1268,2070,651,0.60365194564546021
043383,1271,2070,1157,0.59744552485478641
043383,1271,2070,1158,0.61028265107212476
043383,1271,2070,1160,0.60617349654071317
043383,1272,2070,1068,0.63565347553559737
043383,1272,2070,1069,0.64069389930706988
043383,1273,2070,1207,0.61273306048203724
043383,1274,2070,1184,0.60821068221790242
043383,1274,2070,1186,0.60490399096385539
043383,1275,2070,798,0.62537203248241835
043383,1275,2070,801,0.64014419981975024
043383,1275,2070,804,0.66188304033622058
043383,1275,2070,806,0.65335613808509896
043383,1276,2070,1150,0.62025477707006371
043383,1276,2070,1151,0.63038026721479956
043383,1276,2070,1152,0.57883297723421501
043383,1279,2070,794,0.59655534551564793
043383,1279,2070,795,0.63240610178182288
043383,1280,2070,1062,0.6317571557935352
043383,1280,2070,1064,0.6319690974774409
043383,1281,2070,1129,0.62627800019852431
043383,1282,2070,1051,0.65237218977518197
043383,1283,2070,1064,0.6330575216827834
043383,1283,2070,1066,0.6217870257037944
043383,1284,2070,1216,0.63134358355944131
043383,1284,2070,1218,0.63268820333721376
043383,1285,2070,1255,0.65780451969495557
043383,1286,2070,1214,0.619998849759408
043383,1286,2070,1215,0.62159240458732845
043383,1287,2070,1212,0.62738528304295105
043383,1287,2070,1213,0.61778885438797193
043383,1288,2070,1458,0.64039375878925864
043383,1288,2070,1465,0.62817338821909385
043383,1289,2070,1079,0.61947700631199276
043383,1289,2070,1086,0.62885782637062815
043383,1289,2070,1088,0.62347380275011854
043383,1290,2070,1188,0.65125842439934511
043383,1291,2070,1219,0.62912025460331888
043383,1293,2070,961,0.61316872427983538
043383,1294,2070,1153,0.6349489304297552
043383,1294,2070,1155,0.62736541598694939
043383,1295,2070,865,0.6461876862570195
043383,1295,2070,867,0.65193486526332123
043383,1295,2070,869,0.6318879000189358
043383,1296,2070,1121,0.63481613709389506
043383,1298,2070,857,0.63529455203352592
043383,1299,2070,1230,0.60009942154736085
043383,1299,2070,1231,0.64330500783763711
043383,1300,2070,995,0.65187180941576861
043383,1300,2070,997,0.66541353383458646
043383,1302,2070,1031,0.63279813093403592
043383,1302,2070,1032,0.64135376943385158
043383,1302,2070,1034,0.60542112523768687
043383,1302,2070,1037,0.63684780854448619
043383,1302,2070,1038,0.63652438222443042
043383,1302,2070,1039,0.6541225042806621
043383,1305,2070,1152,0.62844922327501707
043383,1306,2070,1073,0.64118890249976446
043383,1306,2070,1077,0.62126818246010451
043383,1308,2070,1134,0.64484320867016076
043383,1308,2070,1135,0.59826707122524947
043383,1310,2070,976,0.62005751258087705
043383,1311,2070,990,0.63657537941010611
043383,1311,2070,991,0.60708867742380357
043383,1312,2070,909,0.64496962857237694
043383,1313,2070,1211,0.59168094718803554
043383,1315,2070,1285,0.6413848013918787
043383,1316,2070,1245,0.59950336998935794
043383,1316,2070,1246,0.62564658185376765
043383,1317,2070,1244,0.59211759853001833
043383,1319,2070,1385,0.58316847353011003
043383,1320,2070,1129,0.65421265010452623
043383,1321,2070,1301,0.65353751718405317
043383,1321,2070,1302,0.64405598304895728
043383,1322,2070,1243,0.61613646841862613
043383,1322,2070,1250,0.63444233752801238
043383,1323,2070,1244,0.58701883701883706
043383,1324,2070,1108,0.63631578947368417
043383,1325,2070,1205,0.64423872958530892
043383,1326,2070,1229,0.64435868198696022
043383,1327,2070,983,0.63702707893220667
043383,1328,2070,1155,0.64719016321267964
043383,1331,2070,1179,0.62824568340582576
043383,1332,2070,1136,0.59435096153846156
043383,1332,2070,1140,0.62370205869995798
043383,1333,2070,1302,0.58375415425784449
043383,1333,2070,1304,0.61371384045972532
043383,1334,2070,1284,0.64790815607832086
043383,1336,2070,818,0.61770036816765794
043383,1338,2070,856,0.64257284146320448
043383,1339,2070,833,0.63703844689760181
043383,1339,2070,839,0.63570014844136569
043383,1341,2070,931,0.62387531343723879
043383,1342,2070,1088,0.62044168877241201
043383,1344,2070,978,0.56807267256841987
043383,1345,2070,860,0.64012987546751055
043383,1345,2070,861,0.61744218445249377
043383,1345,2070,864,0.63649364852359724
043383,1346,2070,1335,0.63640430767264244
043383,1346,2070,1341,0.63714568138708561
043383,1347,2070,1089,0.62883937021423042
043383,1347,2070,1090,0.59040989277066758
043383,1348,2070,1287,0.62367377722514961
043383,1349,2070,1350,0.63862882175176827
043383,1349,2070,1355,0.61090744512333106
043383,1349,2070,1358,0.62614981623246091
043383,1352,2070,1609,0.61814317522434381
043383,1353,2070,1265,0.640542577241899
043383,1353,2070,1271,0.60340121771992439
043383,1353,2070,1275,0.62971974407497522
043383,1355,2070,994,0.62250996015936255
043383,1355,2070,998,0.62744282744282742
043383,1355,2070,1002,0.64294172240535097
043383,1356,2070,1003,0.64013750716183138
043383,1357,2070,1479,0.62076759920112712
043383,1358,2070,1357,0.65879213848757001
043383,1358,2070,1359,0.64529113365681512
043383,1358,2070,1363,0.58783661666365439
043383,1358,2070,1365,0.59913736766435755
043383,1360,2070,1248,0.62680188583251362
043383,1361,2070,928,0.5760522022838499
043383,1362,2070,1286,0.64770898490875417
043383,1362,2070,1287,0.62895681496791034
043383,1364,2070,1233,0.61622629275409302
043383,1364,2070,1236,0.64973166368515201
043383,1365,2070,1239,0.63123184195235327
043383,1366,2070,1368,0.58380853277835587
043383,1368,2070,1479,0.63073672543382631
043383,1368,2070,1481,0.63430139368089322
043383,1368,2070,1482,0.63619103256900833
043383,1368,2070,1488,0.63009181614031096
043383,1369,2070,1195,0.63851256983240223
043383,1369,2070,1202,0.64843870005047066
043383,1369,2070,1207,0.61523295316670712
043383,1369,2070,1208,0.6454033239899204
043383,1370,2070,997,0.60594479830148618
043383,1370,2070,1001,0.60569687738004574
043383,1370,2070,1005,0.63837464026459345
043383,1371,2070,1123,0.582312741051492
043383,1371,2070,1125,0.5952524350480779
043383,1372,2070,1112,0.60679060836170029
043383,1373,2070,1217,0.63520533919836186
043383,1373,2070,1221,0.59057704943377265
043383,1374,2070,1091,0.63466621033217352
043383,1375,2070,1334,0.62802458569983666
043383,1375,2070,1335,0.61710785190484707
043383,1376,2070,1244,0.64091239990293614
043383,1376,2070,1245,0.63730938226932021
043383,1376,2070,1246,0.6076823158285396
043383,1377,2070,1172,0.65556663343303423
043383,1378,2070,1251,0.6216657270866095
043383,1380,2070,1368,0.62930278884462154
043383,1380,2070,1370,0.64159356090216857
043383,1380,2070,1373,0.6452573635131249
043383,1381,2070,1022,0.61928702010968917
043383,1381,2070,1024,0.63820156910078452
043383,1381,2070,1027,0.63870041753653439
043383,1383,2070,1219,0.63640829158070533
043383,1385,2070,1418,0.62414026930155964
043383,1387,2070,1295,0.63793431311292825
043383,1387,2070,1306,0.6284194191975172
043383,1388,2070,873,0.62331326960147926
043383,1388,2070,874,0.64571720185286963
043383,1389,2070,1243,0.64372352366124774
043383,1389,2070,1245,0.63273382876742446
043383,1390,2070,1331,0.60565326815926912
043383,1392,2070,1487,0.57955353334281245
043383,1394,2070,1272,0.64643167461193429
043383,1394,2070,1273,0.61167537241245884
043383,1394,2070,1274,0.65275534921275735
043383,1394,2070,1278,0.56921274934336619
043383,1394,2070,1283,0.63942982094232192
043383,1395,2070,1133,0.63028677067364058
043383,1395,2070,1134,0.63848083124328203
043383,1396,2070,1078,0.60889369954449102
043383,1396,2070,1079,0.5738073807380738
043383,1396,2070,1080,0.64602258607836094
043383,1397,2070,1413,0.6435486375951267
043383,1398,2070,1294,0.61310927490483702
043383,1398,2070,1300,0.59769381329248572
043383,1399,2070,835,0.63728854373607846
043383,1402,2070,925,0.60591048855483431
043383,1403,2070,1403,0.63019390581717449
043383,1403,2070,1404,0.64395534290271128
043383,1405,2070,685,0.61559501584682841
043383,1406,2070,960,0.63371261306864446
043383,1407,2070,1334,0.64067573497147867
043383,1407,2070,1339,0.61112771170740454
043383,1408,2070,1240,0.6252211893829096
043383,1409,2070,1309,0.62031063321385904
043383,1410,2070,1189,0.64583780925151635
043383,1410,2070,1197,0.60229499815377618
043383,1410,2070,1198,0.64957951894615096
043383,1412,2070,1230,0.5942608491120781
043383,1412,2070,1233,0.63137254901960782
043383,1413,2070,1209,0.62281914147787598
043383,1414,2070,1427,0.63587078274116227
043383,1415,2070,1221,0.64982131807907462
043383,1415,2070,1226,0.59455554001771316
043383,1417,2070,1139,0.63968271701485868
043383,1418,2070,1372,0.60497724269563946
043383,1418,2070,1375,0.62875689314856642
043383,1425,2070,1426,0.60099009900990097
043383,1426,2070,1340,0.62213980708051919
043383,1426,2070,1344,0.58965387979507689
043383,1427,2070,1436,0.6453732355559324
043383,1427,2070,1438,0.58671174570591966
043383,1427,2070,1442,0.6215173596228033
043383,1427,2070,1444,0.64184219646501595
043383,1428,2070,780,0.62383767729758233
043383,1428,2070,782,0.62507598168334888
043383,1429,2070,1260,0.64169437943917562
043383,1429,2070,1266,0.64069696969696965
043383,1429,2070,1269,0.62948067844028677
043383,1430,2070,1053,0.63998662711951582
043383,1431,2070,1212,0.62056428155904597
043383,1431,2070,1215,0.63208983631518845
043383,1432,2070,1266,0.61804135423767326
043383,1432,2070,1268,0.62916612910162129
043383,1434,2070,1384,0.63951011714589989
043383,1434,2070,1390,0.62327809095918285
043383,1434,2070,1397,0.63226789104233805
043383,1435,2070,1268,0.64363549275535858
043383,1438,2070,1328,0.61906703013935949
043383,1439,2070,1308,0.64954491709516871
043383,1439,2070,1314,0.61426863949223098
043383,1441,2070,1214,0.62092023563126886
043383,1442,2070,1306,0.59516808392275289
043383,1442,2070,1311,0.63906557711026102
043383,1444,2070,1240,0.60605912054512479
043383,1444,2070,1241,0.6320296888381387
043383,1445,2070,815,0.60551094890510948
043383,1445,2070,817,0.63676255485129207
043383,1446,2070,1197,0.58964734996906576
043383,1446,2070,1198,0.5865155965869352
043383,1447,2070,1180,0.63426367519595239
043383,1448,2070,835,0.62682824905975765
043383,1450,2070,1089,0.59351307520778429
043383,1450,2070,1090,0.62470987323692195
043383,1452,2070,1334,0.64179330731041806
043383,1452,2070,1342,0.63545289498436031
043383,1453,2070,993,0.62741061190451375
043383,1453,2070,996,0.60781456953642388
043383,1454,2070,952,0.6492189132099998
043383,1455,2070,1092,0.64547396090027931
043383,1455,2070,1094,0.62068051259390189
043383,1455,2070,1095,0.63700923502395179
043383,1455,2070,1096,0.60697749048732408
043383,1457,2070,1159,0.63748048319500372
043383,1457,2070,1162,0.59055326551450293
043383,1458,2070,767,0.62380797320556358
043383,1458,2070,769,0.64237016242229794
043383,1459,2070,1035,0.64041470246635235
043383,1459,2070,1037,0.6136122232208514
043383,1460,2070,1440,0.62160938278313638
043383,1460,2070,1442,0.60479563789134949
043383,1460,2070,1445,0.63541793299873217
043383,1461,2070,860,0.63189221941048579
043383,1461,2070,863,0.63623058785267095
043383,1462,2070,977,0.6390221986235628
043383,1462,2070,982,0.6381853451431081
043383,1463,2070,1228,0.63104547560011992
043383,1463,2070,1233,0.64244889371997616
043383,1463,2070,1235,0.60284802811040727
043383,1464,2070,961,0.63495619608105391
043383,1464,2070,963,0.64577186438790846
043383,1466,2070,1034,0.62330727348876169
043383,1467,2070,1132,0.63946573532188034
043383,1469,2070,1219,0.60603882099209205
043383,1472,2070,1022,0.61757853297983445
043383,1473,2070,1281,0.6315354913912431
043383,1473,2070,1284,0.63599255045028957
043383,1475,2070,1293,0.61772237624600534
043383,1476,2070,1157,0.61629326558220876
043383,1476,2070,1159,0.5848746758859118
043383,1477,2070,1023,0.64373637430823416
043383,1477,2070,1024,0.65786783158286088
043383,1478,2070,1066,0.59394879751745544
043383,1479,2070,1338,0.61453618666783849
043383,1480,2070,850,0.65462329169900968
043383,1480,2070,851,0.63420558264862714
043383,1482,2070,1075,0.61789266679966937
043383,1486,2070,1219,0.61563459911855045
043383,1488,2070,1246,0.6404307192198293
043383,1488,2070,1247,0.6128695535052866
043383,1488,2070,1257,0.62949897506793151
043383,1489,2070,1314,0.61834870521461516
043383,1489,2070,1317,0.61665145606902849
043383,1489,2070,1318,0.63749304654181349
043383,1490,2070,777,0.6259754842331805
043383,1490,2070,778,0.60563144922087142
043383,1492,2070,1277,0.63311674612885527
043383,1494,2070,1099,0.61128677206323789
043383,1495,2070,963,0.63470289736454411
043383,1495,2070,968,0.63175484600750687
043383,1496,2070,1027,0.64180454218477034
043383,1501,2070,1019,0.61697434667945339
043383,1502,2070,657,0.57745689655172416
043383,1502,2070,659,0.60361290322580641
043383,1505,2070,997,0.62226567273616029
043383,1506,2070,1090,0.56826127229808465
043383,1506,2070,1092,0.65661411925976698
043383,1507,2070,1277,0.59483420816796828
043383,1507,2070,1278,0.60121143823073675
043383,1507,2070,1280,0.64683180973974286
043383,1509,2070,1028,0.62225572757694991
043383,1510,2070,1175,0.59408234179214492
043383,1510,2070,1176,0.58670833333333339
043383,1512,2070,912,0.62789336039658061
043383,1512,2070,913,0.59107905982905984
043383,1512,2070,916,0.61694915254237293
043383,1513,2070,1056,0.63166736665266698
043383,1513,2070,1058,0.62038802287764938
043383,1513,2070,1059,0.62133153423901377
043383,1515,2070,1125,0.62160980674304656
043383,1516,2070,1084,0.62169046700115782
043383,1516,2070,1086,0.61477216647474908
043383,1516,2070,1089,0.63085396558959295
043383,1517,2070,1245,0.59619695158398089
043383,1517,2070,1249,0.60582763857251332
043383,1517,2070,1252,0.6207360017203839
043383,1518,2070,919,0.63487351772592693
043383,1519,2070,820,0.62953380932381353
043383,1519,2070,822,0.61152172411411199
043383,1520,2070,759,0.63949407182296791
043383,1521,2070,1069,0.63154986647020905
043383,1522,2070,1089,0.60351182341491694
043383,1523,2070,1064,0.64388525928950591
043383,1524,2070,1121,0.62175404213620777
043383,1525,2070,1127,0.61486660375739899
043383,1525,2070,1128,0.63049134773272708
043383,1526,2070,1080,0.65125304945664231
043383,1527,2070,1080,0.63781297754790178
043383,1528,2070,1048,0.59318907733141391
043383,1529,2070,885,0.58297253047116604
043383,1533,2070,1285,0.64643854026672176
043383,1533,2070,1287,0.57598618774162069
043383,1534,2070,809,0.6260751290154819
043383,1534,2070,810,0.63959142481421449
043383,1534,2070,814,0.64961852861035418
043383,1535,2070,1407,0.62794541447703001
043383,1536,2070,928,0.62257144751674287
043383,1538,2070,1163,0.62576780857500836
043383,1538,2070,1165,0.64251289137541712
043383,1538,2070,1168,0.61020982904287813
043383,1539,2070,719,0.63140617344438998
043383,1539,2070,722,0.64562309883636715
043383,1540,2070,834,0.58004323224616949
043383,1541,2070,1045,0.64802798982188292
043383,1542,2070,984,0.6266462986664465
043383,1542,2070,985,0.61788440567066516
043383,1542,2070,986,0.61175828970331592
043383,1546,2070,1210,0.61521527671120668
043383,1547,2070,1173,0.62943642291569635
043383,1547,2070,1174,0.64923472481626121
043383,1548,2070,1030,0.62628780748391033
043383,1548,2070,1031,0.64815747080144981
043383,1548,2070,1034,0.63331491276545349
043383,1549,2070,1214,0.61556279406442271
043383,1549,2070,1218,0.64921446568845409
043383,1550,2070,1082,0.58847487700621015
043383,1550,2070,1087,0.62464575393335287
043383,1551,2070,1172,0.61439797669587215
043383,1552,2070,1306,0.60230080296479305
043383,1553,2070,1339,0.610955710955711
043383,1553,2070,1340,0.62192307692307691
043383,1554,2070,994,0.64160854466396244
043383,1555,2070,1093,0.62307641284160253
043383,1556,2070,1179,0.58606426980591786
043383,1559,2070,804,0.62643524699599462
043383,1560,2070,1294,0.62643287933857894
043383,1560,2070,1298,0.58569004524886881
043383,1561,2070,758,0.5921307548698439
043383,1563,2070,1319,0.61193165941479377
043383,1564,2070,1146,0.60968341545451865
043383,1566,2070,1246,0.63857942187318406
043383,1567,2070,955,0.62798440026633695
043383,1568,2070,1195,0.66394574908953907
043383,1568,2070,1196,0.6518080968160207
043383,1568,2070,1202,0.61267254696765838
043383,1571,2070,1227,0.61772357723577231
043383,1573,2070,1086,0.61694854904753427
043383,1574,2070,1218,0.63880647984120542
043383,1577,2070,968,0.6446166848755952
043383,1578,2070,848,0.60850381066987569
043383,1580,2070,977,0.63555599427471499
043383,1582,2070,1062,0.61696032861312289
043383,1582,2070,1067,0.59084803438703326
043383,1583,2070,976,0.63091184260310251
043383,1584,2070,1155,0.64350532473376332
043383,1584,2070,1156,0.61796582644919862
043383,1585,2070,1017,0.62962782461783384
043383,1586,2070,1258,0.60357579047360566
043383,1587,2070,1070,0.623024980873499
043383,1587,2070,1074,0.62231415013991975
043383,1587,2070,1076,0.65598963154971301
043383,1587,2070,1077,0.65236790952465096
043383,1589,2070,893,0.57361760919395866
043383,1589,2070,894,0.62073957643944411
043383,1589,2070,896,0.61280864904484855
043383,1590,2070,1168,0.63565796210957504
043383,1591,2070,1159,0.63016263863598743
043383,1592,2070,1127,0.59786590950723573
043383,1592,2070,1132,0.62205318413277177
043383,1595,2070,1006,0.62348720401817748
043383,1596,2070,1170,0.63094303883101066
043383,1596,2070,1171,0.59203854867129346
043383,1597,2070,1103,0.62488265009611521
043383,1598,2070,860,0.64029390012540599
043383,1598,2070,863,0.60521894548704203
043383,1599,2070,969,0.62722797487693094
043383,1599,2070,970,0.6409088947391135
043383,1601,2070,1365,0.60913155398997421
043383,1601,2070,1368,0.6316290559143658
043383,1605,2070,1190,0.64654512323960722
043383,1606,2070,1288,0.63398018661997169
043383,1606,2070,1290,0.62282617172268584
043383,1606,2070,1292,0.59419760600527494
043383,1608,2070,1052,0.60375222383956006
043383,1610,2070,1213,0.62761844433280178
043383,1610,2070,1216,0.61838692412203056
043383,1611,2070,897,0.59804397417851773
043383,1611,2070,901,0.62438075605944743
043383,1612,2070,1378,0.60071309292774289
043383,1612,2070,1382,0.63115851908542997
043383,1613,2070,1256,0.62337326553477546
043383,1615,2070,676,0.64119330356525706
043383,1615,2070,682,0.63420975538303792
043383,1617,2070,1136,0.65263372805226627
043383,1618,2070,782,0.65779548699154078
043383,1618,2070,787,0.64336202473921222
043383,1618,2070,790,0.60749818005338507
043383,1619,2070,1145,0.64795134443021762
043383,1621,2070,1174,0.6363967906637491
043383,1622,2070,1296,0.60275154377043227
043383,1623,2070,954,0.60791162375111685
043383,1623,2070,959,0.63560190267105743
043383,1623,2070,960,0.63941344172523784
043383,1623,2070,962,0.65185827283562681
043383,1626,2070,847,0.6210690975780786
043383,1626,2070,851,0.62227230046948356
043383,1628,2070,1086,0.6235842386991588
043383,1629,2070,1013,0.61961756711649418
043383,1629,2070,1019,0.60378527572804597
043383,1630,2070,1168,0.60162454873646209
043383,1630,2070,1172,0.63665541826300964
043383,1631,2070,1131,0.64806291199259858
043383,1631,2070,1139,0.60003450209168929
043383,1632,2070,1009,0.6484057971014493
043383,1632,2070,1014,0.60182342969716407
043383,1633,2070,1352,0.63057813469134594
043383,1634,2070,1164,0.62060940796822639
043383,1637,2070,1503,0.6450828836711876
043383,1637,2070,1506,0.64407457935425194
043383,1638,2070,1337,0.62904023746701843
043383,1639,2070,1344,0.63537816173111272
043383,1639,2070,1352,0.59558823529411764
043383,1640,2070,1337,0.62171885725105924
043383,1640,2070,1339,0.63636000053325514
043383,1644,2070,1057,0.6370040462259482
043383,1644,2070,1061,0.62615062359474993
043383,1645,2070,1150,0.65083583174343596
043383,1645,2070,1154,0.58352662363856389
043383,1645,2070,1155,0.61301807558882604
043383,1645,2070,1159,0.64901154824818952
043383,1646,2070,1065,0.62918982360454279
043383,1647,2070,1309,0.63532120870341646
043383,1648,2070,1074,0.61753534983755087
043383,1648,2070,1075,0.64796610927967302
043383,1649,2070,1406,0.63684537165226529
043383,1650,2070,1240,0.63695143761177608
043383,1650,2070,1241,0.61312468450277635
043383,1651,2070,1381,0.59986915024630538
043383,1653,2070,912,0.62490756863774066
043383,1653,2070,916,0.62492947059166881
043383,1653,2070,920,0.61525958948639359
043383,1655,2070,1473,0.62747314867156589
043383,1655,2070,1478,0.63278101209135695
043383,1655,2070,1480,0.60828430593099059
043383,1656,2070,1343,0.53453900484591266
043383,1657,2070,987,0.63271045328399633
043383,1657,2070,990,0.62006603081438005
043383,1657,2070,991,0.61785989222478832
043383,1659,2070,1409,0.64342537404208733
043383,1660,2070,1401,0.59635669557646587
043383,1660,2070,1403,0.63609497262988213
043383,1662,2070,1187,0.65078236130867706
043383,1662,2070,1190,0.63299877186295683
043383,1662,2070,1193,0.61212192354345185
043383,1662,2070,1195,0.63751037874433159
043383,1662,2070,1197,0.62454353257735917
043383,1663,2070,951,0.62981907015802729
043383,1663,2070,954,0.63768422835846184
043383,1663,2070,956,0.60442863796096358
043383,1664,2070,1120,0.62905574884699411
043383,1664,2070,1121,0.60846169036334918
043383,1664,2070,1122,0.61613331367055002
043383,1664,2070,1125,0.61607667975393809
043383,1665,2070,1293,0.59733727810650883
043383,1666,2070,932,0.65089187438448293
043383,1666,2070,936,0.63960848753304278
043383,1667,2070,1199,0.64035498472584562
043383,1670,2070,1328,0.6391619983994512
043383,1670,2070,1331,0.62401854034723192
043383,1670,2070,1332,0.63667878254795685
043383,1671,2070,1148,0.635786533496974
043383,1671,2070,1156,0.60020211784349053
043383,1675,2070,1249,0.62221579404107608
043383,1675,2070,1251,0.6451779600800982
043383,1676,2070,1357,0.6564538514920194
043383,1676,2070,1368,0.6478265168243087
043383,1677,2070,1211,0.65222510822510826
043383,1677,2070,1212,0.59722455845248112
043383,1677,2070,1214,0.6442822384428224
043383,1678,2070,1434,0.64619883040935677
043383,1680,2070,1477,0.65148437684513827
043383,1680,2070,1484,0.64917991736571934
043383,1681,2070,994,0.59573118230842437
043383,1681,2070,1000,0.64840442338072668
043383,1682,2070,1234,0.61554794190030404
043383,1682,2070,1236,0.64633568673448671
043383,1683,2070,1330,0.62196058356795492
043383,1683,2070,1331,0.64196666953750758
043383,1684,2070,1310,0.58656524088622852
043383,1684,2070,1311,0.60676951416071845
043383,1685,2070,1427,0.62653953118792216
043383,1685,2070,1436,0.6310669670284661
043383,1686,2070,844,0.60504796629969204
043383,1687,2070,1462,0.65958274237086512
043383,1687,2070,1463,0.65173730184406342
043383,1690,2070,1337,0.59395382924148044
043383,1690,2070,1339,0.6491817313708057
043383,1692,2070,1160,0.63911374605708204
043383,1694,2070,1407,0.63598112033954113
043383,1694,2070,1411,0.62368199253487455
043383,1694,2070,1412,0.5246757273525916
043383,1694,2070,1414,0.62606553010122534
043383,1696,2070,1343,0.61325763388061993
043383,1697,2070,1041,0.62427678554151589
043383,1697,2070,1043,0.65177295987559447
043383,1698,2070,1205,0.64837847798046799
043383,1698,2070,1206,0.63759300701975863
043383,1698,2070,1207,0.64671930652705656
043383,1699,2070,1173,0.64950504899766204
043383,1701,2070,1336,0.62273226527288561
043383,1703,2070,1325,0.63384562695320856
043383,1705,2070,1517,0.6606831817302109
043383,1706,2070,1335,0.60048157855483819
043383,1706,2070,1345,0.63266497956005452
043383,1707,2070,1341,0.59324082363473585
043383,1708,2070,1279,0.6260278989246596
043383,1709,2070,1339,0.58960424790508592
043383,1709,2070,1340,0.63321807284462883
043383,1709,2070,1342,0.61941835209161944
043383,1709,2070,1348,0.63592552026286964
043383,1709,2070,1349,0.62349570200573068
043383,1710,2070,1282,0.6337843109076351
043383,1711,2070,1302,0.61050401427297052
043383,1714,2070,1442,0.65758036760854932
043383,1715,2070,945,0.62807998279939803
043383,1715,2070,950,0.62729182582123755
043383,1715,2070,953,0.61689489435023126
043383,1716,2070,1043,0.61501616938190251
043383,1717,2070,1371,0.65299796747967476
043383,1719,2070,988,0.58924402944873411
043383,1719,2070,994,0.64222218515985918
043383,1720,2070,1187,0.64502299477745728
043383,1721,2070,1358,0.61489992587101561
043383,1722,2070,1269,0.58338051204629804
043383,1722,2070,1272,0.6516621839698763
043383,1723,2070,1338,0.6187554191956246
043383,1723,2070,1340,0.63151286880100443
043383,1724,2070,1260,0.64654972567807745
043383,1726,2070,1287,0.60822550831792976
043383,1727,2070,1041,0.60754410696740568
043383,1727,2070,1043,0.61857995053106363
043383,1728,2070,1140,0.64339957416607518
043383,1729,2070,1061,0.63488500889031396
043383,1729,2070,1068,0.61309215506593884
043383,1730,2070,1007,0.6470179721368744
043383,1731,2070,1009,0.61833995084136884
043383,1731,2070,1013,0.64712517438926653
043383,1731,2070,1014,0.64375654052594267
043383,1732,2070,739,0.63392317912791396
043383,1733,2070,1123,0.58430532998671192
043383,1733,2070,1127,0.66157581107923191
043383,1734,2070,1059,0.60148310903597912
043383,1736,2070,1004,0.65409661771546279
043383,1737,2070,907,0.64816982629259212
043383,1737,2070,911,0.59237844940867279
043383,1737,2070,913,0.64827550722897764
043383,1737,2070,914,0.61759658289157549
043383,1737,2070,917,0.63173599621838805
043383,1738,2070,974,0.61632988620137596
043383,1739,2070,815,0.60458081244598094
043383,1740,2070,751,0.61831385051363796
043383,1740,2070,759,0.64092015783729328
043383,1743,2070,1134,0.64073326206596193
043383,1745,2070,716,0.65212743379526639
043383,1745,2070,719,0.61627766356270408
043383,1745,2070,722,0.60481426963373452
043383,1745,2070,725,0.63589768154818926
043383,1747,2070,1277,0.64823593146881564
043383,1748,2070,880,0.61029302945093977
043383,1749,2070,1170,0.62741060759260958
043383,1749,2070,1173,0.63090128755364805
043383,1750,2070,1159,0.60182139131830215
043383,1754,2070,1102,0.64374089150208558
043383,1756,2070,1127,0.60291749114168702
043383,1758,2070,1070,0.65122332118688186
043383,1758,2070,1072,0.59716196379057251
043383,1758,2070,1078,0.60805287693977905
043383,1759,2070,966,0.64011588397296038
043383,1760,2070,1092,0.63371374227294341
043383,1761,2070,961,0.6331841581084926
043383,1761,2070,966,0.6098418277680141
043383,1765,2070,838,0.62558020981460116
043383,1766,2070,1259,0.61409649687771273
043383,1766,2070,1261,0.61704966641957004
043383,1767,2070,1179,0.64078964919301051
043383,1767,2070,1180,0.63880073744975363
043383,1768,2070,820,0.64407581757951626
043383,1769,2070,1136,0.64764117376198249
043383,1772,2070,1077,0.64623282854329789
043383,1773,2070,732,0.63321464178891895
043383,1774,2070,1005,0.62096473222616155
043383,1775,2070,1001,0.61084534955238157
043383,1775,2070,1002,0.63140159582922717
043383,1776,2070,1309,0.65278712427097352
043383,1777,2070,831,0.64391286601215925
043383,1779,2070,955,0.636071941231107
043383,1780,2070,1267,0.62985017810044319
043383,1780,2070,1270,0.65024317186292191
043383,1781,2070,1006,0.62297258844731096
043383,1781,2070,1009,0.58782090852972146
043383,1782,2070,1128,0.6366942728188949
043383,1782,2070,1130,0.61401718125372118
043383,1783,2070,1300,0.61747045672309164
043383,1785,2070,1166,0.63953488372093026
043383,1786,2070,1173,0.63578459756803707
043383,1787,2070,1086,0.62347821835427564
043383,1787,2070,1088,0.63466692656303303
043383,1788,2070,1310,0.62200126262626265
043383,1790,2070,1280,0.64008951291259863
043383,1791,2070,848,0.65291121417922804
043383,1794,2070,1050,0.63809015570065297
043383,1795,2070,1182,0.64164520843482498
043383,1796,2070,1058,0.61459610574329293
043383,1797,2070,1270,0.61463063711164068
043383,1798,2070,1033,0.62718047568222002
043383,1798,2070,1034,0.630210899773332
043383,1798,2070,1038,0.61461699296711647
043383,1798,2070,1040,0.62842570036540801
043383,1799,2070,1036,0.655504151475229
043383,1800,2070,724,0.62395649312411239
043383,1802,2070,875,0.63057236568577635
043383,1803,2070,1298,0.63619244892194704
043383,1805,2070,1223,0.63578625475359707
043383,1805,2070,1225,0.61306614532420989
043383,1806,2070,1158,0.59521054755818648
043383,1807,2070,1284,0.63822282726400792
043383,1808,2070,1432,0.63422569579516919
043383,1808,2070,1433,0.59470611132736473
043383,1809,2070,1076,0.6044068567961165
043383,1809,2070,1078,0.64329586278827211
043383,1810,2070,1052,0.6041451372143759
043383,1811,2070,1205,0.63750790638836174
043383,1811,2070,1206,0.6245568203022952
043383,1813,2070,999,0.61554824985496037
043383,1816,2070,1095,0.63358600970809231
043383,1816,2070,1097,0.64231496291987789
043383,1817,2070,1195,0.63368994670833834
043383,1817,2070,1196,0.61867318467959509
043383,1817,2070,1203,0.61653282122905029
043383,1819,2070,976,0.62982438399568541
043383,1822,2070,1364,0.63666374159040573
043383,1825,2070,1143,0.61423030918119537
043383,1826,2070,1144,0.61360563248939248
043383,1827,2070,1179,0.64333368915456879
043383,1827,2070,1180,0.63185009574177076
043383,1829,2070,1166,0.62788442109517073
043383,1830,2070,1224,0.64628318584070799
043383,1831,2070,807,0.61586570111915739
043383,1831,2070,809,0.6302093335893989
043383,1832,2070,1265,0.59008640291041381
043383,1832,2070,1269,0.59677060628975576
043383,1835,2070,1300,0.62337024468655122
043383,1837,2070,1399,0.61305818342238128
043383,1838,2070,1399,0.59039222741993524
043383,1842,2070,1241,0.60165100856590215
043383,1843,2070,919,0.63121761230484863
043383,1844,2070,1224,0.6240835313748293
043383,1844,2070,1227,0.64087944542434061
043383,1844,2070,1239,0.635221838871739
043383,1846,2070,747,0.64869232695240475
043383,1847,2070,991,0.59729578435172026
043383,1848,2070,1147,0.60004184975936392
043383,1850,2070,1312,0.63419436657322115
043383,1853,2070,1132,0.60618034897660167
043383,1854,2070,1049,0.64338418172774003
043383,1854,2070,1050,0.63766048502139805
043383,1855,2070,968,0.60912256941085419
043383,1857,2070,1102,0.62440605344832323
043383,1858,2070,844,0.64405876745359725
043383,1858,2070,847,0.64424262082387285
043383,1859,2070,1298,0.6243138402986167
043383,1861,2070,1341,0.64172434249555077
043383,1861,2070,1342,0.63285732855471577
043383,1864,2070,1337,0.64306320482559665
043383,1864,2070,1338,0.61887250878287425
043383,1864,2070,1339,0.6525074960315127
043383,1865,2070,960,0.64870264012167711
043383,1866,2070,1165,0.65776998506396522
043383,1866,2070,1166,0.61260480715483512
043383,1867,2070,962,0.64089666735570405
043383,1869,2070,1212,0.61449174630755865
043383,1870,2070,1237,0.6072835547411819
043383,1871,2070,1055,0.63672355358267596
043383,1875,2070,1220,0.61304523606306993
043383,1876,2070,1042,0.61961520412951665
043383,1877,2070,1097,0.61965268953833119
043383,1877,2070,1099,0.60357934208283626
043383,1878,2070,1050,0.63455063455063454
043383,1882,2070,1276,0.63219891120944893
043383,1883,2070,841,0.63024534411195865
043383,1883,2070,844,0.60655939422621863
043383,1883,2070,845,0.60574837310195229
043383,1885,2070,1325,0.63909510280145421
043383,1885,2070,1326,0.62791272943155396
043383,1886,2070,1137,0.6214935721508017
043383,1887,2070,1272,0.63197242289524869
043383,1887,2070,1277,0.64130567301707486
043383,1888,2070,1087,0.58011506935687263
043383,1889,2070,1104,0.6102018775442386
043383,1889,2070,1113,0.62360071026017139
043383,1890,2070,1066,0.62695303705704897
043383,1890,2070,1068,0.60201602311531388
043383,1891,2070,1378,0.627327379910115
043383,1893,2070,1145,0.63140329090344616
043383,1895,2070,1073,0.61128332300061994
043383,1896,2070,920,0.63421156114825006
043383,1896,2070,925,0.64166637419717121
043383,1896,2070,926,0.63110945920832562
043383,1897,2070,897,0.6505586348361192
043383,1898,2070,1026,0.65107816711590294
043383,1898,2070,1027,0.61991367185605506
043383,1898,2070,1028,0.64392692230475812
043383,1899,2070,1053,0.63190351575833426
043383,1899,2070,1061,0.63223797993773778
043383,1901,2070,1145,0.62940001664308898
043383,1903,2070,877,0.62963748894783378
043383,1904,2070,828,0.63567774936061383
043383,1905,2070,1275,0.62819428987244241
043383,1906,2070,1100,0.62029484776331123
043383,1907,2070,911,0.65485893416927898
043383,1907,2070,913,0.60695786940739838
043383,1907,2070,915,0.60528579621487288
043383,1907,2070,916,0.61826807170354237
043383,1907,2070,917,0.63883272416206549
043383,1908,2070,954,0.62533208606173996
043383,1910,2070,1048,0.63389745097215811
043383,1911,2070,1128,0.62856946260235325
043383,1911,2070,1131,0.60220994475138123
043383,1911,2070,1134,0.63694380429001951
043383,1911,2070,1135,0.64372852504492006
043383,1912,2070,1153,0.6358763882182521
043383,1912,2070,1155,0.60117724002616091
043383,1913,2070,1299,0.59624941761143035
043383,1915,2070,879,0.63306701624475192
043383,1917,2070,1098,0.59694558394701724
043383,1917,2070,1100,0.65583199571963613
043383,1917,2070,1103,0.60649095200629421
043383,1920,2070,1203,0.62754515599343186
043383,1921,2070,1376,0.63575562411331543
043383,1921,2070,1378,0.62040263259775452
043383,1921,2070,1379,0.61559252228192674
043383,1923,2070,903,0.65531280671780145
043383,1923,2070,905,0.62423846074415723
043383,1923,2070,912,0.60848296029078186
043383,1923,2070,913,0.63835723939486422
043383,1924,2070,1376,0.65040372941415669
043383,1925,2070,1491,0.64126217971851318
043383,1925,2070,1493,0.62680231281563348
043383,1925,2070,1496,0.63069932958408792
043383,1925,2070,1502,0.6405169137210186
043383,1926,2070,1281,0.6329991221180058
043383,1926,2070,1284,0.64326684497148201
043383,1928,2070,1273,0.63597714893051682
043383,1931,2070,1033,0.65043116766382969
043383,1932,2070,1393,0.62816977805903362
043383,1934,2070,1336,0.627253095941122
043383,1935,2070,1344,0.63588449930177038
043383,1935,2070,1345,0.64445356553011424
043383,1935,2070,1350,0.62560718540922
043383,1935,2070,1351,0.62998046875000002
043383,1936,2070,1233,0.60421300120734578
043383,1936,2070,1234,0.64230002516015405
043383,1938,2070,1253,0.58995437720581911
043383,1938,2070,1255,0.62954222950459804
043383,1939,2070,1188,0.64079082505991103
043383,1939,2070,1193,0.62899432046354198
043383,1940,2070,1256,0.61664334577114432
043383,1942,2070,882,0.60549943883277213
043383,1943,2070,1374,0.64309795267868086
043383,1944,2070,1301,0.62456154179639778
043383,1946,2070,1191,0.63229312317274688
043383,1947,2070,1373,0.63551890353679075
043383,1949,2070,1051,0.63016665097448454
043383,1949,2070,1052,0.66188304400773657
043383,1950,2070,1295,0.64285275004612452
043383,1950,2070,1302,0.60960806941060819
043383,1951,2070,933,0.63710872787514172
043383,1951,2070,935,0.63713171577123051
043383,1952,2070,882,0.6247590146376294
043383,1952,2070,884,0.632398164356342
043383,1953,2070,950,0.62616593028964163
043383,1953,2070,952,0.61137727336155168
043383,1954,2070,885,0.59071608492263405
043383,1954,2070,886,0.64366930917327292
043383,1955,2070,1143,0.59770731256355736
043383,1956,2070,1413,0.65254103118898099
043383,1957,2070,1295,0.59915491813269406
043383,1957,2070,1296,0.59659270497503003
043383,1959,2070,1151,0.64634820830786244
043383,1960,2070,1016,0.62636401307610845
043383,1960,2070,1019,0.64141945266453082
043383,1961,2070,1233,0.59680846254690112
043383,1962,2070,1338,0.64092095707303665
043383,1963,2070,1249,0.65693335928881968
043383,1963,2070,1252,0.58056731583403898
043383,1966,2070,1099,0.61889949587042803
043383,1967,2070,1321,0.65168739531734432
043383,1967,2070,1329,0.63479818660427023
043383,1967,2070,1333,0.64379174901803804
043383,1968,2070,1346,0.59425983084138378
043383,1970,2070,1209,0.62999833527551186
043383,1970,2070,1210,0.62992648118783334
043383,1972,2070,959,0.65487456477100259
043383,1973,2070,1253,0.61277663700661644
043383,1973,2070,1259,0.64121784621641353
043383,1974,2070,1153,0.63623336998011193
043383,1974,2070,1154,0.61457633813944301
043383,1975,2070,1337,0.65462931007435765
043383,1975,2070,1338,0.65364463975986986
043383,1975,2070,1344,0.64122604141744421
043383,1977,2070,1201,0.60736819817912346
043383,1978,2070,1232,0.64790393481290875
043383,1978,2070,1233,0.62435413798651962
043383,1978,2070,1235,0.64195567922090824
043383,1979,2070,826,0.59104249074901105
043383,1979,2070,828,0.61726837119133837
043383,1981,2070,1388,0.63834131376572767
043383,1982,2070,1370,0.62002807674309779
043383,1982,2070,1371,0.63242134062927502
043383,1982,2070,1372,0.61400116031715335
043383,1982,2070,1374,0.64143050562584625
043383,1984,2070,831,0.63837671028326826
043383,1985,2070,1203,0.59037949400798939
043383,1987,2070,1329,0.62678542770020862
043383,1987,2070,1334,0.61451212330696159
043383,1990,2070,899,0.61672298149175453
043383,1991,2070,998,0.63548739859108361
043383,1992,2070,1182,0.60534648091188714
043383,1994,2070,1263,0.6301050669378071
043383,1995,2070,1384,0.61997014969484709
043383,1996,2070,1559,0.59252394192153224
043383,1996,2070,1561,0.63530443497870204
043383,1997,2070,1263,0.57929601756036375
043383,1998,2070,1428,0.6105321151462284
043383,1998,2070,1431,0.66251089013729081
043383,1998,2070,1434,0.62749957272261148
043383,2000,2070,1104,0.65812131805528584
043383,2000,2070,1109,0.60251062805807332
043383,2001,2070,1297,0.59683665566018507
043383,2001,2070,1302,0.6375050004615811
043383,2001,2070,1307,0.66357387536580381
043383,2002,2070,1300,0.47833048287908009
043383,2002,2070,1302,0.65142059155923149
043383,2004,2070,1368,0.64808768124215088
043383,2004,2070,1370,0.64542682276672425
043383,2005,2070,1241,0.63299346494679576
043383,2006,2070,1254,0.58331959782429532
043383,2006,2070,1256,0.63538375170422645
043383,2008,2070,1317,0.64638729011083096
043383,2010,2070,1012,0.63999727747622048
043383,2011,2070,1201,0.65400451998390141
043383,2011,2070,1203,0.62004437156361536
043383,2011,2070,1205,0.63631954212543052
043383,2012,2070,739,0.62096812959669279
043383,2013,2070,811,0.643459578066787
043383,2014,2070,1059,0.60299760733149743
043383,2016,2070,814,0.63041368153455046
043383,2019,2070,1181,0.6042412193505633
043383,2021,2070,953,0.61934402681350254
043383,2021,2070,959,0.6463782775679221
043383,2022,2070,1175,0.64263408195617122
043383,2022,2070,1176,0.63313908313908318
043383,2022,2070,1179,0.59605536885901744
043383,2025,2070,731,0.64956145241015351
043383,2025,2070,734,0.65315470915999585
043383,2025,2070,736,0.61420685345276538
043383,2026,2070,1281,0.63809101327122841
043383,2027,2070,1078,0.62857879803972139
043383,2027,2070,1080,0.59955041746949267
043383,2028,2070,992,0.60654140570633264
043383,2029,2070,1289,0.63797907815997446
043383,2029,2070,1291,0.61655067016377196
043383,2029,2070,1292,0.66045859431945941
043383,2029,2070,1294,0.64494107258091904
043383,2031,2070,1227,0.61349832290816786
043383,2032,2070,1080,0.60486766857294849
043383,2033,2070,1065,0.66277342349264889
043383,2034,2070,1213,0.61754227918594651
043383,2034,2070,1214,0.62286257124762512
043383,2035,2070,1060,0.62302483069977421
043383,2035,2070,1069,0.65562199343613725
043383,2036,2070,1116,0.63009404388714729
043383,2036,2070,1117,0.61709860935524652
043383,2037,2070,1105,0.59767783656672546
043383,2038,2070,1181,0.64128392092009323
043383,2039,2070,1306,0.62654744492528536
043383,2041,2070,1299,0.64250115603966496
043383,2042,2070,1084,0.63572377811684799
043383,2042,2070,1087,0.6326831218567851
043383,2043,2070,1171,0.64104574697485428
043383,2043,2070,1174,0.62142701287366353
043383,2044,2070,1209,0.64254595893488586
043383,2044,2070,1210,0.61157493105662797
043383,2044,2070,1213,0.61995352889921584
043383,2045,2070,1349,0.61601318901870838
043383,2046,2070,1118,0.61882325454616249
043383,2047,2070,1159,0.62447024838936505
043383,2048,2070,895,0.63244989843072497
043383,2048,2070,896,0.64334853715696894
043383,2048,2070,900,0.63903190107299235
043383,2048,2070,903,0.64119800014353034
043383,2049,2070,1164,0.61518278817561656
043383,2052,2070,939,0.65828847224800446
043383,2053,2070,1023,0.63266909025627216
043383,2053,2070,1024,0.62316061714081872
043383,2054,2070,682,0.61862859461378505
043383,2055,2070,1056,0.59705656410463748
043383,2055,2070,1060,0.59939781995578933
043383,2057,2070,1165,0.65173756428675533
043383,2057,2070,1173,0.61886321049344162
043383,2057,2070,1176,0.61343353687177082
043383,2058,2070,1110,0.62716796989828916
043383,2060,2070,1002,0.63536670547147844
043383,2061,2070,1393,0.64103764749953174
043383,2061,2070,1394,0.61704821886767303
043383,2065,2070,1110,0.60370090934360476
043383,2068,2070,827,0.62915491754251052
043383,2071,2070,1005,0.60940134907251264
043383,2071,2070,1006,0.64399089116987285
043383,2071,2070,1009,0.630212994451405
043383,2071,2070,1010,0.57435771759996734
043383,2072,2070,1244,0.65199489677569011
043383,2072,2070,1245,0.61002431164131843
043383,2073,2070,1222,0.61973502076329845
043383,2075,2070,763,0.61543820537829175
043383,2077,2070,1287,0.63243417070217922
043383,2078,2070,1359,0.61136223821114288
043383,2080,2070,1300,0.65040100845862947
043383,2081,2070,1096,0.61538461538461542
043383,2082,2070,938,0.62802819910275587
043383,2082,2070,944,0.61813713737712783
043383,2083,2070,1232,0.64119476928394492
043383,2083,2070,1235,0.59551915945611866
043383,2083,2070,1236,0.64564147849123255
043383,2083,2070,1241,0.64903225806451614
043383,2083,2070,1243,0.63913336831846468
043383,2085,2070,938,0.63486851416763379
043383,2085,2070,945,0.61418118607753569
043383,2085,2070,947,0.64225810302632369
043383,2085,2070,948,0.58091756534454397
043383,2089,2070,733,0.63134506138904156
043383,2092,2070,1215,0.63987102095909409
043383,2092,2070,1225,0.64912830149284895
043383,2093,2070,844,0.60353652861796181
043383,2094,2070,1066,0.61155974956900461
043383,2095,2070,883,0.63469913220382079
043383,2095,2070,884,0.61730759141702951
043383,2096,2070,1083,0.61724027018333871
043383,2098,2070,988,0.60239333587043853
043383,2098,2070,989,0.64308495216004635
043383,2099,2070,860,0.59501238645747312
043383,2099,2070,861,0.60452231881446783
043383,2101,2070,1202,0.6148855965635136
043383,2101,2070,1209,0.66009775887084277
043383,2102,2070,1235,0.6270613562970937
043383,2103,2070,1401,0.63563910921293476
043383,2103,2070,1402,0.60098750192871475
043383,2104,2070,754,0.64000109772496505
043383,2105,2070,821,0.62903583958786691
043383,2106,2070,1139,0.5701441636955511
043383,2106,2070,1144,0.61589254217357881
043383,2108,2070,1086,0.62613328750053709
043383,2112,2070,991,0.62227424459184111
043383,2113,2070,1054,0.62384719611871153
043383,2115,2070,1236,0.62587087784486761
043383,2116,2070,1140,0.60506726457399107
043383,2116,2070,1145,0.64957418428073055
043383,2117,2070,1029,0.64022041832079157
043383,2117,2070,1031,0.63451970914657485
043383,2117,2070,1034,0.64261611750694725
043383,2119,2070,1252,0.62727705274605761
043383,2119,2070,1253,0.63496768634209388
043383,2119,2070,1255,0.58835758835758833
043383,2121,2070,1144,0.6464238949640797
043383,2122,2070,752,0.64688259965460115
043383,2123,2070,819,0.64194548662863404
043383,2123,2070,823,0.60896410803127221
043383,2124,2070,908,0.62161987320481304
043383,2124,2070,910,0.64462047464528849
043383,2125,2070,1132,0.63114199618719635
043383,2126,2070,1066,0.61706839830563143
043383,2127,2070,1265,0.64186620747912537
043383,2128,2070,1062,0.61044569615783162
043383,2129,2070,1173,0.6579254504340214
043383,2130,2070,1282,0.62662961826141739
043383,2131,2070,1102,0.62034063260340633
043383,2132,2070,1042,0.61982302499543884
043383,2133,2070,1117,0.62632558139534888
043383,2134,2070,660,0.64398980039045384
043383,2134,2070,662,0.6389540868849084
043383,2137,2070,1266,0.6366941303275544
043383,2137,2070,1268,0.6284541291646929
043383,2139,2070,1161,0.57907521841039844
043383,2140,2070,1084,0.60240420119799787
043383,2140,2070,1085,0.64132521071517978
043383,2142,2070,907,0.60964327714621713
043383,2142,2070,914,0.6231240491756096
043383,2142,2070,915,0.61280991735537194
043383,2145,2070,1022,0.65486054382074921
043383,2146,2070,1186,0.62233472525036027
043383,2146,2070,1192,0.60671609245529878
043383,2148,2070,844,0.64141536824328227
043383,2148,2070,846,0.63382385240500771
043383,2148,2070,847,0.65195861049519588
043383,2150,2070,1053,0.6309266840342389
043383,2150,2070,1059,0.63341957740405352
043383,2150,2070,1060,0.60436863418824394
043383,2151,2070,1230,0.64707134343606332
043383,2151,2070,1234,0.64276704059107082
043383,2152,2070,1129,0.65670052113051081
043383,2153,2070,925,0.65439310918278148
043383,2153,2070,930,0.64336138049058755
043383,2155,2070,1204,0.62769012944983815
043383,2155,2070,1205,0.63940967214690891
043383,2156,2070,1308,0.61474589835934379
043383,2157,2070,1229,0.63095448910926155
043383,2157,2070,1232,0.57899620040646815
043383,2158,2070,1089,0.63729236528113542
043383,2159,2070,1286,0.60791259601760017
043383,2159,2070,1290,0.5964436032176923
043383,2159,2070,1293,0.61567112705200722
043383,2160,2070,1224,0.6300130859826033
043383,2161,2070,949,0.63273119968584335
043383,2162,2070,1199,0.6376667446758717
043383,2162,2070,1201,0.6269804716285925
043383,2162,2070,1203,0.62277918781725883
043383,2163,2070,1185,0.63443655634436558
043383,2164,2070,1152,0.64005863854538581
043383,2164,2070,1156,0.64478733610489292
043383,2165,2070,1051,0.65148970877512835
043383,2166,2070,1058,0.63408927617398358
043383,2166,2070,1061,0.6399916568170757
043383,2166,2070,1063,0.60854727986984647
043383,2167,2070,823,0.60263102944247238
043383,2168,2070,1156,0.61383939966307621
043383,2169,2070,1225,0.62236198462613557
043383,2169,2070,1227,0.61477254460697639
043383,2169,2070,1232,0.63833745379776274
043383,2170,2070,968,0.62283180666536742
043383,2170,2070,971,0.62774610525698704
043383,2170,2070,973,0.59531732349757449
043383,2172,2070,1176,0.62056176711208066
043383,2173,2070,1201,0.60859199486497639
043383,2173,2070,1204,0.5896563314007226
043383,2174,2070,930,0.64700642444528422
043383,2175,2070,973,0.65075286087131101
043383,2176,2070,918,0.62787723785166238
043383,2177,2070,1190,0.62596679164434921
043383,2177,2070,1194,0.59303615840826474
043383,2178,2070,1080,0.65311296835383603
043383,2178,2070,1081,0.63762550642945215
043383,2178,2070,1082,0.6487614806568327
043383,2180,2070,1090,0.65057764459688705
043383,2180,2070,1092,0.64000435066347616
043383,2182,2070,1083,0.64031936127744515
043383,2182,2070,1086,0.64204797419875026
043383,2182,2070,1089,0.63919368452410508
043383,2183,2070,1145,0.61450047890725856
043383,2184,2070,943,0.63910284551223207
043383,2186,2070,1342,0.62791733475859612
043383,2188,2070,935,0.62405886379192332
043383,2189,2070,1243,0.62766215495075928
043383,2189,2070,1249,0.63961435599432104
043383,2190,2070,1142,0.56932184763727889
043383,2192,2070,1059,0.58883289019405527
043383,2192,2070,1063,0.6610181501062844
043383,2194,2070,1070,0.64906809237395113
043383,2196,2070,943,0.63643468246133594
043383,2197,2070,987,0.58580550751629634
043383,2197,2070,990,0.62940190050307432
043383,2198,2070,1288,0.60963455149501666
043383,2198,2070,1289,0.56562418459015174
043383,2198,2070,1291,0.64660004580686381
043383,2199,2070,1013,0.61526808666911492
043383,2200,2070,1224,0.61951354777372836
043383,2200,2070,1232,0.61859214528143869
043383,2204,2070,1224,0.64134901516225029
043383,2204,2070,1229,0.64252677702044791
043383,2206,2070,1110,0.64346064228548272
043383,2207,2070,1304,0.63870043977772473
043383,2208,2070,1434,0.60126555218264999
043383,2209,2070,1678,0.62103842017345146
043383,2209,2070,1680,0.61157617794785935
043383,2210,2070,1034,0.63244245575845526
043383,2213,2070,1319,0.64490155912142944
043383,2214,2070,1235,0.64713803274483817
043383,2215,2070,1367,0.61717473723145211
043383,2216,2070,883,0.63246988426108175
043383,2216,2070,886,0.63740817479751366
043383,2216,2070,887,0.63716469599786885
043383,2217,2070,1138,0.64295093708965023
043383,2217,2070,1139,0.63855186999109526
043383,2218,2070,1267,0.63335280912697189
043383,2218,2070,1272,0.64705282480114212
043383,2219,2070,1214,0.62451430589897561
043383,2220,2070,1422,0.65064826687834565
043383,2221,2070,1467,0.61134619615150687
043383,2221,2070,1473,0.65817779713835745
043383,2222,2070,1433,0.63365740468777532
043383,2222,2070,1439,0.61946792122902705
043383,2225,2070,1162,0.64153525614837814
043383,2226,2070,1290,0.63921457833027262
043383,2227,2070,1416,0.62694275509219033
043383,2228,2070,1112,0.60193632470675851
043383,2228,2070,1114,0.5913638340780577
043383,2229,2070,1465,0.64394161010999296
043383,2229,2070,1467,0.61204829780741898
043383,2230,2070,1229,0.6451373845627637
043383,2230,2070,1231,0.61813097746798507
043383,2232,2070,1379,0.62368910522774945
043383,2232,2070,1381,0.63383102055155449
043383,2233,2070,1257,0.63992894872154438
043383,2235,2070,1391,0.64169977409051959
043383,2236,2070,945,0.63307259192079512
043383,2236,2070,951,0.64013799189698739
043383,2236,2070,953,0.58783991160763616
043383,2236,2070,956,0.63520167359746915
043383,2240,2070,1308,0.64125552349998172
043383,2240,2070,1309,0.65177982288591774
043383,2240,2070,1310,0.65849936783363128
043383,2240,2070,1322,0.61318271994817608
043383,2241,2070,1016,0.61025370443652993
043383,2241,2070,1019,0.61693885301936957
043383,2241,2070,1021,0.61099032271816511
043383,2242,2070,861,0.635505070287679
043383,2242,2070,866,0.62789040872822011
043383,2243,2070,916,0.65489130434782605
043383,2243,2070,920,0.59797908172309877
043383,2244,2070,1260,0.62317298979632041
043383,2246,2070,1153,0.642085324379009
043383,2246,2070,1154,0.57942532321236695
043383,2246,2070,1155,0.63522024957682166
043383,2247,2070,1414,0.63611361136113609
043383,2247,2070,1415,0.65040258530974415
043383,2247,2070,1417,0.63579766536964977
043383,2248,2070,1247,0.62421358283594131
043383,2248,2070,1256,0.62196867814845347
043383,2248,2070,1262,0.63623269212898426
043383,2249,2070,1077,0.60928939066910182
043383,2250,2070,1256,0.63905592825610902
043383,2250,2070,1257,0.62931241880383004
043383,2252,2070,1249,0.60755329414860948
043383,2255,2070,1380,0.63625659679148883
043383,2257,2070,1300,0.61099179259031988
043383,2258,2070,826,0.6507421150278293
043383,2258,2070,829,0.64956964693483221
043383,2258,2070,830,0.64480112759032993
043383,2258,2070,832,0.60617122990004346
043383,2258,2070,833,0.63959476414299354
043383,2260,2070,1212,0.62634354763335331
043383,2261,2070,1423,0.64382442828538311
043383,2262,2070,1195,0.64433656957928798
043383,2262,2070,1202,0.64733028222730737
043383,2264,2070,1091,0.63295550668245648
043383,2265,2070,1197,0.60500098315527295
043383,2266,2070,1096,0.59785147127510507
043383,2266,2070,1099,0.61329458437125195
043383,2266,2070,1101,0.59658238078743797
043383,2266,2070,1102,0.63782306483892492
043383,2267,2070,1487,0.63546319972888876
043383,2269,2070,1257,0.65897663413191365
043383,2269,2070,1266,0.63537742430584621
043383,2269,2070,1267,0.64676205930078179
043383,2270,2070,1507,0.63843778686472508
043383,2270,2070,1508,0.63219428734375738
043383,2270,2070,1519,0.58690155778484621
043383,2271,2070,1390,0.63525661777523224
043383,2272,2070,1230,0.6322747359748333
043383,2273,2070,1207,0.63224008770327056
043383,2273,2070,1208,0.63680893074119072
043383,2274,2070,767,0.60969157698551069
043383,2274,2070,772,0.6138529411764706
043383,2275,2070,860,0.63499693412754032
043383,2276,2070,998,0.63495873475158648
043383,2276,2070,999,0.56558152100499792
043383,2276,2070,1000,0.62666416651040691
043383,2277,2070,1172,0.62863958337126935
043383,2280,2070,893,0.63705662040096933
043383,2281,2070,1181,0.64163286360758753
043383,2282,2070,1348,0.65863964401899566
043383,2283,2070,1339,0.65506599251428199
043383,2283,2070,1345,0.61042785380218256
043383,2285,2070,1207,0.6148678753812935
043383,2285,2070,1212,0.63097927703334367
043383,2286,2070,1495,0.62420808529967242
043383,2286,2070,1496,0.61329070169374356
043383,2288,2070,1299,0.6162350020686802
043383,2289,2070,874,0.6276215409734538
043383,2290,2070,842,0.62158109950022722
043383,2290,2070,843,0.63644978922257445
043383,2292,2070,1365,0.6452306001099285
043383,2294,2070,962,0.60770726963287136
043383,2295,2070,1129,0.60766538326916342
043383,2295,2070,1134,0.64184598515849867
043383,2297,2070,1273,0.62525879917184268
043383,2299,2070,1231,0.63807798849350095
043383,2300,2070,1193,0.59082499764823937
043383,2300,2070,1195,0.64079933388842636
043383,2300,2070,1197,0.6038723698508347
043383,2303,2070,1058,0.60900685122263687
043383,2303,2070,1059,0.6452558571871202
043383,2303,2070,1061,0.63753963859666785
043383,2303,2070,1062,0.64468739323539459
043383,2303,2070,1063,0.63917166971199857
043383,2304,2070,1230,0.58961756475568627
043383,2307,2070,947,0.58657150409727732
043383,2309,2070,1244,0.62486443852903484
043383,2309,2070,1245,0.64210903231581773
043383,2309,2070,1248,0.64902506963788298
043383,2310,2070,1028,0.6421398575862699
043383,2311,2070,1080,0.65649678062005157
043383,2311,2070,1089,0.65315241284384817
043383,2312,2070,1331,0.62101919940484707
043383,2312,2070,1332,0.60079406343054309
043383,2313,2070,1084,0.59419425041243989
043383,2314,2070,1149,0.64407838181377342
043383,2314,2070,1152,0.64367301231802909
043383,2316,2070,1163,0.61973411602209949
043383,2316,2070,1167,0.5867955315677168
043383,2317,2070,1090,0.59225557264901307
043383,2317,2070,1091,0.60187667560321712
043383,2318,2070,1227,0.64091877373344452
043383,2320,2070,850,0.604770604253559
043383,2323,2070,1187,0.63949073771028342
043383,2323,2070,1190,0.60868734718826401
043383,2324,2070,785,0.65442561205273064
043383,2324,2070,787,0.61699945044880011
043383,2325,2070,1246,0.65122282724840364
043383,2328,2070,1082,0.63576650897290532
043383,2328,2070,1088,0.5982021918482946
043383,2329,2070,1000,0.64656496731092139
043383,2330,2070,939,0.59461288576069304
043383,2330,2070,940,0.60255795952968927
043383,2333,2070,1030,0.62054469018460978
043383,2333,2070,1036,0.63526650326118561
043383,2336,2070,1181,0.64477970169723986
043383,2336,2070,1182,0.63606248977588742
043383,2336,2070,1184,0.61051488704221824
043383,2336,2070,1185,0.62911215546805543
043383,2336,2070,1187,0.60844573187290663
043383,2338,2070,1180,0.62770970782280866
043383,2338,2070,1182,0.6475553268142048
043383,2338,2070,1183,0.6529076436442004
043383,2339,2070,784,0.64113785557986869
043383,2341,2070,1235,0.61052887144417922
043383,2341,2070,1236,0.62604832977967306
043383,2342,2070,978,0.58548523857241963
043383,2342,2070,979,0.63053722902921772
043383,2343,2070,1250,0.62090688819660778
043383,2344,2070,854,0.60941613752516643
043383,2344,2070,855,0.64655172413793105
043383,2346,2070,1224,0.6084614631279992
043383,2346,2070,1225,0.61671613636994094
043383,2346,2070,1227,0.65129658967731174
043383,2347,2070,729,0.60366570831155253
043383,2348,2070,1253,0.63046250379516244
043383,2348,2070,1258,0.6306681394624295
043383,2351,2070,1092,0.63546932354483487
043383,2352,2070,882,0.6430904624355479
043383,2352,2070,887,0.62466169986315945
043383,2352,2070,891,0.65213240526982696
043383,2353,2070,1047,0.64893814854762522
043383,2354,2070,912,0.63975168005245042
043383,2354,2070,922,0.63507243632231791
043383,2355,2070,1104,0.64425751420239041
043383,2356,2070,1044,0.64672539856449707
043383,2357,2070,986,0.65317562541951635
043383,2359,2070,1167,0.6112188365650969
043383,2359,2070,1168,0.62334772278553019
043383,2359,2070,1169,0.63200760146599699
043383,2360,2070,1364,0.61390583994688086
043383,2360,2070,1365,0.62019306354746406
043383,2360,2070,1371,0.63653128525557578
043383,2361,2070,1203,0.6396651815849872
043383,2361,2070,1209,0.63089965835758577
043383,2361,2070,1211,0.61345522199508462
043383,2362,2070,1111,0.58769460814495555
043383,2362,2070,1112,0.63975828197226503
043383,2363,2070,906,0.63376921559131105
043383,2364,2070,1065,0.61668844002277823
043383,2365,2070,989,0.65155767856208924
043383,2365,2070,993,0.5873719027790083
043383,2367,2070,896,0.60741729167625269
043383,2368,2070,1114,0.59549800496875704
043383,2368,2070,1118,0.63963385800175643
043383,2370,2070,967,0.61446749553359825
043383,2371,2070,1300,0.58142805480773097
043383,2372,2070,1046,0.62857504696371658
043383,2378,2070,1144,0.59737634408602147
043383,2379,2070,1158,0.60260438486244938
043383,2379,2070,1164,0.6304080343187789
043383,2380,2070,677,0.62913776015857281
043383,2380,2070,678,0.63895201525481282
043383,2381,2070,958,0.60393831733313175
043383,2381,2070,960,0.64664584501214595
043383,2382,2070,1132,0.64314378531844607
043383,2383,2070,1255,0.61060435857110762
043383,2384,2070,990,0.60954738330975955
043383,2384,2070,991,0.61952558174504713
043383,2384,2070,993,0.61161473087818696
043383,2384,2070,994,0.59247288964490752
043383,2386,2070,896,0.63666572619831341
043383,2386,2070,904,0.60257142857142854
043383,2387,2070,1223,0.63766116370902515
043383,2388,2070,708,0.64151060143552507
043383,2389,2070,1016,0.63100390209294077
043383,2390,2070,812,0.62505504183179217
043383,2390,2070,813,0.61873110207486182
043383,2390,2070,820,0.60971524288107204
043383,2391,2070,851,0.61820129415879677
043383,2392,2070,1072,0.61721946548271955
043383,2393,2070,1222,0.60743167585949487
043383,2395,2070,986,0.60859242003404712
043383,2395,2070,987,0.63158266603862456
043383,2396,2070,1054,0.6164353780934092
043383,2397,2070,914,0.61399227911719723
043383,2398,2070,1028,0.61391519801782357
043383,2399,2070,1207,0.65185739217152827
043383,2399,2070,1208,0.63762153418780876
043383,2399,2070,1209,0.64672984309460924
043383,2399,2070,1212,0.61118301837949784
043383,2399,2070,1213,0.64300667277247159
043383,2399,2070,1214,0.60487049549549554
043383,2400,2070,1195,0.59042995467102966
043383,2401,2070,1264,0.63943834921651854
043383,2401,2070,1274,0.62956966340008524
043383,2402,2070,1225,0.6292377810930293
043383,2403,2070,1067,0.6166173570019724
043383,2403,2070,1073,0.65159408210043757
043383,2404,2070,1177,0.64660380302726317
043383,2405,2070,1051,0.61780311335233506
043383,2405,2070,1052,0.60422333031127229
043383,2405,2070,1055,0.64468434119524742
043383,2406,2070,1114,0.63543968183826782
043383,2407,2070,1392,0.61148052653005835
043383,2407,2070,1394,0.62366895808060385
043383,2408,2070,730,0.60777713804862921
043383,2412,2070,1277,0.64102412837000766
043383,2412,2070,1279,0.58619344773790949
043383,2414,2070,971,0.65710232137178637
043383,2415,2070,1312,0.6219806763285024
043383,2415,2070,1313,0.63585718932986335
043383,2415,2070,1315,0.61676067009007496
043383,2415,2070,1319,0.4569385146710902
043383,2415,2070,1323,0.63606295957239467
043383,2415,2070,1324,0.62606259527308183
043383,2416,2070,1199,0.58773249738766975
043383,2417,2070,1132,0.6356765577360759
043383,2418,2070,1154,0.6350721877653962
043383,2419,2070,1129,0.60316681534344341
043383,2420,2070,1176,0.63679055413927277
043383,2421,2070,1014,0.62741255165949472
043383,2422,2070,1081,0.65606437390728334
043383,2424,2070,849,0.62971981721981718
043383,2425,2070,1079,0.64885884422217044
043383,2425,2070,1081,0.63798106838618729
043383,2427,2070,1087,0.60120709366940528
043383,2428,2070,1370,0.64089886026242693
043383,2429,2070,826,0.62373620257861051
043383,2429,2070,827,0.64706008124866365
043383,2429,2070,829,0.64715060264461521
043383,2429,2070,833,0.65493348530977702
043383,2430,2070,1092,0.59427545815227656
043383,2431,2070,1114,0.6160452223067725
043383,2431,2070,1122,0.62425036008904022
043383,2432,2070,1016,0.60385047779651491
043383,2432,2070,1017,0.6007925916939626
043383,2432,2070,1019,0.62645707376058046
043383,2432,2070,1021,0.62255197237934323
043383,2434,2070,1015,0.65527621688681315
043383,2434,2070,1020,0.64565390296557212
043383,2435,2070,1231,0.5869195811104525
043383,2436,2070,1022,0.59933133055528631
043383,2436,2070,1026,0.59715898159430514
043383,2436,2070,1028,0.64868494165586221
043383,2438,2070,1153,0.58922558922558921
043383,2439,2070,877,0.63168395849960091
043383,2440,2070,1086,0.61700677544802152
043383,2442,2070,1208,0.62808675837623429
043383,2442,2070,1216,0.6110464074538613
043383,2443,2070,873,0.62261992318378689
043383,2445,2070,906,0.62863777854637082
043383,2445,2070,910,0.62789763368285723
043383,2446,2070,1104,0.61873434630155288
043383,2447,2070,1191,0.64502176820419432
043383,2448,2070,1133,0.65812100103874793
043383,2448,2070,1137,0.61359596444871489
043383,2449,2070,1215,0.63933752275797262
043383,2451,2070,1148,0.60659266320223859
043383,2453,2070,1077,0.64607105083058547
043383,2453,2070,1083,0.63578236790188014
043383,2454,2070,1077,0.61274274492690373
043383,2457,2070,760,0.63842237252070821
043383,2459,2070,1207,0.61719478098788438
043383,2459,2070,1208,0.61430157848814149
043383,2460,2070,1109,0.65176889160936136
043383,2462,2070,1155,0.65020364730488389
043383,2462,2070,1156,0.62882117819920558
043383,2464,2070,1032,0.61097667456654614
043383,2464,2070,1034,0.64339609815784105
043383,2465,2070,1052,0.63568719696606024
043383,2467,2070,1066,0.65392314828377518
043383,2467,2070,1072,0.65612664306352497
043383,2469,2070,891,0.59631585839626344
043383,2469,2070,893,0.63404490027130977
043383,2470,2070,1120,0.62283916920117499
043383,2471,2070,1102,0.61438146915325342
043383,2472,2070,1253,0.63148624847581625
043383,2472,2070,1257,0.60919955085017641
043383,2475,2070,1219,0.60112730635430889
043383,2478,2070,1148,0.6625108011356623
043383,2479,2070,1297,0.58397176206329471
043383,2480,2070,1125,0.59990155278113388
043383,2480,2070,1126,0.63311333207618326
043383,2483,2070,1145,0.60832821868655873
043383,2485,2070,838,0.61752260050009622
043383,2485,2070,843,0.63181447435134364
043383,2486,2070,1079,0.63210221601117988
043383,2486,2070,1083,0.650567081604426
043383,2488,2070,1193,0.63310288432946771
043383,2489,2070,881,0.62418106015485408
043383,2491,2070,1340,0.61449829931972788
043383,2492,2070,1400,0.64086639063265216
043383,2493,2070,887,0.62730353246994386
043383,2494,2070,1360,0.60430126176126264
043383,2494,2070,1361,0.64366240771033201
043383,2495,2070,1030,0.59957878109780172
043383,2496,2070,838,0.60434252008542666
043383,2496,2070,842,0.63032402690034639
043383,2497,2070,994,0.604041823366533
043383,2500,2070,1138,0.64589841097378786
043383,2501,2070,860,0.61243958814877075
043383,2501,2070,862,0.61190296394185384
043383,2501,2070,863,0.64668686868686864
043383,2501,2070,864,0.62476613148849147
043383,2501,2070,866,0.61408484189790447
043383,2501,2070,868,0.63080021690293597
043383,2501,2070,869,0.62711019929660028
043383,2501,2070,871,0.64234796871057276
043383,2503,2070,1377,0.60795986371635025
043383,2503,2070,1378,0.60304296940310986
043383,2503,2070,1385,0.60288057278441498
043383,2507,2070,1265,0.64920531489928324
043383,2507,2070,1266,0.63211430380748834
043383,2507,2070,1267,0.62037609914318392
043383,2509,2070,1232,0.65515281847861206
043383,2509,2070,1233,0.62522032663627081
043383,2509,2070,1234,0.62372411059359822
043383,2510,2070,1099,0.6469210556380669
043383,2510,2070,1100,0.64655472536889746
043383,2510,2070,1103,0.61519655779385884
043383,2512,2070,1517,0.62140774677217825
043383,2512,2070,1521,0.63611264494754283
043383,2512,2070,1525,0.63028041087293984
043383,2513,2070,1373,0.61513034466739325
043383,2513,2070,1377,0.64812652068126519
043383,2513,2070,1380,0.62725492833550045
043383,2515,2070,1286,0.61634909900950718
043383,2516,2070,1422,0.6135080085177298
043383,2518,2070,1219,0.62886858181451
043383,2520,2070,1251,0.60671522650169629
043383,2520,2070,1253,0.62496676415846852
043383,2521,2070,1364,0.59850115602327991
043383,2521,2070,1365,0.62292854176890267
043383,2521,2070,1366,0.62744888585040703
043383,2522,2070,1287,0.65334382939134794
043383,2522,2070,1301,0.61457912729817765
043383,2523,2070,1406,0.5787114035722033
043383,2523,2070,1410,0.64302090818875546
043383,2524,2070,1240,0.62453973699256715
043383,2525,2070,1425,0.65861704935339138
043383,2527,2070,1278,0.62762101993269481
043383,2529,2070,1294,0.65034799488660577
043383,2529,2070,1295,0.64390267545560298
043383,2530,2070,1014,0.614044140997142
043383,2531,2070,1318,0.61989629477009722
043383,2532,2070,1160,0.62334534523658625
043383,2532,2070,1163,0.62280385620326151
043383,2532,2070,1166,0.52940977163380087
043383,2532,2070,1170,0.62281712205685846
043383,2533,2070,943,0.64293621732095718
043383,2535,2070,1023,0.63856094283055931
043383,2535,2070,1024,0.64262838386896326
043383,2536,2070,986,0.64532645203571726
043383,2536,2070,988,0.58887000513813681
043383,2536,2070,990,0.66006473944735189
043383,2537,2070,1221,0.64189634453618638
043383,2539,2070,1481,0.62331757368473995
043383,2542,2070,1373,0.59217391304347822
043383,2542,2070,1376,0.61701237094223793
043383,2542,2070,1379,0.62867896004913149
043383,2544,2070,1177,0.63562951374073551
043383,2544,2070,1181,0.56723332259104098
043383,2544,2070,1187,0.62346900122059012
043383,2545,2070,887,0.63798488470733405
043383,2546,2070,1184,0.59676351599852884
043383,2546,2070,1187,0.62521343198634038
043383,2546,2070,1190,0.6084968158310895
043383,2546,2070,1191,0.63010129029546502
043383,2546,2070,1194,0.61937954477001855
043383,2546,2070,1196,0.63324715120176189
043383,2547,2070,1414,0.62198548349332705
043383,2548,2070,1231,0.62107269125648801
043383,2548,2070,1233,0.65779396656393019
043383,2549,2070,1206,0.63076073958237511
043383,2550,2070,1567,0.62550274371875658
043383,2551,2070,1062,0.62568850345716631
043383,2551,2070,1067,0.60234250625426422
043383,2552,2070,1084,0.63748381838231771
043383,2552,2070,1090,0.64440717415115001
043383,2552,2070,1091,0.64290294761515154
043383,2553,2070,991,0.65466621636834399
043383,2553,2070,993,0.63739198972442779
043383,2556,2070,1199,0.63582545593430728
043383,2558,2070,1309,0.63254822138218469
043383,2558,2070,1318,0.6319469374497837
043383,2558,2070,1319,0.61994688560768285
043383,2559,2070,1270,0.63593159315931591
043383,2559,2070,1271,0.62514582470929136
043383,2559,2070,1273,0.64982288887917083
043383,2560,2070,1244,0.59637980311209904
043383,2560,2070,1245,0.62078939171450187
043383,2560,2070,1248,0.63882943874208342
043383,2561,2070,1473,0.63092145949288803
043383,2561,2070,1478,0.63091420395678133
043383,2561,2070,1482,0.60778689993905277
043383,2562,2070,1266,0.61608304498269895
043383,2562,2070,1269,0.62864653693088468
043383,2563,2070,1366,0.62166108913903251
043383,2564,2070,888,0.6215172413793103
043383,2564,2070,894,0.64191796728253814
043383,2569,2070,1393,0.64102727504460877
043383,2570,2070,1396,0.65820989998734014
043383,2571,2070,1037,0.6294329086299304
043383,2572,2070,1216,0.64730536701160934
043383,2572,2070,1221,0.63850332291445389
043383,2573,2070,1211,0.64985327118936642
043383,2573,2070,1221,0.63471469958433047
043383,2573,2070,1222,0.63141248457746968
043383,2573,2070,1223,0.64537160562895379
043383,2573,2070,1224,0.57843715754868075
043383,2576,2070,1352,0.64900943483318252
043383,2576,2070,1353,0.62423656986164777
043383,2577,2070,916,0.61498663447443302
043383,2578,2070,1402,0.62517565012230458
043383,2579,2070,923,0.63274224724766792
043383,2581,2070,1523,0.60241794612485056
043383,2581,2070,1536,0.64429510760941977
043383,2583,2070,1270,0.60804626393742722
043383,2583,2070,1271,0.62636331128195954
043383,2583,2070,1272,0.5968103572978446
043383,2584,2070,949,0.64829085161035371
043383,2584,2070,952,0.63389891143251398
043383,2584,2070,953,0.60017216382747374
043383,2585,2070,1215,0.63552911177220572
043383,2585,2070,1216,0.63006561487487589
043383,2586,2070,1215,0.63451496497558901
043383,2586,2070,1217,0.61984437547789317
043383,2588,2070,1346,0.64787191460973981
043383,2588,2070,1350,0.63155043341213557
043383,2589,2070,951,0.62965964343598058
043383,2589,2070,955,0.64237289774760398
043383,2591,2070,1324,0.62203206385713317
043383,2592,2070,1112,0.60360391519385748
043383,2594,2070,1076,0.60874654679964413
043383,2597,2070,959,0.64632314524555901
043383,2599,2070,1177,0.63977037155158667
043383,2599,2070,1183,0.63100271002710029
043383,2601,2070,1074,0.63261928669716239
043383,2601,2070,1075,0.647813312238671
043383,2605,2070,1014,0.64165056923266617
043383,2605,2070,1016,0.61131418624891209
043383,2606,2070,932,0.68124511184107617
043383,2607,2070,1381,0.63842685809332045
043383,2610,2070,1131,0.61017770076095967
043383,2612,2070,1022,0.63147130829402276
043383,2612,2070,1024,0.603330031242856
043383,2614,2070,1221,0.5887719765583378
043383,2614,2070,1223,0.6119692031552596
043383,2615,2070,834,0.60038268865354716
043383,2617,2070,1264,0.62215145785650317
043383,2618,2070,1155,0.64582838126931308
043383,2619,2070,989,0.62760405794681251
043383,2619,2070,991,0.614510256637954
043383,2619,2070,993,0.64967296511627903
043383,2620,2070,1141,0.64818873275750932
043383,2621,2070,1239,0.61917607791138951
043383,2621,2070,1241,0.62413714632481221
043383,2623,2070,1240,0.65702209652857635
043383,2623,2070,1244,0.576308026703928
043383,2624,2070,998,0.6306783369803064
043383,2624,2070,1001,0.64338976045738694
043383,2626,2070,1149,0.62105217617028641
043383,2626,2070,1150,0.62686384372799364
043383,2626,2070,1154,0.62787136294027568
043383,2626,2070,1155,0.59011310279656259
043383,2627,2070,1137,0.62765885761775342
043383,2629,2070,839,0.62511167836630499
043383,2629,2070,841,0.62253405855172295
043383,2629,2070,844,0.62068085726782329
043383,2629,2070,845,0.56178482178087596
043383,2632,2070,1181,0.61006587161493087
043383,2632,2070,1187,0.633124676424907
043383,2632,2070,1189,0.63729468599033812
043383,2633,2070,1204,0.61273959502723374
043383,2633,2070,1206,0.62056459921697915
043383,2634,2070,726,0.64947352770231004
043383,2637,2070,1074,0.63542565593253697
043383,2639,2070,1281,0.60709942481511914
043383,2639,2070,1283,0.62338562884632054
043383,2640,2070,1038,0.66219002348090028
043383,2640,2070,1041,0.63022662753211756
043383,2642,2070,1276,0.64100524892635602
043383,2642,2070,1278,0.59334278576733512
043383,2645,2070,1144,0.6246789294887729
043383,2645,2070,1146,0.62291335931110792
043383,2647,2070,976,0.59191043698085954
043383,2649,2070,1206,0.64082673702726478
043383,2650,2070,1072,0.64229829454303133
043383,2650,2070,1077,0.59802488643096974
043383,2650,2070,1079,0.64274422073079795
043383,2650,2070,1080,0.63626258663528179
043383,2652,2070,1376,0.63539078382651903
043383,2653,2070,879,0.64822253146941611
043383,2654,2070,1200,0.61015153460896365
043383,2654,2070,1203,0.61485289670367649
043383,2654,2070,1207,0.63835859082857704
043383,2655,2070,1188,0.6221520335013131
043383,2656,2070,1276,0.61012157195363304
043383,2658,2070,1243,0.62166739246141189
043383,2658,2070,1251,0.60662896115778087
043383,2659,2070,1256,0.60848888888888886
043383,2659,2070,1259,0.63587417945372848
043383,2660,2070,1182,0.5876843724549814
043383,2660,2070,1184,0.64553130033883244
043383,2661,2070,1324,0.57529349636430105
043383,2663,2070,1153,0.60598523431639617
043383,2663,2070,1155,0.5903405572755418
043383,2663,2070,1160,0.65041950866179754
043383,2664,2070,925,0.64429592119155743
043383,2665,2070,1315,0.59757327546685413
043383,2665,2070,1318,0.65349074171673516
043383,2666,2070,1139,0.63765822784810122
043383,2666,2070,1142,0.6132256460055423
043383,2667,2070,1098,0.6309360534887708
043383,2668,2070,1233,0.63436305732484077
043383,2669,2070,891,0.63749950886016271
043383,2671,2070,1064,0.62113166539059994
043383,2674,2070,1216,0.64673631943726073
043383,2674,2070,1217,0.60755297170037958
043383,2676,2070,827,0.64397621228824742
043383,2678,2070,1175,0.63494204155026812
043383,2680,2070,1141,0.61217526172935244
043383,2680,2070,1143,0.5850641104420139
043383,2681,2070,1130,0.63340422870011259
043383,2681,2070,1135,0.62805909919291847
043383,2681,2070,1136,0.6428759398496241
043383,2681,2070,1140,0.6519007336164836
043383,2682,2070,1283,0.62648721707182431
043383,2683,2070,1234,0.64843152257077274
043383,2686,2070,1291,0.60609617430216778
043383,2687,2070,993,0.63837257331681119
043383,2688,2070,1127,0.60416189385261554
043383,2691,2070,904,0.60101477486677091
043383,2695,2070,1062,0.59877126654064272
043383,2696,2070,1058,0.61610257377203737
043383,2696,2070,1062,0.58425049750233526
043383,2697,2070,1076,0.61225997045790248
043383,2700,2070,816,0.63626570915619385
043383,2701,2070,1050,0.61540527835605396
043383,2702,2070,1101,0.62285638905988916
043383,2702,2070,1106,0.64750331074238532
043383,2703,2070,1173,0.60289830931956356
043383,2703,2070,1175,0.63905240830334376
043383,2704,2070,1056,0.63524276650317235
043383,2704,2070,1062,0.63478018255012159
043383,2706,2070,1074,0.62913933299288993
043383,2709,2070,1293,0.62512861100118722
043383,2709,2070,1296,0.63843246795925079
043383,2710,2070,1146,0.6134273327660954
043383,2710,2070,1148,0.64575305515798742
043383,2711,2070,1169,0.61524534608421155
043383,2711,2070,1176,0.63193682199826084
043383,2712,2070,973,0.65601239374605047
043383,2713,2070,989,0.62423512889958876
043383,2713,2070,996,0.60826552843359571
043383,2713,2070,997,0.62929702587871761
043383,2714,2070,1125,0.62187640281310785
043383,2714,2070,1130,0.65790097565423544
043383,2716,2070,995,0.63973516527279972
043383,2716,2070,999,0.63212450277285792
043383,2717,2070,1163,0.63154128702952816
043383,2717,2070,1164,0.60556878729098629
043383,2717,2070,1167,0.63736263736263732
043383,2719,2070,1118,0.63771361225692402
043383,2722,2070,1233,0.6302885173093814
043383,2722,2070,1240,0.62832681017612524
043383,2723,2070,905,0.60596117035821717
043383,2724,2070,1245,0.60406930085445876
043383,2726,2070,1241,0.64209410421593416
043383,2727,2070,1256,0.64644473974639072
043383,2728,2070,1139,0.59013634068338661
043383,2729,2070,1183,0.62378392785749193
043383,2730,2070,891,0.63466771581259629
043383,2731,2070,1115,0.62016089843960909
043383,2732,2070,1254,0.62929914818250821
043383,2732,2070,1255,0.6503194612329477
043383,2733,2070,1436,0.60968132886575888
043383,2734,2070,1059,0.64058177219192158
043383,2734,2070,1060,0.64164305949008493
043383,2734,2070,1064,0.64142759774459379
043383,2735,2070,1021,0.59612104673261535
043383,2735,2070,1022,0.64095569560718657
043383,2735,2070,1024,0.62059409888357253
043383,2737,2070,1292,0.60472146250179937
043383,2737,2070,1298,0.60919693139993791
043383,2738,2070,1214,0.59590921393496499
043383,2738,2070,1218,0.60663485150349816
043383,2739,2070,1309,0.64633751150401186
043383,2739,2070,1311,0.61543830262423227
043383,2741,2070,1017,0.60891730053406701
043383,2742,2070,1045,0.63707753479125251
043383,2742,2070,1048,0.65071259323240693
043383,2743,2070,1155,0.61086121263236814
043383,2745,2070,1140,0.59680580995533272
043383,2746,2070,1112,0.62882233805903254
043383,2749,2070,899,0.6281878963330576
043383,2749,2070,900,0.60730241873363122
043383,2750,2070,1145,0.62673510377147956
043383,2751,2070,1195,0.64769340712808665
043383,2751,2070,1198,0.62824600002993425
043383,2751,2070,1204,0.63835062660018871
043383,2752,2070,1054,0.62305117949555133
043383,2753,2070,958,0.63724957432163176
043383,2753,2070,962,0.61446678321678316
043383,2754,2070,1337,0.65322211018425158
043383,2754,2070,1341,0.64989064458260637
043383,2757,2070,1021,0.60760221312064377
043383,2757,2070,1022,0.61796257353528361
043383,2759,2070,806,0.62954299221904853
043383,2759,2070,810,0.56882226483063159
043383,2760,2070,811,0.56859733253409261
043383,2761,2070,820,0.62942091616248919
043383,2761,2070,821,0.6555235847531603
043383,2762,2070,1215,0.64604854287393965
043383,2762,2070,1220,0.61990101100138395
043383,2765,2070,1043,0.6550578261552148
043383,2766,2070,1082,0.63301009301405109
043383,2768,2070,1116,0.61094470046082949
043383,2769,2070,1037,0.60548043022269826
043383,2771,2070,997,0.63870431893687707
043383,2772,2070,885,0.59630637189164337
043383,2773,2070,1257,0.64582487261543131
043383,2774,2070,1358,0.64370092540661805
043383,2776,2070,1128,0.5949376013537333
043383,2777,2070,733,0.61390868509671859
043383,2778,2070,1047,0.65233401927867429
043383,2779,2070,1293,0.61886694974087408
043383,2781,2070,1428,0.61685490877497828
043383,2782,2070,1305,0.62086647820656105
043383,2782,2070,1306,0.65119568179164122
043383,2782,2070,1308,0.6173805332811787
043383,2783,2070,1363,0.63633096110991305
043383,2783,2070,1367,0.63862377205642717
043383,2784,2070,1130,0.65614781546704493
043383,2785,2070,1488,0.62096593900319474
043383,2785,2070,1491,0.59392814530027838
043383,2786,2070,1378,0.65714285714285714
043383,2786,2070,1380,0.63235984048791927
043383,2787,2070,1213,0.63360734848736977
043383,2789,2070,1306,0.63250247140234428
043383,2789,2070,1307,0.63071736410399004
043383,2789,2070,1309,0.64837541938901644
043383,2790,2070,1262,0.65416705593204505
043383,2791,2070,1369,0.6357181987509587
043383,2792,2070,1152,0.59570957095709576
043383,2792,2070,1160,0.61662667790675052
043383,2794,2070,1096,0.62579826984917797
043383,2796,2070,1452,0.62913441238564394
043383,2799,2070,1076,0.6372431065386599
043383,2799,2070,1081,0.64329572290737336
043383,2800,2070,916,0.65689109183532979
043383,2800,2070,918,0.61620348152349369
043383,2800,2070,925,0.64357129508503086
043383,2802,2070,1350,0.64834131630299807
043383,2804,2070,1150,0.6033338361743853
043383,2804,2070,1152,0.60444484272784305
043383,2804,2070,1153,0.64983091706565776
043383,2805,2070,1493,0.60543715140545928
043383,2806,2070,1384,0.60294428698337488
043383,2807,2070,1112,0.61404375092588015
043383,2807,2070,1120,0.58871099493546808
043383,2807,2070,1125,0.59972467042750899
043383,2808,2070,1323,0.61924160346695556
043383,2810,2070,1241,0.6186064030131827
043383,2810,2070,1245,0.64599483204134367
043383,2811,2070,1249,0.60824092274598529
043383,2811,2070,1251,0.62604618553087066
043383,2811,2070,1252,0.62172284644194753
043383,2811,2070,1254,0.61710853962208878
043383,2812,2070,1269,0.63485573004401452
043383,2812,2070,1270,0.60668439042916822
043383,2812,2070,1271,0.62802842222412469
043383,2813,2070,1282,0.61601416674643439
043383,2818,2070,835,0.61145740575838525
043383,2818,2070,842,0.62755780963619479
043383,2818,2070,845,0.63399844884721146
043383,2819,2070,1503,0.6224213377787039
043383,2819,2070,1504,0.64682105308123172
043383,2820,2070,1428,0.63741449705710806
043383,2820,2070,1433,0.63053182482875392
043383,2820,2070,1436,0.62300398177414718
043383,2821,2070,1352,0.65380451100455828
043383,2822,2070,1323,0.62379310344827588
043383,2822,2070,1324,0.60123443183070646
043383,2823,2070,1335,0.62000288641939671
043383,2824,2070,1186,0.65310176684826782
043383,2825,2070,1204,0.64000064841381765
043383,2828,2070,1216,0.64880936856107041
043383,2828,2070,1217,0.63915857605177995
043383,2829,2070,1384,0.66323307905349593
043383,2830,2070,1297,0.57397187110557235
043383,2830,2070,1298,0.63535911602209949
043383,2831,2070,1544,0.61606090818453729
043383,2833,2070,1184,0.64288458696615935
043383,2834,2070,1294,0.63532961126330756
043383,2835,2070,1249,0.61629905849994715
043383,2836,2070,1197,0.6503280586646083
043383,2837,2070,1304,0.6556773225410395
043383,2837,2070,1307,0.58209171126862436
043383,2838,2070,1267,0.60902910929056997
043383,2838,2070,1270,0.65033091020656064
043383,2839,2070,976,0.60503369638123228
043383,2840,2070,1170,0.62963994430077586
043383,2841,2070,1052,0.60253323950964777
043383,2842,2070,1243,0.64194988684784604
043383,2845,2070,1382,0.63544939215954099
043383,2845,2070,1384,0.58011365959360561
043383,2846,2070,1344,0.59036364966708132
043383,2846,2070,1346,0.61590114431023524
043383,2847,2070,1295,0.64615078179464192
043383,2847,2070,1301,0.58984800084248956
043383,2849,2070,1335,0.61431078182881649
043383,2849,2070,1338,0.65743476323303685
043383,2850,2070,1429,0.64477388220670495
043383,2851,2070,1121,0.65497614917606239
043383,2852,2070,1358,0.61031552755572027
043383,2852,2070,1364,0.60987932538528644
043383,2853,2070,1177,0.63042243463866665
043383,2853,2070,1178,0.62217659137576997
043383,2853,2070,1180,0.60738912062654293
043383,2853,2070,1182,0.63672394096938889
043383,2854,2070,1012,0.64073361347838043
043383,2854,2070,1014,0.60881118881118879
043383,2855,2070,969,0.6381321074280184
043383,2857,2070,1125,0.62259277547764658
043383,2857,2070,1127,0.59115753674237825
043383,2858,2070,1095,0.6352832665224023
043383,2858,2070,1096,0.66015540217910318
043383,2858,2070,1108,0.61841285660894485
043383,2859,2070,1310,0.6380606542029561
043383,2861,2070,843,0.62030728122912493
043383,2861,2070,848,0.65106404446200805
043383,2862,2070,1243,0.63692469916883765
043383,2862,2070,1246,0.62056408425562304
043383,2863,2070,1362,0.6486500878641035
043383,2864,2070,1122,0.64311939080772373
043383,2865,2070,1375,0.64681622011754136
043383,2865,2070,1376,0.61117458050696183
043383,2865,2070,1379,0.64306612846422673
043383,2865,2070,1380,0.60594102030566122
043383,2868,2070,1222,0.60556543893171688
043383,2868,2070,1223,0.64002056679672137
043383,2869,2070,1056,0.59092482214958664
043383,2869,2070,1062,0.62256824008445177
043383,2871,2070,1199,0.64275302463437156
043383,2872,2070,1177,0.63711842574918132
043383,2873,2070,1271,0.61113373513601565
043383,2873,2070,1273,0.61942108667529105
043383,2873,2070,1276,0.63464276181154911
043383,2875,2070,1244,0.66081139873830763
043383,2875,2070,1250,0.60718748653423538
043383,2875,2070,1251,0.58758255087829647
043383,2875,2070,1252,0.63842264203946908
043383,2878,2070,1041,0.62142420207980997
043383,2879,2070,1124,0.61584507042253522
043383,2881,2070,1185,0.60883269584927047
043383,2881,2070,1191,0.64811429670964016
043383,2883,2070,984,0.63417313104963269
043383,2883,2070,987,0.59806306107106533
043383,2884,2070,1303,0.60009585606842653
043383,2884,2070,1307,0.6296344197275392
043383,2887,2070,1225,0.63304931270967546
043383,2889,2070,1048,0.62052074664130308
043383,2890,2070,1149,0.63993091814603587
043383,2891,2070,1089,0.63313354111723807
043383,2891,2070,1090,0.61746628749655996
043383,2896,2070,900,0.63854608561511761
043383,2898,2070,952,0.60932977697066004
043383,2898,2070,954,0.5964083175803403
043383,2899,2070,1179,0.60039132186223165
043383,2900,2070,1142,0.62714954774587961
043383,2900,2070,1145,0.6063242712530047
043383,2901,2070,1088,0.6401155764235209
043383,2901,2070,1091,0.61800172265288544
043383,2902,2070,1093,0.61215017064846411
043383,2903,2070,1093,0.63637916894477853
043383,2903,2070,1097,0.63486294771871443
043383,2906,2070,1163,0.65417502375171543
043383,2906,2070,1164,0.61974854339159768
043383,2909,2070,841,0.58919979273077205
043383,2909,2070,842,0.60777315090224071
043383,2909,2070,849,0.61476301988851878
043383,2910,2070,976,0.64253222734641835
043383,2910,2070,979,0.62605985037406486
043383,2910,2070,983,0.62427487728692543
043383,2911,2070,1165,0.63407875619729492
043383,2911,2070,1170,0.64666823148945052
043383,2912,2070,1221,0.60557969357420538
043383,2912,2070,1224,0.64269250041757142
043383,2912,2070,1230,0.61959278313165711
043383,2913,2070,916,0.64588928150765612
043383,2915,2070,876,0.58619639906062448
043383,2917,2070,691,0.62879586493011863
043383,2918,2070,1138,0.61673337145035256
043383,2918,2070,1142,0.64870557858259159
043383,2919,2070,1126,0.65226273162056281
043383,2920,2070,1043,0.61624058707851692
043383,2921,2070,1036,0.61560392813504095
043383,2921,2070,1046,0.61062299911014739
043383,2922,2070,1147,0.59962947715109094
043383,2923,2070,1134,0.61290788855563183
043383,2924,2070,1216,0.63066548453829829
043383,2925,2070,1260,0.63438443062142025
043383,2925,2070,1265,0.6507152804152424
043383,2925,2070,1266,0.64072432094911025
043383,2926,2070,1152,0.60398797417985672
043383,2927,2070,790,0.61157732488439798
043383,2927,2070,798,0.61665722379603405
043383,2929,2070,1216,0.63215781439586671
043383,2929,2070,1220,0.63193221830985913
043383,2931,2070,1080,0.60025552161654139
043383,2931,2070,1081,0.63439813452265059
043383,2931,2070,1083,0.61781409601634318
043383,2932,2070,1023,0.63665994102126333
043383,2933,2070,1267,0.63471592086778283
043383,2933,2070,1269,0.65171084528871759
043383,2933,2070,1272,0.6394483931143593
043383,2935,2070,1073,0.63822286086651403
043383,2935,2070,1074,0.5760670545632095
043383,2936,2070,887,0.65472408609815436
043383,2939,2070,1033,0.59190964895453668
043383,2942,2070,1148,0.63521647627378464
043383,2946,2070,729,0.61429864998353634
043383,2949,2070,1001,0.623652942801879
043383,2951,2070,1034,0.63806048698336959
043383,2952,2070,1130,0.61319881074231131
043383,2954,2070,1262,0.65171231614258851
043383,2954,2070,1269,0.61746312684365778
043383,2955,2070,1115,0.6459620711698274
043383,2956,2070,1069,0.65019924595134915
043383,2956,2070,1076,0.63326202419592803
043383,2957,2070,1131,0.63013012176992333
043383,2959,2070,1171,0.65175829905567462
043383,2960,2070,930,0.60400414844207961
043383,2961,2070,1128,0.64212236058473204
043383,2962,2070,981,0.61610118793265534
043383,2963,2070,1073,0.64349593836011809
043383,2963,2070,1077,0.61124027900264577
043383,2964,2070,1193,0.6394822580849634
043383,2964,2070,1195,0.61177972283005111
043383,2965,2070,1107,0.65259443210037904
043383,2969,2070,919,0.63512419956371824
043383,2969,2070,921,0.60753918562977671
043383,2969,2070,922,0.62129854877946478
043383,2969,2070,923,0.62840998564216577
043383,2972,2070,932,0.64337459880788628
043383,2973,2070,958,0.60711909514304729
043383,2973,2070,962,0.63118602073417229
043383,2974,2070,1067,0.61056594705010614
043383,2974,2070,1068,0.61007970691618396
043383,2975,2070,976,0.61343382631778531
043383,2976,2070,1112,0.62128799859427164
043383,2976,2070,1115,0.63562391022488485
043383,2979,2070,1159,0.63822963438101343
043383,2980,2070,1044,0.59590771303469181
043383,2981,2070,889,0.64154052105859338
043383,2981,2070,890,0.63239128167692149
043383,2982,2070,1332,0.63035186050132341
043383,2983,2070,964,0.65716933578960457
043383,2984,2070,1210,0.60256602416139571
043383,2985,2070,1040,0.63605289632852935
043383,2985,2070,1044,0.62430231359439203
043383,2986,2070,1150,0.61777492893372721
043383,2986,2070,1157,0.64389691798711479
043383,2987,2070,1137,0.64035919181840861
043383,2987,2070,1141,0.63753847719351797
043383,2987,2070,1145,0.63528043348747487
043383,2988,2070,1255,0.59890374430576643
043383,2989,2070,1403,0.65346924983104304
043383,2990,2070,1039,0.60360723236663083
043383,2990,2070,1043,0.63408384540558493
043383,2991,2070,1285,0.64600778273536663
043383,2992,2070,734,0.60677688656081197
043383,2992,2070,735,0.61174024430995433
043383,2992,2070,740,0.64053294661470139
043383,2992,2070,741,0.64463284205034566
043383,2993,2070,792,0.63893027142909053
043383,2993,2070,793,0.63659638554216869
043383,2994,2070,1262,0.64251993404260122
043383,2994,2070,1267,0.61946173562797513
043383,2994,2070,1271,0.6303892842193386
043383,2996,2070,1084,0.60277562945776408
043383,2999,2070,922,0.62822624931356397
043383,3001,2070,1136,0.64109158731716898
043383,3001,2070,1142,0.61871744075133905
043383,3005,2070,1003,0.63674819258575599
043383,3006,2070,1143,0.62750657462195925
043383,3009,2070,1160,0.61833251637627562
043383,3009,2070,1167,0.62187375061081251
043383,3010,2070,1199,0.64728434504792332
043383,3011,2070,1146,0.62268229816246778
043383,3012,2070,1184,0.60701173099310468
043383,3013,2070,1059,0.63178647255080378
043383,3013,2070,1062,0.64631282292155945
043383,3014,2070,1178,0.63339864008297797
043383,3014,2070,1180,0.5711388336139599
043383,3015,2070,1127,0.63053374018308239
043383,3017,2070,1169,0.61165363076780677
043383,3017,2070,1170,0.64028465435858939
043383,3017,2070,1174,0.60657693484245945
043383,3018,2070,941,0.61684682574211036
043383,3018,2070,943,0.61307319851894049
043383,3019,2070,1091,0.60489189779427821
043383,3019,2070,1096,0.63217395070819071
043383,3020,2070,1291,0.63069629740668565
043383,3021,2070,1068,0.63339609398500429
043383,3023,2070,1314,0.62392789649658376
043383,3024,2070,991,0.62783668615598054
043383,3025,2070,972,0.63961327238646448
043383,3026,2070,1215,0.58765830643158679
043383,3027,2070,1161,0.62808877706891908
043383,3028,2070,1281,0.58184957789716041
043383,3028,2070,1282,0.64538724231622502
043383,3029,2070,1146,0.62197043915321382
043383,3032,2070,1170,0.62310479001744268
043383,3033,2070,1031,0.64258383974791811
043383,3033,2070,1035,0.64205777739220959
043383,3036,2070,1313,0.61921029919447645
043383,3036,2070,1315,0.64420259522812895
043383,3037,2070,1032,0.63306928655933337
043383,3039,2070,1355,0.60987606506584047
043383,3040,2070,845,0.63283831136325719
043383,3044,2070,1171,0.63704816645993112
043383,3048,2070,915,0.60670089165090513
043383,3050,2070,1037,0.63180837106944854
043383,3050,2070,1041,0.59562983115256729
043383,3052,2070,970,0.62974427353683504
043383,3053,2070,1176,0.59131124776829991
043383,3054,2070,953,0.6242971099777691
043383,3054,2070,955,0.63137926814343415
043383,3054,2070,960,0.64475504460239474
043383,3054,2070,964,0.65712283511863046
043383,3055,2070,1244,0.61510389513666497
043383,3055,2070,1245,0.63048568950563744
043383,3055,2070,1247,0.64008227759338043
043383,3055,2070,1251,0.6101890843035257
043383,3056,2070,1174,0.61017754546632685
043383,3056,2070,1180,0.63358940522198137
043383,3056,2070,1182,0.59340916694546675
043383,3057,2070,1211,0.59679523010993107
043383,3057,2070,1220,0.64073592049219119
043383,3058,2070,846,0.63022166417153624
043383,3058,2070,847,0.60430107526881716
043383,3060,2070,1233,0.62528934449164397
043383,3060,2070,1241,0.62470659498750658
043383,3061,2070,1044,0.62040816326530612
043383,3062,2070,1255,0.62962783485171547
043383,3062,2070,1259,0.64950498790810152
043383,3063,2070,1115,0.63258265452803064
043383,3064,2070,831,0.64798286326312027
043383,3064,2070,835,0.60085920718609642
043383,3065,2070,1230,0.64803069871555719
043383,3066,2070,1200,0.64447543778087713
043383,3066,2070,1204,0.62365478612935032
043383,3069,2070,1072,0.63842328843810714
043383,3069,2070,1074,0.63268533159706075
043383,3069,2070,1076,0.64353078657603235
043383,3069,2070,1083,0.63608096451282869
043383,3070,2070,1524,0.62217403830116302
043383,3071,2070,1294,0.59110494960470605
043383,3071,2070,1295,0.6330581966356702
043383,3073,2070,1556,0.63096128670282403
043383,3073,2070,1566,0.62261505120469129
043383,3074,2070,1340,0.63492007480856771
043383,3075,2070,1268,0.6632691829965075
043383,3075,2070,1275,0.66257975034674066
043383,3077,2070,1097,0.63456522300560414
043383,3077,2070,1101,0.61308188446438583
043383,3078,2070,1362,0.63937432380393522
043383,3081,2070,1419,0.63869792098070077
043383,3081,2070,1423,0.63518362645638593
043383,3084,2070,1331,0.60053961530650735
043383,3084,2070,1332,0.65153830627721232
043383,3085,2070,1355,0.63112372683252627
043383,3086,2070,1338,0.65024909420289856
043383,3086,2070,1340,0.63677233134945976
043383,3087,2070,1202,0.63909581299768814
043383,3088,2070,1353,0.59246717346233591
043383,3092,2070,1417,0.60723533891850723
043383,3092,2070,1422,0.64915033552565682
043383,3093,2070,919,0.63292479951581182
043383,3094,2070,1175,0.62070951946618025
043383,3095,2070,1357,0.63076415128948238
043383,3096,2070,1364,0.64051603905160392
043383,3096,2070,1369,0.59741930871787541
043383,3100,2070,1082,0.63714299631427695
043383,3100,2070,1086,0.6228559370572454
043383,3100,2070,1087,0.63705852243644434
043383,3100,2070,1088,0.62955331343849175
043383,3103,2070,1305,0.62732671512143234
043383,3103,2070,1309,0.61693057247259442
043383,3103,2070,1310,0.62778877293990643
043383,3104,2070,1358,0.63230023583591766
043383,3105,2070,1228,0.61372091869636392
043383,3105,2070,1229,0.63545161953023355
043383,3106,2070,1206,0.63539751693570723
043383,3107,2070,899,0.60315501098834934
043383,3107,2070,904,0.63662186797812359
043383,3108,2070,909,0.6372588663447587
043383,3109,2070,1281,0.60750587953920354
043383,3109,2070,1282,0.63549994808431109
043383,3109,2070,1288,0.64129400570884876
043383,3110,2070,1253,0.62007412449890331
043383,3110,2070,1256,0.64586742300279987
043383,3110,2070,1258,0.65217535007216276
043383,3111,2070,1418,0.6469944080831842
043383,3111,2070,1424,0.59825747581354438
043383,3113,2070,1090,0.61737049068216787
043383,3114,2070,1365,0.63633055896666213
043383,3114,2070,1366,0.60856395428886134
043383,3114,2070,1367,0.62244636293700317
043383,3114,2070,1371,0.63404648175651268
043383,3115,2070,1267,0.63363003274454643
043383,3115,2070,1268,0.57679760319573903
043383,3116,2070,1062,0.6389724412649378
043383,3118,2070,1269,0.62709361878835412
043383,3118,2070,1274,0.64342749529190202
043383,3119,2070,1274,0.63244029158251502
043383,3120,2070,1239,0.64318430306433028
043383,3120,2070,1241,0.62208957751248839
043383,3120,2070,1243,0.65744811433008932
043383,3120,2070,1244,0.62143859139940982
043383,3121,2070,1288,0.62830329629283777
043383,3122,2070,891,0.63416631644737553
043383,3122,2070,895,0.62511590939197248
043383,3123,2070,1221,0.63482119053966557
043383,3126,2070,1224,0.63725843668877991
043383,3126,2070,1230,0.65778341038502042
043383,3127,2070,1241,0.62556331966175505
043383,3127,2070,1244,0.65712591889969174
043383,3127,2070,1245,0.65251859439718518
043383,3129,2070,1305,0.63277786618773724
043383,3130,2070,807,0.63147234654209272
043383,3131,2070,1186,0.62128534333525676
043383,3131,2070,1187,0.64318023660403623
043383,3133,2070,1132,0.60511888191347329
043383,3133,2070,1133,0.64633401666157808
043383,3133,2070,1136,0.62965129885326465
043383,3133,2070,1139,0.63890895953757221
043383,3135,2070,1251,0.63920355524573025
043383,3136,2070,1110,0.61270871985157704
043383,3136,2070,1111,0.6293722925337637
043383,3137,2070,1292,0.59979967948717949
043383,3139,2070,975,0.62597682565346269
043383,3139,2070,980,0.62447153470426464
043383,3140,2070,1183,0.61178252935302824
043383,3141,2070,955,0.63894284667724854
043383,3142,2070,1243,0.63141495601173026
043383,3142,2070,1246,0.65707889975775047
043383,3142,2070,1253,0.64456557492599031
043383,3143,2070,1241,0.61198797444569708
043383,3144,2070,1448,0.6477234961781323
043383,3144,2070,1449,0.64478087649402394
043383,3146,2070,1257,0.64495123188814341
043383,3146,2070,1259,0.62784377669073688
043383,3146,2070,1260,0.65516204979211545
043383,3146,2070,1261,0.63405999627352339
043383,3147,2070,1211,0.6316417680579085
043383,3147,2070,1212,0.63904647458290254
043383,3148,2070,1329,0.61777331263129054
043383,3149,2070,1013,0.6244643325656648
043383,3149,2070,1019,0.59342429122732387
043383,3151,2070,1169,0.61555858841879507
043383,3152,2070,1093,0.65129935032483754
043383,3152,2070,1105,0.62703735621417067
043383,3152,2070,1108,0.62982440890125169
043383,3153,2070,991,0.65346436428784016
043383,3153,2070,997,0.63376662073075352
043383,3154,2070,1411,0.6185977485792884
043383,3154,2070,1415,0.65518788894207758
043383,3155,2070,1275,0.62305907056418186
043383,3155,2070,1276,0.60412783255103641
043383,3155,2070,1277,0.65012888242349998
043383,3155,2070,1279,0.63944083874188717
043383,3155,2070,1280,0.61029837394095665
043383,3156,2070,1342,0.63046310553120932
043383,3156,2070,1343,0.64076408470171942
043383,3156,2070,1347,0.60935984053343684
043383,3156,2070,1351,0.63666466425400359
043383,3158,2070,1104,0.64729263666149339
043383,3158,2070,1110,0.64374889321763773
043383,3159,2070,1063,0.65140130871121926
043383,3159,2070,1065,0.63990289516274046
043383,3160,2070,990,0.62854833821598144
043383,3161,2070,1430,0.63778850875757076
043383,3161,2070,1431,0.64390868838826165
043383,3162,2070,873,0.64529924251040693
043383,3163,2070,1011,0.65302079106294608
043383,3164,2070,965,0.64778239778239777
043383,3165,2070,1284,0.64762558041367668
043383,3165,2070,1288,0.6076723417359553
043383,3166,2070,1052,0.63141740169946048
043383,3166,2070,1058,0.62241413938541879
043383,3168,2070,1206,0.59617232543241516
043383,3168,2070,1213,0.64187651420600544
043383,3169,2070,1226,0.62849224442358409
043383,3169,2070,1228,0.63532270154307424
043383,3170,2070,1202,0.60311095443729623
043383,3172,2070,991,0.59200181433323251
043383,3172,2070,992,0.62464042081038873
043383,3175,2070,917,0.6064669076211574
043383,3175,2070,919,0.58980606829333426
043383,3176,2070,835,0.60829986613119147
043383,3179,2070,1206,0.65516513150413436
043383,3179,2070,1208,0.5853310049214161
043383,3180,2070,1224,0.62931473572855856
043383,3181,2070,869,0.64937653831289033
043383,3183,2070,915,0.60111363167663434
043383,3183,2070,916,0.64687623176980691
043383,3184,2070,1108,0.62569171630127152
043383,3184,2070,1112,0.63094851827817433
043383,3185,2070,1181,0.65245805696449477
043383,3187,2070,1202,0.58024737631184409
043383,3188,2070,1235,0.63604965462008212
043383,3190,2070,733,0.62342941611234293
043383,3191,2070,1343,0.61327318602339631
043383,3193,2070,833,0.60943850669878064
043383,3193,2070,834,0.63917872770111073
043383,3194,2070,967,0.6426485601006624
043383,3196,2070,969,0.63839346494213756
043383,3196,2070,975,0.62727576229690629
043383,3197,2070,910,0.59689976608595463
043383,3198,2070,1215,0.63723015484308476
043383,3198,2070,1220,0.64870241074957191
043383,3199,2070,1244,0.61359814438967819
043383,3201,2070,1238,0.60586500153233225
043383,3202,2070,1019,0.64362621817038668
043383,3203,2070,1250,0.65747700639619033
043383,3203,2070,1251,0.59507216573365318
043383,3204,2070,1156,0.64965489445312108
043383,3205,2070,1085,0.63783962889330681
043383,3206,2070,1147,0.65347854232512093
043383,3207,2070,1225,0.63729207552921896
043383,3208,2070,1317,0.63435240687248506
043383,3208,2070,1319,0.59975703205307918
043383,3210,2070,1026,0.62478842898907527
043383,3210,2070,1031,0.65189926991852709
043383,3211,2070,1022,0.65309508615188261
043383,3211,2070,1023,0.61961105424769702
043383,3212,2070,1390,0.6326716169116533
043383,3213,2070,1058,0.6197713907065352
043383,3214,2070,979,0.63317185476521654
043383,3215,2070,970,0.63429684200647551
043383,3215,2070,972,0.61203720590917376
043383,3216,2070,751,0.62070404897732012
043383,3216,2070,753,0.64132275132275129
043383,3218,2070,1397,0.63936899412941528
043383,3219,2070,829,0.63863049724833199
043383,3221,2070,924,0.60251743073980379
043383,3225,2070,1284,0.59045275206062742
043383,3226,2070,1061,0.61119921462014803
043383,3226,2070,1063,0.61164972327982103
043383,3226,2070,1067,0.61926954303514925
043383,3227,2070,1049,0.64395796022245266
043383,3227,2070,1051,0.62702601534718327
043383,3228,2070,1264,0.64123913782973063
043383,3230,2070,1134,0.6396541323144983
043383,3230,2070,1135,0.62857247010790318
043383,3230,2070,1140,0.63372199948504804
043383,3231,2070,1166,0.63607674376905143
043383,3233,2070,1064,0.60889835617539489
043383,3234,2070,1049,0.62604577043955556
043383,3235,2070,1091,0.63515031384208787
043383,3235,2070,1097,0.64464090986923328
043383,3236,2070,1138,0.64215716871606021
043383,3237,2070,1144,0.65409762767218982
043383,3239,2070,1131,0.62885227218766326
043383,3240,2070,1201,0.6300445210397817
043383,3240,2070,1209,0.65806628696905234
043383,3241,2070,1212,0.59233823371606398
043383,3241,2070,1213,0.60366410818713445
043383,3242,2070,1290,0.61537658360016712
043383,3243,2070,1034,0.62387555703174735
043383,3243,2070,1035,0.61789404264673553
043383,3244,2070,1173,0.62639561407019084
043383,3244,2070,1175,0.65888845855925637
043383,3245,2070,956,0.63731219887675683
043383,3246,2070,1179,0.62471663619744056
043383,3247,2070,1359,0.64335121400338791
043383,3248,2070,1063,0.62315972389824781
043383,3248,2070,1064,0.62792774228999249
043383,3249,2070,791,0.64612634490202026
043383,3250,2070,1328,0.613065755764304
043383,3252,2070,1179,0.64983698183511873
043383,3253,2070,1189,0.60764561539454987
043383,3255,2070,1034,0.59237334301797717
043383,3255,2070,1040,0.62228838792003405
043383,3255,2070,1041,0.6460322166221959
043383,3256,2070,1092,0.60068749456096071
043383,3256,2070,1096,0.64460860917744001
043383,3257,2070,1043,0.63416125200866347
043383,3258,2070,1168,0.64304776156628007
043383,3259,2070,907,0.61463164638052525
043383,3259,2070,915,0.61487521211870366
043383,3260,2070,1180,0.64486038041278837
043383,3261,2070,1133,0.63347412882787746
043383,3263,2070,1315,0.61621105829548872
043383,3264,2070,972,0.64488828706838186
043383,3266,2070,1216,0.6337713295008669
043383,3267,2070,1106,0.57992944276788372
043383,3270,2070,1188,0.64628832633858158
043383,3270,2070,1189,0.64546434621900506
043383,3271,2070,821,0.63300047177229124
043383,3272,2070,1219,0.64257014437482973
043383,3275,2070,1150,0.61155804480651732
043383,3275,2070,1154,0.57966446365022872
043383,3280,2070,1110,0.61661065770523282
043383,3281,2070,1081,0.59419816583666696
043383,3281,2070,1082,0.61588324762801483
043383,3286,2070,1238,0.59114900527811609
043383,3286,2070,1239,0.63557150179395183
043383,3286,2070,1240,0.62221310634806681
043383,3288,2070,1019,0.60297443033571052
043383,3288,2070,1022,0.63014529256745722
043383,3289,2070,1251,0.60244938353057609
043383,3289,2070,1256,0.61070838685997431
043383,3291,2070,1197,0.58705142434332225
043383,3292,2070,1014,0.51590909090909087
043383,3292,2070,1015,0.60578768640188985
043383,3293,2070,886,0.62989132263382797
043383,3294,2070,1190,0.60451255853554708
043383,3295,2070,1039,0.63674709724238021
043383,3298,2070,1053,0.62073282295729215
043383,3298,2070,1056,0.64112158385828633
043383,3299,2070,1102,0.62779843040066086
043383,3305,2070,1187,0.62912612319009265
043383,3307,2070,1059,0.61695793380760899
043383,3308,2070,844,0.64375799122391031
043383,3314,2070,899,0.60012928688078393
043383,3314,2070,904,0.6434244455905106
043383,3315,2070,1291,0.65092137287041174
043383,3315,2070,1296,0.63819707634001088
043383,3317,2070,941,0.63930833578320012
043383,3317,2070,942,0.64391824526420738
043383,3317,2070,945,0.62599482447146138
043383,3319,2070,1095,0.64090032645424866
043383,3320,2070,901,0.60448096264367812
043383,3320,2070,909,0.59789569990850866
043383,3324,2070,1067,0.62880256172579418
043383,3325,2070,1162,0.62829695072264868
043383,3326,2070,1238,0.60016438765598146
043383,3327,2070,1259,0.60831049139951532
043383,3327,2070,1260,0.61393891934220834
043383,3328,2070,1172,0.60786185712506746
043383,3328,2070,1173,0.61659049584746184
043383,3329,2070,1276,0.6289590621159119
043383,3329,2070,1279,0.62709342560553638
043383,3329,2070,1280,0.62812733383121733
043383,3332,2070,1153,0.59519220278575846
043383,3333,2070,1147,0.6322726459004655
043383,3334,2070,905,0.6397303315945212
043383,3335,2070,1070,0.63938618925831203
043383,3336,2070,896,0.6447741412951441
043383,3337,2070,1202,0.64359829187893314
043383,3337,2070,1204,0.59637715930902113
043383,3338,2070,795,0.63584236357451773
043383,3339,2070,1103,0.60481099656357384
043383,3339,2070,1104,0.63055569227740316
043383,3342,2070,1084,0.61767897246965608
043383,3342,2070,1085,0.61330534050649521
043383,3343,2070,1029,0.5950377654881539
043383,3343,2070,1031,0.62590980715840028
043383,3345,2070,1158,0.64202036586464806
043383,3346,2070,892,0.65471002346630913
043383,3348,2070,1000,0.65190778108091518
043383,3348,2070,1004,0.59246905344303613
043383,3349,2070,1126,0.63976218524517747
043383,3349,2070,1129,0.64356924865571863
043383,3350,2070,846,0.60553713992249869
043383,3350,2070,850,0.62583199932597522
043383,3350,2070,853,0.59632208534190323
043383,3351,2070,1379,0.65474089017778336
043383,3352,2070,1260,0.64231360643457003
043383,3352,2070,1266,0.62109299477991875
043383,3352,2070,1269,0.64535114807227811
043383,3352,2070,1270,0.64111776447105784
043383,3353,2070,1287,0.63400996718123248
043383,3354,2070,1276,0.63561927198552015
043383,3355,2070,1232,0.64501160092807419
043383,3356,2070,1240,0.61369270293415068
043383,3356,2070,1241,0.59442920447351766
043383,3356,2070,1243,0.63557661477074356
043383,3356,2070,1244,0.62210837232401917
043383,3357,2070,1212,0.64481219637426435
043383,3357,2070,1218,0.61242692867140547
043383,3360,2070,848,0.64338778567235477
043383,3361,2070,1046,0.60429683745073537
043383,3361,2070,1047,0.63268781712519973
043383,3362,2070,1198,0.64845517204673075
043383,3362,2070,1202,0.59482035835170632
043383,3362,2070,1204,0.63380716934487025
043383,3363,2070,1367,0.63631476050830893
043383,3363,2070,1375,0.65038946660867503
043383,3364,2070,1066,0.62972845336481698
043383,3364,2070,1071,0.62802698339483398
043383,3365,2070,1300,0.61685878279019024
043383,3365,2070,1301,0.63497426833705883
043383,3366,2070,998,0.63825095592202497
043383,3366,2070,1005,0.63951045534492867
043383,3366,2070,1006,0.60236607456294322
043383,3367,2070,807,0.61691130866239408
043383,3368,2070,917,0.62251575862207409
043383,3368,2070,918,0.62361443008090289
043383,3368,2070,920,0.63034896240157068
043383,3368,2070,925,0.60630551637375629
043383,3368,2070,927,0.62374158035778948
043383,3369,2070,1042,0.60322014051522244
043383,3369,2070,1045,0.64700542324923371
043383,3370,2070,1389,0.62505321761912558
043383,3370,2070,1393,0.6249726895346297
043383,3371,2070,1333,0.62920641069094074
043383,3372,2070,1315,0.59523809523809523
043383,3372,2070,1318,0.60365198711063373
043383,3375,2070,1083,0.63571095706879477
043383,3376,2070,1387,0.64268280016618196
043383,3376,2070,1390,0.63266101529767127
043383,3378,2070,1214,0.69443683200876949
043383,3380,2070,1422,0.64221978710081407
043383,3382,2070,1301,0.63598104667181377
043383,3382,2070,1304,0.62987900078064007
043383,3382,2070,1307,0.59174072138003131
043383,3384,2070,1338,0.61219284499716597
043383,3386,2070,1539,0.63941590466328524
043383,3386,2070,1546,0.62679764591353604
043383,3387,2070,1166,0.64130839515366767
043383,3387,2070,1168,0.64172019954868109
043383,3387,2070,1174,0.63835750189852813
043383,3388,2070,1088,0.60165165788272401
043383,3388,2070,1094,0.62910965323336454
043383,3389,2070,1081,0.64368660370759012
043383,3391,2070,1249,0.64636217375759741
043383,3391,2070,1252,0.63006482982171796
043383,3392,2070,1324,0.63285386309328584
043383,3393,2070,985,0.62759626828425541
043383,3393,2070,986,0.59392174554999588
043383,3393,2070,987,0.64843767676539132
043383,3393,2070,990,0.63616349698946972
043383,3393,2070,991,0.61113311222216726
043383,3394,2070,1092,0.63114141191994722
043383,3394,2070,1093,0.62465106291604033
043383,3394,2070,1094,0.64783213540459073
043383,3395,2070,1433,0.63673505121545515
043383,3397,2070,923,0.6270129696929283
043383,3399,2070,1247,0.59329652824753965
043383,3400,2070,1321,0.64726611016435109
043383,3402,2070,1425,0.65369551899177314
043383,3403,2070,987,0.59453032104637338
043383,3405,2070,1397,0.63089693833548943
043383,3407,2070,1056,0.59780227545756481
043383,3407,2070,1059,0.63244299102341817
043383,3409,2070,1324,0.6239411394549591
043383,3411,2070,1303,0.63241916652767516
043383,3412,2070,828,0.63915094339622647
043383,3414,2070,1339,0.63559192022500643
043383,3415,2070,1184,0.61798027151088974
043383,3417,2070,1420,0.65243636254158455
043383,3417,2070,1429,0.59970956473958947
043383,3417,2070,1434,0.61018020866266198
043383,3418,2070,835,0.61863713798977849
043383,3418,2070,837,0.6319163797834656
043383,3418,2070,842,0.64752796458382611
043383,3419,2070,1391,0.61287269285376245
043383,3421,2070,1243,0.60703560703560699
043383,3422,2070,1299,0.60540036353200033
043383,3423,2070,1083,0.6248913987836664
043383,3424,2070,1193,0.6368709346114344
043383,3424,2070,1196,0.58995426999293599
043383,3425,2070,965,0.62202899995017191
043383,3425,2070,970,0.62984400840298571
043383,3427,2070,1317,0.65182087282405021
043383,3428,2070,982,0.62580434345465519
043383,3429,2070,1247,0.63810117702081226
043383,3429,2070,1248,0.62642826149840902
043383,3429,2070,1250,0.63739474485137471
043383,3430,2070,1349,0.64401473296500922
043383,3431,2070,805,0.6540895495280743
043383,3431,2070,812,0.61259192964706799
043383,3432,2070,1386,0.62988472059398204
043383,3433,2070,1254,0.63677855149570983
043383,3434,2070,1327,0.6225379279646871
043383,3435,2070,1224,0.60568839847326428
043383,3435,2070,1228,0.5922556307555753
043383,3435,2070,1229,0.64884558703127559
043383,3436,2070,1378,0.64152884968761481
043383,3439,2070,1329,0.6445321429860551
043383,3439,2070,1333,0.62038214456756891
043383,3440,2070,1188,0.5886473326784265
043383,3441,2070,977,0.63608169775375478
043383,3443,2070,1340,0.64661126500461685
043383,3444,2070,1109,0.62819899757363229
043383,3445,2070,1100,0.64598925772651228
043383,3445,2070,1105,0.61278074291650253
043383,3446,2070,960,0.60999632488055866
043383,3446,2070,962,0.61589985725266283
043383,3446,2070,966,0.64673761409382602
043383,3447,2070,1009,0.63708789191570603
043383,3448,2070,1039,0.63825214899713467
043383,3450,2070,1172,0.61951509742674404
043383,3450,2070,1175,0.63373652957994286
043383,3452,2070,1165,0.61152310325156878
043383,3452,2070,1174,0.64032294111073862
043383,3453,2070,1086,0.62694759413128853
043383,3453,2070,1087,0.62544986828598637
043383,3453,2070,1091,0.62249817384952522
043383,3454,2070,942,0.6273562755752331
043383,3455,2070,1254,0.64334739400872243
043383,3456,2070,1224,0.63621616611049314
043383,3456,2070,1225,0.64743349569127018
043383,3456,2070,1227,0.60499040307101726
043383,3456,2070,1229,0.63074292553646238
043383,3457,2070,1319,0.6541533860622516
043383,3457,2070,1325,0.64613644032472561
043383,3458,2070,1148,0.63673026886383344
043383,3458,2070,1149,0.6117644206289552
043383,3459,2070,1242,0.63268908304650961
043383,3462,2070,1133,0.64156208774481616
043383,3463,2070,1094,0.60954737183646979
043383,3464,2070,1134,0.65260795896872281
043383,3464,2070,1137,0.63947722664303852
043383,3464,2070,1138,0.61524751592924298
043383,3464,2070,1140,0.60738896090605177
043383,3464,2070,1144,0.63992087926111441
043383,3466,2070,1145,0.60324243972685465
043383,3466,2070,1146,0.64007825462469969
043383,3467,2070,1249,0.64506442541427689
043383,3468,2070,1039,0.60681504345707094
043383,3468,2070,1047,0.64171071967022275
043383,3469,2070,1124,0.62621328427329825
043383,3470,2070,682,0.61734149491772894
043383,3471,2070,1149,0.61661046699616606
043383,3471,2070,1152,0.60350188185239728
043383,3472,2070,1138,0.60824217756296106
043383,3472,2070,1141,0.59363808721297662
043383,3473,2070,1216,0.62827127955751882
043383,3473,2070,1221,0.64659888123126374
043383,3473,2070,1222,0.6401164070333325
043383,3474,2070,1094,0.61787754017797847
043383,3475,2070,1132,0.62703621833021594
043383,3475,2070,1133,0.62938775510204081
043383,3476,2070,1003,0.64716590519703032
043383,3477,2070,1108,0.64074194598112588
043383,3479,2070,984,0.65325973727288711
043383,3479,2070,986,0.61933711609474917
043383,3479,2070,991,0.65053349695293161
043383,3480,2070,1083,0.58691569638406116
043383,3480,2070,1085,0.622261853991393
043383,3481,2070,1231,0.59011864131318059
043383,3482,2070,1221,0.63339331786744135
043383,3483,2070,893,0.60005130836326326
043383,3483,2070,898,0.64360813069499112
043383,3485,2070,1244,0.64594412861421846
043383,3488,2070,1106,0.61915469415369917
043383,3488,2070,1107,0.62169038721475711
043383,3488,2070,1111,0.64211578798648017
043383,3489,2070,799,0.58771699598815197
043383,3492,2070,1131,0.63227318687379352
043383,3494,2070,1029,0.62299342256565937
043383,3494,2070,1033,0.6266776021473307
043383,3499,2070,1152,0.6378042415903592
043383,3499,2070,1153,0.62673625726071214
043383,3500,2070,1197,0.65217132038342851
043383,3503,2070,734,0.62792604258807794
043383,3504,2070,806,0.64436463419555301
043383,3504,2070,811,0.6592468676385238
043383,3506,2070,834,0.62922477698203294
043383,3507,2070,1266,0.62324483287081145
043383,3507,2070,1269,0.6336638475746087
043383,3509,2070,1006,0.60317653873121357
043383,3509,2070,1014,0.6132638148279812
043383,3511,2070,754,0.63262727757269477
043383,3511,2070,755,0.58556000172109635
043383,3512,2070,1064,0.63860418743768699
043383,3513,2070,1256,0.60775035170737945
043383,3514,2070,1018,0.59113551794502461
043383,3514,2070,1020,0.65422827032281172
043383,3514,2070,1024,0.64305415781430542
043383,3514,2070,1025,0.60653415379166853
043383,3514,2070,1027,0.61315995477080976
043383,3515,2070,1246,0.61539438050101558
043383,3515,2070,1247,0.63862294952525711
043383,3516,2070,1159,0.63646113685573791
043383,3516,2070,1163,0.62181412181412177
043383,3516,2070,1164,0.62897199861341135
043383,3516,2070,1165,0.60074031719281351
043383,3517,2070,1208,0.63167831606009484
043383,3518,2070,744,0.59544526325135394
043383,3518,2070,750,0.58664496407161859
043383,3519,2070,1112,0.64461514803125386
043383,3519,2070,1113,0.60147354320160751
043383,3520,2070,923,0.6284949310426573
043383,3520,2070,925,0.63605550001219247
043383,3523,2070,1144,0.6589332511176198
043383,3523,2070,1147,0.66339393081983444
043383,3523,2070,1150,0.65030820293978187
043383,3524,2070,893,0.64100598447005297
043383,3526,2070,1141,0.61949380423031075
043383,3526,2070,1143,0.64080298309240435
043383,3528,2070,985,0.64957424559306842
043383,3530,2070,926,0.63128991060025541
043383,3530,2070,928,0.62324347239013367
043383,3530,2070,932,0.61225256357285052
043383,3531,2070,905,0.63201002119868954
043383,3531,2070,906,0.61076405574243153
043383,3531,2070,913,0.61213891593638425
043383,3532,2070,1284,0.62540123189034436
043383,3533,2070,900,0.64876170118670307
043383,3535,2070,794,0.61846840690629123
043383,3535,2070,796,0.63409350889575777
043383,3535,2070,798,0.63556851311953355
043383,3536,2070,1260,0.61546878352284917
043383,3537,2070,1148,0.62401769328502188
043383,3537,2070,1149,0.63997815567118221
043383,3538,2070,1239,0.63635037561082342
043383,3539,2070,1268,0.60146081093735371
043383,3539,2070,1270,0.64137208552702263
043383,3540,2070,776,0.61602396829999029
043383,3542,2070,813,0.63243347367841718
043383,3542,2070,817,0.64952786346431024
043383,3542,2070,819,0.63035618748074773
043383,3543,2070,1077,0.59289169113836582
043383,3544,2070,905,0.65015733578077883
043383,3545,2070,734,0.63018503218967747
043383,3545,2070,735,0.63489920806335498
043383,3547,2070,1175,0.63304004854368934
043383,3547,2070,1180,0.61839419861913236
043383,3547,2070,1185,0.62146493557109106
043383,3548,2070,1136,0.60933786078098473
043383,3548,2070,1138,0.6362923630661772
043383,3550,2070,1153,0.63673143937156695
043383,3550,2070,1155,0.64914079656831325
043383,3551,2070,1136,0.62082430980679704
043383,3553,2070,1135,0.58455002191725391
043383,3555,2070,1032,0.58426757048679656
043383,3555,2070,1040,0.65480943195920993
043383,3556,2070,1291,0.63155883851248085
043383,3559,2070,1183,0.62188257222739984
043383,3561,2070,1136,0.64120730608567456
043383,3561,2070,1139,0.63635336647085405
043383,3562,2070,756,0.64361440707716067
043383,3563,2070,1086,0.64022879626930929
043383,3564,2070,941,0.65740349691696931
043383,3566,2070,1181,0.60260376780517688
043383,3566,2070,1189,0.6443048700119699
043383,3569,2070,1170,0.61291268183650283
043383,3570,2070,968,0.63379385225953799
043383,3570,2070,970,0.63354434171376084
043383,3572,2070,985,0.6235155394592774
043383,3572,2070,986,0.63535644100139554
043383,3573,2070,1243,0.66017845138422049
043383,3574,2070,1072,0.63330103806228377
043383,3575,2070,765,0.614441049604601
043383,3575,2070,766,0.62105216855810685
043383,3575,2070,768,0.60097644417518981
043383,3575,2070,771,0.64508238928939243
043383,3576,2070,814,0.61787350768367566
043383,3576,2070,815,0.65815310187820153
043383,3576,2070,816,0.61978968016128155
043383,3577,2070,1284,0.62654964020272763
043383,3577,2070,1289,0.64814150217892852
043383,3578,2070,1037,0.60913140311804004
043383,3578,2070,1041,0.58000487092060404
043383,3578,2070,1042,0.59428330909925764
043383,3580,2070,1287,0.59454656002993311
043383,3580,2070,1288,0.58929336188436832
043383,3580,2070,1289,0.62478169360978009
043383,3580,2070,1291,0.61524971406786122
043383,3582,2070,1242,0.63228246509338648
043383,3584,2070,1049,0.62205552760371408
043383,3586,2070,1239,0.65220709262307353
043383,3586,2070,1243,0.65269669437463751
043383,3589,2070,834,0.63680086635240163
043383,3589,2070,836,0.63781083398575844
043383,3594,2070,1016,0.5931506849315068
043383,3594,2070,1020,0.6160506276296116
043383,3595,2070,1167,0.62172221282354934
043383,3596,2070,913,0.60030569354222396
043383,3597,2070,1233,0.64514264980581348
043383,3598,2070,957,0.63041442285179117
043383,3599,2070,1137,0.6462884845432223
043383,3600,2070,687,0.60763034923757997
043383,3601,2070,1213,0.62085244852235144
043383,3603,2070,1146,0.60972008007088241
043383,3603,2070,1147,0.63743625813258309
043383,3604,2070,1117,0.65127058063921039
043383,3604,2070,1119,0.59490288098031552
043383,3605,2070,1055,0.60922121672501484
043383,3606,2070,826,0.61666882920288912
043383,3606,2070,828,0.5750019706245566
043383,3607,2070,1093,0.62327940111084279
043383,3608,2070,892,0.60331957129154679
043383,3608,2070,893,0.61168041684759011
043383,3610,2070,1114,0.62149268213794773
043383,3610,2070,1116,0.64303756212824903
043383,3610,2070,1120,0.58594395373959463
043383,3611,2070,1174,0.62587675350701399
043383,3612,2070,804,0.62569173351636564
043383,3613,2070,958,0.62176330420969028
043383,3613,2070,959,0.62439992614475626
043383,3615,2070,1152,0.64409963410100379
043383,3616,2070,765,0.6002065688907251
043383,3617,2070,1080,0.62343132198727869
043383,3617,2070,1085,0.62106679397595588
043383,3618,2070,948,0.56717439055129448
043383,3619,2070,1168,0.64335806484398816
043383,3619,2070,1169,0.62952192625334424
043383,3619,2070,1173,0.62517422021435098
043383,3619,2070,1175,0.6366355027262155
043383,3620,2070,774,0.62914290118698935
043383,3620,2070,775,0.62959369314736202
043383,3622,2070,1145,0.64421820451309653
043383,3623,2070,1126,0.64152108699488264
043383,3623,2070,1127,0.60575180626485614
043383,3623,2070,1129,0.62810965726232704
043383,3624,2070,1290,0.61197357903151162
043383,3625,2070,1241,0.62985211393081686
043383,3628,2070,995,0.64201715550636418
043383,3628,2070,996,0.61397678337390005
043383,3628,2070,1002,0.61713086074177748
043383,3629,2070,1171,0.65351028485321616
043383,3629,2070,1176,0.63125277882280517
043383,3630,2070,1100,0.6398350663320187
043383,3631,2070,835,0.63930646791308743
043383,3632,2070,1025,0.63848382186870922
043383,3633,2070,1195,0.65612969201154958
043383,3633,2070,1198,0.62161691253339524
043383,3634,2070,1336,0.6417846657003754
043383,3635,2070,1101,0.65093101468296288
043383,3636,2070,1212,0.61415592751691106
043383,3636,2070,1216,0.64535835593675928
043383,3636,2070,1217,0.63231930663273206
043383,3637,2070,787,0.6424623594434915
043383,3638,2070,945,0.6358523566840566
043383,3638,2070,949,0.60324366070279312
043383,3638,2070,950,0.63008393820201936
043383,3638,2070,956,0.63763552438544391
043383,3640,2070,1156,0.64593741379838787
043383,3640,2070,1157,0.63787726116789023
043383,3642,2070,1488,0.62568687715376736
043383,3644,2070,1340,0.61278755805162544
043383,3646,2070,1514,0.63938467448896286
043383,3647,2070,1346,0.61344496429450879
043383,3647,2070,1347,0.64514997842037114
043383,3647,2070,1351,0.59082497740672202
043383,3649,2070,1335,0.62899518388791598
043383,3649,2070,1338,0.58346459124741346
043383,3650,2070,1147,0.6163766175814368
043383,3650,2070,1151,0.63917496842991439
043383,3651,2070,1218,0.65252082861385885
043383,3652,2070,1298,0.61308538603836038
043383,3652,2070,1299,0.64631733649878464
043383,3653,2070,977,0.57519983172065625
043383,3654,2070,864,0.59078061911170932
043383,3655,2070,1140,0.62295149981330122
043383,3656,2070,1111,0.64071677637099334
043383,3656,2070,1114,0.6433731685909122
043383,3657,2070,1009,0.6397331704796354
043383,3659,2070,1351,0.64656018806609972
043383,3659,2070,1353,0.64872083584278195
043383,3660,2070,1152,0.65417499680973246
043383,3663,2070,1171,0.64176422263298416
043383,3664,2070,1017,0.65352476742549304
043383,3664,2070,1020,0.62710679325826157
043383,3665,2070,1446,0.62741224039698584
043383,3665,2070,1448,0.61996968548692688
043383,3665,2070,1450,0.61595279534745506
043383,3666,2070,794,0.63477313315373673
043383,3666,2070,800,0.64748301381627138
043383,3666,2070,801,0.62890508034734005
043383,3666,2070,804,0.62567364608180931
043383,3669,2070,994,0.61906640887029951
043383,3670,2070,1196,0.63195096855008281
043383,3671,2070,1401,0.63874589400402015
043383,3671,2070,1403,0.60622541942549912
043383,3673,2070,1030,0.64509095983116183
043383,3673,2070,1034,0.5999680357999041
043383,3674,2070,1136,0.60696186494362092
043383,3674,2070,1137,0.60595213319458896
043383,3675,2070,872,0.64471450675239228
043383,3676,2070,1049,0.62761003925499037
043383,3677,2070,1280,0.61015949361344923
043383,3678,2070,1481,0.63575311800447709
043383,3678,2070,1485,0.62081895905204743
043383,3679,2070,1163,0.61094146488323087
043383,3679,2070,1167,0.64668250346920053
043383,3679,2070,1169,0.64959495949594959
043383,3680,2070,928,0.64292718803628335
043383,3681,2070,1332,0.65662520737456764
043383,3682,2070,1412,0.61915690300760962
043383,3682,2070,1419,0.63384326715043371
043383,3683,2070,1258,0.63791222114451984
043383,3683,2070,1261,0.49477685335318039
043383,3683,2070,1262,0.63823602690806414
043383,3683,2070,1265,0.64992780362586233
043383,3683,2070,1268,0.62401140930895893
043383,3684,2070,1308,0.6099675921870894
043383,3685,2070,1306,0.6403126093549516
043383,3685,2070,1307,0.62049814303724149
043383,3686,2070,1429,0.64584952588217004
043383,3686,2070,1434,0.63913388167674168
043383,3688,2070,1024,0.64887996969837924
043383,3688,2070,1030,0.62398307077357162
043383,3688,2070,1035,0.63187861299662063
043383,3689,2070,1524,0.6330435228642507
043383,3690,2070,1267,0.60754141540167739
043383,3690,2070,1269,0.60090753703402244
043383,3692,2070,1247,0.64430000637226792
043383,3692,2070,1250,0.61830749255327278
043383,3692,2070,1251,0.62189709025152062
043383,3695,2070,1452,0.6184857774292436
043383,3697,2070,1244,0.63114382785956968
043383,3698,2070,1360,0.64231863442389758
043383,3698,2070,1367,0.59155036120882032
043383,3698,2070,1368,0.64309288071664306
043383,3699,2070,1323,0.61064922084412343
043383,3700,2070,1335,0.61047230748087411
043383,3701,2070,1041,0.61406859895357524
043383,3703,2070,1140,0.57720063143651812
043383,3704,2070,1356,0.62979203751139667
043383,3705,2070,1251,0.63893443656819959
043383,3705,2070,1252,0.63500717360114778
043383,3706,2070,1261,0.62580062760606969
043383,3707,2070,1116,0.63056794033084707
043383,3708,2070,1181,0.62700411818799728
043383,3708,2070,1184,0.62929617720614506
043383,3709,2070,1203,0.62912826420890933
043383,3710,2070,1192,0.62690029615004939
043383,3710,2070,1194,0.53080615792087404
043383,3710,2070,1199,0.59313696438096364
043383,3711,2070,1029,0.63408427977409543
043383,3718,2070,1412,0.64533348750264974
043383,3718,2070,1416,0.61009829454759301
043383,3718,2070,1418,0.62956529485123824
043383,3718,2070,1419,0.61830892838509965
043383,3719,2070,1213,0.61904761904761907
043383,3719,2070,1215,0.58950338600451468
043383,3721,2070,969,0.59803208259709661
043383,3722,2070,1318,0.62021093941623739
043383,3722,2070,1319,0.64066703374498546
043383,3723,2070,1195,0.62913683992115366
043383,3723,2070,1199,0.6035220414088166
043383,3724,2070,1070,0.61761782247690333
043383,3724,2070,1073,0.61980434483075364
043383,3725,2070,1165,0.64345243372639416
043383,3725,2070,1166,0.63294015437564743
043383,3725,2070,1169,0.61073478016999616
043383,3727,2070,1303,0.65462317439316065
043383,3728,2070,960,0.62004511762810188
043383,3728,2070,961,0.59573686144799709
043383,3729,2070,1226,0.60991120710343172
043383,3729,2070,1231,0.64265024138505078
043383,3730,2070,1268,0.66635555887403863
043383,3731,2070,1204,0.64259565231476978
043383,3732,2070,1355,0.61885102734288167
043383,3736,2070,1077,0.63242291151980967
043383,3737,2070,1225,0.60702769739561802
043383,3737,2070,1232,0.64101495853668211
043383,3738,2070,799,0.60526825489056746
043383,3741,2070,1087,0.59210526315789469
043383,3741,2070,1088,0.59995002498750627
043383,3741,2070,1090,0.63153013910355482
043383,3741,2070,1091,0.63751717685583131
043383,3742,2070,936,0.6207288831105513
043383,3743,2070,1094,0.63838748495788211
043383,3743,2070,1097,0.63588845551752504
043383,3744,2070,825,0.63832763719431207
043383,3744,2070,826,0.61869844179651701
043383,3746,2070,1009,0.64328212179707533
043383,3746,2070,1012,0.63213005274103817
043383,3747,2070,1106,0.6417188790619901
043383,3747,2070,1108,0.64192013838835227
043383,3749,2070,1043,0.58260247001968857
043383,3749,2070,1045,0.62263797942001875
043383,3749,2070,1046,0.62883261872016827
043383,3750,2070,957,0.64440533928494781
043383,3750,2070,960,0.63422980831811215
043383,3752,2070,1167,0.63763148563999528
043383,3754,2070,1189,0.60983410806430982
043383,3755,2070,1192,0.61157905593564132
043383,3756,2070,1186,0.61265256753289599
043383,3757,2070,845,0.63321932655715596
043383,3758,2070,1294,0.65076614274275812
043383,3759,2070,1248,0.64535824033640632
043383,3762,2070,1202,0.6456588062770745
043383,3763,2070,1302,0.61740637335130455
043383,3764,2070,821,0.60122203252763051
043383,3764,2070,822,0.59778373449028654
043383,3768,2070,1109,0.62026333920232724
043383,3768,2070,1110,0.60959737827715355
043383,3769,2070,1255,0.65035300898131698
043383,3771,2070,1081,0.59877387408630045
043383,3771,2070,1082,0.60470324748040316
043383,3771,2070,1085,0.62988505747126433
043383,3771,2070,1088,0.63741495165673123
043383,3772,2070,843,0.60874653259361999
043383,3773,2070,1063,0.59784964160693443
043383,3773,2070,1065,0.5904644436883294
043383,3773,2070,1067,0.64810846946296641
043383,3773,2070,1069,0.63511356660527929
043383,3773,2070,1072,0.63892108313138762
043383,3775,2070,1208,0.63931400713850439
043383,3776,2070,955,0.64212225136171075
043383,3777,2070,1058,0.6296065995108403
043383,3778,2070,1073,0.58461538461538465
043383,3779,2070,829,0.63423978108431678
043383,3779,2070,833,0.58094214098514885
043383,3780,2070,1134,0.6342592031785641
043383,3780,2070,1142,0.62840050377833756
043383,3783,2070,935,0.62952079091538804
043383,3783,2070,938,0.6385579037964999
043383,3784,2070,1316,0.64452226113056532
043383,3784,2070,1317,0.63331419274571732
043383,3785,2070,1183,0.63204690729081558
043383,3785,2070,1187,0.62410121052152545
043383,3786,2070,844,0.6190056269421349
043383,3787,2070,770,0.59775449612667642
043383,3788,2070,800,0.61488434676747616
043383,3789,2070,1045,0.64869397296473219
043383,3791,2070,714,0.64351029829545459
043383,3791,2070,718,0.63114994142912928
043383,3792,2070,1230,0.63384654536200535
043383,3793,2070,1073,0.60827452919232328
043383,3794,2070,1244,0.63828134556574923
043383,3796,2070,1153,0.64916705146875997
043383,3800,2070,1302,0.63232196477389857
043383,3800,2070,1303,0.64582481393637037
043383,3800,2070,1304,0.63529149977748112
043383,3802,2070,1233,0.59482727567450744
043383,3802,2070,1238,0.63309705318532383
043383,3803,2070,914,0.6490322984085295
043383,3803,2070,916,0.60599260275111166
043383,3804,2070,1128,0.62528001054157334
043383,3804,2070,1131,0.62408589283339977
043383,3805,2070,1248,0.63228517899640491
043383,3806,2070,1139,0.60900888769189332
043383,3806,2070,1145,0.64846085032904999
043383,3807,2070,1083,0.63197733423545333
043383,3809,2070,1049,0.59719482796405876
043383,3810,2070,1379,0.62858625546741786
043383,3811,2070,1139,0.6311360818759727
043383,3812,2070,1194,0.63859604981758711
043383,3814,2070,990,0.60698412698412696
043383,3814,2070,991,0.64306126716386702
043383,3814,2070,994,0.5844546287809349
043383,3815,2070,1131,0.58414290191162643
043383,3815,2070,1132,0.64591120604165075
043383,3818,2070,1091,0.6170376402461093
043383,3818,2070,1095,0.63967887302609161
043383,3819,2070,1121,0.63214183857781159
043383,3819,2070,1122,0.62970859985785355
043383,3822,2070,749,0.61399064692127825
043383,3822,2070,750,0.60749147634393541
043383,3823,2070,883,0.63996304308635299
043383,3824,2070,1082,0.62110549079979471
043383,3824,2070,1084,0.64920573502190893
043383,3825,2070,1100,0.63633032901003883
043383,3826,2070,1059,0.66254273463914026
043383,3827,2070,1136,0.6267961368335645
043383,3827,2070,1137,0.63319900805951645
043383,3827,2070,1139,0.6417177914110429
043383,3829,2070,1114,0.59657158252786857
043383,3830,2070,1089,0.60317008352315871
043383,3831,2070,801,0.62312949479608704
043383,3831,2070,802,0.59496438128981188
043383,3833,2070,1165,0.64240046498111014
043383,3833,2070,1171,0.63985963186893013
043383,3835,2070,756,0.62791020436487288
043383,3836,2070,1241,0.61093390191897656
043383,3837,2070,1250,0.62522488755622185
043383,3837,2070,1253,0.59583901773533421
043383,3837,2070,1254,0.65634564374617421
043383,3838,2070,1187,0.63376679320464147
043383,3838,2070,1192,0.63388035997882475
043383,3839,2070,769,0.59266281164091383
043383,3839,2070,772,0.62778850499157801
043383,3839,2070,779,0.61023417989916595
043383,3840,2070,1178,0.61566766727994582
043383,3840,2070,1181,0.62161025052591312
043383,3841,2070,1141,0.62940161373070291
043383,3842,2070,1175,0.59963637901145828
043383,3843,2070,1105,0.61240198546867131
043383,3844,2070,817,0.63114312313195164
043383,3844,2070,821,0.59055351177639648
043383,3847,2070,1108,0.64820314820314817
043383,3850,2070,1064,0.62881634570220757
043383,3850,2070,1065,0.65417445482866043
043383,3850,2070,1066,0.5989162299013947
043383,3851,2070,1187,0.61068393363010931
043383,3852,2070,1159,0.65366124774211476
043383,3852,2070,1160,0.63191935671833122
043383,3852,2070,1162,0.62649199417758372
043383,3853,2070,1393,0.64688829662879321
043383,3853,2070,1394,0.60512750330733089
043383,3853,2070,1398,0.63697590993520214
043383,3854,2070,1305,0.63697373503283117
043383,3855,2070,1242,0.60517399267399263
043383,3857,2070,1157,0.63872046277746086
043383,3859,2070,927,0.62764557604198046
043383,3860,2070,923,0.61415178745088883
043383,3860,2070,924,0.60837294332723946
043383,3861,2070,964,0.64284776040982528
043383,3861,2070,968,0.63456305482446362
043383,3865,2070,920,0.61452364580945829
043383,3865,2070,927,0.61385494587185796
043383,3866,2070,1080,0.64025119617224879
043383,3866,2070,1086,0.61397604313682919
043383,3867,2070,1316,0.58372741091031921
043383,3867,2070,1323,0.62229772984685083
043383,3867,2070,1324,0.62491552151385443
043383,3868,2070,1373,0.5827350788288288
043383,3869,2070,1151,0.62469054299389337
043383,3869,2070,1153,0.62189529996178827
043383,3869,2070,1155,0.61225325579490542
043383,3869,2070,1158,0.63895664617686276
043383,3871,2070,1191,0.62544436065926967
043383,3871,2070,1192,0.63744463993205125
043383,3871,2070,1194,0.63230105840846729
043383,3871,2070,1195,0.57823436049990895
043383,3872,2070,1194,0.64379115274042475
043383,3872,2070,1196,0.62638290309681433
043383,3872,2070,1198,0.62134272793143941
043383,3873,2070,1277,0.63744456584613407
043383,3874,2070,850,0.65711525259973047
043383,3875,2070,1164,0.61872206689659393
043383,3878,2070,1038,0.61987684025936951
043383,3879,2070,923,0.62708066581306021
043383,3879,2070,924,0.61295583238958096
043383,3881,2070,1281,0.62599140413841992
043383,3881,2070,1282,0.62563831255463032
043383,3884,2070,962,0.65287596401028281
043383,3885,2070,1051,0.60527723301836334
043383,3885,2070,1056,0.63993854331035627
043383,3886,2070,1049,0.62445621335350865
043383,3887,2070,1181,0.65254770392115746
043383,3887,2070,1186,0.63771133974200234
043383,3887,2070,1190,0.63884928289859932
043383,3888,2070,1109,0.63993895792456945
043383,3889,2070,1074,0.6184911936543136
043383,3891,2070,1204,0.63505495574360471
043383,3894,2070,1225,0.63388006150691956
043383,3897,2070,1070,0.62701448803516202
043383,3898,2070,1171,0.64629237834769593
043383,3899,2070,1058,0.6107141347088918
043383,3899,2070,1060,0.63034226820757955
043383,3900,2070,1330,0.63485512487767515
043383,3900,2070,1333,0.58595443721789819
043383,3901,2070,1019,0.62542626154258785
043383,3901,2070,1020,0.65188142234050417
043383,3901,2070,1021,0.6302315421581477
043383,3902,2070,1201,0.63755643885308533
043383,3903,2070,1050,0.60727792251449697
043383,3904,2070,1076,0.6368253072596145
043383,3906,2070,1108,0.64184122874867799
043383,3907,2070,1270,0.64367816091954022
043383,3909,2070,987,0.63392787751612656
043383,3910,2070,915,0.60533325612368982
043383,3911,2070,1116,0.6112868384508563
043383,3913,2070,1001,0.62415323522541466
043383,3917,2070,1365,0.63447743429729464
043383,3917,2070,1368,0.63213953233667375
043383,3918,2070,1002,0.60800801915687475
043383,3920,2070,1170,0.59012459888410285
043383,3921,2070,1146,0.63398563289571463
043383,3921,2070,1147,0.600448502969817
043383,3922,2070,1214,0.61577225377007261
043383,3922,2070,1215,0.63533197831978316
043383,3923,2070,1117,0.63045823366633835
043383,3924,2070,1347,0.63796620541937243
043383,3927,2070,1343,0.65054206120488545
043383,3929,2070,980,0.65683762368431431
043383,3929,2070,986,0.62849562910451007
043383,3930,2070,1122,0.61088393944666786
043383,3930,2070,1123,0.62384723438040757
043383,3930,2070,1129,0.63012814145226981
043383,3931,2070,1001,0.64123128876189239
043383,3932,2070,1316,0.62499750304628354
043383,3935,2070,1318,0.59306983851649941
043383,3935,2070,1322,0.62436144851856057
043383,3936,2070,1386,0.64814234322988973
043383,3937,2070,1150,0.59680723746931985
043383,3938,2070,1142,0.61903315001063475
043383,3938,2070,1143,0.6217623205348336
043383,3939,2070,1107,0.63408096617166798
043383,3940,2070,1265,0.62695955415050675
043383,3943,2070,862,0.64428971144193592
043383,3943,2070,864,0.61609206026434971
043383,3945,2070,995,0.63422307427616376
043383,3945,2070,1001,0.64369683364839314
043383,3945,2070,1005,0.63890479072277928
043383,3946,2070,1295,0.64134606383974535
043383,3947,2070,1069,0.65305961683892111
043383,3951,2070,1011,0.6531082688875669
043383,3952,2070,1238,0.64773278959122249
043383,3953,2070,1397,0.63092092847707115
043383,3953,2070,1398,0.63366033889667472
043383,3953,2070,1405,0.6090726542533772
043383,3953,2070,1407,0.61256664127951255
043383,3954,2070,1335,0.64344138647715465
043383,3955,2070,1478,0.62228225910201984
043383,3955,2070,1480,0.59432200224131493
043383,3955,2070,1482,0.6427140833374041
043383,3956,2070,1360,0.6013130530522367
043383,3957,2070,1343,0.64475144936474649
043383,3958,2070,1107,0.66063285755264745
043383,3959,2070,1280,0.62241956983823898
043383,3962,2070,1280,0.64695363807789841
043383,3963,2070,1332,0.62749540568436424
043383,3963,2070,1340,0.63719591943499865
043383,3964,2070,1383,0.64171438194678343
043383,3964,2070,1385,0.63827602235506498
043383,3965,2070,1438,0.6417141806143094
043383,3966,2070,1401,0.62542348618599986
043383,3967,2070,894,0.60347008141648883
043383,3968,2070,1357,0.6212210636763067
043383,3972,2070,1431,0.64008990133709187
043383,3973,2070,1132,0.63306033795632077
043383,3973,2070,1133,0.62464240483950806
043383,3974,2070,952,0.62863928376161837
043383,3975,2070,1307,0.62274521947820705
043383,3976,2070,876,0.64832155181078088
043383,3976,2070,877,0.6489448666323534
043383,3978,2070,978,0.58117867976310844
043383,3979,2070,1272,0.627256442055946
043383,3980,2070,1245,0.61758474576271183
043383,3981,2070,1391,0.64081053573080837
043383,3982,2070,1258,0.62645701796988829
043383,3983,2070,1293,0.634580258639585
043383,3983,2070,1294,0.6077724973171853
043383,3983,2070,1295,0.64476563791812158
043383,3984,2070,1304,0.63873761845546928
043383,3984,2070,1313,0.64366083755177173
043383,3985,2070,1210,0.63398388373934511
043383,3985,2070,1212,0.63323814962878355
043383,3988,2070,1274,0.65171291321661085
043383,3989,2070,1326,0.63919032167952383
043383,3992,2070,1245,0.6072753948390438
043383,3993,2070,1179,0.5916662278623207
043383,3993,2070,1180,0.57760663507109
043383,3993,2070,1182,0.64499255204905259
043383,3994,2070,1312,0.59996547557396862
043383,3994,2070,1313,0.63964486481663241
043383,3995,2070,1276,0.61337175456979853
043383,3995,2070,1280,0.57876160048684011
043383,3996,2070,1092,0.62491564709679315
043383,3996,2070,1093,0.65607457644339451
043383,3996,2070,1099,0.60985432536303597
043383,3998,2070,1298,0.59213306188299464
043383,4000,2070,1329,0.62011893375473037
043383,4001,2070,1428,0.60879500093266181
043383,4001,2070,1431,0.62215254272483755
043383,4003,2070,1309,0.64301617444830073
043383,4003,2070,1313,0.63836314174914621
043383,4003,2070,1318,0.64928879654786642
043383,4003,2070,1319,0.65729898516783758
043383,4006,2070,1313,0.63536633146140786
043383,4006,2070,1316,0.60395255018730187
043383,4008,2070,895,0.61953814806429708
043383,4008,2070,897,0.64208040421792623
043383,4009,2070,919,0.57424982835911309
043383,4009,2070,923,0.62057847321005211
043383,4009,2070,924,0.65608712563204974
043383,4010,2070,1500,0.64736313798162304
043383,4010,2070,1503,0.64332241279629987
043383,4011,2070,1290,0.63556013214913976
043383,4011,2070,1294,0.6411560943927257
043383,4011,2070,1297,0.61957942703469915
043383,4011,2070,1299,0.65024729988896735
043383,4012,2070,1297,0.62208792729621254
043383,4012,2070,1298,0.65340315614149003
043383,4012,2070,1299,0.63052531599327832
043383,4015,2070,1091,0.60540064572938068
043383,4017,2070,1055,0.63361570152293667
043383,4018,2070,935,0.64650283553875232
043383,4018,2070,940,0.6533373357061687
043383,4020,2070,1112,0.59120732828298839
043383,4021,2070,1171,0.61832819094229885
043383,4021,2070,1172,0.59142635162926738
043383,4021,2070,1173,0.60492879256965948
043383,4022,2070,1212,0.63246840649069025
043383,4023,2070,1216,0.6406922603882983
043383,4024,2070,1018,0.59941520467836262
043383,4025,2070,1119,0.62226185168672909
043383,4026,2070,889,0.64501866771467875
043383,4026,2070,893,0.64755860550711175
043383,4026,2070,895,0.64284130386576988
043383,4026,2070,896,0.63055494545720769
043383,4027,2070,1097,0.64185499331900309
043383,4028,2070,1215,0.63409350599885739
043383,4029,2070,1360,0.64070871571799903
043383,4031,2070,1077,0.60438132783800735
043383,4031,2070,1080,0.64910875225315445
043383,4033,2070,920,0.63829787234042556
043383,4033,2070,924,0.63949949949949947
043383,4033,2070,927,0.62866253016201312
043383,4034,2070,1141,0.62635658914728687
043383,4035,2070,1079,0.6024426970051866
043383,4035,2070,1080,0.63377767198286117
043383,4035,2070,1082,0.6299514439049323
043383,4036,2070,1248,0.64376623376623376
043383,4037,2070,1144,0.65071656050955418
043383,4037,2070,1149,0.62263320123293708
043383,4039,2070,1019,0.63503102610989537
043383,4039,2070,1023,0.61111355536979195
043383,4039,2070,1028,0.61544241138513212
043383,4040,2070,1019,0.6605269828241741
043383,4040,2070,1027,0.63662721612243933
043383,4041,2070,698,0.63190225235809472
043383,4041,2070,699,0.58684462260283332
043383,4041,2070,703,0.62973618764324379
043383,4042,2070,1252,0.64598213356100198
043383,4042,2070,1253,0.65408015714948298
043383,4042,2070,1255,0.64854930230898256
043383,4043,2070,1013,0.60571223280043107
043383,4045,2070,899,0.63070681396030892
043383,4046,2070,1224,0.63159758156762347
043383,4046,2070,1225,0.64234212015262082
043383,4046,2070,1226,0.61298109769984055
043383,4047,2070,1011,0.64650795682409656
043383,4049,2070,1120,0.63186994943528185
043383,4049,2070,1123,0.65042725951139946
043383,4052,2070,1231,0.64820791574656023
043383,4057,2070,1310,0.60870834549776864
043383,4058,2070,995,0.64480245883286857
043383,4059,2070,904,0.61338797814207646
043383,4060,2070,900,0.6532093898923339
043383,4060,2070,904,0.62231982431623079
043383,4062,2070,1048,0.6126343579106166
043383,4062,2070,1052,0.65300546448087426
043383,4063,2070,984,0.65167561294066445
043383,4063,2070,985,0.63396960788373147
043383,4064,2070,1046,0.60696634502235824
043383,4064,2070,1049,0.64058025889201786
043383,4068,2070,940,0.6138846301264852
043383,4068,2070,945,0.61356863475507539
043383,4069,2070,1145,0.59740834641233043
043383,4069,2070,1150,0.63993483398728801
043383,4070,2070,1113,0.62321166387817117
043383,4070,2070,1116,0.63699462602623835
043383,4071,2070,1108,0.62406917348759927
043383,4072,2070,1069,0.63140255469836848
043383,4072,2070,1070,0.61871916681892924
043383,4072,2070,1073,0.616733409610984
043383,4073,2070,1265,0.62372762372762369
043383,4073,2070,1275,0.61773202587785325
043383,4074,2070,860,0.6364423076923077
043383,4074,2070,862,0.62591634325140144
043383,4075,2070,1147,0.6293810397710502
043383,4076,2070,1137,0.64589386302994367
043383,4077,2070,1208,0.60602185277422538
043383,4077,2070,1216,0.65417081738583338
043383,4078,2070,1089,0.64423526270111486
043383,4078,2070,1090,0.62560392222195782
043383,4078,2070,1092,0.61572634384717906
043383,4079,2070,1097,0.65136032698939839
043383,4080,2070,1124,0.62007864459439777
043383,4080,2070,1125,0.61538461538461542
043383,4080,2070,1128,0.61296914095079236
043383,4082,2070,1105,0.59818067754077797
043383,4082,2070,1108,0.62386610451002944
043383,4083,2070,918,0.60068507814172556
043383,4084,2070,825,0.63610400107773135
043383,4086,2070,1000,0.64900242433587763
043383,4087,2070,1091,0.60923827284464205
043383,4087,2070,1097,0.63940339360480625
043383,4088,2070,1093,0.60489697618410487
043383,4090,2070,1047,0.63280086763110976
043383,4091,2070,1032,0.64596921918066186
043383,4091,2070,1035,0.64673611407590825
043383,4091,2070,1039,0.60673142082674503
043383,4093,2070,1176,0.5981866176976931
043383,4094,2070,1059,0.64357523988366505
043383,4095,2070,1168,0.6092517491866839
043383,4096,2070,732,0.61228127025275436
043383,4100,2070,1094,0.60468449285451042
043383,4101,2070,1012,0.61637067699292292
043383,4102,2070,1113,0.63658944036576248
043383,4103,2070,1176,0.61767595569846379
043383,4104,2070,963,0.62776422875619986
043383,4105,2070,1133,0.64449403951880679
043383,4105,2070,1134,0.62345359444454362
043383,4107,2070,1097,0.61009154220139283
043383,4108,2070,1186,0.62890218887858607
043383,4108,2070,1187,0.61507674533751444
043383,4109,2070,1137,0.61448660122048293
043383,4111,2070,777,0.6419486095091631
043383,4112,2070,920,0.64034407151290273
043383,4113,2070,800,0.64479828856171351
043383,4113,2070,803,0.64294408829018912
043383,4113,2070,804,0.6502745478036176
043383,4113,2070,807,0.62357357994315532
043383,4115,2070,1148,0.59299314546839299
043383,4116,2070,817,0.64149291481565551
043383,4117,2070,659,0.64054221755524798
043383,4117,2070,660,0.64280610587853204
043383,4118,2070,1121,0.63062296012487584
043383,4118,2070,1124,0.6458249864485871
043383,4119,2070,1100,0.64309237609089409
043383,4120,2070,1370,0.63246514418374133
043383,4121,2070,1204,0.59805915234519091
043383,4122,2070,1057,0.63487771906107904
043383,4123,2070,1186,0.62149146276207623
043383,4124,2070,1368,0.63929020866460506
043383,4125,2070,983,0.64153898869254489
043383,4125,2070,984,0.62907858641278036
043383,4126,2070,1205,0.61618389452531486
043383,4127,2070,1079,0.61077653393793396
043383,4127,2070,1083,0.65555130168453291
043383,4129,2070,1220,0.6260986328125
043383,4130,2070,1091,0.6305339198514871
043383,4131,2070,1077,0.5892822658513035
043383,4132,2070,954,0.64272042645296312
043383,4134,2070,1048,0.63605793113989839
043383,4134,2070,1049,0.63120567375886527
043383,4134,2070,1052,0.59199178644763861
043383,4135,2070,1158,0.64254320545711274
043383,4135,2070,1161,0.64079708592243412
043383,4136,2070,746,0.60471864748927584
043383,4136,2070,747,0.63627171615038147
043383,4137,2070,1196,0.59851096098166279
043383,4137,2070,1197,0.6319454646960303
043383,4138,2070,690,0.65983877362230736
043383,4141,2070,1083,0.63766689489900719
043383,4142,2070,1327,0.60580421355444625
043383,4143,2070,1252,0.62201417166308637
043383,4144,2070,1254,0.61609478381289429
043383,4145,2070,1016,0.62487978582382453
043383,4147,2070,1235,0.61997031662269131
043383,4148,2070,1083,0.62871396406339675
043383,4152,2070,1061,0.64979078581286831
043383,4152,2070,1062,0.63848827557584564
043383,4155,2070,859,0.55814040468264947
043383,4155,2070,861,0.60677296773712841
043383,4155,2070,867,0.65900426959438851
043383,4156,2070,737,0.64620101411108055
043383,4156,2070,741,0.63506956623406996
043383,4156,2070,749,0.63616828143235582
043383,4157,2070,1133,0.59891644798103782
043383,4158,2070,1068,0.65205340412242352
043383,4158,2070,1069,0.64305920724198751
043383,4159,2070,902,0.6405431432973806
043383,4160,2070,1179,0.60216965387127208
043383,4160,2070,1180,0.64068951420590037
043383,4164,2070,932,0.6220219725959758
043383,4164,2070,935,0.63625683496018681
043383,4164,2070,937,0.62076560041950712
043383,4165,2070,1208,0.61007506727727678
043383,4165,2070,1210,0.64866940090267244
043383,4166,2070,1179,0.62618147997442308
043383,4167,2070,1035,0.63153878438704258
043383,4168,2070,1208,0.57498381353188732
043383,4168,2070,1215,0.64020051235016917
043383,4169,2070,1163,0.57953081697177877
043383,4170,2070,1095,0.6507721577567146
043383,4173,2070,936,0.63961705037611127
043383,4175,2070,1112,0.6484798897597106
043383,4175,2070,1118,0.63219417160483804
043383,4176,2070,1061,0.63332603403191945
043383,4176,2070,1063,0.59003641178417743
043383,4177,2070,1342,0.61621120889300607
043383,4177,2070,1349,0.62790385390089964
043383,4178,2070,1151,0.62861888045898917
043383,4183,2070,1049,0.62300307365385343
043383,4185,2070,1293,0.61355391089827316
043383,4185,2070,1295,0.59567801188546732
043383,4186,2070,1244,0.6190830797124911
043383,4186,2070,1249,0.63794028249597712
043383,4187,2070,1326,0.57565870983728418
043383,4189,2070,1218,0.62562798676632769
043383,4189,2070,1219,0.60529660289217879
043383,4189,2070,1225,0.63556270321294972
043383,4189,2070,1226,0.62053990031091155
043383,4191,2070,1025,0.61118531604119086
043383,4192,2070,1119,0.6606065013453567
043383,4193,2070,1044,0.61125024845955078
043383,4193,2070,1047,0.60103465191990368
043383,4193,2070,1049,0.62505865790708592
043383,4193,2070,1053,0.58476724535258873
043383,4194,2070,954,0.63219679594991762
043383,4195,2070,970,0.63930440983420578
043383,4195,2070,976,0.60779686202526118
043383,4196,2070,1081,0.62298294144767175
043383,4197,2070,1161,0.64085879195617812
043383,4197,2070,1165,0.60507733691997312
043383,4199,2070,1129,0.64419677171406609
043383,4202,2070,1047,0.60228794317983347
043383,4203,2070,1257,0.64035648345405483
043383,4204,2070,1191,0.5948894322487035
043383,4204,2070,1194,0.60341773969652002
043383,4207,2070,870,0.63418355846092489
043383,4207,2070,873,0.61228280030219084
043383,4207,2070,876,0.63390261890645105
043383,4207,2070,877,0.62846009137328673
043383,4207,2070,879,0.59067224737336632
043383,4208,2070,1152,0.62847764300868658
043383,4210,2070,1195,0.64170630924684879
043383,4211,2070,1238,0.5889708008094825
043383,4212,2070,863,0.63515907156495133
043383,4212,2070,865,0.61131484255289847
043383,4213,2070,1204,0.60604229607250759
043383,4217,2070,1164,0.65450780267731679
043383,4217,2070,1165,0.63194882800993135
043383,4217,2070,1167,0.62892619668638183
043383,4218,2070,1332,0.63182336373390557
043383,4218,2070,1335,0.64240959100103612
043383,4219,2070,883,0.62659104684388256
043383,4219,2070,884,0.6532349978308345
043383,4220,2070,818,0.63294497635252045
043383,4220,2070,821,0.61986194611445111
043383,4220,2070,823,0.63991470962774311
043383,4222,2070,1410,0.63775505191909065
043383,4222,2070,1415,0.62491921336903333
043383,4222,2070,1417,0.60535967528974521
043383,4223,2070,1171,0.63467404007867512
043383,4224,2070,1078,0.60986182606339745
043383,4225,2070,1223,0.58743263691629721
043383,4226,2070,1375,0.6455270894582108
043383,4227,2070,1233,0.64076627794858732
043383,4228,2070,971,0.62326201282328364
043383,4229,2070,1333,0.61569552037723141
043383,4229,2070,1335,0.6508900051690546
043383,4229,2070,1337,0.61725359449885397
043383,4229,2070,1342,0.6281454248366013
043383,4229,2070,1345,0.61670227074926809
043383,4230,2070,907,0.62619728198184643
043383,4230,2070,908,0.59959134906754863
043383,4232,2070,1185,0.63475275267374398
043383,4232,2070,1187,0.64596776113716992
043383,4234,2070,1129,0.652751570660278
043383,4235,2070,881,0.64081411559944235
043383,4235,2070,888,0.54702890360083967
043383,4236,2070,1202,0.61577890408338909
043383,4236,2070,1206,0.63549507817023743
043383,4238,2070,1279,0.64569700512064654
043383,4238,2070,1281,0.62535922330097082
043383,4239,2070,1422,0.64080920155909993
043383,4241,2070,1266,0.63247301736274053
043383,4242,2070,1005,0.60651696363192575
043383,4242,2070,1007,0.60991874529436496
043383,4244,2070,1296,0.62121498864496594
043383,4244,2070,1297,0.62864287775319805
043383,4244,2070,1298,0.63500922849760055
043383,4244,2070,1302,0.59215423863493788
043383,4244,2070,1303,0.646581940706904
043383,4245,2070,1193,0.63678603807796919
043383,4245,2070,1196,0.60758982057537136
043383,4245,2070,1198,0.6430962097413464
043383,4247,2070,1224,0.64070390855978843
043383,4247,2070,1229,0.64976335361730897
043383,4247,2070,1231,0.63418831434893064
043383,4249,2070,1177,0.59096757591353577
043383,4250,2070,1306,0.63200240943120212
043383,4251,2070,1263,0.64762197464464077
043383,4251,2070,1273,0.64696549576667017
043383,4252,2070,1232,0.64711292795094533
043383,4253,2070,1334,0.62435200928959478
043383,4254,2070,1252,0.64142613887195443
043383,4255,2070,1375,0.6168120666390563
043383,4255,2070,1384,0.65930435909061469
043383,4256,2070,1382,0.63959239616232644
043383,4257,2070,1047,0.62822936357907999
043383,4258,2070,1434,0.6446000555264213
043383,4258,2070,1437,0.62860747210092194
043383,4259,2070,1154,0.65804914370811618
043383,4259,2070,1157,0.64180656286453319
043383,4260,2070,1307,0.63628998753635235
043383,4260,2070,1309,0.61938668945219788
043383,4260,2070,1310,0.63657985491735047
043383,4260,2070,1312,0.63577693482775788
043383,4260,2070,1313,0.64115085663126192
043383,4261,2070,1479,0.61022094788328551
043383,4261,2070,1492,0.63141911233913328
043383,4262,2070,1397,0.63618399889710953
043383,4262,2070,1403,0.65250781837615301
043383,4265,2070,1273,0.62618400461247015
043383,4267,2070,1120,0.62819845811852626
043383,4267,2070,1121,0.62546707429514248
043383,4267,2070,1123,0.62008840435382706
043383,4267,2070,1125,0.63131191108963514
043383,4268,2070,1335,0.64859140947296434
043383,4268,2070,1339,0.63134867795320526
043383,4268,2070,1342,0.61901853461439071
043383,4269,2070,889,0.58762886597938147
043383,4269,2070,893,0.64612333278745204
043383,4269,2070,895,0.64455267637601665
043383,4270,2070,1320,0.63576828565717847
043383,4270,2070,1322,0.59809320292594725
043383,4271,2070,1414,0.63510809710147498
043383,4271,2070,1421,0.62757734812747767
043383,4271,2070,1422,0.63978004291845492
043383,4272,2070,886,0.63958161946174641
043383,4272,2070,892,0.62969324310398134
043383,4273,2070,1208,0.62799015586546347
043383,4273,2070,1211,0.65019129355806016
043383,4273,2070,1212,0.63569116967175221
043383,4275,2070,1193,0.61168595590301733
043383,4276,2070,1464,0.59684939568149931
043383,4277,2070,1183,0.601454047361905
043383,4277,2070,1185,0.65188177669862268
043383,4278,2070,944,0.64028689888932599
043383,4278,2070,954,0.61408739953792379
043383,4279,2070,863,0.64084433087128501
043383,4280,2070,1198,0.6396847129275377
043383,4280,2070,1200,0.65594653858201946
043383,4280,2070,1201,0.61536158107501127
043383,4281,2070,1338,0.62100347263800737
043383,4281,2070,1340,0.62538515262314609
043383,4282,2070,1025,0.63067799566441585
043383,4282,2070,1033,0.62948605132351887
043383,4283,2070,1371,0.63432942318120844
043383,4284,2070,1354,0.63555766492643573
043383,4284,2070,1355,0.64660049098089445
043383,4284,2070,1358,0.65364230724592831
043383,4285,2070,1044,0.64410700516044839
043383,4287,2070,1300,0.62069915935504616
043383,4288,2070,1314,0.65012610204565535
043383,4288,2070,1315,0.62384673319525508
043383,4288,2070,1316,0.65275434960721002
043383,4289,2070,1041,0.63985830948558664
043383,4289,2070,1042,0.64991660348749047
043383,4290,2070,853,0.61902674265672952
043383,4291,2070,1065,0.62710383910690704
043383,4291,2070,1068,0.61071398536708432
043383,4291,2070,1069,0.61704255876539094
043383,4292,2070,1409,0.62549448699604415
043383,4294,2070,1314,0.61430688876341055
043383,4294,2070,1319,0.63688256977356505
043383,4296,2070,797,0.6412514839352047
043383,4297,2070,874,0.63858435337945718
043383,4297,2070,878,0.65645552858088718
043383,4299,2070,1328,0.57797735592066057
043383,4299,2070,1331,0.61282085741163828
043383,4299,2070,1333,0.6274992413769851
043383,4301,2070,1225,0.62687429666352379
043383,4301,2070,1229,0.62142964521948285
043383,4302,2070,880,0.60696541411412863
043383,4302,2070,883,0.62300216480125281
043383,4302,2070,891,0.63193725615096741
043383,4305,2070,1089,0.62339998326779889
043383,4306,2070,1203,0.65004171688143131
043383,4307,2070,856,0.61986723565670931
043383,4307,2070,861,0.60957420214982083
043383,4307,2070,862,0.59525808234884625
043383,4308,2070,1190,0.62854639585822381
043383,4309,2070,1200,0.61352101886431099
043383,4312,2070,1028,0.62149874783278747
043383,4313,2070,1108,0.64558190843905128
043383,4313,2070,1112,0.6158704453441296
043383,4314,2070,949,0.64544972032825709
043383,4318,2070,1140,0.62723361023127955
043383,4319,2070,1087,0.62411640977897309
043383,4320,2070,1085,0.63291008720245112
043383,4323,2070,1096,0.60155044594136908
043383,4326,2070,891,0.628546603948827
043383,4327,2070,918,0.59836206896551725
043383,4329,2070,1049,0.62920634344277926
043383,4330,2070,1042,0.62090731574406244
043383,4330,2070,1047,0.64903147290490515
043383,4330,2070,1048,0.6059169127076437
043383,4333,2070,1349,0.6475745980541876
043383,4335,2070,1227,0.62483462483462482
043383,4336,2070,1169,0.62589293588499872
043383,4337,2070,1050,0.60549459753748225
043383,4340,2070,1050,0.60773698198641601
043383,4341,2070,1082,0.59658807903038358
043383,4341,2070,1083,0.64137050854113486
043383,4342,2070,1028,0.62274044432178832
043383,4343,2070,991,0.64264074033270902
043383,4344,2070,1113,0.63356931500788138
043383,4344,2070,1115,0.5890736342042755
043383,4344,2070,1116,0.64485836444191846
043383,4344,2070,1119,0.60841381710606457
043383,4345,2070,921,0.63058166862514686
043383,4345,2070,928,0.61693823787686608
043383,4346,2070,1321,0.64535671582303711
043383,4347,2070,990,0.60058358662613986
043383,4347,2070,996,0.61700149653076963
043383,4348,2070,1240,0.62013158889813202
043383,4349,2070,1076,0.6054755377070703
043383,4350,2070,1172,0.64346111946879703
043383,4351,2070,1172,0.60982964558449182
043383,4352,2070,1037,0.64471136749772806
043383,4352,2070,1046,0.6368284067670571
043383,4353,2070,1083,0.61337090582373599
043383,4355,2070,984,0.63777965176844087
043383,4356,2070,1167,0.65854897710337357
043383,4357,2070,1053,0.58178880761118346
043383,4358,2070,1172,0.61376422870600544
043383,4359,2070,1115,0.63832422996790361
043383,4363,2070,1141,0.62882720918713653
043383,4363,2070,1143,0.64601951861395912
043383,4363,2070,1144,0.63991561955425114
043383,4364,2070,1235,0.6276452048626745
043383,4367,2070,1012,0.60487759643916916
043383,4368,2070,1295,0.60957495909033688
043383,4368,2070,1296,0.6309476632057277
043383,4369,2070,1182,0.60851580414549711
043383,4371,2070,1198,0.5978452161222475
043383,4372,2070,986,0.60376175548589339
043383,4373,2070,1204,0.60884648742411096
043383,4374,2070,1145,0.62473429951690818
043383,4374,2070,1146,0.58704182645144032
043383,4375,2070,988,0.61642031318600909
043383,4376,2070,772,0.60766850068775791
043383,4377,2070,799,0.6403033160458903
043383,4378,2070,1090,0.64145181476846058
043383,4378,2070,1092,0.64178791433298898
043383,4378,2070,1094,0.61320136565851635
043383,4380,2070,791,0.6223864332901996
043383,4381,2070,802,0.63813834661631164
043383,4381,2070,803,0.64081632653061227
043383,4381,2070,805,0.62393750000000003
043383,4383,2070,721,0.61874748558401504
043383,4384,2070,1098,0.64526578073089702
043383,4384,2070,1102,0.61601037109058498
043383,4386,2070,884,0.61271783463107155
043383,4387,2070,1226,0.63220034349163234
043383,4388,2070,896,0.62254657442147954
043383,4388,2070,902,0.63842337591312159
043383,4389,2070,912,0.64131726907630526
043383,4390,2070,780,0.64847414601843167
043383,4391,2070,1029,0.60965016942681238
043383,4392,2070,1178,0.62166324435318276
043383,4392,2070,1187,0.65507826142172265
043383,4393,2070,1168,0.6325638833475824
043383,4393,2070,1177,0.6030336662967074
043383,4394,2070,989,0.62676293813103767
043383,4394,2070,991,0.60694927468120441
043383,4394,2070,992,0.59565897666367051
043383,4396,2070,1119,0.64331359712042568
043383,4396,2070,1126,0.641343520253712
043383,4396,2070,1127,0.63108462024744871
043383,4398,2070,1166,0.63009498167676314
043383,4401,2070,1031,0.64010370717127885
043383,4401,2070,1032,0.6002493954050786
043383,4401,2070,1033,0.61731187087047135
043383,4401,2070,1039,0.63219748305905132
043383,4402,2070,1220,0.59734665747760163
043383,4402,2070,1224,0.63621794871794868
043383,4403,2070,1315,0.64797846752949262
043383,4406,2070,979,0.6414901434550625
043383,4406,2070,983,0.62359345623930185
043383,4407,2070,1060,0.60539133355727237
043383,4407,2070,1063,0.6449570442469087
043383,4408,2070,1050,0.62869244935543278
043383,4408,2070,1054,0.65071197411003234
043383,4409,2070,1009,0.60720577132790876
043383,4409,2070,1010,0.62946775050038806
043383,4409,2070,1013,0.64002587626440832
043383,4409,2070,1015,0.63671909322555131
043383,4412,2070,857,0.65540512904413273
043383,4412,2070,863,0.65686738012349388
043383,4414,2070,1200,0.64764245123636921
043383,4414,2070,1202,0.59663843511550463
043383,4414,2070,1204,0.62669221477069192
043383,4415,2070,1055,0.61090609437139476
043383,4415,2070,1056,0.6361703244775806
043383,4416,2070,1162,0.59893505383030821
043383,4418,2070,940,0.63188202247191017
043383,4420,2070,1029,0.5964614536043108
043383,4421,2070,869,0.62506951871657757
043383,4421,2070,872,0.63891920370300681
043383,4421,2070,873,0.6245860927152318
043383,4422,2070,874,0.62209695603156712
043383,4424,2070,1135,0.64709457816678828
043383,4425,2070,1084,0.63726929202710725
043383,4425,2070,1085,0.58347038327526135
043383,4426,2070,1281,0.61922577453466077
043383,4429,2070,944,0.62154177998687044
043383,4429,2070,950,0.64588502349152721
043383,4431,2070,1122,0.62620423892100197
043383,4432,2070,1222,0.65811282655336334
043383,4432,2070,1223,0.5241248379329505
043383,4432,2070,1224,0.62988892365456817
043383,4433,2070,1005,0.59892485684235131
043383,4433,2070,1006,0.6438555515630614
043383,4435,2070,1171,0.64083879994911963
043383,4435,2070,1177,0.62115763832502024
043383,4436,2070,1139,0.63852593565331583
043383,4436,2070,1142,0.63509224360245986
043383,4437,2070,1317,0.64014844256975989
043383,4437,2070,1319,0.6198775510204082
043383,4437,2070,1322,0.61237356556447586
043383,4438,2070,1181,0.61108904599253311
043383,4439,2070,1281,0.61523638807976699
043383,4439,2070,1282,0.64503393162935241
043383,4440,2070,1048,0.62750882063739954
043383,4441,2070,1024,0.62653353069570239
043383,4442,2070,1109,0.59192738509076859
043383,4445,2070,1110,0.65581345223822285
043383,4447,2070,1082,0.62144533083059594
043383,4451,2070,942,0.59614122588266172
043383,4452,2070,1219,0.62426235416009734
043383,4452,2070,1220,0.6119717738664936
043383,4452,2070,1224,0.63135981934937546
043383,4453,2070,1057,0.63995112133410004
043383,4455,2070,1162,0.63367431573126898
043383,4455,2070,1168,0.62997062671241333
043383,4458,2070,1140,0.62406926406926411
043383,4458,2070,1141,0.61205467174546269
043383,4458,2070,1149,0.63792258696717297
043383,4459,2070,1152,0.62734250602212882
043383,4459,2070,1153,0.66364323507180645
043383,4461,2070,1177,0.64660405656334807
043383,4461,2070,1182,0.60245408301945402
043383,4462,2070,1175,0.642590919358482
043383,4464,2070,1182,0.63049929772099134
043383,4464,2070,1184,0.63207469222506818
043383,4465,2070,1055,0.60125706161846681
043383,4466,2070,1188,0.62658365758754864
043383,4467,2070,1097,0.63331730591411772
043383,4467,2070,1098,0.59704732957012596
043383,4468,2070,933,0.61472415919548407
043383,4469,2070,1078,0.62623744747525101
043383,4471,2070,1118,0.65290805391070583
043383,4472,2070,1220,0.60064818149081745
043383,4472,2070,1221,0.62132085755813948
043383,4472,2070,1222,0.60299816873216638
043383,4473,2070,1173,0.62999953329910863
043383,4475,2070,1259,0.64043576840126082
043383,4476,2070,1073,0.62307326072725111
043383,4477,2070,908,0.65346195279600428
043383,4477,2070,910,0.65106387844002611
043383,4477,2070,913,0.64715979014184855
043383,4478,2070,1182,0.64742261851151339
043383,4480,2070,1139,0.63640937486897819
043383,4480,2070,1145,0.64415543716703227
043383,4481,2070,1215,0.6470455932911352
043383,4482,2070,707,0.64158072289156631
043383,4483,2070,1221,0.63858849028063125
043383,4484,2070,811,0.61915417881926982
043383,4485,2070,1247,0.63412830467738956
043383,4486,2070,1159,0.61398596998961907
043383,4486,2070,1160,0.62875210792580105
043383,4486,2070,1161,0.64232113078694508
043383,4486,2070,1162,0.63018369277953601
043383,4487,2070,1191,0.5815649288271767
043383,4488,2070,1236,0.65569078172827877
043383,4489,2070,1436,0.61646265744190176
043383,4489,2070,1437,0.63100997136933556
043383,4490,2070,1319,0.63794891922958308
043383,4490,2070,1324,0.63510852090032155
043383,4491,2070,1130,0.63912435190519301
043383,4493,2070,1130,0.60069475371871384
043383,4493,2070,1135,0.63943155831427634
043383,4494,2070,1141,0.59449823613300312
043383,4494,2070,1147,0.62067867540029109
043383,4496,2070,1153,0.63686180165731088
043383,4497,2070,1552,0.64686632808000422
043383,4497,2070,1554,0.62467742796632797
043383,4497,2070,1555,0.61843911711902
043383,4498,2070,1297,0.61724230459615903
043383,4500,2070,886,0.62789209178835581
043383,4501,2070,1402,0.63952738360501937
043383,4501,2070,1403,0.64369555249885368
043383,4502,2070,1208,0.60932536681288763
043383,4503,2070,1542,0.64781479878840331
043383,4503,2070,1547,0.62758282023193446
043383,4503,2070,1549,0.63863170542087777
043383,4503,2070,1551,0.62646934460887949
043383,4503,2070,1552,0.59483112265827975
043383,4505,2070,1310,0.61982812084699213
043383,4506,2070,911,0.63207026579600845
043383,4507,2070,1181,0.63438747219937242
043383,4508,2070,1294,0.63612122602288046
043383,4510,2070,1342,0.64481760277938627
043383,4511,2070,1314,0.62130377606612808
043383,4511,2070,1317,0.64782543378652446
043383,4513,2070,1177,0.65897552317662111
043383,4515,2070,1380,0.58468954719624244
043383,4516,2070,976,0.63345710565655589
043383,4516,2070,977,0.64138697755476093
043383,4516,2070,979,0.63405804771683216
043383,4516,2070,980,0.63481128310684509
043383,4516,2070,981,0.47200477643624783
043383,4517,2070,1132,0.64144437628244455
043383,4518,2070,1388,0.60916814159292032
043383,4522,2070,1155,0.60735760971055086
043383,4523,2070,1397,0.59465003136071604
043383,4525,2070,1200,0.60984258492129251
043383,4525,2070,1204,0.63309292007485751
043383,4526,2070,1444,0.63235762010817687
043383,4526,2070,1449,0.63311638591117914
043383,4526,2070,1453,0.62068411755259356
043383,4527,2070,1458,0.64716555511965479
043383,4527,2070,1460,0.60056896475085564
043383,4528,2070,1236,0.63595359473010682
043383,4528,2070,1238,0.62076152304609222
043383,4528,2070,1240,0.64425022511785579
043383,4529,2070,971,0.65576758979132732
043383,4529,2070,975,0.59932362439826947
043383,4530,2070,1240,0.63603882897441821
043383,4531,2070,1206,0.61437136627906974
043383,4532,2070,1411,0.61947471995155923
043383,4533,2070,1185,0.61503325942350329
043383,4533,2070,1188,0.60899308642871397
043383,4534,2070,1395,0.65155078494040086
043383,4535,2070,1211,0.60734769181406167
043383,4539,2070,1315,0.6347917497371951
043383,4540,2070,1268,0.59265030085033732
043383,4540,2070,1274,0.59681697612732099
043383,4541,2070,1262,0.60824506939371803
043383,4541,2070,1265,0.59207253470272003
043383,4543,2070,1301,0.64045132100765234
043383,4543,2070,1303,0.62505728164237928
043383,4543,2070,1304,0.61668760229911312
043383,4544,2070,1251,0.63581754248876732
043383,4545,2070,1384,0.64132048253224894
043383,4545,2070,1387,0.6422427001707306
043383,4546,2070,1318,0.62006397373114053
043383,4547,2070,944,0.6546567990998009
043383,4548,2070,1473,0.63893535373413357
043383,4550,2070,1329,0.64541863527224852
043383,4550,2070,1330,0.63648115615366763
043383,4550,2070,1335,0.64830188679245282
043383,4551,2070,1073,0.61215239912759001
043383,4551,2070,1074,0.62534717146615992
043383,4551,2070,1078,0.63435744962008589
043383,4552,2070,1324,0.61089108910891088
043383,4554,2070,1289,0.64077156823886905
043383,4555,2070,1247,0.63901749597933621
043383,4555,2070,1252,0.63510141023609568
043383,4557,2070,1127,0.64047714734573091
043383,4558,2070,940,0.63015127803860194
043383,4558,2070,951,0.61980214390035548
043383,4559,2070,1034,0.64649084307544991
043383,4560,2070,1384,0.64653352817015752
043383,4560,2070,1385,0.61592466331386908
043383,4560,2070,1386,0.63702113233133684
043383,4560,2070,1390,0.5990342829550942
043383,4562,2070,1112,0.5975715183904432
043383,4562,2070,1113,0.64265656631620194
043383,4563,2070,1366,0.66953352769679297
043383,4563,2070,1371,0.59794075449405015
043383,4564,2070,1134,0.60255304467828186
043383,4564,2070,1135,0.61010955703596126
043383,4565,2070,1202,0.62781890170425203
043383,4567,2070,1174,0.60208463460337291
043383,4567,2070,1178,0.62128297496252205
043383,4568,2070,1539,0.6441264712670205
043383,4571,2070,1007,0.61088461538461536
043383,4571,2070,1008,0.64659324314753175
043383,4572,2070,1014,0.64219784468177643
043383,4573,2070,1188,0.62255263242221293
043383,4573,2070,1197,0.63652179041103973
043383,4575,2070,1315,0.62076103789387183
043383,4576,2070,1258,0.64419688530180741
043383,4576,2070,1260,0.63480176845864711
043383,4576,2070,1261,0.63635148680253928
043383,4581,2070,1351,0.61984498694408752
043383,4582,2070,1012,0.65045148595864055
043383,4583,2070,1242,0.63262756221929561
043383,4583,2070,1246,0.63761828178180047
043383,4584,2070,1380,0.62335338271113983
043383,4584,2070,1385,0.63042991908721424
043383,4584,2070,1386,0.63544880367570145
043383,4585,2070,1233,0.62512512512512508
043383,4588,2070,1103,0.64192946142294738
043383,4589,2070,877,0.65123101489100965
043383,4589,2070,879,0.64648396005948583
043383,4590,2070,1155,0.60970800151687521
043383,4591,2070,1022,0.61413477342099088
043383,4591,2070,1024,0.63676985443154599
043383,4600,2070,736,0.54426853778075523
043383,4601,2070,1009,0.63604549431321089
043383,4601,2070,1012,0.59991811854614929
043383,4603,2070,1012,0.65024630541871919
043383,4603,2070,1016,0.6425301567146724
043383,4604,2070,1146,0.63106164306711843
043383,4604,2070,1148,0.62117263843648207
043383,4604,2070,1149,0.64774475264228648
043383,4605,2070,915,0.62368580491108028
043383,4605,2070,919,0.64239669602080285
043383,4606,2070,1050,0.64491463710656205
043383,4606,2070,1051,0.60143461900282225
043383,4607,2070,1224,0.61377705375843616
043383,4607,2070,1229,0.58426345888384934
043383,4609,2070,1097,0.64139743730150034
043383,4612,2070,1069,0.57232407232407234
043383,4613,2070,1205,0.64712666310371014
043383,4614,2070,1066,0.60611620795107035
043383,4615,2070,1250,0.63430520034100601
043383,4616,2070,1097,0.64615655853314524
043383,4617,2070,1076,0.60877015686102198
043383,4617,2070,1078,0.647740236946029
043383,4618,2070,1124,0.65221350985139603
043383,4618,2070,1125,0.64989837398373984
043383,4618,2070,1128,0.60485739394423588
043383,4618,2070,1130,0.59733857216991626
043383,4619,2070,1200,0.61669900819318668
043383,4622,2070,1055,0.59582912882610162
043383,4623,2070,1063,0.63256352950914663
043383,4623,2070,1067,0.61117130131214636
043383,4623,2070,1070,0.63785257373459836
043383,4624,2070,1136,0.61942349707519906
043383,4625,2070,1011,0.61603469862278659
043383,4625,2070,1014,0.63361868908256402
043383,4625,2070,1017,0.65420378438129922
043383,4626,2070,1143,0.64692648232818062
043383,4627,2070,1189,0.63531117767318024
043383,4627,2070,1190,0.5969179114114761
043383,4627,2070,1193,0.60573932711337286
043383,4627,2070,1194,0.6356962025316456
043383,4627,2070,1197,0.61499079355099473
043383,4629,2070,1204,0.63157439071901644
043383,4629,2070,1205,0.64385546275779781
043383,4629,2070,1213,0.60899573837317023
043383,4632,2070,1202,0.62635672164772238
043383,4632,2070,1203,0.63936208771293945
043383,4633,2070,1151,0.65111022470416169
043383,4634,2070,1389,0.61325219743069637
043383,4635,2070,987,0.63963776845428488
043383,4636,2070,1100,0.64234403906731774
043383,4637,2070,1200,0.65149134572395728
043383,4637,2070,1201,0.65991615988663876
043383,4637,2070,1204,0.61613834623418107
043383,4638,2070,1103,0.6135927077148744
043383,4638,2070,1104,0.64732601524901312
043383,4638,2070,1106,0.5983047033230815
043383,4639,2070,805,0.607742746788826
043383,4640,2070,779,0.62874910308538623
043383,4641,2070,822,0.64356476174881283
043383,4642,2070,1148,0.5785255636556752
043383,4643,2070,998,0.63407474210201809
043383,4643,2070,1000,0.54919734495160677
043383,4643,2070,1004,0.63511478926599818
043383,4645,2070,954,0.65106898612309938
043383,4645,2070,956,0.6137585094948047
043383,4646,2070,1157,0.62020550978828948
043383,4646,2070,1163,0.63989894917896206
043383,4647,2070,1069,0.61470835694294201
043383,4648,2070,948,0.58700706233276312
043383,4652,2070,1357,0.64343042568307063
043383,4652,2070,1364,0.63711402449542864
043383,4655,2070,1321,0.61217022915463126
043383,4657,2070,1210,0.63425191170105322
043383,4657,2070,1213,0.62247686205376818
043383,4659,2070,996,0.62437475533904574
043383,4659,2070,1001,0.6456118606092387
043383,4662,2070,785,0.6466440005912889
043383,4664,2070,1313,0.62460621939427963
043383,4664,2070,1316,0.61790845540450345
043383,4666,2070,1141,0.60783995455098816
043383,4668,2070,1400,0.64020207828479891
043383,4668,2070,1402,0.60448721002238837
043383,4668,2070,1405,0.64102971135275288
043383,4668,2070,1406,0.64182500517124197
043383,4670,2070,1079,0.60826829782746261
043383,4670,2070,1082,0.57111766039446843
043383,4671,2070,782,0.64453305123823479
043383,4672,2070,956,0.64590204196196754
043383,4672,2070,958,0.61965999124099214
043383,4673,2070,1184,0.62472375206089736
043383,4675,2070,1098,0.61786672997206038
043383,4676,2070,972,0.62260983499160627
043383,4677,2070,1177,0.60580021482277124
043383,4683,2070,809,0.63622746029054322
043383,4684,2070,977,0.64738329073052603
043383,4685,2070,1116,0.63389350625627916
043383,4685,2070,1118,0.61795757276763685
043383,4686,2070,891,0.64683506110045474
043383,4686,2070,895,0.64940441961718554
043383,4687,2070,1184,0.64320081549439345
043383,4689,2070,1032,0.64409392789373809
043383,4690,2070,777,0.62274870526397152
043383,4691,2070,938,0.65080636080423382
043383,4692,2070,894,0.63091340425303521
043383,4693,2070,956,0.63968867502826643
043383,4693,2070,957,0.61355567080224993
043383,4694,2070,1012,0.63097474862180747
043383,4695,2070,1110,0.62868676346116281
043383,4696,2070,1125,0.62609895917529879
043383,4697,2070,873,0.65205686487507675
043383,4697,2070,874,0.58714438294980098
043383,4699,2070,1144,0.64384311340833078
043383,4703,2070,1246,0.60200071454090742
043383,4704,2070,1240,0.64612795526722944
043383,4706,2070,820,0.62680726490620142
043383,4707,2070,999,0.63944372049304654
043383,4708,2070,1193,0.63642323056437566
043383,4708,2070,1196,0.63733260036343087
043383,4711,2070,1105,0.63954004054738978
043383,4713,2070,1182,0.60690109063557729
043383,4713,2070,1185,0.65550693667107629
043383,4714,2070,1284,0.6009412216673069
043383,4716,2070,1101,0.63462214411247808
043383,4716,2070,1103,0.60790893837014193
043383,4717,2070,1209,0.63830390409849347
043383,4717,2070,1221,0.62810105282306661
043383,4718,2070,1234,0.58925523012552306
043383,4718,2070,1235,0.62689182381672037
043383,4718,2070,1236,0.63622380311478566
043383,4719,2070,1196,0.65632987404921006
043383,4721,2070,1406,0.63829787234042556
043383,4722,2070,1007,0.65129176713744408
043383,4722,2070,1009,0.6001987281399046
043383,4724,2070,835,0.61069441083958387
043383,4724,2070,837,0.61309973317222977
043383,4724,2070,838,0.63705871496743915
043383,4724,2070,839,0.61140803952391642
043383,4725,2070,989,0.61150000000000004
043383,4725,2070,990,0.62177688269668852
043383,4725,2070,994,0.64353831679781048
043383,4726,2070,1093,0.61050426455184792
043383,4727,2070,1287,0.62335591869270623
043383,4728,2070,1227,0.6252232028978113
043383,4728,2070,1232,0.64799964723742809
043383,4731,2070,994,0.61779963878107824
043383,4731,2070,997,0.59470159470159467
043383,4732,2070,1086,0.64322246985542031
043383,4733,2070,925,0.62138648499355553
043383,4734,2070,1102,0.64653164556962028
043383,4734,2070,1104,0.64690167233363405
043383,4734,2070,1112,0.64115166377656241
043383,4735,2070,665,0.60766534236971259
043383,4737,2070,961,0.60989026568746985
043383,4737,2070,964,0.62284924667914776
043383,4738,2070,716,0.61944954912603101
043383,4738,2070,717,0.58262412777800188
043383,4740,2070,955,0.60486743915701058
043383,4741,2070,1125,0.63823284783071244
043383,4742,2070,1158,0.63848509893529093
043383,4742,2070,1162,0.65000302242640395
043383,4742,2070,1165,0.5758744038155803
043383,4743,2070,1169,0.59924798350415431
043383,4743,2070,1171,0.5995358859605503
043383,4743,2070,1174,0.63138430784607691
043383,4743,2070,1181,0.59080370942812988
043383,4745,2070,954,0.59105760628573656
043383,4745,2070,956,0.61569148936170215
043383,4748,2070,1114,0.59136808246987793
043383,4748,2070,1118,0.64819994354776633
043383,4748,2070,1119,0.64636059401798784
043383,4749,2070,928,0.6023986585010207
043383,4749,2070,930,0.63568302419160905
043383,4750,2070,1152,0.62062481920740531
043383,4753,2070,932,0.60782573618394509
043383,4753,2070,934,0.60582753428559799
043383,4753,2070,935,0.62853227551388391
043383,4755,2070,1206,0.62859169918410784
043383,4755,2070,1207,0.61004184100418413
043383,4758,2070,1320,0.63064862066415206
043383,4758,2070,1323,0.63799398378837635
043383,4759,2070,1005,0.58873346985526365
043383,4759,2070,1006,0.59192231295519748
043383,4759,2070,1008,0.65014518470721083
043383,4761,2070,1133,0.62662487694131352
043383,4762,2070,1245,0.64742494508176718
043383,4763,2070,937,0.60751861443832955
043383,4763,2070,946,0.63516103109352784
043383,4764,2070,1229,0.63502001745883629
043383,4764,2070,1230,0.63442949844531571
043383,4764,2070,1231,0.62951621059729168
043383,4767,2070,1126,0.64413945916613913
043383,4768,2070,1092,0.60295635505750511
043383,4769,2070,981,0.60374889342211613
043383,4769,2070,983,0.63839337900077153
043383,4770,2070,851,0.60175278051527525
043383,4771,2070,860,0.62770202859993351
043383,4772,2070,1132,0.6347444186897645
043383,4775,2070,1066,0.60187938998924251
043383,4776,2070,811,0.59818540140557019
043383,4777,2070,1234,0.64884167878661958
043383,4777,2070,1236,0.65421190508638838
043383,4778,2070,944,0.60993102501630003
043383,4778,2070,945,0.60428559942108229
043383,4778,2070,948,0.61188542802892576
043383,4778,2070,949,0.62991723155067514
043383,4779,2070,1071,0.63546791353256082
043383,4780,2070,1136,0.60847143643919288
043383,4783,2070,1084,0.61394497994793495
043383,4783,2070,1086,0.61539706298798491
043383,4785,2070,1079,0.64654531552006123
043383,4785,2070,1084,0.64577590889885927
043383,4786,2070,1510,0.65119676368131252
043383,4786,2070,1511,0.60710332395078903
043383,4786,2070,1512,0.59965139018790914
043383,4787,2070,1502,0.60138876282109466
043383,4788,2070,1167,0.62920310615199038
043383,4789,2070,1025,0.61283192110408935
043383,4789,2070,1031,0.64706427975141456
043383,4790,2070,1243,0.63616931037407753
043383,4790,2070,1248,0.6042183622828784
043383,4790,2070,1251,0.63067707566160947
043383,4791,2070,1094,0.60312793243665941
043383,4791,2070,1102,0.6365709686074591
043383,4795,2070,963,0.64656831302116746
043383,4796,2070,1017,0.64542781305298225
043383,4796,2070,1020,0.64111525020162063
043383,4797,2070,1218,0.62461591406307615
043383,4797,2070,1220,0.65601411158961975
043383,4798,2070,1439,0.62940637507836239
043383,4798,2070,1440,0.65266015200868621
043383,4798,2070,1442,0.61978730140991978
043383,4798,2070,1444,0.64228712792275156
043383,4799,2070,896,0.64043993231810492
043383,4799,2070,900,0.61226083561108946
043383,4800,2070,1173,0.64384868577970711
043383,4801,2070,1003,0.64251123844803304
043383,4801,2070,1004,0.6381834804797839
043383,4803,2070,1317,0.60789262360903984
043383,4805,2070,963,0.63034749417538294
043383,4807,2070,1180,0.61553466234931531
043383,4807,2070,1181,0.62198970270719145
043383,4807,2070,1182,0.63486820620480522
043383,4808,2070,1178,0.65020051297311854
043383,4809,2070,1190,0.64461407972858353
043383,4809,2070,1191,0.5800457940767989
043383,4810,2070,1333,0.61897677097331538
043383,4810,2070,1334,0.62271339158830463
043383,4810,2070,1336,0.59709088147051004
043383,4811,2070,1276,0.6305860158000236
043383,4811,2070,1281,0.64854586129753911
043383,4812,2070,1095,0.598609867383054
043383,4812,2070,1096,0.64498938716524412
043383,4815,2070,1300,0.62986360059456148
043383,4818,2070,1284,0.64702781607331117
043383,4820,2070,865,0.66693287377579757
043383,4820,2070,868,0.62885914933085996
043383,4821,2070,1177,0.62439799535509111
043383,4822,2070,1298,0.62937693099897019
043383,4822,2070,1301,0.62451678167563862
043383,4822,2070,1306,0.63721312317091949
043383,4823,2070,1138,0.64675232208162081
043383,4823,2070,1140,0.61569243346743829
043383,4825,2070,1344,0.63857294008729004
043383,4827,2070,1297,0.61818826090257917
043383,4828,2070,1251,0.63297872340425532
043383,4828,2070,1256,0.64165135116738137
043383,4828,2070,1258,0.6435552967599717
043383,4829,2070,1417,0.6174623909654039
043383,4829,2070,1420,0.63897002523891899
043383,4829,2070,1422,0.60122333876156808
043383,4831,2070,1194,0.60665090879452277
043383,4831,2070,1196,0.64485015501205645
043383,4835,2070,1294,0.60834647927721208
043383,4835,2070,1295,0.61137258257744309
043383,4836,2070,910,0.63535281539558086
043383,4836,2070,916,0.60190851989048155
043383,4837,2070,1129,0.59219726590370725
043383,4837,2070,1130,0.63548818931640538
043383,4838,2070,1255,0.63716414540528332
043383,4840,2070,1544,0.64653611979595194
043383,4840,2070,1548,0.61115128143327713
043383,4841,2070,1295,0.63679591924955692
043383,4843,2070,1258,0.58758532520603612
043383,4844,2070,887,0.61290031411344192
043383,4845,2070,782,0.6489688459850812
043383,4845,2070,783,0.6479687781756357
043383,4846,2070,1356,0.64559506149208024
043383,4848,2070,1172,0.60698508589767797
043383,4850,2070,1403,0.64327721699654361
043383,4852,2070,1262,0.61577391615908272
043383,4852,2070,1263,0.61618595825426947
043383,4853,2070,1297,0.63891274693073308
043383,4853,2070,1302,0.63907098192812484
043383,4855,2070,1343,0.62676376877560314
043383,4855,2070,1345,0.63499938897714769
043383,4856,2070,1360,0.59845220665132814
043383,4856,2070,1365,0.63280612787687507
043383,4856,2070,1366,0.58377417580092261
043383,4857,2070,1320,0.61224063293028808
043383,4858,2070,1476,0.62935121513688974
043383,4860,2070,1400,0.63766341432306617
043383,4860,2070,1402,0.64129949354339089
043383,4861,2070,1221,0.63641550006582703
043383,4862,2070,1373,0.62905668541756821
043383,4862,2070,1379,0.60881147540983604
043383,4863,2070,1299,0.647496966701119
043383,4864,2070,1232,0.57558852119521575
043383,4865,2070,1465,0.60711418018307373
043383,4868,2070,1119,0.61771874238362179
043383,4869,2070,1177,0.61543980485005023
043383,4870,2070,1215,0.62253886010362691
043383,4870,2070,1218,0.64370831898306147
043383,4873,2070,1219,0.6232260157327062
043383,4877,2070,1178,0.63904109589041092
043383,4877,2070,1179,0.62241860465116283
043383,4880,2070,973,0.63405290361812106
043383,4882,2070,1143,0.62329939634201281
043383,4883,2070,1115,0.62047619047619051
043383,4883,2070,1117,0.62978799216105474
043383,4884,2070,1293,0.6248674803599098
043383,4886,2070,1194,0.64191220109892211
043383,4886,2070,1195,0.61119333631638728
043383,4887,2070,1087,0.59807206983575356
043383,4887,2070,1090,0.62594291156053428
043383,4887,2070,1095,0.61556772197095933
043383,4888,2070,1015,0.61605075483930727
043383,4888,2070,1016,0.6199474003641513
043383,4888,2070,1017,0.61881717237693723
043383,4889,2070,1144,0.59751619424846314
043383,4890,2070,985,0.65391901653196682
043383,4891,2070,1095,0.62001370280146162
043383,4895,2070,1225,0.61325812316442119
043383,4895,2070,1227,0.64058273620272388
043383,4897,2070,1224,0.62832808147234775
043383,4899,2070,844,0.63993264214488543
043383,4899,2070,850,0.64794618735182219
043383,4900,2070,816,0.61346655466643085
043383,4900,2070,820,0.62323100936524456
043383,4901,2070,1219,0.62153504989528152
043383,4903,2070,1083,0.6135661764705882
043383,4903,2070,1085,0.63945203972161857
043383,4904,2070,1113,0.61319863502284599
043383,4905,2070,1027,0.62395577395577395
043383,4905,2070,1028,0.64542139952320854
043383,4905,2070,1031,0.6181556886227545
043383,4907,2070,1321,0.6074350445023825
043383,4907,2070,1326,0.63528260705953188
043383,4911,2070,1136,0.64611745760152983
043383,4911,2070,1141,0.61053683412583559
043383,4915,2070,1223,0.63505056324876319
043383,4916,2070,835,0.62008458562044455
043383,4916,2070,841,0.61918037357122946
043383,4917,2070,1094,0.63191463265055803
043383,4918,2070,1310,0.64456526543782877
043383,4918,2070,1312,0.63393388729258882
043383,4919,2070,1117,0.60343207354443307
043383,4920,2070,1231,0.62978352922553327
043383,4920,2070,1233,0.6525020648799521
043383,4922,2070,1186,0.6166579543474473
043383,4923,2070,959,0.61364061331338815
043383,4923,2070,961,0.63166151432658146
043383,4923,2070,962,0.62181602217236376
043383,4923,2070,965,0.63243125532041256
043383,4924,2070,1042,0.60531784263719657
043383,4924,2070,1043,0.64416018606003345
043383,4924,2070,1046,0.60626863329672054
043383,4925,2070,1133,0.62657118346947149
043383,4925,2070,1139,0.64378466557911906
043383,4926,2070,1034,0.63491243385772056
043383,4927,2070,1326,0.64402909336941816
043383,4927,2070,1328,0.63909068647457346
043383,4928,2070,1181,0.63369042197184211
043383,4929,2070,1220,0.63443200663349919
043383,4930,2070,1105,0.63250680058589659
043383,4931,2070,1228,0.6260149783208514
043383,4934,2070,1035,0.58822562078605489
043383,4935,2070,1050,0.63376930349826666
043383,4936,2070,1190,0.62355684795439492
043383,4937,2070,1256,0.63522161474324357
043383,4937,2070,1257,0.64546559688791638
043383,4938,2070,933,0.62418466214932555
043383,4938,2070,937,0.58458933806829916
043383,4939,2070,703,0.6375763480346236
043383,4939,2070,707,0.63748478064490788
043383,4939,2070,709,0.6234871583830599
043383,4939,2070,712,0.6358108435486215
043383,4940,2070,1263,0.63983045759638824
043383,4940,2070,1264,0.63076088921019335
043383,4941,2070,1032,0.60641025641025637
043383,4941,2070,1035,0.59705232129697861
043383,4941,2070,1038,0.64205152558470857
043383,4942,2070,765,0.63231431159420293
043383,4942,2070,776,0.64291718170580969
043383,4942,2070,777,0.59665513264129177
043383,4944,2070,1002,0.61162444113263781
043383,4945,2070,903,0.63468428781204111
043383,4945,2070,907,0.64208975090321352
043383,4945,2070,910,0.57626090011818443
043383,4947,2070,1220,0.62465819141280887
043383,4948,2070,1106,0.64647264260768333
043383,4948,2070,1108,0.64225753042669997
043383,4948,2070,1109,0.62847355727218712
043383,4949,2070,942,0.61262732625607086
043383,4953,2070,997,0.62968195106637626
043383,4953,2070,1000,0.62854365156523428
043383,4953,2070,1005,0.62456633437266695
043383,4955,2070,929,0.62210264900662249
043383,4956,2070,1285,0.61744613767735157
043383,4958,2070,1188,0.60768383365464063
043383,4961,2070,758,0.65254405203571986
043383,4961,2070,763,0.6431198643537237
043383,4961,2070,765,0.62118391660461658
043383,4962,2070,1260,0.6390247298167453
043383,4963,2070,991,0.61250619527507022
043383,4965,2070,1248,0.63251056172742914
043383,4965,2070,1256,0.61481932222430258
043383,4966,2070,1102,0.64736348436034419
043383,4966,2070,1106,0.63369381374609191
043383,4966,2070,1108,0.57453645846616852
043383,4967,2070,1140,0.58939230060489523
043383,4968,2070,1224,0.61881001299844862
043383,4968,2070,1230,0.63466494845360821
043383,4969,2070,1101,0.59702183984116475
043383,4972,2070,876,0.60541378928320844
043383,4972,2070,878,0.64212134654246145
043383,4972,2070,883,0.61176360488512471
043383,4973,2070,913,0.58417774472436557
043383,4974,2070,1258,0.66588370643785055
043383,4975,2070,1154,0.652375025230438
043383,4976,2070,1223,0.64007389451877794
043383,4977,2070,1117,0.63250711574952556
043383,4977,2070,1122,0.62065724021777446
043383,4977,2070,1123,0.61906958861976158
043383,4978,2070,1201,0.63397903338850858
043383,4978,2070,1206,0.64133426505611724
043383,4978,2070,1210,0.62319502074688793
043383,4979,2070,953,0.64130966273967782
043383,4981,2070,912,0.62390888297624048
043383,4982,2070,935,0.6297416324133881
043383,4982,2070,939,0.64112077239324439
043383,4983,2070,915,0.63083122170066053
043383,4983,2070,920,0.62479956433606632
043383,4985,2070,1085,0.64610577944715331
043383,4985,2070,1089,0.58625151637687023
043383,4986,2070,913,0.61818416884837912
043383,4987,2070,1306,0.62502600807290587
043383,4988,2070,1230,0.64971175166297113
043383,4988,2070,1231,0.60894606297557485
043383,4989,2070,1041,0.63893202424485296
043383,4989,2070,1042,0.63822588582677164
043383,4991,2070,1050,0.58469730697045086
043383,4992,2070,1057,0.64564978947740859
043383,4993,2070,1146,0.62610002933411557
043383,4995,2070,800,0.63731208412059481
043383,4996,2070,1077,0.62897263851500662
043383,4997,2070,1331,0.61862699519603281
043383,4997,2070,1337,0.64528575794621024
043383,4998,2070,1096,0.63149736488581176
043383,5002,2070,1142,0.62547681188516357
043383,5002,2070,1148,0.60418145956607494
043383,5003,2070,1144,0.64252002526007912
043383,5003,2070,1145,0.63634233691468356
043383,5004,2070,1344,0.62146832476766167
043383,5005,2070,1221,0.63223459730895515
043383,5005,2070,1222,0.61565135895032808
043383,5005,2070,1225,0.60992076326002587
043383,5006,2070,1297,0.6048649599718483
043383,5006,2070,1300,0.61143975245722604
043383,5006,2070,1301,0.60229256096985706
043383,5007,2070,1151,0.63829896290727672
043383,5007,2070,1158,0.60016086509674249
043383,5009,2070,816,0.60823134149268054
043383,5010,2070,1223,0.65328320619045877
043383,5011,2070,919,0.62120461731875498
043383,5011,2070,922,0.65583900892437763
043383,5013,2070,917,0.64286025155590376
043383,5013,2070,921,0.62925032383419688
043383,5013,2070,924,0.6013163945734652
043383,5014,2070,1254,0.60523225948484627
043383,5014,2070,1256,0.61595128179943026
043383,5019,2070,1077,0.64495882707370955
043383,5020,2070,779,0.58285117804950792
043383,5021,2070,974,0.62686973075877073
043383,5023,2070,1022,0.64444077453449489
043383,5023,2070,1023,0.61698052984360041
043383,5024,2070,1243,0.64754279647896673
043383,5025,2070,1171,0.61522858982614292
043383,5025,2070,1176,0.62506408165167548
043383,5026,2070,936,0.62640515497859928
043383,5026,2070,941,0.63903106471393101
043383,5027,2070,1031,0.63632431764469644
043383,5027,2070,1033,0.62106814567738433
043383,5027,2070,1034,0.60357406344782361
043383,5028,2070,1140,0.64482239465281344
043383,5029,2070,1217,0.62457819189121133
043383,5033,2070,1130,0.64307270999832333
043383,5035,2070,1090,0.61361087950317705
043383,5035,2070,1092,0.63382722762183108
043383,5036,2070,876,0.61921492084146601
043383,5038,2070,871,0.58460284763564752
043383,5042,2070,1095,0.6122256430628662
043383,5044,2070,1137,0.60792468646226261
043383,5044,2070,1140,0.61589081160126735
043383,5045,2070,1162,0.60457381883014472
043383,5045,2070,1169,0.61581418182933934
043383,5046,2070,842,0.62253273011170274
043383,5047,2070,1183,0.58314233913727631
043383,5048,2070,1161,0.64782829207816173
043383,5048,2070,1162,0.60300419079907708
043383,5048,2070,1163,0.63592890271656155
043383,5050,2070,1259,0.60123984793502683
043383,5051,2070,1289,0.60971345843918168
043383,5054,2070,928,0.63376086347070371
043383,5054,2070,929,0.62740698433420361
043383,5054,2070,931,0.65185534556702385
043383,5055,2070,1054,0.63499558524319555
043383,5055,2070,1060,0.61996257018091083
043383,5055,2070,1063,0.62536890923327104
043383,5059,2070,1262,0.60917929403521065
043383,5059,2070,1263,0.61962734967571731
043383,5060,2070,1135,0.61607432213460089
043383,5061,2070,1012,0.61157204646228336
043383,5062,2070,1150,0.61118899500569523
043383,5062,2070,1159,0.63262907069102459
043383,5065,2070,1176,0.62533344111227873
043383,5068,2070,1286,0.63088548267533895
043383,5069,2070,880,0.6389697589634642
043383,5070,2070,841,0.57592229549099982
043383,5070,2070,845,0.63091096288127568
043383,5072,2070,855,0.64066159778026022
043383,5072,2070,860,0.58025070036603066
043383,5073,2070,1353,0.62334884419093362
043383,5073,2070,1355,0.64463172345415376
043383,5073,2070,1357,0.62952191939635693
043383,5073,2070,1359,0.63396748240026823
043383,5074,2070,1522,0.64450923226433432
043383,5074,2070,1524,0.60770188844380113
043383,5076,2070,1273,0.640208546508795
043383,5078,2070,1171,0.64301630950123267
043383,5078,2070,1176,0.61116329658377422
043383,5078,2070,1177,0.62813639288012013
043383,5078,2070,1178,0.65405968077723808
043383,5081,2070,1107,0.62969609954534578
043383,5081,2070,1108,0.60816647871140717
043383,5081,2070,1112,0.61731198945016297
043383,5082,2070,1078,0.64961806708734637
043383,5083,2070,937,0.63926982872421823
043383,5083,2070,939,0.63578331941295785
043383,5083,2070,949,0.62097598986996538
043383,5084,2070,1155,0.58387657995681974
043383,5084,2070,1157,0.64600958269422348
043383,5085,2070,1284,0.65126696530052819
043383,5085,2070,1287,0.61394960322984826
043383,5085,2070,1289,0.61579399844434435
043383,5086,2070,1349,0.59880034275921168
043383,5087,2070,1234,0.62402867095391212
043383,5087,2070,1237,0.5951441872494504
043383,5088,2070,1192,0.6086379996211404
043383,5089,2070,1242,0.61079278200632858
043383,5089,2070,1243,0.63069455876926572
043383,5090,2070,1175,0.63479310825244972
043383,5090,2070,1177,0.61041967063823332
043383,5092,2070,1360,0.6134596028913899
043383,5092,2070,1362,0.57727867422590495
043383,5092,2070,1365,0.64962479409432006
043383,5093,2070,857,0.60924081071796632
043383,5094,2070,1318,0.64004829251466022
043383,5096,2070,949,0.59440529205759007
043383,5097,2070,1405,0.61224900406422278
043383,5098,2070,1111,0.63764833968426782
043383,5098,2070,1117,0.59838174273858924
043383,5099,2070,1085,0.63684437065732025
043383,5099,2070,1091,0.61581281252948394
043383,5099,2070,1093,0.6079036286175995
043383,5099,2070,1096,0.65462835297066935
043383,5099,2070,1097,0.61457330921128606
043383,5101,2070,1287,0.60511957806674543
043383,5101,2070,1289,0.60596220232871101
043383,5102,2070,1325,0.63696001659492818
043383,5102,2070,1327,0.64793635007458972
043383,5104,2070,1469,0.62219902315349918
043383,5104,2070,1476,0.59287970578810034
043383,5104,2070,1477,0.6118055555555556
043383,5104,2070,1479,0.64575099674425895
043383,5105,2070,1288,0.62595406170494861
043383,5105,2070,1289,0.60586257065852556
043383,5106,2070,1264,0.57936130677153108
043383,5107,2070,1192,0.6367893417754914
043383,5109,2070,954,0.64926938528815725
043383,5110,2070,1177,0.63420943093298443
043383,5110,2070,1179,0.59703608836847644
043383,5112,2070,1277,0.62084804054665577
043383,5112,2070,1282,0.62976650428355452
043383,5113,2070,1268,0.60768438098042099
043383,5113,2070,1271,0.62990785986920472
043383,5113,2070,1273,0.63641159879060893
043383,5113,2070,1275,0.5846871481421908
043383,5113,2070,1279,0.62327275958590656
043383,5115,2070,1192,0.58968142862020689
043383,5115,2070,1194,0.58550170759473086
043383,5116,2070,1304,0.59599999999999997
043383,5117,2070,1202,0.61581083546151039
043383,5117,2070,1204,0.63045944412932498
043383,5118,2070,1227,0.62811313557012838
043383,5118,2070,1229,0.64790938856077573
043383,5118,2070,1231,0.61942347288949895
043383,5121,2070,1385,0.59636245299392532
043383,5121,2070,1388,0.63802775317390026
043383,5122,2070,1319,0.62508819897689183
043383,5123,2070,954,0.6390276003561336
043383,5124,2070,1150,0.64248712195736557
043383,5125,2070,1345,0.63386158557891925
043383,5125,2070,1346,0.61992073515961843
043383,5126,2070,960,0.64907651715039583
043383,5126,2070,966,0.65117125152567834
043383,5127,2070,1313,0.632855355596189
043383,5127,2070,1316,0.63196488011963914
043383,5127,2070,1320,0.62275475724702112
043383,5127,2070,1321,0.60346829469268515
043383,5128,2070,1001,0.62138381549126787
043383,5128,2070,1003,0.60494036835748788
043383,5129,2070,1324,0.62613132861552678
043383,5130,2070,1290,0.62515176438334707
043383,5130,2070,1297,0.62942140483452447
043383,5131,2070,1211,0.64183857123079058
043383,5133,2070,1134,0.63146337046092549
043383,5133,2070,1135,0.61417393049022451
043383,5133,2070,1138,0.63592740917126678
043383,5134,2070,1443,0.6206673085468819
043383,5134,2070,1444,0.64704518223630814
043383,5136,2070,1298,0.62930255668985458
043383,5137,2070,971,0.62809444311948481
043383,5137,2070,972,0.59387530898104912
043383,5137,2070,978,0.65057992680035048
043383,5138,2070,1331,0.61046870181930313
043383,5139,2070,1194,0.63187858177467093
043383,5140,2070,1442,0.59307306821855799
043383,5140,2070,1444,0.64314738000507921
043383,5141,2070,1414,0.6215630190071969
043383,5142,2070,1392,0.6342375155755775
043383,5143,2070,918,0.65770673793493339
043383,5144,2070,1162,0.56902039901367407
043383,5144,2070,1164,0.65076868435740021
043383,5146,2070,1056,0.60305390448862473
043383,5147,2070,1415,0.61846673976608191
043383,5147,2070,1416,0.63587527202447081
043383,5149,2070,1054,0.64788294614693898
043383,5149,2070,1055,0.61052820374854277
043383,5149,2070,1063,0.60273497688751931
043383,5152,2070,758,0.61377753064988605
043383,5154,2070,1245,0.63930900047052497
043383,5154,2070,1246,0.64892437906191747
043383,5156,2070,1124,0.62504354750410596
043383,5156,2070,1132,0.58723213579693723
043383,5157,2070,1225,0.60733426254932366
043383,5157,2070,1226,0.63204953560371513
043383,5157,2070,1230,0.6089483634206917
043383,5159,2070,1291,0.65049217061914799
043383,5159,2070,1295,0.60008665511265169
043383,5160,2070,1085,0.60500510271997165
043383,5161,2070,1298,0.62191238754753142
043383,5162,2070,936,0.64520201282268574
043383,5162,2070,946,0.58395535164007395
043383,5163,2070,1103,0.61096405089232342
043383,5164,2070,1173,0.62230200078805653
043383,5165,2070,841,0.64910448643429941
043383,5165,2070,845,0.62572556303691662
043383,5166,2070,1144,0.59687859608745686
043383,5166,2070,1145,0.58640087590138557
043383,5166,2070,1148,0.6640429803151312
043383,5166,2070,1150,0.61709222266818986
043383,5167,2070,926,0.61851905242419869
043383,5167,2070,929,0.6137441672129883
043383,5167,2070,935,0.62770657878676916
043383,5168,2070,1085,0.61129360662413468
043383,5168,2070,1086,0.64234712194343613
043383,5168,2070,1087,0.63657891255457066
043383,5169,2070,1269,0.63572750665884159
043383,5171,2070,1212,0.62275964391691396
043383,5171,2070,1213,0.64879807001924239
043383,5171,2070,1215,0.63372330547818012
043383,5172,2070,1173,0.60690523995118306
043383,5173,2070,1061,0.59619200405285599
043383,5173,2070,1064,0.64353489174501854
043383,5173,2070,1070,0.64571022239658682
043383,5174,2070,1202,0.65026534556274729
043383,5174,2070,1207,0.65370095859274635
043383,5175,2070,1131,0.6241701404971437
043383,5175,2070,1133,0.60965786238182051
043383,5177,2070,1181,0.63475735205131312
043383,5178,2070,941,0.62260369466713139
043383,5180,2070,940,0.62112940559898677
043383,5180,2070,946,0.62332145793368043
043383,5182,2070,1315,0.64438226322821346
043383,5182,2070,1316,0.62003472222222222
043383,5182,2070,1319,0.64487424322457443
043383,5183,2070,1056,0.59309255403173688
043383,5183,2070,1058,0.61047763336257077
043383,5183,2070,1061,0.58046144011158252
043383,5185,2070,1093,0.62290966151087201
043383,5185,2070,1098,0.63730716689434574
043383,5186,2070,1033,0.61906204032188283
043383,5187,2070,1168,0.6437814346403633
043383,5187,2070,1169,0.64385866517106005
043383,5188,2070,1267,0.64630887608254728
043383,5191,2070,1010,0.63973878165679621
043383,5192,2070,1113,0.63877705718857913
043383,5194,2070,902,0.60990057748407456
043383,5194,2070,905,0.61537422318292356
043383,5194,2070,906,0.5851680185399768
043383,5196,2070,1101,0.63145771635406389
043383,5196,2070,1104,0.64020938584210851
043383,5197,2070,1205,0.60140571534264309
043383,5198,2070,804,0.61478875741747507
043383,5201,2070,1185,0.61992619926199266
043383,5203,2070,1106,0.61820886926473406
043383,5206,2070,1268,0.61614969656102492
043383,5207,2070,1154,0.65686981402002864
043383,5207,2070,1156,0.63666759543048201
043383,5207,2070,1157,0.62862801224870191
043383,5208,2070,840,0.64797721916732132
043383,5210,2070,1153,0.64083845628415304
043383,5210,2070,1158,0.63196907886957554
043383,5211,2070,1106,0.63634474734042556
043383,5212,2070,1097,0.63336575424945574
043383,5217,2070,728,0.62090180522949889
043383,5217,2070,733,0.56685987733369281
043383,5217,2070,735,0.63737246239612921
043383,5217,2070,739,0.6354198473282443
043383,5218,2070,1252,0.62968232615894038
043383,5218,2070,1255,0.60224239188467699
043383,5221,2070,1075,0.63688647567335854
043383,5221,2070,1077,0.63874866146550402
043383,5222,2070,974,0.64382201032975761
043383,5224,2070,1191,0.63605773766470641
043383,5225,2070,1077,0.64797998749218266
043383,5227,2070,937,0.61180102185637242
043383,5228,2070,1302,0.62422360248447206
043383,5229,2070,1127,0.6500837355925525
043383,5229,2070,1128,0.56699945543655839
043383,5229,2070,1130,0.61502392807076911
043383,5230,2070,1017,0.62460063897763574
043383,5230,2070,1022,0.63203359647024426
043383,5231,2070,1294,0.60420928539232344
043383,5232,2070,1143,0.63323634012285812
043383,5232,2070,1148,0.63191652529571707
043383,5234,2070,1060,0.65283899403681622
043383,5235,2070,1135,0.63221592843656171
043383,5238,2070,1181,0.64466765028562778
043383,5239,2070,992,0.59764565476836284
043383,5242,2070,1200,0.60422819835224628
043383,5242,2070,1204,0.6507185380639815
043383,5244,2070,946,0.62304070379778209
043383,5245,2070,1189,0.60650627154698156
043383,5245,2070,1191,0.64491347457401849
043383,5245,2070,1192,0.63205249096338201
043383,5245,2070,1193,0.63368811482019027
043383,5245,2070,1198,0.66145329189804203
043383,5246,2070,812,0.63609110807981473
043383,5247,2070,765,0.64790232259249059
043383,5247,2070,768,0.59958008398320339
043383,5247,2070,770,0.62163549688302167
043383,5248,2070,1009,0.64762331264794315
043383,5248,2070,1010,0.63956060917884339
043383,5249,2070,803,0.62261470713575451
043383,5249,2070,804,0.64543118642628106
043383,5249,2070,810,0.64247519373194928
043383,5250,2070,1214,0.63483121597096193
043383,5250,2070,1216,0.61690577743311359
043383,5251,2070,1214,0.60938528366460443
043383,5251,2070,1215,0.64376982328953325
043383,5252,2070,1195,0.63765049619666514
043383,5252,2070,1196,0.63573181505840781
043383,5252,2070,1197,0.64374920486832621
043383,5253,2070,1173,0.61278248922158529
043383,5254,2070,1134,0.65102943585822726
043383,5254,2070,1141,0.6352822192255827
043383,5255,2070,1233,0.64195781326647405
043383,5255,2070,1236,0.60809896972831057
043383,5257,2070,1029,0.63824599107290458
043383,5258,2070,1235,0.63328511869309967
043383,5258,2070,1237,0.63490845054523293
043383,5260,2070,1179,0.61681615235686915
043383,5260,2070,1183,0.63104861882686492
043383,5261,2070,1193,0.64778934210168759
043383,5262,2070,1088,0.62586845761926813
043383,5262,2070,1090,0.6373635530372469
043383,5262,2070,1091,0.62866932777561901
043383,5262,2070,1092,0.60619611490716563
043383,5264,2070,909,0.62255568138920347
043383,5264,2070,913,0.63822137265610779
043383,5264,2070,914,0.63252143835122865
043383,5266,2070,756,0.61269942565411617
043383,5267,2070,1373,0.63267614738202971
043383,5267,2070,1376,0.63444904099285448
043383,5268,2070,1117,0.63572750949198276
043383,5269,2070,1303,0.62922371231485696
043383,5269,2070,1311,0.60406044312598495
043383,5269,2070,1312,0.59337706472773255
043383,5271,2070,1068,0.64053696154545214
043383,5271,2070,1072,0.62645875751104929
043383,5273,2070,824,0.64018527204502818
043383,5273,2070,825,0.64625533325048667
043383,5273,2070,829,0.66332444895714349
043383,5273,2070,830,0.65807830620586072
043383,5274,2070,1133,0.64686309706230027
043383,5276,2070,1157,0.63882178949963031
043383,5277,2070,1106,0.6584466942821029
043383,5280,2070,1043,0.61345842769330317
043383,5281,2070,1067,0.59859255384907994
043383,5283,2070,1035,0.5668403065795149
043383,5284,2070,824,0.64343563960704298
043383,5288,2070,1174,0.64984735209981004
043383,5288,2070,1180,0.6110156548300878
043383,5289,2070,1094,0.64727059611520432
043383,5290,2070,1177,0.62800557880055785
043383,5293,2070,1250,0.64497442257786541
043383,5293,2070,1256,0.59729140722291407
043383,5295,2070,1148,0.64101265265221175
043383,5296,2070,810,0.61500864726671178
043383,5296,2070,813,0.64439136000322539
043383,5296,2070,814,0.61649054378883394
043383,5300,2070,1125,0.65178792487532278
043383,5301,2070,1135,0.63118634830886611
043383,5303,2070,757,0.62941161316914829
043383,5303,2070,758,0.61872691722789486
043383,5303,2070,759,0.63955730997314297
043383,5303,2070,763,0.62075573681882956
043383,5303,2070,767,0.65124496400501952
043383,5304,2070,1149,0.61654271066502997
043383,5305,2070,1075,0.57703552759812171
043383,5305,2070,1077,0.64092641792768856
043383,5306,2070,1068,0.63541896971036926
043383,5309,2070,1342,0.63403921568627453
043383,5310,2070,1223,0.6144265875046917
043383,5311,2070,965,0.59397664956660179
043383,5312,2070,845,0.62963784839339609
043383,5314,2070,741,0.63497420874992039
043383,5314,2070,743,0.64786477530809039
043383,5315,2070,1186,0.60799852561739776
043383,5315,2070,1187,0.60905428735852674
043383,5315,2070,1188,0.62943174445674155
043383,5316,2070,1097,0.61942912355569868
043383,5316,2070,1098,0.6435211701987047
043383,5316,2070,1101,0.63807855344042796
043383,5317,2070,866,0.64188100749970667
043383,5317,2070,870,0.62257758503862315
043383,5318,2070,1012,0.65100830367734286
043383,5318,2070,1015,0.64490589938472676
043383,5319,2070,1026,0.64700674664957103
043383,5320,2070,861,0.6492700074410489
043383,5320,2070,862,0.62682003494467098
043383,5321,2070,1043,0.6191982255812043
043383,5321,2070,1047,0.59507757290228247
043383,5323,2070,1288,0.59326875310481864
043383,5324,2070,1038,0.63854744115047801
043383,5325,2070,1150,0.61820003817522429
043383,5327,2070,1112,0.61423291068170116
043383,5328,2070,1017,0.57247550408939996
043383,5328,2070,1020,0.63800578034682076
043383,5328,2070,1022,0.61525846968059339
043383,5330,2070,1142,0.57861306882450192
043383,5331,2070,1087,0.59370768258553763
043383,5332,2070,1174,0.62016835231007361
043383,5333,2070,972,0.60964027068740356
043383,5334,2070,761,0.64386171675505799
043383,5336,2070,1103,0.64048980044141146
043383,5338,2070,823,0.61907498946239037
043383,5339,2070,1297,0.61544388322917554
043383,5339,2070,1301,0.63788771381929166
043383,5340,2070,686,0.62544925162640463
043383,5341,2070,1315,0.63452852797492854
043383,5342,2070,1279,0.64910647136768973
043383,5342,2070,1280,0.64788834951456309
043383,5344,2070,1114,0.6344202262835279
043383,5344,2070,1117,0.64443611839640313
043383,5345,2070,1113,0.63253485175731394
043383,5347,2070,1108,0.61658753854436887
043383,5348,2070,1254,0.63618540820613356
043383,5353,2070,971,0.61174196665861325
043383,5353,2070,975,0.65950010160536476
043383,5354,2070,1226,0.61951891217350141
043383,5354,2070,1229,0.64007506414920912
043383,5355,2070,1181,0.58853367433930093
043383,5355,2070,1184,0.58495427025634417
043383,5356,2070,1127,0.64256766898484019
043383,5356,2070,1131,0.64442688648507751
043383,5357,2070,1392,0.58227811672614249
043383,5358,2070,1408,0.63882735194210605
043383,5358,2070,1413,0.64134082610792353
043383,5358,2070,1416,0.63196938010495995
043383,5359,2070,793,0.64753211629479379
043383,5361,2070,1373,0.61019352686019357
043383,5361,2070,1376,0.59221880941933591
043383,5362,2070,1334,0.64832447921289194
043383,5363,2070,1022,0.64670392865069914
043383,5363,2070,1025,0.63776330534487524
043383,5363,2070,1029,0.64364989149529817
043383,5363,2070,1030,0.64915482135996927
043383,5366,2070,1107,0.59742364429669648
043383,5367,2070,1175,0.64861658489503737
043383,5367,2070,1176,0.63888351705021595
043383,5368,2070,1295,0.64360372555202616
043383,5368,2070,1302,0.63595565726513503
043383,5371,2070,1117,0.61353703193290543
043383,5372,2070,1310,0.64322169463981926
043383,5373,2070,1348,0.60597491599853626
043383,5373,2070,1351,0.63238772922541209
043383,5375,2070,822,0.64324143059180316
043383,5375,2070,823,0.62379261127891927
043383,5376,2070,1285,0.6393649990512934
043383,5376,2070,1288,0.59813225452758134
043383,5377,2070,1338,0.62307692307692308
043383,5377,2070,1340,0.61831394011865892
043383,5378,2070,1310,0.63181613810554493
043383,5378,2070,1312,0.58415206319926216
043383,5378,2070,1315,0.60010483324961239
043383,5380,2070,1285,0.58613989637305697
043383,5381,2070,1251,0.58726597983826301
043383,5382,2070,961,0.64098157547659962
043383,5383,2070,1519,0.65191330956812521
043383,5384,2070,1312,0.64041189931350118
043383,5384,2070,1316,0.64985309672111879
043383,5384,2070,1318,0.59875057843590929
043383,5387,2070,939,0.64699929156967917
043383,5388,2070,1556,0.63919349133356917
043383,5389,2070,1147,0.60603432416095038
043383,5390,2070,1215,0.63443585244871881
043383,5391,2070,874,0.61810170214278104
043383,5391,2070,886,0.6256090195288907
043383,5392,2070,1202,0.6158176189135941
043383,5393,2070,1259,0.6345300524405002
043383,5393,2070,1261,0.63863890583689242
043383,5395,2070,1278,0.62049745961932201
043383,5396,2070,1251,0.61156474660513005
043383,5396,2070,1252,0.58669114568235259
043383,5399,2070,968,0.61597317338119306
043383,5399,2070,973,0.63349664457161681
043383,5400,2070,1418,0.64024561996507234
043383,5400,2070,1421,0.65602617705871658
043383,5402,2070,1349,0.59706263759461986
043383,5403,2070,1326,0.59112690679658175
043383,5406,2070,968,0.63871339889029277
043383,5407,2070,1209,0.65811450310847175
043383,5407,2070,1212,0.61800411232853558
043383,5408,2070,1108,0.65045091393293786
043383,5409,2070,1281,0.63308700932463313
043383,5410,2070,1367,0.62304004948198544
043383,5410,2070,1368,0.61899351417885717
043383,5411,2070,1267,0.63561373178562608
043383,5412,2070,993,0.63163124482473088
043383,5413,2070,964,0.64797598040506732
043383,5414,2070,1228,0.60744985673352436
043383,5415,2070,1294,0.61952082192934443
043383,5415,2070,1297,0.59268620816176776
043383,5415,2070,1298,0.63931667087435828
043383,5416,2070,1502,0.60418218275565738
043383,5417,2070,942,0.6420333560318644
043383,5418,2070,1178,0.58787515384858147
043383,5418,2070,1182,0.64134916195330138
043383,5418,2070,1187,0.62442982666730684
043383,5419,2070,1455,0.61454702489280977
043383,5419,2070,1457,0.60966647823629172
043383,5420,2070,1013,0.6328371490979694
043383,5421,2070,1299,0.63058706675727949
043383,5421,2070,1300,0.64242180697876905
043383,5421,2070,1303,0.65364053163844615
043383,5421,2070,1304,0.65361216730038019
043383,5424,2070,1327,0.64085845443115697
043383,5425,2070,1429,0.63961245235069886
043383,5427,2070,1354,0.63996779082985977
043383,5427,2070,1355,0.602888388012355
043383,5428,2070,1328,0.62139582047438502
043383,5430,2070,1252,0.63828894946529668
043383,5430,2070,1259,0.62816769501983249
043383,5431,2070,1538,0.64098734177215189
043383,5432,2070,1494,0.59142987281454751
043383,5433,2070,1318,0.65447826852014779
043383,5433,2070,1322,0.61177338447919738
043383,5433,2070,1323,0.62079671379442114
043383,5434,2070,1378,0.63175690446695332
043383,5435,2070,1219,0.64670790016230206
043383,5436,2070,1375,0.66489251399737337
043383,5437,2070,1048,0.60962615545740173
043383,5437,2070,1051,0.57971255988335768
043383,5437,2070,1052,0.63739964371995417
043383,5437,2070,1053,0.62457444972623588
043383,5437,2070,1054,0.58447879469745145
043383,5440,2070,1464,0.64870748299319725
043383,5441,2070,1322,0.65030502488360897
043383,5443,2070,1257,0.62236528218032094
043383,5443,2070,1258,0.64552810902896085
043383,5445,2070,1199,0.61971405293174586
043383,5445,2070,1200,0.62984821702481997
043383,5446,2070,1362,0.60359805029508118
043383,5447,2070,1204,0.63102641638614709
043383,5449,2070,1010,0.61266145170092778
043383,5450,2070,1001,0.6401510267980477
043383,5450,2070,1002,0.61173455862861181
043383,5453,2070,1197,0.64877190297650933
043383,5454,2070,1352,0.62219003651066651
043383,5454,2070,1362,0.60256410256410253
043383,5455,2070,1180,0.60395010395010396
043383,5456,2070,1244,0.63452403774469079
043383,5458,2070,1176,0.63113963496067671
043383,5459,2070,830,0.64756034646610006
043383,5460,2070,786,0.63748166976244014
043383,5461,2070,1171,0.62360056620769533
043383,5462,2070,827,0.63084882336782344
043383,5462,2070,832,0.62867251627512033
043383,5463,2070,869,0.63335817356547663
043383,5463,2070,872,0.61567466946685123
043383,5465,2070,1095,0.63731030873888017
043383,5465,2070,1097,0.62340561224489799
043383,5465,2070,1098,0.63202971047445811
043383,5465,2070,1102,0.60089538752207661
043383,5469,2070,1235,0.62374169834175686
043383,5469,2070,1237,0.64008391157011457
043383,5469,2070,1240,0.58428791246366896
043383,5470,2070,1119,0.64521013493051582
043383,5470,2070,1121,0.61755402263805781
043383,5474,2070,1281,0.63577974276527327
043383,5474,2070,1283,0.6573098161153702
043383,5475,2070,1076,0.63694143903740719
043383,5476,2070,1217,0.62677725118483407
043383,5477,2070,1101,0.64218728763647892
043383,5478,2070,838,0.60596976574879025
043383,5478,2070,842,0.64077172066788446
043383,5479,2070,1214,0.64283250155240224
043383,5481,2070,1160,0.59453136791266292
043383,5481,2070,1162,0.60156392071285691
043383,5485,2070,1276,0.63573312493894696
043383,5485,2070,1279,0.64345166109411678
043383,5486,2070,1312,0.62638355545516156
043383,5486,2070,1316,0.63634021567111998
043383,5486,2070,1317,0.58626856387528181
043383,5487,2070,1225,0.61072060224026126
043383,5488,2070,1199,0.61113577095932969
043383,5488,2070,1201,0.61847870538061578
043383,5489,2070,984,0.66093312484090327
043383,5490,2070,1076,0.63683686176836862
043383,5490,2070,1077,0.62402175722928344
043383,5492,2070,1039,0.64637921615442206
043383,5492,2070,1044,0.59230890093487309
043383,5492,2070,1045,0.59602452164220698
043383,5493,2070,1289,0.6526517473942367
043383,5493,2070,1291,0.62436021332187985
043383,5493,2070,1294,0.63462281567987633
043383,5494,2070,1100,0.6406144321315228
043383,5494,2070,1102,0.59769050867277329
043383,5494,2070,1103,0.61536091549295779
043383,5495,2070,1222,0.61961942574928586
043383,5496,2070,1219,0.6388852372814513
043383,5497,2070,1063,0.60355406805323131
043383,5497,2070,1068,0.63115129797074876
043383,5498,2070,1120,0.64720891606287456
043383,5498,2070,1121,0.55521904982082992
043383,5499,2070,1059,0.62812931749101963
043383,5501,2070,984,0.62361861842854793
043383,5501,2070,986,0.6435330456952344
043383,5502,2070,919,0.63548632137545868
043383,5505,2070,929,0.63013472187784114
043383,5505,2070,935,0.6163519349648573
043383,5506,2070,1140,0.64156190899988874
043383,5506,2070,1145,0.65310579217586229
043383,5508,2070,811,0.59018840521240978
043383,5508,2070,813,0.63721312700904542
043383,5508,2070,815,0.63269882526820065
043383,5510,2070,961,0.64917102839264307
043383,5512,2070,1154,0.6183442564152728
043383,5515,2070,1053,0.62062951136394129
043383,5515,2070,1063,0.60255831995236975
043383,5516,2070,1288,0.65081650044913286
043383,5516,2070,1290,0.62182398428869523
043383,5518,2070,1264,0.64937195382352342
043383,5519,2070,770,0.63293712164729798
043383,5520,2070,1219,0.63082087935889108
043383,5522,2070,911,0.64830044970222422
043383,5523,2070,956,0.62298563034498811
043383,5524,2070,1294,0.58549222797927458
043383,5527,2070,976,0.64583415792598453
043383,5527,2070,979,0.6527585621010219
043383,5528,2070,1153,0.62489710052135738
043383,5528,2070,1154,0.63896381731931917
043383,5528,2070,1156,0.61746996629310591
043383,5529,2070,1174,0.58290117416829745
043383,5529,2070,1175,0.62556809398670588
043383,5531,2070,893,0.6115150957290133
043383,5532,2070,1105,0.63046260742366067
043383,5532,2070,1110,0.61440392571923408
043383,5534,2070,1310,0.64159232678248035
043383,5535,2070,1124,0.63554578168732512
043383,5536,2070,826,0.63464539007092202
043383,5536,2070,834,0.64459125028122632
043383,5537,2070,825,0.62839259846393525
043383,5538,2070,1135,0.62832363345886111
043383,5538,2070,1138,0.6116221843649442
043383,5539,2070,1106,0.64034181093352038
043383,5540,2070,962,0.61965451213737155
043383,5541,2070,818,0.63220323153077429
043383,5541,2070,819,0.62354592119354479
043383,5543,2070,1166,0.59912845477386933
043383,5544,2070,1083,0.64007271723122239
043383,5545,2070,1014,0.60910270671116051
043383,5547,2070,1041,0.64378343930164661
043383,5547,2070,1042,0.62459881700750641
043383,5547,2070,1047,0.6301327570237728
043383,5549,2070,1254,0.63188980128412753
043383,5549,2070,1255,0.64054200995357791
043383,5549,2070,1261,0.60069268457509717
043383,5550,2070,1031,0.62753692669451866
043383,5552,2070,1087,0.65028192244256067
043383,5553,2070,868,0.63798565949641484
043383,5553,2070,871,0.65087738479199697
043383,5555,2070,1227,0.6432271276275372
043383,5556,2070,968,0.651910020961737
043383,5556,2070,978,0.6135450894487039
043383,5557,2070,1137,0.64734592941278557
043383,5559,2070,742,0.63865503342007246
043383,5561,2070,734,0.59537590338829272
043383,5561,2070,738,0.61150808574652127
043383,5562,2070,1161,0.61716062934504212
043383,5562,2070,1162,0.64172479391249204
043383,5563,2070,1318,0.65268230336108324
043383,5564,2070,1091,0.62920098846787476
043383,5565,2070,1187,0.61861459162720533
043383,5567,2070,1242,0.62049009856225701
043383,5567,2070,1243,0.65691261873677576
043383,5567,2070,1244,0.63325994422427712
043383,5567,2070,1247,0.62517849433799355
043383,5568,2070,1151,0.64322788613888437
043383,5568,2070,1153,0.63864913398598155
043383,5568,2070,1155,0.63644384471662863
043383,5569,2070,1215,0.64143304892913111
043383,5571,2070,1108,0.5901639344262295
043383,5571,2070,1111,0.60654846817471642
043383,5572,2070,1201,0.64240927227816835
043383,5573,2070,868,0.61591805125316812
043383,5574,2070,1181,0.63233049923697404
043383,5576,2070,1461,0.64368255395683449
043383,5576,2070,1470,0.60486108053366205
043383,5577,2070,915,0.64358733635842069
043383,5577,2070,920,0.63891162606903951
043383,5578,2070,1031,0.64576382126151444
043383,5579,2070,960,0.6373913330909331
043383,5579,2070,963,0.65306905499964663
043383,5580,2070,891,0.62456485344529777
043383,5581,2070,731,0.65150751960854858
043383,5582,2070,1134,0.65280083894083718
043383,5582,2070,1135,0.62959204384006495
043383,5585,2070,1137,0.5827069180367408
043383,5586,2070,971,0.61297633036763477
043383,5586,2070,972,0.63285110971336145
043383,5586,2070,976,0.62806605682830086
043383,5588,2070,1209,0.6120088589943401
043383,5588,2070,1211,0.62691552883210155
043383,5589,2070,1165,0.6499899739322238
043383,5589,2070,1168,0.64155712841253787
043383,5589,2070,1171,0.63676999486213393
043383,5591,2070,980,0.62066476885449662
043383,5595,2070,1212,0.63854607428302779
043383,5599,2070,1036,0.62232609061815736
043383,5599,2070,1037,0.60710812483423215
043383,5600,2070,779,0.63727852903110638
043383,5600,2070,780,0.61263131141985772
043383,5602,2070,1097,0.64209801220232243
043383,5603,2070,823,0.62877360465603149
043383,5605,2070,1002,0.62274054779382748
043383,5605,2070,1005,0.58281716501047187
043383,5608,2070,1068,0.63997078870496593
043383,5608,2070,1070,0.64285030398774479
043383,5609,2070,806,0.64247791414999034
043383,5612,2070,1077,0.6060933538384804
043383,5615,2070,1158,0.64007031721459873
043383,5616,2070,1012,0.6144093410963698
043383,5618,2070,1080,0.65513422134133903
043383,5618,2070,1081,0.61997948394223945
043383,5618,2070,1082,0.59338223817699387
043383,5619,2070,726,0.61375265777237786
043383,5620,2070,1245,0.61262070514260047
043383,5622,2070,1151,0.65040505652986735
043383,5624,2070,1192,0.63209000823570038
043383,5625,2070,1016,0.66708044879446171
043383,5625,2070,1018,0.65215820082697418
043383,5625,2070,1019,0.64851357677902621
043383,5627,2070,1153,0.63732811595800376
043383,5627,2070,1154,0.63056731109826802
043383,5628,2070,855,0.60748476936466489
043383,5628,2070,858,0.60413128480587697
043383,5629,2070,958,0.64483779781935657
043383,5631,2070,902,0.63353872906664654
043383,5632,2070,836,0.64250099280766004
043383,5633,2070,1070,0.63246188116247348
043383,5634,2070,955,0.59507110224567272
043383,5636,2070,1232,0.62838937093275493
043383,5636,2070,1235,0.63657207291862428
043383,5637,2070,1060,0.5971185814554858
043383,5638,2070,1044,0.61572434098541662
043383,5638,2070,1048,0.58799683946545744
043383,5639,2070,1179,0.59096209912536446
043383,5642,2070,1015,0.60548504482115917
043383,5643,2070,1466,0.64796079255794392
043383,5645,2070,1161,0.60655514755881956
043383,5646,2070,1104,0.62280449179383823
043383,5648,2070,1373,0.65313597966659187
043383,5648,2070,1382,0.60004731168260617
043383,5649,2070,1324,0.59636744355426075
043383,5649,2070,1325,0.58905614320585842
043383,5650,2070,1300,0.60937807518205078
043383,5650,2070,1304,0.64740784821647357
043383,5652,2070,1378,0.60349054090061283
043383,5654,2070,1473,0.65118419655184623
043383,5656,2070,1208,0.61884136437466164
043383,5657,2070,1017,0.61680911680911676
043383,5657,2070,1024,0.59547323521500206
043383,5658,2070,1421,0.59267222843381784
043383,5658,2070,1423,0.63071938640571279
043383,5659,2070,967,0.63048825689928223
043383,5659,2070,970,0.60235881152188708
043383,5659,2070,977,0.64360758630099602
043383,5660,2070,1535,0.6218917940578621
043383,5661,2070,1379,0.64302596619341801
043383,5661,2070,1381,0.64516644899917375
043383,5662,2070,1019,0.58599179435652682
043383,5662,2070,1022,0.62679301374953544
043383,5664,2070,1327,0.64683981785009714
043383,5664,2070,1328,0.64269880853422001
043383,5665,2070,1291,0.6115022996458952
043383,5665,2070,1293,0.63500223114680943
043383,5667,2070,1346,0.62967654376837823
043383,5667,2070,1350,0.64416849132585097
043383,5670,2070,1431,0.6511761967053189
043383,5670,2070,1432,0.62569023264234636
043383,5672,2070,1442,0.64385917277581683
043383,5672,2070,1445,0.57192088702427335
043383,5675,2070,1416,0.61932793073410242
043383,5677,2070,1219,0.62037859312923582
043383,5677,2070,1225,0.61060016721800137
043383,5678,2070,1290,0.59717219020172907
043383,5679,2070,1019,0.64387934506094624
043383,5680,2070,1353,0.60455946337926036
043383,5681,2070,1225,0.61969102848774038
043383,5682,2070,1344,0.64150943396226412
043383,5682,2070,1345,0.6558141158808023
043383,5683,2070,1396,0.64672454617205999
043383,5685,2070,1214,0.65069677001188286
043383,5686,2070,1155,0.64040795895382308
043383,5686,2070,1159,0.62103923647932135
043383,5687,2070,1132,0.60004352557127316
043383,5687,2070,1136,0.63515356499918174
043383,5689,2070,1172,0.58955181273194401
043383,5689,2070,1173,0.62258184523809523
043383,5690,2070,1359,0.62479350220264318
043383,5690,2070,1361,0.61469401202536855
043383,5692,2070,1266,0.62432837685867804
043383,5692,2070,1268,0.66213811105837683
043383,5694,2070,1201,0.61195641964872738
043383,5694,2070,1204,0.64468586336467881
043383,5695,2070,899,0.61149235977674077
043383,5695,2070,903,0.65026722656995606
043383,5696,2070,1321,0.6458087873010433
043383,5698,2070,1347,0.65468211892139072
043383,5698,2070,1349,0.60593727555661958
043383,5698,2070,1353,0.64498658703244416
043383,5700,2070,1170,0.6510196011975371
043383,5700,2070,1174,0.60338677272540897
043383,5700,2070,1177,0.62044478462388908
043383,5700,2070,1178,0.63008042664831621
043383,5701,2070,1275,0.60133857122071876
043383,5702,2070,1277,0.60234776228906828
043383,5702,2070,1278,0.63024515275538473
043383,5702,2070,1287,0.64329281117233839
043383,5703,2070,997,0.63152865071488951
043383,5703,2070,998,0.62478354025417515
043383,5706,2070,1284,0.63967506475158931
043383,5706,2070,1285,0.60764878931885047
043383,5706,2070,1289,0.63301174496644297
043383,5706,2070,1290,0.63274092443342289
043383,5707,2070,1345,0.61918906517906735
043383,5707,2070,1348,0.64496508222572646
043383,5709,2070,1216,0.62145410125322353
043383,5710,2070,1336,0.63898100693397653
043383,5714,2070,1280,0.61980400352979426
043383,5714,2070,1283,0.6210121492876497
043383,5714,2070,1287,0.61118473363371317
043383,5715,2070,1090,0.64393445537513339
043383,5715,2070,1092,0.6264621240252507
043383,5715,2070,1097,0.5901639344262295
043383,5717,2070,1026,0.62909317285743926
043383,5717,2070,1028,0.56180000802858177
043383,5717,2070,1029,0.64155005382131325
043383,5717,2070,1030,0.63980192948006487
043383,5718,2070,1148,0.58888593929740729
043383,5718,2070,1151,0.64289484797297303
043383,5718,2070,1154,0.64647828984097822
043383,5719,2070,966,0.6292697336712324
043383,5719,2070,969,0.63289227957245597
043383,5719,2070,970,0.63097479223104824
043383,5720,2070,1242,0.63497877299592109
043383,5721,2070,1142,0.59532054697211867
043383,5722,2070,1103,0.63913611964949302
043383,5722,2070,1104,0.63842751266953746
043383,5723,2070,1487,0.64365887526035637
043383,5724,2070,1336,0.65267664509169365
043383,5727,2070,982,0.63374903325599385
043383,5728,2070,1229,0.64235345967386515
043383,5729,2070,1383,0.63023292006017528
043383,5731,2070,1253,0.64989708809933533
043383,5732,2070,835,0.63299817184643514
043383,5733,2070,1202,0.63023244320709026
043383,5733,2070,1203,0.634654053848975
043383,5736,2070,801,0.62864819940127969
043383,5737,2070,1180,0.62827146040258319
043383,5738,2070,1262,0.63527367506516075
043383,5738,2070,1263,0.61914610725365637
043383,5738,2070,1266,0.61617792784526737
043383,5740,2070,1149,0.63795858266236416
043383,5741,2070,1192,0.57624458065480644
043383,5742,2070,1108,0.63588845368786895
043383,5742,2070,1109,0.62193475325580383
043383,5745,2070,1147,0.63161225006327515
043383,5745,2070,1151,0.55991685008559555
043383,5747,2070,1094,0.63046769181738505
043383,5747,2070,1097,0.61577269241635391
043383,5748,2070,1054,0.60202111956398319
043383,5749,2070,1257,0.63829787234042556
043383,5750,2070,985,0.65446640559958069
043383,5751,2070,1279,0.62066099540432185
043383,5755,2070,997,0.61303630363036299
043383,5756,2070,1122,0.63678557220527776
043383,5756,2070,1124,0.65526049704645839
043383,5757,2070,1030,0.66550200963030759
043383,5757,2070,1034,0.64182177565475207
043383,5760,2070,1075,0.63665219623768843
043383,5761,2070,729,0.59428596622723862
043383,5762,2070,1233,0.65185430307041392
043383,5763,2070,988,0.63462513248237407
043383,5764,2070,1164,0.59592255002427053
043383,5765,2070,1041,0.62422259410045711
043383,5766,2070,1098,0.58671571463999339
043383,5766,2070,1104,0.63178938856193001
043383,5766,2070,1105,0.63331731620343445
043383,5767,2070,1202,0.59674502712477395
043383,5768,2070,1276,0.57609820012412938
043383,5769,2070,1194,0.65091467450295182
043383,5769,2070,1198,0.63780022634866074
043383,5770,2070,1106,0.64229153906728498
043383,5771,2070,795,0.60203122061312775
043383,5771,2070,799,0.60172461074377648
043383,5773,2070,1131,0.60336058128973657
043383,5775,2070,991,0.64066928595164097
043383,5775,2070,994,0.61300267311857326
043383,5775,2070,999,0.64142895227939212
043383,5776,2070,819,0.63336583636202459
043383,5776,2070,822,0.62892243931320313
043383,5776,2070,825,0.61313541938611871
043383,5777,2070,1134,0.59267574014311775
043383,5777,2070,1135,0.64651677110210104
043383,5777,2070,1139,0.64132329050361836
043383,5778,2070,1295,0.64094391171586218
043383,5779,2070,1294,0.62638668779714735
043383,5780,2070,1025,0.62374833850243683
043383,5781,2070,1242,0.60235138613516992
043383,5783,2070,1038,0.64426239812273456
043383,5783,2070,1039,0.60006720147843251
043383,5784,2070,710,0.61370728662817908
043383,5784,2070,711,0.63528352063138027
043383,5785,2070,1088,0.60833223928930902
043383,5789,2070,1293,0.62567132116004298
043383,5789,2070,1295,0.61218539638982983
043383,5792,2070,926,0.64355605255800952
043383,5792,2070,929,0.64297389044884956
043383,5794,2070,1092,0.61815481102492165
043383,5795,2070,1148,0.6266038154178355
043383,5795,2070,1151,0.60888175494917063
043383,5796,2070,1215,0.63630198395365412
043383,5798,2070,1157,0.60782978723404257
043383,5798,2070,1162,0.62125543816034801
043383,5798,2070,1163,0.63528355040215567
043383,5798,2070,1167,0.65048837279627447
043383,5801,2070,892,0.60013591126309795
043383,5804,2070,1134,0.65143133358397332
043383,5804,2070,1140,0.64974006004246909
043383,5805,2070,887,0.62242055059734613
043383,5805,2070,890,0.63270378546316741
043383,5808,2070,1183,0.63377774411029464
043383,5809,2070,1114,0.61541033725040606
043383,5809,2070,1118,0.60833784882145758
043383,5810,2070,1202,0.6598720546747725
043383,5810,2070,1207,0.61989134680254232
043383,5811,2070,1021,0.5984778597785978
043383,5813,2070,1205,0.61111356313722032
043383,5814,2070,1130,0.646127665039815
043383,5814,2070,1131,0.6482266459194076
043383,5815,2070,1050,0.63280379041248602
043383,5815,2070,1051,0.64292136385642162
043383,5817,2070,876,0.64240725094093243
043383,5818,2070,996,0.60566608152915935
043383,5820,2070,1136,0.63733333333333331
043383,5820,2070,1141,0.64675527756059425
043383,5820,2070,1142,0.64102680393668643
043383,5821,2070,1058,0.64362946824820466
043383,5821,2070,1062,0.65193514644351469
043383,5822,2070,1068,0.63895626258302818
043383,5822,2070,1075,0.58887235449735453
043383,5823,2070,946,0.64450312049927994
043383,5823,2070,947,0.64591908860338443
043383,5823,2070,950,0.59781755670989201
043383,5824,2070,1044,0.64410646387832704
043383,5825,2070,1079,0.62426606446314925
043383,5827,2070,873,0.61163044509822528
043383,5828,2070,1114,0.60974479912406299
043383,5832,2070,1098,0.58478362028850628
043383,5832,2070,1099,0.65414079144191106
043383,5833,2070,927,0.65274616034594168
043383,5834,2070,1268,0.61665373828987413
043383,5835,2070,1239,0.65551805772427341
043383,5836,2070,925,0.60433553251649386
043383,5837,2070,1155,0.64479312330344662
043383,5837,2070,1158,0.59487847887755885
043383,5838,2070,998,0.63170536429143309
043383,5838,2070,999,0.63164916508865554
043383,5838,2070,1001,0.62252143882658806
043383,5840,2070,953,0.65061817405004141
043383,5841,2070,937,0.61385993783141346
043383,5841,2070,938,0.57982490021887467
043383,5843,2070,1154,0.5974883620223016
043383,5843,2070,1158,0.63288039564027465
043383,5844,2070,1167,0.64422192908821996
043383,5845,2070,1172,0.61837057097720605
043383,5845,2070,1173,0.61657410794453127
043383,5845,2070,1175,0.62718838702303159
043383,5846,2070,1084,0.63214782257702828
043383,5847,2070,867,0.64398298088524797
043383,5848,2070,1157,0.62460094805069166
043383,5849,2070,1173,0.62371256536206621
043383,5850,2070,1389,0.62904753552008419
043383,5850,2070,1390,0.60997788154337673
043383,5850,2070,1399,0.600626142849227
043383,5851,2070,1039,0.65537688588996479
043383,5852,2070,1047,0.63153259949195595
043383,5856,2070,1201,0.60703083628661048
043383,5858,2070,1342,0.56883052321968597
043383,5858,2070,1343,0.60106479796141243
043383,5858,2070,1348,0.64308017727639
043383,5858,2070,1350,0.61367165443252403
043383,5860,2070,1166,0.64970702186929652
043383,5861,2070,1238,0.64477782327612954
043383,5863,2070,857,0.5972180993172469
043383,5863,2070,858,0.61681424540235474
043383,5863,2070,860,0.59327594229874359
043383,5864,2070,947,0.6379130705232875
043383,5865,2070,1086,0.63909009278659079
043383,5865,2070,1088,0.60387447405329597
043383,5867,2070,915,0.62997810041365887
043383,5867,2070,916,0.61469940002448875
043383,5867,2070,918,0.60377358490566035
043383,5867,2070,919,0.62315420916425635
043383,5868,2070,1179,0.61875919652328648
043383,5868,2070,1181,0.64853430039286797
043383,5870,2070,1083,0.62714084507042256
043383,5872,2070,1036,0.63189661843225253
043383,5872,2070,1042,0.63021021745246997
043383,5873,2070,845,0.61828783221840533
043383,5874,2070,1219,0.6179519825391051
043383,5875,2070,1195,0.62441755221078743
043383,5875,2070,1199,0.60311546236473901
043383,5877,2070,1269,0.63946091847713249
043383,5877,2070,1271,0.6555004804536243
043383,5877,2070,1272,0.64137322973494237
043383,5878,2070,1186,0.62659495336728277
043383,5878,2070,1189,0.64920857945747545
043383,5880,2070,1120,0.62383594214384785
043383,5881,2070,953,0.64838577737107361
043383,5883,2070,1126,0.62901329474541012
043383,5883,2070,1131,0.65770320479106936
043383,5884,2070,1162,0.60355753196220119
043383,5885,2070,1193,0.61019983548652446
043383,5885,2070,1204,0.65419918079349415
043383,5887,2070,885,0.61870666606244618
043383,5887,2070,889,0.62823580011290014
043383,5889,2070,1326,0.6238086739246832
043383,5890,2070,820,0.61938981116599201
043383,5890,2070,826,0.65441495952752615
043383,5891,2070,1203,0.6126720611507569
043383,5891,2070,1204,0.62953710949256603
043383,5893,2070,1161,0.65155705182157031
043383,5893,2070,1162,0.62009921587453998
043383,5894,2070,1057,0.62835137385512074
043383,5896,2070,1091,0.61027112691138052
043383,5897,2070,874,0.64103332797122003
043383,5897,2070,876,0.59719475741549777
043383,5897,2070,878,0.64309638040062589
043383,5898,2070,885,0.61843558960005895
043383,5900,2070,777,0.62320699154554959
043383,5901,2070,1198,0.60363636363636364
043383,5902,2070,1207,0.63012063073819424
043383,5902,2070,1215,0.63359058421063352
043383,5903,2070,1012,0.61079130857791475
043383,5903,2070,1013,0.65382367945091124
043383,5903,2070,1017,0.64889279358428509
043383,5904,2070,1457,0.64777480144743649
043383,5904,2070,1459,0.63889111724865055
043383,5905,2070,936,0.65023795553817065
043383,5906,2070,802,0.63586049616197571
043383,5907,2070,1100,0.64852026806661689
043383,5910,2070,1204,0.62964946445959102
043383,5910,2070,1205,0.63341754931493544
043383,5911,2070,904,0.63125707814269538
043383,5914,2070,810,0.63563241504122259
043383,5914,2070,812,0.64074125341730981
043383,5914,2070,816,0.6120301842983602
043383,5915,2070,1092,0.63843345194074286
043383,5917,2070,1009,0.62910683119507638
043383,5918,2070,1217,0.59528355158783508
043383,5918,2070,1219,0.62499381096202411
043383,5918,2070,1220,0.62917510853835024
043383,5919,2070,981,0.6300243605359318
043383,5919,2070,984,0.61914009399153302
043383,5919,2070,987,0.60231140996007559
043383,5919,2070,988,0.64055306706482518
043383,5920,2070,1202,0.62938230383973293
043383,5921,2070,795,0.62302109211359535
043383,5922,2070,860,0.63416723783413298
043383,5922,2070,861,0.64003576395787798
043383,5923,2070,848,0.64419285078234323
043383,5923,2070,852,0.6111007723085512
043383,5923,2070,853,0.60246250127546686
043383,5923,2070,854,0.63030680795068905
043383,5923,2070,858,0.65464411439998338
043383,5925,2070,999,0.63726350363321405
043383,5926,2070,1251,0.62488241789701848
043383,5926,2070,1259,0.62501990974250066
043383,5927,2070,1336,0.59363236427955912
043383,5928,2070,705,0.63199121173042938
043383,5929,2070,1168,0.63626026854726403
043383,5931,2070,1051,0.6388833366646679
043383,5931,2070,1053,0.61644023603677778
043383,5934,2070,1381,0.61831611382998009
043383,5934,2070,1386,0.63046093691254979
043383,5935,2070,1156,0.6236865877430704
043383,5935,2070,1158,0.64294436575001224
043383,5935,2070,1159,0.63644085305663323
043383,5935,2070,1160,0.62197366047266822
043383,5935,2070,1164,0.61235776058261271
043383,5936,2070,1045,0.63947619215700113
043383,5936,2070,1047,0.62406820950060904
043383,5938,2070,1363,0.6467638423363733
043383,5938,2070,1365,0.62624288752227142
043383,5939,2070,1230,0.62656752158296047
043383,5941,2070,1225,0.60071539389760387
043383,5942,2070,1209,0.62707408581695201
043383,5943,2070,947,0.59853323147440796
043383,5943,2070,949,0.64095192461268169
043383,5943,2070,953,0.60745134383688604
043383,5944,2070,854,0.6299833820041626
043383,5944,2070,855,0.63396022055927526
043383,5945,2070,1264,0.59164305015488039
043383,5945,2070,1268,0.60805738989975766
043383,5947,2070,1244,0.60369586028835831
043383,5948,2070,1271,0.63303983678728659
043383,5948,2070,1276,0.59590598938589845
043383,5948,2070,1278,0.64684598905022617
043383,5949,2070,1287,0.61549698514328344
043383,5949,2070,1290,0.61299944075063695
043383,5949,2070,1295,0.64602453869191379
043383,5949,2070,1299,0.64626001286972734
043383,5950,2070,943,0.6463548714479026
