run,event,channel,waveform_index_save,fprompt
039526,1,2051,159,0.57017709711980846
039526,2,2051,213,0.54991005396761938
039526,2,2051,226,0.54259397044557678
039526,3,2051,330,0.54238302399361693
039526,3,2051,333,0.58150135595176278
039526,3,2051,353,0.56784785435630691
039526,4,2051,66,0.54589582797807279
039526,4,2051,78,0.55082845188284524
039526,5,2051,345,0.55708220764183713
039526,6,2051,135,0.54733380986418867
039526,6,2051,157,0.54785082339431579
039526,7,2051,223,0.55484839583537326
039526,8,2051,89,0.5284618632141852
039526,9,2051,167,0.54556310021352172
039526,9,2051,175,0.54111096593935615
039526,10,2051,56,0.54887394099365661
039526,10,2051,63,0.54841575960742339
039526,10,2051,64,0.56029192237518655
039526,10,2051,69,0.54126485318668371
039526,11,2051,239,0.55571880252471229
039526,11,2051,247,0.55231259415747458
039526,11,2051,257,0.53340702241245497
039526,11,2051,262,0.56054532798886303
039526,12,2051,143,0.5540549996501295
039526,13,2051,151,0.54657304322384936
039526,13,2051,174,0.55165061112591862
039526,14,2051,263,0.53436451622480186
039526,14,2051,270,0.54371406555627999
039526,15,2051,130,0.54293685105125078
039526,15,2051,134,0.53522242018042476
039526,17,2051,138,0.53971217942487049
039526,17,2051,139,0.55294829203299356
039526,18,2051,177,0.54147312541473125
039526,18,2051,192,0.54818060346166997
039526,18,2051,196,0.53750030687648831
039526,18,2051,201,0.54474257547572691
039526,19,2051,217,0.53509680790680492
039526,19,2051,219,0.54313955605916509
039526,20,2051,121,0.5579201196204997
039526,20,2051,122,0.53365591213022323
039526,20,2051,133,0.54799621230359352
039526,22,2051,506,0.55740991415500074
039526,22,2051,507,0.52032127543933815
039526,22,2051,514,0.55066072905031982
039526,23,2051,105,0.5370948150618049
039526,23,2051,108,0.5459830224016734
039526,25,2051,114,0.55691837696420154
039526,25,2051,126,0.53962946402535039
039526,29,2051,285,0.55616610119486654
039526,29,2051,287,0.55533462758851038
039526,30,2051,199,0.55719681640361529
039526,30,2051,200,0.54740630125584466
039526,30,2051,209,0.54691013209668349
039526,30,2051,215,0.52944792259533291
039526,31,2051,491,0.55188028389123089
039526,32,2051,411,0.55168986083499005
039526,32,2051,412,0.55298690952047358
039526,34,2051,202,0.53824182799111397
039526,35,2051,252,0.55661078690108912
039526,35,2051,277,0.55172132927888795
039526,37,2051,364,0.54673356003640017
039526,38,2051,143,0.55569028812993659
039526,38,2051,158,0.54957196405480169
039526,40,2051,128,0.53797875764402958
039526,41,2051,434,0.53383014298892983
039526,42,2051,332,0.54606198785525628
039526,42,2051,345,0.57596568715055274
039526,43,2051,398,0.5458924180672976
039526,45,2051,414,0.5495033002200147
039526,46,2051,91,0.55247945593652592
039526,46,2051,102,0.55496342005001986
039526,46,2051,106,0.53556837596256224
039526,46,2051,116,0.56136461540077964
039526,49,2051,185,0.54449359152967403
039526,50,2051,407,0.55180966378835206
039526,51,2051,383,0.56378902150301435
039526,51,2051,401,0.44762475257839357
039526,52,2051,255,0.54323100532375102
039526,53,2051,117,0.55430479960415635
039526,53,2051,141,0.55859522278160967
039526,54,2051,133,0.54518664047151277
039526,54,2051,143,0.55282822268532306
039526,55,2051,157,0.55197029584381363
039526,55,2051,176,0.52695623478942377
039526,57,2051,61,0.55767729111947184
039526,57,2051,66,0.55276022415643256
039526,58,2051,93,0.53392503943316394
039526,58,2051,96,0.54305217824392815
039526,58,2051,108,0.55448833592534996
039526,59,2051,70,0.54691108545034639
039526,59,2051,87,0.55726555925505838
039526,60,2051,96,0.54339443742098614
039526,60,2051,123,0.5608735398679533
039526,61,2051,479,0.53957621008071077
039526,61,2051,485,0.53156839590256222
039526,62,2051,495,0.53872633390705682
039526,62,2051,502,0.55215262443252733
039526,64,2051,429,0.55067002561551326
039526,67,2051,110,0.5592563903950426
039526,69,2051,515,0.56366585563665861
039526,71,2051,80,0.54716032070237475
039526,71,2051,95,0.55092102718139513
039526,71,2051,101,0.56900506667338857
039526,71,2051,105,0.56330315960831712
039526,72,2051,156,0.56328275272494122
039526,73,2051,384,0.53802620087336239
039526,75,2051,179,0.55195297517638764
039526,75,2051,185,0.56460283414253276
039526,75,2051,198,0.54736749685387343
039526,75,2051,203,0.54849785407725327
039526,76,2051,227,0.54933207863674494
039526,77,2051,130,0.5321362036845374
039526,77,2051,134,0.54290451530844008
039526,78,2051,172,0.54927429995601817
039526,79,2051,316,0.56397066870964208
039526,82,2051,83,0.53931285834926002
039526,82,2051,93,0.54726156124894321
039526,84,2051,518,0.52880475444317399
039526,85,2051,298,0.53490172254992263
039526,87,2051,121,0.56850363566781481
039526,87,2051,125,0.53134576429647329
039526,88,2051,206,0.54770917120100937
039526,88,2051,211,0.54839706554161183
039526,88,2051,213,0.54289120907450372
039526,88,2051,216,0.5623328664204762
039526,88,2051,217,0.54104683195592285
039526,89,2051,207,0.53668175988693168
039526,89,2051,210,0.56692245557350562
039526,89,2051,215,0.54949593951274156
039526,92,2051,195,0.54797328959700098
039526,93,2051,398,0.55344402646257618
039526,94,2051,340,0.57115576708384741
039526,95,2051,180,0.53904240585636087
039526,95,2051,188,0.53854332801701221
039526,95,2051,198,0.55600602831610457
039526,97,2051,239,0.56142708778789174
039526,98,2051,264,0.5634338552064726
039526,99,2051,324,0.54119252285441399
039526,100,2051,208,0.5906064641084614
039526,100,2051,211,0.54658852231974975
039526,101,2051,128,0.58061724834150563
039526,101,2051,130,0.55829102084446824
039526,102,2051,114,0.53024523160762937
039526,104,2051,161,0.56025501477219719
039526,106,2051,102,0.55350080364076359
039526,109,2051,70,0.54068175327184453
039526,109,2051,76,0.55485273049559281
039526,110,2051,242,0.55233884534222633
039526,110,2051,256,0.54358700183047282
039526,112,2051,407,0.5578887195121951
039526,115,2051,307,0.55838794945142489
039526,116,2051,218,0.52928805591637285
039526,116,2051,225,0.5438169113404705
039526,116,2051,229,0.54972746814064177
039526,118,2051,219,0.56853026088561376
039526,118,2051,222,0.56941305140357268
039526,119,2051,119,0.55206076393115366
039526,123,2051,339,0.54750406449316491
039526,125,2051,309,0.53677839516378301
039526,125,2051,316,0.5454020476963416
039526,125,2051,322,0.54521013936135188
039526,125,2051,328,0.53446750595440629
039526,126,2051,411,0.5477877014680218
039526,127,2051,175,0.54070422329173917
039526,128,2051,47,0.55430464982900352
039526,128,2051,65,0.55485486997457389
039526,129,2051,104,0.54337338634028676
039526,130,2051,307,0.56058921080870161
039526,131,2051,300,0.53749529291516485
039526,131,2051,310,0.52836194700416783
039526,131,2051,314,0.55059642260151698
039526,132,2051,352,0.55000249714748917
039526,134,2051,109,0.55741935483870964
039526,134,2051,124,0.55880295375048583
039526,135,2051,304,0.53597239403607011
039526,135,2051,312,0.56807988997189496
039526,136,2051,443,0.55656340920759884
039526,136,2051,447,0.55533836350130972
039526,136,2051,459,0.56356436668564625
039526,137,2051,137,0.56687320203584868
039526,137,2051,156,0.53526459854014596
039526,141,2051,62,0.55886701588374454
039526,141,2051,84,0.52477627454483444
039526,143,2051,194,0.54615289050853078
039526,143,2051,197,0.55580594276148476
039526,143,2051,202,0.53363951333494486
039526,143,2051,204,0.5212650746159071
039526,144,2051,73,0.54084131717530615
039526,144,2051,77,0.54187026972113572
039526,144,2051,79,0.55171150264130198
039526,145,2051,357,0.54209796872969818
039526,146,2051,142,0.54739952395283298
039526,147,2051,131,0.56179951161480179
039526,149,2051,255,0.53042005822589267
039526,149,2051,263,0.57366271540990144
039526,150,2051,243,0.54986474943052388
039526,151,2051,190,0.56191101625348872
039526,152,2051,95,0.55227217790669569
039526,152,2051,103,0.55448055607739999
039526,152,2051,104,0.53961061686098988
039526,153,2051,224,0.55237314610043153
039526,153,2051,235,0.55383886817024808
039526,155,2051,190,0.56887677868604303
039526,155,2051,194,0.57822534676040283
039526,156,2051,157,0.56487712329173212
039526,156,2051,184,0.54309382222337632
039526,157,2051,236,0.5648836016479426
039526,157,2051,237,0.55129088162104511
039526,159,2051,363,0.54551774151329591
039526,159,2051,373,0.53294007010344535
039526,160,2051,353,0.54708645180998927
039526,160,2051,354,0.56068061047395823
039526,162,2051,61,0.56368898572404147
039526,162,2051,77,0.53606514860729293
039526,163,2051,243,0.57302807808675882
039526,167,2051,74,0.53980306749495366
039526,167,2051,79,0.54554082425009343
039526,168,2051,333,0.550307234138802
039526,170,2051,233,0.54284400241455633
039526,170,2051,239,0.53785135935751427
039526,171,2051,265,0.55751831968729071
039526,171,2051,276,0.54542321045836828
039526,172,2051,243,0.55914045468701334
039526,173,2051,291,0.53107565396722023
039526,173,2051,305,0.56336173508907827
039526,173,2051,315,0.57661904416563925
039526,174,2051,151,0.56072936569716703
039526,174,2051,153,0.55132100174566945
039526,174,2051,164,0.55228467683369642
039526,176,2051,145,0.55564105382726903
039526,179,2051,354,0.54672833318144531
039526,182,2051,81,0.56192158247968915
039526,182,2051,88,0.54198040526790126
039526,182,2051,91,0.55819540202272566
039526,183,2051,306,0.56056140933429
039526,183,2051,310,0.52714554186677798
039526,184,2051,331,0.55004851228978002
039526,185,2051,118,0.54240336134453782
039526,186,2051,447,0.5493970592287134
039526,186,2051,453,0.53168512989368533
039526,187,2051,116,0.55206914168937327
039526,189,2051,382,0.53418072190988353
039526,190,2051,265,0.55810956605130668
039526,191,2051,231,0.54254005018336227
039526,192,2051,273,0.53281624449197307
039526,192,2051,274,0.54967769491449225
039526,192,2051,280,0.55120057602604644
039526,192,2051,293,0.55014551581527149
039526,192,2051,296,0.54026961875879231
039526,193,2051,86,0.54331563149388129
039526,193,2051,100,0.54462662725152855
039526,193,2051,118,0.54499299279138658
039526,193,2051,120,0.55729008248197387
039526,194,2051,161,0.54729729729729726
039526,194,2051,163,0.53490620769677044
039526,195,2051,248,0.54036433846115273
039526,195,2051,249,0.5479965633054753
039526,196,2051,75,0.54928002936612552
039526,197,2051,168,0.53385175380542682
039526,197,2051,176,0.55427476702276191
039526,198,2051,165,0.54806599017441482
039526,199,2051,251,0.54657004991128721
039526,199,2051,272,0.5575338481920703
039526,201,2051,308,0.55332722033010218
039526,202,2051,119,0.56362019123860352
039526,202,2051,123,0.52721807491576933
039526,202,2051,131,0.54205338990541851
039526,205,2051,318,0.54831202274965052
039526,205,2051,343,0.54320310715101672
039526,206,2051,271,0.54854583014181924
039526,206,2051,275,0.52285322359396436
039526,206,2051,277,0.54859552896202113
039526,207,2051,311,0.55139343337470381
039526,207,2051,316,0.54961115343053024
039526,209,2051,88,0.54829838432451017
039526,209,2051,100,0.55682661589596305
039526,209,2051,105,0.55436689219144553
039526,209,2051,117,0.55460919241755391
039526,211,2051,380,0.54694546945469458
039526,212,2051,228,0.53209993026213231
039526,214,2051,119,0.56979142791657111
039526,215,2051,82,0.55273363938965181
039526,215,2051,84,0.55264348899403415
039526,216,2051,179,0.56242504344420785
039526,217,2051,63,0.54341266548485645
039526,217,2051,65,0.54814835044789167
039526,218,2051,94,0.5439755484158213
039526,218,2051,101,0.5451796677667361
039526,220,2051,210,0.55841418592903547
039526,220,2051,218,0.5705537985330732
039526,221,2051,83,0.51891870957747566
039526,221,2051,85,0.55693244768830896
039526,223,2051,203,0.53758693443775885
039526,223,2051,218,0.5571805603273261
039526,224,2051,433,0.55359603998835294
039526,224,2051,438,0.55635049417318183
039526,224,2051,453,0.5543470666325081
039526,225,2051,244,0.54542387178405738
039526,225,2051,250,0.56566950076034161
039526,226,2051,236,0.55345798779533717
039526,228,2051,201,0.54131436798824972
039526,228,2051,221,0.53649667210296648
039526,228,2051,230,0.54028475364243911
039526,229,2051,359,0.5581604981858882
039526,229,2051,377,0.56545394952474604
039526,229,2051,379,0.54421579766864459
039526,230,2051,234,0.54894330796438973
039526,230,2051,241,0.55519451416278232
039526,230,2051,253,0.54918527459263733
039526,231,2051,211,0.5475629377247776
039526,231,2051,214,0.56369654342347764
039526,233,2051,278,0.55438596491228065
039526,233,2051,281,0.54766968244241787
039526,233,2051,283,0.54429561387558845
039526,234,2051,257,0.55969513659889503
039526,234,2051,275,0.5412606421171402
039526,235,2051,195,0.56468851230745498
039526,235,2051,207,0.5595854277609118
039526,235,2051,212,0.54619949922552058
039526,236,2051,121,0.54051744231217469
039526,236,2051,127,0.55710169529382858
039526,236,2051,135,0.55368438741582748
039526,236,2051,139,0.55601088070088667
039526,236,2051,142,0.54972111203829765
039526,238,2051,450,0.53854781955839381
039526,238,2051,458,0.55969583578982829
039526,240,2051,239,0.5715147857573929
039526,240,2051,257,0.57092686189980679
039526,241,2051,42,0.57109511290203685
039526,241,2051,60,0.54733261264120436
039526,242,2051,133,0.5603387271783743
039526,242,2051,144,0.55362992708443415
039526,243,2051,95,0.55340625563282075
039526,243,2051,100,0.54774804129208077
039526,243,2051,102,0.54933711657942375
039526,243,2051,104,0.5456677853559958
039526,244,2051,236,0.56196754563894524
039526,245,2051,121,0.53972490559742803
039526,245,2051,129,0.54089517602330517
039526,246,2051,321,0.54145124668208811
039526,246,2051,327,0.54963709677419359
039526,246,2051,330,0.546357487171513
039526,246,2051,335,0.54758762886597934
039526,247,2051,210,0.5456448103984799
039526,247,2051,234,0.53674202561962481
039526,248,2051,363,0.55157983260582277
039526,250,2051,141,0.54653374522791354
039526,250,2051,144,0.55165260469076549
039526,251,2051,363,0.5400370257539896
039526,252,2051,420,0.55974910781875198
039526,253,2051,268,0.55016348773841961
039526,254,2051,248,0.55029058483272919
039526,256,2051,142,0.55739141867905506
039526,256,2051,174,0.53725072741466184
039526,257,2051,277,0.52394327412914776
039526,258,2051,347,0.55331385585129633
039526,262,2051,461,0.5479619852164731
039526,266,2051,165,0.5591231861685706
039526,266,2051,169,0.54128585767869408
039526,266,2051,171,0.51900882552613714
039526,266,2051,173,0.54177638602234712
039526,267,2051,208,0.56142579797864445
039526,267,2051,216,0.52971510346415762
039526,268,2051,121,0.55379704056485068
039526,269,2051,63,0.56430851611574506
039526,271,2051,132,0.54959614797294221
039526,271,2051,137,0.55709500609013396
039526,273,2051,193,0.56006109201985488
039526,273,2051,199,0.56650680583962199
039526,275,2051,251,0.54633745116337928
039526,275,2051,253,0.55455785252298839
039526,276,2051,381,0.54905570260104675
039526,278,2051,462,0.53998816334582755
039526,279,2051,245,0.55420568752855182
039526,280,2051,431,0.55319869118808529
039526,280,2051,437,0.53230372158854389
039526,280,2051,440,0.55825012788692896
039526,281,2051,291,0.54998647326909866
039526,281,2051,305,0.54443337642795075
039526,281,2051,321,0.55927797697440973
039526,282,2051,55,0.56328250401284108
039526,282,2051,65,0.56010490380050193
039526,283,2051,311,0.54469195191853192
039526,283,2051,315,0.5583504858551529
039526,283,2051,321,0.53712579009515871
039526,283,2051,327,0.54288282830256895
039526,286,2051,400,0.56563308011464997
039526,286,2051,404,0.54105861352956175
039526,286,2051,409,0.54842625957353375
039526,286,2051,411,0.55262811657127819
039526,287,2051,481,0.54194976548459217
039526,288,2051,100,0.55368652727558565
039526,289,2051,63,0.54791154791154795
039526,289,2051,73,0.55448790050454733
039526,290,2051,12,0.55014353180850084
039526,291,2051,301,0.55617056657560282
039526,291,2051,309,0.54956138909879426
039526,292,2051,286,0.54549176514376108
039526,293,2051,114,0.54640709824295142
039526,294,2051,205,0.53489458141611157
039526,294,2051,214,0.55101962440953955
039526,296,2051,283,0.5420280457161385
039526,296,2051,287,0.55566553790049489
039526,296,2051,305,0.54427801923636399
039526,298,2051,101,0.547423285861107
039526,298,2051,102,0.56023902724986285
039526,298,2051,106,0.54295090574954052
039526,299,2051,64,0.55133276867121717
039526,299,2051,90,0.54475600665175761
039526,300,2051,301,0.56525142463523081
039526,301,2051,248,0.57504395545846876
039526,301,2051,257,0.54621340887629843
039526,302,2051,53,0.54202563361279754
039526,304,2051,108,0.54868297271872057
039526,305,2051,279,0.54432049554070716
039526,305,2051,292,0.52216644872822371
039526,305,2051,299,0.56003696688953286
039526,306,2051,118,0.55746027953649502
039526,306,2051,151,0.53658745084629855
039526,308,2051,216,0.54932116079903581
039526,310,2051,121,0.55329528837817199
039526,311,2051,323,0.52911044477761116
039526,312,2051,294,0.55810263705000551
039526,312,2051,304,0.56590104959380128
039526,313,2051,194,0.55319431179030032
039526,313,2051,195,0.55461558528677379
039526,313,2051,201,0.540084764666518
039526,313,2051,218,0.53141804788213631
039526,314,2051,307,0.54239440397151628
039526,314,2051,320,0.55832155669094463
039526,315,2051,209,0.53706076509902001
039526,315,2051,210,0.55615737090489414
039526,315,2051,213,0.54925775978407554
039526,315,2051,214,0.54814057285101592
039526,316,2051,407,0.54882916783198998
039526,318,2051,264,0.53654953226193336
039526,318,2051,271,0.54877936604301192
039526,319,2051,175,0.54846525487473241
039526,319,2051,196,0.56312595405636845
039526,320,2051,275,0.541368556228215
039526,320,2051,298,0.54233886142961085
039526,321,2051,272,0.54940252814536839
039526,323,2051,256,0.5505451831787842
039526,325,2051,204,0.54039305565300089
039526,326,2051,214,0.55446071415464793
039526,327,2051,184,0.55800258586034179
039526,327,2051,189,0.5810998523197497
039526,329,2051,290,0.54857976770776917
039526,330,2051,191,0.55756002052162623
039526,331,2051,220,0.54867730836482598
039526,332,2051,203,0.54686211054000888
039526,334,2051,308,0.5630816225047951
039526,337,2051,209,0.56477480503003841
039526,338,2051,413,0.53698102095992717
039526,339,2051,345,0.52928920000731083
039526,339,2051,349,0.55350131577841111
039526,340,2051,453,0.57895077510599047
039526,341,2051,254,0.54371796862866906
039526,342,2051,115,0.54844830160835534
039526,342,2051,135,0.55384338433843383
039526,343,2051,349,0.56892811728625925
039526,343,2051,359,0.5575492945775965
039526,343,2051,371,0.56062783878571842
039526,344,2051,233,0.54783072699262425
039526,344,2051,234,0.53949129852744315
039526,344,2051,239,0.54045557005575984
039526,348,2051,80,0.54557629412428099
039526,349,2051,340,0.55613583921934717
039526,350,2051,118,0.51823324106390656
039526,351,2051,199,0.5677708811226555
039526,352,2051,54,0.55187058033421565
039526,353,2051,97,0.56539720834051355
039526,354,2051,410,0.54366453176389129
039526,354,2051,418,0.54079113924050637
039526,354,2051,420,0.51100587140889653
039526,354,2051,422,0.5461519694217789
039526,355,2051,265,0.53009533941650644
039526,355,2051,273,0.53226261486377557
039526,356,2051,136,0.56625988312134756
039526,356,2051,154,0.55008917238387511
039526,357,2051,271,0.56069942997997224
039526,360,2051,224,0.56629159250656125
039526,362,2051,177,0.54662463882322043
039526,364,2051,84,0.5468870297182159
039526,364,2051,93,0.53818711978995315
039526,365,2051,223,0.55728925979286159
039526,365,2051,230,0.55363439038593887
039526,365,2051,241,0.56212002536272421
039526,366,2051,412,0.55353020226732363
039526,366,2051,432,0.55195854350567464
039526,366,2051,438,0.54318460908718791
039526,367,2051,133,0.5268485438995345
039526,367,2051,143,0.54980942073314198
039526,369,2051,95,0.54956969504251763
039526,369,2051,103,0.55812927421133907
039526,371,2051,276,0.54275109560862178
039526,372,2051,297,0.53937945184267577
039526,372,2051,298,0.55058563403848448
039526,372,2051,308,0.5397546130808617
039526,374,2051,333,0.55503455778230004
039526,374,2051,344,0.5077126330072127
039526,374,2051,352,0.56589476816476614
039526,374,2051,360,0.5454152928246192
039526,375,2051,134,0.54411774390043133
039526,376,2051,284,0.54847973075961642
039526,376,2051,296,0.54562231651894444
039526,377,2051,339,0.54100445009535914
039526,377,2051,342,0.54449913768324232
039526,379,2051,410,0.55228464022872881
039526,380,2051,74,0.55347004491144813
039526,380,2051,85,0.54337068160597568
039526,381,2051,409,0.55890258735903176
039526,381,2051,421,0.54757867607162236
039526,382,2051,203,0.5397114683651153
039526,382,2051,208,0.53684555558866476
039526,382,2051,222,0.55168426497885159
039526,384,2051,157,0.54218787077528052
039526,384,2051,177,0.53734686581103663
039526,385,2051,147,0.56984788025579813
039526,385,2051,159,0.55273578775730381
039526,386,2051,387,0.54431074755483588
039526,386,2051,408,0.57393198825423886
039526,387,2051,281,0.55139137245629333
039526,387,2051,283,0.5488203266787659
039526,387,2051,284,0.55227909305709855
039526,388,2051,254,0.55032675064143255
039526,388,2051,262,0.55877456647398849
039526,389,2051,85,0.54724437431589124
039526,390,2051,173,0.55079238662465224
039526,391,2051,288,0.55766092402183443
039526,391,2051,305,0.52611139299793142
039526,392,2051,406,0.54636299626279583
039526,394,2051,272,0.56243209830292584
039526,396,2051,143,0.54694078024136961
039526,397,2051,371,0.55202537657755457
039526,397,2051,374,0.55131165832014328
039526,397,2051,397,0.56103538719525303
039526,398,2051,250,0.54135330796341108
039526,399,2051,248,0.55125745245499125
039526,399,2051,250,0.53497746723446482
039526,400,2051,421,0.54770605955849672
039526,403,2051,158,0.54222546334175237
039526,406,2051,231,0.54767240827303576
039526,407,2051,94,0.52154880889757271
039526,407,2051,97,0.52782767273176012
039526,412,2051,180,0.54822319488231153
039526,412,2051,192,0.54299379056728891
039526,413,2051,420,0.54266931837802235
039526,414,2051,275,0.5362169462610179
039526,414,2051,283,0.55098579138671655
039526,416,2051,275,0.56356834016622981
039526,418,2051,362,0.54774913428241634
039526,418,2051,387,0.54772654717927671
039526,418,2051,388,0.5411963449282039
039526,420,2051,230,0.57238723092554522
039526,420,2051,253,0.55589369572631631
039526,422,2051,93,0.5585438805534616
039526,422,2051,107,0.54686056577793007
039526,425,2051,79,0.54750728571110763
039526,426,2051,73,0.55542243521476753
039526,426,2051,81,0.52863447232379268
039526,428,2051,208,0.55764690233114966
039526,428,2051,218,0.54963132163180251
039526,431,2051,218,0.54897336953932641
039526,431,2051,226,0.54995990197013123
039526,432,2051,173,0.55536100309118552
039526,432,2051,174,0.5511044201142492
039526,432,2051,185,0.54742740123439237
039526,432,2051,187,0.53988154497747332
039526,433,2051,230,0.56592463794641834
039526,433,2051,234,0.54717218529158895
039526,435,2051,243,0.55686928649691736
039526,436,2051,107,0.55170889462785877
039526,436,2051,123,0.54817386756544728
039526,438,2051,231,0.55722453037889275
039526,439,2051,56,0.54189898686491322
039526,440,2051,49,0.53520536462699075
039526,440,2051,70,0.55283486787719849
039526,441,2051,236,0.54700784826684112
039526,441,2051,239,0.53157587386335192
039526,442,2051,368,0.57063026384065785
039526,442,2051,386,0.54859928400125124
039526,445,2051,188,0.55060589618375833
039526,445,2051,190,0.5444199963561448
039526,446,2051,294,0.54789631178570142
039526,447,2051,190,0.56849178098628161
039526,448,2051,99,0.54857715294756859
039526,448,2051,103,0.56995581737849776
039526,449,2051,200,0.5434750768930332
039526,449,2051,203,0.55687531203919793
039526,450,2051,130,0.5835633414070861
039526,450,2051,134,0.54595736678503082
039526,450,2051,135,0.55904833769807805
039526,451,2051,124,0.54113785866212161
039526,451,2051,136,0.58493066633942814
039526,451,2051,143,0.54626629399688342
039526,452,2051,335,0.5484676791629709
039526,452,2051,359,0.55116726083885059
039526,453,2051,214,0.52365910670288707
039526,455,2051,199,0.54229236898559607
039526,456,2051,319,0.54946251068231911
039526,457,2051,172,0.55363594434622188
039526,457,2051,175,0.54686292728250774
039526,458,2051,337,0.53172456659051204
039526,459,2051,339,0.53605374264262395
039526,460,2051,130,0.53960467763634479
039526,460,2051,133,0.55593822908565715
039526,461,2051,263,0.5538626456811323
039526,462,2051,232,0.56029198771797695
039526,463,2051,418,0.5494586779638222
039526,465,2051,80,0.55974087418568252
039526,466,2051,193,0.56851729973674314
039526,468,2051,224,0.52480631174923587
039526,468,2051,226,0.56202868549460294
039526,468,2051,230,0.55904356755170892
039526,469,2051,242,0.54534919111277602
039526,469,2051,262,0.55061812442945335
039526,470,2051,149,0.53849060882052835
039526,470,2051,169,0.54651293841853754
039526,471,2051,282,0.55653652116692254
039526,471,2051,290,0.54207789752316127
039526,472,2051,110,0.55988649351673037
039526,473,2051,93,0.56593218212986574
039526,473,2051,111,0.54856463424520574
039526,475,2051,182,0.54828780872228744
039526,475,2051,185,0.55485839281602578
039526,476,2051,132,0.5525677501657561
039526,478,2051,173,0.54343046769677483
039526,478,2051,179,0.50396240008233562
039526,478,2051,190,0.5458361557567174
039526,478,2051,198,0.5523028979461635
039526,481,2051,371,0.5461657445416146
039526,481,2051,391,0.54796750441185416
039526,483,2051,69,0.54486237438932361
039526,483,2051,72,0.55412173442223522
039526,484,2051,286,0.52695026962252844
039526,485,2051,100,0.52935307427797673
039526,485,2051,122,0.54743062150469557
039526,485,2051,124,0.55971301425846876
039526,485,2051,128,0.55218931343733513
039526,486,2051,85,0.53517110266159695
039526,486,2051,90,0.55221763795771017
039526,488,2051,83,0.54917611445869152
039526,488,2051,91,0.55396484225071008
039526,488,2051,114,0.54613824790164023
039526,492,2051,254,0.53572555205047323
039526,493,2051,161,0.57006206411158744
039526,494,2051,141,0.51007063764795724
039526,496,2051,260,0.55416678694108479
039526,496,2051,279,0.53944646698659604
039526,497,2051,243,0.55867390823523633
039526,499,2051,267,0.55469944536051563
039526,499,2051,273,0.5345385247478015
039526,501,2051,109,0.55435833400467249
039526,502,2051,165,0.5136616269579074
039526,502,2051,178,0.54132543989475412
039526,503,2051,362,0.5515520110161225
039526,504,2051,153,0.55239250036195164
039526,506,2051,363,0.54332893841442664
039526,506,2051,382,0.56619575105688447
039526,507,2051,136,0.54438591627391186
039526,508,2051,78,0.53517957053105369
039526,508,2051,91,0.54306950497968121
039526,509,2051,78,0.56054082817337458
039526,509,2051,86,0.54065582511330312
039526,510,2051,400,0.54255150135042096
039526,510,2051,407,0.54374124538392976
039526,510,2051,421,0.55669710806697104
039526,511,2051,112,0.544960148812215
039526,512,2051,214,0.56444279665151131
039526,514,2051,329,0.53200982257116181
039526,517,2051,107,0.52702181790147251
039526,518,2051,146,0.52969983613883509
039526,518,2051,151,0.54595038258889561
039526,519,2051,297,0.563813207653454
039526,520,2051,121,0.53974419982325117
039526,521,2051,116,0.54966302816303669
039526,522,2051,47,0.54301365791713385
039526,523,2051,136,0.53561481885664264
039526,524,2051,112,0.52928067514999666
039526,525,2051,308,0.55811207891699022
039526,527,2051,404,0.55354598268113564
039526,527,2051,415,0.55578937449942678
039526,527,2051,416,0.49661824719614167
039526,529,2051,63,0.54335249482639691
039526,529,2051,77,0.55069974554707379
039526,530,2051,254,0.54792435575007348
039526,530,2051,256,0.55174540520537807
039526,531,2051,115,0.54287813955693576
039526,531,2051,141,0.53307185209737418
039526,535,2051,336,0.54074519230769236
039526,536,2051,412,0.55263372140356593
039526,537,2051,334,0.54650911137081759
039526,537,2051,337,0.542693661971831
039526,539,2051,332,0.53555170866192214
039526,539,2051,333,0.54422205020457814
039526,540,2051,158,0.54007304661851607
039526,540,2051,185,0.53376231174624478
039526,541,2051,96,0.54679961402380184
039526,542,2051,287,0.56566647618842247
039526,543,2051,254,0.55733636210668014
039526,544,2051,242,0.54406883002506601
039526,545,2051,173,0.52557732349044106
039526,545,2051,176,0.55156047215870463
039526,545,2051,189,0.4628323885893359
039526,548,2051,388,0.5465319603652613
039526,550,2051,148,0.53605592347314202
039526,550,2051,158,0.55363213363581243
039526,551,2051,175,0.55491572859778826
039526,553,2051,198,0.54898913870409038
039526,554,2051,173,0.56388354403064256
039526,556,2051,83,0.55885766646304214
039526,556,2051,86,0.57005566185423551
039526,556,2051,87,0.54354884957260985
039526,556,2051,98,0.53465326990268269
039526,556,2051,110,0.58725889274053189
039526,558,2051,290,0.54900598426608693
039526,560,2051,270,0.54815017991128945
039526,562,2051,257,0.534591037606025
039526,562,2051,265,0.30513801015087255
039526,563,2051,132,0.53757426195046154
039526,563,2051,156,0.55735008628127691
039526,564,2051,245,0.5447824496982081
039526,565,2051,361,0.56043821113809378
039526,566,2051,205,0.54019356112976491
039526,569,2051,330,0.54033424794213025
039526,570,2051,193,0.59201455100184819
039526,570,2051,206,0.55698464989135765
039526,571,2051,170,0.54488227224093
039526,572,2051,154,0.55215827338129497
039526,573,2051,220,0.55521195633458453
039526,574,2051,307,0.54718559338712847
039526,575,2051,125,0.54900132779614097
039526,575,2051,135,0.55054674099485423
039526,576,2051,431,0.55709366630725887
039526,576,2051,436,0.56049356049356047
039526,577,2051,143,0.56211946684219183
039526,578,2051,432,0.55250397757405867
039526,579,2051,316,0.55119804536746542
039526,579,2051,324,0.5498038516405136
039526,581,2051,208,0.5412648646936804
039526,583,2051,304,0.54033787130826916
039526,583,2051,306,0.56547766639509756
039526,583,2051,324,0.54100214670925184
039526,583,2051,327,0.54058990771772109
039526,584,2051,210,0.55210109797459139
039526,584,2051,217,0.53769063568985176
039526,584,2051,236,0.54955163883735314
039526,585,2051,331,0.53689636462289747
039526,588,2051,502,0.52165424210152644
039526,589,2051,278,0.55000854096000396
039526,591,2051,349,0.55230053420644498
039526,592,2051,77,0.543062938140359
039526,594,2051,431,0.53774905480186819
039526,596,2051,53,0.54044599912549196
039526,596,2051,59,0.54464990876657859
039526,596,2051,63,0.55511879500469619
039526,596,2051,66,0.53629261513192528
039526,596,2051,75,0.55642434488588333
039526,597,2051,433,0.54626489681232437
039526,597,2051,454,0.54974641537787239
039526,598,2051,171,0.54629682969449089
039526,598,2051,179,0.54963787073499848
039526,598,2051,187,0.55594232604162985
039526,599,2051,368,0.53923706729258691
039526,599,2051,390,0.5506913726058229
039526,601,2051,339,0.55858110611642819
039526,601,2051,341,0.54444521868394768
039526,601,2051,343,0.53840495095749652
039526,602,2051,239,0.54715867371179294
039526,603,2051,299,0.55793740603201425
039526,604,2051,212,0.52402722110888444
039526,604,2051,230,0.54290487700838908
039526,605,2051,222,0.54698798590572684
039526,607,2051,78,0.54629903410210923
039526,609,2051,127,0.54565409914240082
039526,610,2051,218,0.54111950700608902
039526,610,2051,233,0.54166447056343225
039526,610,2051,236,0.53338746255284597
039526,611,2051,268,0.56656164591557845
039526,611,2051,269,0.53639707856720908
039526,614,2051,59,0.54528059317726552
039526,617,2051,206,0.54357024907114349
039526,617,2051,212,0.553735575982789
039526,618,2051,202,0.53952583171151502
039526,618,2051,211,0.54327990135635018
039526,621,2051,7,0.5398622907273426
039526,623,2051,222,0.55148522865236749
039526,624,2051,231,0.54767924081846142
039526,624,2051,252,0.54157217235761967
039526,626,2051,271,0.55452100975237795
039526,626,2051,283,0.52757496740547583
039526,627,2051,374,0.5589687241225556
039526,629,2051,88,0.319194950969307
039526,629,2051,93,0.54708521740341198
039526,629,2051,96,0.53661140416980657
039526,632,2051,285,0.52792468043730878
039526,633,2051,308,0.54593373493975905
039526,635,2051,353,0.54643978192631748
039526,635,2051,358,0.54097617409793008
039526,635,2051,375,0.54863541526450399
039526,637,2051,200,0.54421574776213011
039526,638,2051,253,0.54099764504388781
039526,639,2051,77,0.55604977631511288
039526,639,2051,89,0.55250066684449184
039526,640,2051,168,0.54090482663552297
039526,640,2051,192,0.54515640766902118
039526,641,2051,126,0.5611932166450998
039526,641,2051,130,0.55431489170687909
039526,641,2051,149,0.55224071436430078
039526,642,2051,558,0.54254568081465615
039526,642,2051,569,0.54758340978224129
039526,643,2051,72,0.55155237694572989
039526,643,2051,77,0.53542326082564484
039526,645,2051,55,0.54484197015883207
039526,645,2051,56,0.54555365327478067
039526,645,2051,60,0.54502723029045641
039526,645,2051,68,0.55037868017680358
039526,645,2051,85,0.54490030179327542
039526,645,2051,88,0.55249689826302728
039526,646,2051,72,0.52672663358147231
039526,646,2051,76,0.5977990033222591
039526,647,2051,366,0.55194174757281556
039526,648,2051,195,0.55203943603350503
039526,649,2051,276,0.54203648651538805
039526,655,2051,268,0.54971683456121889
039526,656,2051,257,0.55683932016961102
039526,656,2051,270,0.56199506697978052
039526,658,2051,308,0.54079177000091849
039526,658,2051,313,0.55030964361211188
039526,658,2051,324,0.54072552483464109
039526,658,2051,332,0.57894393671009881
039526,660,2051,247,0.53692002725639598
039526,660,2051,251,0.53685518579135605
039526,662,2051,255,0.5480570518684148
039526,663,2051,538,0.53141203424574945
039526,663,2051,553,0.53532793102071774
039526,664,2051,328,0.54252623526880694
039526,667,2051,108,0.51838379097238518
039526,668,2051,382,0.55920349684312776
039526,669,2051,209,0.55240861662101837
039526,670,2051,64,0.54452526652041722
039526,671,2051,265,0.57419718309859158
039526,671,2051,271,0.55311565602200696
039526,672,2051,174,0.54928216782939909
039526,672,2051,179,0.53947900328250575
039526,673,2051,105,0.53812840390329864
039526,673,2051,111,0.55254289863654948
039526,674,2051,125,0.56773624584492233
039526,675,2051,251,0.56836872009569372
039526,675,2051,253,0.54699017199017197
039526,675,2051,256,0.55697060206311011
039526,675,2051,269,0.56093321487890613
039526,675,2051,272,0.55947909611477131
039526,676,2051,236,0.55163472979452666
039526,678,2051,288,0.54513233065174305
039526,678,2051,297,0.52281608664881996
039526,678,2051,299,0.52540254393059338
039526,679,2051,172,0.5394867791979705
039526,679,2051,181,0.52483834947674568
039526,680,2051,170,0.55257266554422835
039526,680,2051,171,0.54598633548888331
039526,681,2051,444,0.54422314307356412
039526,681,2051,453,0.55193618610268058
039526,682,2051,209,0.54225177175421935
039526,684,2051,76,0.54643029425952727
039526,684,2051,86,0.5397970335675254
039526,684,2051,87,0.55454402598082864
039526,685,2051,320,0.53718544089645059
039526,687,2051,183,0.53523046374734173
039526,687,2051,190,0.56378760975847053
039526,687,2051,197,0.54406755805770579
039526,687,2051,198,0.55460375835314168
039526,689,2051,201,0.53723404255319152
039526,689,2051,212,0.54300122665939754
039526,689,2051,220,0.55332818281624851
039526,690,2051,122,0.52939487473978897
039526,690,2051,127,0.55843431429120982
039526,690,2051,133,0.54458964202421056
039526,692,2051,205,0.53975436328377502
039526,692,2051,217,0.54923167605653112
039526,693,2051,89,0.54510665202489106
039526,694,2051,223,0.5355981099229048
039526,694,2051,234,0.53767791134266674
039526,695,2051,488,0.55750416696862093
039526,695,2051,490,0.55616060225846931
039526,695,2051,507,0.55464580131339947
039526,696,2051,135,0.55764137977271966
039526,698,2051,302,0.57557834843153399
039526,698,2051,308,0.54710283800223303
039526,699,2051,335,0.54194726496621193
039526,699,2051,343,0.54254869568558151
039526,701,2051,305,0.55956212081245049
039526,701,2051,325,0.56215848382051226
039526,703,2051,392,0.5513661426199602
039526,705,2051,85,0.52565005249830155
039526,707,2051,89,0.54130656934306565
039526,707,2051,96,0.53661086783233436
039526,708,2051,311,0.56876473034798281
039526,710,2051,51,0.5486400424572111
039526,711,2051,340,0.54177004698305442
039526,711,2051,341,0.53864561823339829
039526,711,2051,364,0.55347038620246591
039526,712,2051,268,0.5402192354434644
039526,713,2051,66,0.54270845118226041
039526,715,2051,81,0.55450868988103363
039526,715,2051,109,0.55566091026468689
039526,716,2051,220,0.54097550720067278
039526,717,2051,131,0.54140526976160597
039526,718,2051,56,0.53470652805578878
039526,718,2051,60,0.5391033837311997
039526,718,2051,78,0.53677391086629944
039526,718,2051,80,0.54889871113917466
039526,718,2051,87,0.54902583987540921
039526,719,2051,273,0.55396879954762668
039526,719,2051,277,0.5552083333333333
039526,720,2051,298,0.52885364299369819
039526,721,2051,362,0.5565358812766823
039526,722,2051,91,0.54900293708455716
039526,724,2051,330,0.55370833587537871
039526,724,2051,347,0.57758482500667918
039526,725,2051,117,0.54404695643373979
039526,727,2051,244,0.55303582922119721
039526,728,2051,45,0.54910981796876035
039526,728,2051,48,0.53985822994061472
039526,728,2051,63,0.55013829983404017
039526,730,2051,315,0.54943963027151932
039526,731,2051,237,0.54092322105352808
039526,731,2051,242,0.54464816650148662
039526,733,2051,54,0.56307641802681663
039526,733,2051,67,0.53737706144123254
039526,735,2051,298,0.55087041856892949
039526,735,2051,302,0.54950812446154151
039526,735,2051,320,0.55850151695027039
039526,737,2051,385,0.54922810192010318
039526,737,2051,397,0.53598893143280024
039526,739,2051,215,0.51409135082604474
039526,740,2051,340,0.5676100628930818
039526,741,2051,282,0.53954615554086804
039526,741,2051,306,0.55066171406080877
039526,742,2051,62,0.54999436683190628
039526,742,2051,70,0.53199981291217791
039526,743,2051,185,0.54525940811107054
039526,743,2051,203,0.54346844303940389
039526,745,2051,405,0.56224092770134526
039526,746,2051,343,0.54234193747717885
039526,747,2051,78,0.54798613849058952
039526,748,2051,360,0.54410960900776151
039526,748,2051,382,0.55308135848166229
039526,749,2051,423,0.52773576620968921
039526,750,2051,96,0.53756271908722253
039526,750,2051,99,0.54368819530284307
039526,750,2051,108,0.54669948251924771
039526,752,2051,497,0.53706657134215086
039526,753,2051,337,0.53576362552822621
039526,754,2051,68,0.3383953899992726
039526,755,2051,191,0.54274170209924089
039526,756,2051,263,0.53649713512351227
039526,756,2051,264,0.5491885594922471
039526,757,2051,389,0.56829060582033886
039526,757,2051,405,0.54364795472250049
039526,757,2051,410,0.51551392489754955
039526,758,2051,116,0.55078212356257572
039526,759,2051,106,0.54666713840928394
039526,760,2051,426,0.56269015778674025
039526,760,2051,438,0.5293484314089475
039526,760,2051,441,0.54607041954005531
039526,761,2051,312,0.54233824024008481
039526,762,2051,359,0.53356332349640467
039526,762,2051,361,0.53580609621740727
039526,762,2051,362,0.54659692410286331
039526,762,2051,363,0.56472242224736824
039526,762,2051,374,0.54368038048239731
039526,763,2051,300,0.55040935672514624
039526,766,2051,160,0.54130333864471847
039526,766,2051,169,0.54485502094898131
039526,767,2051,226,0.5420515683686935
039526,768,2051,73,0.55427150568804029
039526,770,2051,156,0.5599283291738657
039526,771,2051,300,0.5447842386337497
039526,773,2051,205,0.54731045081967211
039526,775,2051,65,0.51386693017127805
039526,776,2051,158,0.54091887033960617
039526,777,2051,161,0.57154705779640302
039526,778,2051,93,0.55214991284137127
039526,778,2051,99,0.54173862982153143
039526,779,2051,279,0.55003036232372982
039526,780,2051,138,0.54277558896840072
039526,780,2051,142,0.45799710744360189
039526,781,2051,91,0.54491322643637063
039526,782,2051,270,0.54286229152143706
039526,783,2051,184,0.55719282577956386
039526,784,2051,211,0.55878329308044383
039526,786,2051,164,0.54664233915235105
039526,787,2051,358,0.54103924124601066
039526,788,2051,275,0.53874299719887953
039526,788,2051,276,0.54410968660968662
039526,788,2051,296,0.5557950530035336
039526,792,2051,107,0.54346555135815799
039526,792,2051,108,0.54765399422521654
039526,792,2051,128,0.5475224532050027
039526,793,2051,351,0.5449964921232221
039526,793,2051,367,0.55775448221808566
039526,794,2051,496,0.50179497407259677
039526,794,2051,516,0.52918961276419751
039526,795,2051,97,0.54653133183848823
039526,795,2051,103,0.54570675069356445
039526,797,2051,183,0.55430860557150619
039526,798,2051,217,0.54080193431392298
039526,798,2051,222,0.54629189106894782
039526,798,2051,231,0.54809998956993355
039526,799,2051,400,0.54667320331530644
039526,800,2051,105,0.54715045982381971
039526,800,2051,107,0.55984417014249122
039526,801,2051,218,0.54684768356643354
039526,803,2051,299,0.55121143149587215
039526,803,2051,314,0.55819931302745618
039526,804,2051,238,0.53734406546242197
039526,804,2051,250,0.5533641383973853
039526,805,2051,192,0.54626765656474852
039526,806,2051,273,0.53646572468686371
039526,806,2051,274,0.54061079658719402
039526,808,2051,175,0.55101150337167792
039526,808,2051,176,0.54089509550701165
039526,809,2051,309,0.56114069455731974
039526,809,2051,331,0.5590380203212062
039526,812,2051,281,0.5424683175304551
039526,812,2051,285,0.54749652781247193
039526,813,2051,102,0.54175671035889561
039526,813,2051,106,0.53384374246443211
039526,813,2051,108,0.55575632421270005
039526,813,2051,111,0.5532868261502033
039526,813,2051,128,0.55441292471296266
039526,814,2051,183,0.50177882067973656
039526,814,2051,189,0.54552750268847405
039526,815,2051,186,0.54421649497440261
039526,816,2051,273,0.55902421778327738
039526,818,2051,272,0.55615221987315011
039526,818,2051,279,0.55182247757030745
039526,818,2051,285,0.55759300670868062
039526,819,2051,240,0.55206194996036662
039526,820,2051,328,0.55192948221915683
039526,820,2051,334,0.55946684894053311
039526,821,2051,54,0.54807194138109694
039526,821,2051,80,0.54491571087676083
039526,823,2051,269,0.56448783910196443
039526,825,2051,79,0.57338695727382805
039526,825,2051,86,0.55234910616238464
039526,825,2051,91,0.5277210112019376
039526,827,2051,473,0.55244102652726168
039526,830,2051,537,0.54514692372989759
039526,830,2051,548,0.54996803226282398
039526,832,2051,444,0.54725931782524373
039526,833,2051,205,0.55956006768189515
039526,833,2051,213,0.54874751288199586
039526,833,2051,229,0.55360799501424507
039526,833,2051,231,0.53866981988929452
039526,834,2051,154,0.54085744035492778
039526,834,2051,159,0.54482214717599242
039526,836,2051,131,0.54568417385245183
039526,837,2051,400,0.55077735043065756
039526,838,2051,300,0.54498952079855068
039526,838,2051,312,0.5461538461538461
039526,839,2051,346,0.55045313417806496
039526,841,2051,515,0.56333678042054469
039526,842,2051,62,0.55907120961206436
039526,843,2051,314,0.53423933781443544
039526,843,2051,316,0.53679749772979513
039526,844,2051,164,0.54865305339852366
039526,844,2051,165,0.52573924731182797
039526,844,2051,171,0.55192316572009048
039526,844,2051,175,0.54423080404830448
039526,845,2051,392,0.55869935308137553
039526,845,2051,399,0.52192870264865243
039526,846,2051,382,0.55634486514645642
039526,848,2051,246,0.53490114388042242
039526,850,2051,381,0.54453864663683182
039526,852,2051,179,0.53929942542062814
039526,853,2051,301,0.55038020459217796
039526,853,2051,317,0.55058730628763197
039526,855,2051,150,0.55646733320757091
039526,859,2051,291,0.55186410102224892
039526,861,2051,243,0.54194567997784182
039526,861,2051,246,0.55352955171124629
039526,861,2051,263,0.54247905923440021
039526,862,2051,220,0.54696328823738338
039526,864,2051,240,0.54621700707567944
039526,864,2051,262,0.54502026930676939
039526,864,2051,263,0.55303030303030298
039526,867,2051,334,0.54236493936052921
039526,867,2051,346,0.54514842191716528
039526,868,2051,310,0.54616978814860306
039526,869,2051,351,0.54582527820257576
039526,869,2051,353,0.5547433331972067
039526,870,2051,151,0.56038624019312011
039526,870,2051,152,0.54946354237917494
039526,871,2051,241,0.56204312233367926
039526,871,2051,264,0.54345981886965489
039526,873,2051,139,0.54884543417021359
039526,873,2051,142,0.5642294134555742
039526,874,2051,144,0.55085529854760629
039526,874,2051,165,0.55611820724057137
039526,874,2051,168,0.55012001116382925
039526,875,2051,196,0.54472938023868134
039526,875,2051,212,0.56536897152818133
039526,876,2051,387,0.56229876537490442
039526,878,2051,340,0.538184043966348
039526,880,2051,200,0.54792039800995029
039526,880,2051,213,0.54613156805957797
039526,881,2051,68,0.53645203981817136
039526,883,2051,553,0.54851675650030973
039526,883,2051,583,0.5437388314714765
039526,885,2051,171,0.53551028790737676
039526,885,2051,179,0.58140911782119598
039526,885,2051,182,0.55088561586242435
039526,886,2051,187,0.55725459742048089
039526,887,2051,57,0.54706994328922498
039526,887,2051,65,0.55148336643495532
039526,887,2051,74,0.53652777331577084
039526,888,2051,300,0.55398045103927462
039526,890,2051,84,0.54942931336433365
039526,891,2051,233,0.5238537089234756
039526,891,2051,258,0.55553365526756682
039526,892,2051,264,0.55984891633442246
039526,892,2051,287,0.5415340209686319
039526,893,2051,197,0.54563029792296636
039526,894,2051,173,0.55938186221191533
039526,894,2051,180,0.55746024985803522
039526,894,2051,187,0.51355069070475301
039526,895,2051,176,0.51446649410411271
039526,895,2051,177,0.54963562243243669
039526,896,2051,388,0.55150897746084304
039526,897,2051,241,0.55649631358404494
039526,897,2051,258,0.53978203540176606
039526,897,2051,263,0.55551665849828469
039526,898,2051,104,0.54108543641074791
039526,899,2051,188,0.5489660677380731
039526,900,2051,326,0.56138477093746886
039526,900,2051,335,0.53317790795472986
039526,901,2051,75,0.547728574652386
039526,902,2051,496,0.55513745165673667
039526,903,2051,113,0.55227075253777524
039526,903,2051,117,0.5729394821326772
039526,904,2051,166,0.55158582667410028
039526,905,2051,312,0.55508367576501916
039526,905,2051,314,0.56031343627563956
039526,906,2051,127,0.54982114632726065
039526,908,2051,118,0.52329776040883813
039526,908,2051,130,0.54804252782193963
039526,909,2051,215,0.54888937282229966
039526,909,2051,234,0.56736622711983331
039526,909,2051,237,0.56230427974947805
039526,910,2051,405,0.55223984904605494
039526,910,2051,414,0.54744399373098551
039526,911,2051,162,0.54170234629217329
039526,912,2051,285,0.54660398294691348
039526,913,2051,229,0.56595333945429294
039526,914,2051,293,0.55742072319072988
039526,915,2051,257,0.56075218814895977
039526,915,2051,262,0.5391235688906435
039526,915,2051,268,0.57857899222603892
039526,916,2051,116,0.54698352447100629
039526,916,2051,134,0.55249423473722536
039526,917,2051,111,0.55080488512804482
039526,917,2051,112,0.55851195895059169
039526,917,2051,123,0.54685684522617095
039526,917,2051,134,0.55001479144068632
039526,918,2051,242,0.55717189004171574
039526,919,2051,390,0.53743391913130445
039526,919,2051,394,0.5605481806895235
039526,919,2051,399,0.53808721538864168
039526,919,2051,414,0.52337717766655023
039526,919,2051,416,0.54947688891879165
039526,920,2051,399,0.54429182275702881
039526,920,2051,409,0.55960927960927964
039526,923,2051,309,0.55782848151062159
039526,923,2051,311,0.53958197810900244
039526,924,2051,109,0.54176926233712941
039526,924,2051,110,0.55525423728813561
039526,926,2051,97,0.55032224563975685
039526,926,2051,112,0.5083002179207794
039526,928,2051,117,0.55390128192187338
039526,929,2051,309,0.49645390070921985
039526,930,2051,196,0.55064299402027106
039526,930,2051,201,0.5607736440527592
039526,930,2051,203,0.5240172349593063
039526,931,2051,370,0.55079184293307304
039526,933,2051,99,0.54370602434389603
039526,935,2051,347,0.54598430246337004
039526,936,2051,225,0.547412350197505
039526,936,2051,230,0.5734313368289321
039526,936,2051,240,0.55224298326204546
039526,936,2051,244,0.54310981236542599
039526,937,2051,439,0.53781107410416906
039526,937,2051,441,0.53094630544546395
039526,937,2051,461,0.54546606775295825
039526,937,2051,466,0.55855855855855852
039526,938,2051,151,0.56329868581352549
039526,939,2051,260,0.53927503736920779
039526,939,2051,272,0.5401249399327247
039526,939,2051,278,0.53493449781659386
039526,941,2051,369,0.53371751082211549
039526,941,2051,392,0.55982272733452054
039526,942,2051,306,0.55404326822096195
039526,943,2051,77,0.55500923689072046
039526,943,2051,87,0.54408156475692759
039526,943,2051,92,0.54673590504451042
039526,944,2051,452,0.55667809806284174
039526,945,2051,315,0.52453139918591596
039526,945,2051,335,0.54001327203831584
039526,946,2051,412,0.54367461302777997
039526,947,2051,168,0.55078008334162953
039526,947,2051,172,0.54968848834872386
039526,947,2051,182,0.55145107347070876
039526,947,2051,184,0.55177344648574711
039526,948,2051,295,0.54788641497257184
039526,948,2051,314,0.54993688462509471
039526,949,2051,106,0.53428983108004535
039526,950,2051,108,0.56002209556331128
039526,953,2051,196,0.57125273102132501
039526,953,2051,207,0.53031011115932836
039526,954,2051,196,0.56550462249614797
039526,955,2051,85,0.53440458727830376
039526,956,2051,289,0.554407131845298
039526,956,2051,326,0.53926755460403075
039526,957,2051,298,0.53448913276127097
039526,957,2051,319,0.55880995929935573
039526,957,2051,320,0.5776721074987311
039526,958,2051,296,0.54858031894204584
039526,958,2051,298,0.55075498189521388
039526,959,2051,205,0.54402422524321892
039526,961,2051,145,0.55379727119805622
039526,962,2051,137,0.54302080432793665
039526,962,2051,140,0.54797202329161365
039526,963,2051,328,0.55596039603960401
039526,964,2051,313,0.55451247526554004
039526,965,2051,430,0.55287664838370876
039526,965,2051,456,0.55575676455922107
039526,966,2051,191,0.5556446570799467
039526,966,2051,211,0.55423053650665588
039526,967,2051,314,0.54633878123696489
039526,968,2051,273,0.56376964436991062
039526,969,2051,447,0.52235951750514853
039526,969,2051,451,0.55014168353375403
039526,970,2051,1,0.56114191894653953
039526,970,2051,2,0.54066423191052271
039526,970,2051,22,0.54058229097384625
039526,970,2051,25,0.52005213913291903
039526,972,2051,151,0.53636652568271281
039526,972,2051,153,0.5506308237816443
039526,972,2051,166,0.54393259415698703
039526,973,2051,133,0.5491393600977178
039526,974,2051,84,0.54958588714886536
039526,974,2051,105,0.55339070695131864
039526,976,2051,138,0.55254198385677666
039526,976,2051,139,0.54343699468022777
039526,976,2051,150,0.54780595813204513
039526,977,2051,271,0.54859811941357006
039526,979,2051,154,0.55086656180459415
039526,980,2051,48,0.53741565112297307
039526,980,2051,61,0.54634812888438311
039526,980,2051,65,0.5361939372051554
039526,981,2051,136,0.5615732355583043
039526,983,2051,127,0.55608948901244371
039526,984,2051,213,0.5434186684012452
039526,986,2051,98,0.5402024446142093
039526,988,2051,392,0.55473124479466973
039526,989,2051,419,0.549248716039483
039526,989,2051,425,0.53580063957569612
039526,989,2051,426,0.55950629393493545
039526,991,2051,294,0.55168948624544656
039526,992,2051,52,0.53355127322780449
039526,993,2051,198,0.52772382537920826
039526,996,2051,179,0.5396445055484631
039526,996,2051,193,0.53748170349201929
039526,997,2051,227,0.52393933576502205
039526,998,2051,335,0.54233973031432647
039526,999,2051,16,0.53727604734316148
039526,999,2051,19,0.53885552269747872
039526,1000,2051,299,0.56105315449577742
039526,1001,2051,366,0.55377679538665237
039526,1001,2051,370,0.55910302864565531
039526,1002,2051,138,0.56789010672050766
039526,1005,2051,82,0.55162607131111063
039526,1006,2051,88,0.54350671522877303
039526,1006,2051,94,0.54425489104841818
039526,1007,2051,394,0.53703675072280033
039526,1007,2051,418,0.55741962904806319
039526,1008,2051,87,0.54817427433254573
039526,1009,2051,161,0.55679354309960272
039526,1010,2051,365,0.55830227245400987
039526,1010,2051,373,0.55577437276846475
039526,1010,2051,375,0.54889189299905783
039526,1012,2051,374,0.53925606486416644
039526,1014,2051,234,0.54536029030585798
039526,1014,2051,241,0.55247458691471407
039526,1016,2051,65,0.5560318233479461
039526,1017,2051,419,0.55171059471323236
039526,1018,2051,205,0.54471823307685119
039526,1018,2051,214,0.53837299534402483
039526,1018,2051,219,0.54177782216072012
039526,1020,2051,197,0.55966240784601529
039526,1021,2051,222,0.54357111492555188
039526,1022,2051,138,0.54788275815492671
039526,1023,2051,266,0.53452543808220965
039526,1023,2051,267,0.55701735590314982
039526,1024,2051,225,0.54610396513234827
039526,1024,2051,244,0.55527208576468989
039526,1025,2051,243,0.57862950058072005
039526,1026,2051,175,0.53251676048768071
039526,1026,2051,178,0.54657416790084967
039526,1026,2051,188,0.55958040902573392
039526,1028,2051,121,0.53975358552314945
039526,1028,2051,136,0.54392568547551623
039526,1028,2051,144,0.5613763670312083
039526,1029,2051,269,0.5461371073570207
039526,1031,2051,225,0.5379974788402665
039526,1031,2051,247,0.56000066125539338
039526,1032,2051,240,0.52882759588728634
039526,1033,2051,98,0.54819549133349543
039526,1033,2051,113,0.54379513744470076
039526,1034,2051,336,0.54363709523708681
039526,1035,2051,148,0.54114569916975452
039526,1037,2051,47,0.55606795394364938
039526,1037,2051,48,0.55278075729790199
039526,1038,2051,162,0.54073740602349973
039526,1039,2051,200,0.54698170971033833
039526,1040,2051,239,0.54109742441209407
039526,1041,2051,169,0.54458692323160451
039526,1041,2051,178,0.54978577223405334
039526,1042,2051,346,0.55094762161489652
039526,1043,2051,238,0.5400164049683619
039526,1043,2051,248,0.54127341488571212
039526,1043,2051,253,0.54715432473693715
039526,1044,2051,198,0.54589866468152426
039526,1045,2051,262,0.55998906805138016
039526,1045,2051,266,0.53872653938313819
039526,1047,2051,78,0.54885011895321179
039526,1048,2051,385,0.55242417005015521
039526,1048,2051,400,0.54311687799491237
039526,1049,2051,116,0.55273464943093997
039526,1049,2051,129,0.55187067880551155
039526,1050,2051,129,0.54574215660427106
039526,1050,2051,151,0.55231366267151039
039526,1051,2051,79,0.55061187870087924
039526,1052,2051,311,0.5506790987852499
039526,1053,2051,339,0.55085434394961963
039526,1055,2051,71,0.54330134232540039
039526,1056,2051,400,0.55237057220708452
039526,1056,2051,406,0.54519922390043629
039526,1056,2051,409,0.54303477754031471
039526,1056,2051,422,0.54498019363563466
039526,1056,2051,423,0.54834074273653954
039526,1057,2051,121,0.55002103119257928
039526,1057,2051,125,0.54321378268590903
039526,1058,2051,155,0.54424915798846352
039526,1058,2051,167,0.54606115288220547
039526,1059,2051,248,0.55224253678045998
039526,1059,2051,261,0.54917560560752787
039526,1059,2051,263,0.55907441906069222
039526,1060,2051,160,0.54612594274380855
039526,1060,2051,167,0.55473908413205542
039526,1060,2051,181,0.56107948614455316
039526,1060,2051,192,0.55284089614148646
039526,1061,2051,426,0.55539802562486873
039526,1061,2051,441,0.53336540875240568
039526,1061,2051,456,0.54767775329626134
039526,1062,2051,248,0.55361141602634467
039526,1063,2051,303,0.54876049873958599
039526,1064,2051,276,0.54148211599532003
039526,1065,2051,185,0.5608728719358802
039526,1065,2051,193,0.56659696705170626
039526,1065,2051,194,0.54520481838261226
039526,1066,2051,197,0.54848955636112551
039526,1066,2051,198,0.55139770465505467
039526,1066,2051,199,0.56381831514471814
039526,1069,2051,191,0.56169291468386984
039526,1069,2051,202,0.54040755697906517
039526,1070,2051,120,0.54810688946356345
039526,1070,2051,135,0.54429524400688301
039526,1071,2051,361,0.55995939086294422
039526,1072,2051,237,0.53645060026301272
039526,1073,2051,209,0.55845264056129706
039526,1073,2051,217,0.57178080322772418
039526,1073,2051,222,0.56395218023909877
039526,1074,2051,305,0.54309860736747528
039526,1075,2051,468,0.52381505126716965
039526,1077,2051,149,0.53938799484483169
039526,1077,2051,156,0.56425784585473515
039526,1077,2051,165,0.54012616021021798
039526,1078,2051,174,0.54816664774662283
039526,1078,2051,176,0.57459639659886874
039526,1078,2051,181,0.55391766609311999
039526,1079,2051,274,0.55787729038293377
039526,1079,2051,279,0.54307270479023673
039526,1080,2051,142,0.56357628975201568
039526,1080,2051,156,0.55435711000635113
039526,1080,2051,159,0.56418971110767802
039526,1083,2051,308,0.57728490791949372
039526,1083,2051,327,0.55309078381738386
039526,1083,2051,333,0.54988293342132966
039526,1084,2051,252,0.53737794955248164
039526,1085,2051,78,0.53826494222813936
039526,1085,2051,93,0.55625752105896509
039526,1086,2051,250,0.55709718022540833
039526,1087,2051,331,0.53143449160486111
039526,1090,2051,220,0.55926557173845681
039526,1090,2051,234,0.53871865045538159
039526,1091,2051,132,0.55422904191616762
039526,1092,2051,122,0.55114317774798327
039526,1092,2051,124,0.54492728748529484
039526,1092,2051,142,0.53906047235920063
039526,1094,2051,293,0.54319720767888302
039526,1094,2051,302,0.53665450601459275
039526,1094,2051,305,0.56052661218666699
039526,1094,2051,316,0.55167573258466396
039526,1095,2051,213,0.54816997744306195
039526,1097,2051,463,0.54663467609546657
039526,1097,2051,468,0.55026407662698062
039526,1097,2051,472,0.55153284671532843
039526,1098,2051,148,0.56975330431031102
039526,1098,2051,161,0.55229330451954251
039526,1099,2051,341,0.54838466183574874
039526,1100,2051,103,0.55429838308933144
039526,1100,2051,110,0.54314199395770391
039526,1101,2051,79,0.56169167680591225
039526,1105,2051,147,0.55035602509259385
039526,1106,2051,351,0.49873351951678896
039526,1106,2051,355,0.53830431767582754
039526,1106,2051,356,0.53864168618266983
039526,1106,2051,358,0.54711494775102232
039526,1110,2051,168,0.5452201491651969
039526,1111,2051,240,0.55469488499107233
039526,1111,2051,258,0.54634781757535145
039526,1112,2051,273,0.55389358300981961
039526,1113,2051,477,0.54502068784342916
039526,1117,2051,178,0.54035642696066144
039526,1117,2051,186,0.53306820739851435
039526,1119,2051,327,0.54280254601943878
039526,1121,2051,221,0.51691569418693428
039526,1121,2051,234,0.55819526134368713
039526,1122,2051,48,0.54369924364906808
039526,1122,2051,60,0.55184499099441187
039526,1123,2051,263,0.54165149760052955
039526,1123,2051,267,0.53546930732583375
039526,1123,2051,273,0.52976030164287635
039526,1123,2051,293,0.54589886667820853
039526,1124,2051,155,0.55057127312295973
039526,1124,2051,159,0.5395042041171354
039526,1124,2051,170,0.54296336964583269
039526,1125,2051,274,0.53255253186358942
039526,1125,2051,288,0.54277004202026857
039526,1125,2051,293,0.54629190910296987
039526,1126,2051,293,0.53901775301282884
039526,1126,2051,295,0.54877646048677386
039526,1126,2051,296,0.54226686884003028
039526,1126,2051,300,0.535048005375095
039526,1128,2051,189,0.50932466453205583
039526,1129,2051,150,0.55091913351169419
039526,1130,2051,209,0.53729886324274967
039526,1130,2051,213,0.54561420949729922
039526,1130,2051,223,0.55136483208636533
039526,1133,2051,493,0.55022219317736243
039526,1133,2051,494,0.54867552746537784
039526,1136,2051,494,0.54561974559178861
039526,1136,2051,496,0.52931830218657794
039526,1136,2051,503,0.54983643276060234
039526,1137,2051,448,0.55354788510169239
039526,1137,2051,470,0.55793324310924708
039526,1140,2051,224,0.5373230067471253
039526,1140,2051,250,0.53676647529994159
039526,1141,2051,487,0.55203948687111648
039526,1141,2051,490,0.54394096827613081
039526,1143,2051,327,0.54683882748051782
039526,1144,2051,78,0.55279855847770754
039526,1144,2051,98,0.55565227264125949
039526,1146,2051,169,0.53613449340972863
039526,1146,2051,192,0.54805725971370145
039526,1147,2051,304,0.52505874648484152
039526,1148,2051,74,0.55974253636473126
039526,1148,2051,91,0.54365847793345234
039526,1151,2051,175,0.53869074727076371
039526,1153,2051,200,0.55125032750138281
039526,1154,2051,96,0.54116222760290555
039526,1154,2051,107,0.55807069846678026
039526,1155,2051,158,0.5397838029416977
039526,1156,2051,161,0.55684677129507609
039526,1156,2051,175,0.56026187318339593
039526,1158,2051,102,0.5650797670296277
039526,1158,2051,109,0.56409156112452952
039526,1159,2051,110,0.53980414469571902
039526,1159,2051,113,0.54953713444140539
039526,1159,2051,124,0.54352023478529499
039526,1159,2051,130,0.55434769652541871
039526,1159,2051,139,0.56745255499502389
039526,1160,2051,359,0.53581556118596574
039526,1160,2051,360,0.56359971300693568
039526,1161,2051,246,0.54755545476688416
039526,1162,2051,44,0.54319531059797366
039526,1163,2051,266,0.57535676992690565
039526,1164,2051,477,0.54813430315040423
039526,1165,2051,333,0.56453605064072876
039526,1168,2051,301,0.54077213099429777
039526,1168,2051,304,0.55602684407774328
039526,1169,2051,72,0.46578797106966119
039526,1169,2051,77,0.54798294654707802
039526,1171,2051,316,0.55148922365726571
039526,1172,2051,134,0.54733039431790353
039526,1173,2051,452,0.54986740977122572
039526,1173,2051,465,0.5463271325594814
039526,1174,2051,312,0.54017671195242778
039526,1175,2051,91,0.55744658195499397
039526,1176,2051,210,0.53523493210901629
039526,1176,2051,213,0.53811237645036525
039526,1176,2051,228,0.54412236804834291
039526,1177,2051,83,0.55000525633388231
039526,1178,2051,89,0.54425019913637696
039526,1178,2051,94,0.52634109210368174
039526,1179,2051,48,0.5494162057764902
039526,1181,2051,239,0.54269866549508483
039526,1182,2051,336,0.54176142406047023
039526,1183,2051,136,0.54703934889816186
039526,1183,2051,161,0.5427951458651451
039526,1183,2051,162,0.55174057786363073
039526,1184,2051,267,0.53498105858758105
039526,1185,2051,390,0.54740769411361601
039526,1187,2051,214,0.53702735060617679
039526,1187,2051,243,0.53517804624558662
039526,1188,2051,176,0.54660117730868729
039526,1190,2051,275,0.54417878914162221
039526,1190,2051,289,0.5431603020955218
039526,1192,2051,208,0.54139498122900609
039526,1193,2051,317,0.56968867361622966
039526,1197,2051,51,0.55351433888438228
039526,1198,2051,77,0.55505832855230441
039526,1201,2051,131,0.54790988696568099
039526,1202,2051,127,0.54079918821512296
039526,1203,2051,107,0.5596884012725597
039526,1203,2051,131,0.54305055860632456
039526,1203,2051,132,0.5438293330622721
039526,1207,2051,205,0.54173233742205162
039526,1208,2051,370,0.54709620787530711
039526,1208,2051,384,0.54068379822827439
039526,1209,2051,25,0.55075886906293114
039526,1210,2051,188,0.55343604793348011
039526,1210,2051,214,0.54558352713297842
039526,1211,2051,149,0.56312117422497199
039526,1211,2051,152,0.54044267943701452
039526,1211,2051,162,0.54670427511147202
039526,1213,2051,216,0.55367155204810226
039526,1213,2051,217,0.54960775793060856
039526,1213,2051,219,0.54374461364031079
039526,1213,2051,229,0.54304857621440539
039526,1214,2051,261,0.53256072433718338
039526,1216,2051,301,0.54198927933293628
039526,1216,2051,329,0.52891722099039173
039526,1216,2051,330,0.54829950275527384
039526,1217,2051,312,0.5373057923161586
039526,1217,2051,315,0.54707178186957062
039526,1217,2051,318,0.54263756395076068
039526,1217,2051,326,0.54869096055191935
039526,1218,2051,272,0.53816979009040466
039526,1218,2051,294,0.55023041474654377
039526,1219,2051,194,0.55627306273062727
039526,1220,2051,153,0.55245519966135181
039526,1220,2051,159,0.54243510054844601
039526,1221,2051,62,0.56115253972592039
039526,1221,2051,66,0.54401917908281283
039526,1221,2051,74,0.30951642837361376
039526,1223,2051,192,0.5590898011769212
039526,1224,2051,386,0.54059138685534336
039526,1224,2051,409,0.53774036217679455
039526,1224,2051,410,0.54626961445453848
039526,1224,2051,411,0.53367107931542834
039526,1225,2051,88,0.55579322638146167
039526,1226,2051,45,0.50888309604972926
039526,1228,2051,362,0.54734780291792084
039526,1228,2051,373,0.5397934386391251
039526,1230,2051,228,0.55592430168701357
039526,1231,2051,296,0.56396482909702006
039526,1231,2051,300,0.54268063927169052
039526,1232,2051,83,0.54496509214416
039526,1234,2051,216,0.56650280898876404
039526,1234,2051,218,0.56457839924731534
039526,1235,2051,448,0.55014435070213308
039526,1237,2051,136,0.54792215195027283
039526,1237,2051,144,0.55007618518270074
039526,1237,2051,163,0.53609566851977764
039526,1237,2051,165,0.54693807437945552
039526,1239,2051,51,0.5528219671486384
039526,1241,2051,186,0.54103347538259494
039526,1242,2051,449,0.55710821306832636
039526,1242,2051,450,0.53678994656875911
039526,1243,2051,514,0.54530662478669911
039526,1243,2051,523,0.53477402421152331
039526,1244,2051,177,0.57268141344309953
039526,1245,2051,352,0.55224094400773538
039526,1246,2051,271,0.55309546769527484
039526,1246,2051,272,0.53649649491068951
039526,1247,2051,268,0.54261730520878171
039526,1249,2051,89,0.53714908034849951
039526,1250,2051,94,0.53926729409262508
039526,1251,2051,120,0.54792946561773181
039526,1252,2051,338,0.55518464427289793
039526,1252,2051,344,0.54350306162836726
039526,1253,2051,132,0.54894663603119642
039526,1254,2051,138,0.54505725024036356
039526,1254,2051,148,0.55516179093414864
039526,1255,2051,100,0.55086436969536678
039526,1255,2051,111,0.55040225648257957
039526,1256,2051,70,0.53431056447680914
039526,1257,2051,241,0.54460743423328106
039526,1257,2051,244,0.52716914201766485
039526,1258,2051,196,0.55518765545539517
039526,1258,2051,209,0.55084711819601873
039526,1259,2051,188,0.55305983043355966
039526,1260,2051,153,0.54004611837048422
039526,1260,2051,157,0.55659034286392217
039526,1260,2051,159,0.55872256812101984
039526,1262,2051,107,0.54714449980835567
039526,1263,2051,59,0.53888212554195769
039526,1264,2051,126,0.55816967247257754
039526,1266,2051,252,0.54924431424938436
039526,1266,2051,256,0.53427768166089962
039526,1266,2051,279,0.53474237612629727
039526,1267,2051,286,0.54827877309820838
039526,1267,2051,289,0.55333572922111862
039526,1268,2051,89,0.54104160769883947
039526,1270,2051,111,0.54618605497906425
039526,1272,2051,265,0.55383041268088284
039526,1273,2051,57,0.54582304602572129
039526,1273,2051,75,0.55830588466643727
039526,1274,2051,305,0.54981407872804211
039526,1274,2051,325,0.53890129522108088
039526,1275,2051,123,0.5481771567025413
039526,1275,2051,135,0.54942412508940242
039526,1275,2051,137,0.54064800386867984
039526,1275,2051,148,0.54204253758709209
039526,1276,2051,95,0.56115205651597999
039526,1276,2051,119,0.52653048610896502
039526,1277,2051,326,0.54886843704468413
039526,1277,2051,328,0.54972904323240213
039526,1279,2051,249,0.55683159618956979
039526,1279,2051,257,0.5468337498679996
039526,1279,2051,273,0.55067071713827354
039526,1280,2051,176,0.56324119686188656
039526,1282,2051,54,0.55678978815860947
039526,1283,2051,309,0.54412425855292734
039526,1283,2051,321,0.55333000689048872
039526,1286,2051,104,0.52668961095927391
039526,1287,2051,159,0.55211486655372566
039526,1288,2051,326,0.54976085605425995
039526,1288,2051,345,0.57932227117387902
039526,1289,2051,165,0.54111865876571763
039526,1290,2051,189,0.54487645027012666
039526,1290,2051,190,0.5591163888479127
039526,1290,2051,204,0.54190609019060898
039526,1291,2051,306,0.55046200414210611
039526,1292,2051,339,0.53295688820076337
039526,1292,2051,347,0.53997662863616491
039526,1292,2051,359,0.55869812609058489
039526,1293,2051,142,0.54041133963312948
039526,1293,2051,170,0.53985662061434747
039526,1294,2051,371,0.54168854497720054
039526,1295,2051,77,0.54066437571592207
039526,1299,2051,200,0.55310398488301005
039526,1299,2051,217,0.54950407887786845
039526,1300,2051,135,0.54149130074565033
039526,1301,2051,99,0.53966644283345444
039526,1302,2051,62,0.53616534544934624
039526,1302,2051,64,0.54751405494688665
039526,1302,2051,83,0.53183447630922698
039526,1303,2051,278,0.55049953595021017
039526,1303,2051,286,0.54356795745591246
039526,1304,2051,142,0.57081142408308427
039526,1304,2051,148,0.54707268617941107
039526,1305,2051,471,0.53817177945767436
039526,1305,2051,477,0.55167469292787186
039526,1305,2051,482,0.56348301259206457
039526,1306,2051,303,0.5464124221482809
039526,1306,2051,307,0.54555474806201554
039526,1307,2051,186,0.5295609398392862
039526,1308,2051,400,0.54500649132086354
039526,1308,2051,424,0.55117710053908842
039526,1309,2051,196,0.56094729510099839
039526,1311,2051,63,0.54204694212437998
039526,1311,2051,91,0.53566644915341555
039526,1311,2051,93,0.55825688271059648
039526,1312,2051,117,0.54813425139231309
039526,1312,2051,119,0.5432209469153515
039526,1312,2051,128,0.54582070800384308
039526,1314,2051,368,0.54412579113924053
039526,1315,2051,65,0.56035318736283368
039526,1316,2051,215,0.55050145503141124
039526,1319,2051,230,0.55674275066961687
039526,1319,2051,234,0.55666403340480763
039526,1320,2051,81,0.54250862331002947
039526,1322,2051,190,0.56473667864590271
039526,1325,2051,152,0.53962813953873412
039526,1326,2051,349,0.5404328578455484
039526,1328,2051,376,0.54277862672756594
039526,1329,2051,339,0.54765666140073721
039526,1330,2051,179,0.55498218719637271
039526,1331,2051,147,0.55661520015660171
039526,1332,2051,212,0.55142951674743579
039526,1333,2051,132,0.54388555534720917
039526,1333,2051,162,0.53259604190919674
039526,1333,2051,163,0.55268477617222866
039526,1334,2051,171,0.55914573516060695
039526,1334,2051,175,0.56242340850944894
039526,1337,2051,123,0.54768592322680232
039526,1338,2051,118,0.52611158873972175
039526,1338,2051,121,0.53415230254695134
039526,1339,2051,60,0.54379947686604657
039526,1339,2051,77,0.53070074575380266
039526,1340,2051,274,0.5529857853972362
039526,1340,2051,286,0.54619785045648905
039526,1341,2051,300,0.54260045169136073
039526,1341,2051,311,0.54653094867400209
039526,1341,2051,318,0.55862550718606485
039526,1343,2051,103,0.53967060239151687
039526,1344,2051,181,0.55723537785976385
039526,1345,2051,345,0.54581548544395109
039526,1346,2051,187,0.55900837229531364
039526,1347,2051,308,0.54394537877862392
039526,1347,2051,309,0.54649796656122906
039526,1349,2051,354,0.53308138512919667
039526,1350,2051,399,0.5536337295251611
039526,1351,2051,200,0.54330668124017378
039526,1352,2051,161,0.53947648435837414
039526,1353,2051,401,0.55401645445054426
039526,1354,2051,174,0.53824071745872093
039526,1355,2051,55,0.54183835863908125
039526,1355,2051,58,0.56474951160557596
039526,1356,2051,391,0.54941850251220969
039526,1356,2051,405,0.54838878837934923
039526,1359,2051,93,0.55329114623632147
039526,1361,2051,253,0.54075085579603055
039526,1364,2051,49,0.55209280724500265
039526,1364,2051,57,0.54639491814919305
039526,1365,2051,232,0.54339638883508723
039526,1365,2051,235,0.55358257545928613
039526,1365,2051,236,0.54779622209501999
039526,1366,2051,76,0.54463689702420681
039526,1366,2051,77,0.56488940033243829
039526,1367,2051,412,0.56221452777368497
039526,1367,2051,423,0.54332743573941911
039526,1367,2051,441,0.54882531785516864
039526,1367,2051,444,0.55147554516062458
039526,1368,2051,348,0.53994696615192639
039526,1369,2051,366,0.57146847937424339
039526,1369,2051,368,0.55590171803254929
039526,1369,2051,378,0.54539052355905715
039526,1370,2051,250,0.54766174344929519
039526,1370,2051,256,0.5192221391174271
039526,1370,2051,261,0.55411865434697305
039526,1371,2051,179,0.55655428315526834
039526,1371,2051,183,0.54605192054125329
039526,1372,2051,152,0.55090010095278796
039526,1372,2051,153,0.54415108791918998
039526,1372,2051,164,0.52541385246987149
039526,1373,2051,270,0.54986473192326613
039526,1373,2051,272,0.55305025813928987
039526,1374,2051,389,0.55700724711646421
039526,1374,2051,390,0.56661873951593578
039526,1375,2051,65,0.54576846366802612
039526,1375,2051,82,0.53956478733926805
039526,1377,2051,157,0.54380108207666633
039526,1378,2051,46,0.56483516483516483
039526,1379,2051,358,0.5509058149866719
039526,1380,2051,319,0.53049377079120741
039526,1382,2051,228,0.54690012136048216
039526,1383,2051,381,0.55297076968272618
039526,1384,2051,164,0.55050975298692562
039526,1387,2051,143,0.54104812868240482
039526,1388,2051,216,0.5319123458268471
039526,1388,2051,245,0.54538797269984474
039526,1389,2051,206,0.52914654721042531
039526,1389,2051,208,0.55824390243902444
039526,1389,2051,211,0.53573753888446796
039526,1389,2051,212,0.52939063594403835
039526,1389,2051,213,0.53170233033619108
039526,1390,2051,209,0.5266704401498612
039526,1392,2051,435,0.54296612863348992
039526,1392,2051,442,0.54548040679894749
039526,1392,2051,445,0.54306404984304779
039526,1394,2051,421,0.53944696717982799
039526,1395,2051,223,0.55025571769766546
039526,1395,2051,230,0.54470226532266697
039526,1396,2051,48,0.54829891546575549
039526,1397,2051,335,0.56040098613854916
039526,1398,2051,197,0.53626031269832108
039526,1400,2051,120,0.55521513254295995
039526,1400,2051,137,0.54674263816054858
039526,1400,2051,140,0.52525121555915721
039526,1402,2051,91,0.55193712199018596
039526,1402,2051,94,0.54455303248059783
039526,1402,2051,101,0.55475765112504527
039526,1403,2051,225,0.5436752862354588
039526,1403,2051,237,0.55122440915450088
039526,1404,2051,107,0.54593138391821738
039526,1407,2051,387,0.5582051186064213
039526,1407,2051,389,0.54612263854549425
039526,1407,2051,400,0.55052981270404944
039526,1407,2051,402,0.54926500780159315
039526,1407,2051,417,0.55163262198438079
039526,1408,2051,274,0.55087998841167529
039526,1408,2051,275,0.53214062360403824
039526,1409,2051,222,0.55316412859560071
039526,1410,2051,192,0.54246581902641089
039526,1412,2051,403,0.55854054729476443
039526,1412,2051,404,0.56112146982582201
039526,1413,2051,377,0.55178712990728296
039526,1413,2051,379,0.53946684058880345
039526,1413,2051,380,0.54350937854367665
039526,1413,2051,388,0.57751290064684935
039526,1414,2051,298,0.52679908174468515
039526,1415,2051,131,0.53577824495834303
039526,1415,2051,133,0.5627226996436806
039526,1415,2051,141,0.54189470503307258
039526,1416,2051,210,0.54978945923887523
039526,1417,2051,165,0.51274140587310724
039526,1417,2051,167,0.54921000383736251
039526,1418,2051,429,0.54866427120762384
039526,1419,2051,262,0.53000559309756745
039526,1419,2051,263,0.54392081880553367
039526,1419,2051,276,0.54192805956096457
039526,1420,2051,273,0.57452760814656134
039526,1421,2051,165,0.54990023580627612
039526,1422,2051,196,0.54293276681700242
039526,1423,2051,314,0.53747779070213342
039526,1423,2051,316,0.54569414741407873
039526,1424,2051,145,0.56501046239691466
039526,1424,2051,148,0.54797933084218187
039526,1424,2051,155,0.53922443574389678
039526,1424,2051,159,0.55857197403589154
039526,1425,2051,226,0.2416254449632472
039526,1425,2051,229,0.53043698679591667
039526,1426,2051,75,0.53767867792762458
039526,1428,2051,211,0.54471300605514683
039526,1428,2051,235,0.54129073763160784
039526,1429,2051,86,0.55237440220086054
039526,1432,2051,98,0.54469132836896472
039526,1432,2051,105,0.55008355964069355
039526,1432,2051,111,0.54973688985665037
039526,1433,2051,77,0.53548061232418986
039526,1433,2051,85,0.55171554374013454
039526,1433,2051,97,0.54579859017279742
039526,1434,2051,281,0.56558197010709665
039526,1434,2051,291,0.55525299064068923
039526,1435,2051,196,0.53811602051543439
039526,1438,2051,61,0.52544191110541827
039526,1440,2051,372,0.56825126623784339
039526,1441,2051,219,0.54811923349893543
039526,1441,2051,220,0.55511350339340038
039526,1442,2051,69,0.54941856683879864
039526,1442,2051,72,0.54650594069091096
039526,1442,2051,77,0.52823109146513836
039526,1442,2051,78,0.5459418426311794
039526,1442,2051,90,0.5544619422572179
039526,1443,2051,272,0.53588747488278632
039526,1443,2051,280,0.5539676485764925
039526,1444,2051,157,0.53366535152965522
039526,1444,2051,158,0.51958034694089539
039526,1444,2051,174,0.5497679772653693
039526,1444,2051,177,0.54414470317994279
039526,1445,2051,372,0.55225182094860303
039526,1445,2051,388,0.55281010091255856
039526,1446,2051,23,0.53397597508527361
039526,1446,2051,35,0.54171857966048897
039526,1447,2051,288,0.55923491379310342
039526,1447,2051,294,0.5509332682688789
039526,1447,2051,312,0.5526852985933266
039526,1448,2051,237,0.53389448725548305
039526,1448,2051,239,0.53867234231978411
039526,1449,2051,187,0.56051947218030629
039526,1450,2051,132,0.54043360559013398
039526,1450,2051,137,0.54956708535407073
039526,1451,2051,244,0.54666768923997244
039526,1451,2051,246,0.54845706127827809
039526,1451,2051,258,0.54382218225756596
039526,1451,2051,260,0.53816944621647078
039526,1452,2051,524,0.54803638309256286
039526,1453,2051,381,0.57083039586404327
039526,1456,2051,42,0.54450368819613681
039526,1458,2051,43,0.54284099552100062
039526,1458,2051,51,0.53867840645399145
039526,1459,2051,153,0.53037534255011243
039526,1459,2051,164,0.5464724266062948
039526,1461,2051,151,0.5474716706954128
039526,1462,2051,67,0.52821490467937604
039526,1462,2051,69,0.52237454499357105
039526,1462,2051,80,0.55168496781522147
039526,1463,2051,378,0.54017242628414108
039526,1463,2051,381,0.52096938582914953
039526,1464,2051,404,0.54318240118693539
039526,1466,2051,185,0.5604903261217582
039526,1466,2051,192,0.54576262980804147
039526,1467,2051,150,0.54420712158561435
039526,1467,2051,157,0.58348064946014311
039526,1467,2051,165,0.53889342740438173
039526,1469,2051,314,0.53882431186420188
039526,1469,2051,341,0.55023080546396608
039526,1469,2051,349,0.55778818552651455
039526,1469,2051,354,0.55738813622182948
039526,1470,2051,434,0.54249185506960218
039526,1470,2051,438,0.56547482179811448
039526,1472,2051,162,0.55446215617975603
039526,1472,2051,168,0.55595292281682818
039526,1472,2051,172,0.54594522997450246
039526,1473,2051,391,0.55048156496792189
039526,1473,2051,396,0.55706825326716725
039526,1474,2051,107,0.55727632001564054
039526,1474,2051,116,0.53251750457326685
039526,1475,2051,95,0.53316432245325796
039526,1477,2051,305,0.53110921350961393
039526,1477,2051,313,0.54290300864792085
039526,1477,2051,327,0.55614213824827885
039526,1478,2051,123,0.54813007112612899
039526,1478,2051,137,0.54223302988735089
039526,1478,2051,143,0.54223386236748006
039526,1479,2051,129,0.55491755379963925
039526,1480,2051,96,0.54212909067391024
039526,1480,2051,105,0.53258825616462657
039526,1482,2051,256,0.54176406312673753
039526,1482,2051,262,0.55847506210586662
039526,1482,2051,268,0.53988950276243097
039526,1483,2051,233,0.54223707398576748
039526,1485,2051,242,0.56575118049532624
039526,1485,2051,255,0.54520738962185533
039526,1485,2051,258,0.55661130877669784
039526,1485,2051,268,0.53972573558780457
039526,1487,2051,212,0.55507685567198506
039526,1488,2051,205,0.5631994067682351
039526,1489,2051,229,0.54215997890266077
039526,1489,2051,234,0.55364019308300039
039526,1490,2051,84,0.55884652675695112
039526,1492,2051,353,0.5602064635861449
039526,1492,2051,363,0.52402757510189701
039526,1493,2051,288,0.55307095509444615
039526,1493,2051,289,0.55078259239588867
039526,1494,2051,236,0.55176630434782614
039526,1496,2051,139,0.55181911613566292
039526,1496,2051,150,0.54188216621514385
039526,1497,2051,127,0.53823603155316402
039526,1498,2051,314,0.54565061107117185
039526,1499,2051,393,0.54454605371560394
039526,1500,2051,89,0.5427341899547975
039526,1500,2051,117,0.54695247434498573
039526,1503,2051,206,0.54324494652582467
039526,1505,2051,143,0.54115658000725853
039526,1506,2051,309,0.54590340314521957
039526,1506,2051,327,0.53499818159776946
039526,1508,2051,284,0.5519116479391738
039526,1508,2051,293,0.53835312462516494
039526,1509,2051,213,0.55299421788634451
039526,1510,2051,93,0.55477260238549309
039526,1512,2051,232,0.55238613074574427
039526,1512,2051,252,0.54842299549427287
039526,1513,2051,172,0.55003281307957885
039526,1516,2051,354,0.54890515874354739
039526,1516,2051,360,0.54345448580073641
039526,1516,2051,381,0.55311745082250086
039526,1517,2051,64,0.54434079912206312
039526,1517,2051,75,0.53775619418840559
039526,1517,2051,93,0.52379383074083841
039526,1517,2051,96,0.5582652570879385
039526,1519,2051,94,0.56081100735957179
039526,1519,2051,116,0.54299444637990035
039526,1519,2051,117,0.54907406017483029
039526,1520,2051,224,0.56110999396742411
039526,1522,2051,184,0.57628373376404873
039526,1523,2051,152,0.5624160773431206
039526,1523,2051,173,0.5589819384253113
039526,1524,2051,216,0.55935063988926392
039526,1525,2051,52,0.55528733842080669
039526,1527,2051,477,0.57172039815777742
039526,1527,2051,481,0.55618940035771436
039526,1527,2051,488,0.54743083003952564
039526,1528,2051,440,0.56105270017812925
039526,1528,2051,451,0.55999711638971994
039526,1532,2051,291,0.56795701550860911
039526,1532,2051,292,0.55765783159114102
039526,1534,2051,165,0.54902888552040685
039526,1534,2051,180,0.54464225012868706
039526,1535,2051,234,0.55461107549956801
039526,1535,2051,242,0.55579212411826784
039526,1536,2051,117,0.5399676324056738
039526,1536,2051,120,0.54258945334572828
039526,1537,2051,71,0.53910178179155477
039526,1539,2051,272,0.54959024327289152
039526,1540,2051,270,0.54026754670281096
039526,1543,2051,220,0.54916718339070747
039526,1543,2051,228,0.55024039541676029
039526,1543,2051,240,0.56403505163121737
039526,1543,2051,243,0.55500672561688236
039526,1544,2051,304,0.55195869122685071
039526,1545,2051,335,0.54780273703723892
039526,1545,2051,347,0.5370834192768954
039526,1545,2051,351,0.54591086548699486
039526,1545,2051,353,0.54578260791763844
039526,1546,2051,277,0.56556020636620263
039526,1546,2051,284,0.54814794989829785
039526,1547,2051,251,0.5338536373860141
039526,1547,2051,259,0.5544785122935475
039526,1549,2051,150,0.54155076495132126
039526,1550,2051,212,0.54352133866647101
039526,1551,2051,61,0.5228364823886168
039526,1553,2051,256,0.55289999999999995
039526,1553,2051,263,0.53534815186381168
039526,1554,2051,121,0.53871923266803023
039526,1555,2051,377,0.55262356835736848
039526,1555,2051,395,0.5464045698924731
039526,1557,2051,82,0.55827300438178695
039526,1557,2051,85,0.55757154498825556
039526,1558,2051,277,0.54970378552063459
039526,1558,2051,282,0.53894432729506703
039526,1558,2051,288,0.55357658825708467
039526,1559,2051,148,0.54781868747665108
039526,1560,2051,204,0.56416721294942263
039526,1560,2051,214,0.54150004984658329
039526,1560,2051,222,0.5494505494505495
039526,1560,2051,226,0.54612156376746279
039526,1560,2051,232,0.54947055622985808
039526,1561,2051,204,0.54819779267113466
039526,1561,2051,218,0.54321081756787659
039526,1561,2051,224,0.54376183463075956
039526,1562,2051,124,0.5412893417312723
039526,1562,2051,127,0.54972599814959788
039526,1563,2051,399,0.54151927573595537
039526,1563,2051,416,0.54653115836820676
039526,1564,2051,242,0.54613885936946516
039526,1564,2051,248,0.54631776747161365
039526,1565,2051,294,0.55723164256526947
039526,1565,2051,296,0.54909733050290244
039526,1565,2051,301,0.53145336225596529
039526,1566,2051,65,0.54847635001599881
039526,1566,2051,82,0.54788778999227916
039526,1567,2051,364,0.559926661086532
039526,1569,2051,121,0.55655219159511971
039526,1570,2051,38,0.55218040667734958
039526,1570,2051,51,0.54339582140812825
039526,1571,2051,446,0.55067643321623438
039526,1572,2051,431,0.54056487924682772
039526,1572,2051,439,0.56082543652893357
039526,1573,2051,173,0.53455845667719937
039526,1573,2051,199,0.53358533194299618
039526,1574,2051,224,0.55195579152670926
039526,1575,2051,187,0.53830535794547507
039526,1577,2051,344,0.54239519341119291
039526,1578,2051,364,0.54135309854565017
039526,1579,2051,310,0.53605297386780182
039526,1580,2051,315,0.55114634371822135
039526,1580,2051,339,0.56533857139065113
039526,1580,2051,346,0.53933722249230276
039526,1582,2051,233,0.55942879639239829
039526,1582,2051,251,0.52248219735503565
039526,1583,2051,85,0.54481755152945599
039526,1584,2051,123,0.55232044626946619
039526,1584,2051,126,0.54619241287427245
039526,1585,2051,59,0.53634939880771948
039526,1585,2051,60,0.54339087254670138
039526,1585,2051,65,0.53582681254760756
039526,1585,2051,91,0.54551968991238076
039526,1586,2051,292,0.5592836155030082
039526,1587,2051,345,0.55222114362316832
039526,1587,2051,351,0.53771326251408336
039526,1587,2051,352,0.54939405067939773
039526,1587,2051,363,0.53246623511547986
039526,1588,2051,168,0.54617147479104877
039526,1588,2051,176,0.57002025256135336
039526,1589,2051,144,0.5663750188565394
039526,1589,2051,146,0.56231518353507082
039526,1590,2051,204,0.54789633396210946
039526,1591,2051,373,0.54573873162500408
039526,1591,2051,388,0.55448717948717952
039526,1592,2051,72,0.55020336159161076
039526,1592,2051,78,0.54304766804519466
039526,1592,2051,82,0.53957245799046227
039526,1593,2051,111,0.55273272257004036
039526,1595,2051,144,0.53844940379529527
039526,1597,2051,201,0.55010341170749433
039526,1597,2051,211,0.55159455616494013
039526,1597,2051,212,0.54609567647542334
039526,1600,2051,151,0.54079485448842657
039526,1601,2051,171,0.54521795705920628
039526,1601,2051,176,0.57080891361213204
039526,1601,2051,187,0.55382126971289936
039526,1602,2051,218,0.53997839005942738
039526,1606,2051,190,0.5561377116079611
039526,1606,2051,194,0.5460982095973711
039526,1607,2051,121,0.5396496463306808
039526,1609,2051,108,0.53264366956001197
039526,1612,2051,286,0.54451630933844375
039526,1614,2051,215,0.55934568889436198
039526,1614,2051,223,0.54745851711825244
039526,1615,2051,212,0.54641100666127129
039526,1623,2051,356,0.53492892722633945
039526,1627,2051,213,0.54656859945865077
039526,1628,2051,196,0.53762561346108906
039526,1629,2051,396,0.54109028562521921
039526,1629,2051,406,0.56869589696671119
039526,1629,2051,415,0.55171520751486958
039526,1631,2051,141,0.55978094597075201
039526,1632,2051,121,0.55441176470588238
039526,1632,2051,127,0.55812478376196517
039526,1632,2051,135,0.55475206611570249
039526,1633,2051,405,0.5453621697568809
039526,1634,2051,104,0.55120804185527017
039526,1634,2051,105,0.53552589935647221
039526,1634,2051,109,0.54416866826794774
039526,1636,2051,87,0.54032163716376136
039526,1638,2051,297,0.53524722073213593
039526,1639,2051,245,0.54288420074570864
039526,1640,2051,82,0.54429360948650529
039526,1641,2051,85,0.52859520639147806
039526,1642,2051,293,0.54699100327722849
039526,1643,2051,464,0.54546831684668173
039526,1643,2051,467,0.54420250034345374
039526,1644,2051,77,0.54755904839191905
039526,1646,2051,186,0.55280881870695964
039526,1647,2051,185,0.5576563694279163
039526,1647,2051,205,0.54216606037398685
039526,1648,2051,110,0.55582765239261367
039526,1649,2051,191,0.55875025166096237
039526,1649,2051,209,0.53999345977763247
039526,1650,2051,116,0.5481157273733348
039526,1652,2051,112,0.54583131090617187
039526,1652,2051,116,0.53895378601014565
039526,1652,2051,118,0.54137286264615103
039526,1653,2051,202,0.54529701069445513
039526,1653,2051,210,0.55197307168946497
039526,1654,2051,264,0.54348534030863616
039526,1656,2051,252,0.55051408135896285
039526,1658,2051,426,0.59715744707760898
039526,1658,2051,433,0.55461126849228837
039526,1659,2051,298,0.54588663999683129
039526,1659,2051,314,0.54655858364829923
039526,1660,2051,151,0.54490532750733378
039526,1660,2051,167,0.5379506641366224
039526,1660,2051,168,0.54419974817665651
039526,1661,2051,203,0.53636384434124129
039526,1662,2051,168,0.55807880993828141
039526,1664,2051,33,0.54140629562576648
039526,1665,2051,236,0.54144853094509016
039526,1665,2051,244,0.5502631008229748
039526,1668,2051,63,0.54936046922478976
039526,1673,2051,179,0.54750558630134794
039526,1673,2051,188,0.54959088721321991
039526,1674,2051,65,0.53596385373109201
039526,1674,2051,76,0.53913715570545251
039526,1674,2051,80,0.56605888184835551
039526,1675,2051,348,0.5286440400065584
039526,1675,2051,360,0.57481639519140038
039526,1676,2051,137,0.56826183335506586
039526,1676,2051,146,0.539610054401779
039526,1676,2051,158,0.55761959274291462
039526,1676,2051,163,0.54603345256063018
039526,1677,2051,157,0.55529905191555351
039526,1677,2051,160,0.56108749278328873
039526,1677,2051,177,0.55130173351244161
039526,1677,2051,189,0.54554387344011002
039526,1680,2051,402,0.55483280080763508
039526,1681,2051,52,0.54287390299168403
039526,1682,2051,181,0.562652890433887
039526,1682,2051,195,0.57545725341722109
039526,1682,2051,200,0.55236568967460031
039526,1682,2051,208,0.53746972822674677
039526,1683,2051,330,0.55156541355344313
039526,1683,2051,336,0.54871594208867924
039526,1683,2051,350,0.56435610036910366
039526,1684,2051,364,0.56781302040974402
039526,1684,2051,373,0.5395867216108079
039526,1684,2051,376,0.55538998593237121
039526,1686,2051,154,0.56611665513947895
039526,1687,2051,282,0.54591465190795219
039526,1688,2051,260,0.53364965461739655
039526,1688,2051,261,0.55684153596538666
039526,1689,2051,359,0.54671625331424956
039526,1689,2051,375,0.52914283841578313
039526,1689,2051,376,0.5629187081291871
039526,1690,2051,167,0.54813649670118403
039526,1690,2051,170,0.54578091141369389
039526,1692,2051,86,0.53689394747302399
039526,1693,2051,138,0.56295030142626079
039526,1693,2051,141,0.54469930002179867
039526,1694,2051,144,0.54359286719455591
039526,1694,2051,154,0.54293989006442456
039526,1695,2051,425,0.53836618729500552
039526,1695,2051,445,0.54666890347474151
039526,1695,2051,454,0.56768605438885122
039526,1697,2051,186,0.53085021729815751
039526,1698,2051,215,0.54946547240681887
039526,1699,2051,358,0.55870487657030576
039526,1699,2051,360,0.54641010039549742
039526,1699,2051,364,0.54219260065288355
039526,1700,2051,309,0.54329632223000235
039526,1701,2051,316,0.53577120191845551
039526,1701,2051,332,0.53093866749688667
039526,1702,2051,169,0.54972104628669149
039526,1703,2051,352,0.53890756619952407
039526,1703,2051,376,0.55629990391942485
039526,1704,2051,307,0.51856989118737296
039526,1704,2051,308,0.54855924728021166
039526,1704,2051,320,0.54272413275266551
039526,1705,2051,246,0.54940351384570896
039526,1706,2051,124,0.54892938091031729
039526,1706,2051,128,0.54346391387003679
039526,1706,2051,136,0.54917596257646639
039526,1707,2051,82,0.5217622888449247
039526,1707,2051,94,0.53928538085012734
039526,1708,2051,208,0.54961120349099857
039526,1710,2051,162,0.56082474226804124
039526,1711,2051,175,0.54727725874047983
039526,1711,2051,185,0.52986386083552073
039526,1712,2051,112,0.55366115282560835
039526,1712,2051,123,0.5403697822141561
039526,1713,2051,186,0.55517941773865942
039526,1714,2051,266,0.5638701952850832
039526,1714,2051,270,0.54899618287246132
039526,1715,2051,326,0.54412327718223585
039526,1715,2051,335,0.53754611448292278
039526,1715,2051,343,0.54990526835326148
039526,1717,2051,320,0.54541529028218583
039526,1719,2051,200,0.52210867545610884
039526,1719,2051,229,0.56454272982445008
039526,1721,2051,377,0.55104275241089962
039526,1722,2051,105,0.56455176767676762
039526,1722,2051,114,0.57437567861020633
039526,1722,2051,124,0.545473300553588
039526,1723,2051,406,0.57448250160924208
039526,1723,2051,424,0.55246747420367881
039526,1723,2051,435,0.53860586356540296
039526,1724,2051,155,0.56040480708412399
039526,1725,2051,546,0.56303012576776834
039526,1725,2051,564,0.54748613379763422
039526,1726,2051,215,0.53210825188406408
039526,1726,2051,232,0.55421182483038156
039526,1728,2051,390,0.53922249367793917
039526,1728,2051,395,0.5306021355447107
039526,1729,2051,279,0.54124302861995366
039526,1729,2051,285,0.52729693741677763
039526,1729,2051,287,0.55627469109859629
039526,1730,2051,273,0.53563562911318174
039526,1730,2051,280,0.54830324179436607
039526,1731,2051,126,0.54620800412968351
039526,1731,2051,129,0.55152824730770567
039526,1731,2051,142,0.56719699392388867
039526,1731,2051,144,0.55295481452249406
039526,1732,2051,66,0.54425614207737816
039526,1732,2051,80,0.560244491618476
039526,1733,2051,287,0.55887739572316664
039526,1734,2051,163,0.55941811227974325
039526,1734,2051,168,0.55794756172951743
039526,1734,2051,172,0.54481843958657272
039526,1734,2051,180,0.55926798553844903
039526,1736,2051,139,0.54552038071591147
039526,1737,2051,334,0.53847761131657579
039526,1737,2051,337,0.53252479343946446
039526,1739,2051,304,0.54900731452455587
039526,1739,2051,306,0.5516061084781464
039526,1740,2051,98,0.55331186546804423
039526,1741,2051,486,0.54524404362927303
039526,1741,2051,500,0.56690378135529762
039526,1741,2051,502,0.5450303174414457
039526,1742,2051,353,0.55505837704361083
039526,1743,2051,302,0.52975344967532467
039526,1744,2051,131,0.54942150460225225
039526,1744,2051,132,0.54378763819396592
039526,1745,2051,98,0.54057402436506297
039526,1745,2051,118,0.53810144426417006
039526,1745,2051,125,0.54105603160620375
039526,1746,2051,218,0.55667342488810678
039526,1746,2051,222,0.55023526155549407
039526,1746,2051,238,0.55316829695074721
039526,1747,2051,345,0.55564327773939937
039526,1748,2051,199,0.54410710401881734
039526,1748,2051,208,0.53112684279667199
039526,1749,2051,454,0.49565535839131736
039526,1750,2051,172,0.57553191489361699
039526,1750,2051,174,0.53695752851050693
039526,1751,2051,144,0.55771630299157005
039526,1751,2051,147,0.54932876321051127
039526,1751,2051,148,0.56478534186717777
039526,1751,2051,153,0.54667320331530644
039526,1752,2051,435,0.54729867713462366
039526,1752,2051,450,0.56355963302752299
039526,1755,2051,127,0.53576699292632868
039526,1755,2051,153,0.54322168409914129
039526,1756,2051,419,0.58796171868609559
039526,1756,2051,432,0.56001517388113242
039526,1756,2051,444,0.53866332679164897
039526,1759,2051,496,0.55253015666449767
039526,1761,2051,390,0.5574637722231669
039526,1761,2051,396,0.55161579892280077
039526,1763,2051,206,0.54916126741812377
039526,1765,2051,427,0.55526286079855491
039526,1765,2051,441,0.5369278112578536
039526,1766,2051,60,0.54445436722874252
039526,1766,2051,71,0.55484119498943951
039526,1766,2051,77,0.55370431038517343
039526,1767,2051,190,0.55647522273299233
039526,1767,2051,194,0.53477558748190224
039526,1769,2051,173,0.55762045802117821
039526,1770,2051,86,0.53648650999356373
039526,1771,2051,88,0.53955649523060278
039526,1772,2051,286,0.54703785435409946
039526,1774,2051,479,0.53834364076364616
039526,1774,2051,492,0.55335944192877251
039526,1775,2051,148,0.53670426896704271
039526,1776,2051,203,0.53270424165735597
039526,1778,2051,125,0.54849025515029204
039526,1778,2051,127,0.53822398158286311
039526,1779,2051,146,0.5523208165698108
039526,1779,2051,154,0.55617792991373205
039526,1780,2051,93,0.55596357665323182
039526,1780,2051,99,0.54932777005099676
039526,1780,2051,101,0.54754054535733376
039526,1781,2051,332,0.54526855277025765
039526,1781,2051,335,0.55188207385389276
039526,1781,2051,350,0.56919804296958099
039526,1782,2051,82,0.54187719764796261
039526,1785,2051,557,0.55631341231917264
039526,1787,2051,111,0.54907239177904088
039526,1788,2051,367,0.56530281872891519
039526,1789,2051,160,0.54525712810038618
039526,1789,2051,165,0.53800393004872182
039526,1790,2051,247,0.53492682716554951
039526,1791,2051,64,0.55406320704414114
039526,1791,2051,71,0.54080672479769154
039526,1791,2051,86,0.54751457622134725
039526,1793,2051,332,0.55239484750840673
039526,1794,2051,317,0.56097644247183343
039526,1796,2051,244,0.54523834143315064
039526,1796,2051,248,0.53511771200626845
039526,1798,2051,192,0.54782153077264117
039526,1798,2051,197,0.54798831479832999
039526,1801,2051,65,0.50479452054794516
039526,1801,2051,74,0.5682263500274316
039526,1802,2051,131,0.55999140026791472
039526,1803,2051,383,0.55058800013325782
039526,1803,2051,386,0.55814668490876385
039526,1805,2051,58,0.55302153276221344
039526,1805,2051,60,0.52614238085899201
039526,1805,2051,63,0.5263771416178703
039526,1805,2051,78,0.55968486574637666
039526,1806,2051,233,0.54749299283712238
039526,1807,2051,391,0.56997210071298177
039526,1807,2051,396,0.53141798524007655
039526,1808,2051,164,0.5682640799189228
039526,1809,2051,197,0.52594358052668599
039526,1809,2051,202,0.55385511709443502
039526,1811,2051,319,0.55850385937913294
039526,1811,2051,338,0.55547396356702994
039526,1812,2051,386,0.5600884195014123
039526,1812,2051,388,0.52772327185064749
039526,1812,2051,396,0.54580778452761169
039526,1814,2051,8,0.55343872287974338
039526,1815,2051,95,0.53387921537677374
039526,1816,2051,367,0.55202226060910331
039526,1816,2051,377,0.54493551605631718
039526,1817,2051,129,0.56953237809619017
039526,1819,2051,251,0.55102179604882862
039526,1819,2051,253,0.54726450779592217
039526,1820,2051,141,0.54696606715057028
039526,1820,2051,175,0.5420370050146982
039526,1821,2051,419,0.55731319016326808
039526,1821,2051,438,0.56497562461913464
039526,1822,2051,270,0.54154568452720109
039526,1822,2051,291,0.54074769180385684
039526,1824,2051,60,0.53259065372829417
039526,1825,2051,430,0.50989377550359483
039526,1826,2051,308,0.53678305843604457
039526,1827,2051,180,0.54273177802589567
039526,1827,2051,191,0.53346951233828743
039526,1828,2051,163,0.5469259518456201
039526,1828,2051,171,0.56268600912285949
039526,1829,2051,273,0.54338710823679914
039526,1830,2051,182,0.55057569621540103
039526,1830,2051,200,0.53855129034653204
039526,1831,2051,363,0.54160355318220332
039526,1831,2051,374,0.54887678602340972
039526,1832,2051,47,0.52396316318027392
039526,1832,2051,53,0.53949443007450615
039526,1833,2051,247,0.54822583274466119
039526,1834,2051,327,0.54181179722106543
039526,1836,2051,109,0.5525523553044982
039526,1836,2051,119,0.56188261819206653
039526,1838,2051,60,0.54425396336474507
039526,1839,2051,112,0.53439897537638592
039526,1841,2051,292,0.55026540783662226
039526,1841,2051,301,0.54210102095647505
039526,1842,2051,204,0.5564510999445712
039526,1842,2051,207,0.54675202177173698
039526,1843,2051,105,0.54594835372870243
039526,1844,2051,186,0.54611687071867621
039526,1844,2051,197,0.55546532135679427
039526,1844,2051,200,0.52576112412177989
039526,1845,2051,334,0.53473865107351692
039526,1845,2051,356,0.55028145147153351
039526,1848,2051,344,0.52892218725538742
039526,1849,2051,122,0.56193489353122728
039526,1851,2051,81,0.53943582399390366
039526,1853,2051,78,0.53867206092336983
039526,1853,2051,91,0.54672035510929695
039526,1853,2051,95,0.54403660361954009
039526,1854,2051,84,0.54958045368175013
039526,1855,2051,309,0.54177349910502637
039526,1856,2051,316,0.54864471691951433
039526,1858,2051,220,0.55547094113932283
039526,1859,2051,207,0.53417541102071675
039526,1860,2051,514,0.55507717593254247
039526,1861,2051,214,0.55338478029627869
039526,1861,2051,217,0.55284806581200685
039526,1861,2051,220,0.56372222558576013
039526,1863,2051,217,0.53293560273732232
039526,1864,2051,485,0.53045053617831128
039526,1864,2051,507,0.55176618253541332
039526,1865,2051,270,0.56653470146238993
039526,1866,2051,200,0.54928745840688364
039526,1867,2051,192,0.55412268074216253
039526,1868,2051,69,0.54587757651467828
039526,1868,2051,73,0.5473370330489522
039526,1868,2051,77,0.55094699484554754
039526,1868,2051,79,0.5519450800915332
039526,1868,2051,93,0.54834002188982123
039526,1869,2051,218,0.55005504655632476
039526,1869,2051,225,0.54983966473811907
039526,1869,2051,238,0.56054402692091976
039526,1869,2051,247,0.55468076193292426
039526,1870,2051,121,0.56672816728167286
039526,1870,2051,137,0.56259953990444167
039526,1871,2051,363,0.5496696448196946
039526,1871,2051,375,0.54332772776733607
039526,1872,2051,96,0.55106212132272425
039526,1873,2051,332,0.55192119562585362
039526,1873,2051,335,0.56082591042145358
039526,1874,2051,85,0.56271845070273807
039526,1878,2051,392,0.53138890276182393
039526,1878,2051,396,0.53848410757946208
039526,1878,2051,398,0.53531973991540938
039526,1880,2051,256,0.58264869490800175
039526,1880,2051,267,0.50985108989211769
039526,1884,2051,242,0.56050314832089554
039526,1886,2051,217,0.5524121348544534
039526,1887,2051,130,0.5376603442604978
039526,1887,2051,145,0.5526693455797933
039526,1889,2051,200,0.56637774504094007
039526,1889,2051,205,0.53676918863039969
039526,1890,2051,116,0.54507093488541292
039526,1891,2051,105,0.55215758411895455
039526,1891,2051,123,0.54945276304304036
039526,1892,2051,235,0.55338426805017715
039526,1892,2051,244,0.5507360346564022
039526,1893,2051,364,0.54615739081460246
039526,1893,2051,370,0.55734991405470791
039526,1894,2051,392,0.55001521679934651
039526,1895,2051,135,0.5485421235969552
039526,1896,2051,267,0.56874041589635549
039526,1896,2051,273,0.52228088259876304
039526,1896,2051,277,0.56397728682277382
039526,1897,2051,289,0.53477405543019152
039526,1899,2051,67,0.54587648936998678
039526,1899,2051,84,0.55597292761805273
039526,1899,2051,85,0.56341649478710476
039526,1899,2051,87,0.54047590215548558
039526,1900,2051,118,0.55094077863522062
039526,1903,2051,69,0.54406933003190328
039526,1904,2051,217,0.52682177598270663
039526,1905,2051,545,0.52458712764315485
039526,1906,2051,127,0.549728077167563
039526,1908,2051,314,0.54792523535325843
039526,1911,2051,73,0.55616992582602831
039526,1911,2051,85,0.56853256106390271
039526,1911,2051,87,0.55576522896767444
039526,1912,2051,70,0.53593792955982522
039526,1912,2051,80,0.53630423058109344
039526,1913,2051,229,0.55753373313343324
039526,1913,2051,238,0.54960326456585806
039526,1914,2051,371,0.54465135438417067
039526,1914,2051,372,0.5336525880567331
039526,1916,2051,188,0.5578662162637672
039526,1916,2051,209,0.55030959752321984
039526,1917,2051,272,0.54838247364923842
039526,1917,2051,274,0.53478336865564025
039526,1918,2051,85,0.56165962351133303
039526,1918,2051,86,0.54338174842422582
039526,1918,2051,90,0.53785078033893263
039526,1918,2051,94,0.55502361249512588
039526,1919,2051,105,0.54676576393131071
039526,1919,2051,117,0.55090276174103436
039526,1920,2051,135,0.55647429407132409
039526,1921,2051,295,0.55524480237220741
039526,1923,2051,95,0.53979480407344393
039526,1923,2051,103,0.56351631317723161
039526,1923,2051,112,0.5598899012908124
039526,1924,2051,124,0.52719440987843402
039526,1925,2051,189,0.53610084183332596
039526,1925,2051,197,0.55831418142490197
039526,1925,2051,201,0.55376863867921022
039526,1926,2051,23,0.54037736320271723
039526,1927,2051,402,0.54663356309823263
039526,1928,2051,87,0.49513879485443468
039526,1928,2051,93,0.54384248139252145
039526,1930,2051,143,0.53546976036515781
039526,1930,2051,149,0.55177265500794914
039526,1931,2051,5,0.54424537227977388
039526,1931,2051,16,0.54152542372881352
039526,1932,2051,420,0.56038603181236446
039526,1932,2051,438,0.53364136245608673
039526,1933,2051,252,0.5573794007951145
039526,1933,2051,255,0.55174582213208823
039526,1933,2051,267,0.5557120833554835
039526,1934,2051,176,0.54704924858992321
039526,1934,2051,177,0.55383828676723412
039526,1936,2051,216,0.55708616462497684
039526,1937,2051,55,0.54504891859880256
039526,1938,2051,372,0.55165059679558404
039526,1938,2051,374,0.54254387634674683
039526,1938,2051,375,0.53146543545632785
039526,1938,2051,391,0.53581419004831732
039526,1939,2051,107,0.55491087617506762
039526,1939,2051,114,0.55166070760238572
039526,1940,2051,206,0.5424823021326487
039526,1941,2051,268,0.54279499866444503
039526,1941,2051,285,0.54364272853025042
039526,1942,2051,135,0.55589461397365347
039526,1943,2051,79,0.54896390699484388
039526,1943,2051,98,0.52949577382687263
039526,1945,2051,218,0.56495436213118233
039526,1946,2051,500,0.54777119700748134
039526,1946,2051,512,0.54014405253680753
039526,1946,2051,519,0.55945005015636984
039526,1946,2051,526,0.54214278738158028
039526,1947,2051,361,0.52564321980717665
039526,1947,2051,382,0.53515609999615987
039526,1948,2051,225,0.54950378995076976
039526,1949,2051,284,0.55970397779833492
039526,1951,2051,94,0.53879535746059337
039526,1953,2051,104,0.54770290055795179
039526,1953,2051,106,0.53588746992411618
039526,1953,2051,114,0.55808519886981089
039526,1955,2051,239,0.56159420289855078
039526,1955,2051,241,0.54622068524599687
039526,1955,2051,247,0.5421307031581698
039526,1956,2051,206,0.55854864554463612
039526,1957,2051,379,0.56184595645723912
039526,1957,2051,389,0.55226403836379312
039526,1959,2051,245,0.54250145306235997
039526,1960,2051,278,0.55125777100745188
039526,1960,2051,294,0.55307206806001319
039526,1963,2051,254,0.54738219217118722
039526,1963,2051,269,0.53986766228005323
039526,1964,2051,258,0.55847751799775791
039526,1965,2051,283,0.53993367740127507
039526,1965,2051,285,0.5362806403201601
039526,1965,2051,292,0.54202400721884791
039526,1968,2051,110,0.53560136413216064
039526,1968,2051,118,0.56313927058580426
039526,1968,2051,123,0.56517749794342842
039526,1968,2051,126,0.5380024150422632
039526,1969,2051,332,0.54039442256794268
039526,1969,2051,355,0.54698482988001196
039526,1970,2051,139,0.54055829228243024
039526,1971,2051,483,0.54896657651340608
039526,1971,2051,484,0.55176452851195101
039526,1972,2051,339,0.53463948856739529
039526,1972,2051,349,0.54738481406920647
039526,1972,2051,359,0.54235594301509671
039526,1973,2051,262,0.54385012218300299
039526,1975,2051,129,0.53792337963741554
039526,1976,2051,452,0.56298750314518153
039526,1977,2051,264,0.55524648857064174
039526,1978,2051,129,0.55911778447262006
039526,1979,2051,68,0.5327654239038242
039526,1979,2051,83,0.55691520079913848
039526,1980,2051,103,0.54382794144225555
039526,1983,2051,203,0.55459474235728279
039526,1984,2051,471,0.55859410294250522
039526,1985,2051,234,0.5408382498380111
039526,1986,2051,106,0.54963442069741286
039526,1987,2051,142,0.53738918154953108
039526,1987,2051,146,0.55726235233921384
039526,1987,2051,154,0.5388511333820809
039526,1987,2051,156,0.5414467305827857
039526,1987,2051,167,0.53877570984861456
039526,1988,2051,125,0.53894230769230766
039526,1988,2051,139,0.54361333776028076
039526,1989,2051,219,0.54779050878671265
039526,1990,2051,396,0.54934060032224052
039526,1992,2051,179,0.55610086309020135
039526,1993,2051,336,0.55054124104284186
039526,1995,2051,407,0.53974296630774576
039526,1995,2051,421,0.5438150649813861
039526,1996,2051,152,0.53446309912318646
039526,1996,2051,156,0.55345626664037073
039526,1997,2051,89,0.56031080414405521
039526,1997,2051,99,0.55717844755996282
039526,1999,2051,370,0.56555518506168723
039526,1999,2051,377,0.55826551291536652
039526,1999,2051,382,0.56883525176208105
039526,2002,2051,159,0.54518918624000878
039526,2003,2051,166,0.55739795918367352
039526,2003,2051,168,0.41725844170659365
039526,2004,2051,454,0.54580937727751233
039526,2005,2051,315,0.54795332823259368
039526,2005,2051,321,0.54425363276089833
039526,2007,2051,214,0.56411029988535566
039526,2007,2051,219,0.55059899443421412
039526,2008,2051,144,0.52350203362824432
039526,2008,2051,158,0.55132800444165031
039526,2010,2051,331,0.5415637432070517
039526,2011,2051,226,0.54199003203987184
039526,2011,2051,234,0.54002265074527034
039526,2011,2051,242,0.5597731134671996
039526,2013,2051,159,0.5633464707989968
039526,2014,2051,142,0.54998754118331072
039526,2015,2051,242,0.54168024034459039
039526,2016,2051,141,0.5391137958203579
039526,2019,2051,255,0.56982401037843744
039526,2019,2051,276,0.54294635853496653
039526,2020,2051,211,0.53796158862951471
039526,2020,2051,218,0.54896843011142316
039526,2020,2051,228,0.5533385244306015
039526,2023,2051,230,0.55461417838837268
039526,2023,2051,235,0.54430619240528866
039526,2024,2051,421,0.54770438254241904
039526,2024,2051,426,0.53431235864547511
039526,2024,2051,436,0.5496434639703629
039526,2026,2051,245,0.54709377105408219
039526,2028,2051,166,0.54588104487427203
039526,2028,2051,179,0.55726256983240219
039526,2029,2051,96,0.55492683520428343
039526,2030,2051,179,0.54541122004357301
039526,2030,2051,182,0.55557114228456916
039526,2030,2051,198,0.54574415039982271
039526,2032,2051,118,0.54617800203983036
039526,2032,2051,129,0.55833660515639316
039526,2034,2051,129,0.55041649612265897
039526,2034,2051,130,0.54822073233625579
039526,2034,2051,151,0.54843212452766343
039526,2037,2051,457,0.54154487773579529
039526,2038,2051,146,0.54026139963265629
039526,2038,2051,151,0.54693894831917356
039526,2040,2051,225,0.53456889988580125
039526,2040,2051,235,0.5533346146453969
039526,2042,2051,92,0.55053539559785847
039526,2043,2051,417,0.55454731427903448
039526,2043,2051,430,0.5729648948016175
039526,2043,2051,435,0.54392764857881137
039526,2044,2051,224,0.5527976904068701
039526,2045,2051,524,0.54846156557290382
039526,2045,2051,525,0.55200445553568178
039526,2045,2051,532,0.54155825724963336
039526,2045,2051,547,0.5504880297586876
039526,2046,2051,66,0.551386919693169
039526,2048,2051,125,0.55237021258823038
039526,2050,2051,199,0.54771403209843794
039526,2051,2051,256,0.56860675777883318
039526,2051,2051,269,0.55555141579731748
039526,2052,2051,234,0.54423146473779382
039526,2052,2051,235,0.53002848618672782
039526,2053,2051,202,0.54580506814573493
039526,2053,2051,203,0.53064903846153844
039526,2054,2051,273,0.5495660224511052
039526,2055,2051,224,0.52193423753370627
039526,2055,2051,247,0.55977553553770176
039526,2056,2051,112,0.5513723547533167
039526,2056,2051,113,0.55185296374128556
039526,2057,2051,377,0.54134612340519839
039526,2058,2051,47,0.54363518182751192
039526,2058,2051,53,0.5414390406395736
039526,2059,2051,306,0.48489574308323224
039526,2060,2051,225,0.54202248729313918
039526,2060,2051,226,0.54514010588647643
039526,2060,2051,234,0.55747861033382851
039526,2061,2051,80,0.54900440333434875
039526,2061,2051,81,0.5573567067165649
039526,2063,2051,150,0.56147788664041753
039526,2063,2051,171,0.54320794963841634
039526,2064,2051,122,0.54861837573035999
039526,2064,2051,126,0.54498909277556784
039526,2066,2051,179,0.53574132150967879
039526,2066,2051,182,0.54174565560821486
039526,2066,2051,192,0.56115851557591356
039526,2067,2051,320,0.54796391588844418
039526,2068,2051,219,0.55098461336713733
039526,2068,2051,232,0.55723049263565505
039526,2068,2051,247,0.58178186176588098
039526,2068,2051,254,0.54660318835423061
039526,2069,2051,259,0.55849341679257503
039526,2069,2051,267,0.54537094320062873
039526,2070,2051,167,0.5438515870989703
039526,2071,2051,507,0.54424106120239057
039526,2072,2051,262,0.53476397757490557
039526,2072,2051,275,0.55353258758642121
039526,2073,2051,387,0.56516804569085455
039526,2073,2051,390,0.55618876470877854
039526,2074,2051,200,0.54243169490954424
039526,2074,2051,214,0.54379396309648476
039526,2074,2051,223,0.53847817935331277
039526,2075,2051,242,0.53592225521576486
039526,2075,2051,254,0.54508461984387402
039526,2076,2051,346,0.55246400792063088
039526,2076,2051,362,0.54058292646841244
039526,2077,2051,403,0.56350482315112538
039526,2077,2051,414,0.56123383178008879
039526,2078,2051,256,0.53867199374647157
039526,2078,2051,266,0.54691071227846677
039526,2081,2051,267,0.53857245854361935
039526,2083,2051,239,0.57966609589041096
039526,2084,2051,257,0.57207223063113799
039526,2085,2051,170,0.54811618297841125
039526,2086,2051,279,0.53359011780990928
039526,2086,2051,286,0.56487827936657997
039526,2086,2051,289,0.5591322344593096
039526,2087,2051,75,0.55456813221078893
039526,2087,2051,100,0.54152554586726243
039526,2088,2051,145,0.55442735357091255
039526,2088,2051,146,0.51487062440319542
039526,2089,2051,323,0.55538148206172644
039526,2090,2051,103,0.54845754845754846
039526,2091,2051,310,0.54174860081682041
039526,2092,2051,259,0.54208767293642157
039526,2092,2051,263,0.54700496678834298
039526,2092,2051,284,0.54519218704253625
039526,2095,2051,105,0.55487151367114473
039526,2097,2051,189,0.54823338696009927
039526,2097,2051,195,0.50537887711032592
039526,2098,2051,314,0.54565452933644154
039526,2098,2051,318,0.54304321652042253
039526,2099,2051,346,0.54851436015135535
039526,2099,2051,371,0.54670002972946186
039526,2100,2051,171,0.55087655412786762
039526,2100,2051,192,0.53800060222824453
039526,2101,2051,128,0.54414069301758661
039526,2101,2051,151,0.56055185315094114
039526,2101,2051,157,0.55057520099352897
039526,2102,2051,226,0.54462360521766462
039526,2102,2051,234,0.55687997296550029
039526,2103,2051,63,0.5624276239604169
039526,2104,2051,92,0.54363969890568664
039526,2104,2051,106,0.55330526390591417
039526,2104,2051,116,0.54204015988268961
039526,2105,2051,262,0.55380042621602421
039526,2107,2051,121,0.55302975106253793
039526,2107,2051,122,0.54647671341297521
039526,2109,2051,261,0.54473911307461453
039526,2109,2051,267,0.56349327628361856
039526,2111,2051,103,0.54389754667489587
039526,2112,2051,322,0.5670180394618678
039526,2112,2051,325,0.55175544794188858
039526,2113,2051,281,0.54691157502508003
039526,2114,2051,324,0.55408002683040092
039526,2115,2051,110,0.55090778654599637
039526,2116,2051,180,0.55215147379484519
039526,2116,2051,206,0.58114860480207653
039526,2117,2051,244,0.53152356352452834
039526,2117,2051,246,0.53645969555892659
039526,2118,2051,275,0.52793032285144637
039526,2118,2051,278,0.54855954855954858
039526,2119,2051,225,0.54829633654144672
039526,2119,2051,226,0.53190275082753113
039526,2119,2051,238,0.54144577574847552
039526,2120,2051,275,0.5501892310338895
039526,2121,2051,147,0.51548156782748067
039526,2121,2051,148,0.55966475744322652
039526,2122,2051,422,0.52941325947195894
039526,2122,2051,424,0.53708944567051797
039526,2124,2051,185,0.54670351085058622
039526,2126,2051,118,0.54902312599681025
039526,2126,2051,131,0.54730848221338446
039526,2127,2051,203,0.56246939774767424
039526,2127,2051,207,0.53801454599984999
039526,2128,2051,30,0.5590432310557788
039526,2128,2051,56,0.55051792828685264
039526,2131,2051,140,0.55364053201521901
039526,2131,2051,147,0.56248513320646998
039526,2131,2051,150,0.54293156289150146
039526,2131,2051,153,0.55248395603725553
039526,2132,2051,68,0.54572815533980579
039526,2132,2051,78,0.54615259142013084
039526,2133,2051,109,0.55403264364798865
039526,2135,2051,379,0.55031021561520976
039526,2136,2051,179,0.55158445852852023
039526,2136,2051,185,0.56006511732345343
039526,2137,2051,192,0.54814149248084743
039526,2137,2051,194,0.5520454767354821
039526,2138,2051,143,0.54254568269155357
039526,2139,2051,330,0.55045067453126295
039526,2139,2051,334,0.55340952092636042
039526,2140,2051,212,0.5373499096801615
039526,2142,2051,413,0.55171530665756063
039526,2142,2051,429,0.57713040031708285
039526,2143,2051,382,0.52581282480779967
039526,2143,2051,383,0.54541735578243622
039526,2144,2051,91,0.56934098103148723
039526,2145,2051,159,0.55700939839045527
039526,2145,2051,184,0.53529336989485532
039526,2145,2051,186,0.54775111208742933
039526,2146,2051,95,0.53047242484150248
039526,2146,2051,97,0.54067786711312715
039526,2147,2051,247,0.54070336845229261
039526,2148,2051,272,0.54614723164381596
039526,2148,2051,283,0.54787558446838791
039526,2149,2051,505,0.56210188761752056
039526,2149,2051,507,0.53637232155042991
039526,2149,2051,510,0.56653017330520739
039526,2149,2051,513,0.53707236756135168
039526,2150,2051,339,0.54667328699106255
039526,2151,2051,212,0.53812157930166538
039526,2151,2051,239,0.5583425436980638
039526,2152,2051,159,0.55155400857044345
039526,2154,2051,223,0.5395570383083762
039526,2155,2051,174,0.55974022517367117
039526,2156,2051,386,0.54958649207443144
039526,2156,2051,403,0.54409341140993728
039526,2157,2051,294,0.5306140779848102
039526,2157,2051,302,0.55096507188982835
039526,2157,2051,306,0.53932193969709596
039526,2158,2051,118,0.54890608812237185
039526,2161,2051,281,0.53100756914805824
039526,2161,2051,288,0.53640994905603834
039526,2161,2051,293,0.53383700369715481
039526,2161,2051,301,0.52475283512649029
039526,2164,2051,103,0.54179872089271819
039526,2165,2051,373,0.53942372943528416
039526,2165,2051,385,0.54870563117160398
039526,2166,2051,270,0.55539828339105557
039526,2166,2051,272,0.56231019377032443
039526,2167,2051,194,0.5303752786722814
039526,2167,2051,213,0.54782676170311828
039526,2168,2051,219,0.56056037131216496
039526,2169,2051,110,0.5504324227370917
039526,2169,2051,138,0.5531782269249349
039526,2170,2051,262,0.56796305089135413
039526,2170,2051,263,0.54427541952592051
039526,2171,2051,66,0.54472126894911777
039526,2171,2051,78,0.55699368721959741
039526,2172,2051,128,0.55436725573837087
039526,2173,2051,422,0.56270534324744947
039526,2175,2051,201,0.53954402515723265
039526,2175,2051,204,0.54879027280582648
039526,2175,2051,207,0.53525626466802934
039526,2176,2051,222,0.55601900240623336
039526,2178,2051,294,0.53709437293316298
039526,2179,2051,192,0.54116796292743397
039526,2179,2051,203,0.54989816700610994
039526,2179,2051,205,0.54522249849244575
039526,2182,2051,217,0.54071393722556516
039526,2183,2051,246,0.54201619240820953
039526,2184,2051,155,0.54688570470679121
039526,2184,2051,159,0.54557259677815606
039526,2185,2051,391,0.55745792222867097
039526,2185,2051,403,0.54447886576556714
039526,2185,2051,407,0.54664906324657359
039526,2188,2051,82,0.53942862674394687
039526,2189,2051,98,0.55041953169963342
039526,2190,2051,235,0.53239063373429119
039526,2191,2051,60,0.55380790960451975
039526,2192,2051,140,0.51671119520131403
039526,2193,2051,407,0.53931988187235846
039526,2194,2051,124,0.5392537431672344
039526,2194,2051,151,0.54779162255341096
039526,2196,2051,333,0.55191090723187886
039526,2196,2051,337,0.53976245173273374
039526,2197,2051,223,0.55056740569507201
039526,2197,2051,229,0.55496027657577218
039526,2198,2051,274,0.5773023989005881
039526,2198,2051,279,0.55425391711817251
039526,2199,2051,93,0.5534769823666964
039526,2200,2051,416,0.54158747483110969
039526,2201,2051,413,0.55068439157230897
039526,2202,2051,224,0.55058889842894876
039526,2202,2051,232,0.54607073455110766
039526,2203,2051,95,0.54940713359896309
039526,2203,2051,96,0.53050387084304007
039526,2203,2051,107,0.56308911397258521
039526,2204,2051,168,0.54466881279875135
039526,2204,2051,169,0.54502873179206202
039526,2206,2051,251,0.55296538340133505
039526,2208,2051,109,0.558605218541951
039526,2209,2051,290,0.5537917214603294
039526,2209,2051,296,0.55316671145749352
039526,2210,2051,41,0.5260760715470697
039526,2210,2051,49,0.55104163957450125
039526,2212,2051,448,0.51371062886561081
039526,2212,2051,452,0.55060210632316531
039526,2212,2051,462,0.55980129160457026
039526,2213,2051,231,0.54260511905646824
039526,2213,2051,245,0.56499884446498727
039526,2215,2051,389,0.55478877508582225
039526,2215,2051,396,0.55430129240710824
039526,2216,2051,59,0.5354092470610482
039526,2216,2051,66,0.53549508360994547
039526,2217,2051,137,0.55217445379544794
039526,2217,2051,149,0.54230742707399493
039526,2218,2051,238,0.52003760723939363
039526,2220,2051,284,0.56142678347934916
039526,2221,2051,85,0.54500928897145751
039526,2224,2051,144,0.56012715530249679
039526,2225,2051,190,0.55539162304891043
039526,2225,2051,191,0.54051055712740781
039526,2229,2051,437,0.54974191440705655
039526,2229,2051,441,0.53328909009030367
039526,2229,2051,446,0.5452224317983162
039526,2231,2051,568,0.56185020157012522
039526,2235,2051,191,0.55293176601516314
039526,2235,2051,205,0.54824674101101456
039526,2235,2051,211,0.52515012946945072
039526,2236,2051,368,0.53029847863871427
039526,2236,2051,378,0.54937087981744426
039526,2238,2051,62,0.54631413687290376
039526,2239,2051,102,0.54127039133392374
039526,2239,2051,110,0.55323213156230233
039526,2241,2051,209,0.5567622185239276
039526,2241,2051,213,0.54903723465955223
039526,2241,2051,226,0.54046790383917653
039526,2241,2051,227,0.5808433990252172
039526,2242,2051,77,0.5506108247824798
039526,2242,2051,86,0.55033929237625656
039526,2242,2051,105,0.54545338669793764
039526,2243,2051,129,0.53771879701001712
039526,2244,2051,149,0.54740893974704763
039526,2245,2051,230,0.56899501786523077
039526,2246,2051,305,0.55295126183954668
039526,2246,2051,323,0.51675504908044678
039526,2246,2051,325,0.55220413409407854
039526,2246,2051,328,0.54389526917615405
039526,2247,2051,101,0.55963079912557689
039526,2248,2051,67,0.54519628319945745
039526,2248,2051,73,0.55342613427332077
039526,2249,2051,89,0.55498920604461499
039526,2249,2051,99,0.55208204855741405
039526,2249,2051,105,0.56354231326298365
039526,2250,2051,324,0.53553322792880098
039526,2250,2051,332,0.55756767651710126
039526,2250,2051,345,0.5507610230660599
039526,2250,2051,352,0.53874712868818886
039526,2250,2051,354,0.57814418523066125
039526,2250,2051,355,0.55257159621764351
039526,2251,2051,180,0.55597502189068893
039526,2252,2051,186,0.52819212410501193
039526,2253,2051,182,0.55491606714628294
039526,2253,2051,204,0.55824913904357187
039526,2254,2051,464,0.54361791546589822
039526,2254,2051,470,0.54779126213592233
039526,2255,2051,303,0.55836439343137412
039526,2256,2051,72,0.53831354536788278
039526,2257,2051,126,0.55661297473030891
039526,2257,2051,139,0.54160016551398005
039526,2258,2051,127,0.53976070685701083
039526,2258,2051,128,0.548393429749362
039526,2259,2051,314,0.53731619502675054
039526,2260,2051,244,0.55516581632653061
039526,2262,2051,256,0.54724245446168218
039526,2263,2051,368,0.57179543620221585
039526,2263,2051,374,0.56395219360106896
039526,2263,2051,378,0.55703961557380155
039526,2263,2051,379,0.54680263529821049
039526,2263,2051,390,0.51588887456490906
039526,2265,2051,412,0.55697954985957832
039526,2266,2051,283,0.54573562554713251
039526,2266,2051,287,0.51706102117061026
039526,2266,2051,288,0.52874100383213385
039526,2267,2051,89,0.54177639885998774
039526,2267,2051,96,0.52569276298089862
039526,2269,2051,396,0.54765915283626454
039526,2271,2051,477,0.55387860642351661
039526,2271,2051,478,0.54217128966445283
039526,2271,2051,480,0.53988107992286261
039526,2271,2051,482,0.52822589223034544
039526,2271,2051,486,0.56676610978520281
039526,2272,2051,537,0.55501488062911386
039526,2273,2051,210,0.54925763376599124
039526,2273,2051,222,0.54261331150658709
039526,2275,2051,122,0.54883115986234043
039526,2276,2051,382,0.55075810051566232
039526,2276,2051,397,0.56479418318283103
039526,2277,2051,90,0.52943573029130164
039526,2277,2051,119,0.55316498890974242
039526,2278,2051,138,0.5354461686620412
039526,2279,2051,372,0.55302353601030352
039526,2281,2051,558,0.55183719615602034
039526,2281,2051,563,0.55064741961464592
039526,2281,2051,578,0.52553168224810021
039526,2283,2051,305,0.53915862373830403
039526,2284,2051,55,0.54472615345560704
039526,2284,2051,69,0.52808417723901668
039526,2286,2051,273,0.55031936262893
039526,2287,2051,455,0.53682902841761992
039526,2288,2051,153,0.5454324734446131
039526,2288,2051,169,0.54105203513079614
039526,2288,2051,174,0.52734350073383962
039526,2288,2051,176,0.53996784812064613
039526,2290,2051,106,0.54716664267549542
039526,2291,2051,126,0.53980722601847586
039526,2292,2051,368,0.55409686461117269
039526,2293,2051,117,0.55209832134292569
039526,2296,2051,310,0.55667672878155972
039526,2296,2051,323,0.56526351684158682
039526,2296,2051,326,0.56193615544760578
039526,2297,2051,103,0.54825170309624516
039526,2297,2051,121,0.55606519910486141
039526,2298,2051,294,0.55578483748623631
039526,2299,2051,130,0.53200984112858896
039526,2300,2051,122,0.55254065775207806
039526,2301,2051,231,0.55224502886465687
039526,2301,2051,239,0.53944972260259472
039526,2305,2051,280,0.54771438972385456
039526,2305,2051,307,0.55621818491618924
039526,2306,2051,376,0.54670472622392696
039526,2306,2051,392,0.54411122541872359
039526,2307,2051,89,0.5492763998259429
039526,2307,2051,99,0.53623016108898536
039526,2308,2051,95,0.54504639329542048
039526,2308,2051,96,0.55032456668674301
039526,2310,2051,163,0.54378933173509136
039526,2311,2051,223,0.53617234591448726
039526,2313,2051,214,0.56147635272077911
039526,2314,2051,420,0.53140326476831856
039526,2317,2051,310,0.52731600146466495
039526,2319,2051,246,0.54618073414718638
039526,2320,2051,171,0.55038645070233216
039526,2324,2051,181,0.54364899158541469
039526,2324,2051,206,0.54918669325217762
039526,2325,2051,180,0.53251744715282689
039526,2325,2051,184,0.54532557809618387
039526,2326,2051,351,0.55326268823201341
039526,2328,2051,430,0.55524029840318589
039526,2328,2051,448,0.56466338025662477
039526,2329,2051,50,0.55132786093674557
039526,2329,2051,55,0.60209724136862808
039526,2330,2051,265,0.54889500811974867
039526,2330,2051,287,0.53737120579225839
039526,2331,2051,79,0.54927614610200515
039526,2332,2051,256,0.56819914149315998
039526,2333,2051,130,0.54205959563946016
039526,2333,2051,133,0.55584863548747088
039526,2333,2051,154,0.56411418214771181
039526,2334,2051,50,0.54564832775563277
039526,2335,2051,328,0.57278742762613732
039526,2335,2051,331,0.5626503290220104
039526,2335,2051,338,0.53313353313353318
039526,2336,2051,160,0.54175727871725798
039526,2337,2051,315,0.54450915141430944
039526,2337,2051,329,0.53853471348876203
039526,2338,2051,280,0.55134435923496261
039526,2338,2051,281,0.54026179726187007
039526,2339,2051,279,0.53057868963791688
039526,2339,2051,298,0.56299381587523645
039526,2340,2051,75,0.54837220041560841
039526,2340,2051,77,0.56039688164422397
039526,2340,2051,78,0.540083312541358
039526,2340,2051,89,0.55009453610127357
039526,2341,2051,190,0.55966296999367238
039526,2341,2051,193,0.5435504302625257
039526,2341,2051,194,0.5443830074173972
039526,2342,2051,58,0.56655042640610431
039526,2342,2051,60,0.54380239223352445
039526,2343,2051,80,0.57751893939393939
039526,2345,2051,481,0.52741495308007769
039526,2345,2051,488,0.52189137684611719
039526,2345,2051,492,0.56271582283760113
039526,2345,2051,497,0.55567759245602744
039526,2346,2051,321,0.53228365980659553
039526,2346,2051,334,0.55318106334903216
039526,2348,2051,274,0.54156946443639253
039526,2353,2051,206,0.55070274138719366
039526,2354,2051,263,0.5509156028764145
039526,2355,2051,358,0.56123042505592846
039526,2356,2051,225,0.5575114346453649
039526,2356,2051,233,0.54705776498110492
039526,2356,2051,240,0.54086867305061559
039526,2356,2051,249,0.54775689322441645
039526,2356,2051,255,0.55991335081518645
039526,2356,2051,259,0.55725564001662065
039526,2358,2051,125,0.5430170926378769
039526,2358,2051,138,0.54873555774153937
039526,2358,2051,156,0.56952793493635079
039526,2359,2051,170,0.54326935267121379
039526,2360,2051,307,0.55030172631154295
039526,2360,2051,312,0.55674132903145745
039526,2360,2051,320,0.56016485977958963
039526,2361,2051,276,0.51776591688905838
039526,2363,2051,156,0.54938535601100991
039526,2363,2051,168,0.54065725964758315
039526,2366,2051,505,0.54310080686344597
039526,2366,2051,508,0.55902839792820147
039526,2367,2051,312,0.54488810037834257
039526,2368,2051,388,0.58250852423848687
039526,2368,2051,398,0.55209748967922256
039526,2368,2051,401,0.55606647597668268
039526,2368,2051,402,0.54618705388898425
039526,2369,2051,237,0.54464144864213704
039526,2370,2051,339,0.55989284347493307
039526,2370,2051,346,0.53843823832313564
039526,2370,2051,350,0.53974397818512343
039526,2370,2051,353,0.54728555983430316
039526,2372,2051,169,0.54686546785579404
039526,2372,2051,178,0.54912423152766499
039526,2374,2051,404,0.53035293637763481
039526,2376,2051,349,0.54361847197140012
039526,2376,2051,359,0.5346153846153846
039526,2376,2051,367,0.55239477503628442
039526,2376,2051,375,0.55174749930259437
039526,2376,2051,382,0.53471368541149433
039526,2378,2051,136,0.53362294691740064
039526,2379,2051,91,0.54273169413671984
039526,2379,2051,106,0.54768220186921723
039526,2380,2051,262,0.53747678390428821
039526,2380,2051,282,0.53840765818351621
039526,2380,2051,287,0.57387647013007248
039526,2380,2051,288,0.55894612060724258
039526,2381,2051,398,0.55516146153651735
039526,2383,2051,383,0.55969710048259902
039526,2384,2051,156,0.54834861594182072
039526,2385,2051,290,0.54675886551048325
039526,2386,2051,275,0.54605680588213334
039526,2386,2051,295,0.55341676771176163
039526,2387,2051,142,0.54316781380340196
039526,2388,2051,80,0.55690048615934118
039526,2389,2051,258,0.55135300179382463
039526,2389,2051,262,0.55119080429954115
039526,2389,2051,264,0.55250894115096993
039526,2389,2051,282,0.53399902975420444
039526,2389,2051,283,0.55656360670088734
039526,2390,2051,210,0.55173380526011462
039526,2391,2051,233,0.51607635783989736
039526,2394,2051,298,0.54262972245428387
039526,2396,2051,195,0.53116328238558785
039526,2396,2051,202,0.53791412029591512
039526,2396,2051,206,0.53960820526350506
039526,2397,2051,122,0.54548812015265291
039526,2397,2051,136,0.53048899279173978
039526,2398,2051,101,0.56407505058556628
039526,2398,2051,106,0.56412605349945033
039526,2400,2051,371,0.55685880466077953
039526,2400,2051,387,0.54797447255246845
039526,2401,2051,191,0.53796676169946456
039526,2402,2051,92,0.552654018332978
039526,2402,2051,101,0.54615657581236587
039526,2405,2051,151,0.53494983568360832
039526,2407,2051,132,0.52465653716677285
039526,2408,2051,114,0.55440498341558131
039526,2408,2051,115,0.55706544818331605
039526,2408,2051,123,0.55244431885323808
039526,2408,2051,127,0.56914032035515028
039526,2409,2051,326,0.56031805838866011
039526,2409,2051,330,0.52923442353371097
039526,2410,2051,96,0.55243390246844537
039526,2410,2051,105,0.54807845321451309
039526,2412,2051,334,0.55068472248712574
039526,2412,2051,340,0.53711873190833137
039526,2412,2051,358,0.54646773906141166
039526,2412,2051,361,0.53752511048613905
039526,2413,2051,174,0.53870606581630609
039526,2414,2051,170,0.55631273759262823
039526,2416,2051,128,0.56157344515976615
039526,2417,2051,163,0.55273450716615469
039526,2417,2051,164,0.54179419166156562
039526,2419,2051,99,0.55654097091673116
039526,2420,2051,157,0.5599973459841423
039526,2420,2051,158,0.54594138468900566
039526,2420,2051,160,0.55585771385811533
039526,2420,2051,161,0.56067926581261895
039526,2422,2051,325,0.57143814502077472
039526,2423,2051,166,0.55033144751128638
039526,2423,2051,171,0.53920308483290491
039526,2426,2051,106,0.54962124980458482
039526,2426,2051,121,0.5420922560678374
039526,2427,2051,362,0.54624385353002036
039526,2427,2051,380,0.55346800609012015
039526,2427,2051,385,0.53580266624091966
039526,2429,2051,205,0.54422764871175844
039526,2429,2051,210,0.54982091782833875
039526,2430,2051,348,0.55288232893392109
039526,2430,2051,376,0.54013409069745788
039526,2431,2051,314,0.54528712807865998
039526,2432,2051,138,0.54059284913924821
039526,2432,2051,155,0.54814173682692058
039526,2432,2051,156,0.54414499980212905
039526,2434,2051,138,0.53100875890736343
039526,2435,2051,234,0.52675315358402586
039526,2435,2051,237,0.55553027502061947
039526,2436,2051,336,0.57043667749102722
039526,2438,2051,147,0.54772772962170213
039526,2438,2051,153,0.53362628408462587
039526,2438,2051,169,0.55705108595900887
039526,2439,2051,162,0.5485112448527083
039526,2439,2051,166,0.54056979396188487
039526,2439,2051,178,0.54932093067858989
039526,2440,2051,447,0.54336901318332687
039526,2441,2051,300,0.54746641488181025
039526,2441,2051,303,0.54604722286165275
039526,2441,2051,317,0.53503171804381755
039526,2443,2051,96,0.55332039757652551
039526,2444,2051,278,0.54548553014810686
039526,2444,2051,287,0.48642704968730671
039526,2444,2051,298,0.5435795736241944
039526,2446,2051,218,0.564623786407767
039526,2447,2051,128,0.5323700957755032
039526,2448,2051,160,0.56018777243768858
039526,2449,2051,403,0.54916947944647621
039526,2449,2051,408,0.55160483115811298
039526,2449,2051,425,0.55020606060606059
039526,2451,2051,296,0.56113360323886641
039526,2452,2051,300,0.55219893136046039
039526,2452,2051,327,0.55324084707611743
039526,2455,2051,225,0.55331580484954723
039526,2455,2051,231,0.53401248767663489
039526,2455,2051,243,0.54117079446767447
039526,2455,2051,244,0.55166384203588625
039526,2455,2051,248,0.55902747300974287
039526,2455,2051,262,0.55688351866444852
039526,2456,2051,4,0.52548793793187054
039526,2457,2051,146,0.54495301961090103
039526,2459,2051,156,0.54610965659235911
039526,2460,2051,167,0.53314587999809371
039526,2461,2051,380,0.55463811121145656
039526,2462,2051,328,0.58632603567987773
039526,2462,2051,343,0.54065971628781406
039526,2463,2051,246,0.54098499618547091
039526,2464,2051,245,0.54036974155819661
039526,2466,2051,206,0.53680889831660816
039526,2466,2051,213,0.55186400603330543
039526,2466,2051,215,0.54957589352774472
039526,2466,2051,220,0.54357977635863397
039526,2467,2051,209,0.5399458174379389
039526,2469,2051,174,0.55319379676824643
039526,2470,2051,287,0.54133668862408413
039526,2471,2051,269,0.54505164869863321
039526,2471,2051,281,0.55972710889899602
039526,2471,2051,285,0.55874691765359641
039526,2471,2051,287,0.54567574337138158
039526,2471,2051,289,0.52931936457636153
039526,2472,2051,369,0.53249636854119109
039526,2472,2051,373,0.55439096759277096
039526,2472,2051,377,0.5537852610416536
039526,2472,2051,381,0.55853065224619802
039526,2472,2051,384,0.53860236096206049
039526,2472,2051,385,0.52935455754851135
039526,2472,2051,392,0.53977147394891256
039526,2473,2051,153,0.54856624240983642
039526,2474,2051,220,0.54724837351703026
039526,2475,2051,136,0.54523110785033013
039526,2475,2051,156,0.55553577785688857
039526,2476,2051,397,0.54601635681636507
039526,2477,2051,120,0.52955777517424885
039526,2478,2051,196,0.56695481976839013
039526,2478,2051,222,0.52543177809222896
039526,2479,2051,227,0.56177205678161291
039526,2479,2051,233,0.54900074553281542
039526,2481,2051,64,0.53384656225112825
039526,2482,2051,235,0.55763039278815196
039526,2483,2051,198,0.55203803151685893
039526,2483,2051,218,0.54878048780487809
039526,2484,2051,275,0.54569105691056907
039526,2484,2051,280,0.55117492106135413
039526,2485,2051,327,0.54053031894776649
039526,2485,2051,351,0.54834006854570572
039526,2486,2051,234,0.51285198302766766
039526,2486,2051,239,0.55130879748081085
039526,2487,2051,133,0.53979722849426659
039526,2488,2051,201,0.55204600430030459
039526,2491,2051,57,0.53516382241713545
039526,2493,2051,236,0.54520035070258999
039526,2493,2051,240,0.55204323970190816
039526,2495,2051,275,0.55313507513962057
039526,2497,2051,347,0.56032557064728994
039526,2497,2051,352,0.55723398426799198
039526,2497,2051,355,0.5321916773657579
039526,2497,2051,367,0.53531476200921257
039526,2497,2051,370,0.53512732826455056
039526,2498,2051,159,0.5591815645344631
039526,2498,2051,188,0.53849620187974767
039526,2500,2051,311,0.5575297144957726
039526,2501,2051,319,0.55565217391304345
039526,2502,2051,473,0.55557466421311508
039526,2504,2051,57,0.54693131881696544
039526,2507,2051,244,0.55725259021078954
039526,2509,2051,144,0.55326681686514323
039526,2509,2051,158,0.53220932659413256
039526,2510,2051,332,0.55706657600543963
039526,2510,2051,347,0.5460381566653606
039526,2511,2051,237,0.55165417397621963
039526,2517,2051,299,0.55476437870545814
039526,2519,2051,246,0.55092134964075479
039526,2519,2051,259,0.56051681992783142
039526,2520,2051,285,0.54623115577889447
039526,2521,2051,174,0.5507725964941308
039526,2524,2051,188,0.55421413388741614
039526,2525,2051,230,0.53577766917873404
039526,2525,2051,244,0.53578889688003017
039526,2526,2051,279,0.54086930722444737
039526,2526,2051,303,0.54071293191427316
039526,2527,2051,214,0.55984700764961748
039526,2528,2051,417,0.53703492353343985
039526,2532,2051,506,0.54502059409181414
039526,2533,2051,201,0.53568043844400037
039526,2534,2051,472,0.55449742628664467
039526,2534,2051,477,0.5449759907274534
039526,2534,2051,489,0.56265375007151164
039526,2534,2051,492,0.56577595066803699
039526,2536,2051,135,0.56264991047599744
039526,2536,2051,149,0.54866029822926377
039526,2537,2051,398,0.5655484440520856
039526,2537,2051,401,0.53858118361153262
039526,2539,2051,462,0.54124390509999409
039526,2540,2051,116,0.56664938793412811
039526,2540,2051,127,0.54438310856450745
039526,2540,2051,130,0.54502834025158553
039526,2540,2051,142,0.55084054388133497
039526,2541,2051,285,0.57231871083258734
039526,2541,2051,289,0.53777705327180025
039526,2541,2051,306,0.56423335472756142
039526,2541,2051,309,0.53964484457519579
039526,2542,2051,285,0.53952615318292863
039526,2543,2051,181,0.5327098433481412
039526,2546,2051,86,0.50761823098740189
039526,2546,2051,108,0.54980622502119414
039526,2546,2051,111,0.54020029363946565
039526,2546,2051,114,0.54398216313996051
039526,2548,2051,188,0.53231171496185481
039526,2548,2051,189,0.55441631119633705
039526,2550,2051,117,0.558688283364427
039526,2550,2051,127,0.53326702033598583
039526,2552,2051,86,0.5548942705904939
039526,2553,2051,2,0.53286019832782427
039526,2553,2051,20,0.55103564770468338
039526,2553,2051,25,0.54594547053649956
039526,2553,2051,29,0.55026202953787517
039526,2554,2051,263,0.5633867116168001
039526,2554,2051,269,0.53673372500148364
039526,2555,2051,249,0.56265461059455768
039526,2556,2051,307,0.5472026308276321
039526,2556,2051,315,0.53786788750817527
039526,2556,2051,328,0.55582577245658338
039526,2557,2051,116,0.5816581711379043
039526,2558,2051,99,0.54448863716217166
039526,2559,2051,377,0.53605028065459726
039526,2560,2051,196,0.54970881863560728
039526,2560,2051,203,0.55994127087103496
039526,2561,2051,232,0.55299173956777514
039526,2561,2051,236,0.54700375132258172
039526,2562,2051,254,0.5530801132915234
039526,2562,2051,280,0.54638652766639939
039526,2563,2051,320,0.55740794433169039
039526,2563,2051,328,0.54955762617207016
039526,2566,2051,274,0.54759480783914483
039526,2566,2051,275,0.52462855607171655
039526,2566,2051,283,0.5665806224913168
039526,2566,2051,284,0.54617349444935648
039526,2566,2051,292,0.54721193959692105
039526,2569,2051,74,0.54977213664268765
039526,2570,2051,223,0.55080174205681476
039526,2571,2051,501,0.54229515761543567
039526,2572,2051,172,0.53653633927163802
039526,2572,2051,185,0.54108391608391604
039526,2573,2051,209,0.54218097859870351
039526,2573,2051,221,0.54591271156417498
039526,2573,2051,222,0.52702725034290154
039526,2574,2051,166,0.54605114511656572
039526,2574,2051,180,0.5221959858323495
039526,2574,2051,186,0.53338036298338998
039526,2576,2051,92,0.54670445970072334
039526,2576,2051,94,0.53169343926725188
039526,2577,2051,141,0.56084148925436383
039526,2577,2051,163,0.54880728685626934
039526,2579,2051,530,0.54326553461466687
039526,2581,2051,154,0.5426737319785222
039526,2583,2051,204,0.54244248847630561
039526,2584,2051,322,0.54145235446014317
039526,2584,2051,336,0.56260101952007957
039526,2585,2051,156,0.56362549503100945
039526,2587,2051,435,0.55127369668246451
039526,2588,2051,137,0.55334894869715001
039526,2588,2051,150,0.5368805044556777
039526,2588,2051,151,0.5528123405424501
039526,2589,2051,410,0.52856540398402418
039526,2590,2051,217,0.54269117313365101
039526,2590,2051,220,0.54679402499745966
039526,2592,2051,160,0.535269025868224
039526,2592,2051,167,0.56496298511927012
039526,2593,2051,297,0.53289243293204502
039526,2593,2051,306,0.5386466359769333
039526,2594,2051,222,0.53892047166589663
039526,2596,2051,484,0.56638987423411802
039526,2596,2051,489,0.54855071230405261
039526,2596,2051,498,0.52386259668967816
039526,2597,2051,255,0.53878026943177793
039526,2597,2051,264,0.55091148183482452
039526,2597,2051,271,0.52030527547211858
039526,2598,2051,371,0.53796753608990844
039526,2598,2051,382,0.56074604582729304
039526,2599,2051,312,0.55068912975724627
039526,2599,2051,323,0.5345964874182253
039526,2600,2051,448,0.53670628351983052
039526,2600,2051,470,0.55167602194526366
039526,2604,2051,302,0.54170924944915855
039526,2604,2051,309,0.55644209240789744
039526,2604,2051,313,0.54926819212533495
039526,2605,2051,128,0.54956313101822851
039526,2606,2051,214,0.54940116123703331
039526,2607,2051,122,0.54076582443344623
039526,2607,2051,125,0.53320495082825414
039526,2607,2051,126,0.54919127933478995
039526,2607,2051,130,0.53619186046511624
039526,2607,2051,141,0.55666653046214198
039526,2609,2051,202,0.54334622949402378
039526,2609,2051,218,0.52110912343470484
039526,2612,2051,201,0.54287612334151425
039526,2613,2051,252,0.53373654858220088
039526,2614,2051,245,0.55066843388477082
039526,2615,2051,264,0.54772390252091441
039526,2616,2051,351,0.56273793402999561
039526,2618,2051,106,0.55618679237680813
039526,2619,2051,363,0.53398914900407379
039526,2620,2051,375,0.53943932494550795
039526,2620,2051,384,0.54833422120231123
039526,2620,2051,398,0.54775958685858694
039526,2621,2051,48,0.53963009450679267
039526,2621,2051,68,0.56411790298020448
039526,2623,2051,217,0.54538391999547997
039526,2624,2051,168,0.54536007025761124
039526,2624,2051,173,0.54278419513162457
039526,2625,2051,50,0.54656943206865827
039526,2625,2051,65,0.55633067977178252
039526,2626,2051,481,0.5354961070073867
039526,2626,2051,485,0.53953763420989409
039526,2627,2051,291,0.55971382335405839
039526,2628,2051,202,0.54137679324265942
039526,2630,2051,55,0.54202600318024508
039526,2630,2051,56,0.54701319907470403
039526,2630,2051,58,0.50894501985507845
039526,2631,2051,140,0.52936660268714009
039526,2631,2051,164,0.56137252710405727
039526,2632,2051,255,0.54039144103032144
039526,2632,2051,273,0.54595067853494816
039526,2634,2051,56,0.55801594331266613
039526,2634,2051,67,0.55289056573641548
039526,2634,2051,73,0.54747263797037549
039526,2635,2051,143,0.54744566539995132
039526,2635,2051,166,0.55412447797065922
039526,2636,2051,265,0.53224663359319635
039526,2637,2051,275,0.50391809908998986
039526,2638,2051,154,0.56822058782404428
039526,2638,2051,164,0.55066478786779582
039526,2639,2051,334,0.54591013775197739
039526,2642,2051,162,0.54574706666233297
039526,2645,2051,115,0.5506857403580343
039526,2645,2051,124,0.54240322898805826
039526,2646,2051,94,0.55246233811998946
039526,2646,2051,101,0.55090660799635838
039526,2648,2051,103,0.5625113739763421
039526,2649,2051,298,0.54413992169414993
039526,2649,2051,309,0.54679447811807425
039526,2650,2051,174,0.54420929152716346
039526,2650,2051,189,0.55497196394350201
039526,2650,2051,193,0.54459932706173175
039526,2651,2051,263,0.51708566853482785
039526,2651,2051,267,0.55123762838178303
039526,2651,2051,282,0.55517399095741893
039526,2651,2051,291,0.55613352135987093
039526,2652,2051,183,0.55690182614852324
039526,2654,2051,109,0.55825925689070799
039526,2654,2051,116,0.56056038304663947
039526,2655,2051,263,0.54706556864380274
039526,2656,2051,176,0.55853569504076206
039526,2657,2051,247,0.5454195272706801
039526,2657,2051,252,0.55756322339537756
039526,2658,2051,390,0.54863825299336189
039526,2659,2051,164,0.53575511301958745
039526,2660,2051,341,0.56565810532733785
039526,2660,2051,349,0.54045028773049941
039526,2661,2051,68,0.55650734006305125
039526,2662,2051,174,0.54983315918972664
039526,2662,2051,183,0.54569884073368125
039526,2662,2051,187,0.5555264399140506
039526,2663,2051,274,0.54538415048727051
039526,2663,2051,278,0.54396016851780926
039526,2664,2051,65,0.53925089789635705
039526,2664,2051,67,0.56381719648678397
039526,2665,2051,288,0.53249813571961224
039526,2665,2051,296,0.55729219016986631
039526,2668,2051,152,0.55438541113677775
039526,2669,2051,295,0.55876502545236773
039526,2670,2051,190,0.54998339422118903
039526,2671,2051,327,0.54649158638279216
039526,2671,2051,338,0.53446355218269159
039526,2671,2051,342,0.54512012777381313
039526,2671,2051,349,0.5397005444646098
039526,2672,2051,405,0.54938726781136982
039526,2674,2051,199,0.56322076491445494
039526,2675,2051,319,0.54356128203297882
039526,2676,2051,308,0.53210097396143907
039526,2676,2051,315,0.55813215332623833
039526,2676,2051,323,0.55566444531556247
039526,2679,2051,158,0.55868510607486788
039526,2680,2051,158,0.54456455231490919
039526,2680,2051,159,0.56708919462049778
039526,2680,2051,165,0.54764192852350824
039526,2681,2051,257,0.53992945378337298
039526,2682,2051,61,0.54022296735734965
039526,2682,2051,85,0.53917245014495296
039526,2682,2051,90,0.54628910653007035
039526,2683,2051,332,0.54264896974197141
039526,2683,2051,341,0.54851585746425724
039526,2683,2051,347,0.54058968398278362
039526,2683,2051,349,0.54067290536358004
039526,2684,2051,70,0.55552597788982494
039526,2685,2051,235,0.53959201972651871
039526,2685,2051,255,0.53336948942434337
039526,2687,2051,182,0.54908825539933859
039526,2689,2051,227,0.55870129398740498
039526,2691,2051,409,0.54990870359099209
039526,2692,2051,104,0.54816594812354225
039526,2692,2051,114,0.55566963267168601
039526,2692,2051,125,0.55847839135654265
039526,2692,2051,128,0.54398167315282497
039526,2693,2051,196,0.56439590916970017
039526,2695,2051,362,0.55865492434264408
039526,2695,2051,364,0.55522652811972939
039526,2696,2051,356,0.53665252178419875
039526,2696,2051,357,0.55352427892473655
039526,2697,2051,67,0.53924061013613256
039526,2697,2051,68,0.54086398131932278
039526,2697,2051,73,0.53919302479732145
039526,2698,2051,191,0.54945386684230746
039526,2698,2051,201,0.52368421052631575
039526,2700,2051,313,0.5624194196830854
039526,2701,2051,120,0.54766408826646329
039526,2701,2051,136,0.55497527383648382
039526,2702,2051,363,0.53950061399918137
039526,2702,2051,364,0.54132244287183962
039526,2702,2051,370,0.54818187832146248
039526,2703,2051,268,0.56814368517388647
039526,2706,2051,108,0.53235181901833606
039526,2707,2051,162,0.55245617288664406
039526,2708,2051,3,0.55519129494646535
039526,2708,2051,12,0.54286325308566541
039526,2708,2051,22,0.55183140993477175
039526,2709,2051,161,0.54012814027988532
039526,2709,2051,179,0.56328490208464943
039526,2713,2051,160,0.53256138274944009
039526,2716,2051,143,0.53860169340145048
039526,2716,2051,145,0.54311170212765958
039526,2717,2051,222,0.54196195449459161
039526,2717,2051,248,0.55265761118143231
039526,2717,2051,250,0.54466331619586772
039526,2718,2051,236,0.53883142893079328
039526,2718,2051,253,0.54931801061050467
039526,2719,2051,335,0.56290497410574492
039526,2719,2051,340,0.54915781925034546
039526,2719,2051,359,0.53929056536551689
039526,2722,2051,447,0.5284279673814557
039526,2722,2051,462,0.55782915795878418
039526,2723,2051,305,0.54745180941989458
039526,2723,2051,308,0.55413691888907191
039526,2725,2051,291,0.55114737197603936
039526,2725,2051,300,0.55614931237721021
039526,2726,2051,266,0.56040653630235615
039526,2726,2051,286,0.55056610402261219
039526,2727,2051,391,0.54381428706237611
039526,2727,2051,407,0.54584278660082741
039526,2731,2051,156,0.54568799117606503
039526,2732,2051,107,0.5386043412033511
039526,2732,2051,117,0.56088042460193566
039526,2735,2051,258,0.53864214923012288
039526,2735,2051,266,0.537986586707356
039526,2735,2051,276,0.56028224544714933
039526,2735,2051,282,0.54641439909297052
039526,2736,2051,230,0.52638249536677229
039526,2737,2051,245,0.54619039948453607
039526,2737,2051,267,0.54698870765370133
039526,2738,2051,68,0.52756090862725102
039526,2739,2051,340,0.54609709005654394
039526,2741,2051,181,0.5493444184328351
039526,2741,2051,183,0.54683725845410625
039526,2743,2051,75,0.52602542576157352
039526,2744,2051,340,0.56896756329113929
039526,2745,2051,192,0.54902094655487887
039526,2745,2051,201,0.55633675316837661
039526,2745,2051,203,0.55908445024770537
039526,2748,2051,59,0.54908998459628811
039526,2749,2051,211,0.54387815020312291
039526,2750,2051,264,0.56146519264824712
039526,2751,2051,143,0.55381085903645166
039526,2752,2051,213,0.54509287458501388
039526,2753,2051,450,0.53406106791617325
039526,2753,2051,459,0.56090218142335402
039526,2754,2051,334,0.5202049274694911
039526,2756,2051,246,0.52430853135956368
039526,2757,2051,112,0.55258641823976462
039526,2761,2051,356,0.54105119425023951
039526,2762,2051,388,0.55988391048984443
039526,2763,2051,63,0.55148941485043401
039526,2767,2051,447,0.54610760331203445
039526,2767,2051,458,0.5212750672222336
039526,2768,2051,259,0.54749720134335522
039526,2768,2051,269,0.53804368913203737
039526,2769,2051,121,0.54837470787233
039526,2770,2051,81,0.5373312685193089
039526,2771,2051,494,0.55005630188283972
039526,2771,2051,495,0.5497929996236357
039526,2772,2051,221,0.54939666653214414
039526,2772,2051,237,0.56830601092896171
039526,2772,2051,239,0.54291969596827494
039526,2773,2051,335,0.5327041353079226
039526,2773,2051,342,0.54441697429471336
039526,2773,2051,353,0.54517581846526941
039526,2774,2051,373,0.56144750985309921
039526,2776,2051,80,0.5401724247495181
039526,2777,2051,89,0.54113912700405298
039526,2778,2051,107,0.53980842911877391
039526,2779,2051,102,0.55090426550658023
039526,2779,2051,117,0.54778829633123338
039526,2779,2051,120,0.54947698494386865
039526,2780,2051,494,0.55342861565450696
039526,2781,2051,215,0.54665428351379508
039526,2781,2051,228,0.54366324522682552
039526,2782,2051,256,0.5499788999859333
039526,2783,2051,391,0.56093362999034468
039526,2784,2051,268,0.54907346512437616
039526,2784,2051,280,0.54542365509555002
039526,2786,2051,367,0.55114268504411301
039526,2787,2051,361,0.53813243317502057
039526,2788,2051,272,0.54537466610431606
039526,2788,2051,275,0.53194765204003081
039526,2789,2051,85,0.54892656674960938
039526,2790,2051,294,0.53997448338160381
039526,2791,2051,306,0.53833328851480355
039526,2792,2051,309,0.55712817087704136
039526,2797,2051,257,0.56905455251407489
039526,2799,2051,261,0.57420581204458399
039526,2799,2051,266,0.55071710310688171
039526,2801,2051,166,0.55166804775496425
039526,2801,2051,167,0.54637941352483543
039526,2801,2051,179,0.54067817803594365
039526,2802,2051,157,0.55210135755013878
039526,2802,2051,166,0.53976982097186699
039526,2802,2051,173,0.54119566853349599
039526,2804,2051,137,0.54968933555155675
039526,2804,2051,138,0.54124393471548304
039526,2806,2051,325,0.57288102589779966
039526,2806,2051,341,0.56369681916513104
039526,2807,2051,274,0.54417853472324185
039526,2808,2051,350,0.55655053208105121
039526,2808,2051,356,0.46891718083024214
039526,2808,2051,360,0.54982300884955748
039526,2810,2051,96,0.54139772980191414
039526,2810,2051,103,0.55205919421067606
039526,2810,2051,110,0.57050533080181098
039526,2811,2051,346,0.53662451756470142
039526,2811,2051,350,0.55406938869859412
039526,2811,2051,357,0.54223689961633725
039526,2812,2051,358,0.5437598652005674
039526,2812,2051,361,0.54560345355458939
039526,2812,2051,378,0.53798428650832997
039526,2813,2051,216,0.54808279399194038
039526,2813,2051,246,0.54253654852457245
039526,2815,2051,339,0.54443447037701975
039526,2818,2051,192,0.54096529122597947
039526,2818,2051,195,0.54505092713502223
039526,2819,2051,384,0.54076618735641968
039526,2821,2051,93,0.55397859469520705
039526,2822,2051,230,0.51218593438053261
039526,2826,2051,318,0.54990906651560778
039526,2827,2051,358,0.55631602440113082
039526,2827,2051,362,0.5310695509781953
039526,2829,2051,93,0.54969815385386134
039526,2830,2051,371,0.51378968253968249
039526,2830,2051,384,0.52912158871975101
039526,2832,2051,357,0.54657567699571286
039526,2834,2051,368,0.54103104637792254
039526,2835,2051,370,0.56377250546861857
039526,2835,2051,377,0.54426120087882746
039526,2835,2051,389,0.55198310255808491
039526,2835,2051,396,0.53826418805520215
039526,2835,2051,398,0.54212801087801088
039526,2838,2051,542,0.55245896591014076
039526,2838,2051,568,0.54802023725442151
039526,2839,2051,176,0.52774745057957206
039526,2840,2051,374,0.55362129060833065
039526,2840,2051,382,0.54230100875419407
039526,2842,2051,293,0.54773415550771698
039526,2843,2051,224,0.53752115379758025
039526,2843,2051,227,0.54316139397007568
039526,2843,2051,228,0.5846796869062999
039526,2845,2051,317,0.54886863819305165
039526,2846,2051,277,0.54818790038116727
039526,2846,2051,293,0.53437402272490353
039526,2846,2051,308,0.55328678440806589
039526,2847,2051,275,0.53515448305701419
039526,2849,2051,87,0.5472567425678958
039526,2851,2051,102,0.56576847065977498
039526,2852,2051,128,0.53290429264150518
039526,2853,2051,221,0.58106933097089608
039526,2854,2051,381,0.54596224277129157
039526,2855,2051,437,0.55025287070430706
039526,2856,2051,142,0.5474140144835733
039526,2857,2051,274,0.53277935910384722
039526,2857,2051,292,0.55907914071793441
039526,2857,2051,293,0.54774959449911931
039526,2858,2051,405,0.54205289565439241
039526,2858,2051,425,0.56161267219951971
039526,2859,2051,414,0.55503401619094672
039526,2859,2051,420,0.54275209118485157
039526,2861,2051,178,0.54916644656091229
039526,2861,2051,184,0.54695311642206201
039526,2862,2051,295,0.54080393876036958
039526,2862,2051,306,0.55773111293434152
039526,2862,2051,307,0.55556932086946731
039526,2863,2051,141,0.54317123892377683
039526,2864,2051,225,0.54659846547314583
039526,2865,2051,97,0.55255471884017171
039526,2865,2051,107,0.50971680393006791
039526,2866,2051,322,0.54586640443913748
039526,2866,2051,330,0.54215246636771297
039526,2868,2051,234,0.55440923192576763
039526,2869,2051,108,0.54860595509357635
039526,2869,2051,109,0.55196740039336234
039526,2872,2051,92,0.57597662257766846
039526,2873,2051,500,0.54798200520486118
039526,2874,2051,397,0.53941420130784923
039526,2874,2051,410,0.54054822636283828
039526,2874,2051,412,0.55075330999847816
039526,2876,2051,399,0.54413847364280099
039526,2877,2051,101,0.53739821407497734
039526,2878,2051,110,0.5470180305131761
039526,2879,2051,348,0.5524172987443432
039526,2882,2051,261,0.54187948922585794
039526,2882,2051,264,0.54746159854204635
039526,2882,2051,270,0.54375979741951042
039526,2883,2051,427,0.54584527220630374
039526,2883,2051,429,0.55666628972068299
039526,2884,2051,82,0.52758824990921771
039526,2885,2051,299,0.54487388541111526
039526,2885,2051,315,0.55160185864514555
039526,2885,2051,318,0.5432424508941659
039526,2886,2051,112,0.54559834290556442
039526,2886,2051,129,0.56587362496802251
039526,2886,2051,137,0.54269943432598411
039526,2887,2051,280,0.54453236657719528
039526,2887,2051,281,0.55159744408945688
039526,2887,2051,300,0.54973891421467058
039526,2887,2051,304,0.54472724926610538
039526,2889,2051,2,0.53285782083135591
039526,2889,2051,4,0.54506716234699959
039526,2890,2051,193,0.56377288623739974
039526,2890,2051,196,0.56001110459915482
039526,2891,2051,30,0.53874088315175928
039526,2891,2051,31,0.55653021442495132
039526,2891,2051,51,0.5458972790050074
039526,2892,2051,303,0.54840742189197411
039526,2892,2051,308,0.55392378370236484
039526,2893,2051,231,0.5365522198636522
039526,2893,2051,232,0.53289854141232407
039526,2895,2051,235,0.55208741456619215
039526,2895,2051,257,0.54745204090256061
039526,2897,2051,214,0.54221688268054047
039526,2897,2051,215,0.53272865707168149
039526,2897,2051,225,0.56402442960992683
039526,2898,2051,122,0.55548634900861626
039526,2899,2051,147,0.54044519756604792
039526,2899,2051,157,0.53729606151927678
039526,2901,2051,60,0.55364754892462698
039526,2901,2051,72,0.55855019914062609
039526,2902,2051,201,0.53261035355846376
039526,2903,2051,67,0.54999544964052161
039526,2904,2051,176,0.5477485987479096
039526,2905,2051,188,0.55456408019585135
039526,2907,2051,139,0.52766227919171593
039526,2909,2051,521,0.54114713216957611
039526,2909,2051,530,0.55169433311649019
039526,2910,2051,343,0.53143075780423576
039526,2912,2051,176,0.54574159172281578
039526,2912,2051,199,0.55226831066139515
039526,2913,2051,279,0.55465407877268036
039526,2913,2051,287,0.5352998192439683
039526,2913,2051,305,0.56114896002584491
039526,2914,2051,337,0.54243222157206938
039526,2915,2051,337,0.53936308668420052
039526,2916,2051,463,0.56790681895284401
039526,2916,2051,467,0.58035381901170224
039526,2917,2051,218,0.53542542866386278
039526,2918,2051,187,0.52782198320803375
039526,2919,2051,251,0.556234324169957
039526,2919,2051,257,0.53466462757092725
039526,2920,2051,217,0.54501146097237307
039526,2921,2051,104,0.53934052152101586
039526,2922,2051,488,0.54336800620235171
039526,2924,2051,97,0.54937258833895419
039526,2925,2051,98,0.59734348876091403
039526,2925,2051,101,0.54012323436148746
039526,2925,2051,111,0.55651493447928269
039526,2926,2051,300,0.53102203137580206
039526,2927,2051,287,0.55855287042444712
039526,2927,2051,289,0.55171349510429968
039526,2928,2051,99,0.54093684315884294
039526,2928,2051,114,0.56398299273076391
039526,2930,2051,63,0.54670329670329665
039526,2932,2051,287,0.53967132188515254
039526,2933,2051,101,0.5392340789983483
039526,2935,2051,210,0.57782581840642366
039526,2936,2051,402,0.55900353988156282
039526,2936,2051,411,0.50857442073569836
039526,2936,2051,425,0.54745522614590714
039526,2937,2051,139,0.54448014883091622
039526,2938,2051,238,0.52331589274035317
039526,2938,2051,242,0.56035749794665635
039526,2939,2051,252,0.57545496353721837
039526,2939,2051,263,0.55513670907487278
039526,2939,2051,265,0.55900811019567453
039526,2940,2051,204,0.54669172445078085
039526,2940,2051,210,0.54321180420017179
039526,2940,2051,213,0.53661067763385484
039526,2941,2051,170,0.53880304787559086
039526,2942,2051,138,0.54315477897731834
039526,2943,2051,297,0.55537766830870283
039526,2944,2051,327,0.56674785115933635
039526,2945,2051,185,0.54427914852443149
039526,2945,2051,195,0.54120293630120764
039526,2945,2051,211,0.54279932342636217
039526,2946,2051,194,0.55679034820601081
039526,2946,2051,207,0.54220235676554251
039526,2946,2051,213,0.56798051372896363
039526,2948,2051,472,0.53502321495796212
039526,2949,2051,138,0.51888399601427149
039526,2949,2051,158,0.55385715899250776
039526,2951,2051,248,0.54974594794061715
039526,2951,2051,265,0.54319729047020315
039526,2952,2051,324,0.55933774982404794
039526,2952,2051,327,0.55543852085558354
039526,2952,2051,330,0.54671319544925812
039526,2953,2051,115,0.54367104150181456
039526,2953,2051,116,0.5465731777871804
039526,2953,2051,125,0.54371243760823063
039526,2953,2051,128,0.54655517405149523
039526,2954,2051,56,0.54389752866688068
039526,2954,2051,62,0.5393835176962759
039526,2954,2051,69,0.56760843269396921
039526,2955,2051,380,0.54059085390530148
039526,2955,2051,390,0.53683445532435736
039526,2956,2051,101,0.51852710000534696
039526,2958,2051,363,0.54984440602617934
039526,2960,2051,174,0.54702685857857936
039526,2963,2051,96,0.53224720182162211
039526,2963,2051,103,0.54440005424181415
039526,2963,2051,113,0.55680777449882979
039526,2964,2051,394,0.55486908498549803
039526,2965,2051,72,0.54689634373503171
039526,2966,2051,141,0.56635839064105609
039526,2966,2051,147,0.55180690031365065
039526,2966,2051,149,0.54048482849604218
039526,2967,2051,152,0.54709267404235529
039526,2969,2051,154,0.55405101636676979
039526,2969,2051,166,0.54709263762989169
039526,2970,2051,250,0.55473761301075808
039526,2970,2051,266,0.55459421367889439
039526,2970,2051,270,0.55715472952553646
039526,2970,2051,274,0.54161884734647325
039526,2970,2051,277,0.54330503952163545
039526,2971,2051,242,0.53800092946770095
039526,2971,2051,243,0.5498587115928032
039526,2972,2051,395,0.54692104854971302
039526,2973,2051,150,0.5489377948675993
039526,2975,2051,61,0.54714901489952172
039526,2976,2051,370,0.52234779067399717
039526,2976,2051,395,0.53556943863890549
039526,2980,2051,140,0.54159693165969314
039526,2981,2051,184,0.52129782250368695
039526,2982,2051,426,0.53827893175074182
039526,2983,2051,259,0.54859042674317982
039526,2984,2051,159,0.54431270096463025
039526,2984,2051,175,0.56030322035284819
039526,2984,2051,177,0.53570022113840843
039526,2984,2051,183,0.55164582926352801
039526,2985,2051,63,0.54868517463160471
039526,2986,2051,370,0.53811238609126588
039526,2986,2051,379,0.53912267899132404
039526,2987,2051,197,0.55127302375569798
039526,2988,2051,526,0.56182527961900841
039526,2989,2051,71,0.53762414731559038
039526,2989,2051,84,0.55542552990694782
039526,2990,2051,147,0.55446021731510686
039526,2990,2051,172,0.54719319868903893
039526,2992,2051,323,0.54190261817320218
039526,2992,2051,342,0.51723797618264356
039526,2993,2051,303,0.54243923828614382
039526,2994,2051,315,0.55793997197973921
039526,2994,2051,316,0.55485362870117461
039526,2994,2051,339,0.55678919729932486
039526,2995,2051,269,0.54775013647352411
039526,2996,2051,152,0.54071782466097551
039526,2996,2051,164,0.55004944773434061
039526,2996,2051,168,0.56365979381443299
039526,2997,2051,196,0.55134281200631907
039526,2998,2051,217,0.54513828269709808
039526,2999,2051,100,0.53421850158982509
039526,2999,2051,101,0.56007796376977759
039526,2999,2051,121,0.55956022944550665
039526,3001,2051,209,0.54385964912280704
039526,3001,2051,216,0.56469072955319088
039526,3003,2051,138,0.52478719288063458
039526,3003,2051,142,0.54512710758469485
039526,3003,2051,144,0.55439071794569761
039526,3004,2051,108,0.53899717390670976
039526,3005,2051,48,0.5504259264235617
039526,3005,2051,54,0.55442747971817286
039526,3006,2051,206,0.54528171576672579
039526,3006,2051,213,0.55597151733853067
039526,3006,2051,215,0.54314053992308575
039526,3007,2051,55,0.55715276707260675
039526,3010,2051,232,0.55997900432026482
039526,3011,2051,116,0.54067870972664667
039526,3013,2051,268,0.56492257047477745
039526,3014,2051,247,0.5353337894633956
039526,3015,2051,258,0.5360671087076988
039526,3017,2051,92,0.56306478674241311
039526,3018,2051,339,0.5533924992842828
039526,3018,2051,340,0.54415528715117811
039526,3020,2051,89,0.55093307975751815
039526,3020,2051,97,0.54111046624105241
039526,3020,2051,112,0.54536678041703879
039526,3022,2051,300,0.55883484040192877
039526,3022,2051,304,0.55828750755765411
039526,3024,2051,249,0.53566490561644031
039526,3024,2051,269,0.53768844221105527
039526,3025,2051,138,0.54279715762273906
039526,3025,2051,149,0.54416843261910364
039526,3026,2051,190,0.54195796484573144
039526,3026,2051,195,0.52652906016422474
039526,3026,2051,196,0.55634638196915775
039526,3026,2051,205,0.5623273914135074
039526,3027,2051,415,0.56999372253609537
039526,3027,2051,420,0.53919228333414526
039526,3029,2051,121,0.54363708681362388
039526,3030,2051,111,0.52234559608013598
039526,3031,2051,176,0.53749960225283988
039526,3033,2051,389,0.53716762733426515
039526,3033,2051,400,0.54195703938264372
039526,3035,2051,302,0.53319351036538865
039526,3035,2051,303,0.55463098271760003
039526,3036,2051,359,0.54903455376334376
039526,3038,2051,238,0.53957750369293955
039526,3039,2051,411,0.54625465532991357
039526,3040,2051,432,0.54821154268158878
039526,3040,2051,453,0.54451400914701831
039526,3041,2051,212,0.53836384339143384
039526,3041,2051,215,0.56076375504330167
039526,3041,2051,217,0.54116222760290555
039526,3041,2051,233,0.54737064057689877
039526,3042,2051,15,0.54674046740467408
039526,3042,2051,20,0.5342868039664378
039526,3042,2051,22,0.53822677749307335
039526,3043,2051,124,0.543943801677363
039526,3043,2051,131,0.54019363762102346
039526,3043,2051,137,0.56348349049718272
039526,3047,2051,262,0.54621991665957992
039526,3048,2051,246,0.54818999790751199
039526,3049,2051,273,0.55283624299777012
039526,3049,2051,274,0.53872469071959905
039526,3049,2051,279,0.55523394131641557
039526,3050,2051,159,0.54386773673071687
039526,3050,2051,176,0.54421028519069981
039526,3051,2051,124,0.52988770841997812
039526,3051,2051,136,0.55517773597646269
039526,3052,2051,69,0.56018252157524051
039526,3052,2051,87,0.55558341093044916
039526,3053,2051,247,0.55296867480923029
039526,3054,2051,106,0.55197256165870978
039526,3055,2051,158,0.54549156174658453
039526,3057,2051,224,0.56213117803216039
039526,3057,2051,244,0.5559136581534545
039526,3057,2051,248,0.54543772393645951
039526,3059,2051,300,0.56036679436287684
039526,3059,2051,316,0.53839063193472403
039526,3059,2051,321,0.53159996007585586
039526,3060,2051,467,0.54557640750670244
039526,3061,2051,295,0.54517388965549496
039526,3061,2051,298,0.53607721561315114
039526,3062,2051,147,0.5377775913771049
039526,3062,2051,148,0.54169851908478373
039526,3062,2051,151,0.52843621066256774
039526,3062,2051,154,0.56796993035339205
039526,3062,2051,158,0.56184272324436912
039526,3062,2051,161,0.54766227012716873
039526,3063,2051,136,0.55854914866218341
039526,3064,2051,120,0.52557547885222244
039526,3064,2051,123,0.52623405866024808
039526,3064,2051,138,0.52996625160013966
039526,3065,2051,485,0.55078492264736889
039526,3066,2051,236,0.54355143517075066
039526,3067,2051,157,0.54687519819374153
039526,3068,2051,318,0.54171454366382144
039526,3069,2051,261,0.52509436971662504
039526,3069,2051,267,0.53159836709059505
039526,3069,2051,284,0.54798040512111557
039526,3071,2051,85,0.5401909084840798
039526,3072,2051,154,0.54054183038768078
039526,3074,2051,59,0.56593776528790141
039526,3075,2051,120,0.5541545920641997
039526,3076,2051,148,0.54118407584980877
039526,3076,2051,161,0.53697588107190697
039526,3077,2051,83,0.54463935627951376
039526,3078,2051,163,0.52940332416596914
039526,3079,2051,311,0.54674879469037629
039526,3079,2051,321,0.54963955270477383
039526,3080,2051,45,0.55588635590336855
039526,3080,2051,56,0.54319440780796624
039526,3081,2051,324,0.56171477893929223
039526,3082,2051,116,0.5454245980738549
039526,3084,2051,135,0.56768298426853392
039526,3085,2051,176,0.54494254325041036
039526,3086,2051,196,0.5550209368254051
039526,3087,2051,116,0.54661179909237756
039526,3089,2051,291,0.54632296272258951
039526,3089,2051,306,0.55613361558609309
039526,3090,2051,107,0.5431340508254916
039526,3091,2051,299,0.53082964701634017
039526,3092,2051,547,0.5540696416985077
039526,3092,2051,565,0.55815057720271832
039526,3092,2051,576,0.53209657934367083
039526,3093,2051,284,0.54841843586593142
039526,3093,2051,301,0.55132822584002994
039526,3094,2051,125,0.5364135295290916
039526,3095,2051,267,0.54382786629642277
039526,3096,2051,130,0.5557232780352318
039526,3096,2051,134,0.55502855329949241
039526,3096,2051,143,0.55334350164566104
039526,3097,2051,77,0.53586238262125796
039526,3097,2051,78,0.54606551800982883
039526,3099,2051,276,0.55255699998171615
039526,3099,2051,280,0.54338826776221916
039526,3100,2051,387,0.56780266627239351
039526,3101,2051,163,0.54456584243818285
039526,3101,2051,167,0.54675230390849561
039526,3101,2051,172,0.55015145648757602
039526,3102,2051,59,0.55308918256872408
039526,3103,2051,196,0.55691634773100052
039526,3103,2051,198,0.54808550422846458
039526,3105,2051,235,0.54772924288505898
039526,3106,2051,216,0.52572706935123048
039526,3106,2051,233,0.54465598137325222
039526,3107,2051,160,0.54202472695015802
039526,3107,2051,163,0.54697024231095215
039526,3107,2051,164,0.55350428076735148
039526,3107,2051,172,0.53938771317033085
039526,3108,2051,220,0.55544386837371706
039526,3109,2051,164,0.55090033874130862
039526,3109,2051,173,0.55892335250306402
039526,3110,2051,83,0.5414597166309405
039526,3110,2051,86,0.5507213031774153
039526,3112,2051,113,0.54521408016742723
039526,3113,2051,185,0.54381426419542866
039526,3113,2051,207,0.55028543108353678
039526,3113,2051,209,0.52897322323690787
039526,3115,2051,324,0.55557549295213027
039526,3116,2051,93,0.52554012918553716
039526,3117,2051,50,0.5381104233101982
039526,3120,2051,316,0.54805501645430765
039526,3123,2051,90,0.55569710656861038
039526,3123,2051,95,0.54942625881741047
039526,3124,2051,146,0.5427824370991613
039526,3124,2051,148,0.55517991941833
039526,3126,2051,476,0.54435096958471874
039526,3126,2051,478,0.55567838147877779
039526,3126,2051,488,0.56757697947214081
039526,3128,2051,435,0.55891012492068659
039526,3130,2051,90,0.53948139076726476
039526,3131,2051,118,0.5456649511222097
039526,3131,2051,142,0.55746815258200599
039526,3132,2051,213,0.53815105994665169
039526,3132,2051,218,0.55850262421563268
039526,3134,2051,347,0.57073359738246943
039526,3135,2051,203,0.56028495900353958
039526,3135,2051,220,0.55938973284442117
039526,3137,2051,101,0.54574003931533777
039526,3137,2051,118,0.5661612187969387
039526,3138,2051,151,0.53896278744143467
039526,3138,2051,153,0.56674066209825302
039526,3138,2051,161,0.54796756815584702
039526,3138,2051,164,0.54661037669725665
039526,3139,2051,242,0.55956130697127249
039526,3140,2051,129,0.53472607489597779
039526,3141,2051,154,0.55020616760555197
039526,3141,2051,159,0.54591280653950958
039526,3141,2051,172,0.52916681433178581
039526,3142,2051,101,0.54794048767047798
039526,3143,2051,340,0.54714429137152099
039526,3146,2051,221,0.55028526108424791
039526,3147,2051,244,0.55644742291329397
039526,3149,2051,306,0.54379266978081209
039526,3150,2051,261,0.54604652761073502
039526,3151,2051,249,0.51223861241692337
039526,3151,2051,252,0.59202890067066949
039526,3151,2051,269,0.54643183517487748
039526,3153,2051,130,0.54147782063645133
039526,3158,2051,149,0.55447802269808399
039526,3160,2051,333,0.54609322064120391
039526,3161,2051,334,0.55785729232056913
039526,3161,2051,344,0.56451079510558888
039526,3161,2051,358,0.55159049578153418
039526,3162,2051,259,0.54771391376385659
039526,3162,2051,275,0.55895710681244748
039526,3164,2051,255,0.54019183017673689
039526,3164,2051,262,0.5366810624664804
039526,3164,2051,270,0.54711369670240395
039526,3165,2051,268,0.53736158339872697
039526,3166,2051,40,0.53468469784151651
039526,3167,2051,134,0.54454550197381002
039526,3169,2051,176,0.5457486747033411
039526,3170,2051,128,0.5415282943676939
039526,3172,2051,106,0.55507072264031188
039526,3173,2051,84,0.55333595196678076
039526,3173,2051,93,0.54491744180871426
039526,3174,2051,168,0.54085736171144061
039526,3174,2051,199,0.54301887241202984
039526,3176,2051,157,0.52394338574183641
039526,3178,2051,38,0.53654270986745212
039526,3178,2051,45,0.54739670053007083
039526,3179,2051,167,0.55769809679900995
039526,3179,2051,172,0.53835083417728269
039526,3179,2051,179,0.54436932586440023
039526,3180,2051,117,0.53495528669121517
039526,3181,2051,236,0.53825071324093787
039526,3184,2051,124,0.55184594740282822
039526,3184,2051,145,0.5311337272926242
039526,3185,2051,169,0.54557552605210424
039526,3186,2051,170,0.54524244268614319
039526,3186,2051,177,0.54140900287027749
039526,3186,2051,186,0.56686671587663273
039526,3187,2051,84,0.53902657906690743
039526,3187,2051,90,0.57374365301570729
039526,3187,2051,109,0.55210058657198546
039526,3189,2051,580,0.54937355263939192
039526,3190,2051,173,0.54850152420919274
039526,3190,2051,177,0.53524348922909504
039526,3190,2051,183,0.56420393092902699
039526,3190,2051,187,0.54589239778884568
039526,3191,2051,428,0.54334663428174879
039526,3192,2051,188,0.5721844627952799
039526,3194,2051,265,0.54426355029816176
039526,3194,2051,277,0.51728120455128757
039526,3195,2051,131,0.54879459903759442
039526,3196,2051,88,0.55050888390546837
039526,3196,2051,93,0.56405353728489482
039526,3196,2051,94,0.54117589148213519
039526,3197,2051,231,0.54581903774036544
039526,3198,2051,524,0.55946416610850636
039526,3199,2051,326,0.5452559834739017
039526,3200,2051,288,0.54572445137822068
039526,3201,2051,265,0.55086826678464773
039526,3202,2051,371,0.54361567635903918
039526,3202,2051,380,0.55152371248610599
039526,3203,2051,98,0.56422062972210507
039526,3204,2051,82,0.54359614479526897
039526,3204,2051,93,0.53566413928671719
039526,3207,2051,216,0.54856900626862604
039526,3209,2051,317,0.54997315195990693
039526,3209,2051,345,0.54576524448400843
039526,3210,2051,55,0.55312031587028843
039526,3210,2051,57,0.5553841332594075
039526,3210,2051,71,0.5434029786600989
039526,3211,2051,188,0.5520354426147287
039526,3215,2051,287,0.54438163623863722
039526,3218,2051,178,0.53124131542380737
039526,3218,2051,187,0.5601396673711293
039526,3218,2051,196,0.55001359064963307
039526,3220,2051,497,0.55085222910375187
039526,3220,2051,498,0.55789036544850501
039526,3221,2051,251,0.54041399073766083
039526,3222,2051,367,0.55481064118108547
039526,3224,2051,134,0.54839838843627531
039526,3225,2051,219,0.54932780900504141
039526,3225,2051,229,0.56158978219672384
039526,3226,2051,186,0.54992583773093728
039526,3226,2051,191,0.53929866989117292
039526,3227,2051,236,0.54888704235282271
039526,3227,2051,249,0.54636043439976523
039526,3228,2051,374,0.54834844128410987
039526,3229,2051,104,0.53879500262944702
039526,3229,2051,105,0.54600417060473772
039526,3229,2051,117,0.54322875975219254
039526,3230,2051,234,0.56338450339349566
039526,3231,2051,458,0.56614615020617864
039526,3231,2051,464,0.54953384018041895
039526,3231,2051,469,0.54129217811103691
039526,3233,2051,355,0.54372499767420224
039526,3233,2051,364,0.53795195012029418
039526,3234,2051,206,0.54746308796314791
039526,3234,2051,221,0.5566019894852301
039526,3236,2051,152,0.55744670152855991
039526,3236,2051,153,0.54856814681389821
039526,3236,2051,169,0.5550733062068075
039526,3236,2051,179,0.54544083491690043
039526,3237,2051,228,0.5670783949735827
039526,3237,2051,239,0.56402698527789163
039526,3238,2051,441,0.55236654056326184
039526,3239,2051,130,0.51834130781499199
039526,3240,2051,53,0.54834884033695641
039526,3240,2051,57,0.54734367492621316
039526,3241,2051,288,0.55248629375455283
039526,3244,2051,318,0.55461453221465884
039526,3244,2051,320,0.53761748120300756
039526,3244,2051,324,0.5521688376660675
039526,3244,2051,334,0.52621053754266212
039526,3244,2051,335,0.54937146147202764
039526,3246,2051,288,0.53077103534563652
039526,3246,2051,300,0.5382065256437889
039526,3248,2051,93,0.54341641831481979
039526,3248,2051,119,0.55471522131430073
039526,3249,2051,264,0.53662366797532246
039526,3250,2051,387,0.5465452031396153
039526,3250,2051,400,0.55800653594771243
039526,3251,2051,203,0.52588578574405997
039526,3252,2051,126,0.54891962521511883
039526,3253,2051,131,0.5450061652281134
039526,3256,2051,135,0.53960342787478932
039526,3256,2051,138,0.54129989996129158
039526,3258,2051,381,0.55436253999507756
039526,3259,2051,166,0.54659598794304132
039526,3259,2051,171,0.55061690075269654
039526,3259,2051,188,0.5559654819513058
039526,3261,2051,408,0.55664329862695483
039526,3261,2051,420,0.52987948296317877
039526,3261,2051,433,0.54944685948688166
039526,3262,2051,168,0.5487150292778139
039526,3262,2051,175,0.54722878519393581
039526,3263,2051,410,0.53629316420014095
039526,3263,2051,417,0.55167679495836142
039526,3263,2051,418,0.55743616015132413
039526,3264,2051,56,0.54114578039773686
039526,3266,2051,426,0.54142589728981849
039526,3267,2051,458,0.55196736412685876
039526,3267,2051,464,0.5548653221523755
039526,3267,2051,481,0.55857935972604156
039526,3269,2051,204,0.5565942829100724
039526,3269,2051,205,0.53626933957321976
039526,3270,2051,344,0.53851546705506403
039526,3271,2051,352,0.54368795982716334
039526,3272,2051,322,0.54896188712350136
039526,3274,2051,111,0.55373156218571906
039526,3275,2051,386,0.54871811113398472
039526,3277,2051,184,0.55119695088004794
039526,3278,2051,259,0.54762315217859758
039526,3278,2051,281,0.5385518812525647
039526,3279,2051,150,0.55167846269423904
039526,3280,2051,157,0.5573833108400601
039526,3280,2051,164,0.54126331917264436
039526,3280,2051,175,0.5724815724815725
039526,3280,2051,177,0.54431445383694088
039526,3280,2051,181,0.54528909839489226
039526,3281,2051,149,0.55997102212855643
039526,3281,2051,170,0.52153374755298321
039526,3282,2051,140,0.51812742831263559
039526,3283,2051,186,0.55206022653658149
039526,3283,2051,187,0.52491890297847243
039526,3284,2051,406,0.56277884002549394
039526,3285,2051,102,0.56179242447518352
039526,3286,2051,55,0.55266558966074308
039526,3286,2051,61,0.57880121469981649
039526,3288,2051,81,0.55585308162627756
039526,3288,2051,85,0.55585568005587105
039526,3289,2051,216,0.56802597023635837
039526,3289,2051,217,0.52579852579852582
039526,3289,2051,231,0.55966739873395421
039526,3290,2051,59,0.56912442396313367
039526,3292,2051,274,0.58724495484446426
039526,3292,2051,295,0.55853213804529467
039526,3292,2051,303,0.53804834377797672
039526,3293,2051,325,0.54569787813899162
039526,3293,2051,333,0.53208493133074797
039526,3294,2051,54,0.53283529871786961
039526,3294,2051,66,0.54947043640786786
039526,3295,2051,151,0.5396915935643759
039526,3296,2051,158,0.52809952809952809
039526,3296,2051,163,0.55457361382286885
039526,3297,2051,257,0.54239427729854828
039526,3299,2051,383,0.54311384232429705
039526,3299,2051,387,0.55095891449363255
039526,3299,2051,400,0.5603404746447378
039526,3301,2051,442,0.50908549038857676
039526,3301,2051,448,0.54954404322421335
039526,3301,2051,454,0.56759480912183446
039526,3301,2051,458,0.55072820468918871
039526,3301,2051,465,0.56066477148480209
039526,3302,2051,244,0.55306751970752888
039526,3302,2051,253,0.55672535211267604
039526,3303,2051,224,0.53157888463784697
039526,3303,2051,226,0.5434296209717816
039526,3303,2051,239,0.53668018526073291
039526,3305,2051,361,0.55195001664094878
039526,3305,2051,364,0.54860285374554107
039526,3305,2051,365,0.55575500197014138
039526,3306,2051,535,0.55541152156682638
039526,3307,2051,204,0.54186504385179879
039526,3307,2051,213,0.5448948372693907
039526,3309,2051,289,0.55305896022434409
039526,3310,2051,164,0.55925015481038076
039526,3310,2051,168,0.55257339831213603
039526,3312,2051,330,0.53381787504664258
039526,3313,2051,517,0.54402272988552935
039526,3313,2051,540,0.55067038971667914
039526,3317,2051,207,0.56448460886755158
039526,3317,2051,238,0.53578803818429765
039526,3319,2051,313,0.57343140730237507
039526,3319,2051,323,0.54692517581437761
039526,3320,2051,173,0.53952654232424679
039526,3320,2051,187,0.5589973989122724
039526,3321,2051,270,0.54537262014761079
039526,3322,2051,299,0.55873726001422142
039526,3323,2051,342,0.55550846076097937
039526,3323,2051,351,0.55014331086838641
039526,3324,2051,54,0.55684278442899138
039526,3324,2051,59,0.55838461847874177
039526,3325,2051,98,0.50440106367627957
039526,3326,2051,103,0.56436286851295381
039526,3326,2051,109,0.55319671162476403
039526,3328,2051,66,0.53985232488525248
039526,3330,2051,263,0.55008007241331291
039526,3330,2051,274,0.56620913201808798
039526,3331,2051,503,0.55310678081832032
039526,3332,2051,354,0.56765532483833114
039526,3332,2051,359,0.55310030275626154
039526,3333,2051,195,0.55138848138623775
039526,3334,2051,202,0.552316080702833
039526,3334,2051,208,0.55033592511512042
039526,3335,2051,109,0.55551197044085643
039526,3335,2051,119,0.53816770565945482
039526,3337,2051,473,0.56559868021186077
039526,3338,2051,384,0.55574982054993927
039526,3338,2051,397,0.54206305647030129
039526,3344,2051,183,0.55354136830732892
039526,3345,2051,273,0.57584387756485889
039526,3345,2051,283,0.54463860357871063
039526,3346,2051,343,0.53815854258985718
039526,3346,2051,346,0.55608914356411465
039526,3346,2051,350,0.53889122469818007
039526,3346,2051,351,0.52845349477160153
039526,3347,2051,245,0.566401340594889
039526,3348,2051,298,0.56586071384392866
039526,3349,2051,238,0.53590869585105894
039526,3349,2051,239,0.56116046198211778
039526,3349,2051,254,0.52794309258020211
039526,3349,2051,255,0.54873519648550051
039526,3350,2051,221,0.53472031806964626
039526,3350,2051,223,0.55689134983296151
039526,3351,2051,94,0.54988540109616346
039526,3351,2051,95,0.55740734403340064
039526,3351,2051,99,0.53762270121297695
039526,3353,2051,431,0.5422940426558247
039526,3353,2051,444,0.53836103495544896
039526,3356,2051,442,0.5356800366911274
039526,3357,2051,452,0.55640317418562846
039526,3359,2051,211,0.53364821936131079
039526,3361,2051,49,0.54760340856344636
039526,3361,2051,66,0.5513455182093967
039526,3362,2051,110,0.55831450969970764
039526,3363,2051,287,0.55432264059815739
039526,3363,2051,296,0.54332698632508225
039526,3365,2051,214,0.5558177349215353
039526,3365,2051,225,0.5432085178969378
039526,3366,2051,195,0.54643698222376302
039526,3366,2051,198,0.5504830564297738
039526,3367,2051,1,0.5447055972861643
039526,3368,2051,392,0.55227876006658572
039526,3368,2051,393,0.55254771802533931
039526,3368,2051,407,0.53585905146553114
039526,3369,2051,91,0.54513457792762521
039526,3370,2051,225,0.54852998823990595
039526,3372,2051,112,0.54510411549072224
039526,3374,2051,171,0.53679031037093117
039526,3374,2051,178,0.53688148123554347
039526,3375,2051,139,0.53848024316109422
039526,3377,2051,395,0.54728172451193058
039526,3379,2051,112,0.53561970738976772
039526,3380,2051,161,0.54656544213206626
039526,3381,2051,369,0.5381178967547583
039526,3382,2051,174,0.53393598103141671
039526,3382,2051,176,0.5414708899555466
039526,3382,2051,184,0.54009999710991008
039526,3382,2051,188,0.55774141435197244
039526,3382,2051,189,0.54647634917391097
039526,3382,2051,194,0.55668928859570022
039526,3384,2051,469,0.55289565035946664
039526,3384,2051,472,0.54137288696227437
039526,3384,2051,481,0.55129035241883262
039526,3384,2051,486,0.54718708297029917
039526,3388,2051,255,0.56980700032711806
039526,3389,2051,52,0.54280121017974725
039526,3390,2051,397,0.53293232142112501
039526,3391,2051,41,0.55129552939263171
039526,3391,2051,57,0.56102649101248825
039526,3391,2051,64,0.54870129870129869
039526,3392,2051,426,0.55106656859139391
039526,3393,2051,230,0.50291807616304385
039526,3394,2051,386,0.54677599701826318
039526,3395,2051,198,0.54692147164664706
039526,3398,2051,145,0.55177654417763844
039526,3399,2051,125,0.54257778163626302
039526,3400,2051,247,0.5481573291077676
039526,3401,2051,214,0.54712016052103551
039526,3402,2051,133,0.55454176804541766
039526,3403,2051,80,0.51600041247035366
039526,3404,2051,126,0.54616332587208571
039526,3404,2051,144,0.54355250773161223
039526,3405,2051,300,0.53895577239893555
039526,3407,2051,97,0.55021772323700735
039526,3408,2051,163,0.53360945854356501
039526,3410,2051,222,0.57923200363907457
039526,3411,2051,200,0.51305887560867636
039526,3412,2051,260,0.54456677836285305
039526,3412,2051,274,0.55802061632531585
039526,3413,2051,198,0.55139149006078525
039526,3413,2051,212,0.55837252095685952
039526,3415,2051,208,0.54766248324065325
039526,3415,2051,213,0.56106192492518592
039526,3416,2051,174,0.5424237337921195
039526,3417,2051,221,0.54588410412628086
039526,3417,2051,225,0.54636449042554425
039526,3419,2051,287,0.53574502619088604
039526,3419,2051,290,0.55262481526697937
039526,3419,2051,293,0.55102131934367671
039526,3419,2051,294,0.53095189770651507
039526,3420,2051,361,0.53170488110669589
039526,3421,2051,289,0.54537776839391483
039526,3422,2051,417,0.53664057342261628
039526,3422,2051,423,0.55216306156405992
039526,3423,2051,264,0.5437723678354337
039526,3423,2051,266,0.54807680024527028
039526,3423,2051,288,0.54038467839706417
039526,3424,2051,123,0.5555497553017944
039526,3424,2051,133,0.54286057187434367
039526,3425,2051,242,0.54865424430641818
039526,3426,2051,246,0.55362914362967663
039526,3427,2051,434,0.53391359728266641
039526,3427,2051,438,0.56251749675514717
039526,3427,2051,461,0.5459509601407696
039526,3428,2051,107,0.54259680422766376
039526,3429,2051,286,0.55458081118226743
039526,3429,2051,288,0.54764177428411009
039526,3429,2051,290,0.5462911037471323
039526,3429,2051,297,0.56563358179678302
039526,3429,2051,303,0.55939084678029249
039526,3429,2051,316,0.55069212849104643
039526,3430,2051,98,0.55103879947888612
039526,3432,2051,141,0.54604744366412783
039526,3432,2051,150,0.54987376862531556
039526,3433,2051,72,0.54643608578494707
039526,3433,2051,75,0.53827687383302214
039526,3433,2051,88,0.53857872569226628
039526,3436,2051,402,0.56241326036293171
039526,3436,2051,424,0.5442321149808903
039526,3437,2051,153,0.54846221528324479
039526,3440,2051,48,0.55430481386146224
039526,3440,2051,56,0.54417570888207845
039526,3440,2051,72,0.54853557712040812
039526,3441,2051,168,0.54343260272497174
039526,3442,2051,305,0.53394720231686033
039526,3442,2051,308,0.55846301319573333
039526,3443,2051,235,0.55599848296218124
039526,3443,2051,247,0.54235816507612511
039526,3446,2051,269,0.55614258434118391
039526,3446,2051,274,0.54625446250018517
039526,3446,2051,280,0.5215706346885054
039526,3449,2051,295,0.56992999019406632
039526,3450,2051,172,0.52134956190778259
039526,3450,2051,183,0.56271763522401919
039526,3451,2051,321,0.53666661223690015
039526,3452,2051,422,0.55445951500205504
039526,3453,2051,514,0.54837790985636459
039526,3455,2051,401,0.54492587919886448
039526,3456,2051,177,0.53948277743425599
039526,3456,2051,183,0.5317848410757946
039526,3458,2051,80,0.51030767049482495
039526,3458,2051,91,0.49241725397586805
039526,3459,2051,74,0.55412148968234887
039526,3459,2051,84,0.58106398561821693
039526,3460,2051,298,0.56072584819299121
039526,3460,2051,308,0.55223095139645906
039526,3460,2051,327,0.54989152295437627
039526,3462,2051,253,0.55384507895104573
039526,3463,2051,102,0.55577576217684899
039526,3466,2051,278,0.55884017443989475
039526,3466,2051,290,0.54721361302906646
039526,3468,2051,109,0.55838582922721891
039526,3469,2051,213,0.55236696838466259
039526,3469,2051,224,0.54854050679015554
039526,3470,2051,80,0.55720194852594307
039526,3471,2051,438,0.55640760949712431
039526,3472,2051,84,0.55393324295606927
039526,3473,2051,92,0.54486610768865507
039526,3473,2051,116,0.54249602262683405
039526,3474,2051,16,0.55195575708776534
039526,3475,2051,352,0.57660234321157822
039526,3475,2051,371,0.55624730007877421
039526,3476,2051,348,0.54543981994577917
039526,3477,2051,213,0.558686668750217
039526,3479,2051,299,0.57411108335415106
039526,3480,2051,49,0.54556237789561823
039526,3481,2051,293,0.55229414174518643
039526,3481,2051,295,0.55133363393569423
039526,3481,2051,307,0.54017295992759817
039526,3482,2051,239,0.53828795683100317
039526,3482,2051,240,0.55149251173789371
039526,3482,2051,248,0.51689243887959413
039526,3483,2051,248,0.54663327768503056
039526,3484,2051,246,0.53884154305740561
039526,3486,2051,350,0.55250493583415594
039526,3486,2051,358,0.5423791947445058
039526,3487,2051,216,0.55965418948315959
039526,3487,2051,222,0.54770339237466226
039526,3490,2051,349,0.55081667685824376
039526,3491,2051,407,0.53422795991166983
039526,3492,2051,135,0.55106338176458203
039526,3493,2051,424,0.56756372931903709
039526,3494,2051,352,0.54947945205479454
039526,3494,2051,366,0.54233067729083662
039526,3495,2051,284,0.53182865503960708
039526,3495,2051,294,0.5455078521436465
039526,3495,2051,296,0.54523881204951563
039526,3498,2051,415,0.54969346757799364
039526,3498,2051,417,0.56068541868735855
039526,3498,2051,425,0.55361376208133239
039526,3499,2051,124,0.53660968008066734
039526,3499,2051,141,0.56322070936291813
039526,3500,2051,134,0.54744545586464666
039526,3500,2051,146,0.56037944323173527
039526,3500,2051,160,0.55579646317501186
039526,3500,2051,164,0.53740549570581053
039526,3501,2051,189,0.55000512289249892
039526,3501,2051,211,0.56306196097620653
039526,3501,2051,213,0.54317189585359782
039526,3503,2051,105,0.53065605735331767
039526,3504,2051,369,0.55229809586342749
039526,3505,2051,110,0.55504431964273626
039526,3505,2051,117,0.55005053302347362
039526,3506,2051,300,0.54774340051092818
039526,3507,2051,128,0.54506730890202915
039526,3508,2051,174,0.52814055942232996
039526,3508,2051,179,0.54096035504312223
039526,3508,2051,186,0.55337476158247711
039526,3509,2051,219,0.54787614416475972
039526,3509,2051,220,0.5464349397884658
039526,3509,2051,233,0.54848850501714719
039526,3509,2051,234,0.54834873443149856
039526,3510,2051,365,0.55015696485461829
039526,3511,2051,120,0.54878335949764523
039526,3512,2051,301,0.5489070758239023
039526,3514,2051,406,0.53571168282195181
039526,3514,2051,407,0.51739544119472136
039526,3514,2051,437,0.55474235980615172
039526,3515,2051,378,0.54200834645925011
039526,3516,2051,171,0.55653313995091802
039526,3516,2051,181,0.56469574245110232
039526,3516,2051,202,0.53718510244275253
039526,3517,2051,117,0.52259285545304002
039526,3518,2051,196,0.54917105263157895
039526,3518,2051,208,0.53862885684363171
039526,3519,2051,318,0.52467766002219074
039526,3519,2051,323,0.56125496125496122
039526,3520,2051,137,0.54872141158509735
039526,3521,2051,314,0.53682830199207632
039526,3522,2051,172,0.54915324964356504
039526,3522,2051,183,0.53331041595049844
039526,3523,2051,134,0.55967270862595586
039526,3525,2051,91,0.57306518225893344
039526,3525,2051,99,0.55408487696986453
039526,3525,2051,100,0.55594708675661419
039526,3525,2051,108,0.54289195193616968
039526,3525,2051,113,0.55243583559696374
039526,3525,2051,116,0.56194974705833034
039526,3526,2051,143,0.55433070866141732
039526,3526,2051,144,0.56982372489524635
039526,3529,2051,239,0.4887523931078494
039526,3530,2051,158,0.54798857163012993
039526,3531,2051,105,0.5212666040520596
039526,3531,2051,134,0.56699298891796712
039526,3532,2051,137,0.5415377990055984
039526,3532,2051,148,0.54780863312526196
039526,3533,2051,230,0.54288636319780792
039526,3536,2051,152,0.54357293373917115
039526,3539,2051,272,0.54403919433859549
039526,3539,2051,276,0.55002246715830094
039526,3539,2051,285,0.54076861671798382
039526,3540,2051,159,0.54678505817513778
039526,3544,2051,120,0.55455622446265807
039526,3544,2051,126,0.54184119062472147
039526,3546,2051,84,0.54675452444688499
039526,3546,2051,98,0.55291057008376066
039526,3547,2051,257,0.55354929483099391
039526,3547,2051,270,0.56730157953934179
039526,3548,2051,167,0.52868121062024254
039526,3550,2051,116,0.55779469353632238
039526,3550,2051,119,0.53816528350643544
039526,3552,2051,146,0.5435046306101623
039526,3552,2051,148,0.55498789597968312
039526,3553,2051,190,0.53388202231080262
039526,3553,2051,197,0.55386779503352201
039526,3554,2051,99,0.53488734180030695
039526,3555,2051,80,0.53712834581448798
039526,3555,2051,89,0.53284168726447589
039526,3555,2051,97,0.55693344566133107
039526,3555,2051,107,0.54544955839596243
039526,3556,2051,116,0.55740712429292161
039526,3556,2051,122,0.54871212487314547
039526,3556,2051,123,0.54879898513554504
039526,3557,2051,226,0.55969036800229888
039526,3557,2051,235,0.54651756747428726
039526,3557,2051,244,0.55380180180180183
039526,3557,2051,247,0.55568946188340806
039526,3558,2051,104,0.55838363643354227
039526,3558,2051,116,0.55325595866136412
039526,3558,2051,120,0.54711349223704353
039526,3558,2051,125,0.53290578201598282
039526,3561,2051,87,0.56464252702648399
039526,3561,2051,90,0.54729080584564194
039526,3561,2051,105,0.55161489043386425
039526,3561,2051,113,0.5356005106324252
039526,3563,2051,272,0.5687888979086938
039526,3563,2051,284,0.55097699432327463
039526,3564,2051,192,0.53143223266352191
039526,3564,2051,203,0.534727319618307
039526,3565,2051,59,0.55659915174759589
039526,3568,2051,146,0.55276322527277744
039526,3568,2051,154,0.55009905998398179
039526,3570,2051,190,0.55525021695111365
039526,3570,2051,206,0.55575654795553042
039526,3571,2051,300,0.5637783672266431
039526,3571,2051,318,0.53236799949744007
039526,3572,2051,257,0.53382758620689652
039526,3573,2051,147,0.53715785998396404
039526,3573,2051,160,0.54248174707709318
039526,3573,2051,166,0.56976498395434194
039526,3573,2051,170,0.55286937393517221
039526,3574,2051,309,0.54463156493376819
039526,3575,2051,180,0.53454371075845608
039526,3576,2051,147,0.55527600412978761
039526,3576,2051,156,0.55208250151153904
039526,3576,2051,160,0.53291196798835938
039526,3577,2051,99,0.53877720672160245
039526,3577,2051,101,0.5739626227431105
039526,3578,2051,159,0.54584892820687314
039526,3580,2051,206,0.49222725688393171
039526,3581,2051,127,0.55188319333243563
039526,3581,2051,129,0.54964399192893754
039526,3582,2051,366,0.55431392095700549
039526,3582,2051,383,0.54284885373247438
039526,3585,2051,134,0.54373092802010414
039526,3585,2051,145,0.55883609385223521
039526,3586,2051,248,0.53384859568007725
039526,3588,2051,270,0.54560075051933254
039526,3588,2051,274,0.52648539778449144
039526,3588,2051,278,0.51332556743972613
039526,3589,2051,270,0.53228726614363309
039526,3589,2051,278,0.55136037284292727
039526,3589,2051,290,0.54349045748899305
039526,3590,2051,81,0.54819433349586577
039526,3591,2051,362,0.55884256456293446
039526,3591,2051,372,0.55374354902739187
039526,3591,2051,375,0.55882909425088523
039526,3591,2051,380,0.52416854565952653
039526,3592,2051,105,0.52381299155257788
039526,3593,2051,139,0.55603230691569916
039526,3593,2051,150,0.54993784277879343
039526,3593,2051,162,0.55052573441293862
039526,3593,2051,168,0.53837152240383523
039526,3595,2051,69,0.51577221966722087
039526,3595,2051,70,0.56319273971583728
039526,3598,2051,358,0.55257555518450496
039526,3599,2051,217,0.55150115991079329
039526,3600,2051,488,0.53918056762542654
039526,3601,2051,97,0.55998900365235837
039526,3601,2051,131,0.53235373994082413
039526,3602,2051,174,0.54139042637309165
039526,3602,2051,181,0.55715323605981715
039526,3602,2051,193,0.55355153280162384
039526,3603,2051,397,0.55539358600583089
039526,3603,2051,402,0.54817083418924728
039526,3603,2051,406,0.53794954820319096
039526,3604,2051,361,0.54733710026448668
039526,3604,2051,364,0.56060831966602054
039526,3604,2051,367,0.56512015614199163
039526,3604,2051,398,0.55043186430095215
039526,3605,2051,187,0.53694194236327408
039526,3606,2051,288,0.56865807627228948
039526,3606,2051,289,0.54683524298696162
039526,3608,2051,255,0.52934730860204493
039526,3611,2051,218,0.54084518368605161
039526,3611,2051,225,0.5406788879291039
039526,3612,2051,316,0.53892187352747145
039526,3613,2051,192,0.54733836127992974
039526,3616,2051,373,0.54664187299588562
039526,3617,2051,277,0.52801600914808466
039526,3618,2051,440,0.57461400834934728
039526,3619,2051,342,0.55008334119571034
039526,3619,2051,343,0.5428363371563808
039526,3619,2051,357,0.534218893140055
039526,3621,2051,259,0.55031011391435425
039526,3622,2051,132,0.56099681251811073
039526,3622,2051,136,0.5486654692477696
039526,3623,2051,153,0.55392876288569193
039526,3625,2051,472,0.54539605552943504
039526,3625,2051,479,0.54966481228411868
039526,3627,2051,278,0.56453984122316969
039526,3628,2051,128,0.54968167587670458
039526,3631,2051,156,0.56780179773832917
039526,3632,2051,231,0.53379508000955334
039526,3633,2051,344,0.52284263959390864
039526,3633,2051,345,0.55486485423141996
039526,3633,2051,346,0.48135007702721627
039526,3635,2051,112,0.54666316066263476
039526,3636,2051,495,0.55376288914480309
039526,3638,2051,385,0.53262217231618592
039526,3638,2051,394,0.54277705727314562
039526,3638,2051,400,0.54918122870645125
039526,3639,2051,140,0.54347506870004825
039526,3641,2051,154,0.55533502863404249
039526,3642,2051,204,0.52512373992588557
039526,3642,2051,207,0.54413061456981204
039526,3646,2051,210,0.53976199471099362
039526,3647,2051,340,0.5360765192572331
039526,3649,2051,226,0.55830859635306229
039526,3650,2051,72,0.55455620453649623
039526,3650,2051,75,0.55401223484150608
039526,3650,2051,76,0.54871892199658379
039526,3650,2051,83,0.5595823445657333
039526,3651,2051,106,0.54290118698936329
039526,3652,2051,98,0.53912622853499259
039526,3652,2051,104,0.54302560462957905
039526,3654,2051,220,0.53000631711939361
039526,3654,2051,226,0.55722671650944777
039526,3654,2051,237,0.57495420016569621
039526,3655,2051,311,0.53854759019297105
039526,3655,2051,316,0.55022501203938956
039526,3655,2051,321,0.54318224799848702
039526,3656,2051,92,0.55136544952439404
039526,3656,2051,97,0.55352082167548156
039526,3657,2051,341,0.53508229874726143
039526,3657,2051,362,0.54003488187727922
039526,3661,2051,347,0.55064600574227329
039526,3662,2051,260,0.54753484501768257
039526,3664,2051,436,0.55060297155040305
039526,3665,2051,51,0.55408903427677425
039526,3665,2051,52,0.53924657153189237
039526,3665,2051,63,0.54400381457216107
039526,3665,2051,73,0.5478346741172504
039526,3666,2051,126,0.54950290633040055
039526,3666,2051,128,0.54450741541250414
039526,3667,2051,199,0.53224920338424353
039526,3668,2051,380,0.57241059379217274
039526,3668,2051,386,0.51441614608361363
039526,3668,2051,397,0.55646477568485597
039526,3669,2051,315,0.55020635554599728
039526,3669,2051,332,0.5431856671717622
039526,3669,2051,334,0.55375693072461918
039526,3669,2051,339,0.55870474804438786
039526,3669,2051,340,0.53403044033925873
039526,3669,2051,343,0.52756897377969469
039526,3670,2051,538,0.56777587472473701
039526,3670,2051,551,0.55731726044226049
039526,3670,2051,562,0.5643539688122875
039526,3671,2051,76,0.54808904307603357
039526,3674,2051,226,0.53928128122067154
039526,3674,2051,243,0.55079187762382664
039526,3674,2051,248,0.54143922961409197
039526,3675,2051,101,0.54847892245918139
039526,3677,2051,139,0.5403949881068042
039526,3677,2051,156,0.54500543078378472
039526,3678,2051,495,0.53483560585288037
039526,3678,2051,498,0.54247404363999774
039526,3679,2051,160,0.57353146365285335
039526,3679,2051,162,0.53245894608938049
039526,3679,2051,172,0.55839442418114194
039526,3680,2051,436,0.55231305606262437
039526,3681,2051,271,0.57866382149160933
039526,3683,2051,94,0.54309215696547386
039526,3683,2051,106,0.55188345615916401
039526,3683,2051,108,0.53894563873219159
039526,3683,2051,110,0.53598281417830285
039526,3684,2051,347,0.57645095107278232
039526,3684,2051,350,0.55226506024096389
039526,3684,2051,364,0.53679939380606678
039526,3685,2051,364,0.55162299252921065
039526,3686,2051,102,0.56338374523546042
039526,3688,2051,86,0.55358772071056728
039526,3690,2051,228,0.55176352497317505
039526,3690,2051,236,0.53728424675392394
039526,3691,2051,47,0.54998137009634318
039526,3692,2051,355,0.55620882841839558
039526,3694,2051,65,0.54651456443780622
039526,3694,2051,67,0.54605739548001064
039526,3695,2051,116,0.55066230314682352
039526,3695,2051,133,0.54359534576495094
039526,3695,2051,136,0.53588043893752502
039526,3695,2051,148,0.56650322982333257
039526,3696,2051,210,0.53937466544916401
039526,3696,2051,218,0.53868865679018774
039526,3697,2051,260,0.52875474050600035
039526,3699,2051,106,0.55978590394948669
039526,3699,2051,108,0.53307805702369393
039526,3700,2051,79,0.54554138226104953
039526,3700,2051,88,0.54761294730549148
039526,3701,2051,415,0.54953403944758417
039526,3701,2051,425,0.54010466222645104
039526,3703,2051,405,0.52851846208542841
039526,3703,2051,412,0.56287043592596342
039526,3703,2051,417,0.54554556686975419
039526,3703,2051,429,0.5308861698183166
039526,3704,2051,109,0.55166342761567477
039526,3704,2051,116,0.53656840934371519
039526,3704,2051,124,0.55250845165652462
039526,3704,2051,131,0.53741595720322222
039526,3705,2051,398,0.53414865377322718
039526,3705,2051,408,0.54998299217640112
039526,3706,2051,86,0.56233220585781674
039526,3706,2051,98,0.5534002088541502
039526,3706,2051,104,0.52581533308733786
039526,3706,2051,112,0.54910061653848596
039526,3706,2051,113,0.55350499170503298
039526,3709,2051,225,0.54953104577510303
039526,3709,2051,229,0.55781970897906064
039526,3709,2051,238,0.55089017341040458
039526,3710,2051,156,0.5350609412665871
039526,3711,2051,169,0.55118097992567372
039526,3711,2051,180,0.5666411203232774
039526,3711,2051,185,0.52639206509599534
039526,3713,2051,67,0.54712421459642335
039526,3713,2051,73,0.5507274659034237
039526,3713,2051,84,0.54579281549827474
039526,3714,2051,232,0.57543648011998105
039526,3714,2051,250,0.55909295690043548
039526,3714,2051,252,0.54202133732509605
039526,3714,2051,253,0.58008949359720607
039526,3715,2051,99,0.56514473406196575
039526,3716,2051,85,0.54300541736485053
039526,3716,2051,86,0.55088656788923973
039526,3716,2051,107,0.54828869816978598
039526,3718,2051,228,0.54067074300537332
039526,3718,2051,231,0.5500764842070448
039526,3718,2051,236,0.56655290102389078
039526,3720,2051,261,0.56269242171999356
039526,3723,2051,51,0.55155446065411806
039526,3723,2051,57,0.53205616899884411
039526,3723,2051,71,0.55175495808875041
039526,3725,2051,331,0.53583501480569162
039526,3725,2051,333,0.53507443389605114
039526,3725,2051,341,0.56417562793586706
039526,3725,2051,350,0.55438024705728295
039526,3725,2051,359,0.55333031737193761
039526,3726,2051,121,0.55246266846063918
039526,3726,2051,124,0.55319312545657273
039526,3726,2051,130,0.55730725456308228
039526,3726,2051,143,0.5578653590338819
039526,3727,2051,141,0.51702157556557615
039526,3728,2051,56,0.56308906261415947
039526,3728,2051,66,0.55028533510285338
039526,3729,2051,302,0.55882679291341497
039526,3729,2051,310,0.55515182154254483
039526,3729,2051,313,0.53505111875655764
039526,3729,2051,320,0.54053577100907069
039526,3731,2051,1,0.54200509443937139
039526,3731,2051,16,0.55153066246677818
039526,3734,2051,183,0.54098782771535581
039526,3735,2051,432,0.56911385144823634
039526,3739,2051,173,0.53261485129824437
039526,3740,2051,351,0.55177726661169224
039526,3740,2051,373,0.54839041624504781
039526,3741,2051,64,0.54522777665793187
039526,3743,2051,133,0.56523182830532492
039526,3743,2051,141,0.55541853841862654
039526,3743,2051,146,0.54477725763495355
039526,3745,2051,422,0.55973255960640844
039526,3745,2051,423,0.54884517808309441
039526,3749,2051,299,0.52918946700123948
039526,3750,2051,508,0.5566508392964622
039526,3751,2051,280,0.53060336674862874
039526,3752,2051,231,0.55233678454204205
039526,3753,2051,113,0.56540924500887912
039526,3753,2051,125,0.55030744818010513
039526,3755,2051,158,0.56261569685750612
039526,3756,2051,292,0.55496728736789125
039526,3757,2051,297,0.54360174209643541
039526,3757,2051,298,0.54780612976746412
039526,3758,2051,237,0.53938048014703066
039526,3760,2051,130,0.53689996086238878
039526,3761,2051,347,0.55102040816326525
039526,3762,2051,507,0.54518815733479242
039526,3762,2051,511,0.58132431547943708
039526,3764,2051,368,0.55307153965785383
039526,3765,2051,72,0.53811303421926215
039526,3766,2051,359,0.54145956752196323
039526,3767,2051,174,0.543774358974359
039526,3767,2051,177,0.55781023383628914
039526,3768,2051,282,0.55773347324239242
039526,3768,2051,294,0.55432335986824044
039526,3769,2051,172,0.5429180391397016
039526,3769,2051,173,0.54262324613198298
039526,3770,2051,193,0.54515696605044117
039526,3770,2051,195,0.51944249721660962
039526,3770,2051,198,0.36648437499999997
039526,3771,2051,127,0.54222655685594567
039526,3771,2051,134,0.53864776067784892
039526,3771,2051,147,0.54786777008999232
039526,3772,2051,310,0.54254581475978203
039526,3772,2051,314,0.54227166631301338
039526,3773,2051,186,0.54892148403796381
039526,3774,2051,195,0.56974604956730046
039526,3776,2051,222,0.54934092485825703
039526,3777,2051,120,0.56511266121342907
039526,3777,2051,125,0.55224412042229698
039526,3778,2051,118,0.54090150250417357
039526,3779,2051,161,0.54812597691975129
039526,3779,2051,166,0.55674632230579779
039526,3782,2051,82,0.54956453664742144
039526,3782,2051,83,0.5456104944500505
039526,3783,2051,145,0.55636490870920541
039526,3783,2051,146,0.545592868011058
039526,3785,2051,358,0.54753449862005521
039526,3786,2051,320,0.54453313278752968
039526,3788,2051,161,0.54582807713101456
039526,3789,2051,137,0.55320807237299929
039526,3791,2051,401,0.55292800210789805
039526,3791,2051,413,0.55267481322476586
039526,3793,2051,235,0.53941031579721332
039526,3795,2051,62,0.55353194678658424
039526,3796,2051,231,0.55578148298766439
039526,3796,2051,243,0.54869124138465108
039526,3796,2051,245,0.55078353906353372
039526,3797,2051,441,0.53837740866924222
039526,3798,2051,180,0.54316284801971881
039526,3798,2051,201,0.56228004692332301
039526,3799,2051,130,0.52779594506213212
039526,3801,2051,495,0.56079650642643919
039526,3801,2051,507,0.54846507489248109
039526,3802,2051,357,0.54927771871677822
039526,3802,2051,358,0.54658983343574075
039526,3802,2051,378,0.55067479462772195
039526,3803,2051,372,0.56556250114571682
039526,3804,2051,172,0.53321643760260606
039526,3805,2051,187,0.55648852552163897
039526,3807,2051,251,0.48146689109336388
039526,3807,2051,252,0.55426871137560085
039526,3810,2051,74,0.55801914436413358
039526,3811,2051,191,0.55045776984582084
039526,3811,2051,201,0.53319622550205659
039526,3812,2051,324,0.53723060841762227
039526,3812,2051,326,0.55209618683600681
039526,3812,2051,346,0.53277036022671076
039526,3813,2051,135,0.54745233399079551
039526,3813,2051,144,0.55659501061571126
039526,3814,2051,175,0.51766732490231504
039526,3815,2051,140,0.55513161382567699
039526,3816,2051,116,0.54444293815947042
039526,3816,2051,123,0.54906296062328908
039526,3816,2051,128,0.55865761201537856
039526,3817,2051,122,0.55406571284779638
039526,3817,2051,129,0.54893194972836146
039526,3817,2051,137,0.55078091293467946
039526,3818,2051,399,0.55004084967320266
039526,3819,2051,353,0.54797655036493909
039526,3819,2051,362,0.54411789702707758
039526,3820,2051,457,0.54632950303740024
039526,3821,2051,379,0.54753455804705409
039526,3822,2051,319,0.55418420305197658
039526,3822,2051,327,0.55226706697144412
039526,3823,2051,410,0.53547774230150147
039526,3824,2051,250,0.50559689164364918
039526,3828,2051,88,0.55596828046744573
039526,3828,2051,101,0.54680642633228838
039526,3829,2051,449,0.55278737049827331
039526,3829,2051,470,0.54548640880879584
039526,3831,2051,280,0.53915667062114625
039526,3832,2051,149,0.56001094840563848
039526,3833,2051,228,0.55518608517713264
039526,3834,2051,444,0.56414683321359871
039526,3836,2051,228,0.53569523331345903
039526,3837,2051,146,0.52083481097950213
039526,3837,2051,148,0.54016919163994248
039526,3838,2051,357,0.56577305011543011
039526,3839,2051,164,0.56916482999538287
039526,3839,2051,168,0.54947100313479624
039526,3840,2051,182,0.55221778925134946
039526,3840,2051,183,0.54078118951078868
039526,3840,2051,189,0.54213479031478418
039526,3840,2051,196,0.54651130730163278
039526,3841,2051,232,0.54170033475701262
039526,3841,2051,255,0.55633622278124051
039526,3841,2051,256,0.52960199004975128
039526,3842,2051,270,0.53767005473025797
039526,3842,2051,275,0.54022233174524947
039526,3843,2051,492,0.54321356221345563
039526,3845,2051,220,0.5594347464671654
039526,3845,2051,229,0.55470125687009753
039526,3846,2051,175,0.55151316182176324
039526,3848,2051,282,0.59256334970021463
039526,3848,2051,294,0.55539655793373122
039526,3849,2051,59,0.55163566388710716
039526,3850,2051,481,0.55445909425927442
039526,3850,2051,491,0.55703839688122025
039526,3850,2051,497,0.54088543523205246
039526,3851,2051,79,0.53975990768329862
039526,3851,2051,84,0.54699475008362053
039526,3851,2051,92,0.53586864925109412
039526,3852,2051,111,0.55061764954733905
039526,3852,2051,117,0.55296676636061326
039526,3853,2051,64,0.5319479561736199
039526,3854,2051,464,0.5580942435713353
039526,3855,2051,165,0.5492399354084303
039526,3856,2051,211,0.53676870650897746
039526,3857,2051,127,0.55259634219508025
039526,3858,2051,205,0.55360618947838269
039526,3859,2051,348,0.54488981433281281
039526,3859,2051,356,0.54772604709689021
039526,3859,2051,357,0.56007542426147072
039526,3859,2051,377,0.54985383499127216
039526,3864,2051,236,0.5470459057818422
039526,3864,2051,265,0.54724229836482818
039526,3866,2051,251,0.53357162666009306
039526,3867,2051,242,0.55672731773734374
039526,3868,2051,365,0.55983288197289338
039526,3869,2051,266,0.5487853690076665
039526,3869,2051,268,0.54090496564242185
039526,3869,2051,270,0.5333749293652289
039526,3869,2051,271,0.55624411179734112
039526,3869,2051,279,0.5632203137779761
039526,3870,2051,128,0.55074456461691446
039526,3871,2051,108,0.55325392913232374
039526,3872,2051,405,0.54030127209828116
039526,3874,2051,175,0.55891947366491956
039526,3875,2051,301,0.55897199947416853
039526,3875,2051,303,0.54853423980940763
039526,3875,2051,306,0.55737654510792689
039526,3876,2051,135,0.5425505117968995
039526,3876,2051,150,0.52812415084085629
039526,3877,2051,196,0.56807579752557003
039526,3877,2051,218,0.55914383454163141
039526,3877,2051,223,0.53711541592056
039526,3878,2051,152,0.55712302171678618
039526,3879,2051,325,0.54742935391510017
039526,3880,2051,137,0.57655392435179931
039526,3881,2051,78,0.54924862088643711
039526,3883,2051,316,0.53812019617185736
039526,3885,2051,337,0.55001268713524487
039526,3885,2051,343,0.54432343541530914
039526,3886,2051,183,0.57106274007682456
039526,3886,2051,197,0.54731486715658562
039526,3886,2051,198,0.57118790158282395
039526,3887,2051,289,0.55819107675259227
039526,3888,2051,385,0.56164465906586247
039526,3888,2051,393,0.56278762570308505
039526,3890,2051,270,0.55610839742257323
039526,3890,2051,274,0.55091195102249058
039526,3890,2051,289,0.56034300680099691
039526,3891,2051,333,0.55511082319189298
039526,3892,2051,343,0.55723241235198517
039526,3893,2051,160,0.53392340089497237
039526,3893,2051,167,0.57856757004678283
039526,3895,2051,289,0.54171703874844401
039526,3895,2051,327,0.54675431388660645
039526,3896,2051,395,0.54535616172267387
039526,3896,2051,399,0.57740753396410938
039526,3897,2051,437,0.5359569478684385
039526,3898,2051,201,0.5381706227788442
039526,3899,2051,130,0.55285051298368693
039526,3900,2051,111,0.55073624034110791
039526,3901,2051,381,0.54017400204708288
039526,3902,2051,115,0.55228711162255462
039526,3904,2051,221,0.54223927103894332
039526,3904,2051,235,0.54491862949384118
039526,3905,2051,253,0.54975458885228268
039526,3905,2051,259,0.56581554284187796
039526,3906,2051,255,0.54541582406956179
039526,3909,2051,496,0.55347009475058495
039526,3912,2051,128,0.55142289874255457
039526,3913,2051,142,0.5385768632521879
039526,3914,2051,82,0.52751662077765094
039526,3914,2051,109,0.56906943525067066
039526,3915,2051,108,0.53062739759930699
039526,3915,2051,124,0.55090386506315714
039526,3916,2051,147,0.53630078483827814
039526,3916,2051,155,0.55704437184266198
039526,3916,2051,159,0.55561740149406769
039526,3916,2051,162,0.53654429676481896
039526,3917,2051,144,0.54716590815059996
039526,3917,2051,146,0.54019526613968694
039526,3917,2051,158,0.55205155957886454
039526,3917,2051,163,0.55354109308183475
039526,3920,2051,225,0.56604519538890508
039526,3920,2051,229,0.54896056615970878
039526,3922,2051,124,0.56137766164452108
039526,3922,2051,128,0.54249270016904871
039526,3922,2051,144,0.53591237637057887
039526,3924,2051,360,0.54992272024729516
039526,3927,2051,93,0.54474633909362202
039526,3928,2051,291,0.55306684285871599
039526,3928,2051,292,0.54114901137007765
039526,3929,2051,376,0.55535373987613146
039526,3931,2051,292,0.54571271262569188
039526,3931,2051,296,0.53425078976790952
039526,3932,2051,298,0.5494505494505495
039526,3933,2051,236,0.5409292233758316
039526,3936,2051,143,0.54899429923631282
039526,3937,2051,151,0.53827670014215623
039526,3937,2051,158,0.53317630684403527
039526,3937,2051,166,0.54248071786561025
039526,3937,2051,169,0.55196383803084403
039526,3937,2051,170,0.55680801074065789
039526,3937,2051,179,0.54879147004790896
039526,3939,2051,184,0.55078466050280961
039526,3939,2051,195,0.55058880576336933
039526,3940,2051,224,0.55531416878074757
039526,3940,2051,228,0.56537767192074884
039526,3940,2051,249,0.55007672523719986
039526,3941,2051,253,0.53909907202164031
039526,3943,2051,212,0.54650382362512206
039526,3946,2051,143,0.55994781989959286
039526,3946,2051,164,0.55786553539919326
039526,3947,2051,250,0.54589306338745835
039526,3949,2051,112,0.55141847678381029
039526,3949,2051,131,0.56117059448287743
039526,3950,2051,137,0.54192498790836741
039526,3952,2051,344,0.53840642445592146
039526,3952,2051,345,0.53080512378518141
039526,3952,2051,350,0.56360215568098471
039526,3952,2051,351,0.55476193897934845
039526,3952,2051,363,0.5467816854678168
039526,3953,2051,88,0.55121766092826463
039526,3954,2051,72,0.54707056049337932
039526,3955,2051,283,0.54204996454782362
039526,3957,2051,367,0.56190090181376029
039526,3959,2051,147,0.54448455419608344
039526,3959,2051,150,0.55055812372971547
039526,3960,2051,338,0.55952167414050824
039526,3960,2051,339,0.53708296350441187
039526,3963,2051,213,0.54580310880829019
039526,3963,2051,235,0.5594611518218281
039526,3963,2051,241,0.54646115130544193
039526,3964,2051,154,0.58103931227663475
039526,3965,2051,323,0.56520202993511914
039526,3965,2051,342,0.55648455798246088
039526,3965,2051,345,0.54862102861806106
039526,3966,2051,169,0.55409417600521393
039526,3966,2051,178,0.54276978055164082
039526,3966,2051,181,0.53915806642107922
039526,3967,2051,87,0.55664113448267682
039526,3967,2051,89,0.55921933291617487
039526,3967,2051,92,0.56014465336864616
039526,3968,2051,190,0.55628648959789495
039526,3969,2051,318,0.54911071943598777
039526,3969,2051,319,0.54418284400897576
039526,3969,2051,330,0.54986327362017973
039526,3970,2051,309,0.56818950385674483
039526,3971,2051,298,0.54816640986132514
039526,3971,2051,310,0.54379272576198212
039526,3972,2051,97,0.56561390293769509
039526,3973,2051,348,0.57044554562568972
039526,3973,2051,354,0.54363293056782036
039526,3973,2051,355,0.54307502061005775
039526,3973,2051,362,0.56890223556890218
039526,3974,2051,281,0.54380475594493116
039526,3975,2051,114,0.54937228743701028
039526,3977,2051,193,0.5499335005639826
039526,3977,2051,195,0.53677462887989202
039526,3978,2051,414,0.55246163460870767
039526,3979,2051,117,0.49889607917776929
039526,3980,2051,318,0.55526241681364774
039526,3981,2051,146,0.55182100601493822
039526,3981,2051,152,0.55313257068169963
039526,3981,2051,154,0.53190963468288099
039526,3983,2051,171,0.55780676967474296
039526,3984,2051,234,0.54636925453843188
039526,3984,2051,237,0.54610167420261513
039526,3984,2051,240,0.53296225902796635
039526,3985,2051,178,0.54141494318766448
039526,3985,2051,190,0.57653357244580405
039526,3986,2051,287,0.55551216741511211
039526,3986,2051,290,0.55849676359772005
039526,3987,2051,171,0.55667133097374266
039526,3987,2051,174,0.55895088796316594
039526,3989,2051,133,0.56231825251910461
039526,3991,2051,163,0.54254048040871827
039526,3992,2051,113,0.56081864332254072
039526,3993,2051,250,0.5427636703536376
039526,3993,2051,265,0.5467942460445272
039526,3993,2051,267,0.54969203465915017
039526,3994,2051,163,0.5675304583252756
039526,3994,2051,166,0.5592942888323027
039526,3995,2051,105,0.53065073306072119
039526,3995,2051,107,0.54705087798289054
039526,3995,2051,109,0.5504593577740835
039526,3995,2051,114,0.55281933595186605
039526,3997,2051,0,0.54103946517144708
039526,3997,2051,25,0.55294658186830459
039526,3998,2051,229,0.54980587587645591
039526,4000,2051,185,0.55600689637156819
039526,4001,2051,254,0.54507941451261288
039526,4003,2051,197,0.54152998039482114
039526,4003,2051,222,0.54564430470050462
039526,4004,2051,72,0.54487385561534696
039526,4005,2051,76,0.5310964173751147
039526,4005,2051,97,0.53831527557706305
039526,4006,2051,53,0.56741187242484359
039526,4006,2051,62,0.57196806572365588
039526,4006,2051,67,0.55480267975213382
039526,4006,2051,71,0.54396144356626108
039526,4007,2051,290,0.53910339466182944
039526,4007,2051,293,0.54324630222591974
039526,4008,2051,176,0.54405577299412911
039526,4008,2051,186,0.54368166526492856
039526,4008,2051,191,0.54505322851758153
039526,4010,2051,326,0.54505656451822637
039526,4011,2051,100,0.54680007473065828
039526,4011,2051,104,0.55360994333759828
039526,4011,2051,106,0.5396730878018281
039526,4012,2051,178,0.53674711043683621
039526,4014,2051,362,0.59506235683379993
039526,4014,2051,391,0.5426412150980785
039526,4015,2051,325,0.54795297748729122
039526,4016,2051,306,0.53755501916796822
039526,4017,2051,417,0.53134422393231628
039526,4018,2051,134,0.55889343259585478
039526,4019,2051,64,0.54533889680439651
039526,4019,2051,70,0.54649073754595534
039526,4020,2051,509,0.53302807702571742
039526,4020,2051,514,0.54619044798515271
039526,4021,2051,257,0.54646881386448676
039526,4022,2051,124,0.54183391692999683
039526,4023,2051,148,0.57580070512283832
039526,4023,2051,150,0.53039695952523735
039526,4024,2051,381,0.56144660525417944
039526,4024,2051,392,0.55960443172480234
039526,4024,2051,400,0.550796097643382
039526,4027,2051,207,0.55012470834339045
039526,4028,2051,320,0.52849385181948694
039526,4028,2051,341,0.55774016108964708
039526,4028,2051,349,0.55279867485678791
039526,4029,2051,89,0.5533564729340521
039526,4030,2051,110,0.5474956822107081
039526,4032,2051,72,0.55136459460999376
039526,4033,2051,155,0.55778457096760503
039526,4034,2051,88,0.56552666886059288
039526,4034,2051,99,0.548830786056556
039526,4035,2051,117,0.56301737721653833
039526,4036,2051,151,0.5589388485084722
039526,4036,2051,164,0.54739571417677113
039526,4037,2051,297,0.55133958928328575
039526,4038,2051,381,0.56447442141102444
039526,4039,2051,273,0.55457095666308365
039526,4039,2051,275,0.56806865134018436
039526,4039,2051,279,0.50733049636858485
039526,4039,2051,292,0.54778587248742838
039526,4040,2051,51,0.54994556703220843
039526,4042,2051,367,0.54759033019479675
039526,4042,2051,387,0.54899133486594209
039526,4043,2051,237,0.53861148197596798
039526,4044,2051,96,0.56017545278137126
039526,4044,2051,116,0.53828321205486507
039526,4046,2051,65,0.53986059937574804
039526,4047,2051,368,0.53945857755755633
039526,4047,2051,369,0.5521611290796824
039526,4047,2051,373,0.56759082805680217
039526,4048,2051,156,0.55316893112385146
039526,4048,2051,159,0.55426397482762257
039526,4048,2051,160,0.56208223851011851
039526,4049,2051,375,0.54679208156937575
039526,4050,2051,145,0.54594261573666603
039526,4050,2051,155,0.55274137961197323
039526,4050,2051,157,0.54397437386931335
039526,4051,2051,356,0.5465433407100333
039526,4052,2051,108,0.54215405218774193
039526,4052,2051,118,0.61113197192455448
039526,4052,2051,122,0.54025315124669759
039526,4054,2051,98,0.542526039870318
039526,4054,2051,117,0.55027849726087052
039526,4055,2051,105,0.55180320313400166
039526,4056,2051,97,0.54402084476138235
039526,4058,2051,60,0.54714503409386173
039526,4058,2051,62,0.5586511965192168
039526,4058,2051,77,0.55274150453467807
039526,4059,2051,259,0.54919350517121268
039526,4060,2051,122,0.54107925637195975
039526,4060,2051,131,0.54295860914127736
039526,4061,2051,90,0.54747904596230434
039526,4061,2051,109,0.55484719489177137
039526,4062,2051,350,0.54748414946715229
039526,4063,2051,236,0.561380103035652
039526,4065,2051,141,0.5300196329692809
039526,4066,2051,88,0.53850698300919253
039526,4068,2051,208,0.5340514137207627
039526,4068,2051,220,0.55463968219050452
039526,4069,2051,75,0.53823943661971829
039526,4071,2051,230,0.55237831091388157
039526,4072,2051,171,0.542621875866939
039526,4072,2051,174,0.57695801164278937
039526,4072,2051,180,0.54345122425184611
039526,4073,2051,216,0.54746913441932377
039526,4073,2051,236,0.55087603798545426
039526,4074,2051,290,0.54841647273095218
039526,4075,2051,238,0.53060655649265409
039526,4076,2051,168,0.54497313891020727
039526,4076,2051,171,0.53984317663872683
039526,4077,2051,91,0.54318545728548551
039526,4077,2051,97,0.55411635809506865
039526,4078,2051,227,0.57320459217851283
039526,4080,2051,77,0.53497104308534338
039526,4080,2051,88,0.5375522311887978
039526,4080,2051,97,0.5281275255039295
039526,4084,2051,416,0.56369869722793609
039526,4085,2051,69,0.53971946147881866
039526,4086,2051,245,0.54866453246691194
039526,4086,2051,248,0.54466468210750507
039526,4086,2051,270,0.54004763817941803
039526,4087,2051,154,0.5399804440900331
039526,4088,2051,166,0.54696597941919656
039526,4090,2051,364,0.55578363696671196
039526,4092,2051,140,0.52622609999659176
039526,4093,2051,220,0.54081288144396833
039526,4093,2051,234,0.56556706167040316
039526,4093,2051,243,0.52089810017271154
039526,4095,2051,267,0.53839446413200232
039526,4095,2051,271,0.54112245539738779
039526,4096,2051,200,0.55386724933669262
039526,4096,2051,221,0.54109116903673826
039526,4097,2051,333,0.55474869451697129
039526,4100,2051,234,0.5492154480711734
039526,4100,2051,240,0.55460011420509892
039526,4100,2051,256,0.54713056942467042
039526,4100,2051,258,0.55417083598653694
039526,4101,2051,193,0.55210150131664448
039526,4102,2051,287,0.53915800297041017
039526,4102,2051,293,0.54536019111234812
039526,4102,2051,304,0.54939331818937343
039526,4103,2051,478,0.53761603064682484
039526,4104,2051,112,0.53956153866947798
039526,4105,2051,207,0.52968686457909719
039526,4105,2051,218,0.54028978733348909
039526,4109,2051,105,0.55593043478260873
039526,4109,2051,106,0.54821770396813074
039526,4111,2051,299,0.38183834242318748
039526,4112,2051,296,0.54691136632454496
039526,4112,2051,311,0.54104339049541528
039526,4115,2051,105,0.5380554450192333
039526,4115,2051,116,0.55326541052093103
039526,4116,2051,174,0.55050378407951128
039526,4116,2051,184,0.52815523713847623
039526,4116,2051,192,0.53927258506061793
039526,4117,2051,167,0.53869278670652943
039526,4118,2051,137,0.55035847103477364
039526,4120,2051,151,0.54385085041430437
039526,4121,2051,121,0.55107397611605358
039526,4122,2051,129,0.52326789081485514
039526,4122,2051,149,0.5546515083964928
039526,4125,2051,203,0.56394350476517563
039526,4126,2051,265,0.50398562696183713
039526,4127,2051,254,0.55409917370010542
039526,4127,2051,255,0.54811375047131428
039526,4128,2051,396,0.57498982255322206
039526,4128,2051,402,0.53165627643244262
039526,4128,2051,406,0.55447246235538572
039526,4128,2051,421,0.549748035017113
039526,4129,2051,165,0.54660779047358921
039526,4130,2051,178,0.55733111964304249
039526,4130,2051,182,0.55016449113870314
039526,4131,2051,454,0.53880077082715683
039526,4132,2051,124,0.53673250348511581
039526,4133,2051,104,0.55006047943699143
039526,4135,2051,389,0.54717811009768968
039526,4136,2051,237,0.46324938657421538
039526,4137,2051,95,0.5585503611890944
039526,4137,2051,96,0.5569425364816879
039526,4137,2051,97,0.55784745540970737
039526,4137,2051,104,0.53750823205412201
039526,4138,2051,476,0.5518068969901827
039526,4138,2051,478,0.53553976780453993
039526,4138,2051,492,0.55445190928068677
039526,4139,2051,438,0.54085687764692236
039526,4141,2051,191,0.55582717824694428
039526,4141,2051,194,0.54592961027513698
039526,4143,2051,291,0.54482773910344517
039526,4145,2051,245,0.54129572958686878
039526,4145,2051,248,0.54369805346670019
039526,4145,2051,252,0.54729567681361535
039526,4146,2051,160,0.55442000951651949
039526,4148,2051,338,0.55939966584087109
039526,4149,2051,170,0.55578610885231194
039526,4150,2051,174,0.55563108996147748
039526,4152,2051,364,0.56942768628729823
039526,4153,2051,86,0.57001954860494042
039526,4154,2051,161,0.54618032666813154
039526,4154,2051,176,0.54572563674282104
039526,4155,2051,52,0.54855923159018138
039526,4156,2051,137,0.55152788437772371
039526,4156,2051,156,0.51774577986743719
039526,4156,2051,160,0.54003901819336686
039526,4156,2051,162,0.52645875251509056
039526,4157,2051,333,0.55606670829728844
039526,4158,2051,68,0.56686823596584568
039526,4158,2051,96,0.53884653285617967
039526,4161,2051,172,0.55741259674406196
039526,4162,2051,181,0.55958361471184093
039526,4163,2051,138,0.54357699529039094
039526,4164,2051,237,0.55218647239430996
039526,4166,2051,156,0.54473821989528792
039526,4167,2051,83,0.55400433389011783
039526,4168,2051,61,0.55310210854344566
039526,4169,2051,427,0.55650302676829633
039526,4170,2051,388,0.55138132842648679
039526,4170,2051,391,0.54843963331382872
039526,4170,2051,405,0.54520943303079783
039526,4170,2051,411,0.54892797372825164
039526,4171,2051,218,0.55624644684479818
039526,4171,2051,230,0.54731621470282377
039526,4172,2051,175,0.5410354254470896
039526,4174,2051,238,0.55631815266196283
039526,4174,2051,240,0.54845723135573032
039526,4174,2051,248,0.55029069767441863
039526,4176,2051,96,0.53852176636392113
039526,4177,2051,336,0.55965825104948852
039526,4178,2051,118,0.55991285403050106
039526,4179,2051,251,0.55177615204766572
039526,4179,2051,266,0.55089781260202419
039526,4180,2051,132,0.55243082201056293
039526,4186,2051,154,0.54884986396240421
039526,4186,2051,156,0.57429904007809529
039526,4186,2051,166,0.55866765443355371
039526,4187,2051,143,0.54888888888888887
039526,4187,2051,147,0.54956300232772626
039526,4188,2051,166,0.54504448064152367
039526,4188,2051,170,0.5588756522595254
039526,4188,2051,186,0.5468108564592179
039526,4191,2051,93,0.56057032590051459
039526,4191,2051,104,0.55288612058595743
039526,4193,2051,152,0.5369953006617435
039526,4193,2051,155,0.53377107364685006
039526,4193,2051,170,0.56693708553539568
039526,4193,2051,171,0.5760857605432339
039526,4194,2051,139,0.55720159342153674
039526,4196,2051,192,0.55644533422311204
039526,4199,2051,307,0.55188653928724773
039526,4200,2051,77,0.56123384654753272
039526,4202,2051,265,0.55033730768608546
039526,4202,2051,268,0.54257220975883347
039526,4203,2051,463,0.54392962069361694
039526,4203,2051,466,0.54890789295545828
039526,4204,2051,327,0.54924255436089453
039526,4206,2051,62,0.54407069555302168
039526,4206,2051,65,0.54617342234352528
039526,4207,2051,286,0.55044699872286074
039526,4208,2051,124,0.53432538160619769
039526,4209,2051,331,0.55622336741521594
039526,4210,2051,308,0.55745222929936311
039526,4210,2051,309,0.54231714714427093
039526,4211,2051,78,0.56358012568735272
039526,4213,2051,197,0.55069247159090906
039526,4217,2051,381,0.54177868914711025
039526,4217,2051,390,0.55533383493081223
039526,4218,2051,289,0.56563186471587845
039526,4221,2051,434,0.56192938070619292
039526,4221,2051,436,0.5641216327879689
039526,4222,2051,144,0.54183980196269121
039526,4224,2051,128,0.54564783858290811
039526,4224,2051,134,0.56003077643595489
039526,4224,2051,138,0.5407371037530303
039526,4226,2051,411,0.54428692058130745
039526,4226,2051,419,0.55086463203903235
039526,4227,2051,101,0.55930047694753582
039526,4227,2051,103,0.56003153116420668
039526,4228,2051,118,0.56620533695160558
039526,4229,2051,238,0.53170570039770215
039526,4230,2051,245,0.54246237095799732
039526,4232,2051,310,0.53232393280936974
039526,4234,2051,132,0.55759695881850946
039526,4234,2051,145,0.53742466925792531
039526,4234,2051,164,0.56313978494623651
039526,4235,2051,366,0.570659790781048
039526,4235,2051,383,0.54050069338004525
039526,4235,2051,386,0.53612424884896692
039526,4236,2051,103,0.55047753802617616
039526,4238,2051,156,0.56382054992764108
039526,4238,2051,163,0.55345787748331288
039526,4240,2051,102,0.54951294491107827
039526,4241,2051,335,0.55459503681483502
039526,4241,2051,344,0.54138014235734111
039526,4243,2051,126,0.54691768618600789
039526,4243,2051,130,0.53655276196879831
039526,4245,2051,373,0.54141110947246052
039526,4246,2051,235,0.55499524957977053
039526,4248,2051,156,0.54283933949527474
039526,4249,2051,116,0.55042627397791122
039526,4249,2051,144,0.57005681731166824
039526,4250,2051,328,0.55303420299404893
039526,4250,2051,340,0.54664754881879007
039526,4252,2051,259,0.54550243421667499
039526,4252,2051,262,0.54450503155652352
039526,4252,2051,276,0.53867102396514166
039526,4253,2051,147,0.55112186114905648
039526,4253,2051,150,0.56103673940286036
039526,4254,2051,191,0.55264145436350753
039526,4255,2051,94,0.55031758487437266
039526,4255,2051,104,0.53001980829216089
039526,4259,2051,103,0.55530569606333846
039526,4260,2051,393,0.53992582331650207
039526,4260,2051,401,0.56523844219333919
039526,4261,2051,293,0.56962318733078665
039526,4263,2051,78,0.53545579371174568
039526,4263,2051,79,0.54814729772394588
039526,4264,2051,114,0.53903457491230999
039526,4264,2051,122,0.55685121026809592
039526,4265,2051,292,0.5491399003184273
039526,4265,2051,302,0.55932132383745292
039526,4268,2051,556,0.55125177957567972
039526,4269,2051,151,0.54004171011470281
039526,4272,2051,215,0.55513226780261704
039526,4273,2051,139,0.55587855297157618
039526,4275,2051,114,0.55931841627832524
039526,4276,2051,242,0.55008014131039218
039526,4276,2051,245,0.55247215473448397
039526,4277,2051,391,0.54429689231346212
039526,4277,2051,393,0.54639828829542758
039526,4278,2051,428,0.53383767782254754
039526,4279,2051,265,0.55227333690987124
039526,4280,2051,49,0.54218352723630481
039526,4282,2051,52,0.53869953075852106
039526,4283,2051,83,0.55336644477876473
039526,4283,2051,84,0.56419937075674775
039526,4283,2051,101,0.54481422785701705
039526,4284,2051,193,0.53308846811474886
039526,4284,2051,221,0.54201172968671718
039526,4285,2051,416,0.55510939206944399
039526,4285,2051,432,0.55405505456591597
039526,4286,2051,112,0.5753642319350738
039526,4287,2051,326,0.53107838242636041
039526,4287,2051,332,0.54135075643758079
039526,4290,2051,83,0.54645252382633247
039526,4290,2051,99,0.56093694365791213
039526,4291,2051,383,0.55347475417080982
039526,4293,2051,168,0.54088209275875143
039526,4295,2051,60,0.54096132707105027
039526,4295,2051,61,0.5460156464991941
039526,4296,2051,389,0.57466865883415208
039526,4299,2051,216,0.5548397832081392
039526,4299,2051,221,0.55288895392795301
039526,4300,2051,206,0.5449544411249394
039526,4301,2051,63,0.56817128863591237
039526,4302,2051,335,0.5313163963898524
039526,4303,2051,389,0.54145322939866369
039526,4303,2051,393,0.55013728143350715
039526,4303,2051,413,0.53100947479237337
039526,4305,2051,115,0.57358343931044231
039526,4306,2051,147,0.56932573599240266
039526,4307,2051,80,0.53433078172117843
039526,4307,2051,90,0.54478990503447378
039526,4307,2051,99,0.54700613298902523
039526,4308,2051,227,0.55615280802380151
039526,4312,2051,63,0.56175672643453078
039526,4313,2051,93,0.54825380306694005
039526,4313,2051,108,0.58827446888805024
039526,4314,2051,309,0.55111851744362939
039526,4314,2051,314,0.55217027979752376
039526,4317,2051,477,0.54371887105700056
039526,4317,2051,482,0.54060936463246234
039526,4317,2051,490,0.55650942416106652
039526,4317,2051,493,0.56064673393193254
039526,4318,2051,106,0.53884727295239276
039526,4320,2051,213,0.55097577388963659
039526,4321,2051,328,0.50401703778093288
039526,4321,2051,339,0.5468299624192744
039526,4321,2051,343,0.54468597381633133
039526,4322,2051,317,0.56618306300431986
039526,4322,2051,333,0.55286558345642545
039526,4323,2051,473,0.54274342066179526
039526,4323,2051,494,0.5301288182502697
039526,4323,2051,497,0.54645841137477813
039526,4324,2051,263,0.54131894710660156
039526,4324,2051,273,0.53968933309836109
039526,4325,2051,560,0.54493860780084591
039526,4325,2051,582,0.55069943886825257
039526,4326,2051,292,0.55135319029128493
039526,4327,2051,139,0.55412234042553188
039526,4327,2051,153,0.551709133104482
039526,4329,2051,101,0.55003289973174063
039526,4330,2051,393,0.55033356380692544
039526,4330,2051,419,0.53435900289338967
039526,4331,2051,238,0.55872823575815633
039526,4331,2051,241,0.56109730848861283
039526,4332,2051,112,0.53010196954881972
039526,4332,2051,117,0.54215226939970718
039526,4332,2051,119,0.50767227423101291
039526,4333,2051,362,0.53904038146326927
039526,4334,2051,126,0.55196109216512457
039526,4335,2051,134,0.53936199218394987
039526,4336,2051,228,0.53036861211951969
039526,4338,2051,219,0.54709719239962729
039526,4339,2051,208,0.56176973610600511
039526,4340,2051,169,0.55071504237288138
039526,4340,2051,190,0.55121197564363889
039526,4342,2051,78,0.53091997183759676
039526,4345,2051,143,0.53740128513268259
039526,4345,2051,152,0.53337506520605116
039526,4348,2051,66,0.54431422589477074
039526,4348,2051,87,0.57770006171569632
039526,4349,2051,118,0.56319170984455957
039526,4350,2051,286,0.5582847017897492
039526,4351,2051,274,0.54014434434108272
039526,4352,2051,254,0.55337807451482335
039526,4352,2051,257,0.55497617549222333
039526,4352,2051,261,0.55935033951183699
039526,4352,2051,271,0.53993711133259403
039526,4352,2051,272,0.5499636747903045
039526,4352,2051,275,0.55110733543355395
039526,4354,2051,141,0.56268354680289234
039526,4354,2051,154,0.55205053526448367
039526,4354,2051,167,0.55524166850584855
039526,4355,2051,269,0.54439437828559167
039526,4355,2051,272,0.55184066023329115
039526,4357,2051,125,0.53174079962771936
039526,4357,2051,133,0.55386224683030638
039526,4357,2051,137,0.55451490333606857
039526,4357,2051,150,0.56743553982047701
039526,4358,2051,262,0.53821941463201384
039526,4359,2051,81,0.54032681555617335
039526,4360,2051,214,0.55334124373011162
039526,4363,2051,278,0.5497351853702408
039526,4363,2051,294,0.54409490960989537
039526,4364,2051,132,0.55105561089380728
039526,4364,2051,144,0.54975688149002799
039526,4369,2051,104,0.56158619423535894
039526,4369,2051,111,0.54067271331494693
039526,4369,2051,117,0.54294116901390599
039526,4369,2051,133,0.55086637409200967
039526,4371,2051,293,0.52991984521835267
039526,4372,2051,124,0.54752745721135088
039526,4372,2051,125,0.55067424618724359
039526,4372,2051,132,0.54598303630992095
039526,4373,2051,479,0.56707955653461417
039526,4373,2051,481,0.55392003492560116
039526,4375,2051,278,0.54017998546701196
039526,4376,2051,267,0.54831626989021831
039526,4378,2051,244,0.54767734965790427
039526,4378,2051,246,0.55258478761936125
039526,4379,2051,329,0.55851935575021194
039526,4379,2051,331,0.56569214512152166
039526,4380,2051,106,0.53104044992429156
039526,4384,2051,241,0.55010350724550716
039526,4384,2051,260,0.54803467521672011
039526,4385,2051,101,0.55652044830401548
039526,4385,2051,114,0.5386052485623376
039526,4385,2051,120,0.5546550602831557
039526,4386,2051,250,0.55670162498559406
039526,4386,2051,272,0.56080719258194522
039526,4387,2051,72,0.53537646988835785
039526,4387,2051,73,0.56306626028140783
039526,4388,2051,363,0.56018518518518523
039526,4388,2051,369,0.53313795723434276
039526,4389,2051,95,0.543686557880388
039526,4389,2051,111,0.53189655172413797
039526,4389,2051,112,0.55570871972476021
039526,4390,2051,178,0.5477865266841645
039526,4390,2051,188,0.52293481683635978
039526,4390,2051,197,0.55307469917174557
039526,4391,2051,296,0.55573479152426519
039526,4392,2051,117,0.5353428265333452
039526,4392,2051,123,0.54172057811424634
039526,4392,2051,134,0.54340728895995738
039526,4392,2051,140,0.56716902953243697
039526,4393,2051,536,0.54810356984733455
039526,4393,2051,541,0.54351245523811653
039526,4393,2051,543,0.54917682782179622
039526,4395,2051,304,0.53150443591518282
039526,4395,2051,309,0.56190476190476191
039526,4396,2051,193,0.551658973021388
039526,4396,2051,210,0.52409817013422055
039526,4398,2051,332,0.53916583249916583
039526,4401,2051,125,0.54463808403720726
039526,4401,2051,130,0.55879550532264421
039526,4401,2051,133,0.557457605344296
039526,4402,2051,69,0.5422294944993733
039526,4402,2051,70,0.54780264854095861
039526,4403,2051,118,0.55886178861788616
039526,4403,2051,132,0.55074709818088541
039526,4403,2051,138,0.54931808522968739
039526,4403,2051,151,0.55057223170364422
039526,4406,2051,141,0.55052811511378708
039526,4406,2051,151,0.53955797699081132
039526,4408,2051,236,0.55718188561813609
039526,4408,2051,238,0.54836142287596634
039526,4410,2051,98,0.52429116725333813
039526,4411,2051,482,0.55720587414149314
039526,4412,2051,93,0.5575819607596133
039526,4412,2051,101,0.54362570033747259
039526,4413,2051,53,0.59249867247526466
039526,4414,2051,253,0.5471202051047569
039526,4415,2051,322,0.55906045755563138
039526,4415,2051,333,0.55057891529555147
039526,4415,2051,337,0.55629880569591184
039526,4416,2051,352,0.56474251610011561
039526,4416,2051,359,0.55173065415262512
039526,4416,2051,374,0.53896253160677343
039526,4417,2051,265,0.55694723388716449
039526,4418,2051,97,0.52898098211751343
039526,4419,2051,141,0.55490583604201038
039526,4420,2051,265,0.52339804052820549
039526,4421,2051,65,0.54472209248014947
039526,4421,2051,85,0.5056678921568627
039526,4422,2051,253,0.5630744485294118
039526,4422,2051,271,0.56658207061282373
039526,4422,2051,277,0.55465772446597927
039526,4424,2051,443,0.55416805087561105
039526,4424,2051,447,0.56074766355140182
039526,4424,2051,460,0.50351708655525074
039526,4424,2051,462,0.55572992347185901
039526,4425,2051,222,0.54144132813482582
039526,4426,2051,159,0.55269579304409455
039526,4427,2051,397,0.54452578671328666
039526,4428,2051,61,0.54585947302383941
039526,4430,2051,253,0.57450877456127192
039526,4433,2051,279,0.53904519727667954
039526,4435,2051,389,0.5694850412654745
039526,4435,2051,402,0.55984792151406848
039526,4435,2051,407,0.55696729181335214
039526,4435,2051,413,0.55809845145067083
039526,4435,2051,422,0.53069799698119369
039526,4436,2051,67,0.54930013412662926
039526,4436,2051,72,0.55075632661839558
039526,4437,2051,233,0.55602100691503287
039526,4438,2051,181,0.53784216777615113
039526,4440,2051,266,0.54681241439904904
039526,4440,2051,270,0.5684616028808307
039526,4440,2051,278,0.54310216256524979
039526,4441,2051,558,0.54448605698668961
039526,4442,2051,144,0.54691293011546815
039526,4442,2051,155,0.53883125256432796
039526,4444,2051,207,0.56476050830889546
039526,4444,2051,209,0.54288791169343986
039526,4444,2051,219,0.55044665332462361
039526,4444,2051,223,0.54748064763092974
039526,4445,2051,158,0.53871587403224863
039526,4445,2051,170,0.55188779701238244
039526,4445,2051,176,0.5514571020990422
039526,4446,2051,133,0.55234920913370167
039526,4447,2051,115,0.54390448216993437
039526,4449,2051,253,0.53845401333702902
039526,4450,2051,86,0.55481727574750828
039526,4452,2051,187,0.56612421122550649
039526,4454,2051,190,0.54080582601124039
039526,4455,2051,20,0.54887844477675707
039526,4456,2051,144,0.54044718255484125
039526,4457,2051,284,0.55396609684571918
039526,4457,2051,297,0.55910992027185991
039526,4457,2051,298,0.53651936087519791
039526,4457,2051,305,0.55822153165805122
039526,4457,2051,306,0.54986434652446436
039526,4458,2051,54,0.56036986347097506
039526,4458,2051,56,0.53543995048964288
039526,4460,2051,350,0.55151628866946545
039526,4461,2051,118,0.55395971518601694
039526,4462,2051,120,0.53455977235879959
039526,4464,2051,169,0.54236402340314338
039526,4465,2051,213,0.55975917337889514
039526,4466,2051,277,0.53999371003249819
039526,4466,2051,278,0.55642113830591244
039526,4467,2051,91,0.53920310839045493
039526,4468,2051,245,0.59979252062142607
039526,4469,2051,362,0.54297284769827525
039526,4469,2051,367,0.56734412676541512
039526,4469,2051,371,0.5625
039526,4470,2051,334,0.54707307226483648
039526,4470,2051,337,0.53992432233652365
039526,4471,2051,69,0.58409342542310327
039526,4472,2051,350,0.5598033575649809
039526,4472,2051,351,0.48084672640212395
039526,4473,2051,216,0.54502298380303726
039526,4477,2051,374,0.54217985198108565
039526,4478,2051,50,0.54610469109259752
039526,4479,2051,464,0.53778669006141122
039526,4480,2051,163,0.55739868186819408
039526,4482,2051,385,0.53753073541464869
039526,4482,2051,389,0.54690046208451459
039526,4482,2051,404,0.54395518904621132
039526,4483,2051,215,0.56653330195340079
039526,4483,2051,217,0.5550235250031228
039526,4485,2051,306,0.56357915120219459
039526,4487,2051,155,0.55533277050794994
039526,4487,2051,165,0.55201390901188063
039526,4492,2051,390,0.54285650294519472
039526,4492,2051,391,0.54805626494791038
039526,4493,2051,125,0.55208731798128174
039526,4493,2051,139,0.54105629056858084
039526,4494,2051,173,0.52239644970414201
039526,4495,2051,232,0.54984252267294043
039526,4495,2051,243,0.55029965753424659
039526,4497,2051,123,0.54437363596682675
039526,4497,2051,125,0.54743128991390233
039526,4498,2051,209,0.54881320949432399
039526,4500,2051,53,0.55659021670402942
039526,4500,2051,77,0.5347548592979402
039526,4500,2051,84,0.55537954222164754
039526,4500,2051,87,0.55465425048197592
039526,4501,2051,266,0.55042216777423281
039526,4501,2051,270,0.52946062845521469
039526,4501,2051,282,0.53810538392198637
039526,4502,2051,149,0.55347827077432432
039526,4502,2051,168,0.5345142106607319
039526,4503,2051,153,0.54704997598523719
039526,4507,2051,177,0.53394172514825344
039526,4507,2051,191,0.5283977051250377
039526,4509,2051,101,0.5451213925790197
039526,4509,2051,108,0.55921663638199071
039526,4509,2051,115,0.54213910208268457
039526,4510,2051,127,0.54482495426025079
039526,4510,2051,136,0.5539871484251554
039526,4510,2051,144,0.54177499706459564
039526,4513,2051,454,0.54621630061413551
039526,4514,2051,76,0.5370766385388972
039526,4514,2051,92,0.51916824113537496
039526,4515,2051,216,0.53476654846335703
039526,4515,2051,222,0.55498729095446664
039526,4515,2051,233,0.53106876553438276
039526,4517,2051,84,0.55535742382126185
039526,4518,2051,398,0.55118494128287376
039526,4518,2051,399,0.53187724534844238
039526,4518,2051,402,0.53276012189812805
039526,4518,2051,422,0.52800252180308926
039526,4520,2051,264,0.55912077696159557
039526,4522,2051,434,0.53736042802073636
039526,4522,2051,439,0.55288490106364019
039526,4523,2051,123,0.53732890284425205
039526,4524,2051,327,0.55044189544941713
039526,4526,2051,306,0.25908289076134894
039526,4527,2051,295,0.55619666147818148
039526,4527,2051,317,0.54909841871261189
039526,4528,2051,113,0.55524038411948551
039526,4529,2051,258,0.546254012750373
039526,4529,2051,280,0.54664446423730784
039526,4529,2051,283,0.53590142589475687
039526,4530,2051,224,0.55100340896820865
039526,4531,2051,229,0.52586206896551724
039526,4531,2051,234,0.56615917407213801
039526,4532,2051,317,0.53827212238696498
039526,4532,2051,325,0.54087922163924407
039526,4532,2051,330,0.55090735857836082
039526,4533,2051,168,0.55274768766215676
039526,4534,2051,163,0.54803393754048402
039526,4535,2051,274,0.54152045637215507
039526,4536,2051,190,0.5581077338503081
039526,4537,2051,307,0.52915868428743063
039526,4538,2051,117,0.51101928374655647
039526,4538,2051,133,0.54746362563900908
039526,4540,2051,160,0.55493811061849263
039526,4540,2051,161,0.54348934592147347
039526,4540,2051,164,0.54795743381333839
039526,4541,2051,321,0.55430971512052596
039526,4541,2051,344,0.54864920110380544
039526,4541,2051,345,0.54673610346292423
039526,4542,2051,115,0.5431192218798151
039526,4542,2051,124,0.53683606292715302
039526,4542,2051,137,0.5490320445645579
039526,4542,2051,145,0.53424313162147608
039526,4544,2051,516,0.55380292483555782
039526,4545,2051,174,0.56389957533460922
039526,4546,2051,364,0.54814776516816177
039526,4546,2051,372,0.54393056259503292
039526,4546,2051,376,0.54967305691781843
039526,4547,2051,410,0.48507702182284979
039526,4549,2051,356,0.53921377137127757
039526,4550,2051,245,0.55466821033232128
039526,4550,2051,253,0.54092945993973574
039526,4551,2051,103,0.53417003352531589
039526,4552,2051,362,0.53361205593348449
039526,4553,2051,102,0.50216261930651207
039526,4555,2051,162,0.5442785851864822
039526,4557,2051,126,0.55944209677813328
039526,4557,2051,131,0.51615712722481522
039526,4557,2051,135,0.49747244551255493
039526,4558,2051,192,0.56046157544675057
039526,4558,2051,194,0.54147812971342379
039526,4559,2051,269,0.54480232446054067
039526,4559,2051,273,0.54747567119884055
039526,4561,2051,125,0.53253956966088956
039526,4563,2051,72,0.54224922854203972
039526,4563,2051,85,0.58423102419622142
039526,4563,2051,91,0.53278613771089833
039526,4564,2051,307,0.55693516699410606
039526,4566,2051,434,0.54648246428422964
039526,4566,2051,438,0.55852964772810154
039526,4566,2051,446,0.54796074871666456
039526,4567,2051,190,0.55084820058738437
039526,4568,2051,281,0.54664062603797148
039526,4568,2051,292,0.54958079498160328
039526,4568,2051,306,0.54837814039457711
039526,4569,2051,82,0.55374911728830967
039526,4570,2051,176,0.557110502653551
039526,4571,2051,208,0.5445706632273426
039526,4572,2051,134,0.55174039324219526
039526,4572,2051,135,0.55187646650150091
039526,4574,2051,164,0.52904155055265056
039526,4574,2051,173,0.52888715320671709
039526,4575,2051,201,0.53417240695070445
039526,4577,2051,146,0.55350542506259692
039526,4578,2051,157,0.55676296492623023
039526,4578,2051,184,0.54748744170972796
039526,4580,2051,69,0.54908690358861378
039526,4581,2051,330,0.54888914092724916
039526,4581,2051,338,0.55059589423039512
039526,4581,2051,341,0.5575523122911904
039526,4583,2051,106,0.53712321523003703
039526,4583,2051,117,0.54512525093829101
039526,4584,2051,154,0.54542915574294804
039526,4586,2051,111,0.54749336904855694
039526,4587,2051,275,0.54945627752314186
039526,4587,2051,294,0.5433298173541331
039526,4589,2051,226,0.546549807913848
039526,4589,2051,236,0.56550262571486454
039526,4590,2051,100,0.55392267935562534
039526,4591,2051,340,0.54117035882593045
039526,4591,2051,348,0.54974856321839083
039526,4591,2051,356,0.5371102851136228
039526,4591,2051,358,0.54344631211536698
039526,4591,2051,359,0.55160672741372629
039526,4591,2051,366,0.54917418087670744
039526,4592,2051,187,0.53160371738353385
039526,4592,2051,189,0.5481363747511091
039526,4594,2051,122,0.55121119596431045
039526,4596,2051,221,0.55006417198090884
039526,4596,2051,244,0.56008828977966973
039526,4597,2051,127,0.55277870916931138
039526,4599,2051,89,0.53660630226504957
039526,4600,2051,443,0.54835990965175474
039526,4601,2051,93,0.55696742842132918
039526,4603,2051,350,0.55496720145420053
039526,4604,2051,222,0.54197809365911997
039526,4605,2051,365,0.54532725379671854
039526,4607,2051,102,0.54036943110487601
039526,4608,2051,90,0.54896792160030616
039526,4608,2051,103,0.5403583397782934
039526,4608,2051,107,0.55291475624590625
039526,4609,2051,300,0.54884103714288301
039526,4611,2051,121,0.56094843339127332
039526,4611,2051,133,0.53760279517661591
039526,4611,2051,137,0.54369624668067063
039526,4612,2051,79,0.53905929617504567
039526,4612,2051,86,0.5465971316818774
039526,4612,2051,92,0.52999184588726944
039526,4612,2051,100,0.55634367694916809
039526,4612,2051,106,0.57943785656680302
039526,4613,2051,417,0.54580991577053006
039526,4613,2051,420,0.5469822564000133
039526,4615,2051,121,0.53552571404814364
039526,4615,2051,124,0.555899133313009
039526,4615,2051,134,0.53892116759160347
039526,4615,2051,141,0.54423174534116447
039526,4618,2051,255,0.53747666044278475
039526,4620,2051,277,0.54430874309032495
039526,4622,2051,61,0.56183750475992666
039526,4622,2051,68,0.55140641027948245
039526,4622,2051,74,0.49808417649524039
039526,4623,2051,117,0.54156847959279852
039526,4623,2051,124,0.54847134224744998
039526,4623,2051,141,0.54618876689189189
039526,4624,2051,80,0.54841249016006299
039526,4625,2051,202,0.53875173574843016
039526,4625,2051,218,0.556859344894027
039526,4626,2051,130,0.55085413929040739
039526,4626,2051,156,0.55433961024023137
039526,4627,2051,397,0.53355255145536473
039526,4629,2051,87,0.53523113695727165
039526,4630,2051,339,0.55955909503707468
039526,4630,2051,357,0.54181595578041442
039526,4632,2051,156,0.55049553109989668
039526,4633,2051,347,0.553952
039526,4633,2051,352,0.54313155455216211
039526,4635,2051,407,0.55592264904617916
039526,4635,2051,419,0.54462560087219392
039526,4635,2051,431,0.5513233388858042
039526,4636,2051,91,0.50256136270781604
039526,4636,2051,98,0.54305245806263935
039526,4636,2051,102,0.54542243088634135
039526,4638,2051,379,0.54477908652651463
039526,4639,2051,256,0.50378295758502101
039526,4639,2051,259,0.54042519403696132
039526,4639,2051,278,0.54686296028206505
039526,4640,2051,106,0.54206414342204834
039526,4640,2051,112,0.54777621469537929
039526,4641,2051,236,0.55293169774065798
039526,4645,2051,220,0.55572511568376493
039526,4646,2051,558,0.5469796008261063
039526,4646,2051,570,0.55171037400710499
039526,4647,2051,55,0.55612638068327769
039526,4648,2051,303,0.54987099152230001
039526,4648,2051,320,0.5434272767023095
039526,4648,2051,321,0.55457274364618769
039526,4648,2051,322,0.55801335559265441
039526,4650,2051,231,0.54336565114324775
039526,4650,2051,232,0.55026065502009636
039526,4651,2051,232,0.53971090797116328
039526,4652,2051,139,0.55120002958470471
039526,4652,2051,140,0.55555865571071827
039526,4653,2051,342,0.56429480111949792
039526,4654,2051,246,0.55225927785122919
039526,4656,2051,383,0.52032500246962365
039526,4656,2051,399,0.54409371024031727
039526,4656,2051,409,0.56029409584797141
039526,4661,2051,433,0.54584270148737457
039526,4661,2051,436,0.55845458541368465
039526,4663,2051,275,0.55056418739292257
039526,4664,2051,440,0.58350917058919005
039526,4664,2051,453,0.53946824930976756
039526,4664,2051,461,0.55640091950281745
039526,4665,2051,300,0.54381144287720584
039526,4666,2051,185,0.55440692600284691
039526,4666,2051,186,0.54739628025266984
039526,4668,2051,148,0.53325339260645765
039526,4669,2051,14,0.55811107552953021
039526,4669,2051,24,0.52371385180029106
039526,4670,2051,145,0.53851565247977484
039526,4673,2051,267,0.53168830124984934
039526,4674,2051,173,0.53842036108813085
039526,4675,2051,384,0.53405528038272121
039526,4676,2051,368,0.5498067239713138
039526,4676,2051,384,0.54039786453517846
039526,4677,2051,307,0.54247801108343074
039526,4679,2051,129,0.5771163840262582
039526,4682,2051,223,0.54380381761010266
039526,4683,2051,74,0.56479638009049771
039526,4685,2051,358,0.54262913990230632
039526,4686,2051,190,0.56755284915094806
039526,4687,2051,164,0.55891545450948843
039526,4689,2051,95,0.54230457654405806
039526,4689,2051,98,0.52228382682552787
039526,4689,2051,103,0.5441087686251781
039526,4692,2051,187,0.54566473988439301
039526,4693,2051,183,0.54676137583995577
039526,4694,2051,200,0.56850723533891856
039526,4694,2051,207,0.5426704054609055
039526,4695,2051,225,0.5513037167591105
039526,4696,2051,160,0.54475093109869643
039526,4697,2051,177,0.56550518654364146
039526,4697,2051,186,0.5340016058003455
039526,4698,2051,355,0.54060640587416131
039526,4699,2051,357,0.52818858440868011
039526,4699,2051,362,0.55638547550843753
039526,4700,2051,75,0.55343577447578651
039526,4701,2051,210,0.55309702040217235
039526,4702,2051,201,0.5582007445522017
039526,4703,2051,140,0.53671231707837364
039526,4704,2051,202,0.534327327596128
039526,4704,2051,215,0.5656728444802579
039526,4705,2051,329,0.56797381659494517
039526,4705,2051,331,0.55586109867621669
039526,4706,2051,197,0.53693724587272817
039526,4707,2051,289,0.55228960396039606
039526,4707,2051,293,0.55356271351878961
039526,4707,2051,310,0.55129443226980646
039526,4708,2051,148,0.54238452292370209
039526,4708,2051,167,0.55527902002722151
039526,4712,2051,71,0.54585865601666961
039526,4712,2051,74,0.55204522456604654
039526,4713,2051,166,0.56049027028346798
039526,4715,2051,278,0.55508353358507834
039526,4715,2051,289,0.54033424794213025
039526,4716,2051,530,0.54662134036353549
039526,4718,2051,374,0.54610964693591657
039526,4719,2051,264,0.54156862745098044
039526,4719,2051,273,0.54102401577575887
039526,4720,2051,362,0.54267802807457033
039526,4720,2051,369,0.54676330917270677
039526,4722,2051,57,0.53295359111987439
039526,4723,2051,107,0.54843970258990027
039526,4723,2051,111,0.52621608604912506
039526,4723,2051,119,0.54462294340110551
039526,4723,2051,136,0.5580796336708046
039526,4724,2051,247,0.55779601406799528
039526,4725,2051,182,0.53681595871683285
039526,4727,2051,337,0.55174887502445602
039526,4728,2051,73,0.51645955962502721
039526,4730,2051,104,0.55501571286801188
039526,4730,2051,112,0.54449078467609013
039526,4730,2051,116,0.54938759954033878
039526,4730,2051,127,0.55508358794743773
039526,4731,2051,418,0.55798538158790278
039526,4733,2051,79,0.56389665538480949
039526,4733,2051,96,0.54155772247685252
039526,4733,2051,102,0.56758493637804719
039526,4734,2051,158,0.5298312614473325
039526,4734,2051,161,0.55193920244440198
039526,4734,2051,180,0.55401915934775336
039526,4737,2051,167,0.54859946431700413
039526,4739,2051,334,0.55066343701099651
039526,4739,2051,351,0.53061224489795922
039526,4740,2051,128,0.58343872452470302
039526,4741,2051,92,0.57727086239435466
039526,4741,2051,109,0.55272078501338096
039526,4742,2051,192,0.54933193998656416
039526,4744,2051,97,0.5547749912578791
039526,4744,2051,115,0.52660147828765014
039526,4747,2051,127,0.56696646138850737
039526,4747,2051,140,0.54569331788335262
039526,4748,2051,86,0.54909104427673894
039526,4748,2051,87,0.53710891089108914
039526,4749,2051,297,0.54871069668780525
039526,4749,2051,317,0.5501039042242124
039526,4749,2051,322,0.53807381250711928
039526,4752,2051,60,0.54713184163860606
039526,4752,2051,64,0.54172504739141181
039526,4753,2051,485,0.56371998314843419
039526,4754,2051,326,0.55354061833219248
039526,4755,2051,45,0.54230599841451599
039526,4755,2051,59,0.54371861179821601
039526,4755,2051,64,0.55545567344458235
039526,4757,2051,120,0.55501767327493468
039526,4757,2051,125,0.5493913605515458
039526,4757,2051,144,0.52794551987508698
039526,4758,2051,211,0.55309156662815817
039526,4761,2051,72,0.53002880891008586
039526,4761,2051,78,0.55902092380576396
039526,4762,2051,237,0.54583302823310353
039526,4762,2051,238,0.56308037943085376
039526,4762,2051,244,0.53804650828192724
039526,4763,2051,370,0.52291525152834939
039526,4764,2051,57,0.55154346397094955
039526,4764,2051,60,0.53909060132876307
039526,4765,2051,243,0.55321260233192759
039526,4765,2051,252,0.54139516744934268
039526,4765,2051,255,0.55670161358691039
039526,4766,2051,135,0.54710618346719952
039526,4767,2051,90,0.53470790378006872
039526,4767,2051,98,0.55371209869203331
039526,4767,2051,111,0.5371081295628749
039526,4767,2051,117,0.54508208144039694
039526,4770,2051,228,0.53903545769219585
039526,4771,2051,319,0.54959747987399366
039526,4772,2051,99,0.55708643881580899
039526,4773,2051,144,0.53934979570083497
039526,4773,2051,154,0.54376792467196267
039526,4773,2051,167,0.54257150738616367
039526,4773,2051,168,0.56836326021801975
039526,4774,2051,208,0.54985169974903036
039526,4775,2051,83,0.54047658274297183
039526,4777,2051,285,0.55913851076120924
039526,4777,2051,303,0.55082754137706891
039526,4778,2051,63,0.55146512587701202
039526,4780,2051,229,0.53624583784651181
039526,4780,2051,241,0.53067563625130854
039526,4781,2051,311,0.55170686502867738
039526,4781,2051,316,0.55076355588343784
039526,4781,2051,328,0.56869048097400254
039526,4784,2051,155,0.54576876681822395
039526,4785,2051,139,0.54860479912743143
039526,4785,2051,148,0.55039382377222934
039526,4786,2051,250,0.54192060364447292
039526,4787,2051,350,0.55404563727988221
039526,4787,2051,369,0.53825296717485227
039526,4787,2051,370,0.52656259274648309
039526,4787,2051,380,0.55438004999128054
039526,4788,2051,375,0.53434043255737163
039526,4788,2051,383,0.53607540503475049
039526,4789,2051,337,0.55974017452923042
039526,4789,2051,352,0.54966544066070133
039526,4791,2051,337,0.54109915929365981
039526,4792,2051,51,0.53127435297977932
039526,4794,2051,486,0.55085801936535328
039526,4795,2051,373,0.55821446672941855
039526,4798,2051,200,0.55415689662265
039526,4798,2051,205,0.55237927018419264
039526,4798,2051,212,0.5489452824812413
039526,4799,2051,177,0.50258994574283156
039526,4800,2051,396,0.54006960392054737
039526,4800,2051,414,0.53994813651076068
039526,4801,2051,160,0.5389746946506413
039526,4802,2051,237,0.54478811006226147
039526,4803,2051,60,0.5693132499361756
039526,4803,2051,63,0.54779284975284515
039526,4803,2051,76,0.55498516842974988
039526,4803,2051,81,0.55008845643520565
039526,4804,2051,279,0.54921973474327657
039526,4804,2051,284,0.52977510294583463
039526,4805,2051,293,0.54208370845028153
039526,4806,2051,501,0.54568567596698947
039526,4807,2051,135,0.53374406552386477
039526,4807,2051,146,0.54395514806406697
039526,4808,2051,246,0.55692096847875738
039526,4808,2051,247,0.5198762286130324
039526,4809,2051,159,0.56414865762632382
039526,4810,2051,344,0.54457491306758055
039526,4810,2051,348,0.54247899259682453
039526,4810,2051,370,0.55162419997584833
039526,4812,2051,286,0.55382393188383761
039526,4813,2051,426,0.5420755953114561
039526,4816,2051,395,0.56366464018096984
039526,4817,2051,220,0.55646282140375258
039526,4818,2051,173,0.54123426805034225
039526,4819,2051,151,0.54679144385026734
039526,4821,2051,516,0.57130163678877632
039526,4822,2051,100,0.55191197534615222
039526,4822,2051,107,0.54834769987786958
039526,4823,2051,268,0.54909260870966703
039526,4823,2051,270,0.54635758380416133
039526,4824,2051,123,0.64142999311031157
039526,4824,2051,137,0.56093823996434244
039526,4824,2051,141,0.53872977947111811
039526,4825,2051,354,0.54844178911674468
039526,4825,2051,357,0.55453066365759573
039526,4825,2051,359,0.55670804016127762
039526,4826,2051,201,0.55387616223639213
039526,4826,2051,203,0.5566407022260883
039526,4827,2051,214,0.5480604245870202
039526,4827,2051,223,0.5400004150497022
039526,4828,2051,383,0.54812995890968774
039526,4828,2051,400,0.54286195853699648
039526,4829,2051,445,0.54165365589100534
039526,4831,2051,385,0.55233348436792029
039526,4831,2051,390,0.55274893911339418
039526,4832,2051,123,0.54301835163219847
039526,4834,2051,336,0.54024067238107154
039526,4835,2051,293,0.5375980234181974
039526,4835,2051,299,0.55355062951801659
039526,4835,2051,306,0.55675655175029393
039526,4836,2051,109,0.5369734045722685
039526,4837,2051,318,0.55304225371184068
039526,4837,2051,320,0.52535863549079409
039526,4838,2051,148,0.5415263686645102
039526,4840,2051,355,0.55571609315693293
039526,4841,2051,138,0.55319383923371956
039526,4842,2051,235,0.54092289888615652
039526,4845,2051,84,0.52163400060449649
039526,4846,2051,84,0.55919573618934548
039526,4846,2051,103,0.54216237056620398
039526,4846,2051,113,0.54368267504488332
039526,4848,2051,273,0.51770787671750529
039526,4848,2051,286,0.54242190329159279
039526,4849,2051,363,0.55123484508307141
039526,4850,2051,330,0.56273264962830327
039526,4851,2051,233,0.54638267580832489
039526,4853,2051,456,0.55758464924134199
039526,4853,2051,472,0.54384833172060354
039526,4854,2051,310,0.56276868922934875
039526,4856,2051,144,0.54255319148936165
039526,4856,2051,170,0.55214329031503018
039526,4858,2051,346,0.54804330855649463
039526,4859,2051,313,0.54185583020577199
039526,4859,2051,323,0.55685234305923959
039526,4862,2051,352,0.53455921301551268
039526,4862,2051,368,0.54064247049427638
039526,4863,2051,55,0.57002658521409577
039526,4863,2051,59,0.55177590333277959
039526,4863,2051,92,0.54548931613034835
039526,4864,2051,388,0.53774112796348106
039526,4864,2051,395,0.54309148526335416
039526,4865,2051,243,0.5395110756514957
039526,4865,2051,251,0.55583048760006715
039526,4865,2051,253,0.52894293659186153
039526,4866,2051,111,0.56184956208140135
039526,4868,2051,172,0.56186889956894415
039526,4869,2051,360,0.53567011902921624
039526,4869,2051,361,0.54725118000611228
039526,4869,2051,365,0.56303193339672086
039526,4869,2051,370,0.52919885637812514
039526,4869,2051,375,0.54586279090936674
039526,4870,2051,122,0.56942084942084947
039526,4872,2051,116,0.51707533638412673
039526,4872,2051,140,0.54977964291623427
039526,4872,2051,144,0.5611423381851206
039526,4872,2051,147,0.53847765070587739
039526,4875,2051,86,0.56400382843279095
039526,4876,2051,262,0.54987992795677409
039526,4877,2051,53,0.52430755085622338
039526,4879,2051,57,0.54082846381134886
039526,4880,2051,248,0.53607046009726367
039526,4881,2051,225,0.56144242579793568
039526,4881,2051,234,0.57224674859801938
039526,4882,2051,245,0.55336144296088075
039526,4882,2051,260,0.52064849456618567
039526,4883,2051,138,0.53379923489559955
039526,4884,2051,81,0.54165050232097711
039526,4885,2051,300,0.54129215906150263
039526,4885,2051,302,0.54619077472711497
039526,4885,2051,303,0.5404299621910903
039526,4886,2051,257,0.52583120204603584
039526,4887,2051,205,0.55516714004806644
039526,4887,2051,206,0.55860463779776448
039526,4888,2051,106,0.55723006973358191
039526,4889,2051,495,0.54773260750137343
039526,4890,2051,122,0.54407723459647095
039526,4890,2051,153,0.54681832914049355
039526,4891,2051,104,0.54789644682656291
039526,4891,2051,112,0.54761020982990893
039526,4891,2051,123,0.55443338507898821
039526,4892,2051,241,0.53769417129827557
039526,4892,2051,253,0.54066366552551415
039526,4893,2051,131,0.54966371236407063
039526,4894,2051,186,0.5483021013272692
039526,4895,2051,94,0.56193399846508063
039526,4895,2051,117,0.53883304782151042
039526,4896,2051,92,0.53979190590527892
039526,4896,2051,102,0.54783380681818183
039526,4896,2051,112,0.5582583672865653
039526,4896,2051,113,0.54331007555764432
039526,4897,2051,189,0.53511579912864027
039526,4898,2051,285,0.55492846830292686
039526,4898,2051,294,0.55265393158596177
039526,4899,2051,182,0.53277731442869058
039526,4900,2051,174,0.51278627038699776
039526,4901,2051,97,0.55681855877572228
039526,4901,2051,99,0.53253859683408244
039526,4901,2051,104,0.54789355376694948
039526,4904,2051,195,0.54238007641149
039526,4906,2051,98,0.53572189583269914
039526,4906,2051,99,0.54803896073193215
039526,4907,2051,326,0.54816612866329462
039526,4907,2051,330,0.56248451309159986
039526,4908,2051,361,0.52320045702678686
039526,4909,2051,81,0.55930027734052923
039526,4909,2051,89,0.54367808108170679
039526,4909,2051,90,0.54897277885763596
039526,4910,2051,269,0.54509071242440632
039526,4910,2051,282,0.51501456859130645
039526,4911,2051,156,0.54618353245672824
039526,4911,2051,159,0.55564036588818988
039526,4911,2051,171,0.5276642278751269
039526,4911,2051,178,0.55170225474092882
039526,4911,2051,179,0.52993022993506389
039526,4912,2051,71,0.5432973292890434
039526,4913,2051,80,0.54090201124128123
039526,4914,2051,226,0.54933134362624114
039526,4915,2051,265,0.56612773338289046
039526,4915,2051,289,0.54836374528843512
039526,4916,2051,57,0.56273715185462425
039526,4918,2051,369,0.57911736389328861
039526,4919,2051,245,0.56212059020501626
039526,4920,2051,274,0.5434814400619381
039526,4921,2051,247,0.54658524401309017
039526,4921,2051,250,0.3580089598409989
039526,4922,2051,321,0.54361650897966118
039526,4922,2051,342,0.536596580176956
039526,4924,2051,229,0.54530630857829843
039526,4924,2051,252,0.54186462467162255
039526,4926,2051,124,0.55571847507331373
039526,4926,2051,136,0.53065434278120471
039526,4929,2051,101,0.54180434097304109
039526,4929,2051,105,0.5691096305269534
039526,4930,2051,199,0.55011260038088616
039526,4931,2051,118,0.53010363546635964
039526,4931,2051,133,0.54512670207096781
039526,4932,2051,83,0.55433819382905014
039526,4932,2051,87,0.53016018306636159
039526,4932,2051,102,0.52696881558116415
039526,4933,2051,129,0.54977516584301678
039526,4934,2051,128,0.55003200651769091
039526,4934,2051,133,0.57075340561579091
039526,4934,2051,153,0.54431873394877495
039526,4935,2051,102,0.54755603862451363
039526,4936,2051,234,0.54619158489938469
039526,4938,2051,123,0.54206120092378751
039526,4938,2051,145,0.54696828977046574
039526,4939,2051,136,0.53164408812944375
039526,4939,2051,148,0.55178474285475165
039526,4943,2051,154,0.55131875262414598
039526,4944,2051,71,0.55923689684915523
039526,4944,2051,76,0.54303514251588336
039526,4945,2051,315,0.5414277955464365
039526,4946,2051,372,0.542819123657447
039526,4949,2051,326,0.53204401011412561
039526,4951,2051,282,0.55762024929265119
039526,4952,2051,130,0.54878954640937372
039526,4953,2051,232,0.59145375662833133
039526,4954,2051,199,0.56254011401819759
039526,4956,2051,290,0.54784022294472834
039526,4958,2051,382,0.54408582487580381
039526,4959,2051,172,0.5494677646113677
039526,4959,2051,189,0.55885914595283626
039526,4960,2051,443,0.55923502836838201
039526,4960,2051,450,0.561502452429263
039526,4961,2051,285,0.55323598213652792
039526,4963,2051,298,0.56058791155427501
039526,4964,2051,216,0.53304243344083979
039526,4964,2051,226,0.53173131504257332
039526,4964,2051,228,0.53458022930205529
039526,4965,2051,262,0.56459749945163418
039526,4965,2051,269,0.53482277179869431
039526,4965,2051,277,0.54482271694283257
039526,4965,2051,278,0.55346837488457989
039526,4966,2051,379,0.54724701068745374
039526,4966,2051,387,0.52516115246269457
039526,4966,2051,388,0.55253249517074288
039526,4968,2051,369,0.57011924706809891
039526,4968,2051,377,0.53059488746436501
039526,4968,2051,392,0.55687838503200393
039526,4970,2051,213,0.51529448462753202
039526,4971,2051,166,0.54309067444194825
039526,4972,2051,271,0.54776188278726345
039526,4973,2051,65,0.55550930358406525
039526,4975,2051,177,0.56776096101305351
039526,4975,2051,198,0.54252452528314599
039526,4976,2051,381,0.53359752124363358
039526,4977,2051,394,0.55311341870619746
039526,4978,2051,147,0.55917537146206087
039526,4978,2051,163,0.52434805986199484
039526,4979,2051,300,0.54460306669688041
039526,4980,2051,166,0.55184221524192134
039526,4980,2051,178,0.556975
039526,4980,2051,184,0.54487374505628228
039526,4980,2051,188,0.50160197066542156
039526,4981,2051,72,0.55175741271419376
039526,4983,2051,195,0.54907042946510154
039526,4983,2051,202,0.56240657698056806
039526,4983,2051,204,0.54288604180714772
039526,4983,2051,213,0.53683491331454436
039526,4983,2051,218,0.54590733696395832
039526,4984,2051,151,0.5430549216491708
039526,4986,2051,345,0.5388641410927415
039526,4986,2051,354,0.54924485243211363
039526,4987,2051,189,0.54918389892483155
039526,4988,2051,184,0.56499859234234229
039526,4990,2051,195,0.55917060818881081
039526,4991,2051,178,0.54311284594014841
039526,4991,2051,179,0.57673126485256221
039526,4992,2051,59,0.54713307236759889
039526,4993,2051,255,0.56603742640184995
039526,4994,2051,228,0.54305472438327018
039526,4994,2051,231,0.54409593385288946
039526,4997,2051,161,0.54076979901673583
039526,4998,2051,301,0.56061978066203844
039526,4998,2051,306,0.54551019627348207
039526,4998,2051,307,0.52944478976600562
039526,4998,2051,330,0.55715221327580233
039526,4999,2051,403,0.52624971467701442
039526,4999,2051,413,0.54673780899635283
039526,5000,2051,340,0.54426642836625927
039526,5000,2051,358,0.55245027028936866
039526,5000,2051,361,0.55098471441729535
039526,5001,2051,146,0.53277711561382601
039526,5001,2051,149,0.51394709817091788
039526,5001,2051,154,0.56802721088435371
039526,5004,2051,299,0.53939766441303016
039526,5005,2051,130,0.53913254179791614
039526,5005,2051,142,0.54740955706374073
039526,5005,2051,144,0.54345968486174245
039526,5005,2051,154,0.53366290791234194
039526,5007,2051,76,0.52828337184641194
039526,5007,2051,82,0.54673378331998623
039526,5008,2051,508,0.57079137192040985
039526,5009,2051,362,0.51120823664586479
039526,5011,2051,178,0.54352618319237
039526,5011,2051,180,0.54051450163909809
039526,5013,2051,247,0.54578617772489213
039526,5014,2051,321,0.53734604352961024
039526,5014,2051,329,0.51880488402197111
039526,5014,2051,334,0.54982802931923513
039526,5015,2051,289,0.56236107680908864
039526,5015,2051,313,0.55093555093555091
039526,5016,2051,292,0.55297273781902556
039526,5017,2051,446,0.54469787050048646
039526,5017,2051,476,0.57108740646393885
039526,5018,2051,274,0.56349569485462336
039526,5018,2051,277,0.54428655815174587
039526,5019,2051,260,0.49616627928722185
039526,5019,2051,265,0.55233487407663395
039526,5021,2051,85,0.55402415622530765
039526,5023,2051,166,0.51265502404454566
039526,5023,2051,170,0.55198159943382874
039526,5024,2051,55,0.56127824901853096
039526,5024,2051,61,0.54382431649515817
039526,5025,2051,176,0.54431188751597781
039526,5025,2051,189,0.56122448979591832
039526,5025,2051,190,0.54788150189459184
039526,5026,2051,115,0.53831996845011176
039526,5027,2051,199,0.53712710374882622
039526,5029,2051,146,0.55689121005576703
039526,5030,2051,139,0.55942622950819676
039526,5031,2051,141,0.52957417965790843
039526,5031,2051,163,0.5363190061116121
039526,5032,2051,196,0.57853409815168899
039526,5032,2051,198,0.54677769998894576
039526,5032,2051,214,0.54122211445198831
039526,5032,2051,217,0.55704965670493722
039526,5033,2051,165,0.55627416876340363
039526,5035,2051,390,0.55076517150395776
039526,5036,2051,187,0.55220616313919713
039526,5036,2051,189,0.5662967623841666
039526,5036,2051,195,0.56724744657110981
039526,5037,2051,154,0.54264911315243614
039526,5037,2051,164,0.54850484598924709
039526,5038,2051,47,0.54274193548387095
039526,5038,2051,52,0.55152032496394199
039526,5038,2051,60,0.56063822259958962
039526,5039,2051,308,0.55340750116581172
039526,5041,2051,247,0.55812119180486264
039526,5041,2051,251,0.54380894432613325
039526,5041,2051,252,0.56221586125610368
039526,5041,2051,267,0.53436319945073807
039526,5043,2051,175,0.54297468130936832
039526,5043,2051,176,0.53356699919115669
039526,5043,2051,184,0.48308544944026877
039526,5043,2051,191,0.54451361867704284
039526,5046,2051,418,0.55692768645234436
039526,5046,2051,422,0.55155281302508841
039526,5046,2051,430,0.55123114147452323
039526,5046,2051,438,0.54774684639617111
039526,5048,2051,264,0.55083103905373709
039526,5049,2051,407,0.50564442779947572
039526,5049,2051,418,0.56695611767780907
039526,5049,2051,423,0.5358985600107915
039526,5049,2051,432,0.53942762817708123
039526,5051,2051,189,0.56340875777130051
039526,5052,2051,185,0.53334577578698517
039526,5053,2051,195,0.54363516636754505
039526,5053,2051,201,0.55183430125532951
039526,5054,2051,446,0.5482401327001295
039526,5054,2051,451,0.54660372829826387
039526,5055,2051,169,0.53220067603629251
039526,5055,2051,177,0.54304470486111112
039526,5056,2051,562,0.54835229501765403
039526,5057,2051,390,0.53544303797468351
039526,5057,2051,394,0.54544611237524621
039526,5060,2051,569,0.55156353958749171
039526,5061,2051,128,0.54723955761085918
039526,5064,2051,34,0.54544092679516631
039526,5064,2051,44,0.56840117102653698
039526,5064,2051,45,0.5455332682558176
039526,5064,2051,46,0.54523633130834193
039526,5066,2051,90,0.53663406811106573
039526,5068,2051,212,0.5517767327002342
039526,5069,2051,108,0.55315405880874591
039526,5069,2051,112,0.55700511902986927
039526,5069,2051,117,0.53926935886761029
039526,5070,2051,222,0.54602093695476683
039526,5070,2051,244,0.54842443168169808
039526,5071,2051,388,0.53637475965740256
039526,5072,2051,246,0.5332814265213276
039526,5073,2051,182,0.5510452321009307
039526,5075,2051,138,0.55024059822611204
039526,5077,2051,109,0.55046625938761962
039526,5077,2051,111,0.54767332019057002
039526,5077,2051,115,0.5560729716754681
039526,5077,2051,123,0.53865385082162187
039526,5078,2051,338,0.54356861087630315
039526,5078,2051,345,0.54695294815726436
039526,5079,2051,331,0.55085692511539697
039526,5080,2051,55,0.54334324120491551
039526,5081,2051,353,0.56438429397447987
039526,5083,2051,347,0.51166719426309404
039526,5083,2051,351,0.54399342154444197
039526,5083,2051,354,0.52965151384456133
039526,5086,2051,97,0.52880173470349767
039526,5087,2051,290,0.5392649687220733
039526,5087,2051,299,0.54492058845055991
039526,5087,2051,304,0.53259194010129929
039526,5087,2051,314,0.53031056783455333
039526,5088,2051,190,0.53840541112432594
039526,5089,2051,258,0.54839881898705423
039526,5090,2051,321,0.54193787530580473
039526,5091,2051,85,0.53099916568370786
039526,5094,2051,320,0.56466729147141514
039526,5094,2051,327,0.53722943722943728
039526,5095,2051,142,0.55651109714550329
039526,5095,2051,144,0.54546255118664966
039526,5096,2051,109,0.55471305682323013
039526,5096,2051,113,0.57965216658946395
039526,5097,2051,229,0.55592347314201618
039526,5098,2051,313,0.55002566643188844
039526,5098,2051,315,0.52958761118325937
039526,5099,2051,266,0.54715495645950141
039526,5100,2051,182,0.54544340352516718
039526,5100,2051,205,0.54689680708650201
039526,5100,2051,207,0.54548109213023799
039526,5101,2051,276,0.54293437859025473
039526,5101,2051,283,0.55676493759588674
039526,5101,2051,285,0.55759372490890002
039526,5101,2051,290,0.54567089149152359
039526,5102,2051,223,0.54560208959387324
039526,5102,2051,226,0.55754362712613215
039526,5102,2051,231,0.54978331959694782
039526,5103,2051,305,0.56198293440004154
039526,5105,2051,160,0.54857925516881534
039526,5105,2051,169,0.55870365382888953
039526,5106,2051,159,0.54826260365556223
039526,5106,2051,172,0.54161450523448573
039526,5106,2051,174,0.53560459967145202
039526,5107,2051,405,0.55277771912413687
039526,5108,2051,260,0.54302486382750548
039526,5110,2051,439,0.55018444089632768
039526,5112,2051,53,0.53750779713065588
039526,5112,2051,58,0.57400571402657474
039526,5112,2051,81,0.54488074132749931
039526,5113,2051,279,0.5592546164601514
039526,5113,2051,281,0.56104343457902006
039526,5113,2051,282,0.54761727475800448
039526,5115,2051,375,0.534488914857013
039526,5115,2051,383,0.55132696719786689
039526,5115,2051,388,0.5312886395850297
039526,5115,2051,392,0.53272519267822738
039526,5116,2051,158,0.53907125010769363
039526,5117,2051,54,0.59181113980081146
039526,5117,2051,65,0.55575456731999384
039526,5117,2051,70,0.54917446022399263
039526,5117,2051,77,0.52458741446397428
039526,5119,2051,260,0.53535483220153235
039526,5120,2051,65,0.5431575268124873
039526,5120,2051,70,0.55287949962367966
039526,5121,2051,254,0.5549800973675254
039526,5121,2051,256,0.5696251525887992
039526,5123,2051,217,0.53177644775681276
039526,5124,2051,378,0.56795641613817294
039526,5126,2051,203,0.56003301815998796
039526,5126,2051,209,0.55231874439670725
039526,5126,2051,211,0.55280048292627215
039526,5127,2051,224,0.55210554036768578
039526,5127,2051,248,0.5595597905082712
039526,5129,2051,252,0.53975585615308475
039526,5129,2051,253,0.56072941149754174
039526,5129,2051,264,0.59146226946625102
039526,5130,2051,172,0.54446300875492881
039526,5130,2051,192,0.58538301517376412
039526,5131,2051,307,0.53900947516967945
039526,5132,2051,65,0.53261745551175099
039526,5132,2051,78,0.54329358042719889
039526,5133,2051,163,0.54669638066939041
039526,5134,2051,414,0.55527528430308748
039526,5134,2051,421,0.54011462479429961
039526,5135,2051,174,0.51783759361912873
039526,5136,2051,417,0.57066325648913008
039526,5136,2051,422,0.55001859427296396
039526,5139,2051,149,0.54509607560868745
039526,5140,2051,200,0.54810409962221907
039526,5140,2051,216,0.53187012192011429
039526,5141,2051,375,0.56912670869041715
039526,5143,2051,209,0.55549433899892564
039526,5144,2051,117,0.55262689929066799
039526,5144,2051,147,0.55180555017997446
039526,5145,2051,17,0.52907716850094266
039526,5147,2051,388,0.55550207651475558
039526,5148,2051,419,0.54457549011950324
039526,5150,2051,282,0.55089129059399811
039526,5151,2051,276,0.54521540782164013
039526,5152,2051,154,0.54796654090414743
039526,5152,2051,158,0.53504817466631305
039526,5153,2051,246,0.53934950274000404
039526,5153,2051,256,0.56586840601790134
039526,5154,2051,155,0.54200225288651083
039526,5155,2051,314,0.58122468620924728
039526,5156,2051,284,0.54917288200420733
039526,5156,2051,294,0.54212868967671402
039526,5157,2051,208,0.54687583444592791
039526,5159,2051,113,0.58120972466315168
039526,5159,2051,134,0.5515643461048626
039526,5159,2051,136,0.58166736397868046
039526,5160,2051,166,0.55793213962237864
039526,5161,2051,191,0.55543034436330108
039526,5163,2051,306,0.55319202182236793
039526,5165,2051,182,0.57131512521625682
039526,5165,2051,189,0.53963046757164401
039526,5166,2051,231,0.56476130653266332
039526,5167,2051,276,0.55109184438236691
039526,5167,2051,279,0.55040251414777452
039526,5168,2051,51,0.55020080321285136
039526,5169,2051,3,0.5567383082741445
039526,5169,2051,6,0.56348018249215859
039526,5169,2051,28,0.555899036148092
039526,5170,2051,414,0.55518344868646274
039526,5170,2051,428,0.5527887180790243
039526,5172,2051,150,0.54794075877459936
039526,5172,2051,162,0.53660959951085296
039526,5173,2051,435,0.56101678085592299
039526,5173,2051,442,0.56002321981424152
039526,5173,2051,450,0.54492948743331993
039526,5173,2051,459,0.55081889201728995
039526,5174,2051,192,0.54385124445731858
039526,5174,2051,208,0.55004600107864599
039526,5175,2051,327,0.55175682507583412
039526,5177,2051,81,0.55524883230458355
039526,5177,2051,83,0.55189120523097224
039526,5178,2051,493,0.54218382088837447
039526,5180,2051,287,0.54862326123912697
039526,5181,2051,233,0.51729468599033812
039526,5181,2051,246,0.5400327016377624
039526,5181,2051,255,0.55445120383857427
039526,5182,2051,274,0.55639017291559667
039526,5185,2051,133,0.51850543645187053
039526,5185,2051,138,0.5451340477233797
039526,5186,2051,358,0.54154521234916153
039526,5189,2051,175,0.55131754115335041
039526,5192,2051,331,0.54895963143385829
039526,5193,2051,236,0.5479921209181704
039526,5193,2051,248,0.54885101471125197
039526,5193,2051,253,0.54086113487311094
039526,5194,2051,206,0.53980786550585413
039526,5195,2051,183,0.5551195503973928
039526,5196,2051,162,0.53393799070382819
039526,5196,2051,164,0.54958743508872532
039526,5197,2051,103,0.54846640223068766
039526,5197,2051,109,0.54783750931262987
039526,5197,2051,110,0.54730741045057851
039526,5198,2051,473,0.54264603788554988
039526,5199,2051,203,0.55751099937146453
039526,5199,2051,211,0.54423150718945401
039526,5200,2051,154,0.54900482509047044
039526,5201,2051,291,0.5547779344846856
039526,5201,2051,298,0.55785290948275867
039526,5201,2051,304,0.56307071565088129
039526,5202,2051,100,0.53705973021358888
039526,5203,2051,391,0.53794825132404755
039526,5204,2051,238,0.54018681583384631
039526,5204,2051,245,0.5516087607064174
039526,5205,2051,317,0.55727604377786788
039526,5207,2051,156,0.5486977333521047
039526,5208,2051,321,0.55105251174632086
039526,5209,2051,110,0.54834953302122202
039526,5209,2051,130,0.55068450742982944
039526,5210,2051,192,0.54638676305998368
039526,5210,2051,201,0.54018263773734732
039526,5212,2051,460,0.54096522511018019
039526,5213,2051,127,0.54535233363838409
039526,5213,2051,131,0.55437927554110122
039526,5213,2051,147,0.55022783617955429
039526,5214,2051,304,0.53711671899833313
039526,5214,2051,312,0.55037564703782438
039526,5216,2051,433,0.54728217426059156
039526,5217,2051,268,0.54826588634323148
039526,5218,2051,148,0.54967649674752794
039526,5219,2051,81,0.53909645251490756
039526,5219,2051,92,0.55844818150156728
039526,5221,2051,229,0.55422324852233973
039526,5222,2051,158,0.52647190280768763
039526,5223,2051,159,0.54062687963643652
039526,5225,2051,189,0.55574837310195224
039526,5232,2051,306,0.55063672072985304
039526,5233,2051,399,0.55540772202748001
039526,5235,2051,247,0.54952369213431707
039526,5236,2051,318,0.55613455042047011
039526,5237,2051,118,0.54573990643618719
039526,5237,2051,127,0.55464508233199827
039526,5237,2051,128,0.55028617045746686
039526,5239,2051,27,0.53880780019147756
039526,5244,2051,444,0.5697732097859084
039526,5245,2051,301,0.53505413977906591
039526,5245,2051,309,0.55207178492239473
039526,5248,2051,110,0.54784985846678813
039526,5248,2051,118,0.55618840634016564
039526,5248,2051,132,0.55757049263401748
039526,5249,2051,264,0.54245614528280672
039526,5249,2051,266,0.56448354305531256
039526,5250,2051,505,0.55124305226420789
039526,5250,2051,513,0.55134354232880667
039526,5250,2051,528,0.5465971828079047
039526,5253,2051,271,0.54934526073210466
039526,5254,2051,104,0.5501235878635059
039526,5255,2051,369,0.55059946892685674
039526,5255,2051,374,0.53725317477794909
039526,5256,2051,305,0.53028325993584513
039526,5258,2051,437,0.56256730562136548
039526,5258,2051,438,0.5609279423335618
039526,5258,2051,441,0.5468788450496268
039526,5258,2051,444,0.5551854864703083
039526,5259,2051,175,0.54712273387657129
039526,5259,2051,180,0.54063652274387863
039526,5260,2051,254,0.53749676417292258
039526,5260,2051,266,0.54913116184382726
039526,5260,2051,279,0.56145741878841093
039526,5261,2051,116,0.56000227389005741
039526,5261,2051,120,0.5324728371865044
039526,5263,2051,151,0.55201211932877559
039526,5264,2051,490,0.55093339018507903
039526,5264,2051,501,0.54024291237631328
039526,5264,2051,519,0.53989502280242407
039526,5266,2051,101,0.55544343884378344
039526,5268,2051,91,0.54631504515797258
039526,5268,2051,94,0.54135109290773542
039526,5268,2051,96,0.53370540163444291
039526,5268,2051,101,0.53014619571016963
039526,5268,2051,110,0.54906646967655959
039526,5269,2051,414,0.56361170315830267
039526,5269,2051,430,0.54172207173930886
039526,5269,2051,431,0.57658506651471653
039526,5270,2051,198,0.51403544602537043
039526,5270,2051,202,0.56305132690661408
039526,5270,2051,211,0.5464365992331085
039526,5271,2051,272,0.53436486368019642
039526,5271,2051,278,0.5504467393826874
039526,5272,2051,361,0.5551818975742645
039526,5273,2051,70,0.54108754986353136
039526,5275,2051,354,0.52941896773403541
039526,5275,2051,362,0.5444167064037474
039526,5276,2051,532,0.53806314922166965
039526,5277,2051,76,0.55332817337461304
039526,5278,2051,122,0.56030190468663554
039526,5281,2051,352,0.54100965072439711
039526,5281,2051,353,0.55480712672902865
039526,5282,2051,193,0.55754471816537743
039526,5282,2051,194,0.55390782474273681
039526,5283,2051,227,0.56212324905676747
039526,5283,2051,241,0.58170768603412215
039526,5284,2051,230,0.55294900448705919
039526,5286,2051,228,0.56659087777318451
039526,5286,2051,230,0.54746727376209448
039526,5287,2051,210,0.54726120978760406
039526,5288,2051,251,0.55909665192672142
039526,5289,2051,185,0.54921216562843533
039526,5290,2051,74,0.54717926363523983
039526,5291,2051,358,0.55912138678872003
039526,5292,2051,108,0.54343752788269939
039526,5293,2051,145,0.56435614160133052
039526,5293,2051,149,0.58815289959418771
039526,5294,2051,142,0.55290098801765819
039526,5295,2051,108,0.54975515602101721
039526,5296,2051,331,0.53722349351639964
039526,5296,2051,346,0.54920699901889514
039526,5297,2051,128,0.54859660450453873
039526,5297,2051,137,0.53750598807340966
039526,5297,2051,139,0.55648723821989532
039526,5298,2051,46,0.54824838025342582
039526,5298,2051,53,0.54273569732710425
039526,5298,2051,61,0.5404643218874744
039526,5299,2051,152,0.53796785577151629
039526,5299,2051,161,0.55218051638099375
039526,5299,2051,180,0.54943243855709611
039526,5300,2051,73,0.54611193213226084
039526,5301,2051,253,0.52128714129578324
039526,5303,2051,109,0.52190592796653401
039526,5306,2051,318,0.55438440535907041
039526,5307,2051,479,0.56017901808389314
039526,5307,2051,492,0.54053048344844012
039526,5308,2051,256,0.53923500333064545
039526,5308,2051,275,0.56025381251999573
039526,5310,2051,246,0.54567695591067622
039526,5310,2051,272,0.53704920494865493
039526,5311,2051,332,0.54582231212074062
039526,5312,2051,410,0.55343034439288397
039526,5312,2051,416,0.56765182186234819
039526,5312,2051,417,0.54783242064157911
039526,5313,2051,329,0.53952857332220916
039526,5313,2051,345,0.54274006543629494
039526,5314,2051,86,0.54853995816039403
039526,5314,2051,91,0.55588864240462055
039526,5314,2051,98,0.53832299051954213
039526,5316,2051,214,0.56012371252111992
039526,5317,2051,369,0.5648213324500021
039526,5321,2051,101,0.54169133875222053
039526,5322,2051,249,0.55330455635491604
039526,5323,2051,171,0.55302815177478581
039526,5324,2051,287,0.51492904601755396
039526,5324,2051,291,0.55500213462359471
039526,5324,2051,295,0.54067407531278977
039526,5325,2051,212,0.54355478157767978
039526,5326,2051,104,0.54751553453650881
039526,5328,2051,114,0.56852586766721991
039526,5329,2051,126,0.55553306342780029
039526,5330,2051,135,0.54030905689141429
039526,5332,2051,133,0.54168654321523046
039526,5332,2051,140,0.53034042751362176
039526,5332,2051,141,0.54478552114060963
039526,5333,2051,242,0.5452415576021975
039526,5334,2051,146,0.54913673467628632
039526,5335,2051,306,0.54011242311534802
039526,5335,2051,319,0.55969579303636174
039526,5340,2051,152,0.53679393793857899
039526,5341,2051,83,0.54735626526323755
039526,5343,2051,143,0.53341730883224658
039526,5344,2051,307,0.55627976333637985
039526,5345,2051,91,0.54524450700777283
039526,5345,2051,102,0.54658637417258105
039526,5347,2051,471,0.54226190476190472
039526,5349,2051,180,0.55199088981386946
039526,5349,2051,184,0.54769512218361527
039526,5349,2051,186,0.5481795687522093
039526,5352,2051,172,0.5431026533093013
039526,5354,2051,301,0.54423469183697959
039526,5354,2051,309,0.55201844421290647
039526,5354,2051,314,0.53742925398021513
039526,5354,2051,319,0.54751592712641106
039526,5355,2051,408,0.54591534959215393
039526,5355,2051,419,0.54633433988416413
039526,5356,2051,98,0.54016713559820262
039526,5356,2051,114,0.54998926748880006
039526,5358,2051,111,0.55029725393979423
039526,5358,2051,124,0.54800906991036047
039526,5361,2051,131,0.54176731290302249
039526,5361,2051,156,0.54258888068361644
039526,5362,2051,196,0.54922478062941216
039526,5363,2051,292,0.55005177323323839
039526,5364,2051,206,0.54783934065313722
039526,5364,2051,219,0.5466585857145404
039526,5364,2051,220,0.54609591000095337
039526,5364,2051,221,0.55774759894781922
039526,5365,2051,72,0.56621016732388363
039526,5365,2051,75,0.55046855072731637
039526,5365,2051,88,0.52693270616796906
039526,5368,2051,137,0.56070680575042198
039526,5370,2051,321,0.54427168576104745
039526,5371,2051,129,0.54742951427082731
039526,5371,2051,130,0.53660679765210362
039526,5371,2051,138,0.56396455770357357
039526,5372,2051,118,0.53188787321577391
039526,5372,2051,121,0.56239934590322338
039526,5372,2051,125,0.54813616460650216
039526,5374,2051,146,0.56181776834445118
039526,5375,2051,52,0.5038850127721225
039526,5376,2051,99,0.54977403578282669
039526,5377,2051,331,0.55996679539466565
039526,5377,2051,342,0.55848297658382418
039526,5378,2051,242,0.5657303408190576
039526,5378,2051,246,0.55319913731128689
039526,5379,2051,265,0.52533537753928705
039526,5380,2051,243,0.55774031153690606
039526,5380,2051,256,0.55464343952591177
039526,5381,2051,428,0.55362906944572532
039526,5383,2051,85,0.53845832331950549
039526,5384,2051,455,0.55277994008444786
039526,5384,2051,464,0.53703829903230205
039526,5384,2051,470,0.54291231258518857
039526,5385,2051,216,0.55041736227045079
039526,5386,2051,297,0.56442533480587154
039526,5386,2051,306,0.56508044607133734
039526,5386,2051,307,0.54903592731308082
039526,5388,2051,260,0.54936800175642186
039526,5388,2051,289,0.54137757420210475
039526,5388,2051,290,0.55068180488090357
039526,5389,2051,190,0.56579981856667672
039526,5389,2051,192,0.55801632794858436
039526,5389,2051,199,0.55910024514675682
039526,5390,2051,267,0.55390047593794678
039526,5391,2051,276,0.56787208204021045
039526,5391,2051,279,0.54629402889575251
039526,5391,2051,287,0.54486603851978932
039526,5391,2051,290,0.54194553044861171
039526,5391,2051,300,0.55558796135138444
039526,5393,2051,228,0.55058590834452903
039526,5393,2051,246,0.55666159530536841
039526,5393,2051,256,0.54052804085982586
039526,5395,2051,151,0.55293442007377469
039526,5398,2051,208,0.54268637936458008
039526,5400,2051,95,0.54386004978646629
039526,5401,2051,219,0.54359491188407372
039526,5401,2051,225,0.54462293071735135
039526,5402,2051,257,0.54854835113954004
039526,5403,2051,119,0.5650287018466007
039526,5403,2051,126,0.54616321810597612
039526,5406,2051,71,0.54932567192319781
039526,5407,2051,400,0.55569034461068423
039526,5410,2051,166,0.55539707016191209
039526,5410,2051,185,0.54516940215774812
039526,5410,2051,187,0.54443644336489583
039526,5411,2051,213,0.55226000935534725
039526,5412,2051,240,0.54738719560433236
039526,5412,2051,243,0.54994708507799195
039526,5413,2051,346,0.55014853152849663
039526,5414,2051,489,0.55156511212313364
039526,5416,2051,390,0.55056812033329727
039526,5416,2051,391,0.56092694904849605
039526,5416,2051,405,0.55031286620823849
039526,5418,2051,44,0.55739698557474615
039526,5418,2051,60,0.54818433109924647
039526,5424,2051,265,0.54698125154860555
039526,5425,2051,93,0.56234843151059999
039526,5425,2051,102,0.58781404085466071
039526,5425,2051,118,0.55420296227089116
039526,5426,2051,280,0.53930311824130095
039526,5427,2051,304,0.55142061544270338
039526,5427,2051,307,0.55134482758620684
039526,5427,2051,308,0.52728848764372049
039526,5427,2051,327,0.54852161378339881
039526,5428,2051,221,0.54072634546904663
039526,5428,2051,237,0.54581067204198841
039526,5429,2051,287,0.52714567858829586
039526,5430,2051,320,0.53878747219377843
039526,5431,2051,173,0.54841344643418155
039526,5432,2051,304,0.52930000271421984
039526,5433,2051,339,0.55448474870979081
039526,5437,2051,135,0.55104641803058763
039526,5437,2051,139,0.54797043064363871
039526,5438,2051,110,0.55478367050592392
039526,5442,2051,442,0.54898022427031801
039526,5442,2051,466,0.55176227480427253
039526,5443,2051,235,0.53950312790944577
039526,5444,2051,336,0.53380284286794122
039526,5445,2051,235,0.538046807989217
039526,5445,2051,241,0.53604199222662985
039526,5445,2051,244,0.54490210110158255
039526,5446,2051,363,0.53761604158930565
039526,5446,2051,383,0.54731949072887298
039526,5447,2051,203,0.55118486900206065
039526,5447,2051,205,0.5484642785133409
039526,5447,2051,210,0.54341166660185702
039526,5449,2051,241,0.55741564216583839
039526,5450,2051,88,0.54117177363010283
039526,5451,2051,270,0.55867975710174467
039526,5452,2051,201,0.57576933023015253
039526,5453,2051,151,0.54526331178324294
039526,5454,2051,287,0.53911671924290216
039526,5454,2051,300,0.55754837214691233
039526,5454,2051,303,0.55986265802819635
039526,5455,2051,243,0.5515362404679055
039526,5455,2051,257,0.54068083209899198
039526,5455,2051,260,0.53441157756107671
039526,5455,2051,267,0.55822921100733658
039526,5456,2051,196,0.5625759781483094
039526,5456,2051,201,0.53674946289246539
039526,5456,2051,208,0.54976859793987354
039526,5457,2051,237,0.55143962672129276
039526,5457,2051,239,0.55199361511090417
039526,5458,2051,394,0.55485639074698445
039526,5459,2051,112,0.54938522213200325
039526,5459,2051,121,0.54867135062997996
039526,5460,2051,184,0.5498845369145573
039526,5460,2051,200,0.55077872356242796
039526,5461,2051,195,0.55859789184806341
039526,5463,2051,408,0.54025990674123092
039526,5464,2051,114,0.55686748481467707
039526,5464,2051,115,0.54268329970036078
039526,5464,2051,119,0.55326012744651798
039526,5465,2051,79,0.54450033821345545
039526,5465,2051,101,0.56250416546331061
039526,5468,2051,94,0.53768305060171084
039526,5469,2051,350,0.55017985611510789
039526,5470,2051,101,0.5401268805177899
039526,5471,2051,239,0.53537183038568081
039526,5472,2051,125,0.54001734742154239
039526,5473,2051,145,0.55329109578352731
039526,5473,2051,160,0.55669079495227725
039526,5475,2051,259,0.54396685757021113
039526,5475,2051,297,0.53345144380924547
039526,5478,2051,155,0.55675768504207457
039526,5478,2051,160,0.55077503974562803
039526,5479,2051,67,0.54657039242781058
039526,5480,2051,279,0.55910685225055845
039526,5485,2051,62,0.554869288061698
039526,5488,2051,176,0.52856167889438666
039526,5489,2051,241,0.53778083625719653
039526,5490,2051,93,0.55923699531405313
039526,5490,2051,101,0.54885697116401888
039526,5492,2051,447,0.56940319615330226
039526,5492,2051,450,0.53362902339887952
039526,5493,2051,124,0.55369940361838255
039526,5494,2051,186,0.56849132176234984
039526,5494,2051,189,0.55948331539289564
039526,5497,2051,133,0.54926877362107684
039526,5498,2051,479,0.55271993304780187
039526,5498,2051,490,0.54857427974793482
039526,5499,2051,163,0.53618912322879098
039526,5499,2051,166,0.54185180560961821
039526,5500,2051,64,0.55931401910406353
039526,5500,2051,67,0.54164360600262496
039526,5500,2051,76,0.53200984374816018
039526,5500,2051,88,0.5375496088715338
039526,5501,2051,264,0.54732909541117014
039526,5502,2051,353,0.54402297712191738
039526,5503,2051,99,0.54696317351502743
039526,5503,2051,108,0.55298580798500807
039526,5505,2051,239,0.53793908521702216
039526,5505,2051,251,0.54566162318798794
039526,5507,2051,115,0.54202812401315181
039526,5507,2051,128,0.54342329883095275
039526,5508,2051,64,0.54645744826641085
039526,5510,2051,121,0.54488078541374474
039526,5511,2051,353,0.53581442773387711
039526,5512,2051,362,0.54983226463968748
039526,5512,2051,383,0.55340881122323404
039526,5513,2051,339,0.54287908179760747
039526,5515,2051,90,0.56008525479558224
039526,5515,2051,93,0.53905949568752398
039526,5515,2051,100,0.54076530698136394
039526,5516,2051,344,0.57717085374752419
039526,5516,2051,347,0.54306067577681072
039526,5518,2051,296,0.53588215214137547
039526,5519,2051,88,0.54458023445578108
039526,5519,2051,90,0.57603801334992644
039526,5520,2051,416,0.55762146124366418
039526,5520,2051,417,0.53657476178399333
039526,5520,2051,433,0.54908774978279762
039526,5521,2051,15,0.54773211459040005
039526,5521,2051,22,0.55212863355458919
039526,5521,2051,29,0.55891810100245887
039526,5522,2051,441,0.5565196515536045
039526,5523,2051,289,0.53658586773118233
039526,5526,2051,126,0.55223383713962315
039526,5526,2051,129,0.53907890132960112
039526,5526,2051,143,0.55330964015992889
039526,5526,2051,147,0.54416044740629899
039526,5527,2051,276,0.5601353186655802
039526,5528,2051,236,0.55397325796282204
039526,5528,2051,253,0.55793585590054406
039526,5528,2051,261,0.53842478970343033
039526,5530,2051,468,0.55689345632390264
039526,5530,2051,476,0.54228424489324201
039526,5531,2051,207,0.55363821271570102
039526,5532,2051,143,0.55203623308146432
039526,5535,2051,511,0.5358593019883342
039526,5536,2051,60,0.5356344640613635
039526,5537,2051,262,0.54991321874475119
039526,5537,2051,270,0.55794438655185652
039526,5537,2051,283,0.5545199687485638
039526,5539,2051,119,0.55359289743826878
039526,5541,2051,236,0.54221218961625284
039526,5541,2051,253,0.5571203031259867
039526,5543,2051,341,0.5442765472986959
039526,5544,2051,288,0.54742891712038722
039526,5545,2051,216,0.5475204998047638
039526,5545,2051,225,0.53118882698388792
039526,5545,2051,227,0.55063264709566961
039526,5547,2051,129,0.55716832187420418
039526,5547,2051,139,0.55034310667498443
039526,5547,2051,141,0.54641470810807868
039526,5547,2051,154,0.53957262494539304
039526,5548,2051,89,0.55879865170241505
039526,5549,2051,109,0.54949118757868232
039526,5550,2051,395,0.54274919861964399
039526,5552,2051,90,0.56098124098124102
039526,5552,2051,97,0.5566164662992058
039526,5552,2051,100,0.55679836202320465
039526,5553,2051,430,0.53988081829910106
039526,5554,2051,172,0.5416321972203838
039526,5554,2051,177,0.54924884220038406
039526,5555,2051,234,0.55449248255521189
039526,5556,2051,247,0.52356680794111088
039526,5556,2051,263,0.55172257753107279
039526,5556,2051,267,0.55172480024585124
039526,5557,2051,184,0.5415436011460304
039526,5558,2051,187,0.54902209482255648
039526,5558,2051,219,0.56286671259234622
039526,5559,2051,237,0.55514506329557189
039526,5560,2051,368,0.55731405235321685
039526,5561,2051,121,0.55110492768628461
039526,5562,2051,286,0.55346399125645951
039526,5563,2051,247,0.5549309590281446
039526,5563,2051,249,0.54720232916136802
039526,5563,2051,255,0.55163785485200223
039526,5565,2051,202,0.53984034296695982
039526,5565,2051,212,0.56194201709833114
039526,5567,2051,334,0.55536305012352916
039526,5567,2051,338,0.53900237318961119
039526,5568,2051,139,0.5489337377723279
039526,5569,2051,73,0.55361869538416908
039526,5570,2051,233,0.53636363636363638
039526,5574,2051,91,0.53945976224559655
039526,5574,2051,99,0.55683655830034018
039526,5575,2051,75,0.53919582326813686
039526,5575,2051,93,0.54181415197327065
039526,5577,2051,189,0.58431837943270748
039526,5577,2051,200,0.55115066683330061
039526,5578,2051,510,0.54547674005681823
039526,5579,2051,353,0.53537962274356032
039526,5580,2051,218,0.51765860039241329
039526,5580,2051,223,0.55801517843798265
039526,5580,2051,238,0.54230385638297873
039526,5582,2051,332,0.56335945779743291
039526,5582,2051,341,0.55062843462647582
039526,5582,2051,347,0.55642356559883954
039526,5583,2051,208,0.55443450128062877
039526,5583,2051,223,0.55776419685795187
039526,5584,2051,420,0.54487159115386108
039526,5584,2051,431,0.55779052184085143
039526,5587,2051,96,0.53875063636091391
039526,5588,2051,424,0.55432170382033641
039526,5589,2051,174,0.55063355010071413
039526,5589,2051,187,0.55792480537506794
039526,5591,2051,335,0.53807837870833841
039526,5591,2051,340,0.5541784543535857
039526,5591,2051,354,0.55752304748651937
039526,5592,2051,287,0.54680864159537146
039526,5592,2051,292,0.54113895216400909
039526,5593,2051,159,0.52559064364108909
039526,5597,2051,115,0.54449220504266371
039526,5599,2051,285,0.5499642958540174
039526,5599,2051,291,0.5454811405390646
039526,5600,2051,276,0.54835314864326756
039526,5600,2051,283,0.53879012051067887
039526,5601,2051,342,0.56616338635750874
039526,5602,2051,321,0.53700591347650173
039526,5602,2051,325,0.5508084294163994
039526,5603,2051,262,0.55020551967116849
039526,5605,2051,188,0.54846903558905546
039526,5607,2051,347,0.54518567203417678
039526,5607,2051,372,0.55420376849987363
039526,5610,2051,149,0.55865430295778862
039526,5610,2051,150,0.55479780600221074
039526,5611,2051,177,0.55968819599109132
039526,5612,2051,102,0.54424608887609172
039526,5612,2051,120,0.54444506320654895
039526,5614,2051,204,0.53890317839426782
039526,5614,2051,208,0.54873157525318361
039526,5615,2051,191,0.54059925576993395
039526,5617,2051,51,0.53810147240804174
039526,5617,2051,59,0.556329363126292
039526,5618,2051,293,0.55259690616002732
039526,5618,2051,302,0.54571902028604602
039526,5618,2051,308,0.54938928217730987
039526,5620,2051,371,0.52811044577511645
039526,5620,2051,380,0.55606953127823355
039526,5622,2051,328,0.55259402711242478
039526,5622,2051,338,0.50152374202693129
039526,5624,2051,135,0.53725075995672111
039526,5624,2051,136,0.54503246855099285
039526,5624,2051,145,0.55442321732781696
039526,5625,2051,260,0.55013298215715134
039526,5626,2051,87,0.48059252898239591
039526,5627,2051,188,0.56901290447825248
039526,5628,2051,300,0.55294493021234992
039526,5629,2051,245,0.54711717296962181
039526,5629,2051,246,0.56337627619941411
039526,5632,2051,76,0.53838524652698305
039526,5632,2051,81,0.55444299828432819
039526,5633,2051,197,0.5569473652128859
039526,5633,2051,226,0.52820887728459531
039526,5634,2051,255,0.57846348603528763
039526,5635,2051,58,0.55576372441585065
039526,5635,2051,65,0.545561290638225
039526,5635,2051,67,0.53836807178240953
039526,5636,2051,197,0.56981749833262596
039526,5637,2051,284,0.54437855262186574
039526,5637,2051,288,0.56476492989137106
039526,5637,2051,305,0.5495577972776895
039526,5638,2051,227,0.54478882159680164
039526,5639,2051,197,0.53782302425897344
039526,5639,2051,205,0.54516129032258065
039526,5639,2051,213,0.54536888457663169
039526,5640,2051,159,0.55534313139761815
039526,5640,2051,172,0.53879352817137338
039526,5642,2051,150,0.55108995369647784
039526,5642,2051,151,0.5470746272158804
039526,5642,2051,172,0.55786793825264691
039526,5644,2051,255,0.54914351266745742
039526,5644,2051,274,0.54753031231478599
039526,5645,2051,123,0.53222446946599455
039526,5646,2051,160,0.56071580930712073
039526,5647,2051,318,0.5448390251148052
039526,5648,2051,134,0.55041565821319582
039526,5648,2051,142,0.53690056687605336
039526,5649,2051,276,0.54515715544636423
039526,5649,2051,281,0.55320889200479073
039526,5651,2051,149,0.5449759171961468
039526,5651,2051,163,0.55589471459766604
039526,5652,2051,274,0.52583361543669604
039526,5652,2051,287,0.55057375827638333
039526,5653,2051,242,0.55539683017052122
039526,5653,2051,255,0.55626985038074461
039526,5653,2051,272,0.56413262922180396
039526,5655,2051,390,0.55291355052587954
039526,5656,2051,125,0.5602624179943767
039526,5657,2051,289,0.55034311046335094
039526,5658,2051,252,0.5469649564288861
039526,5658,2051,256,0.54246885617214047
039526,5659,2051,332,0.53983258668639456
039526,5661,2051,197,0.5282873276980814
039526,5661,2051,199,0.53710320445313675
039526,5661,2051,223,0.53644007485700729
039526,5662,2051,367,0.5464455440693744
039526,5662,2051,377,0.53713225722468105
039526,5662,2051,381,0.52905577834487783
039526,5662,2051,394,0.54184787769442599
039526,5663,2051,368,0.53599581444018141
039526,5665,2051,141,0.53915146320558349
039526,5668,2051,81,0.54006334017479718
039526,5669,2051,316,0.54269299070301891
039526,5670,2051,31,0.54606610557158453
039526,5670,2051,34,0.5543274669436048
039526,5670,2051,54,0.54047902893681588
039526,5671,2051,233,0.54581108555107671
039526,5672,2051,332,0.51847070506454818
039526,5673,2051,177,0.54586269810038279
039526,5675,2051,274,0.53710073710073714
039526,5675,2051,296,0.55616224648985957
039526,5677,2051,69,0.55249898288110666
039526,5678,2051,49,0.54950963089955629
039526,5678,2051,64,0.54187461332233455
039526,5678,2051,75,0.54185943515143253
039526,5679,2051,55,0.54855651432832642
039526,5679,2051,61,0.56184459886291849
039526,5680,2051,138,0.52848106810575934
039526,5681,2051,104,0.54552367582112249
039526,5682,2051,150,0.5597406606977462
039526,5682,2051,168,0.5462735462735463
039526,5684,2051,70,0.55994070780062999
039526,5684,2051,73,0.56211821642517779
039526,5685,2051,56,0.54727850180703097
039526,5685,2051,89,0.5405586860088718
039526,5686,2051,215,0.53965854132958457
039526,5687,2051,111,0.54906203902140327
039526,5688,2051,71,0.52158736851968979
039526,5688,2051,73,0.5446879907074792
039526,5688,2051,82,0.55423556304540067
039526,5688,2051,87,0.55426484081505467
039526,5689,2051,136,0.53914433313354448
039526,5689,2051,153,0.54510522049773347
039526,5691,2051,128,0.54615655853314526
039526,5691,2051,144,0.55193405199746359
039526,5692,2051,102,0.54010973565575904
039526,5693,2051,274,0.55725243195665342
039526,5693,2051,275,0.52649722356799467
039526,5694,2051,79,0.55331813741452296
039526,5694,2051,104,0.55897883979789542
039526,5695,2051,333,0.55879251524863016
039526,5696,2051,192,0.58136236659265095
039526,5696,2051,193,0.56066957620305502
039526,5697,2051,193,0.54594217158091851
039526,5698,2051,295,0.54987660490636692
039526,5699,2051,305,0.5319163634688896
039526,5699,2051,310,0.5436209993227924
039526,5700,2051,446,0.52753660510632039
039526,5700,2051,455,0.54402628216827886
039526,5701,2051,112,0.54471178009459131
039526,5702,2051,266,0.57112507208109498
039526,5702,2051,292,0.54390125633678643
039526,5703,2051,151,0.55189899251549301
039526,5703,2051,162,0.5426127846243668
039526,5703,2051,166,0.54136727154629971
039526,5704,2051,168,0.54690407979757849
039526,5704,2051,177,0.54468698517298186
039526,5704,2051,179,0.56199469330419849
039526,5706,2051,280,0.529755839843013
039526,5706,2051,287,0.54802762793312543
039526,5709,2051,65,0.56913290927351856
039526,5709,2051,71,0.54049198452183522
039526,5709,2051,82,0.55583186917150962
039526,5710,2051,318,0.56626003210272868
039526,5713,2051,236,0.55424507067615014
039526,5714,2051,316,0.5536193029490617
039526,5715,2051,248,0.54705587408166378
039526,5717,2051,298,0.58115389670127482
039526,5718,2051,274,0.54822847726124979
039526,5718,2051,298,0.55948074281460047
039526,5719,2051,392,0.55200096596221604
039526,5719,2051,409,0.55173160954822864
039526,5721,2051,92,0.539709525810112
039526,5721,2051,99,0.53468804225644162
039526,5721,2051,105,0.5521323877068558
039526,5721,2051,107,0.56189795626697159
039526,5722,2051,143,0.56682254761305018
039526,5723,2051,155,0.54457872862040568
039526,5723,2051,158,0.54497166088014481
039526,5723,2051,170,0.56056619009167341
039526,5725,2051,410,0.54234393776484724
039526,5726,2051,233,0.56171995720908119
039526,5726,2051,243,0.53102430929039002
039526,5727,2051,382,0.55937740979747552
039526,5728,2051,299,0.55572128574680424
039526,5729,2051,321,0.55900647489650779
039526,5730,2051,187,0.54663132589533381
039526,5730,2051,209,0.55367313848584376
039526,5731,2051,105,0.55822617473861313
039526,5731,2051,130,0.5449968074432181
039526,5734,2051,238,0.56557001466275658
039526,5734,2051,248,0.54367291204978396
039526,5735,2051,240,0.56701312910284463
039526,5735,2051,265,0.53275894880711405
039526,5736,2051,51,0.53584689725330625
039526,5736,2051,69,0.53024782980254581
039526,5737,2051,68,0.5239237623543459
039526,5737,2051,74,0.55600044845203966
039526,5737,2051,75,0.54651601745283429
039526,5738,2051,102,0.54371805219262848
039526,5740,2051,112,0.56365306177574892
039526,5742,2051,332,0.53679342855433321
039526,5742,2051,336,0.54071943178635984
039526,5743,2051,103,0.54246728292480262
039526,5744,2051,254,0.55321871933791222
039526,5745,2051,105,0.55123872301203813
039526,5747,2051,52,0.55511747450009419
039526,5747,2051,66,0.54096938591101307
039526,5749,2051,229,0.52925353694562682
039526,5749,2051,230,0.55367851309624583
039526,5750,2051,220,0.53839632239345869
039526,5750,2051,228,0.5457865228878912
039526,5751,2051,70,0.54766903562746438
039526,5751,2051,89,0.55237117682336112
039526,5752,2051,329,0.55212762299872786
039526,5753,2051,117,0.55853489241283572
039526,5753,2051,128,0.5471539199401072
039526,5754,2051,114,0.54774734110079837
039526,5754,2051,127,0.5399687743950039
039526,5755,2051,130,0.56033742674778841
039526,5755,2051,145,0.56419197471485505
039526,5757,2051,163,0.55092115515118001
039526,5757,2051,172,0.55257949955268792
039526,5759,2051,53,0.53869499241274654
039526,5760,2051,10,0.54857754180204454
039526,5760,2051,16,0.55744056635362027
039526,5761,2051,461,0.55360300824661668
039526,5764,2051,305,0.54991584412620531
039526,5764,2051,315,0.52386050970480946
039526,5765,2051,190,0.54022241478913924
039526,5766,2051,372,0.56250218808421848
039526,5767,2051,386,0.54925744960073553
039526,5768,2051,174,0.55283620330095928
039526,5769,2051,112,0.55899599045124804
039526,5770,2051,247,0.5329409101199909
039526,5770,2051,253,0.5447680330738327
039526,5771,2051,71,0.54687252322226798
039526,5771,2051,82,0.52431387159153409
039526,5772,2051,268,0.55922825423058964
039526,5773,2051,455,0.56089231616634538
039526,5773,2051,462,0.53741419025246884
039526,5774,2051,164,0.53031898778007014
039526,5775,2051,116,0.54753754688242129
039526,5776,2051,351,0.55361955208623737
039526,5777,2051,265,0.54165913142325672
039526,5778,2051,260,0.56444167186525263
039526,5778,2051,268,0.55001953506544243
039526,5779,2051,280,0.55140556474225322
039526,5779,2051,287,0.54067610939211652
039526,5779,2051,288,0.53779340606497761
039526,5780,2051,339,0.54542071058432817
039526,5780,2051,353,0.53815984736061051
039526,5781,2051,82,0.55074495574248172
039526,5781,2051,94,0.53248146449921707
039526,5781,2051,95,0.54922903347122976
039526,5781,2051,96,0.55232894845701996
039526,5783,2051,322,0.53041676260649318
039526,5783,2051,340,0.54086642840442234
039526,5784,2051,124,0.53960736692977129
039526,5784,2051,126,0.55023616433472955
039526,5785,2051,450,0.59040037721719107
039526,5786,2051,397,0.52357334032079961
039526,5786,2051,410,0.54199749268700381
039526,5787,2051,251,0.55196517154056957
039526,5787,2051,260,0.53724327757781076
039526,5787,2051,262,0.55063557384545037
039526,5787,2051,265,0.55676222698849043
039526,5789,2051,128,0.54627312651371263
039526,5790,2051,467,0.53522318179135597
039526,5791,2051,471,0.55051492114646738
039526,5792,2051,37,0.56826317882964039
039526,5792,2051,54,0.54313643769181219
039526,5793,2051,417,0.53738846531990281
039526,5794,2051,723,0.54727503849321446
039526,5795,2051,128,0.53548251412089898
039526,5795,2051,130,0.54136217480268922
039526,5796,2051,159,0.55611743628272559
039526,5796,2051,160,0.55715373735175711
039526,5799,2051,325,0.54901308494122869
039526,5800,2051,386,0.54274150439098889
039526,5801,2051,214,0.53660364631152913
039526,5801,2051,225,0.55863173411140965
039526,5801,2051,239,0.55101837366951933
039526,5802,2051,269,0.54866430882684925
039526,5802,2051,291,0.5416308749539821
039526,5803,2051,375,0.56441080936275656
039526,5803,2051,378,0.54655548937859832
039526,5804,2051,225,0.53773973408636311
039526,5805,2051,220,0.54484473832099767
039526,5806,2051,154,0.542198183488111
039526,5806,2051,174,0.54734679638745687
039526,5806,2051,177,0.56620039037085235
039526,5807,2051,190,0.55136397608370702
039526,5809,2051,283,0.54768870684610882
039526,5810,2051,213,0.53588773642464915
039526,5811,2051,182,0.5635504894588248
039526,5814,2051,184,0.54501992031872515
039526,5814,2051,192,0.49892939422686
039526,5816,2051,328,0.57159832061471838
039526,5816,2051,333,0.55590200710490145
039526,5816,2051,348,0.52781854010314033
039526,5817,2051,313,0.5472749281724445
039526,5818,2051,284,0.54766388486926876
039526,5821,2051,139,0.53876194616580575
039526,5822,2051,34,0.56519667750688729
039526,5822,2051,42,0.54369446816142097
039526,5823,2051,282,0.52721855371235304
039526,5824,2051,92,0.54621065756840825
039526,5824,2051,107,0.53388718059376739
039526,5826,2051,294,0.54750774365363297
039526,5828,2051,226,0.52802851721957111
039526,5829,2051,241,0.56590431292603682
039526,5831,2051,146,0.5522831157815371
039526,5832,2051,253,0.53574446049439917
039526,5833,2051,114,0.54312441534144063
039526,5833,2051,120,0.55544531873645797
039526,5833,2051,124,0.55917394757744243
039526,5834,2051,156,0.54472206956112112
039526,5835,2051,96,0.52373600036871459
039526,5835,2051,101,0.54046587694483739
039526,5838,2051,84,0.53677225689232955
039526,5839,2051,413,0.54743413474044067
039526,5840,2051,361,0.55041676313961563
039526,5840,2051,365,0.55631556038132046
039526,5840,2051,368,0.54314756396775321
039526,5841,2051,59,0.54431295227089993
039526,5842,2051,79,0.55184475663402865
039526,5842,2051,88,0.56774193548387097
039526,5843,2051,115,0.5434820133950149
039526,5843,2051,128,0.54871863040725377
039526,5844,2051,105,0.54752160744625844
039526,5844,2051,114,0.5495804834824024
039526,5844,2051,120,0.57166565601761721
039526,5845,2051,170,0.55100667415948601
039526,5846,2051,248,0.54076891215122191
039526,5849,2051,126,0.5571325450645086
039526,5849,2051,132,0.56557888454861116
039526,5850,2051,393,0.54352648102648105
039526,5851,2051,158,0.55168543226448497
039526,5851,2051,186,0.54829378424778341
039526,5855,2051,159,0.53565822944667951
039526,5855,2051,182,0.54657527800868921
039526,5856,2051,97,0.53035311189938728
039526,5857,2051,184,0.54111988599251826
039526,5857,2051,185,0.54647636908313746
039526,5858,2051,57,0.54143325690070532
039526,5858,2051,72,0.54182333661753768
039526,5859,2051,160,0.54569995011883454
039526,5860,2051,149,0.545904555650089
039526,5860,2051,155,0.54896498219134604
039526,5861,2051,49,0.53071185911203089
039526,5865,2051,142,0.54819904226525085
039526,5865,2051,161,0.53519583675705285
039526,5866,2051,102,0.55006625697032219
039526,5869,2051,347,0.54823729349458539
039526,5871,2051,75,0.56600775193798447
039526,5871,2051,96,0.56057585825027689
039526,5872,2051,239,0.53776876509706861
039526,5873,2051,306,0.56294711097523698
039526,5874,2051,453,0.547446831480082
039526,5875,2051,115,0.58345245102160936
039526,5876,2051,241,0.58327897786133598
039526,5877,2051,217,0.55733643771827701
039526,5878,2051,258,0.55668152384156089
039526,5878,2051,277,0.54584577833445735
039526,5879,2051,74,0.55052157555720227
039526,5879,2051,94,0.56558967252570924
039526,5882,2051,352,0.56367124900522192
039526,5882,2051,357,0.56550170348389928
039526,5882,2051,376,0.54271148362568045
039526,5882,2051,378,0.54376671828804735
039526,5883,2051,189,0.53694424841213828
039526,5884,2051,169,0.55266863130320887
039526,5885,2051,400,0.537751476297055
039526,5887,2051,203,0.54596878735332244
039526,5888,2051,178,0.54166577416015138
039526,5890,2051,109,0.53980398899587345
039526,5890,2051,111,0.55010339479579529
039526,5891,2051,95,0.56279382135661515
039526,5893,2051,347,0.54952838520507297
039526,5894,2051,74,0.55876009120601466
039526,5894,2051,75,0.55148589816392202
039526,5894,2051,89,0.53553175955220245
039526,5894,2051,95,0.53217774976363064
039526,5895,2051,147,0.5427297860161493
039526,5895,2051,148,0.55558910866173439
039526,5896,2051,157,0.54514203281103724
039526,5898,2051,281,0.54475738438002586
039526,5898,2051,286,0.55594249954177688
039526,5898,2051,289,0.57693151887620719
039526,5898,2051,296,0.56358000061385471
039526,5900,2051,118,0.55557791371538956
039526,5900,2051,122,0.5473761722218613
039526,5901,2051,320,0.55679038604700626
039526,5902,2051,80,0.56706501754972427
039526,5902,2051,100,0.5571379897785349
039526,5902,2051,106,0.55731693249224379
039526,5902,2051,107,0.54525434116445348
039526,5904,2051,96,0.54390733619987497
039526,5906,2051,184,0.56532960321525672
039526,5907,2051,56,0.53484895671130483
039526,5907,2051,63,0.5646987464617873
039526,5908,2051,215,0.58784903735815375
039526,5908,2051,220,0.54957236370586271
039526,5910,2051,429,0.54914819405609527
039526,5910,2051,436,0.5546177007749642
039526,5911,2051,487,0.54362326869806099
039526,5911,2051,501,0.53782827035482017
039526,5912,2051,103,0.53613737327713862
039526,5912,2051,106,0.55549415689404635
039526,5912,2051,121,0.53835621648347465
039526,5912,2051,135,0.57096023097699544
039526,5914,2051,170,0.55568978615819564
039526,5914,2051,178,0.54373994060707731
039526,5914,2051,180,0.55870515485900096
039526,5916,2051,110,0.54134065480905924
039526,5918,2051,144,0.54534989397152378
039526,5918,2051,148,0.52901048398678729
039526,5918,2051,162,0.560421952196555
039526,5919,2051,81,0.54309233480384622
039526,5921,2051,155,0.56776286874014326
039526,5921,2051,163,0.52249240121580542
039526,5922,2051,211,0.54618086968781943
039526,5922,2051,223,0.55446428571428574
039526,5923,2051,455,0.55424778196208591
039526,5923,2051,462,0.54898041230205707
039526,5923,2051,472,0.55656722602030251
039526,5924,2051,153,0.55613942821671203
039526,5925,2051,258,0.53656867861077284
039526,5927,2051,104,0.54371970143894122
039526,5927,2051,115,0.53870223593868116
039526,5930,2051,359,0.55381403370752524
039526,5930,2051,363,0.55131770265358049
039526,5931,2051,116,0.5488120098719278
039526,5932,2051,472,0.54730344170919321
039526,5932,2051,487,0.54992929480495367
039526,5932,2051,492,0.54489106435050938
039526,5933,2051,439,0.54638769454369285
039526,5933,2051,442,0.53567518533579406
039526,5935,2051,302,0.54946371309572073
039526,5937,2051,148,0.53507942282041954
039526,5938,2051,218,0.53629009367016744
039526,5939,2051,88,0.5654277031522541
039526,5939,2051,105,0.52414877112762304
039526,5939,2051,111,0.54107618377154054
039526,5940,2051,216,0.54253194888178913
039526,5942,2051,120,0.56217734727010704
039526,5942,2051,132,0.55695631528964862
039526,5942,2051,137,0.55322740280963967
039526,5942,2051,141,0.54240236174573631
039526,5943,2051,143,0.55933448052873291
039526,5944,2051,235,0.53668321970653421
039526,5946,2051,333,0.57207269128199489
039526,5946,2051,341,0.54508606757138089
039526,5947,2051,367,0.54150044206758241
039526,5948,2051,275,0.55763904653802499
039526,5948,2051,286,0.55314935570109058
039526,5950,2051,311,0.55767383912580792
039526,5951,2051,357,0.53495126317883435
039526,5955,2051,275,0.54405532589761585
039526,5956,2051,131,0.56693546976402465
039526,5957,2051,261,0.54244932611694785
039526,5958,2051,464,0.5669509684467039
039526,5958,2051,488,0.5374879201116719
039526,5958,2051,496,0.54497519603136502
