run,event,channel,waveform_index_save,fprompt
039514,1,2060,512,0.59727011152593157
039514,2,2060,293,0.56890368582016804
039514,3,2060,175,0.56956413325354083
039514,8,2060,180,0.56226464628233419
039514,9,2060,207,0.57517210748389958
039514,9,2060,238,0.57448422878202121
039514,10,2060,384,0.58716853126325064
039514,10,2060,400,0.61605606452419182
039514,10,2060,416,0.58719725232427311
039514,12,2060,528,0.55745113244377886
039514,12,2060,534,0.58766513497989659
039514,12,2060,544,0.56605105613916185
039514,13,2060,360,0.58316752534661209
039514,13,2060,363,0.56788613250676423
039514,13,2060,382,0.57459281180111599
039514,14,2060,460,0.5535768878018954
039514,14,2060,468,0.53341825000884546
039514,14,2060,473,0.58592633794675475
039514,15,2060,355,0.58067226890756307
039514,15,2060,363,0.58339944175113856
039514,16,2060,265,0.58818675707691681
039514,16,2060,269,0.59270085543567042
039514,17,2060,293,0.60312523704771293
039514,18,2060,76,0.58694666868106959
039514,18,2060,94,0.5865148218272247
039514,19,2060,446,0.57821133385086076
039514,19,2060,458,0.59058152849172896
039514,20,2060,122,0.54158030135979418
039514,20,2060,154,0.59228798705676144
039514,20,2060,155,0.58397161640404882
039514,21,2060,286,0.60953544126294834
039514,22,2060,271,0.59954534577650154
039514,25,2060,157,0.55229299865814196
039514,25,2060,186,0.58961754738762895
039514,26,2060,204,0.58937031942534002
039514,26,2060,210,0.59705800941120646
039514,26,2060,227,0.56240236487298423
039514,27,2060,275,0.57884074282498588
039514,27,2060,293,0.58139479397800209
039514,28,2060,178,0.59218891916439598
039514,29,2060,249,0.5794411290373187
039514,30,2060,249,0.57650729238254195
039514,30,2060,256,0.58449292567580713
039514,30,2060,266,0.58609805468830412
039514,31,2060,295,0.55857864581863337
039514,31,2060,299,0.55993399009851474
039514,32,2060,202,0.5829227696404794
039514,33,2060,272,0.58078981885213943
039514,34,2060,216,0.58350371515483967
039514,35,2060,258,0.60330451970323351
039514,35,2060,275,0.57666428988137686
039514,35,2060,277,0.60547642436149307
039514,36,2060,180,0.59328223236585997
039514,36,2060,201,0.5795972213633459
039514,38,2060,229,0.5886431523068113
039514,38,2060,231,0.64500980258058638
039514,39,2060,195,0.62220997519977961
039514,39,2060,196,0.576468287863663
039514,39,2060,226,0.55667649059170254
039514,42,2060,439,0.60502320241113716
039514,43,2060,252,0.60619931990583309
039514,43,2060,272,0.59295952064821433
039514,43,2060,279,0.58823529411764708
039514,44,2060,294,0.58395580942815895
039514,44,2060,297,0.61986559580396661
039514,44,2060,305,0.57997735726993371
039514,44,2060,319,0.57848220188593902
039514,45,2060,519,0.58198707129160787
039514,48,2060,472,0.56851175001930454
039514,49,2060,142,0.55996919460094852
039514,49,2060,161,0.58301349510957035
039514,50,2060,258,0.5918489841241259
039514,50,2060,261,0.59429411200920101
039514,50,2060,262,0.61022322018227448
039514,50,2060,267,0.57497639041323156
039514,51,2060,314,0.59263662463480338
039514,51,2060,332,0.57235979735714038
039514,51,2060,336,0.59792213171337838
039514,53,2060,269,0.58699342244854658
039514,53,2060,271,0.5874150347638083
039514,53,2060,273,0.58555085488271963
039514,54,2060,207,0.57538990703694293
039514,55,2060,428,0.59878221467006509
039514,55,2060,441,0.58901057265543244
039514,55,2060,452,0.57633539876530526
039514,56,2060,508,0.58365128916637765
039514,59,2060,368,0.58290478279947344
039514,59,2060,382,0.57722278689318041
039514,60,2060,318,0.58889631989299351
039514,60,2060,327,0.5961297182349814
039514,60,2060,328,0.58206607236497121
039514,61,2060,241,0.59544550705425625
039514,61,2060,247,0.58758972225111827
039514,61,2060,269,0.58504219613929576
039514,62,2060,167,0.59820133449376267
039514,63,2060,105,0.59757330637007078
039514,63,2060,106,0.58224224056349505
039514,63,2060,132,0.57654633670013122
039514,66,2060,424,0.55290982549643253
039514,67,2060,280,0.58670513135281122
039514,68,2060,269,0.59251203423070065
039514,68,2060,286,0.55446272991287515
039514,68,2060,296,0.57273363605362815
039514,69,2060,186,0.59992412746585733
039514,69,2060,190,0.6025142398313803
039514,69,2060,192,0.58452017071531992
039514,70,2060,277,0.58169636059083296
039514,70,2060,294,0.57982987076721737
039514,71,2060,186,0.57789513638029422
039514,73,2060,130,0.60465736260513725
039514,73,2060,131,0.56995554127162673
039514,73,2060,134,0.56789850261857344
039514,75,2060,228,0.58620823923370458
039514,75,2060,231,0.58758197911730081
039514,75,2060,233,0.57054307327537546
039514,75,2060,240,0.59101903740179784
039514,76,2060,237,0.58085732134459211
039514,76,2060,248,0.57939332316556513
039514,77,2060,514,0.57567726737338043
039514,78,2060,140,0.58669165885660735
039514,79,2060,311,0.57261388504759481
039514,79,2060,323,0.57573774393146115
039514,79,2060,332,0.57977043227378999
039514,80,2060,301,0.57930387423053165
039514,81,2060,353,0.58635106885157462
039514,82,2060,220,0.58703500054697355
039514,82,2060,232,0.56476812947401178
039514,82,2060,239,0.57436286781302581
039514,82,2060,243,0.58555951388825289
039514,82,2060,244,0.58891919884465582
039514,83,2060,282,0.57566320915966185
039514,83,2060,299,0.59792055623511231
039514,83,2060,307,0.56601471379867219
039514,84,2060,321,0.60045732998334411
039514,85,2060,364,0.57765739475971689
039514,86,2060,127,0.58874057940776847
039514,88,2060,108,0.56988985873714415
039514,90,2060,334,0.60520386977072937
039514,90,2060,347,0.59005893547278321
039514,90,2060,355,0.59968020684493439
039514,91,2060,135,0.57969896856108072
039514,91,2060,163,0.58164745601772483
039514,91,2060,166,0.57410648240027429
039514,94,2060,109,0.593154264661783
039514,95,2060,371,0.57557288881264945
039514,95,2060,375,0.57388374529290187
039514,96,2060,350,0.57785156091833012
039514,97,2060,401,0.58836538841277986
039514,97,2060,421,0.57076191847904367
039514,98,2060,132,0.55390447527961451
039514,98,2060,148,0.59591932918327672
039514,98,2060,149,0.57614093166233149
039514,98,2060,159,0.58396768838320445
039514,99,2060,321,0.59248866824951441
039514,99,2060,335,0.58495149362729271
039514,99,2060,338,0.59761006688009133
039514,100,2060,203,0.58117052295479998
039514,100,2060,210,0.58067858445822695
039514,101,2060,254,0.58214295321873399
039514,101,2060,279,0.57804273337604817
039514,103,2060,154,0.58779727545601479
039514,104,2060,254,0.56744052631091946
039514,105,2060,307,0.5839558563929903
039514,105,2060,321,0.58638789476988762
039514,106,2060,186,0.57886481958974523
039514,107,2060,343,0.585519591748069
039514,107,2060,344,0.57920022476119126
039514,108,2060,446,0.58664464056055698
039514,108,2060,458,0.57558095669231935
039514,110,2060,162,0.58598692254531926
039514,111,2060,213,0.5695594125500667
039514,112,2060,249,0.58765643662044975
039514,112,2060,253,0.57277080461438001
039514,112,2060,257,0.57200288150953915
039514,113,2060,133,0.58377271961757204
039514,113,2060,154,0.57312079555425566
039514,113,2060,155,0.59991105333378947
039514,115,2060,369,0.58052570104035561
039514,115,2060,395,0.55973576596413965
039514,115,2060,404,0.57921254959716684
039514,116,2060,234,0.5797977207520556
039514,118,2060,286,0.59330015518809864
039514,118,2060,294,0.58759383019909084
039514,119,2060,271,0.59756881538191808
039514,119,2060,280,0.60686306512159294
039514,120,2060,241,0.5817275852281687
039514,120,2060,249,0.56222710244154506
039514,121,2060,236,0.55903940547731545
039514,121,2060,241,0.57144226468144932
039514,122,2060,249,0.60129764104326899
039514,122,2060,251,0.57244870158734706
039514,123,2060,403,0.60731989424983479
039514,124,2060,216,0.58100796195120485
039514,126,2060,198,0.59890636225752369
039514,127,2060,167,0.58726778361047371
039514,128,2060,209,0.61792468344022367
039514,128,2060,213,0.58409112848730571
039514,130,2060,288,0.56376772871996972
039514,131,2060,114,0.56886913403344708
039514,131,2060,125,0.55980411201194136
039514,132,2060,207,0.57808434010839171
039514,133,2060,376,0.58395746827583528
039514,133,2060,409,0.59289650060388044
039514,133,2060,410,0.60205667276051189
039514,136,2060,247,0.57607084416209453
039514,137,2060,382,0.58214494789837257
039514,137,2060,383,0.5974506913084362
039514,137,2060,384,0.61268512556342558
039514,137,2060,396,0.57980170540654041
039514,137,2060,397,0.58438450650254548
039514,137,2060,405,0.58659442195771472
039514,138,2060,169,0.59163065526060499
039514,138,2060,173,0.55940533535467152
039514,139,2060,306,0.59323724630081975
039514,139,2060,308,0.58088394324768577
039514,139,2060,331,0.58652288375860673
039514,140,2060,282,0.58704148420210012
039514,140,2060,288,0.58220116451649728
039514,140,2060,307,0.60269638924114
039514,141,2060,236,0.58513040348178935
039514,141,2060,238,0.56612552470540634
039514,143,2060,270,0.57372743083570898
039514,144,2060,184,0.60656652560107893
039514,144,2060,198,0.57326942720201146
039514,144,2060,208,0.59107192063929459
039514,145,2060,457,0.58530797767454301
039514,145,2060,469,0.60032648390299725
039514,146,2060,557,0.59391461472497853
039514,147,2060,271,0.58127680077089861
039514,149,2060,265,0.55339278568570283
039514,149,2060,268,0.59492971367388525
039514,149,2060,279,0.58464086471408649
039514,149,2060,280,0.58775693334455004
039514,152,2060,162,0.5816933820028567
039514,152,2060,172,0.60775297987479215
039514,153,2060,201,0.58064707628376377
039514,153,2060,204,0.5538069378255569
039514,157,2060,274,0.56811437820339894
039514,157,2060,297,0.54032492022048162
039514,158,2060,218,0.59717641743844585
039514,159,2060,231,0.58872726401303654
039514,159,2060,232,0.59132198416294479
039514,159,2060,254,0.56894576200871205
039514,160,2060,178,0.5782032838930502
039514,161,2060,232,0.57071286922033193
039514,162,2060,552,0.57957630782533509
039514,162,2060,560,0.57865850050298839
039514,162,2060,572,0.59314497973885638
039514,162,2060,584,0.59943096435512633
039514,163,2060,132,0.58227229248591772
039514,164,2060,423,0.57865444673820166
039514,165,2060,216,0.5714509134854624
039514,165,2060,224,0.57594499876032779
039514,166,2060,342,0.57671195279264442
039514,166,2060,349,0.59428240293606338
039514,166,2060,350,0.59297889208205334
039514,166,2060,351,0.58036531172395767
039514,167,2060,295,0.57831393377782803
039514,168,2060,416,0.56420046382713951
039514,168,2060,431,0.57166507801133803
039514,168,2060,450,0.57399804089118611
039514,169,2060,342,0.57283590258141015
039514,170,2060,233,0.57590554940642835
039514,172,2060,171,0.59453909964500495
039514,173,2060,314,0.60553359683794461
039514,173,2060,331,0.62056175245262735
039514,174,2060,154,0.56692434189229435
039514,174,2060,187,0.58025596831566983
039514,175,2060,172,0.57974170171035355
039514,175,2060,184,0.57289470455027158
039514,175,2060,191,0.57942617830528154
039514,176,2060,368,0.5750469476341471
039514,178,2060,288,0.59177065767284986
039514,178,2060,299,0.58368028047937703
039514,179,2060,369,0.58559263694916208
039514,179,2060,386,0.5811428102519216
039514,179,2060,391,0.59113730111962282
039514,181,2060,113,0.57003279452001632
039514,182,2060,202,0.57528288585391496
039514,184,2060,313,0.57889846993583605
039514,185,2060,353,0.59124431563818003
039514,186,2060,310,0.59292035398230092
039514,186,2060,316,0.58909797053795343
039514,186,2060,318,0.57607247176643206
039514,186,2060,320,0.57156731413261885
039514,187,2060,293,0.61593634427883004
039514,188,2060,242,0.58284635157110631
039514,188,2060,249,0.58736764039388567
039514,191,2060,410,0.58273687409771291
039514,191,2060,412,0.60047321689920963
039514,191,2060,438,0.58595960444855311
039514,191,2060,449,0.5765843957766299
039514,193,2060,251,0.58182803704139074
039514,194,2060,426,0.56096420855810902
039514,196,2060,407,0.61164590411476027
039514,197,2060,253,0.57261810218275455
039514,199,2060,425,0.57522761619647267
039514,199,2060,431,0.56538817616717363
039514,199,2060,452,0.58213051682309402
039514,200,2060,309,0.58601100535191775
039514,201,2060,376,0.5934504792332268
039514,201,2060,380,0.56271267102914935
039514,201,2060,403,0.57896771873033004
039514,202,2060,437,0.56756673209786856
039514,203,2060,196,0.59094811725745122
039514,203,2060,203,0.5833438046724726
039514,204,2060,258,0.57755649176560708
039514,204,2060,278,0.58841518118344582
039514,206,2060,177,0.5653847598302475
039514,207,2060,106,0.58928932300437853
039514,207,2060,130,0.59166108057380351
039514,208,2060,441,0.59747669186882513
039514,209,2060,92,0.59706876084375859
039514,209,2060,95,0.58568664536185566
039514,209,2060,97,0.55137595696254915
039514,210,2060,205,0.57960890293960177
039514,211,2060,444,0.58933168480780695
039514,211,2060,447,0.55728583955731603
039514,211,2060,467,0.60549959866393932
039514,212,2060,367,0.58372393342261331
039514,212,2060,369,0.58517924262007692
039514,214,2060,296,0.58786354281437747
039514,216,2060,284,0.57244490716640639
039514,216,2060,287,0.58706709698156967
039514,217,2060,346,0.57749216549644966
039514,217,2060,363,0.5870189546237794
039514,218,2060,210,0.59238987816307409
039514,220,2060,104,0.56462818650112268
039514,221,2060,73,0.57288256736473442
039514,222,2060,273,0.58597849462365592
039514,223,2060,338,0.58871202295326808
039514,223,2060,347,0.56748269674442453
039514,225,2060,407,0.57031205913887473
039514,225,2060,424,0.59379191695340294
039514,227,2060,130,0.58267337104546402
039514,228,2060,380,0.56990142273779487
039514,228,2060,381,0.57700704966329963
039514,228,2060,385,0.5965444130337747
039514,229,2060,156,0.58071830076679631
039514,231,2060,356,0.57908450978104464
039514,231,2060,359,0.592024416150154
039514,232,2060,297,0.59613252009980588
039514,234,2060,265,0.59067440156903517
039514,234,2060,275,0.57602427091589914
039514,234,2060,288,0.60275755676613796
039514,236,2060,231,0.57334570416727304
039514,239,2060,264,0.5859993421773928
039514,240,2060,362,0.58790283790283793
039514,240,2060,386,0.57018602406059704
039514,243,2060,338,0.59153494448073152
039514,244,2060,124,0.58647432799196941
039514,245,2060,131,0.61309577643122004
039514,245,2060,133,0.58045906374348966
039514,245,2060,144,0.57816725518904488
039514,245,2060,153,0.58352742443244354
039514,246,2060,436,0.54870810055865926
039514,246,2060,440,0.57913001175659784
039514,246,2060,451,0.59058171745152355
039514,246,2060,457,0.60535612152205365
039514,247,2060,66,0.59343062867760921
039514,247,2060,79,0.58582042298113046
039514,248,2060,203,0.57894214182993797
039514,249,2060,268,0.57622472588270801
039514,249,2060,278,0.59101548312460483
039514,250,2060,213,0.58734118013874814
039514,250,2060,220,0.60566182096403975
039514,251,2060,269,0.57963697910587142
039514,252,2060,443,0.58042182485098581
039514,253,2060,144,0.57442709627220012
039514,254,2060,177,0.58105700438495267
039514,255,2060,370,0.59207326701405338
039514,255,2060,373,0.61367176892623876
039514,255,2060,384,0.58136683891322749
039514,256,2060,175,0.58117873243171569
039514,258,2060,150,0.5637936945137304
039514,258,2060,165,0.58106593537617746
039514,258,2060,177,0.57435634686819526
039514,260,2060,211,0.58045147244184714
039514,261,2060,286,0.58624546553808943
039514,261,2060,291,0.59504285169035753
039514,262,2060,375,0.58917781759290644
039514,262,2060,382,0.59199103892467098
039514,263,2060,127,0.58833057242775633
039514,265,2060,171,0.59935762800586789
039514,265,2060,192,0.60141459389366969
039514,266,2060,292,0.58440039759106588
039514,266,2060,300,0.60017987817341889
039514,267,2060,200,0.57690265427244436
039514,267,2060,208,0.56897683161489099
039514,267,2060,214,0.6044795276601207
039514,268,2060,306,0.57851322905860669
039514,270,2060,254,0.56728112686262966
039514,270,2060,261,0.59450884469495546
039514,271,2060,224,0.56788756747638325
039514,271,2060,242,0.57075213986523399
039514,272,2060,478,0.57291683675968719
039514,273,2060,255,0.57251990804831276
039514,274,2060,301,0.56937007711231935
039514,277,2060,375,0.58806249165442648
039514,277,2060,379,0.5970318341452362
039514,277,2060,381,0.58932124550330089
039514,278,2060,209,0.57318112590646786
039514,278,2060,223,0.56768950818854846
039514,278,2060,226,0.61087703147682615
039514,279,2060,235,0.566288781898448
039514,280,2060,169,0.58520580632332475
039514,281,2060,211,0.59175138334834643
039514,281,2060,214,0.5871631869373003
039514,281,2060,223,0.58243266927615822
039514,281,2060,229,0.56795350947309298
039514,281,2060,230,0.57709700239974482
039514,281,2060,236,0.60851705926733168
039514,282,2060,461,0.58318256117190526
039514,282,2060,468,0.59485667434013434
039514,285,2060,342,0.56972470400232444
039514,285,2060,352,0.59269073644694714
039514,286,2060,211,0.5934749899078865
039514,287,2060,107,0.5641407679725331
039514,288,2060,352,0.56655911937749104
039514,288,2060,357,0.56758514461749099
039514,288,2060,364,0.58171294849007227
039514,289,2060,156,0.594116922210291
039514,289,2060,162,0.59259940094507946
039514,290,2060,281,0.59296530790227775
039514,290,2060,304,0.59357952161141414
039514,291,2060,289,0.57819920898906152
039514,293,2060,118,0.59453630481667863
039514,293,2060,120,0.55953835709436528
039514,293,2060,144,0.58074862540532923
039514,293,2060,147,0.53640140461941743
039514,294,2060,392,0.5901151941880427
039514,294,2060,399,0.58606052049508217
039514,295,2060,269,0.58147340083927901
039514,295,2060,299,0.55307175586102586
039514,296,2060,191,0.58208616398735458
039514,297,2060,543,0.57411741916737957
039514,298,2060,117,0.59549360551902208
039514,298,2060,131,0.57650724706104528
039514,299,2060,557,0.60654505362333366
039514,299,2060,560,0.57496328532874053
039514,300,2060,248,0.55869475178983496
039514,300,2060,260,0.5820644352629869
039514,300,2060,272,0.58234747444302115
039514,301,2060,459,0.5850205475487642
039514,301,2060,477,0.5797989091148058
039514,301,2060,478,0.58093029600327373
039514,302,2060,408,0.57497697313784413
039514,302,2060,421,0.57488203266787663
039514,303,2060,280,0.57601808534019905
039514,304,2060,156,0.59073200418198935
039514,304,2060,167,0.58397718670877818
039514,305,2060,237,0.57701794013033203
039514,305,2060,252,0.56626742587865697
039514,306,2060,331,0.5829881092086473
039514,307,2060,129,0.59040081755849461
039514,308,2060,165,0.55774857786743726
039514,308,2060,176,0.59783313968402474
039514,309,2060,316,0.58950197418627026
039514,309,2060,344,0.58161677572260295
039514,309,2060,349,0.57024377140554694
039514,310,2060,233,0.59017751938988228
039514,310,2060,234,0.55370262698874151
039514,311,2060,391,0.59619086212136563
039514,311,2060,393,0.57830122242193005
039514,311,2060,399,0.59099442695167559
039514,311,2060,408,0.60748617909081304
039514,312,2060,207,0.58574543267423507
039514,312,2060,223,0.56324961302241972
039514,312,2060,227,0.56356542828020106
039514,313,2060,353,0.60825850695957928
039514,314,2060,359,0.55948165723672205
039514,314,2060,361,0.59723165120313793
039514,314,2060,362,0.56636159951391785
039514,314,2060,368,0.59949046824211538
039514,315,2060,211,0.60129960547690875
039514,316,2060,287,0.58568903106322079
039514,316,2060,299,0.57190165579528351
039514,317,2060,101,0.59651194782013517
039514,317,2060,105,0.59774164791781637
039514,317,2060,119,0.58537136453193062
039514,317,2060,122,0.58066345223556282
039514,318,2060,118,0.55943304007820138
039514,318,2060,143,0.57431388522149496
039514,319,2060,376,0.57092599831300017
039514,319,2060,377,0.63022046627779127
039514,319,2060,389,0.57692235786797286
039514,319,2060,404,0.58619120681445425
039514,320,2060,220,0.56386600768808348
039514,320,2060,234,0.59177937818373438
039514,321,2060,328,0.59479553903345728
039514,322,2060,230,0.58084461296642553
039514,322,2060,240,0.59112506599238657
039514,324,2060,263,0.58152448258455325
039514,324,2060,290,0.57245676537191159
039514,325,2060,292,0.59718536030510516
039514,325,2060,296,0.57857481258534682
039514,326,2060,132,0.56477594621343985
039514,326,2060,151,0.58634424196565571
039514,327,2060,184,0.58143096096308333
039514,327,2060,197,0.57775310834813498
039514,327,2060,221,0.53412751677852344
039514,328,2060,428,0.55346976907132217
039514,328,2060,439,0.5707157863145258
039514,329,2060,176,0.58254115864159262
039514,330,2060,256,0.58542510121457492
039514,330,2060,262,0.56489983305509184
039514,331,2060,269,0.57549907832294001
039514,331,2060,286,0.58200357818753423
039514,332,2060,314,0.59107223566320155
039514,332,2060,322,0.58305084745762714
039514,332,2060,325,0.60245450172994275
039514,333,2060,383,0.5736191186090025
039514,335,2060,362,0.58963776722090266
039514,336,2060,143,0.58694041171175204
039514,336,2060,164,0.58080844953882849
039514,337,2060,362,0.60085351431950229
039514,339,2060,322,0.58566629339305709
039514,339,2060,342,0.58002735978112174
039514,340,2060,368,0.58104466453785208
039514,342,2060,455,0.58046782511668416
039514,342,2060,466,0.58312083262499759
039514,343,2060,176,0.58566275254961919
039514,343,2060,177,0.57126316314817582
039514,343,2060,195,0.60798686213250019
039514,344,2060,463,0.58176452908549414
039514,345,2060,210,0.56706668692085671
039514,345,2060,220,0.57913269345630825
039514,346,2060,304,0.56485793345481539
039514,346,2060,312,0.57634310581519643
039514,348,2060,152,0.57528957528957525
039514,348,2060,176,0.58236128117548491
039514,349,2060,198,0.57762289848904025
039514,349,2060,212,0.596942569893954
039514,350,2060,170,0.57937205946393655
039514,350,2060,179,0.57315875613747957
039514,352,2060,389,0.57239594063219368
039514,352,2060,406,0.59770074573572629
039514,353,2060,295,0.60007425742574261
039514,356,2060,412,0.58728813559322035
039514,356,2060,434,0.58678963642179338
039514,357,2060,119,0.62173160578137421
039514,358,2060,499,0.58575860622253628
039514,358,2060,510,0.58669692429717102
039514,358,2060,520,0.5839148094147053
039514,359,2060,253,0.57965389441736948
039514,360,2060,366,0.564604014858341
039514,360,2060,379,0.57609244758777467
039514,361,2060,329,0.5929340731070496
039514,363,2060,402,0.58072318507691234
039514,364,2060,171,0.56847029061284804
039514,365,2060,454,0.59382724049507973
039514,367,2060,361,0.58756916440026263
039514,367,2060,399,0.56368612667510132
039514,368,2060,288,0.58895329223786308
039514,368,2060,293,0.57915636472615573
039514,369,2060,390,0.57745095661873469
039514,371,2060,110,0.57043689195117542
039514,371,2060,114,0.58356761537732571
039514,372,2060,259,0.59914227326367897
039514,372,2060,268,0.56834395147445926
039514,373,2060,360,0.58696668681500408
039514,373,2060,362,0.57265512987229505
039514,373,2060,369,0.52225777283160602
039514,374,2060,252,0.59613907700900648
039514,374,2060,254,0.57552518894309845
039514,374,2060,275,0.57787909490037148
039514,374,2060,278,0.5929985514244327
039514,375,2060,256,0.60344123834343311
039514,376,2060,422,0.56719881566838715
039514,378,2060,259,0.58987784508893271
039514,378,2060,270,0.58792679745740606
039514,379,2060,119,0.58855513560108741
039514,379,2060,133,0.59592529711375208
039514,380,2060,117,0.5858559755857452
039514,381,2060,345,0.5778431910594457
039514,382,2060,114,0.58570332358160282
039514,382,2060,133,0.57315710227713701
039514,382,2060,141,0.55488661707640941
039514,383,2060,310,0.57563037822693619
039514,383,2060,314,0.57538518351353019
039514,383,2060,323,0.56540046586633219
039514,384,2060,321,0.5957242890114619
039514,386,2060,167,0.57470608378039034
039514,387,2060,225,0.59162955812287854
039514,389,2060,360,0.58909861796241181
039514,390,2060,326,0.58808471491710501
039514,392,2060,541,0.58564286754356165
039514,392,2060,548,0.59548717446162136
039514,393,2060,124,0.58905852417302795
039514,393,2060,143,0.59357291704749027
039514,393,2060,158,0.60189771438801698
039514,394,2060,448,0.59048422996865113
039514,395,2060,289,0.57687767578709981
039514,396,2060,115,0.5723249345549738
039514,396,2060,116,0.57697706085681366
039514,396,2060,135,0.59264832949308754
039514,396,2060,137,0.59087343096234313
039514,398,2060,342,0.58019056085524445
039514,398,2060,350,0.58502840047059079
039514,398,2060,353,0.58649707803368856
039514,398,2060,363,0.58885326877102484
039514,399,2060,233,0.57974530660677204
039514,399,2060,239,0.58012651775343249
039514,399,2060,258,0.56851118210862617
039514,399,2060,265,0.5673729218421556
039514,400,2060,211,0.58260640602040215
039514,400,2060,225,0.55015965526862387
039514,401,2060,235,0.60453437982405567
039514,401,2060,248,0.56342598261295462
039514,402,2060,230,0.56998671488670749
039514,403,2060,461,0.56849901748375065
039514,403,2060,483,0.57803120684634246
039514,404,2060,378,0.55044307293292671
039514,405,2060,252,0.57924703695096447
039514,405,2060,259,0.62160084910148961
039514,406,2060,263,0.57723804310181104
039514,406,2060,270,0.55350385954290904
039514,406,2060,275,0.58608823041627511
039514,407,2060,167,0.58248920990046682
039514,407,2060,173,0.58617522806587885
039514,407,2060,177,0.58448126705263859
039514,407,2060,185,0.58813559322033904
039514,408,2060,357,0.56280862196975945
039514,411,2060,220,0.57357969489742244
039514,412,2060,100,0.58429510981278698
039514,412,2060,103,0.56712875323994527
039514,412,2060,115,0.59117668174312588
039514,413,2060,256,0.59165069222577205
039514,413,2060,264,0.58372985896407514
039514,413,2060,266,0.60139695495212686
039514,414,2060,365,0.56972981342416973
039514,414,2060,385,0.56235324529846409
039514,415,2060,239,0.57683628388901254
039514,417,2060,235,0.5738614853876628
039514,417,2060,240,0.5678590408473676
039514,417,2060,251,0.57482032854209442
039514,418,2060,197,0.60692197419619087
039514,419,2060,100,0.58450704225352113
039514,420,2060,185,0.58573102688331902
039514,420,2060,203,0.60059510185397114
039514,421,2060,393,0.59196868237202038
039514,423,2060,224,0.58492918239429303
039514,423,2060,226,0.59705138270958735
039514,424,2060,156,0.55275920828417879
039514,424,2060,163,0.58401463878103999
039514,427,2060,585,0.58100147275405012
039514,430,2060,276,0.59393908051921185
039514,430,2060,282,0.57239126556045072
039514,430,2060,293,0.56392163373734017
039514,431,2060,233,0.61033604469640945
039514,431,2060,265,0.59013717659315856
039514,432,2060,476,0.57686996596055451
039514,432,2060,508,0.61126961483594866
039514,432,2060,510,0.59229141874917357
039514,435,2060,336,0.60034562211981568
039514,436,2060,181,0.59770707711837512
039514,436,2060,194,0.57355416156670747
039514,437,2060,249,0.57275933000293855
039514,437,2060,255,0.58016920055059773
039514,439,2060,128,0.58838718613348107
039514,443,2060,386,0.56500925354719311
039514,444,2060,179,0.57930537541432481
039514,444,2060,194,0.57868213368831412
039514,444,2060,199,0.59754690733892035
039514,446,2060,194,0.56875876522588675
039514,446,2060,204,0.57560453014998469
039514,446,2060,206,0.58285163776493254
039514,447,2060,268,0.57457853413574589
039514,447,2060,281,0.58938547486033521
039514,447,2060,290,0.60951576576576572
039514,447,2060,293,0.60051796697960502
039514,448,2060,261,0.56996901341307504
039514,448,2060,273,0.59669735808050917
039514,449,2060,270,0.58210278431915774
039514,450,2060,388,0.58926355972641964
039514,450,2060,410,0.58598647438470808
039514,452,2060,67,0.59222899559623854
039514,455,2060,365,0.58650498040595467
039514,455,2060,366,0.57340130528556621
039514,456,2060,289,0.58562232164769401
039514,456,2060,308,0.60198351222750912
039514,457,2060,367,0.59024801123069726
039514,457,2060,373,0.57745650935944304
039514,457,2060,376,0.57786558475921679
039514,458,2060,177,0.5824627216533621
039514,458,2060,186,0.5599026929870774
039514,460,2060,303,0.57960788266720431
039514,460,2060,323,0.56356824526176597
039514,460,2060,328,0.59507680091317405
039514,461,2060,225,0.58748926072904306
039514,461,2060,229,0.57931109342209997
039514,461,2060,246,0.57247768909691055
039514,462,2060,159,0.58795749704840616
039514,463,2060,117,0.58248249092903548
039514,463,2060,118,0.58775020016012813
039514,463,2060,147,0.58243442020102965
039514,464,2060,478,0.57491840065279476
039514,464,2060,493,0.56872200532304584
039514,464,2060,502,0.57793088926841818
039514,464,2060,504,0.57013218732613247
039514,466,2060,101,0.58949864218463532
039514,467,2060,219,0.6013205523528623
039514,467,2060,235,0.57711732534966464
039514,469,2060,310,0.59794894827457146
039514,469,2060,314,0.58268489839087412
039514,469,2060,325,0.56375668108933574
039514,470,2060,226,0.59563301282051284
039514,472,2060,196,0.59957439537737456
039514,473,2060,214,0.58101234304414329
039514,473,2060,230,0.58496869437996435
039514,474,2060,340,0.59252330090482341
039514,474,2060,348,0.58940007361059987
039514,475,2060,188,0.55944944799535157
039514,475,2060,200,0.58998350779172692
039514,476,2060,305,0.58976420150053588
039514,476,2060,321,0.58802131933131951
039514,477,2060,366,0.5867568974492452
039514,477,2060,369,0.56219698479112701
039514,478,2060,146,0.58073501288766938
039514,478,2060,152,0.58072367353561583
039514,480,2060,152,0.58588426034884022
039514,481,2060,224,0.59566548257879226
039514,482,2060,377,0.59236765183501139
039514,486,2060,255,0.59075765090293786
039514,487,2060,524,0.56798101574252602
039514,488,2060,405,0.60001190121987502
039514,492,2060,208,0.57745860307752361
039514,492,2060,218,0.58160971476983903
039514,493,2060,223,0.61778146188016747
039514,494,2060,63,0.58420562488359096
039514,494,2060,77,0.56144977136925966
039514,495,2060,142,0.57522837184309517
039514,495,2060,159,0.58899634919618271
039514,495,2060,160,0.58372774397115168
039514,495,2060,162,0.58230598361793695
039514,498,2060,216,0.59537340910910108
039514,499,2060,268,0.58612176159449314
039514,500,2060,164,0.56888687509439662
039514,500,2060,170,0.57599732094269329
039514,501,2060,524,0.57316598429424792
039514,501,2060,529,0.57532880474056947
039514,502,2060,410,0.57206331574562619
039514,502,2060,412,0.5853300337665942
039514,502,2060,423,0.60617915092242725
039514,502,2060,429,0.58424748529132664
039514,502,2060,449,0.57732817687802329
039514,503,2060,288,0.56420047732696899
039514,503,2060,295,0.60791274373617332
039514,504,2060,482,0.58141575310250004
039514,504,2060,494,0.56036676574003919
039514,504,2060,495,0.57022228106565453
039514,506,2060,113,0.57624737690986971
039514,506,2060,134,0.54421071885860617
039514,507,2060,446,0.60836311077207206
039514,507,2060,449,0.57088675864228677
039514,508,2060,366,0.58369136498098328
039514,508,2060,378,0.59166300527240778
039514,509,2060,255,0.55904724053339183
039514,509,2060,258,0.5802691779400575
039514,509,2060,264,0.57054490701176086
039514,509,2060,282,0.57344014897971729
039514,510,2060,548,0.57526513855627781
039514,510,2060,550,0.58831876913884529
039514,510,2060,556,0.5909763059252382
039514,510,2060,578,0.6096808619504992
039514,511,2060,155,0.57667109440079245
039514,513,2060,245,0.56670472415501605
039514,513,2060,253,0.58141801122046965
039514,514,2060,446,0.59060706735125335
039514,515,2060,236,0.58061202626570707
039514,515,2060,237,0.60495897903372831
039514,515,2060,243,0.60307510348905968
039514,516,2060,369,0.58972317889401515
039514,518,2060,365,0.57288312754897297
039514,518,2060,382,0.5921296822330796
039514,518,2060,387,0.61255585898709042
039514,518,2060,401,0.57505982587942439
039514,520,2060,257,0.58391932461566365
039514,520,2060,272,0.56635345196406217
039514,520,2060,280,0.58162522452652798
039514,521,2060,417,0.5545578863173104
039514,522,2060,268,0.56330572196059481
039514,523,2060,194,0.58433028820213218
039514,523,2060,199,0.59442700536050608
039514,523,2060,203,0.59004577046957107
039514,526,2060,198,0.60859774405583056
039514,526,2060,204,0.57143619047619043
039514,526,2060,215,0.56516186960642489
039514,527,2060,501,0.60208478550155253
039514,527,2060,533,0.57164242578889168
039514,527,2060,535,0.58625150814763127
039514,528,2060,505,0.57477396622789523
039514,528,2060,507,0.57238277745162114
039514,529,2060,550,0.5840561255135629
039514,530,2060,382,0.57363128877033021
039514,532,2060,237,0.5857781343112537
039514,532,2060,267,0.59146687473400483
039514,532,2060,268,0.58308576719780858
039514,535,2060,333,0.58985403206508735
039514,536,2060,565,0.57702383802455626
039514,536,2060,579,0.57662604078677449
039514,538,2060,343,0.57486189418531808
039514,539,2060,331,0.57608615836494925
039514,539,2060,341,0.58063036665222822
039514,540,2060,473,0.58279389407499638
039514,540,2060,483,0.55001736451900285
039514,540,2060,488,0.56928609504411687
039514,541,2060,540,0.58165641476274166
039514,541,2060,571,0.58758285578472025
039514,541,2060,574,0.57493018004634855
039514,542,2060,354,0.58293275249111209
039514,542,2060,361,0.60210302802977811
039514,542,2060,365,0.56951421689761961
039514,542,2060,377,0.60364432009756452
039514,543,2060,526,0.57048905644570114
039514,543,2060,530,0.58381727466055944
039514,543,2060,534,0.6254827635531397
039514,544,2060,377,0.57832969432314407
039514,544,2060,396,0.5741972297889395
039514,545,2060,389,0.58375516906168623
039514,545,2060,395,0.58829476705314487
039514,547,2060,242,0.595233655316451
039514,547,2060,260,0.60859500207752126
039514,548,2060,138,0.57882254672374445
039514,548,2060,158,0.57664233576642332
039514,549,2060,247,0.59557429687802232
039514,550,2060,418,0.59072293447293445
039514,551,2060,362,0.6027135866638571
039514,551,2060,373,0.58822781052542306
039514,554,2060,162,0.60694567370506169
039514,555,2060,216,0.56710995338634496
039514,555,2060,220,0.58123832782646168
039514,556,2060,242,0.57050697502958814
039514,556,2060,261,0.58048461034708576
039514,557,2060,188,0.57549224466090509
039514,558,2060,240,0.59797101449275358
039514,558,2060,244,0.58816975831801432
039514,560,2060,318,0.56799192892754646
039514,560,2060,320,0.58804233760276881
039514,561,2060,159,0.58293688801640131
039514,562,2060,344,0.59331337945081286
039514,563,2060,316,0.56467680783458951
039514,563,2060,339,0.59464926590538336
039514,563,2060,340,0.56904372654217228
039514,564,2060,471,0.59005470788998193
039514,564,2060,502,0.56440581115478516
039514,565,2060,294,0.59159556654174306
039514,566,2060,172,0.6050214156898106
039514,566,2060,177,0.5861057600527585
039514,566,2060,189,0.56872381566226238
039514,567,2060,241,0.57931308046888896
039514,568,2060,331,0.58949103911954259
039514,569,2060,177,0.58037285216935575
039514,570,2060,335,0.5948500507928095
039514,570,2060,338,0.56633074949185636
039514,571,2060,264,0.58381952547646832
039514,571,2060,271,0.594211488121697
039514,572,2060,416,0.58266370484836782
039514,572,2060,421,0.57199010045130294
039514,572,2060,425,0.57947476204582626
039514,573,2060,178,0.59477720643723342
039514,573,2060,180,0.58185182379865175
039514,573,2060,207,0.56276090810316237
039514,575,2060,310,0.57966375008349003
039514,577,2060,206,0.57310459434985517
039514,577,2060,218,0.55986926507422563
039514,577,2060,225,0.58532663602601132
039514,578,2060,231,0.57548883914586291
039514,578,2060,240,0.59016160323409617
039514,579,2060,131,0.58495398101851515
039514,579,2060,132,0.57790775049907195
039514,579,2060,136,0.58976507310662063
039514,579,2060,145,0.59958951993073151
039514,580,2060,138,0.58042445359518535
039514,580,2060,154,0.58986012754113382
039514,580,2060,158,0.5876146642034108
039514,581,2060,370,0.58556770576187012
039514,581,2060,399,0.59192422144309242
039514,582,2060,113,0.57238230853446492
039514,583,2060,418,0.58528011748223419
039514,584,2060,143,0.58800511938231714
039514,584,2060,164,0.57761483121195356
039514,585,2060,535,0.58170035846733925
039514,585,2060,536,0.56811942795890091
039514,585,2060,539,0.58408212617653332
039514,585,2060,540,0.57371907954055434
039514,586,2060,238,0.579011976736167
039514,586,2060,242,0.60931211363935289
039514,586,2060,248,0.58252648736756318
039514,588,2060,193,0.59170348359854552
039514,589,2060,521,0.56834253387472056
039514,589,2060,530,0.60002291038222155
039514,590,2060,288,0.60412149173394847
039514,590,2060,292,0.58133925494850491
039514,591,2060,256,0.59018994446855966
039514,593,2060,187,0.56955427749820275
039514,593,2060,188,0.59900792063365071
039514,593,2060,195,0.56829119752829682
039514,594,2060,202,0.57417559068502466
039514,594,2060,216,0.58583650995340952
039514,595,2060,159,0.58017890156678931
039514,595,2060,164,0.56711427348598331
039514,597,2060,304,0.58402871980378457
039514,598,2060,180,0.58575812950988659
039514,599,2060,255,0.58826333035448319
039514,599,2060,257,0.59148581850863047
039514,600,2060,172,0.56844215848661839
039514,600,2060,177,0.58700386562857299
039514,600,2060,179,0.58880641423157631
039514,602,2060,141,0.58237849689390553
039514,602,2060,163,0.58763928901451323
039514,603,2060,382,0.57474083288904687
039514,603,2060,394,0.57882360733920646
039514,603,2060,405,0.58352276641179313
039514,605,2060,149,0.53923637550310022
039514,606,2060,239,0.589315107707722
039514,607,2060,113,0.58120063388278165
039514,610,2060,232,0.57797632402042942
039514,610,2060,242,0.59317061722600328
039514,611,2060,474,0.58637786138753123
039514,611,2060,475,0.59162780661479997
039514,612,2060,132,0.58021763809637616
039514,612,2060,134,0.59913837508780143
039514,613,2060,270,0.60074057516060375
039514,613,2060,273,0.58483358166317512
039514,614,2060,210,0.57766826483697253
039514,616,2060,227,0.63287433589938202
039514,616,2060,231,0.59232802887792979
039514,616,2060,247,0.5903836070212819
039514,617,2060,99,0.58486089063413815
039514,617,2060,100,0.58927360409916363
039514,617,2060,105,0.59822129217891706
039514,617,2060,112,0.56856649395509495
039514,617,2060,117,0.56778063757777197
039514,619,2060,222,0.59463080242188049
039514,620,2060,318,0.57334672999634639
039514,620,2060,322,0.56003301108229187
039514,622,2060,207,0.58232679881124405
039514,622,2060,226,0.58704453441295545
039514,622,2060,232,0.6321220278151638
039514,623,2060,307,0.59867725462848398
039514,623,2060,323,0.57030501540612621
039514,624,2060,205,0.58232397178224415
039514,625,2060,319,0.57862496396656093
039514,626,2060,356,0.57993535554450526
039514,627,2060,296,0.56873706004140789
039514,629,2060,191,0.5891893568194505
039514,629,2060,208,0.57163987388579662
039514,629,2060,211,0.57264194880133878
039514,630,2060,253,0.5537309472566998
039514,630,2060,254,0.58212106992022528
039514,630,2060,258,0.60445968026142949
039514,631,2060,248,0.58296126066973075
039514,632,2060,392,0.58700729506069604
039514,633,2060,345,0.56771708241237762
039514,635,2060,278,0.58564922661200147
039514,636,2060,315,0.59754118315345295
039514,636,2060,324,0.58664699210448068
039514,637,2060,156,0.55478452359613861
039514,637,2060,172,0.56283595149797905
039514,637,2060,183,0.57122567202702168
039514,638,2060,229,0.58848752598752596
039514,639,2060,137,0.56960917125137078
039514,639,2060,139,0.56069043159547449
039514,639,2060,142,0.57771831127548201
039514,639,2060,154,0.59435875765899004
039514,640,2060,166,0.58282089416335325
039514,640,2060,175,0.59580164091904064
039514,640,2060,177,0.59273839530997763
039514,643,2060,218,0.56679937683918991
039514,644,2060,358,0.57957004439354842
039514,644,2060,377,0.5768480942150076
039514,645,2060,172,0.58551673035775242
039514,645,2060,186,0.58950040998587283
039514,645,2060,189,0.57969905101452313
039514,647,2060,256,0.57710644566377944
039514,647,2060,257,0.59454762680569129
039514,648,2060,113,0.5757943444730077
039514,648,2060,125,0.55840006234535433
039514,649,2060,398,0.60546788990825684
039514,649,2060,418,0.60537981363650073
039514,650,2060,150,0.55781624320950163
039514,650,2060,152,0.57104557640750675
039514,651,2060,297,0.54928730432284933
039514,652,2060,159,0.5892339681907669
039514,653,2060,325,0.57013936593674419
039514,654,2060,447,0.58886714503152859
039514,655,2060,190,0.59008387119041872
039514,655,2060,199,0.5710248833341407
039514,655,2060,203,0.59978928356411798
039514,656,2060,300,0.58083419510513612
039514,657,2060,275,0.59936400405047696
039514,657,2060,297,0.58275377369376169
039514,658,2060,239,0.56725567976920299
039514,658,2060,240,0.58441527389235592
039514,658,2060,251,0.56918945312500002
039514,659,2060,353,0.5993836247815858
039514,659,2060,378,0.58730437069834729
039514,659,2060,393,0.61262124755587932
039514,660,2060,536,0.58033302722558344
039514,661,2060,58,0.45938213210729995
039514,662,2060,159,0.57734976077393574
039514,662,2060,165,0.58832279193020176
039514,662,2060,170,0.57851948299406142
039514,662,2060,178,0.56810905711039972
039514,662,2060,181,0.60364523642278822
039514,663,2060,114,0.58585027090130815
039514,663,2060,129,0.57513370590709689
039514,664,2060,490,0.59485947674126649
039514,664,2060,510,0.58918556959906254
039514,665,2060,299,0.5775116433799069
039514,665,2060,321,0.59616451382835411
039514,667,2060,83,0.57048087340611719
039514,667,2060,102,0.59638674607298459
039514,668,2060,197,0.58602676698992107
039514,668,2060,208,0.58185373285931941
039514,671,2060,392,0.57616281286943705
039514,671,2060,403,0.58522684094536059
039514,672,2060,100,0.5816950633464395
039514,672,2060,102,0.58644027205671045
039514,672,2060,118,0.58349881035438922
039514,673,2060,349,0.57970471642163746
039514,673,2060,353,0.58214897237580776
039514,673,2060,359,0.56931373585703715
039514,674,2060,134,0.57986273507434272
039514,675,2060,305,0.56746708922476841
039514,676,2060,99,0.57635062530007541
039514,676,2060,117,0.59073066566177568
039514,677,2060,342,0.59070453707119142
039514,678,2060,368,0.58200230266715014
039514,678,2060,379,0.58313431677688021
039514,678,2060,384,0.58054496345726092
039514,679,2060,188,0.55073152889539134
039514,680,2060,305,0.55631426104701354
039514,680,2060,310,0.57562031876752684
039514,682,2060,384,0.56293663688058493
039514,682,2060,388,0.59108843808536926
039514,683,2060,198,0.60220674978603317
039514,683,2060,214,0.58418451991283371
039514,684,2060,126,0.57531657531657532
039514,687,2060,221,0.56832844574780061
039514,687,2060,244,0.57542887074948712
039514,688,2060,249,0.58314696943632094
039514,689,2060,198,0.57570668905681499
039514,689,2060,212,0.5750442532840595
039514,691,2060,337,0.60391717641653031
039514,692,2060,455,0.62994194227582112
039514,692,2060,457,0.59244942298467873
039514,694,2060,204,0.55303390838786437
039514,694,2060,225,0.57297055144199882
039514,695,2060,322,0.57944542885877115
039514,695,2060,328,0.57422103416590098
039514,695,2060,333,0.57932255970781399
039514,696,2060,284,0.58608321377331418
039514,696,2060,312,0.57542173791858564
039514,696,2060,319,0.59960323594579279
039514,697,2060,284,0.57583354811499798
039514,699,2060,282,0.60723239383119354
039514,700,2060,332,0.57405037660970282
039514,700,2060,357,0.61343065693430654
039514,700,2060,363,0.58658352775999834
039514,700,2060,366,0.57644462621202053
039514,702,2060,149,0.57185156665383274
039514,703,2060,294,0.56596428873656601
039514,703,2060,300,0.56739840466369118
039514,704,2060,341,0.58503932008453596
039514,704,2060,355,0.58881256133464177
039514,704,2060,371,0.58983001006593749
039514,705,2060,185,0.57489593627406943
039514,705,2060,193,0.58465291106845807
039514,706,2060,232,0.56814105921376312
039514,706,2060,241,0.59580035107475238
039514,706,2060,253,0.58020804179494356
039514,707,2060,293,0.57112960237115362
039514,709,2060,250,0.57825234560985861
039514,709,2060,264,0.60598405992770354
039514,711,2060,560,0.57255630369166477
039514,711,2060,563,0.58581470657925916
039514,712,2060,287,0.56825685887398736
039514,712,2060,294,0.58798921448114516
039514,713,2060,188,0.59037545921768686
039514,713,2060,201,0.60159963287114437
039514,715,2060,110,0.6007429598562013
039514,716,2060,234,0.60833157625229672
039514,718,2060,241,0.58138800809217039
039514,719,2060,271,0.58656806824491448
039514,720,2060,222,0.5796725698873022
039514,723,2060,370,0.57889650507016777
039514,723,2060,380,0.58632328838258441
039514,724,2060,574,0.5804419741810446
039514,725,2060,257,0.57318826986806726
039514,725,2060,276,0.6022027723103982
039514,726,2060,256,0.60135779873918693
039514,727,2060,356,0.5176730486008837
039514,728,2060,137,0.56637262195770011
039514,729,2060,322,0.59252213360649741
039514,731,2060,292,0.5832361730269926
039514,732,2060,219,0.55665051852124736
039514,732,2060,243,0.57603703204350365
039514,733,2060,127,0.56454861746932794
039514,733,2060,139,0.59898599322925861
039514,733,2060,151,0.58565811645759225
039514,734,2060,474,0.58678131150937529
039514,734,2060,477,0.60029512033786192
039514,735,2060,246,0.55973933084320115
039514,736,2060,204,0.60162453558679974
039514,736,2060,233,0.58121046528981601
039514,736,2060,242,0.56291874953368648
039514,737,2060,216,0.57730035778987376
039514,738,2060,280,0.58189000303859006
039514,738,2060,287,0.62637392168982287
039514,738,2060,295,0.58941531610610376
039514,739,2060,354,0.57584769988565399
039514,740,2060,130,0.56712684806892932
039514,740,2060,147,0.57821522042424922
039514,741,2060,332,0.58914394546912585
039514,741,2060,341,0.58041609567708985
039514,741,2060,350,0.57938025323761766
039514,742,2060,176,0.58032824614145362
039514,743,2060,382,0.59355904585162722
039514,743,2060,397,0.56991346242489593
039514,744,2060,310,0.5863142430743401
039514,744,2060,315,0.584746326771719
039514,745,2060,159,0.59085921784790618
039514,745,2060,173,0.58539696775241024
039514,745,2060,180,0.57643825997717957
039514,748,2060,382,0.57563669270689055
039514,750,2060,387,0.58379201799432323
039514,750,2060,390,0.59157413204871001
039514,750,2060,405,0.57826235345121801
039514,750,2060,407,0.58398931388774544
039514,751,2060,110,0.5799147922829343
039514,751,2060,123,0.57037867139245779
039514,752,2060,373,0.57377707801726474
039514,752,2060,388,0.59153417662759666
039514,752,2060,391,0.57113664324290514
039514,752,2060,396,0.58514193106444123
039514,755,2060,205,0.59163931594403174
039514,756,2060,303,0.58345643084743892
039514,756,2060,331,0.58488289257520032
039514,757,2060,369,0.56879977695077155
039514,759,2060,239,0.57335068435851555
039514,759,2060,271,0.58906881159051194
039514,759,2060,272,0.6144165332265813
039514,761,2060,158,0.57956818449229319
039514,761,2060,180,0.57626618866928947
039514,762,2060,277,0.58344916760950383
039514,762,2060,282,0.56875688879621078
039514,764,2060,165,0.57917014909277187
039514,764,2060,177,0.59212544741776041
039514,766,2060,357,0.573590367223897
039514,766,2060,362,0.57152812975164724
039514,769,2060,216,0.60353973765432101
039514,769,2060,221,0.5831494858689612
039514,770,2060,176,0.57570562664544178
039514,770,2060,191,0.60214474586230538
039514,771,2060,475,0.56428372495272716
039514,771,2060,481,0.58180654674957921
039514,772,2060,397,0.58855364856589598
039514,772,2060,402,0.59100067583358074
039514,772,2060,406,0.5926694105065301
039514,772,2060,408,0.61988186140325596
039514,772,2060,436,0.57453643573659052
039514,773,2060,204,0.63288498246548586
039514,774,2060,275,0.58366440468846392
039514,774,2060,283,0.57404019752023627
039514,775,2060,439,0.53916323235244501
039514,775,2060,442,0.53871748336358138
039514,775,2060,449,0.59592013888888884
039514,775,2060,462,0.58888884177137357
039514,778,2060,182,0.58844100951717515
039514,779,2060,546,0.59518387692528374
039514,779,2060,552,0.58611408640246077
039514,779,2060,563,0.55691431670281999
039514,780,2060,94,0.58539154729598208
039514,781,2060,225,0.57800222656060929
039514,781,2060,238,0.58231888737689419
039514,783,2060,300,0.58379395507467957
039514,783,2060,315,0.5664870121975929
039514,785,2060,261,0.57753376557374525
039514,785,2060,280,0.59673990077958894
039514,786,2060,253,0.57881606036327493
039514,788,2060,207,0.56649012386299713
039514,788,2060,227,0.56004308864395669
039514,790,2060,262,0.56525506576608608
039514,791,2060,401,0.58572979431843852
039514,791,2060,404,0.56705538600714356
039514,791,2060,428,0.55635873136651337
039514,793,2060,109,0.58198172850948326
039514,793,2060,111,0.57890010162361449
039514,793,2060,112,0.58347857661583147
039514,794,2060,317,0.57098310126050922
039514,795,2060,385,0.56357426178933456
039514,795,2060,386,0.55965953634225563
039514,796,2060,227,0.58887486325002103
039514,796,2060,244,0.56960870886955517
039514,797,2060,206,0.56956172399678606
039514,797,2060,218,0.57631143412247243
039514,797,2060,231,0.59298937648482675
039514,798,2060,379,0.57458982228790123
039514,798,2060,407,0.58420636555082406
039514,799,2060,433,0.58784764657029231
039514,799,2060,449,0.58890301036682613
039514,800,2060,219,0.58694804897060848
039514,801,2060,229,0.58921849639120072
039514,803,2060,453,0.593292306038537
039514,804,2060,412,0.58211604443387577
039514,805,2060,306,0.58709418244478984
039514,807,2060,193,0.5942727023450447
039514,808,2060,323,0.61377012290115973
039514,809,2060,281,0.58662026702607084
039514,809,2060,282,0.57912907729026253
039514,810,2060,333,0.59867288015398645
039514,810,2060,352,0.58074019517584241
039514,810,2060,362,0.5684117628518297
039514,811,2060,291,0.58662086315588147
039514,812,2060,341,0.54946503504185251
039514,812,2060,344,0.5712252923522716
039514,813,2060,499,0.58458308661247782
039514,813,2060,507,0.56814911122800404
039514,813,2060,518,0.60009499683343892
039514,813,2060,519,0.60088825529115031
039514,813,2060,525,0.57979276857712647
039514,813,2060,528,0.59358715910387583
039514,814,2060,208,0.57361461480885978
039514,815,2060,213,0.58984859300447079
039514,816,2060,278,0.56370847793753098
039514,816,2060,297,0.58398930143576222
039514,816,2060,299,0.60121130551816959
039514,817,2060,190,0.58363672006273104
039514,818,2060,252,0.58571940454086457
039514,820,2060,216,0.57403355215171403
039514,822,2060,350,0.58787179329161365
039514,823,2060,318,0.59999999999999998
039514,824,2060,136,0.56731697257166425
039514,824,2060,142,0.58235294117647063
039514,824,2060,155,0.59180449397990742
039514,824,2060,165,0.58227503525559832
039514,825,2060,249,0.56934611954595005
039514,826,2060,184,0.57145148846127403
039514,827,2060,491,0.60101014483949633
039514,829,2060,349,0.58334773930945605
039514,830,2060,462,0.59895816052291051
039514,832,2060,345,0.60478701825557812
039514,832,2060,357,0.5761973025950089
039514,833,2060,120,0.57199570657687726
039514,835,2060,428,0.58748468026818546
039514,836,2060,419,0.58329309201419066
039514,837,2060,337,0.58405815322368648
039514,838,2060,202,0.57851212027459797
039514,839,2060,113,0.57666421647447974
039514,839,2060,118,0.56689177489177489
039514,839,2060,138,0.55536688564747805
039514,840,2060,201,0.58061759564964066
039514,840,2060,226,0.57698534151466097
039514,841,2060,388,0.57461572131105332
039514,841,2060,400,0.58888189693261395
039514,842,2060,431,0.58137328001084521
039514,842,2060,437,0.58657179896891676
039514,843,2060,232,0.58115996610488652
039514,844,2060,310,0.55746367239101713
039514,844,2060,313,0.56556314455430223
039514,844,2060,338,0.57974381396675512
039514,845,2060,144,0.57965970610982209
039514,845,2060,153,0.5913389063998904
039514,847,2060,184,0.56116815722645463
039514,847,2060,209,0.57701309167064774
039514,849,2060,143,0.60211192490933652
039514,849,2060,162,0.58420840064620361
039514,850,2060,238,0.58266214647679981
039514,851,2060,282,0.58859503501440646
039514,852,2060,213,0.57875330919495305
039514,853,2060,228,0.58690787459072391
039514,853,2060,241,0.58234872788775804
039514,853,2060,242,0.57503896462603821
039514,854,2060,349,0.58593073910556348
039514,854,2060,374,0.57459558129288102
039514,855,2060,231,0.57592150680444731
039514,855,2060,238,0.58093994778067881
039514,855,2060,244,0.58085087000091096
039514,855,2060,246,0.59503045456971004
039514,856,2060,540,0.59991128853404307
039514,858,2060,456,0.59387987789179453
039514,858,2060,467,0.60518548065416833
039514,859,2060,365,0.58709872194827417
039514,860,2060,278,0.58655226755384349
039514,860,2060,308,0.56056672353682957
039514,861,2060,343,0.57056206219097694
039514,863,2060,184,0.56141168574518063
039514,863,2060,191,0.57474196915226716
039514,863,2060,200,0.57319074662637415
039514,863,2060,218,0.59135586835165588
039514,864,2060,346,0.58122809413264143
039514,864,2060,348,0.57073283615058534
039514,864,2060,358,0.59773595965270065
039514,864,2060,364,0.56891825402403884
039514,864,2060,384,0.57601764995814397
039514,865,2060,474,0.57921456286035466
039514,865,2060,509,0.55320315666499775
039514,867,2060,248,0.56824148411202735
039514,868,2060,497,0.57484152409515366
039514,869,2060,179,0.57586247036263272
039514,870,2060,165,0.56995597072648296
039514,870,2060,172,0.57050318624504026
039514,871,2060,111,0.63880138301959277
039514,872,2060,294,0.59531301452563024
039514,873,2060,246,0.5614723340383434
039514,873,2060,253,0.55765086206896552
039514,875,2060,70,0.58537070454236761
039514,875,2060,81,0.5897267988579511
039514,876,2060,103,0.58102649252806626
039514,877,2060,157,0.57535395909805975
039514,878,2060,405,0.58465611272626949
039514,881,2060,182,0.58531746031746035
039514,883,2060,214,0.57251480480653139
039514,884,2060,426,0.58067733726100701
039514,885,2060,271,0.59610413589364841
039514,886,2060,182,0.5831102122427404
039514,887,2060,221,0.58176328853020587
039514,887,2060,246,0.58065723482296583
039514,889,2060,224,0.58684925218987871
039514,889,2060,239,0.59141184124918678
039514,889,2060,252,0.58955513056086795
039514,890,2060,228,0.57022074884999874
039514,891,2060,233,0.57330219818807504
039514,891,2060,234,0.58266129032258063
039514,891,2060,264,0.57776225201228482
039514,892,2060,213,0.59361407047847192
039514,893,2060,104,0.57197224975222993
039514,893,2060,120,0.57860515519777067
039514,893,2060,144,0.63036384766672626
039514,894,2060,228,0.56982678107956097
039514,895,2060,231,0.58151462591910785
039514,896,2060,188,0.59589623332844788
039514,897,2060,270,0.57959236326109387
039514,898,2060,240,0.59829294572496994
039514,898,2060,243,0.58695474261396186
039514,898,2060,264,0.62774731206010626
039514,899,2060,279,0.58857701828635312
039514,899,2060,286,0.59905049633146312
039514,899,2060,294,0.58504245649437037
039514,899,2060,298,0.57826692059771467
039514,900,2060,461,0.57779795423592939
039514,900,2060,464,0.58444638342618072
039514,901,2060,337,0.58392894316841304
039514,902,2060,539,0.55457574119262976
039514,902,2060,544,0.58900486130969398
039514,903,2060,220,0.59558016440227335
039514,903,2060,248,0.58840207925470867
039514,903,2060,252,0.5882600394783678
039514,903,2060,253,0.57718665098738897
039514,904,2060,193,0.58569060337341794
039514,905,2060,182,0.59383744086581691
039514,905,2060,215,0.5845662786331205
039514,909,2060,171,0.57709563528160224
039514,909,2060,198,0.56456719537685973
039514,912,2060,426,0.57973203221809166
039514,912,2060,447,0.58449291166848416
039514,914,2060,173,0.5884773289999593
039514,915,2060,197,0.59341969354550606
039514,915,2060,226,0.57702448729510736
039514,916,2060,105,0.58203119814138737
039514,916,2060,118,0.58144846005961059
039514,917,2060,533,0.5918486091100521
039514,917,2060,539,0.56751616166058316
039514,917,2060,541,0.59831714944042136
039514,918,2060,241,0.5608037738160877
039514,919,2060,436,0.59191517777162495
039514,920,2060,99,0.59231698935943311
039514,920,2060,112,0.57542245804256298
039514,921,2060,280,0.60792444753598374
039514,921,2060,296,0.59154584189069059
039514,922,2060,205,0.56593754657922191
039514,923,2060,279,0.58688356092547145
039514,923,2060,280,0.58701507179167034
039514,924,2060,142,0.56604960460100651
039514,925,2060,185,0.58847773539298254
039514,925,2060,198,0.61171032357473032
039514,926,2060,148,0.56877039246760508
039514,926,2060,158,0.57532670337798963
039514,926,2060,180,0.57896366257578002
039514,927,2060,249,0.59268929503916445
039514,928,2060,236,0.58389157535158154
039514,928,2060,269,0.56724992414281383
039514,930,2060,250,0.5837564700960568
039514,930,2060,267,0.57644022057960809
039514,931,2060,431,0.5880972863064049
039514,931,2060,436,0.58362242014382881
039514,932,2060,274,0.59028891992658683
039514,933,2060,146,0.58268448391242922
039514,933,2060,165,0.5598603510096245
039514,934,2060,175,0.56738595822797966
039514,934,2060,185,0.57905194436559748
039514,934,2060,192,0.61939951663878046
039514,935,2060,112,0.5838131797824696
039514,938,2060,311,0.58032323866310997
039514,939,2060,506,0.58120302872209928
039514,939,2060,517,0.57614016834073656
039514,940,2060,218,0.58682586745732834
039514,940,2060,227,0.58684986260304772
039514,940,2060,230,0.57729363930556965
039514,940,2060,241,0.62869987092179647
039514,941,2060,177,0.59578937219360351
039514,943,2060,396,0.61776269725857702
039514,943,2060,415,0.58838528157559233
039514,943,2060,419,0.60355303130365867
039514,944,2060,90,0.59565654337328722
039514,945,2060,372,0.58380553306985383
039514,946,2060,327,0.5625839412213941
039514,948,2060,230,0.59473002881363013
039514,948,2060,254,0.58252591257323116
039514,949,2060,180,0.59705066801109152
039514,950,2060,226,0.58161233523671607
039514,950,2060,240,0.57937804375372115
039514,951,2060,104,0.58614402917046493
039514,951,2060,112,0.58642153796007634
039514,952,2060,290,0.59787124784090384
039514,952,2060,313,0.58663119777811634
039514,953,2060,278,0.59925015365703749
039514,953,2060,285,0.59434708404445735
039514,953,2060,288,0.57105629143543835
039514,953,2060,291,0.58280486915955976
039514,954,2060,341,0.56114212685814224
039514,956,2060,558,0.58186174022574033
039514,956,2060,572,0.55043898677107428
039514,958,2060,151,0.58567493112947655
039514,958,2060,179,0.59859720285629781
039514,959,2060,305,0.5825797181452137
039514,959,2060,309,0.57333577595090335
039514,959,2060,315,0.5644888840453357
039514,959,2060,319,0.58908494690818236
039514,960,2060,458,0.57947968597788091
039514,960,2060,479,0.57806333180357961
039514,961,2060,205,0.56934977406754994
039514,962,2060,198,0.58797726869117384
039514,963,2060,379,0.57095248674897647
039514,964,2060,412,0.57584858044164033
039514,965,2060,256,0.63402046826253022
039514,965,2060,265,0.5832515939185875
039514,965,2060,275,0.58046559202179449
039514,967,2060,95,0.57899250159540527
039514,968,2060,281,0.57374949296556432
039514,969,2060,134,0.56858052400146575
039514,970,2060,218,0.57345255481156943
039514,970,2060,221,0.5824735918203936
039514,971,2060,506,0.60406937958639095
039514,971,2060,508,0.58166307768759318
039514,971,2060,518,0.59260515603799191
039514,973,2060,261,0.57101964495948665
039514,975,2060,182,0.57341159207630232
039514,976,2060,180,0.59014481691156206
039514,976,2060,208,0.57222198668758217
039514,979,2060,129,0.58421584123638914
039514,980,2060,145,0.5532148117699448
039514,981,2060,184,0.58879938626774064
039514,981,2060,196,0.57243276534592491
039514,981,2060,222,0.58978487071713359
039514,982,2060,400,0.57093102276588514
039514,984,2060,508,0.57294543191630043
039514,985,2060,165,0.58446498778025713
039514,985,2060,169,0.59398280017528482
039514,985,2060,174,0.58189756149504845
039514,985,2060,182,0.59916653455031366
039514,986,2060,230,0.58303232529385407
039514,986,2060,256,0.55953950152975462
039514,987,2060,120,0.58241814636149025
039514,987,2060,124,0.55694154488517744
039514,987,2060,141,0.58246763354335718
039514,988,2060,314,0.5699231977929089
039514,989,2060,126,0.58454548052467636
039514,989,2060,147,0.58495886528822494
039514,991,2060,252,0.56075996655577887
039514,991,2060,270,0.58635547051864401
039514,992,2060,139,0.58726269810158482
039514,992,2060,156,0.59969806910321655
039514,992,2060,157,0.58345287620140585
039514,994,2060,430,0.57738463786062622
039514,995,2060,365,0.57833938660209849
039514,996,2060,231,0.60762132736187791
039514,996,2060,232,0.57530778567712848
039514,996,2060,235,0.58373262116094571
039514,997,2060,213,0.55027661846064257
039514,997,2060,236,0.49500283929585465
039514,997,2060,245,0.58147905260107668
039514,998,2060,381,0.5709372983627945
039514,998,2060,393,0.56504523132592399
039514,999,2060,408,0.57201774180997589
039514,1000,2060,427,0.5812876887774161
039514,1001,2060,194,0.591445535845184
039514,1001,2060,205,0.57006536475145253
039514,1002,2060,129,0.56487411862189729
039514,1002,2060,149,0.58248637265413827
039514,1002,2060,155,0.58223838573439701
039514,1002,2060,165,0.59992202053459254
039514,1003,2060,390,0.58565558315236477
039514,1003,2060,395,0.58461831636785189
039514,1004,2060,137,0.59286743515850149
039514,1005,2060,290,0.58853170286457357
039514,1005,2060,303,0.56580262782062263
039514,1005,2060,306,0.58457597492616475
039514,1006,2060,257,0.56617256828308016
039514,1006,2060,259,0.57080259855705562
039514,1007,2060,168,0.59634451923549359
039514,1008,2060,368,0.58979907598757886
039514,1008,2060,379,0.56696416955062323
039514,1009,2060,133,0.59435729664737302
039514,1009,2060,141,0.57017883099737288
039514,1009,2060,143,0.55641004253899407
039514,1010,2060,321,0.59119359534206695
039514,1010,2060,326,0.59533001245330008
039514,1011,2060,264,0.59494359606804748
039514,1011,2060,265,0.56446441861796526
039514,1012,2060,375,0.57962201043319617
039514,1012,2060,380,0.58371066018223494
039514,1015,2060,260,0.54929193156702771
039514,1017,2060,202,0.58575144273754365
039514,1017,2060,208,0.58528338136407299
039514,1018,2060,167,0.60849506840598155
039514,1018,2060,179,0.57285169785169787
039514,1019,2060,315,0.58282151785438718
039514,1020,2060,312,0.57540173505618797
039514,1021,2060,276,0.56211766750226055
039514,1023,2060,535,0.57386039072318062
039514,1023,2060,542,0.59546717981612141
039514,1023,2060,562,0.5704390265254311
039514,1023,2060,570,0.58388077858880783
039514,1024,2060,200,0.58960396039603957
039514,1025,2060,318,0.56553785378277932
039514,1026,2060,127,0.59828834759710336
039514,1027,2060,108,0.57757218748870653
039514,1028,2060,275,0.58052500886839309
039514,1029,2060,321,0.59044855698349974
039514,1030,2060,346,0.59121896884250047
039514,1030,2060,365,0.57129602718594197
039514,1032,2060,242,0.59397778347034302
039514,1032,2060,255,0.58975824427044632
039514,1032,2060,256,0.58068620045322628
039514,1033,2060,215,0.63915057308839696
039514,1033,2060,219,0.55633375780728878
039514,1033,2060,242,0.58562805043619937
039514,1034,2060,507,0.57655700801706089
039514,1035,2060,240,0.55962431405656399
039514,1036,2060,307,0.5567854770865619
039514,1036,2060,322,0.58730234634021938
039514,1037,2060,252,0.58732867286838775
039514,1037,2060,262,0.57671482460417256
039514,1037,2060,271,0.58485831882222572
039514,1038,2060,197,0.58192248682542858
039514,1041,2060,201,0.61083157991034676
039514,1042,2060,147,0.57030067307916255
039514,1043,2060,167,0.57202060498082807
039514,1043,2060,168,0.57671643105650239
039514,1044,2060,298,0.54911201640173601
039514,1046,2060,505,0.57762961259914936
039514,1047,2060,195,0.57459385337661428
039514,1048,2060,312,0.57836096121743852
039514,1049,2060,320,0.58521925469084823
039514,1050,2060,286,0.59791157669266037
039514,1052,2060,307,0.58252490538130253
039514,1052,2060,309,0.5873270879843101
039514,1053,2060,246,0.58350504707999684
039514,1054,2060,160,0.58094199622350473
039514,1054,2060,165,0.55566853075749878
039514,1055,2060,268,0.57736414869965358
039514,1055,2060,275,0.59936808072891157
039514,1056,2060,268,0.55757608656316726
039514,1057,2060,484,0.58096141950463087
039514,1057,2060,519,0.59016087492068237
039514,1057,2060,523,0.57581408693157365
039514,1057,2060,525,0.5881357909472702
039514,1058,2060,310,0.56843346904607894
039514,1058,2060,321,0.59095463710924456
039514,1058,2060,327,0.5979866133113213
039514,1058,2060,333,0.58575621642576281
039514,1058,2060,335,0.56900151364893781
039514,1059,2060,556,0.58002084263808251
039514,1059,2060,562,0.58749742047699061
039514,1060,2060,209,0.59859123965633987
039514,1062,2060,273,0.59687247404091281
039514,1062,2060,284,0.5762825979622066
039514,1064,2060,322,0.58691846764963307
039514,1065,2060,148,0.57708085612366233
039514,1065,2060,149,0.59032525378081624
039514,1067,2060,238,0.4711607378626127
039514,1067,2060,240,0.56497427868485794
039514,1068,2060,491,0.5771334623063088
039514,1069,2060,280,0.5677706321004955
039514,1070,2060,382,0.60102367541542989
039514,1071,2060,408,0.58861711390801863
039514,1071,2060,417,0.5840394030900935
039514,1071,2060,423,0.59347368024984004
039514,1073,2060,485,0.57925086371883772
039514,1073,2060,486,0.57543565499422789
039514,1073,2060,498,0.5880541109460129
039514,1074,2060,386,0.56579354375719182
039514,1075,2060,229,0.60361672146547674
039514,1076,2060,564,0.60820620381142776
039514,1076,2060,565,0.60664732131971033
039514,1076,2060,583,0.5606028293168408
039514,1078,2060,246,0.57781483245990151
039514,1079,2060,146,0.57344952844336317
039514,1079,2060,156,0.55891705808559677
039514,1079,2060,166,0.59448696467443018
039514,1081,2060,231,0.58257030869568693
039514,1081,2060,244,0.57491414423768072
039514,1083,2060,263,0.58366839194082232
039514,1083,2060,279,0.57755225323184733
039514,1084,2060,249,0.58527022805373319
039514,1084,2060,278,0.57630060670182337
039514,1084,2060,281,0.58714682920314232
039514,1085,2060,504,0.57201284305481237
039514,1085,2060,521,0.59211072060075531
039514,1086,2060,400,0.6079730098484285
039514,1086,2060,406,0.56754179140064109
039514,1087,2060,409,0.57636932931101037
039514,1087,2060,425,0.57517229140169779
039514,1088,2060,159,0.58247994936761394
039514,1089,2060,445,0.58169737996740634
039514,1089,2060,460,0.58186748125139431
039514,1090,2060,361,0.59394828680203049
039514,1090,2060,396,0.59082335395008112
039514,1090,2060,398,0.57057749591621021
039514,1091,2060,266,0.59604507451835698
039514,1091,2060,271,0.56849795309071993
039514,1091,2060,291,0.57319886804015929
039514,1092,2060,159,0.60248591239013982
039514,1093,2060,100,0.57959791511541325
039514,1093,2060,119,0.60767375329556295
039514,1093,2060,121,0.59077231695085253
039514,1095,2060,311,0.58681324339632357
039514,1097,2060,194,0.59031058397828928
039514,1098,2060,255,0.58154917875631107
039514,1098,2060,260,0.482080350488923
039514,1098,2060,266,0.59416206469063448
039514,1099,2060,104,0.56257949631137116
039514,1099,2060,119,0.61260199028439377
039514,1099,2060,130,0.56925079421108371
039514,1101,2060,169,0.5794368616272908
039514,1101,2060,187,0.5626990996457476
039514,1101,2060,205,0.58461613098847787
039514,1102,2060,333,0.58491497562316608
039514,1103,2060,194,0.56867185656994579
039514,1104,2060,222,0.57695281458731551
039514,1104,2060,233,0.58184558613341653
039514,1105,2060,492,0.58042418143819186
039514,1105,2060,509,0.60333042800128445
039514,1106,2060,204,0.58547921514770029
039514,1107,2060,265,0.57507337999548436
039514,1108,2060,361,0.58228327089718845
039514,1108,2060,371,0.57114517157499467
039514,1110,2060,540,0.58574210470538368
039514,1110,2060,544,0.5968684006191981
039514,1111,2060,292,0.57239402624830293
039514,1111,2060,319,0.60440886600426402
039514,1111,2060,320,0.58936139816181721
039514,1112,2060,443,0.61090390522158844
039514,1112,2060,448,0.58633431142989811
039514,1112,2060,455,0.56487469684721103
039514,1113,2060,360,0.55835035750766093
039514,1114,2060,194,0.59939372741051655
039514,1115,2060,209,0.6000500302265952
039514,1115,2060,212,0.58366657638568042
039514,1116,2060,179,0.56248816569854443
039514,1116,2060,199,0.57713661279235773
039514,1117,2060,269,0.59948661532819947
039514,1118,2060,272,0.59007197976784909
039514,1118,2060,275,0.54747345081106313
039514,1118,2060,293,0.54140161060106784
039514,1121,2060,124,0.57709213964859041
039514,1122,2060,140,0.58839229875815247
039514,1123,2060,203,0.57836027263875367
039514,1124,2060,157,0.58366937590104673
039514,1124,2060,162,0.58309301969350857
039514,1125,2060,303,0.49882735714769877
039514,1126,2060,518,0.58625336927223715
039514,1126,2060,533,0.55666145314943838
039514,1126,2060,545,0.60156627893585168
039514,1129,2060,109,0.59359097628919655
039514,1129,2060,125,0.58846952513520301
039514,1133,2060,272,0.57632537842236398
039514,1133,2060,281,0.58004555139225622
039514,1134,2060,275,0.58365888880443872
039514,1135,2060,205,0.58093537870983225
039514,1135,2060,210,0.57672597823368255
039514,1136,2060,487,0.58654904821914178
039514,1136,2060,501,0.62920421373270718
039514,1137,2060,356,0.56608487966195109
039514,1137,2060,379,0.57937134956688585
039514,1138,2060,267,0.5948708338138623
039514,1139,2060,478,0.56947415001106272
039514,1139,2060,488,0.56548673354042245
039514,1140,2060,304,0.56486347243688817
039514,1140,2060,318,0.5859103589362098
039514,1141,2060,274,0.57640968138278204
039514,1142,2060,379,0.58362308082978476
039514,1142,2060,386,0.58496482104619152
039514,1143,2060,328,0.57884873444079399
039514,1143,2060,359,0.58859529233105545
039514,1144,2060,235,0.609481972300563
039514,1145,2060,251,0.58245259483450496
039514,1145,2060,275,0.5764574133158662
039514,1151,2060,194,0.58259894702484849
039514,1151,2060,201,0.59547199638663051
039514,1151,2060,203,0.6084158415841584
039514,1152,2060,176,0.57031172686788723
039514,1152,2060,181,0.58454689984101749
039514,1152,2060,188,0.58762818610479106
039514,1154,2060,163,0.58475488242327622
039514,1154,2060,165,0.57451566766350282
039514,1154,2060,169,0.60782683486238531
039514,1155,2060,241,0.56210351933411451
039514,1157,2060,226,0.58148781114131642
039514,1157,2060,236,0.5894147784453051
039514,1158,2060,558,0.58343640763646143
039514,1158,2060,560,0.57238451692347581
039514,1158,2060,570,0.58304868870491522
039514,1159,2060,142,0.59176136363636367
039514,1161,2060,295,0.58480778049526139
039514,1162,2060,123,0.58615788322764051
039514,1162,2060,129,0.58101229847044233
039514,1162,2060,146,0.5893261699786394
039514,1163,2060,301,0.5816494979130773
039514,1164,2060,279,0.58658531193350139
039514,1164,2060,280,0.58145525521436192
039514,1165,2060,162,0.59641674139414014
039514,1165,2060,175,0.58102554759301994
039514,1165,2060,180,0.58072262952323128
039514,1166,2060,318,0.56370671537721206
039514,1166,2060,328,0.58682120128211079
039514,1169,2060,480,0.58353721095414723
039514,1170,2060,209,0.59696219250454019
039514,1171,2060,300,0.58668002307015144
039514,1171,2060,303,0.59743690602798138
039514,1171,2060,319,0.60233297985153766
039514,1172,2060,231,0.57285112635384317
039514,1172,2060,234,0.59261385165426761
039514,1172,2060,235,0.60028815187298712
039514,1174,2060,413,0.5741796887779026
039514,1177,2060,380,0.59475858176407204
039514,1178,2060,341,0.57905275840418136
039514,1179,2060,123,0.58569190210903299
039514,1179,2060,133,0.58178321741162098
039514,1179,2060,141,0.54706446025135447
039514,1179,2060,143,0.58370657006421867
039514,1180,2060,296,0.5833068252541318
039514,1180,2060,297,0.59511706523100039
039514,1180,2060,314,0.56959757442116865
039514,1182,2060,183,0.59471752787905419
039514,1184,2060,331,0.60176127824504966
039514,1184,2060,340,0.60206015299026427
039514,1184,2060,344,0.59387501351497463
039514,1185,2060,64,0.58015779946033952
039514,1185,2060,82,0.58186638849045946
039514,1186,2060,233,0.58849265965578135
039514,1187,2060,405,0.58036775255481521
039514,1187,2060,426,0.56947693693468282
039514,1188,2060,487,0.55810971069251769
039514,1189,2060,216,0.61054661936417176
039514,1189,2060,219,0.58632570489315972
039514,1190,2060,190,0.59000770613922426
039514,1190,2060,191,0.5627049705941628
039514,1190,2060,201,0.57531036178145611
039514,1191,2060,312,0.60638990638990642
039514,1191,2060,313,0.58212797254228976
039514,1191,2060,319,0.58699302192416314
039514,1192,2060,380,0.57506759040216293
039514,1193,2060,393,0.58306227886392492
039514,1193,2060,395,0.57266366622694709
039514,1193,2060,396,0.59171603529628647
039514,1193,2060,414,0.57848221105743891
039514,1193,2060,417,0.57480608687822388
039514,1193,2060,424,0.58683466400532269
039514,1193,2060,425,0.57717966082157834
039514,1195,2060,183,0.58067760647019107
039514,1196,2060,175,0.58658500149387516
039514,1198,2060,273,0.57184056419620932
039514,1198,2060,278,0.60594840914639103
039514,1198,2060,303,0.61796291592583186
039514,1198,2060,308,0.55644942378402384
039514,1198,2060,310,0.5695873061304807
039514,1200,2060,306,0.57227089746625626
039514,1200,2060,309,0.58584617586716925
039514,1201,2060,327,0.57480582123632495
039514,1203,2060,324,0.55894894548807195
039514,1205,2060,274,0.63314378835685314
039514,1206,2060,116,0.59575291353816384
039514,1206,2060,118,0.58067169784327055
039514,1207,2060,128,0.5677435251082702
039514,1207,2060,142,0.55586241526487568
039514,1207,2060,148,0.5826117848922685
039514,1207,2060,154,0.5637435519528371
039514,1208,2060,220,0.55880719193100425
039514,1209,2060,438,0.56902356902356899
039514,1209,2060,449,0.57368078175895765
039514,1209,2060,451,0.58350999472601106
039514,1209,2060,459,0.60554412773043398
039514,1210,2060,432,0.60635920037777424
039514,1212,2060,600,0.59373857324441504
039514,1213,2060,149,0.5604045938257296
039514,1213,2060,154,0.58927253441315142
039514,1214,2060,252,0.57606242948476871
039514,1214,2060,270,0.57180899643334393
039514,1215,2060,280,0.59585865046370323
039514,1215,2060,288,0.61418822958883235
039514,1215,2060,289,0.58290435970479948
039514,1216,2060,123,0.57620537845435738
039514,1216,2060,137,0.57458340757133886
039514,1217,2060,335,0.57225228707640763
039514,1218,2060,291,0.62588399639125758
039514,1219,2060,220,0.57473435655253835
039514,1219,2060,226,0.56387528454162927
039514,1219,2060,242,0.58665656404530231
039514,1219,2060,249,0.58171945279545079
039514,1221,2060,221,0.60737466519874461
039514,1221,2060,226,0.5778069217699161
039514,1223,2060,260,0.60477692654348802
039514,1224,2060,394,0.60985904432839921
039514,1224,2060,404,0.57960856550771356
039514,1224,2060,406,0.60326445372609361
039514,1225,2060,226,0.57495635982776683
039514,1225,2060,257,0.57381488686392956
039514,1226,2060,257,0.59440543125772816
039514,1227,2060,421,0.56856008550923809
039514,1227,2060,428,0.61966710030354577
039514,1227,2060,432,0.59611049955443729
039514,1228,2060,269,0.57960119257525722
039514,1229,2060,174,0.56484201157098357
039514,1229,2060,185,0.58014629650961869
039514,1229,2060,190,0.58075490977775368
039514,1229,2060,194,0.58064330976214529
039514,1230,2060,322,0.58219992289239209
039514,1231,2060,286,0.57197799059459664
039514,1231,2060,293,0.5765062935275701
039514,1232,2060,176,0.58480329235533091
039514,1232,2060,177,0.58775211926337323
039514,1232,2060,178,0.59256730433245908
039514,1233,2060,134,0.5969111254970868
039514,1233,2060,137,0.57601688759760306
039514,1233,2060,138,0.5619244628319765
039514,1233,2060,149,0.588316518563061
039514,1235,2060,143,0.5862182008916863
039514,1235,2060,148,0.56482940263863668
039514,1235,2060,150,0.58466348527233836
039514,1235,2060,154,0.56304061677322303
039514,1235,2060,161,0.57815807595194979
039514,1236,2060,274,0.61527575263744749
039514,1236,2060,286,0.57612082554345834
039514,1237,2060,124,0.57958247062392021
039514,1237,2060,129,0.5642123029627174
039514,1237,2060,149,0.56624516129032254
039514,1237,2060,151,0.57262741483273805
039514,1238,2060,108,0.58066104309580857
039514,1239,2060,318,0.59409628457025798
039514,1239,2060,336,0.58891301895306858
039514,1239,2060,338,0.57566641931617102
039514,1239,2060,341,0.57784516765285998
039514,1241,2060,155,0.60420395612465005
039514,1243,2060,447,0.5884404731865881
039514,1244,2060,477,0.58836565096952909
039514,1246,2060,226,0.56770337285296724
039514,1246,2060,242,0.56817972031199515
039514,1247,2060,374,0.58104480283174575
039514,1247,2060,386,0.59461620469083154
039514,1247,2060,390,0.60329736965550385
039514,1247,2060,398,0.56956076265146116
039514,1247,2060,399,0.5961405330564209
039514,1250,2060,239,0.57625695979407399
039514,1250,2060,242,0.50133488102147417
039514,1251,2060,335,0.57490011854063305
039514,1253,2060,344,0.57735327677344739
039514,1253,2060,358,0.58581032658772136
039514,1255,2060,235,0.5694264730003098
039514,1256,2060,302,0.59569491965871191
039514,1256,2060,308,0.5824315503796077
039514,1256,2060,315,0.60963797069863179
039514,1258,2060,330,0.58495915246017827
039514,1259,2060,446,0.56129652745094027
039514,1260,2060,105,0.61385497373407849
039514,1260,2060,113,0.55787378959461675
039514,1262,2060,284,0.57822117712151599
039514,1262,2060,291,0.58471814727526339
039514,1263,2060,268,0.5886295444803803
039514,1263,2060,291,0.57373071950981958
039514,1263,2060,292,0.57182551182176156
039514,1264,2060,264,0.59538274605103281
039514,1265,2060,270,0.57807346609934795
039514,1265,2060,291,0.57255464893724184
039514,1266,2060,217,0.5829808830993064
039514,1266,2060,218,0.56856724624227928
039514,1267,2060,164,0.59130626533256159
039514,1269,2060,94,0.60557645134914151
039514,1271,2060,423,0.62506908367414615
039514,1272,2060,121,0.582612164733321
039514,1273,2060,183,0.58999263339952601
039514,1273,2060,187,0.57956641139565523
039514,1273,2060,190,0.61299467348054359
039514,1273,2060,213,0.57675211142391469
039514,1274,2060,202,0.58010689669217641
039514,1275,2060,76,0.59018716294808082
039514,1275,2060,101,0.58840064809573078
039514,1276,2060,292,0.60725672052749802
039514,1276,2060,307,0.58107632231760664
039514,1276,2060,310,0.56776866045750773
039514,1276,2060,314,0.56726684841184305
039514,1277,2060,141,0.56959883888053753
039514,1277,2060,152,0.56296073505301769
039514,1278,2060,192,0.58289446825882829
039514,1279,2060,497,0.57394858702589657
039514,1280,2060,183,0.58418269953839208
039514,1280,2060,204,0.57306876825219022
039514,1280,2060,211,0.58680996023318466
039514,1280,2060,218,0.5797077869252546
039514,1281,2060,181,0.57843792652015269
039514,1281,2060,184,0.61036496893485626
039514,1283,2060,229,0.56511443487455115
039514,1283,2060,245,0.58718289926705114
039514,1284,2060,281,0.58720671670956703
039514,1284,2060,297,0.59190430417601192
039514,1284,2060,308,0.57785568623068972
039514,1285,2060,393,0.58911514125145714
039514,1287,2060,160,0.59286455423417672
039514,1288,2060,322,0.59611896989481317
039514,1289,2060,424,0.5837426145510709
039514,1290,2060,197,0.57674804355222864
039514,1290,2060,211,0.59418376254910521
039514,1290,2060,212,0.58149512130301073
039514,1291,2060,450,0.60108575704917622
039514,1291,2060,462,0.57876846948921312
039514,1291,2060,465,0.58732899813820461
039514,1291,2060,477,0.58950846596019235
039514,1292,2060,237,0.57502225922456951
039514,1292,2060,265,0.5965640209029538
039514,1293,2060,215,0.57794904162375837
039514,1294,2060,324,0.57991583463982177
039514,1295,2060,174,0.5831454633348544
039514,1295,2060,190,0.57491897282473203
039514,1296,2060,417,0.5943587410562885
039514,1297,2060,419,0.60565086432687276
039514,1298,2060,277,0.56347114880675564
039514,1298,2060,287,0.58109357754377589
039514,1299,2060,362,0.58525741289227595
039514,1300,2060,503,0.58572735590118941
039514,1301,2060,157,0.57930125114495368
039514,1301,2060,165,0.59231991968543463
039514,1302,2060,146,0.58629008531921156
039514,1302,2060,185,0.58081001396575804
039514,1303,2060,303,0.5892766877872736
039514,1303,2060,306,0.56621211314121345
039514,1305,2060,211,0.59069475007859162
039514,1306,2060,176,0.56640527838506549
039514,1306,2060,188,0.58590024806769625
039514,1306,2060,202,0.59511879196918571
039514,1306,2060,207,0.57302078449757776
039514,1307,2060,319,0.59738846572361259
039514,1307,2060,351,0.57962591144457365
039514,1308,2060,389,0.59720367606629488
039514,1308,2060,405,0.56782174636475435
039514,1309,2060,227,0.5743507293659269
039514,1310,2060,199,0.59964210183829514
039514,1311,2060,420,0.57735454043208978
039514,1311,2060,423,0.60208040671616836
039514,1311,2060,424,0.57665612370409414
039514,1312,2060,179,0.58161496182079753
039514,1313,2060,246,0.61571635618084763
039514,1315,2060,252,0.56530648838341147
039514,1315,2060,253,0.59099328548275065
039514,1316,2060,273,0.59234208674731614
039514,1318,2060,90,0.55523755008586151
039514,1318,2060,92,0.57996752757645242
039514,1318,2060,98,0.53276281240883006
039514,1318,2060,101,0.55858235142023416
039514,1320,2060,378,0.60016643970343475
039514,1320,2060,385,0.57657131233935544
039514,1321,2060,422,0.57986673973867142
039514,1321,2060,434,0.60940759941834732
039514,1322,2060,131,0.57048540078110466
039514,1322,2060,151,0.51099953634788553
039514,1323,2060,271,0.57578152680493855
039514,1323,2060,276,0.58990393612376024
039514,1323,2060,279,0.58733006278844857
039514,1323,2060,283,0.5664122607250569
039514,1323,2060,288,0.63018722928601367
039514,1323,2060,290,0.58567763815818075
039514,1323,2060,296,0.55454743412934604
039514,1324,2060,387,0.57883944310537105
039514,1324,2060,388,0.59647469129983977
039514,1326,2060,276,0.59525655644241737
039514,1326,2060,285,0.5794465871378599
039514,1326,2060,291,0.59111297421924125
039514,1328,2060,403,0.56312848062656196
039514,1328,2060,412,0.59012566901657515
039514,1328,2060,430,0.57385708315921435
039514,1329,2060,214,0.60653333333333337
039514,1330,2060,220,0.59318976624332787
039514,1331,2060,432,0.57301883817704924
039514,1331,2060,443,0.58228998801702414
039514,1332,2060,98,0.58132888415133399
039514,1332,2060,115,0.60190279214064113
039514,1333,2060,175,0.59696917734813737
039514,1335,2060,378,0.57134876854170202
039514,1335,2060,384,0.58886336957076502
039514,1335,2060,394,0.60334459101886861
039514,1336,2060,456,0.57978367942974529
039514,1336,2060,460,0.58903422834773966
039514,1336,2060,477,0.5888500995909276
039514,1337,2060,186,0.58359497645211933
039514,1338,2060,377,0.59214554190723445
039514,1338,2060,393,0.59050215675103768
039514,1339,2060,354,0.58763171468572695
039514,1340,2060,292,0.57074095915082157
039514,1341,2060,500,0.58973225375893157
039514,1341,2060,504,0.58012653665959235
039514,1343,2060,464,0.58029994175888178
039514,1343,2060,466,0.576622134144258
039514,1343,2060,481,0.60810019042038965
039514,1344,2060,248,0.57613421241595408
039514,1344,2060,266,0.55916520382289836
039514,1344,2060,271,0.60408366533864544
039514,1344,2060,279,0.57694896006393137
039514,1345,2060,434,0.5570555368057899
039514,1345,2060,458,0.57935464791509217
039514,1345,2060,468,0.58787823328452904
039514,1347,2060,182,0.57142740399937897
039514,1347,2060,200,0.57654382953919892
039514,1348,2060,281,0.45868576163599695
039514,1348,2060,282,0.58958750159635609
039514,1348,2060,292,0.5611675921970668
039514,1348,2060,294,0.60069680238566237
039514,1349,2060,462,0.58840736728060672
039514,1349,2060,472,0.55864350191665635
039514,1350,2060,166,0.58991808667531409
039514,1350,2060,201,0.58269066406948777
039514,1351,2060,316,0.56611511808796489
039514,1352,2060,305,0.58405846556332819
039514,1354,2060,248,0.56984661366288591
039514,1356,2060,251,0.58809600422431785
039514,1358,2060,272,0.5872817489926877
039514,1358,2060,288,0.57948878478443899
039514,1358,2060,300,0.58361264373743105
039514,1359,2060,98,0.58192911368823064
039514,1359,2060,107,0.58029901133349404
039514,1359,2060,112,0.5957667798893973
039514,1361,2060,322,0.63018476119482458
039514,1361,2060,327,0.56647510299290804
039514,1362,2060,321,0.58644508134188333
039514,1362,2060,331,0.60319543068848414
039514,1362,2060,332,0.6062561026642489
039514,1364,2060,237,0.60098337322895778
039514,1364,2060,252,0.56036139160295984
039514,1366,2060,111,0.58343254092574259
039514,1366,2060,112,0.59545320993095341
039514,1367,2060,217,0.61054569802477399
039514,1370,2060,346,0.5920015909693549
039514,1370,2060,355,0.58861241027879185
039514,1370,2060,369,0.58896744000796575
039514,1371,2060,445,0.57677436055071107
039514,1371,2060,447,0.60393578146528482
039514,1371,2060,458,0.58462437422024294
039514,1373,2060,315,0.58880756215977637
039514,1375,2060,177,0.57932995675511956
039514,1375,2060,200,0.60633321338611013
039514,1377,2060,113,0.5854834704454609
039514,1377,2060,117,0.55613212462227779
039514,1377,2060,124,0.59047015988602181
039514,1377,2060,133,0.57026404394825447
039514,1378,2060,256,0.57282064457910598
039514,1378,2060,265,0.5736482124474378
039514,1379,2060,185,0.55910496098925366
039514,1380,2060,204,0.57478716437459065
039514,1381,2060,70,0.59967972990941099
039514,1381,2060,71,0.60374644275573064
039514,1381,2060,98,0.58097949886104783
039514,1381,2060,111,0.58858871233599264
039514,1382,2060,271,0.57653881488286629
039514,1383,2060,275,0.59178896665914049
039514,1383,2060,281,0.56388943675861491
039514,1383,2060,284,0.58870967741935487
039514,1386,2060,404,0.59734804358253957
039514,1386,2060,405,0.5925223302505731
039514,1386,2060,425,0.57830145697418545
039514,1386,2060,444,0.58892432233533665
039514,1387,2060,223,0.61121506794686953
039514,1388,2060,358,0.58470666126060467
039514,1388,2060,375,0.60927945794083627
039514,1389,2060,256,0.56722962302361446
039514,1389,2060,258,0.5708060819263352
039514,1389,2060,259,0.58514937994675764
039514,1389,2060,260,0.59835936960628633
039514,1389,2060,264,0.59447970818852858
039514,1390,2060,330,0.58798086920357662
039514,1390,2060,364,0.60297479350178307
039514,1394,2060,136,0.57258523764327951
039514,1394,2060,141,0.5687572028699952
039514,1394,2060,151,0.55976193830116916
039514,1396,2060,194,0.59255047482244039
039514,1396,2060,210,0.58417089952808099
039514,1396,2060,216,0.59386813061565635
039514,1397,2060,540,0.59165538253215977
039514,1398,2060,377,0.6188105842284517
039514,1400,2060,205,0.58692128421858147
039514,1400,2060,213,0.57529421422228189
039514,1401,2060,189,0.5713494518925939
039514,1401,2060,199,0.58913010298638724
039514,1401,2060,201,0.58609961639532426
039514,1402,2060,357,0.59027828589546594
039514,1402,2060,361,0.58344128442167653
039514,1402,2060,373,0.56608925676252242
039514,1403,2060,398,0.5874529086117547
039514,1403,2060,404,0.57214729180047097
039514,1403,2060,410,0.56309825911899236
039514,1404,2060,236,0.58033093409465597
039514,1404,2060,258,0.60953707260852863
039514,1405,2060,241,0.57027519153468242
039514,1406,2060,407,0.5774360418059612
039514,1406,2060,421,0.5670769003273356
039514,1407,2060,320,0.56879967284817667
039514,1407,2060,327,0.59913014632707973
039514,1407,2060,348,0.57466449142885245
039514,1408,2060,415,0.57984119429902559
039514,1408,2060,419,0.56712714797684316
039514,1410,2060,154,0.58658087208977727
039514,1411,2060,357,0.62164938825067717
039514,1411,2060,369,0.5786095568255486
039514,1411,2060,376,0.57522846500598424
039514,1412,2060,349,0.58892218207455715
039514,1412,2060,354,0.60057163931403279
039514,1412,2060,370,0.59451277456490459
039514,1413,2060,341,0.59792794756165024
039514,1413,2060,347,0.57872450743173176
039514,1413,2060,354,0.58975603299951473
039514,1413,2060,355,0.59014355851096889
039514,1414,2060,208,0.58722939785337458
039514,1415,2060,178,0.61003420752565563
039514,1415,2060,190,0.56393026941362911
039514,1416,2060,197,0.57894520997375332
039514,1416,2060,203,0.57312976586381803
039514,1416,2060,205,0.57223253981653444
039514,1416,2060,217,0.57627890502454082
039514,1417,2060,443,0.59545687581338491
039514,1417,2060,450,0.59599889841844367
039514,1418,2060,480,0.57408513518894599
039514,1418,2060,489,0.57453666398066072
039514,1420,2060,381,0.57795502331108872
039514,1423,2060,282,0.57556623510506044
039514,1425,2060,197,0.58122591522157996
039514,1425,2060,204,0.58008816448695422
039514,1426,2060,127,0.60825152154631923
039514,1426,2060,131,0.55997844682427422
039514,1426,2060,138,0.58972420105862222
039514,1427,2060,319,0.57482000876479056
039514,1427,2060,325,0.58135664568424561
039514,1427,2060,328,0.57747203291757743
039514,1427,2060,338,0.56768376715386559
039514,1427,2060,339,0.58212650080455497
039514,1428,2060,59,0.58357816607391366
039514,1428,2060,70,0.57540057008882095
039514,1428,2060,78,0.57192470864595035
039514,1430,2060,476,0.60270435848065818
039514,1431,2060,378,0.60250484717629038
039514,1431,2060,384,0.58446600477945887
039514,1431,2060,399,0.59338849969800844
039514,1432,2060,371,0.58390090917730542
039514,1433,2060,203,0.57812546594964265
039514,1433,2060,205,0.56549449069814417
039514,1433,2060,216,0.56102481699696483
039514,1434,2060,283,0.61238349981192797
039514,1434,2060,286,0.57689299594508414
039514,1435,2060,450,0.57908916191914339
039514,1435,2060,452,0.58897125325861421
039514,1437,2060,376,0.59474199070677425
039514,1437,2060,389,0.55638253504860291
039514,1438,2060,391,0.59400163777808102
039514,1438,2060,414,0.57752933275392093
039514,1438,2060,422,0.58617967635182322
039514,1440,2060,560,0.57856372530139044
039514,1441,2060,143,0.57494728066303757
039514,1441,2060,157,0.60500253221540712
039514,1442,2060,133,0.57170659659888368
039514,1442,2060,138,0.59122796557960211
039514,1443,2060,347,0.59618143948160152
039514,1443,2060,351,0.57639997870754822
039514,1444,2060,585,0.56877931258449199
039514,1445,2060,82,0.58841828691539677
039514,1446,2060,101,0.59693434617471519
039514,1446,2060,130,0.57719732653175204
039514,1446,2060,131,0.57474086708777716
039514,1446,2060,139,0.57814631650750337
039514,1447,2060,96,0.59434042795356246
039514,1447,2060,117,0.59994779820276667
039514,1448,2060,201,0.59970209109137784
039514,1450,2060,229,0.57236506242168284
039514,1450,2060,232,0.59318103744417727
039514,1451,2060,455,0.61141318286740187
039514,1453,2060,341,0.5760619351086772
039514,1454,2060,327,0.65811863391252245
039514,1455,2060,546,0.61575787280970473
039514,1455,2060,548,0.55277761994052688
039514,1456,2060,209,0.6035481535119479
039514,1457,2060,344,0.57697381922659707
039514,1459,2060,378,0.58521742479682626
039514,1459,2060,379,0.5750284979748248
039514,1460,2060,55,0.55769046569989078
039514,1460,2060,58,0.56716417910447758
039514,1460,2060,70,0.56477375468205104
039514,1460,2060,73,0.58222379722911288
039514,1460,2060,74,0.58094245012497503
039514,1462,2060,185,0.56026192874805381
039514,1462,2060,199,0.54035866662041698
039514,1462,2060,218,0.58084852615437044
039514,1462,2060,221,0.58228163105691633
039514,1463,2060,165,0.55418407222746258
039514,1463,2060,180,0.60041754881204423
039514,1463,2060,192,0.57851812584104723
039514,1464,2060,318,0.59409800352571907
039514,1464,2060,319,0.60449422446582879
039514,1464,2060,328,0.58133872137602316
039514,1464,2060,329,0.59739736070381233
039514,1466,2060,296,0.58647677700795486
039514,1467,2060,280,0.54554717188962931
039514,1467,2060,295,0.59216776735024912
039514,1467,2060,299,0.57788767826631982
039514,1468,2060,218,0.57128727319896877
039514,1468,2060,223,0.57626842724066207
039514,1468,2060,227,0.58435671476812934
039514,1469,2060,345,0.58950853068500131
039514,1469,2060,370,0.58777465804590301
039514,1470,2060,273,0.58201283116101732
039514,1470,2060,284,0.57055263896124719
039514,1471,2060,264,0.57819244208239129
039514,1471,2060,272,0.58909530614488292
039514,1472,2060,291,0.58004786651241658
039514,1472,2060,294,0.60506877792029723
039514,1473,2060,141,0.56502703160339129
039514,1473,2060,152,0.59213837031302241
039514,1474,2060,430,0.59180876637235735
039514,1478,2060,164,0.58812615955473102
039514,1478,2060,172,0.611639239495127
039514,1479,2060,84,0.60524543763339
039514,1479,2060,85,0.57727381094290142
039514,1479,2060,96,0.58020241735838063
039514,1480,2060,141,0.59490748485963796
039514,1480,2060,166,0.59037328094302555
039514,1480,2060,170,0.57095526026197774
039514,1481,2060,455,0.56996754574958408
039514,1481,2060,463,0.59952263714785092
039514,1481,2060,467,0.58618652827880091
039514,1483,2060,286,0.58866311015205097
039514,1484,2060,242,0.58093491639211781
039514,1484,2060,244,0.59053217172247296
039514,1485,2060,118,0.59148007688711102
039514,1485,2060,122,0.59441082610203433
039514,1485,2060,139,0.59185251927631111
039514,1486,2060,201,0.53949001666843988
039514,1486,2060,226,0.6034028469522188
039514,1487,2060,249,0.59245163336504914
039514,1488,2060,269,0.56641150002921758
039514,1488,2060,271,0.59255699911170212
039514,1488,2060,276,0.60660404212923424
039514,1489,2060,376,0.59881545120244717
039514,1490,2060,446,0.61754111730324857
039514,1490,2060,452,0.57858691083511216
039514,1492,2060,136,0.59035147322255854
039514,1493,2060,188,0.5863148479427549
039514,1494,2060,492,0.58342179759377211
039514,1495,2060,414,0.56967413110665288
039514,1496,2060,199,0.58836615963203942
039514,1497,2060,425,0.58592381786339753
039514,1498,2060,64,0.57867639662377801
039514,1498,2060,75,0.58426395939086295
039514,1499,2060,207,0.56420145190562609
039514,1499,2060,220,0.59721888515136956
039514,1499,2060,230,0.58490188892960659
039514,1501,2060,293,0.57933251939424735
039514,1501,2060,309,0.59208447242356599
039514,1501,2060,332,0.57002576370997426
039514,1502,2060,276,0.58948938097685855
039514,1502,2060,288,0.59074037898026954
039514,1503,2060,349,0.59291408325952166
039514,1504,2060,366,0.60217681878938323
039514,1504,2060,377,0.56281043637124861
039514,1504,2060,380,0.57220060046702992
039514,1505,2060,527,0.57973081932642812
039514,1505,2060,531,0.5799469007368877
039514,1506,2060,361,0.58522258522258519
039514,1506,2060,391,0.59982259530093895
039514,1507,2060,197,0.5664265706282513
039514,1508,2060,487,0.59031953779035495
039514,1509,2060,359,0.58075771559777589
039514,1510,2060,236,0.59482078004105476
039514,1510,2060,264,0.5766865378810746
039514,1510,2060,274,0.56201085584448374
039514,1510,2060,275,0.58901038253251004
039514,1513,2060,167,0.58952293424680424
039514,1513,2060,171,0.57311375055866298
039514,1515,2060,364,0.61320723189519766
039514,1516,2060,279,0.58031879354777127
039514,1516,2060,297,0.58559915337023771
039514,1517,2060,180,0.58466010505380184
039514,1519,2060,355,0.59439215686274505
039514,1519,2060,367,0.59650361763647752
039514,1519,2060,371,0.61523650062787782
039514,1520,2060,243,0.58067714973792317
039514,1520,2060,250,0.58403317781233799
039514,1520,2060,253,0.57972329935443678
039514,1520,2060,269,0.56802446506415427
039514,1520,2060,277,0.58265928220395569
039514,1521,2060,298,0.56465656239922601
039514,1521,2060,303,0.59868883165535003
039514,1522,2060,309,0.59050126255842694
039514,1523,2060,280,0.55695514888126851
039514,1524,2060,596,0.57104209120933169
039514,1525,2060,228,0.55987588480558514
039514,1525,2060,244,0.57437234066252307
039514,1525,2060,255,0.57594424230000507
039514,1525,2060,262,0.59124567694298868
039514,1528,2060,487,0.56442297311886003
039514,1528,2060,510,0.6065141527723924
039514,1528,2060,511,0.59576728336299545
039514,1529,2060,406,0.58135885768084106
039514,1530,2060,297,0.56549311174283845
039514,1530,2060,299,0.58197954271961494
039514,1532,2060,343,0.57574703605129451
039514,1533,2060,297,0.59789575123924943
039514,1535,2060,203,0.57190987728246678
039514,1535,2060,206,0.58742464781921921
039514,1536,2060,112,0.572159969526159
039514,1536,2060,125,0.57343155893536124
039514,1536,2060,131,0.58399933813187721
039514,1537,2060,198,0.59725582851774883
039514,1537,2060,199,0.55442399673715559
039514,1537,2060,209,0.56875435509206218
039514,1539,2060,383,0.62126587356307428
039514,1541,2060,151,0.56404373808951136
039514,1542,2060,338,0.57125943073157526
039514,1543,2060,204,0.61365447622420966
039514,1544,2060,320,0.56854190947176109
039514,1544,2060,354,0.57616790792146244
039514,1545,2060,362,0.57333416833667339
039514,1547,2060,413,0.56811207288039967
039514,1547,2060,427,0.56068105325678086
039514,1548,2060,349,0.5927265038587588
039514,1550,2060,578,0.59220773746166577
039514,1551,2060,296,0.59805804360183745
039514,1551,2060,298,0.57591851395730709
039514,1551,2060,303,0.57318627101193698
039514,1553,2060,224,0.57324199852935487
039514,1553,2060,231,0.57900052316720874
039514,1553,2060,233,0.48513081837541833
039514,1554,2060,266,0.57553712894177123
039514,1554,2060,279,0.57278336654582118
039514,1555,2060,149,0.56408153386936299
039514,1555,2060,161,0.58505427777618657
039514,1555,2060,168,0.58944503772089984
039514,1555,2060,176,0.58638494978833267
039514,1558,2060,518,0.5781367908348769
039514,1558,2060,522,0.59256717003333992
039514,1559,2060,328,0.5764276280775068
039514,1559,2060,354,0.57011139674378752
039514,1560,2060,319,0.55041829562258193
039514,1561,2060,162,0.58094847615142819
039514,1562,2060,378,0.57442350497106398
039514,1563,2060,320,0.58977594273328626
039514,1566,2060,197,0.58235686386586649
039514,1567,2060,367,0.6085500461333424
039514,1568,2060,408,0.58305933394272613
039514,1568,2060,440,0.59606968871274046
039514,1569,2060,132,0.56921374659167245
039514,1570,2060,380,0.59846073722585502
039514,1570,2060,415,0.57235505012445476
039514,1573,2060,136,0.58003319527820441
039514,1573,2060,139,0.60269195199946513
039514,1573,2060,153,0.57901997446187525
039514,1573,2060,167,0.56571959253562409
039514,1573,2060,175,0.5950985137775866
039514,1574,2060,218,0.576524977526647
039514,1574,2060,229,0.57749556192817153
039514,1574,2060,232,0.60035290738233005
039514,1574,2060,237,0.5811319856935534
039514,1574,2060,242,0.60331185957023648
039514,1575,2060,399,0.57798800184586985
039514,1575,2060,404,0.58381224353154215
039514,1577,2060,198,0.56720894143083822
039514,1579,2060,354,0.57016683022571146
039514,1580,2060,295,0.53331078796077103
039514,1580,2060,301,0.57981245766035583
039514,1582,2060,201,0.5888228069041308
039514,1584,2060,312,0.56835028443371838
039514,1585,2060,221,0.58635289841904414
039514,1586,2060,186,0.5687329332701081
039514,1587,2060,374,0.59356171458082285
039514,1587,2060,382,0.60110865098201627
039514,1588,2060,542,0.57400827619432715
039514,1589,2060,307,0.58314480164604454
039514,1591,2060,432,0.58608058608058611
039514,1591,2060,447,0.59532620062746355
039514,1592,2060,269,0.58269126138617333
039514,1592,2060,285,0.51944704292693067
039514,1592,2060,288,0.58478907161404436
039514,1593,2060,134,0.5742843272930146
039514,1594,2060,384,0.59056197376150377
039514,1594,2060,411,0.60326713054697945
039514,1596,2060,316,0.59480449919657208
039514,1596,2060,333,0.58526704897902349
039514,1596,2060,341,0.58448852239803872
039514,1598,2060,261,0.57551089343016382
039514,1600,2060,217,0.59287132517773655
039514,1602,2060,379,0.59035640387789734
039514,1603,2060,332,0.58214415286007981
039514,1603,2060,344,0.55684575242408507
039514,1605,2060,273,0.55284476615534639
039514,1605,2060,297,0.58390147747617416
039514,1606,2060,360,0.58829427806837709
039514,1606,2060,383,0.60775700934579435
039514,1607,2060,132,0.59503774998559156
039514,1607,2060,134,0.6091221555984847
039514,1607,2060,152,0.58507631430186546
039514,1608,2060,275,0.57652202529265195
039514,1608,2060,283,0.58267061014349875
039514,1609,2060,276,0.59115899063287258
039514,1610,2060,562,0.59079280072201623
039514,1610,2060,580,0.59248243176989701
039514,1611,2060,334,0.6048105861558305
039514,1611,2060,342,0.58019742944216246
039514,1613,2060,171,0.57279269497919016
039514,1614,2060,366,0.60423751480646515
039514,1614,2060,370,0.57835759103538376
039514,1614,2060,382,0.56428993832896845
039514,1615,2060,360,0.59509501380542473
039514,1617,2060,269,0.59246167879593092
039514,1620,2060,103,0.58246172565818533
039514,1620,2060,127,0.56890608782563012
039514,1621,2060,255,0.58920595324377623
039514,1622,2060,244,0.5924783285174483
039514,1622,2060,247,0.56461423717576864
039514,1622,2060,264,0.58766924401526155
039514,1622,2060,275,0.58599994892356411
039514,1623,2060,179,0.58986083499005959
039514,1624,2060,247,0.59602956136676444
039514,1624,2060,250,0.5581855726402376
039514,1624,2060,270,0.56083875556492191
039514,1626,2060,526,0.58851549755301791
039514,1626,2060,534,0.58562017738631211
039514,1626,2060,537,0.59070591551564455
039514,1626,2060,559,0.59890371074601145
039514,1626,2060,570,0.57541856746460984
039514,1629,2060,441,0.57795112176620034
039514,1630,2060,182,0.57789551243816006
039514,1630,2060,194,0.57108055658780299
039514,1631,2060,290,0.57674654678606385
039514,1631,2060,327,0.56510033884668343
039514,1633,2060,214,0.58109202851587816
039514,1634,2060,88,0.58008207317178972
039514,1634,2060,107,0.59390094103930713
039514,1635,2060,319,0.60651489913011292
039514,1636,2060,129,0.58401996752270402
039514,1636,2060,132,0.57841781874039944
039514,1636,2060,136,0.58617710583153348
039514,1637,2060,435,0.59665682519125018
039514,1637,2060,442,0.56915064531676751
039514,1638,2060,200,0.56739095184044108
039514,1640,2060,202,0.57823834196891188
039514,1641,2060,267,0.5750955146524086
039514,1642,2060,172,0.57842537387765558
039514,1642,2060,177,0.58209757301999976
039514,1643,2060,210,0.61449232802290576
039514,1644,2060,285,0.57881605682752912
039514,1645,2060,251,0.59772849973005937
039514,1647,2060,221,0.57163406689704199
039514,1649,2060,434,0.57177808823425125
039514,1649,2060,449,0.58115887427947099
039514,1650,2060,398,0.60965078296953634
039514,1653,2060,295,0.58533974441205483
039514,1654,2060,175,0.6097552385983448
039514,1654,2060,180,0.59881122425471134
039514,1655,2060,417,0.56014031300593636
039514,1656,2060,250,0.58502706092773682
039514,1657,2060,470,0.59426498275898543
039514,1657,2060,474,0.58995671573700081
039514,1659,2060,215,0.56990829287430733
039514,1659,2060,243,0.58721279923012148
039514,1660,2060,250,0.58294968149246029
039514,1661,2060,261,0.56046644060777051
039514,1664,2060,177,0.60366326398759529
039514,1664,2060,183,0.56830855426659521
039514,1664,2060,185,0.58226274956796709
039514,1665,2060,104,0.59130326542467115
039514,1665,2060,123,0.58757529671378306
039514,1667,2060,573,0.58408210370126123
039514,1669,2060,293,0.56599864130434785
039514,1670,2060,339,0.61541389153187442
039514,1670,2060,340,0.57350746268656716
039514,1671,2060,314,0.57404279102481182
039514,1671,2060,334,0.58083948279942343
039514,1672,2060,407,0.58210157135742824
039514,1673,2060,437,0.58645879732739425
039514,1673,2060,454,0.60587889476778367
039514,1674,2060,222,0.58719607291693299
039514,1675,2060,460,0.57699510227600115
039514,1675,2060,463,0.57703780259299409
039514,1677,2060,313,0.58695545405431948
039514,1678,2060,345,0.58430554106229782
039514,1678,2060,349,0.58154913226844573
039514,1678,2060,368,0.5675947938912842
039514,1678,2060,380,0.57511478576148278
039514,1679,2060,175,0.56109670351006147
039514,1679,2060,195,0.57917787979526147
039514,1679,2060,215,0.58066282367561384
039514,1680,2060,228,0.57526778882938023
039514,1681,2060,376,0.56805893172386379
039514,1681,2060,379,0.5608651082102124
039514,1681,2060,388,0.57888832800493573
039514,1682,2060,492,0.57124909469825735
039514,1683,2060,341,0.585131250167925
039514,1683,2060,358,0.56701826317935833
039514,1684,2060,118,0.5644274758911233
039514,1684,2060,123,0.57876329722640496
039514,1685,2060,190,0.58819234379889429
039514,1688,2060,242,0.61001940106417718
039514,1689,2060,202,0.58160377358490567
039514,1689,2060,219,0.59054494536773483
039514,1690,2060,254,0.56881956701847913
039514,1690,2060,259,0.58121973579051289
039514,1690,2060,275,0.5886470337174563
039514,1691,2060,369,0.56769313240812436
039514,1691,2060,375,0.58825253150131862
039514,1691,2060,387,0.58295692093290163
039514,1693,2060,187,0.5932167610737783
039514,1693,2060,193,0.61104280764502072
039514,1693,2060,201,0.55999264154414363
039514,1694,2060,127,0.57424054108737754
039514,1694,2060,138,0.57459798589835676
039514,1695,2060,172,0.59205783157392422
039514,1695,2060,183,0.58931134364969595
039514,1695,2060,191,0.59562580408013233
039514,1695,2060,196,0.5836891404362361
039514,1695,2060,197,0.60703090533355009
039514,1696,2060,121,0.57977450066699565
039514,1697,2060,153,0.58816941559763791
039514,1698,2060,80,0.58762754047774302
039514,1698,2060,81,0.58618646299710297
039514,1698,2060,83,0.58493147425525838
039514,1698,2060,102,0.5829005729339698
039514,1699,2060,201,0.58322766083354471
039514,1700,2060,134,0.60046586996151508
039514,1700,2060,146,0.57124944383772192
039514,1700,2060,150,0.57445821630118277
039514,1700,2060,151,0.5755649969652612
039514,1700,2060,162,0.57075584511978883
039514,1702,2060,259,0.5838184277062386
039514,1702,2060,271,0.58759883905770871
039514,1702,2060,277,0.56412901451069386
039514,1704,2060,187,0.57926305637394138
039514,1705,2060,242,0.57929274801416997
039514,1705,2060,244,0.55843014277908443
039514,1705,2060,259,0.615573702191484
039514,1706,2060,332,0.58262685056307728
039514,1707,2060,373,0.58335692296804786
039514,1707,2060,380,0.55822579398809979
039514,1707,2060,393,0.57538520085315015
039514,1707,2060,399,0.62742141057199285
039514,1707,2060,403,0.57550447853392361
039514,1708,2060,419,0.60116991754676674
039514,1708,2060,436,0.59090100080776553
039514,1709,2060,80,0.56600515528416628
039514,1710,2060,196,0.58611997119045167
039514,1710,2060,198,0.59184292394685867
039514,1710,2060,200,0.57403312075704582
039514,1710,2060,207,0.5996393660434659
039514,1711,2060,204,0.59500623906595851
039514,1712,2060,261,0.58742788111057886
039514,1713,2060,283,0.61511762437331274
039514,1714,2060,372,0.58532064232603664
039514,1714,2060,376,0.56125682018320311
039514,1715,2060,211,0.53531396545808074
039514,1715,2060,214,0.56991937328453801
039514,1715,2060,224,0.5669828688015196
039514,1716,2060,123,0.58543975428547712
039514,1717,2060,214,0.5983758854659168
039514,1718,2060,489,0.57126826655785368
039514,1718,2060,503,0.57826317483762235
039514,1718,2060,523,0.57942339135293996
039514,1720,2060,289,0.56081889647808236
039514,1721,2060,374,0.58470456245325353
039514,1722,2060,218,0.5817189521707401
039514,1722,2060,224,0.57803127716278635
039514,1723,2060,360,0.56626248494034437
039514,1723,2060,364,0.59158136384163784
039514,1723,2060,367,0.56427614413652072
039514,1724,2060,224,0.58775754639535982
039514,1724,2060,225,0.57277387054476103
039514,1724,2060,227,0.58317317346031383
039514,1725,2060,395,0.57911507647487259
039514,1727,2060,394,0.57225535935746763
039514,1727,2060,395,0.57269368148786792
039514,1728,2060,257,0.56337468544435121
039514,1729,2060,158,0.55480743334231075
039514,1729,2060,170,0.58362276666979562
039514,1730,2060,117,0.57144356220924131
039514,1730,2060,124,0.56430946656718339
039514,1730,2060,134,0.57768396010257106
039514,1731,2060,144,0.58156492726065978
039514,1732,2060,214,0.61196700129211812
039514,1732,2060,233,0.56565686419388206
039514,1733,2060,256,0.55516805799648505
039514,1733,2060,260,0.58312136019813909
039514,1734,2060,194,0.57870211638562474
039514,1737,2060,476,0.57086854255597175
039514,1737,2060,482,0.59446155466055961
039514,1737,2060,502,0.60306518538348275
039514,1738,2060,495,0.56386525724025538
039514,1738,2060,499,0.57021425535638393
039514,1739,2060,300,0.57285563074131474
039514,1739,2060,304,0.58883680555555551
039514,1739,2060,337,0.57101959040514816
039514,1741,2060,199,0.57806031353620968
039514,1742,2060,349,0.58607381418257876
039514,1742,2060,356,0.58765526258444101
039514,1743,2060,306,0.58106316429455673
039514,1743,2060,314,0.57824966792365362
039514,1744,2060,257,0.5807846567745556
039514,1745,2060,344,0.58250451535219749
039514,1745,2060,347,0.56267859130886555
039514,1746,2060,181,0.5740974595156737
039514,1746,2060,212,0.57483689322583931
039514,1747,2060,257,0.56939939432137865
039514,1747,2060,264,0.58480820880104678
039514,1747,2060,274,0.58103680617204312
039514,1747,2060,282,0.57945201144618885
039514,1748,2060,341,0.57461663066954649
039514,1749,2060,152,0.58100015554518591
039514,1749,2060,168,0.58022149837133552
039514,1750,2060,272,0.58569967691258851
039514,1751,2060,423,0.60977337110481589
039514,1751,2060,446,0.56621021650204528
039514,1751,2060,450,0.55210435028848537
039514,1752,2060,302,0.58809500049895225
039514,1752,2060,314,0.58798151413153821
039514,1755,2060,303,0.55714459909070324
039514,1757,2060,218,0.59565982848813359
039514,1757,2060,240,0.58383573913942188
039514,1757,2060,246,0.56833995522658975
039514,1758,2060,374,0.58479790355199812
039514,1761,2060,247,0.61687787145958495
039514,1761,2060,255,0.56691959673684589
039514,1762,2060,602,0.58392317268362082
039514,1762,2060,624,0.56061195024433585
039514,1764,2060,214,0.57522561863173216
039514,1765,2060,129,0.57651479825547902
039514,1765,2060,145,0.56384197314225826
039514,1767,2060,250,0.58848076908215552
039514,1768,2060,300,0.57760850117921336
039514,1769,2060,225,0.58281602708803615
039514,1769,2060,232,0.57703784718002726
039514,1769,2060,239,0.57742679774426642
039514,1769,2060,244,0.56744932186087205
039514,1769,2060,251,0.59013305938753546
039514,1769,2060,257,0.5967956729291729
039514,1769,2060,267,0.56177848747414993
039514,1770,2060,590,0.55986189621907045
039514,1770,2060,592,0.58073099257501393
039514,1771,2060,146,0.58094450914828866
039514,1771,2060,173,0.56321929686268324
039514,1772,2060,289,0.58604405079166011
039514,1773,2060,133,0.58519187213360524
039514,1773,2060,138,0.57682428312994116
039514,1774,2060,370,0.6112260561970233
039514,1775,2060,158,0.57840819542947197
039514,1778,2060,268,0.58213151217475811
039514,1778,2060,290,0.57217260908567524
039514,1778,2060,296,0.59005489864864868
039514,1779,2060,317,0.57550175472644061
039514,1779,2060,331,0.58904836625438439
039514,1781,2060,360,0.58040614309629524
039514,1781,2060,362,0.57683998845185114
039514,1781,2060,393,0.58402392447935436
039514,1782,2060,444,0.58959308606409799
039514,1782,2060,445,0.56974838976985953
039514,1783,2060,425,0.57695542472666106
039514,1783,2060,426,0.59640224980605117
039514,1783,2060,427,0.58720439463397534
039514,1785,2060,325,0.60458001529671124
039514,1786,2060,307,0.58787038508540712
039514,1786,2060,326,0.57661383699065372
039514,1787,2060,207,0.57880222162363237
039514,1787,2060,239,0.58723103464800885
039514,1787,2060,241,0.59655644182864809
039514,1787,2060,242,0.60056459647957494
039514,1788,2060,245,0.57067396318125829
039514,1789,2060,502,0.56919552230149062
039514,1789,2060,503,0.59205226886243623
039514,1789,2060,505,0.59536509104285451
039514,1789,2060,511,0.57510472770795928
039514,1789,2060,523,0.59288276020789776
039514,1789,2060,536,0.58425721534001052
039514,1789,2060,539,0.59531696173615078
039514,1790,2060,177,0.59397093905877252
039514,1791,2060,265,0.58470030814856
039514,1791,2060,278,0.59885148248143449
039514,1792,2060,289,0.58189130506299969
039514,1793,2060,299,0.58020496869641502
039514,1793,2060,317,0.58390044087863135
039514,1794,2060,270,0.5926888788734872
039514,1794,2060,276,0.5824967344653853
039514,1794,2060,277,0.57276271023016845
039514,1794,2060,282,0.57131119228796612
039514,1795,2060,33,0.58653200857708743
039514,1795,2060,40,0.60127197352720474
039514,1795,2060,51,0.57725958399403043
039514,1795,2060,54,0.57116054677030281
039514,1796,2060,443,0.57782498451532982
039514,1798,2060,339,0.58979575096382575
039514,1799,2060,203,0.57481722822631909
039514,1799,2060,207,0.57476643480632839
039514,1801,2060,122,0.58743914015371901
039514,1801,2060,137,0.57969004195564688
039514,1801,2060,144,0.59359430604982211
039514,1802,2060,455,0.57671778016216879
039514,1802,2060,456,0.59184880004434015
039514,1803,2060,206,0.58409451134822465
039514,1804,2060,118,0.58341013045647083
039514,1805,2060,274,0.59103709118647296
039514,1806,2060,407,0.60665366372622898
039514,1807,2060,420,0.57445573294629904
039514,1808,2060,201,0.59877858710518783
039514,1809,2060,213,0.58582595203959387
039514,1809,2060,235,0.59866706540778403
039514,1809,2060,237,0.6068682764807497
039514,1810,2060,241,0.59903907170700754
039514,1811,2060,245,0.59377244433804166
039514,1811,2060,255,0.57541546812865763
039514,1812,2060,285,0.58088198158903603
039514,1813,2060,411,0.59002938857429577
039514,1813,2060,429,0.57075788061703558
039514,1815,2060,330,0.564499831593129
039514,1815,2060,345,0.57896379525593011
039514,1816,2060,266,0.58953434500247903
039514,1818,2060,179,0.6187877721058499
039514,1818,2060,183,0.58375694807354273
039514,1819,2060,237,0.57890385590511251
039514,1820,2060,139,0.61047151132947131
039514,1820,2060,158,0.582263607590638
039514,1821,2060,195,0.57574839528146482
039514,1821,2060,207,0.56685917370057748
039514,1822,2060,110,0.61464546056991387
039514,1823,2060,281,0.58093718185070031
039514,1824,2060,328,0.60315177540561893
039514,1824,2060,350,0.58605470560964301
039514,1824,2060,351,0.57854645016129469
039514,1825,2060,193,0.58725380899293944
039514,1826,2060,296,0.59983352755119024
039514,1827,2060,266,0.57851775671493821
039514,1827,2060,284,0.56874953809770157
039514,1828,2060,336,0.57463641652123332
039514,1829,2060,337,0.57383770642107323
039514,1832,2060,135,0.57988513129163077
039514,1832,2060,138,0.60206381212193094
039514,1832,2060,140,0.58580420348773332
039514,1832,2060,144,0.58296264915625218
039514,1833,2060,315,0.57031440409456491
039514,1834,2060,338,0.58009037023619037
039514,1834,2060,339,0.59336465761919521
039514,1834,2060,348,0.57363521569318421
039514,1834,2060,369,0.56722237095086281
039514,1835,2060,152,0.57369676945668135
039514,1835,2060,156,0.57252343777849068
039514,1836,2060,311,0.59515444074424861
039514,1836,2060,315,0.58145463573552303
039514,1837,2060,311,0.49504313119608601
039514,1837,2060,312,0.58536323178466232
039514,1838,2060,269,0.57132098592088632
039514,1839,2060,144,0.58145789878142495
039514,1839,2060,155,0.5789867348052673
039514,1840,2060,123,0.5864373521094246
039514,1842,2060,353,0.58101761599262747
039514,1842,2060,363,0.5866780040716546
039514,1842,2060,372,0.56841667174208743
039514,1843,2060,357,0.57488687223362434
039514,1845,2060,109,0.5845812109838765
039514,1845,2060,113,0.61047369833601717
039514,1845,2060,126,0.5769310655189126
039514,1846,2060,266,0.57972612501564857
039514,1846,2060,267,0.61344755970924192
039514,1846,2060,271,0.58092288242730716
039514,1847,2060,345,0.54731944348942219
039514,1847,2060,352,0.56161355224918652
039514,1848,2060,260,0.59061872909698998
039514,1848,2060,286,0.58041452956288797
039514,1849,2060,330,0.58834992844310463
039514,1851,2060,475,0.57124888632671245
039514,1851,2060,478,0.57659267731827335
039514,1851,2060,485,0.59166717763198229
039514,1851,2060,498,0.58380299329951779
039514,1851,2060,510,0.6260940919037199
039514,1852,2060,300,0.56977598237238336
039514,1855,2060,167,0.58835040934552596
039514,1855,2060,169,0.575441191077952
039514,1857,2060,554,0.5721622751986617
039514,1858,2060,299,0.57092511013215863
039514,1858,2060,301,0.5656319688309025
039514,1859,2060,454,0.57461716675142682
039514,1859,2060,455,0.61179785493546623
039514,1859,2060,457,0.59375410395818562
039514,1859,2060,475,0.59454846012865203
039514,1860,2060,369,0.58152436082971537
039514,1860,2060,381,0.58418465484077797
039514,1860,2060,386,0.58238160048918086
039514,1860,2060,395,0.60414198135078045
039514,1861,2060,151,0.58695994954273101
039514,1861,2060,164,0.57465898481087607
039514,1861,2060,190,0.5910205521742965
039514,1861,2060,191,0.57166685024625896
039514,1862,2060,221,0.57735435703784843
039514,1863,2060,233,0.58241872742428458
039514,1864,2060,417,0.57427999383951944
039514,1865,2060,267,0.57529973227796527
039514,1865,2060,277,0.58691236054837104
039514,1866,2060,375,0.56939071566731136
039514,1866,2060,399,0.56005780965635366
039514,1867,2060,196,0.57845505079547632
039514,1867,2060,208,0.57601446687936975
039514,1869,2060,461,0.56553007163880709
039514,1870,2060,200,0.56937595954122644
039514,1870,2060,203,0.57096647287668834
039514,1871,2060,187,0.56540651692502375
039514,1871,2060,198,0.57200435447500064
039514,1872,2060,247,0.59073513363970309
039514,1872,2060,255,0.59558826672137521
039514,1872,2060,261,0.57876235476728521
039514,1872,2060,282,0.57863195540806134
039514,1873,2060,374,0.59824139013922328
039514,1873,2060,387,0.57954236876330945
039514,1873,2060,394,0.57396884091465239
039514,1874,2060,216,0.5712541906644889
039514,1874,2060,220,0.60687699397376815
039514,1875,2060,346,0.57191334265470595
039514,1876,2060,200,0.58004127358490565
039514,1876,2060,202,0.60059155971055833
039514,1876,2060,227,0.58467861374407581
039514,1877,2060,119,0.57529294536578579
039514,1877,2060,122,0.58401732994534117
039514,1877,2060,141,0.59425523398478963
039514,1878,2060,262,0.57632376222506165
039514,1879,2060,395,0.57787904718314065
039514,1879,2060,406,0.57208867473345437
039514,1879,2060,419,0.59639391766307137
039514,1879,2060,420,0.57563870653035509
039514,1880,2060,129,0.59186061087201769
039514,1880,2060,133,0.58776530337952615
039514,1880,2060,149,0.56167851231623012
039514,1881,2060,440,0.58873775843307941
039514,1881,2060,452,0.55955958767519587
039514,1881,2060,453,0.57274118062407775
039514,1882,2060,535,0.56743188039008019
039514,1882,2060,541,0.59492720506626628
039514,1883,2060,257,0.54920548583861062
039514,1883,2060,262,0.58848176372992889
039514,1884,2060,420,0.58620306816178058
039514,1884,2060,439,0.57245049504950496
039514,1885,2060,234,0.62168302148739474
039514,1886,2060,203,0.59626436781609193
039514,1886,2060,235,0.58525243130673887
039514,1887,2060,262,0.58218830949431244
039514,1888,2060,462,0.58697856568411488
039514,1889,2060,397,0.56161880859230828
039514,1891,2060,459,0.59559560662311484
039514,1891,2060,486,0.57086329404756841
039514,1892,2060,221,0.58769744586492922
039514,1893,2060,244,0.58608058608058611
039514,1893,2060,249,0.46294337493829774
039514,1893,2060,250,0.56982236369237083
039514,1895,2060,235,0.5734487111564599
039514,1895,2060,241,0.59551378973760261
039514,1895,2060,248,0.59003422313483911
039514,1895,2060,252,0.60242409899249438
039514,1895,2060,253,0.56587097748904669
039514,1896,2060,157,0.57479272311419416
039514,1897,2060,224,0.56956334208160009
039514,1898,2060,301,0.58864552686062988
039514,1899,2060,416,0.58467539003522895
039514,1899,2060,423,0.60223230953644202
039514,1899,2060,435,0.58882326215356651
039514,1899,2060,438,0.57460776289898485
039514,1899,2060,439,0.57686102788660987
039514,1900,2060,197,0.57718057371496978
039514,1901,2060,302,0.59579018138124396
039514,1901,2060,320,0.57783485237629839
039514,1902,2060,313,0.56702609480521571
039514,1902,2060,324,0.57258992674327258
039514,1903,2060,178,0.59227208693902189
039514,1904,2060,245,0.59087598186220791
039514,1905,2060,375,0.5723194442757733
039514,1905,2060,391,0.58119858073068975
039514,1905,2060,395,0.57178580567121817
039514,1907,2060,355,0.59090299208372465
039514,1907,2060,358,0.58694895879926445
039514,1909,2060,235,0.54327778007526573
039514,1910,2060,159,0.54993080116869142
039514,1910,2060,162,0.59865860946942029
039514,1911,2060,270,0.57228930840246905
039514,1911,2060,277,0.61038330907326543
039514,1912,2060,438,0.59011774548765339
039514,1913,2060,250,0.57605652261977103
039514,1913,2060,252,0.58523949598278968
039514,1913,2060,264,0.56464071551986994
039514,1914,2060,42,0.5745900263054794
039514,1916,2060,428,0.58720997811727726
039514,1917,2060,415,0.56430312430755591
039514,1917,2060,437,0.5870937097102531
039514,1918,2060,173,0.58824295172208585
039514,1918,2060,203,0.57425218142789436
039514,1919,2060,281,0.56426462446945935
039514,1920,2060,512,0.57068011071569791
039514,1921,2060,317,0.59298262548262548
039514,1921,2060,324,0.58193195611440418
039514,1921,2060,336,0.57781887428131984
039514,1922,2060,322,0.59377328070272972
039514,1922,2060,359,0.58493000748891066
039514,1923,2060,126,0.58712917542630227
039514,1923,2060,141,0.593683133314727
039514,1924,2060,372,0.5867409166773655
039514,1925,2060,49,0.56414777736696908
039514,1925,2060,58,0.5736248454882571
039514,1926,2060,392,0.56599516946678341
039514,1926,2060,402,0.57868592566496391
039514,1927,2060,237,0.6445014764768634
039514,1927,2060,238,0.56838444898206741
039514,1927,2060,240,0.57626350283656713
039514,1928,2060,216,0.57454586998743284
039514,1929,2060,169,0.59992739886258217
039514,1929,2060,171,0.58350459498235685
039514,1929,2060,175,0.57941472936433014
039514,1929,2060,182,0.58149434300436875
039514,1929,2060,187,0.57805647662851645
039514,1931,2060,245,0.56692740697419397
039514,1931,2060,260,0.57429453527623942
039514,1933,2060,250,0.57070678237040418
039514,1933,2060,260,0.58213656305073302
039514,1936,2060,329,0.54947762357710894
039514,1936,2060,358,0.5697839777883118
039514,1937,2060,221,0.58935251360968344
039514,1937,2060,236,0.59589810486647099
039514,1938,2060,289,0.60610425857567296
039514,1940,2060,120,0.59982868563814595
039514,1940,2060,125,0.5666185358872462
039514,1940,2060,130,0.58116249275539156
039514,1941,2060,450,0.56950376560404414
039514,1941,2060,478,0.57000311658585678
039514,1943,2060,355,0.58966315078757336
039514,1943,2060,368,0.5786042468645225
039514,1944,2060,219,0.595695482034863
039514,1945,2060,233,0.58801204269683427
039514,1945,2060,238,0.57639004011803319
039514,1945,2060,268,0.56979724090529726
039514,1947,2060,350,0.57773344628754131
039514,1948,2060,248,0.57899116751461044
039514,1948,2060,273,0.59032194964014217
039514,1949,2060,293,0.57638549103063674
039514,1951,2060,196,0.58493679198817927
039514,1952,2060,234,0.58810358446102529
039514,1953,2060,294,0.58660415939354649
039514,1953,2060,295,0.57648899604986403
039514,1953,2060,300,0.58015067554946764
039514,1953,2060,316,0.6027284229055504
039514,1954,2060,246,0.56163492903112056
039514,1954,2060,251,0.57632205585050766
039514,1955,2060,193,0.57290360337764401
039514,1955,2060,200,0.5542715143911795
039514,1955,2060,222,0.57560817465026515
039514,1955,2060,229,0.57357236955152069
039514,1956,2060,321,0.59626538407129726
039514,1956,2060,328,0.59485075682557642
039514,1956,2060,335,0.56292452830188677
039514,1956,2060,336,0.57895367325158453
039514,1957,2060,372,0.60450657024428966
039514,1957,2060,375,0.61375155795596181
039514,1959,2060,427,0.57380327459067615
039514,1959,2060,451,0.56767985641400631
039514,1959,2060,456,0.58830627468187802
039514,1959,2060,470,0.57957643265425762
039514,1960,2060,100,0.58159581919077641
039514,1961,2060,432,0.58684218813970335
039514,1962,2060,570,0.57568978374347501
039514,1962,2060,581,0.58593562045902903
039514,1963,2060,515,0.57578680770233526
039514,1964,2060,226,0.57482098555438477
039514,1964,2060,242,0.57251881916259062
039514,1965,2060,318,0.58712896263699299
039514,1965,2060,354,0.6005301455301455
039514,1967,2060,397,0.58724882220107977
039514,1967,2060,408,0.58830515642010739
039514,1967,2060,428,0.57626090340896086
039514,1968,2060,151,0.58086060949590124
039514,1973,2060,242,0.57203966425501529
039514,1973,2060,248,0.59815376891302863
039514,1973,2060,249,0.57693141688866856
039514,1974,2060,297,0.5753635380362937
039514,1974,2060,304,0.58412269701938846
039514,1975,2060,367,0.58688315887321663
039514,1975,2060,368,0.59012471566397362
039514,1976,2060,145,0.58680034483859633
039514,1976,2060,149,0.58715358715358712
039514,1976,2060,164,0.56668739653314881
039514,1977,2060,491,0.58141071718413062
039514,1978,2060,345,0.58172335833932787
039514,1981,2060,174,0.593100970176069
039514,1982,2060,320,0.59414467789948266
039514,1982,2060,336,0.57578256423788632
039514,1982,2060,337,0.63319976254081334
039514,1983,2060,136,0.57381236482959208
039514,1985,2060,52,0.57277379733879219
039514,1985,2060,55,0.58607467204843589
039514,1986,2060,121,0.5788074203849356
039514,1986,2060,125,0.59675117989243776
039514,1988,2060,75,0.59535926715226306
039514,1989,2060,117,0.59275264779851933
039514,1989,2060,142,0.58544067116858345
039514,1990,2060,163,0.58009137348680107
039514,1990,2060,166,0.58135676973034023
039514,1990,2060,172,0.57509647772647166
039514,1990,2060,183,0.5928694871721425
039514,1992,2060,98,0.57677677043048248
039514,1992,2060,101,0.58472020875616115
039514,1993,2060,99,0.5896651205789063
039514,1993,2060,102,0.57512930315332855
039514,1994,2060,236,0.58249938646960975
039514,1994,2060,242,0.57695752302968273
039514,1994,2060,258,0.59908911369956874
039514,1995,2060,195,0.59386363434302125
039514,1996,2060,406,0.58910038628007633
039514,1997,2060,270,0.58267454776904803
039514,1998,2060,209,0.59299405812594785
039514,1998,2060,230,0.58340398682887395
039514,2001,2060,411,0.59882892253168463
039514,2001,2060,415,0.59381330000430976
039514,2002,2060,427,0.59512218178380683
039514,2002,2060,441,0.57316631815988417
039514,2003,2060,183,0.58214736347897533
039514,2004,2060,572,0.58932350697764357
039514,2004,2060,580,0.59443854807896412
039514,2004,2060,581,0.5747544168975568
039514,2004,2060,592,0.5828877486317664
039514,2006,2060,396,0.57718606455943122
039514,2006,2060,422,0.55860466804602704
039514,2008,2060,81,0.57521974306964163
039514,2008,2060,84,0.58644432674400726
039514,2008,2060,85,0.56103029222185419
039514,2008,2060,92,0.58219295583209063
039514,2008,2060,99,0.57785600106938173
039514,2009,2060,152,0.58006827648845882
039514,2010,2060,416,0.57311405076868072
039514,2010,2060,419,0.57225631080307748
039514,2010,2060,428,0.58621441101801108
039514,2010,2060,431,0.59054101705160822
039514,2011,2060,274,0.58709798355782883
039514,2011,2060,282,0.58790138487292654
039514,2012,2060,296,0.58558943899522697
039514,2013,2060,304,0.59043625327247873
039514,2013,2060,318,0.60904810900134065
039514,2013,2060,325,0.57110694183864918
039514,2013,2060,330,0.57293494340661233
039514,2014,2060,214,0.57700824373716086
039514,2014,2060,220,0.56688517928372062
039514,2014,2060,224,0.58536517246194664
039514,2014,2060,225,0.56581516651063257
039514,2016,2060,155,0.58233924452929298
039514,2017,2060,262,0.59664589685801406
039514,2018,2060,165,0.58691211576797186
039514,2018,2060,178,0.58802161182034252
039514,2020,2060,564,0.57117112729220954
039514,2020,2060,576,0.58288489869383775
039514,2022,2060,322,0.60664235371250619
039514,2023,2060,117,0.57740160812526453
039514,2024,2060,239,0.56686070801882849
039514,2024,2060,256,0.56440914366023232
039514,2026,2060,291,0.58334728033472805
039514,2027,2060,336,0.61513453944347507
039514,2027,2060,339,0.58182320547266531
039514,2027,2060,341,0.57418115088982757
039514,2028,2060,456,0.58199769652104338
039514,2030,2060,333,0.56503616796047984
039514,2031,2060,145,0.58174765863732314
039514,2031,2060,171,0.56913934236692409
039514,2032,2060,126,0.58742747422465247
039514,2032,2060,146,0.59945424422570903
039514,2033,2060,422,0.57517482517482521
039514,2034,2060,256,0.58158943306246669
039514,2034,2060,262,0.60001767487075253
039514,2035,2060,459,0.57507188247517338
039514,2035,2060,481,0.58611724511478691
039514,2035,2060,485,0.57754738946119888
039514,2035,2060,492,0.57561470757148769
039514,2036,2060,388,0.59321353277783351
039514,2036,2060,392,0.58538770466481305
039514,2039,2060,292,0.56629943378835101
039514,2040,2060,349,0.56767631608360347
039514,2040,2060,353,0.58551694673882082
039514,2040,2060,362,0.59992505620784409
039514,2040,2060,377,0.56742891230861003
039514,2040,2060,378,0.57928338762214981
039514,2040,2060,382,0.56074005601467969
039514,2040,2060,383,0.59043518130893291
039514,2041,2060,185,0.57512180308171701
039514,2041,2060,203,0.58501769247265711
039514,2041,2060,208,0.59290780141843968
039514,2042,2060,255,0.5928526420019804
039514,2043,2060,349,0.57545005795433357
039514,2043,2060,351,0.58251091545484068
039514,2043,2060,364,0.57866246365390361
039514,2044,2060,167,0.58910352901823049
039514,2044,2060,173,0.58325656021945038
039514,2044,2060,187,0.57866522141253951
039514,2045,2060,207,0.56950645999219029
039514,2045,2060,210,0.61852306499547749
039514,2046,2060,212,0.56554043060903525
039514,2046,2060,220,0.56789543377044982
039514,2047,2060,297,0.58605651369833556
039514,2048,2060,323,0.58919642314009368
039514,2048,2060,343,0.59429168618688966
039514,2050,2060,110,0.57043505797525085
039514,2050,2060,116,0.58011787748323451
039514,2050,2060,118,0.60094594184883121
039514,2050,2060,122,0.5861538204145823
039514,2051,2060,272,0.58483173303039726
039514,2051,2060,279,0.59809130771214858
039514,2051,2060,282,0.57106964025711138
039514,2052,2060,209,0.5961325091139642
039514,2052,2060,230,0.57019928805673126
039514,2052,2060,233,0.60357849670826769
039514,2053,2060,373,0.5567802557036986
039514,2054,2060,285,0.59413045410112864
039514,2055,2060,227,0.57908811779854075
039514,2058,2060,302,0.59072316208345377
039514,2058,2060,316,0.57401183300463876
039514,2058,2060,323,0.58554203555101303
039514,2059,2060,267,0.59864223785375426
039514,2059,2060,288,0.58623993187382462
039514,2060,2060,336,0.57356530932723848
039514,2060,2060,349,0.58600202008199154
039514,2061,2060,187,0.55966562504956929
039514,2062,2060,172,0.58535264749314397
039514,2062,2060,188,0.61775286705225285
039514,2063,2060,126,0.57593398349587399
039514,2063,2060,136,0.60866324008317962
039514,2065,2060,212,0.56420695007834576
039514,2065,2060,233,0.5833231056236039
039514,2065,2060,243,0.57722271405084102
039514,2068,2060,400,0.59329064475856796
039514,2070,2060,168,0.59082273304898147
039514,2070,2060,181,0.58096129222889781
039514,2071,2060,133,0.57464367990683785
039514,2071,2060,157,0.57588472367912547
039514,2072,2060,251,0.58553435892211303
039514,2073,2060,204,0.58758295494236812
039514,2075,2060,292,0.59577605351411134
039514,2076,2060,243,0.59191991028200985
039514,2077,2060,400,0.58223921818568092
039514,2078,2060,186,0.56461054370945907
039514,2079,2060,144,0.58672075026610282
039514,2080,2060,255,0.59749886724059809
039514,2081,2060,196,0.56986615381626748
039514,2082,2060,374,0.57479453591764607
039514,2082,2060,402,0.58384562185422828
039514,2083,2060,209,0.57270884715879955
039514,2084,2060,276,0.57887729399064414
039514,2084,2060,280,0.59476282130882896
039514,2084,2060,284,0.5755633700243451
039514,2085,2060,248,0.59585267718972457
039514,2085,2060,267,0.5771692955779858
039514,2089,2060,331,0.57626949109216796
039514,2090,2060,480,0.57024420808117859
039514,2091,2060,201,0.58892859343232085
039514,2091,2060,210,0.58945894070654148
039514,2092,2060,129,0.55552617662612369
039514,2093,2060,179,0.59233226837060704
039514,2093,2060,181,0.57509111075899222
039514,2093,2060,182,0.59402252009093193
039514,2094,2060,360,0.54932200430658207
039514,2094,2060,380,0.60064844512620275
039514,2094,2060,389,0.5818858376125623
039514,2095,2060,219,0.59061842839363121
039514,2096,2060,168,0.58337427112924245
039514,2096,2060,174,0.57563686892079668
039514,2096,2060,182,0.59534499454861889
039514,2097,2060,393,0.5865118850193477
039514,2097,2060,400,0.58315754493440441
039514,2097,2060,405,0.55763526340768865
039514,2098,2060,244,0.57773656123909933
039514,2100,2060,504,0.57624544547937351
039514,2100,2060,506,0.56811242078996615
039514,2101,2060,302,0.59764061787134193
039514,2101,2060,315,0.58400126057040813
039514,2102,2060,256,0.5863094426104275
039514,2103,2060,215,0.56376487025127897
039514,2105,2060,155,0.57732819350372588
039514,2105,2060,158,0.6253913330037898
039514,2106,2060,159,0.62668582286694163
039514,2107,2060,274,0.58292941836244194
039514,2107,2060,279,0.58319857531779007
039514,2107,2060,307,0.57791037659778854
039514,2108,2060,515,0.56320578176421243
039514,2109,2060,341,0.55172968049577631
039514,2109,2060,344,0.57794621195175255
039514,2109,2060,367,0.56593388856607918
039514,2109,2060,370,0.58744018395376296
039514,2110,2060,282,0.57472731752110906
039514,2110,2060,285,0.58965167106257044
039514,2110,2060,295,0.58856489844066795
039514,2111,2060,212,0.58260361359854185
039514,2111,2060,224,0.57642934667348644
039514,2112,2060,179,0.57842687978883311
039514,2113,2060,453,0.57750505850268319
039514,2113,2060,462,0.54865867906806254
039514,2114,2060,123,0.57713395671194789
039514,2115,2060,247,0.59433613150770315
039514,2115,2060,248,0.57745563127603727
039514,2115,2060,259,0.58923167261393916
039514,2115,2060,275,0.57504143231851335
039514,2116,2060,220,0.61251785482404886
039514,2116,2060,222,0.56750599884579167
039514,2116,2060,234,0.60011512498037645
039514,2117,2060,184,0.57801220193967084
039514,2117,2060,208,0.55952208544532944
039514,2118,2060,216,0.60691813203632528
039514,2118,2060,229,0.57745608738995524
039514,2119,2060,168,0.55255294270495003
039514,2120,2060,284,0.58157201414721205
039514,2121,2060,533,0.58470955075643838
039514,2121,2060,552,0.58380333735267809
039514,2122,2060,329,0.57670599420891133
039514,2122,2060,352,0.57937489913389639
039514,2123,2060,236,0.57721461986841116
039514,2123,2060,248,0.60077901146131807
039514,2123,2060,253,0.57424780386275287
039514,2124,2060,459,0.59151532052846234
039514,2125,2060,250,0.58392339674940152
039514,2126,2060,229,0.57707091011547806
039514,2126,2060,231,0.57675714496732489
039514,2127,2060,486,0.56824459168196695
039514,2129,2060,289,0.57064744121995181
039514,2129,2060,300,0.57883503947418125
039514,2130,2060,158,0.58652115864631105
039514,2130,2060,165,0.57193141516226231
039514,2131,2060,124,0.57694614015944634
039514,2132,2060,149,0.57758344589419741
039514,2133,2060,126,0.58776201832559305
039514,2135,2060,256,0.56189382055983916
039514,2135,2060,260,0.56837095433410367
039514,2137,2060,232,0.59002459000522778
039514,2137,2060,249,0.59411075196249064
039514,2137,2060,258,0.58930104369041703
039514,2138,2060,52,0.55588607298449433
039514,2139,2060,232,0.58651940313392092
039514,2140,2060,181,0.58271228998050062
039514,2140,2060,187,0.59835338822039263
039514,2141,2060,197,0.56304110046161548
039514,2142,2060,247,0.59368165889389513
039514,2143,2060,211,0.57366771159874608
039514,2143,2060,212,0.57319157975661816
039514,2144,2060,405,0.58557228264784267
039514,2145,2060,243,0.59121663181203099
039514,2145,2060,249,0.5649519195115319
039514,2145,2060,260,0.54839832869080785
039514,2145,2060,273,0.59443821894939053
039514,2146,2060,254,0.5677424361474066
039514,2146,2060,270,0.58695833217666493
039514,2146,2060,284,0.58020180112216513
039514,2147,2060,172,0.55826549877743048
039514,2147,2060,181,0.58965183345261651
039514,2147,2060,203,0.57118078028322161
039514,2150,2060,299,0.61143175226320567
039514,2150,2060,310,0.58164031016369755
039514,2151,2060,289,0.56059013303367533
039514,2151,2060,321,0.57772657215668921
039514,2152,2060,131,0.60339267285861709
039514,2152,2060,162,0.60648455601304585
039514,2153,2060,315,0.59078844842699907
039514,2154,2060,128,0.57699539403116917
039514,2155,2060,301,0.58502400274317068
039514,2156,2060,390,0.56949479495792732
039514,2158,2060,447,0.60471943306968834
039514,2160,2060,270,0.57714127483689703
039514,2161,2060,278,0.57597759259443193
039514,2161,2060,279,0.57312399554951166
039514,2162,2060,167,0.58653515775006571
039514,2162,2060,170,0.58397017707362531
039514,2162,2060,171,0.57573132538148863
039514,2163,2060,304,0.5663255454720989
039514,2163,2060,319,0.59217078568793802
039514,2163,2060,329,0.57414608112229337
039514,2164,2060,288,0.58581905117367572
039514,2164,2060,296,0.57947107592569502
039514,2165,2060,212,0.61842420371996487
039514,2166,2060,223,0.57726379091014224
039514,2166,2060,239,0.59149505372550748
039514,2166,2060,258,0.56195872386846846
039514,2168,2060,307,0.60094059295337254
039514,2168,2060,310,0.58406544549173034
039514,2168,2060,322,0.59222890930208005
039514,2169,2060,187,0.57746001747285469
039514,2169,2060,200,0.58898305084745761
039514,2169,2060,202,0.58560395185635317
039514,2169,2060,203,0.58516645100576403
039514,2170,2060,221,0.58884192730346574
039514,2171,2060,200,0.56898099463951368
039514,2172,2060,412,0.58010414101256025
039514,2173,2060,380,0.59300015283509089
039514,2173,2060,420,0.58869928569832486
039514,2174,2060,155,0.58574042843302598
039514,2176,2060,189,0.58117022522346695
039514,2177,2060,91,0.57954647106181234
039514,2177,2060,98,0.595940422684761
039514,2178,2060,171,0.61761457758144667
039514,2179,2060,424,0.57905841268814773
039514,2179,2060,437,0.57774517190783992
039514,2180,2060,333,0.58027862600421998
039514,2180,2060,348,0.58378981305341004
039514,2181,2060,214,0.59279911263003271
039514,2181,2060,223,0.59108555228015913
039514,2181,2060,228,0.56630390049842239
039514,2181,2060,230,0.59027136308973982
039514,2182,2060,118,0.58450446167711523
039514,2183,2060,392,0.57664492627462538
039514,2184,2060,330,0.59070878848063557
039514,2184,2060,331,0.58479896700654521
039514,2184,2060,357,0.59065504912000555
039514,2185,2060,420,0.60523261597639022
039514,2186,2060,218,0.58157368608440829
039514,2186,2060,235,0.59569832009559287
039514,2187,2060,114,0.5796250324206158
039514,2187,2060,122,0.5845048368014476
039514,2187,2060,129,0.60450154740692108
039514,2188,2060,254,0.57041460735859417
039514,2188,2060,266,0.56078777672813895
039514,2190,2060,119,0.58719073763524843
039514,2191,2060,262,0.59526938239159
039514,2192,2060,513,0.5196929298713383
039514,2193,2060,195,0.22068872715358873
039514,2193,2060,217,0.57337927787171206
039514,2195,2060,287,0.59897995677255833
039514,2197,2060,453,0.59226228502798151
039514,2198,2060,179,0.59626910398561583
039514,2198,2060,191,0.5754825992387167
039514,2198,2060,213,0.60218371284531735
039514,2199,2060,239,0.57861618521665248
039514,2200,2060,330,0.58682124506183997
039514,2203,2060,273,0.57806873977086748
039514,2205,2060,292,0.60324487908762292
039514,2205,2060,293,0.57115006631617637
039514,2205,2060,299,0.57384400079970299
039514,2206,2060,224,0.58024860199367856
039514,2207,2060,363,0.58888741038904879
039514,2207,2060,371,0.52849497147562197
039514,2207,2060,379,0.56119737606908582
039514,2208,2060,289,0.57761263062173196
039514,2209,2060,376,0.55651654045436427
039514,2209,2060,383,0.56432866744150789
039514,2210,2060,147,0.54578561304406303
039514,2210,2060,158,0.58829176287500107
039514,2210,2060,171,0.5833913475882645
039514,2211,2060,261,0.58104213559963813
039514,2211,2060,282,0.55474752887366396
039514,2211,2060,288,0.59099926095919719
039514,2212,2060,373,0.57047397047397053
039514,2213,2060,342,0.56271232970728524
039514,2214,2060,213,0.57996888051756612
039514,2215,2060,68,0.56844118584635006
039514,2216,2060,207,0.5928846116683093
039514,2218,2060,325,0.58760713014430055
039514,2219,2060,292,0.57348543395719231
039514,2220,2060,56,0.57123373592391624
039514,2221,2060,343,0.57520872877868778
039514,2221,2060,355,0.57933537908839161
039514,2222,2060,256,0.5659032736090529
039514,2224,2060,337,0.59059107358262963
039514,2225,2060,301,0.59516881512427455
039514,2225,2060,304,0.5719098537320304
039514,2225,2060,315,0.58468906608734295
039514,2225,2060,325,0.57039087913591813
039514,2226,2060,232,0.56808036474909873
039514,2226,2060,245,0.58459072048283667
039514,2227,2060,316,0.58504214859831405
039514,2227,2060,325,0.58349537838629761
039514,2227,2060,327,0.59515922503062024
039514,2228,2060,373,0.57740434457651224
039514,2229,2060,453,0.59800430788166514
039514,2229,2060,475,0.56144329020280326
039514,2230,2060,357,0.58111451089476129
039514,2230,2060,382,0.60241674034777482
039514,2231,2060,180,0.57060644966392271
039514,2231,2060,182,0.57953244451010077
039514,2231,2060,191,0.60793456355948949
039514,2231,2060,195,0.58063839680528073
039514,2232,2060,607,0.58288977452055524
039514,2232,2060,614,0.58173972737079538
039514,2232,2060,618,0.58291759263458665
039514,2233,2060,454,0.56930148895772958
039514,2233,2060,489,0.57367186583792662
039514,2235,2060,141,0.64100692259282566
039514,2235,2060,150,0.5728542329166606
039514,2236,2060,508,0.59177917635076904
039514,2236,2060,543,0.59680307141406874
039514,2238,2060,277,0.58270929864448728
039514,2240,2060,398,0.54085811407617568
039514,2240,2060,399,0.57216848378781071
039514,2240,2060,401,0.57045692361353328
039514,2243,2060,245,0.58255042829510917
039514,2243,2060,256,0.5691585148452134
039514,2244,2060,420,0.49198030249736197
039514,2245,2060,348,0.57756537859563284
039514,2245,2060,351,0.58031368043926945
039514,2245,2060,362,0.58537618671647829
039514,2246,2060,396,0.5795758183032732
039514,2247,2060,116,0.57904433536432909
039514,2247,2060,119,0.57892328421195349
039514,2248,2060,298,0.60249282867514531
039514,2248,2060,308,0.59227730951428237
039514,2249,2060,114,0.58481632653061222
039514,2249,2060,130,0.56938412023872764
039514,2249,2060,133,0.58355961088415409
039514,2250,2060,238,0.58401127410159503
039514,2250,2060,243,0.5809658030314343
039514,2251,2060,158,0.57520598847541604
039514,2251,2060,178,0.57110244288256551
039514,2253,2060,110,0.58586541712960727
039514,2254,2060,212,0.6335382260732183
039514,2255,2060,557,0.5643995247161897
039514,2255,2060,565,0.59425888282990424
039514,2256,2060,347,0.56884538508957094
039514,2257,2060,314,0.61578577504900689
039514,2257,2060,319,0.58123234328472173
039514,2257,2060,328,0.56800460365415051
039514,2258,2060,495,0.55496688741721856
039514,2258,2060,511,0.57924219449197534
039514,2259,2060,304,0.58066174994982944
039514,2259,2060,305,0.58465727098014098
039514,2259,2060,318,0.61320545515023839
039514,2260,2060,417,0.58420718304462682
039514,2260,2060,431,0.57588205090589017
039514,2261,2060,292,0.58096880388775674
039514,2261,2060,296,0.59624071182284077
039514,2262,2060,408,0.60626003210272872
039514,2263,2060,308,0.59625486186294563
039514,2264,2060,87,0.57670159823187139
039514,2264,2060,96,0.56046089298014901
039514,2264,2060,104,0.57512578711096385
039514,2264,2060,106,0.60227494820779426
039514,2265,2060,363,0.57665581845368985
039514,2265,2060,370,0.59123261670985872
039514,2267,2060,315,0.58023140302693854
039514,2268,2060,340,0.56752960616909942
039514,2268,2060,356,0.58429594065347989
039514,2271,2060,201,0.5904089930638603
039514,2271,2060,206,0.57977590737346596
039514,2271,2060,214,0.55348055975192811
039514,2271,2060,218,0.58026277747438082
039514,2271,2060,226,0.61423133690670395
039514,2271,2060,228,0.58088552846157315
039514,2273,2060,251,0.57991030589705261
039514,2276,2060,109,0.57855077418343948
039514,2276,2060,142,0.55294366793731464
039514,2277,2060,186,0.5888395984123278
039514,2278,2060,543,0.56133255819831662
039514,2278,2060,545,0.59901537991832998
039514,2278,2060,570,0.5762913120918266
039514,2279,2060,260,0.59614676052514204
039514,2279,2060,265,0.59162324489877094
039514,2280,2060,217,0.58967541164421333
039514,2282,2060,145,0.58228668728715594
039514,2283,2060,280,0.57623159769231702
039514,2286,2060,159,0.61316626348835312
039514,2289,2060,212,0.57738720467009697
039514,2289,2060,224,0.57719952916426653
039514,2292,2060,345,0.56309635335345753
039514,2293,2060,316,0.57064636752136755
039514,2293,2060,321,0.56490236608320876
039514,2295,2060,346,0.57200877930709115
039514,2296,2060,228,0.56423518673461626
039514,2296,2060,229,0.59941253263707572
039514,2297,2060,175,0.5695520200962948
039514,2297,2060,180,0.55208038226906153
039514,2299,2060,167,0.59032731695018315
039514,2299,2060,168,0.58236936577582765
039514,2299,2060,185,0.58081611796481492
039514,2300,2060,450,0.5665922846487742
039514,2301,2060,358,0.57532163656360025
039514,2304,2060,238,0.57145528815394453
039514,2304,2060,247,0.56234532207702093
039514,2305,2060,162,0.58371069583519353
039514,2305,2060,170,0.5814308635054416
039514,2306,2060,196,0.5977816861454669
039514,2306,2060,200,0.57768300227724467
039514,2307,2060,390,0.57283420623336478
039514,2307,2060,396,0.58322433025073883
039514,2307,2060,400,0.5685458418810162
039514,2309,2060,215,0.58655290793171366
039514,2309,2060,227,0.57560522342243681
039514,2309,2060,240,0.6003023596805187
039514,2312,2060,449,0.57952653967079715
039514,2313,2060,240,0.58381274861106547
039514,2313,2060,267,0.57662685337726527
039514,2313,2060,268,0.58233296870338536
039514,2314,2060,484,0.59591167845437298
039514,2314,2060,513,0.5758425871809858
039514,2315,2060,52,0.57388567579495042
039514,2316,2060,260,0.5864923747276688
039514,2317,2060,238,0.59279602135595699
039514,2317,2060,243,0.58873571863936403
039514,2318,2060,162,0.6031654343807763
039514,2318,2060,186,0.59046265873368264
039514,2318,2060,187,0.58023328549876729
039514,2319,2060,245,0.58033124069440822
039514,2319,2060,249,0.58047977962275699
039514,2319,2060,270,0.58847865303668068
039514,2319,2060,274,0.58101055305252336
039514,2320,2060,195,0.57121687179247194
039514,2320,2060,215,0.59073268258261791
039514,2321,2060,259,0.59503609965717175
039514,2322,2060,255,0.58049591356143515
039514,2323,2060,133,0.58462228199955169
039514,2324,2060,243,0.60536481854290225
039514,2324,2060,251,0.58192259061534135
039514,2324,2060,273,0.58576447635160878
039514,2325,2060,231,0.58127359837547987
039514,2325,2060,232,0.59159293558715187
039514,2325,2060,247,0.59403701401836895
039514,2327,2060,157,0.59577705210034138
039514,2327,2060,163,0.58691152597402596
039514,2327,2060,168,0.59285551374158973
039514,2327,2060,178,0.59632016022172096
039514,2327,2060,186,0.60483604340116015
039514,2328,2060,468,0.56561118074112615
039514,2328,2060,479,0.59355837720656546
039514,2329,2060,194,0.59819019550869623
039514,2331,2060,466,0.59778874534281701
039514,2331,2060,490,0.57509277638733058
039514,2333,2060,184,0.59178532694258823
039514,2333,2060,216,0.59770553035789153
039514,2334,2060,250,0.58882773596914895
039514,2334,2060,265,0.57033485784589055
039514,2336,2060,359,0.57415823799592536
039514,2337,2060,144,0.57446403872752416
039514,2337,2060,152,0.59980373627971217
039514,2338,2060,212,0.59268784021259269
039514,2338,2060,218,0.5783461598645746
039514,2338,2060,221,0.59944234368435123
039514,2338,2060,229,0.5663036689025881
039514,2339,2060,338,0.58581065747942151
039514,2339,2060,360,0.59141140047350205
039514,2340,2060,184,0.60054718681601649
039514,2342,2060,148,0.59353796445880458
039514,2342,2060,163,0.58313331201893481
039514,2343,2060,278,0.58404480677879056
039514,2343,2060,289,0.58550335437945211
039514,2343,2060,305,0.58575224856909236
039514,2344,2060,294,0.58593007524681628
039514,2344,2060,304,0.59229544467649553
039514,2344,2060,311,0.57636766420857777
039514,2345,2060,342,0.6026086401781624
039514,2346,2060,371,0.58660603555188096
039514,2346,2060,386,0.59635879218472465
039514,2347,2060,166,0.57581262527065169
039514,2348,2060,57,0.58046169287387084
039514,2348,2060,68,0.59435261707988984
039514,2348,2060,75,0.56295576786465051
039514,2349,2060,194,0.59531582682753725
039514,2349,2060,212,0.58111686816350028
039514,2350,2060,467,0.5789079341710921
039514,2351,2060,300,0.59558989579636734
039514,2351,2060,309,0.60730463316331995
039514,2352,2060,287,0.57936256781193485
039514,2353,2060,172,0.56996292839736606
039514,2353,2060,179,0.57857978393999865
039514,2353,2060,198,0.58285106272545606
039514,2354,2060,228,0.57978214775703651
039514,2355,2060,165,0.57466499764010592
039514,2355,2060,176,0.61126273967870104
039514,2357,2060,170,0.58193312399786212
039514,2357,2060,206,0.59491374476366399
039514,2358,2060,166,0.57356661324715574
039514,2359,2060,159,0.60241078811780424
039514,2361,2060,258,0.58816752904422531
039514,2361,2060,268,0.57311915239031064
039514,2361,2060,269,0.56447867858682199
039514,2362,2060,161,0.58587660449063483
039514,2362,2060,171,0.58323235631242831
039514,2363,2060,259,0.57444710078033157
039514,2363,2060,267,0.58500262708524897
039514,2364,2060,333,0.59637007874015746
039514,2364,2060,360,0.58262055549094449
039514,2365,2060,129,0.59526143119567576
039514,2366,2060,57,0.58717871182340486
039514,2366,2060,80,0.58633876383534389
039514,2367,2060,416,0.61108422071636015
039514,2369,2060,224,0.58021357173899546
039514,2370,2060,530,0.58335957562881713
039514,2370,2060,557,0.60117156093265434
039514,2370,2060,571,0.5611721101811411
039514,2371,2060,151,0.57404498304408536
039514,2372,2060,215,0.5735625769263113
039514,2372,2060,234,0.58172116096699911
039514,2372,2060,242,0.58453026803459207
039514,2373,2060,256,0.59726027397260273
039514,2373,2060,260,0.58342622731528959
039514,2373,2060,266,0.57894139027714675
039514,2373,2060,279,0.5791176522304865
039514,2374,2060,279,0.54785776974016653
039514,2375,2060,260,0.58656187984845753
039514,2375,2060,286,0.57771603446887332
039514,2376,2060,270,0.56582629990816458
039514,2379,2060,299,0.58226078523417224
039514,2380,2060,523,0.5946830970744108
039514,2380,2060,533,0.57198045676627651
039514,2381,2060,173,0.56421958534359107
039514,2382,2060,288,0.57736992088639127
039514,2383,2060,265,0.57572371762315899
039514,2384,2060,182,0.58412981345462367
039514,2384,2060,190,0.59363750299992002
039514,2385,2060,79,0.58068732639834431
039514,2385,2060,87,0.58499672349410747
039514,2385,2060,96,0.58331705411213131
039514,2385,2060,101,0.60709419670692566
039514,2386,2060,366,0.59334767025089608
039514,2386,2060,375,0.58188635797859101
039514,2386,2060,384,0.61939352985894081
039514,2386,2060,391,0.60495002017464394
039514,2387,2060,217,0.59744345762468087
039514,2387,2060,226,0.59370756876285058
039514,2387,2060,233,0.57599711317183433
039514,2388,2060,299,0.57189621994647322
039514,2388,2060,300,0.58557707447646035
039514,2388,2060,311,0.58768921743379088
039514,2388,2060,315,0.58285459355384062
039514,2388,2060,324,0.57468316794886087
039514,2389,2060,244,0.57453279589593254
039514,2390,2060,235,0.5819462660083321
039514,2390,2060,259,0.60500798252247712
039514,2391,2060,419,0.59696988879745094
039514,2391,2060,420,0.57354998243206512
039514,2394,2060,339,0.58634367903103712
039514,2395,2060,268,0.55235450023599464
039514,2396,2060,320,0.57897025569664284
039514,2397,2060,417,0.55402416744126415
039514,2397,2060,429,0.57139360313315923
039514,2397,2060,432,0.62019862038355555
039514,2397,2060,436,0.59110138177053584
039514,2398,2060,175,0.57349954199689357
039514,2399,2060,346,0.5792018963163631
039514,2400,2060,91,0.60210328447684613
039514,2401,2060,342,0.59144369083997916
039514,2401,2060,354,0.55618701219974231
039514,2402,2060,508,0.60299542976708331
039514,2403,2060,229,0.57787790440851661
039514,2403,2060,258,0.61346268246922619
039514,2404,2060,187,0.56962833715374006
039514,2404,2060,203,0.57760618946011089
039514,2405,2060,160,0.5776073077796563
039514,2407,2060,208,0.56527209814407042
039514,2407,2060,215,0.59459665273382634
039514,2408,2060,238,0.5791584998019641
039514,2408,2060,250,0.58702262223303336
039514,2409,2060,262,0.58111687651946731
039514,2410,2060,344,0.58551210639990903
039514,2411,2060,328,0.61650210678573669
039514,2412,2060,218,0.55829197135604136
039514,2412,2060,225,0.57664863620669815
039514,2415,2060,111,0.59580794981603236
039514,2415,2060,116,0.575451465985647
039514,2415,2060,118,0.5737418892409839
039514,2416,2060,420,0.55909348441926343
039514,2416,2060,431,0.58867105803248565
039514,2417,2060,263,0.59309810466086543
039514,2417,2060,271,0.60660118928308948
039514,2417,2060,284,0.58422049025151823
039514,2418,2060,279,0.59406078334793444
039514,2418,2060,291,0.57522713719437335
039514,2418,2060,295,0.59218331369952981
039514,2418,2060,300,0.58981974178113272
039514,2419,2060,263,0.57067935057878794
039514,2419,2060,274,0.56734693877551023
039514,2419,2060,279,0.54975995044138148
039514,2420,2060,100,0.5778695171396977
039514,2420,2060,114,0.64744731830189839
039514,2422,2060,361,0.58031149862135778
039514,2423,2060,137,0.57490286950705594
039514,2423,2060,156,0.58753254063181592
039514,2423,2060,160,0.58036909943086712
039514,2424,2060,275,0.56746647650209037
039514,2424,2060,282,0.57414315106301117
039514,2424,2060,295,0.57588335077778174
039514,2424,2060,304,0.57466462423989229
039514,2424,2060,307,0.58064943107417544
039514,2426,2060,425,0.56869017386208243
039514,2427,2060,482,0.58401086400592583
039514,2427,2060,483,0.58929083980798735
039514,2428,2060,334,0.56242737931762965
039514,2428,2060,357,0.59704759173446442
039514,2429,2060,266,0.58187647912054352
039514,2429,2060,273,0.57243346575465215
039514,2430,2060,316,0.60022037463688271
039514,2431,2060,293,0.58903895291234287
039514,2431,2060,302,0.5844986016779864
039514,2433,2060,130,0.58721145339017133
039514,2433,2060,147,0.58550504576590712
039514,2433,2060,150,0.60216177265357596
039514,2434,2060,204,0.59456740442655931
039514,2435,2060,118,0.58884772541541819
039514,2435,2060,125,0.57777607440339307
039514,2435,2060,131,0.58793551640239095
039514,2437,2060,598,0.58257882325540777
039514,2437,2060,600,0.57658297657549873
039514,2437,2060,619,0.57778931935359967
039514,2438,2060,410,0.58984363737710588
039514,2438,2060,422,0.61027046574925292
039514,2438,2060,439,0.58971452692139326
039514,2440,2060,132,0.58588988045125445
039514,2440,2060,166,0.58066298342541434
039514,2442,2060,106,0.56615192637654033
039514,2444,2060,343,0.55702907144459757
039514,2444,2060,347,0.58274479862569195
039514,2445,2060,360,0.59126700071581961
039514,2446,2060,260,0.58324483667789662
039514,2446,2060,274,0.60496532522106783
039514,2447,2060,130,0.58889188945899718
039514,2448,2060,176,0.56888643364135527
039514,2450,2060,218,0.57580388609924216
039514,2450,2060,253,0.58405455569226916
039514,2451,2060,238,0.59828342448692262
039514,2452,2060,404,0.5641736671832096
039514,2453,2060,207,0.58205349439171705
039514,2453,2060,220,0.58182909634096969
039514,2454,2060,267,0.56397221345121562
039514,2456,2060,107,0.58036765371728694
039514,2456,2060,121,0.59811758447967611
039514,2458,2060,286,0.59741864616229579
039514,2459,2060,192,0.59331505327826173
039514,2459,2060,194,0.58861569983352546
039514,2460,2060,171,0.57751336769593908
039514,2460,2060,181,0.5620716654789869
039514,2462,2060,162,0.59228764908167808
039514,2462,2060,169,0.58786050259543132
039514,2463,2060,300,0.58186152291943483
039514,2464,2060,377,0.58629081403553784
039514,2465,2060,246,0.57149943310657592
039514,2466,2060,118,0.57971041089354203
039514,2466,2060,124,0.5767605633802817
039514,2467,2060,264,0.57542431221900203
039514,2468,2060,495,0.57041474654377877
039514,2469,2060,229,0.58041427177095761
039514,2469,2060,237,0.59157921843816386
039514,2469,2060,244,0.58731165741475022
039514,2469,2060,254,0.61073398387781075
039514,2470,2060,204,0.58613135254571957
039514,2471,2060,213,0.57279311853711334
039514,2471,2060,215,0.58316517206743346
039514,2471,2060,216,0.5766310832356637
039514,2471,2060,220,0.53115639214526089
039514,2471,2060,244,0.61226565148236034
039514,2472,2060,321,0.5643911377084454
039514,2473,2060,106,0.58033122135592596
039514,2473,2060,116,0.61670866612565667
039514,2473,2060,130,0.5968033527816583
039514,2474,2060,251,0.58219605744358216
039514,2474,2060,267,0.58161505713138806
039514,2475,2060,191,0.58011464545100133
039514,2476,2060,258,0.58345000000000002
039514,2476,2060,301,0.57823912758233587
039514,2477,2060,166,0.56746451099804984
039514,2478,2060,455,0.56542546982607678
039514,2478,2060,468,0.56108662048434188
039514,2478,2060,469,0.58568321404275303
039514,2481,2060,171,0.55770220588235297
039514,2481,2060,192,0.5845556575139409
039514,2482,2060,201,0.58842639915690054
039514,2482,2060,208,0.56843052574964459
039514,2482,2060,212,0.61073471540427604
039514,2484,2060,271,0.57187143597719026
039514,2484,2060,272,0.60338872861728499
039514,2484,2060,278,0.60211578019394651
039514,2484,2060,306,0.58282197802197799
039514,2485,2060,382,0.60450280906650433
039514,2485,2060,409,0.58080744135794649
039514,2486,2060,160,0.59034517080800541
039514,2486,2060,169,0.59724707381577913
039514,2488,2060,190,0.62076615885224085
039514,2489,2060,275,0.5741827818413624
039514,2490,2060,127,0.57783516994492967
039514,2490,2060,138,0.57921924837054495
039514,2490,2060,149,0.58078456862779548
039514,2491,2060,245,0.57617338119930861
039514,2491,2060,277,0.58867329853245343
039514,2492,2060,402,0.5848568471886858
039514,2493,2060,220,0.55201194532715647
039514,2493,2060,222,0.57753441587421472
039514,2493,2060,225,0.58201005025125629
039514,2493,2060,252,0.57685735456456322
039514,2493,2060,256,0.57091748756268212
039514,2494,2060,340,0.55977227947202313
039514,2494,2060,346,0.58119542773856592
039514,2494,2060,348,0.57600963423514251
039514,2494,2060,354,0.57565793383223929
039514,2494,2060,373,0.57493923845530648
039514,2495,2060,370,0.58731991245159587
039514,2496,2060,219,0.57499822228542985
039514,2498,2060,206,0.6108465548759846
039514,2499,2060,278,0.59660624060558864
039514,2499,2060,291,0.57987704118812289
039514,2500,2060,15,0.58035038390829463
039514,2501,2060,427,0.58057682906957797
039514,2501,2060,435,0.57261231227862097
039514,2501,2060,453,0.5831108437637369
039514,2502,2060,157,0.56924775738809708
039514,2502,2060,158,0.57205222843989367
039514,2502,2060,198,0.5858393215952048
039514,2503,2060,365,0.59108867552341804
039514,2503,2060,372,0.58278026905829594
039514,2504,2060,412,0.5850913900392446
039514,2504,2060,438,0.60450089126559714
039514,2504,2060,443,0.57744110692705142
039514,2505,2060,489,0.58708233660004627
039514,2506,2060,293,0.61837774542692581
039514,2507,2060,401,0.58709530323757408
039514,2507,2060,413,0.58752178671314503
039514,2508,2060,216,0.57739013619919133
039514,2508,2060,231,0.55489902767389676
039514,2509,2060,161,0.59026203307935332
039514,2509,2060,167,0.56971754785269202
039514,2510,2060,108,0.57598824901715129
039514,2511,2060,378,0.6084551560647965
039514,2511,2060,383,0.58938665038329197
039514,2512,2060,379,0.57635969818865584
039514,2512,2060,410,0.58899887380712468
039514,2513,2060,160,0.60095190380761521
039514,2513,2060,164,0.57852809740722355
039514,2514,2060,474,0.57526775089250293
039514,2515,2060,161,0.62201626016260159
039514,2516,2060,78,0.59293165337637621
039514,2516,2060,95,0.60678278418812792
039514,2516,2060,99,0.57704375764146354
039514,2517,2060,150,0.57800628948320487
039514,2517,2060,166,0.56884186860566044
039514,2518,2060,438,0.55825746567420897
039514,2518,2060,452,0.57061853611787727
039514,2519,2060,185,0.58519879525077623
039514,2521,2060,178,0.57915887951429779
039514,2522,2060,318,0.58517200399906943
039514,2522,2060,320,0.59884641139587269
039514,2522,2060,340,0.57500096476671936
039514,2523,2060,200,0.59622444251719675
039514,2524,2060,398,0.5895455080192934
039514,2525,2060,209,0.58811863899421268
039514,2525,2060,219,0.57839928181755407
039514,2525,2060,220,0.56296688041250742
039514,2526,2060,232,0.57917707771953031
039514,2527,2060,421,0.57690261909321083
039514,2530,2060,64,0.58129271319455367
039514,2531,2060,199,0.58998173999112602
039514,2532,2060,355,0.57219571510576439
039514,2532,2060,357,0.59243492428167066
039514,2533,2060,282,0.6013591295629247
039514,2534,2060,209,0.59225882758404613
039514,2535,2060,382,0.56069983917344901
039514,2536,2060,431,0.55729820717663714
039514,2536,2060,463,0.56397464356820837
039514,2536,2060,465,0.58443204103182989
039514,2537,2060,150,0.58966779900295585
039514,2538,2060,72,0.56767555142028348
039514,2538,2060,78,0.58328152925635246
039514,2538,2060,90,0.5892717916731639
039514,2539,2060,454,0.60199762693254466
039514,2539,2060,473,0.59824056958992267
039514,2540,2060,132,0.57936351529701224
039514,2541,2060,300,0.57959037010420411
039514,2542,2060,281,0.57934444496030457
039514,2542,2060,304,0.59811591888871152
039514,2543,2060,239,0.59309392007318684
039514,2544,2060,314,0.58572302256047837
039514,2545,2060,568,0.55878038002651342
039514,2545,2060,592,0.58210079311283758
039514,2545,2060,593,0.5831619692754324
039514,2547,2060,414,0.58088990825688069
039514,2548,2060,297,0.56887208694021385
039514,2549,2060,423,0.56798700207294528
039514,2550,2060,236,0.57153954942931695
039514,2551,2060,423,0.57789995615070666
039514,2555,2060,251,0.5746001583531275
039514,2555,2060,254,0.5797566539923954
039514,2556,2060,155,0.55772694830574721
039514,2557,2060,210,0.60527198727954368
039514,2557,2060,224,0.58194539371919851
039514,2557,2060,225,0.55318590458691519
039514,2558,2060,194,0.58637524795233464
039514,2558,2060,197,0.55568925029596139
039514,2558,2060,199,0.59775915345797304
039514,2558,2060,200,0.56257813585220173
039514,2559,2060,94,0.58032758167644738
039514,2560,2060,163,0.6077725500552501
039514,2560,2060,164,0.58610691096682377
039514,2561,2060,260,0.58338735275051967
039514,2561,2060,262,0.58759779230521914
039514,2564,2060,359,0.57424607817387363
039514,2565,2060,275,0.57214616846411759
039514,2565,2060,276,0.57360174160776201
039514,2565,2060,288,0.60345062738679756
039514,2566,2060,206,0.58247059260083867
039514,2568,2060,153,0.57276739755528994
039514,2568,2060,170,0.57502399488109202
039514,2569,2060,354,0.59390776306570126
039514,2569,2060,356,0.58526807783919821
039514,2569,2060,369,0.57606448326491477
039514,2570,2060,299,0.58085181898846494
039514,2570,2060,303,0.56984280295076917
039514,2570,2060,304,0.55056663010988538
039514,2571,2060,347,0.56558862220457196
039514,2572,2060,96,0.58612981173034928
039514,2572,2060,104,0.58197741871586628
039514,2572,2060,110,0.56055340846351209
039514,2572,2060,117,0.59773853779429986
039514,2572,2060,125,0.56076367452771947
039514,2573,2060,151,0.58727295725951156
039514,2574,2060,138,0.57870698741191995
039514,2575,2060,170,0.58448798441221039
039514,2577,2060,191,0.5724551468138771
039514,2577,2060,194,0.58377619377297596
039514,2578,2060,267,0.56301838497698797
039514,2579,2060,214,0.58754739572939529
039514,2580,2060,271,0.54592755159914186
039514,2580,2060,290,0.56518690726595078
039514,2581,2060,168,0.62916196734173491
039514,2582,2060,210,0.57874286974014166
039514,2584,2060,197,0.60009762793125443
039514,2584,2060,209,0.60146181958068856
039514,2585,2060,216,0.57219879229368353
039514,2585,2060,226,0.57040497125464995
039514,2586,2060,275,0.58684927283005295
039514,2586,2060,279,0.58410570774916404
039514,2587,2060,281,0.59140442635842772
039514,2587,2060,283,0.57980141041062294
039514,2587,2060,306,0.59088932601718602
039514,2588,2060,129,0.57792207792207795
039514,2590,2060,260,0.57264516911140739
039514,2591,2060,335,0.589622641509434
039514,2592,2060,328,0.60521535542727967
039514,2593,2060,297,0.59680179079131879
039514,2594,2060,221,0.57600712543986454
039514,2595,2060,194,0.56020056664152784
039514,2595,2060,218,0.58722084367245653
039514,2596,2060,405,0.59499452131837438
039514,2596,2060,425,0.58706701322764943
039514,2597,2060,189,0.57123868922856702
039514,2597,2060,204,0.59747817652764301
039514,2599,2060,312,0.60215403637783493
039514,2600,2060,340,0.58028910388537902
039514,2600,2060,371,0.56509763281335224
039514,2601,2060,255,0.57491939052917751
039514,2602,2060,343,0.57718106113013246
039514,2602,2060,380,0.59757467618292359
039514,2603,2060,191,0.5766892337674201
039514,2603,2060,209,0.54051061211934792
039514,2604,2060,187,0.56817250253660434
039514,2605,2060,319,0.57576592864033982
039514,2606,2060,416,0.55343560654892354
039514,2606,2060,431,0.59844100318056204
039514,2606,2060,444,0.60181768171086714
039514,2609,2060,268,0.57075772047118756
039514,2609,2060,287,0.58830302084146435
039514,2610,2060,302,0.59699214739587669
039514,2610,2060,308,0.60987733504369435
039514,2611,2060,480,0.58468321287132319
039514,2612,2060,93,0.58327094932859214
039514,2613,2060,337,0.5771252007201596
039514,2613,2060,350,0.59749736359711514
039514,2614,2060,223,0.5774527726995734
039514,2616,2060,410,0.58685528641307139
039514,2616,2060,420,0.56693473182712106
039514,2616,2060,422,0.5739563808790854
039514,2616,2060,427,0.577799875699192
039514,2616,2060,443,0.58576839826839822
039514,2617,2060,482,0.57643901118729701
039514,2617,2060,495,0.56779692579448904
039514,2618,2060,227,0.57970298213588212
039514,2619,2060,229,0.5419798084056382
039514,2619,2060,241,0.57678582156803848
039514,2620,2060,265,0.58415625681442951
039514,2622,2060,404,0.5621043214973851
039514,2622,2060,410,0.56656908459839428
039514,2623,2060,205,0.57639825729261118
039514,2623,2060,224,0.57280826799714901
039514,2624,2060,177,0.60008976660682223
039514,2624,2060,199,0.58404338628049135
039514,2625,2060,462,0.56901073456561635
039514,2625,2060,484,0.58405578008823622
039514,2625,2060,486,0.54395248380129591
039514,2626,2060,324,0.57610833073112278
039514,2626,2060,336,0.59071331253021575
039514,2626,2060,352,0.59781348870720175
039514,2627,2060,363,0.5820839993385879
039514,2628,2060,139,0.59346046782167938
039514,2629,2060,214,0.57244260290721372
039514,2629,2060,228,0.58725096213136019
039514,2629,2060,229,0.58718722271517299
039514,2630,2060,215,0.58335681677281181
039514,2630,2060,233,0.58927082368201611
039514,2631,2060,193,0.56467345207803221
039514,2632,2060,206,0.57515702837340266
039514,2633,2060,103,0.58470819100225302
039514,2635,2060,559,0.59078830823737816
039514,2635,2060,561,0.58391132388332223
039514,2635,2060,578,0.60081030795179879
039514,2636,2060,153,0.56941353815232221
039514,2636,2060,168,0.57545042875036134
039514,2636,2060,179,0.58035186826170437
039514,2637,2060,147,0.59274709807612413
039514,2638,2060,164,0.59674582233948992
039514,2638,2060,176,0.57657212155463722
039514,2640,2060,356,0.57054671927754952
039514,2640,2060,368,0.58035300885328245
039514,2641,2060,410,0.58424740307338752
039514,2642,2060,382,0.59147839272175895
039514,2642,2060,400,0.59009346652185224
039514,2643,2060,407,0.58169751729100871
039514,2644,2060,175,0.54077921633393522
039514,2644,2060,186,0.56365409046592019
039514,2645,2060,483,0.57555511152184224
039514,2645,2060,501,0.57066002062564458
039514,2646,2060,355,0.60511151499781624
039514,2646,2060,368,0.63012845603672207
039514,2646,2060,369,0.57302928331066083
039514,2646,2060,372,0.60286851496019767
039514,2646,2060,379,0.57244948687901709
039514,2646,2060,382,0.56098249045532345
039514,2647,2060,348,0.58838961321810068
039514,2648,2060,353,0.61343463491251782
039514,2649,2060,340,0.57567730282962071
039514,2650,2060,394,0.5684815400086195
039514,2651,2060,238,0.56526679100478061
039514,2652,2060,303,0.56828209764918625
039514,2654,2060,196,0.58418497700562089
039514,2655,2060,448,0.56932664012463219
039514,2655,2060,451,0.56182261884824269
039514,2657,2060,219,0.57735956567846913
039514,2657,2060,222,0.58928119641300991
039514,2659,2060,447,0.58306221616332266
039514,2659,2060,450,0.59316327386443968
039514,2659,2060,452,0.5776957574314403
039514,2660,2060,183,0.58881205116425273
039514,2662,2060,141,0.57806587946371202
039514,2662,2060,152,0.59351339445499851
039514,2663,2060,179,0.58984206866867528
039514,2664,2060,357,0.57725929446775093
039514,2664,2060,363,0.57035911901920366
039514,2664,2060,364,0.5734620361626972
039514,2665,2060,315,0.57290900300590675
039514,2667,2060,152,0.58353798259948697
039514,2667,2060,157,0.56489854040583842
039514,2667,2060,183,0.58849853617733161
039514,2668,2060,312,0.59193373973595709
039514,2668,2060,337,0.57400654705175491
039514,2669,2060,353,0.58240949343088488
039514,2670,2060,226,0.5801297585945937
039514,2670,2060,244,0.59479515939611594
039514,2670,2060,254,0.59857617784344674
039514,2672,2060,225,0.58785195087308884
039514,2672,2060,227,0.57914939665557308
039514,2673,2060,131,0.58500359195402296
039514,2674,2060,397,0.56340358196072793
039514,2676,2060,280,0.59369747899159664
039514,2676,2060,287,0.57327255585029879
039514,2677,2060,146,0.57324477708111321
039514,2677,2060,184,0.57632920057807868
039514,2677,2060,188,0.58351092979358221
039514,2678,2060,140,0.57092656772650974
039514,2678,2060,149,0.59756368977847674
039514,2679,2060,569,0.5755652253293978
039514,2679,2060,571,0.58699632266645807
039514,2679,2060,572,0.5757463106905486
039514,2680,2060,324,0.57477834478433165
039514,2680,2060,327,0.57673375208306632
039514,2681,2060,327,0.55506051126489087
039514,2681,2060,352,0.58527868911562175
039514,2682,2060,245,0.59576434498761155
039514,2683,2060,314,0.57252721249408423
039514,2684,2060,180,0.63970983342289089
039514,2685,2060,156,0.58212932076134216
039514,2685,2060,157,0.57976082349379354
039514,2685,2060,176,0.5676425483763704
039514,2686,2060,187,0.56366036801716313
039514,2686,2060,199,0.59366037735849053
039514,2686,2060,206,0.48478123336781115
039514,2688,2060,188,0.59057310402601881
039514,2689,2060,114,0.58256024617401514
039514,2690,2060,251,0.57020841478451778
039514,2694,2060,170,0.58282796315145713
039514,2695,2060,200,0.58553138756601364
039514,2696,2060,280,0.5653816871206353
039514,2696,2060,302,0.57870690317131235
039514,2696,2060,303,0.54504493503956242
039514,2697,2060,322,0.55691748511329364
039514,2697,2060,333,0.57546742380765392
039514,2698,2060,219,0.5983521580182245
039514,2698,2060,234,0.60053120849933594
039514,2698,2060,247,0.60386604955077594
039514,2698,2060,248,0.58656671599854149
039514,2701,2060,240,0.56926724624590719
039514,2704,2060,390,0.59912548941156296
039514,2704,2060,393,0.57442059447193183
039514,2704,2060,394,0.58225693401421852
039514,2706,2060,267,0.58900226757369611
039514,2706,2060,287,0.56577129549222394
039514,2707,2060,313,0.56857272463804642
039514,2707,2060,314,0.58370555090831611
039514,2708,2060,164,0.58776884440601251
039514,2710,2060,240,0.58233200872167112
039514,2711,2060,113,0.57257478155494612
039514,2714,2060,184,0.56862062177264261
039514,2714,2060,187,0.5483922015444993
039514,2714,2060,195,0.57972798262398506
039514,2715,2060,222,0.60802147892321523
039514,2716,2060,190,0.59534221762194328
039514,2716,2060,191,0.57531163699058607
039514,2716,2060,216,0.55708932517695287
039514,2716,2060,219,0.59506901198149964
039514,2717,2060,344,0.59455382326938999
039514,2717,2060,364,0.57853876619702638
039514,2719,2060,334,0.57942805127816122
039514,2719,2060,335,0.58763844272905974
039514,2720,2060,489,0.57632154980067041
039514,2721,2060,262,0.5866084577062467
039514,2722,2060,104,0.58596017355823105
039514,2722,2060,119,0.61921932934034141
039514,2722,2060,121,0.58638512085462857
039514,2724,2060,278,0.57919995710225747
039514,2725,2060,427,0.57968554749426493
039514,2725,2060,455,0.58331305856973703
039514,2726,2060,251,0.55819538396670887
039514,2726,2060,253,0.5932365788361279
039514,2726,2060,256,0.57718139203377283
039514,2727,2060,223,0.57239032329658945
039514,2729,2060,442,0.56927854753941709
039514,2730,2060,141,0.5755379183390168
039514,2730,2060,160,0.58267550467008133
039514,2731,2060,179,0.57758525635976998
039514,2731,2060,182,0.58396051675224492
039514,2733,2060,172,0.59227311668955163
039514,2733,2060,188,0.5985254966209298
039514,2734,2060,454,0.57623875430982574
039514,2735,2060,406,0.58347739233990248
039514,2735,2060,410,0.58829947960382745
039514,2736,2060,175,0.60124861776631033
039514,2736,2060,179,0.57229206315168735
039514,2736,2060,182,0.59573981566171819
039514,2736,2060,185,0.57220754545099617
039514,2736,2060,194,0.57183339085575191
039514,2737,2060,342,0.59824063094614344
039514,2737,2060,355,0.59905054366559085
039514,2738,2060,153,0.5818800174002452
039514,2739,2060,189,0.59288004958633145
039514,2739,2060,197,0.58005945474035514
039514,2739,2060,209,0.59220493408745789
039514,2739,2060,218,0.60575906566207438
039514,2740,2060,332,0.58193063218188845
039514,2740,2060,341,0.57731261336340012
039514,2740,2060,364,0.58729124718701886
039514,2741,2060,412,0.57584810219379434
039514,2741,2060,421,0.59317381029871652
039514,2741,2060,430,0.58476958158773928
039514,2743,2060,143,0.60120311394196746
039514,2743,2060,153,0.58696506088410361
039514,2744,2060,377,0.57129954308787589
039514,2744,2060,379,0.58465070514922923
039514,2744,2060,400,0.58352461106860498
039514,2744,2060,403,0.57366790205966345
039514,2744,2060,406,0.58088571989271931
039514,2745,2060,385,0.56756219538374686
039514,2745,2060,397,0.6052356646070266
039514,2746,2060,427,0.57617112416936678
039514,2747,2060,234,0.58036320685073084
039514,2748,2060,345,0.59062112984662285
039514,2748,2060,358,0.60064792925313015
039514,2749,2060,194,0.62329474989665146
039514,2750,2060,419,0.59513644591686876
039514,2752,2060,315,0.57872458324995768
039514,2752,2060,322,0.60102836617708566
039514,2753,2060,428,0.57135303216845035
039514,2753,2060,430,0.58249952466964539
039514,2754,2060,273,0.5683536355644857
039514,2756,2060,214,0.56631745072361572
039514,2757,2060,359,0.5759803921568627
039514,2757,2060,383,0.56537540265961839
039514,2758,2060,236,0.58627653418953718
039514,2758,2060,247,0.5804786042673582
039514,2759,2060,421,0.58366381940207446
039514,2760,2060,233,0.58231835363292739
039514,2761,2060,219,0.57062052105553296
039514,2762,2060,504,0.58496943545487234
039514,2763,2060,131,0.59344950502538696
039514,2763,2060,177,0.59384565812792012
039514,2764,2060,331,0.571378847396947
039514,2764,2060,336,0.57988272985552802
039514,2764,2060,356,0.59477531788102411
039514,2765,2060,200,0.60222950325763569
039514,2765,2060,207,0.59497069869550234
039514,2765,2060,216,0.57835479850436222
039514,2765,2060,224,0.56449861522882272
039514,2765,2060,230,0.58437328031526814
039514,2766,2060,381,0.5511854270283465
039514,2766,2060,406,0.58113273106323837
039514,2768,2060,471,0.58392893747864705
039514,2769,2060,156,0.58521725290466342
039514,2769,2060,174,0.5843418222456962
039514,2770,2060,244,0.59526883602862335
039514,2770,2060,265,0.57956400928127416
039514,2771,2060,391,0.58047182175622547
039514,2771,2060,399,0.58307472951438399
039514,2772,2060,186,0.58509425690486627
039514,2773,2060,167,0.58631297091973344
039514,2774,2060,228,0.58595244602350371
039514,2774,2060,232,0.58685600814813188
039514,2774,2060,251,0.58373150653387829
039514,2775,2060,277,0.5794385872162181
039514,2775,2060,283,0.58156987678051264
039514,2776,2060,365,0.58797231723808763
039514,2777,2060,350,0.57903638911709276
039514,2777,2060,356,0.56959314775160597
039514,2778,2060,387,0.52750624116461631
039514,2778,2060,396,0.58435815108741751
039514,2779,2060,138,0.57009323452067895
039514,2779,2060,141,0.61476764096248004
039514,2780,2060,303,0.60050165670578759
039514,2782,2060,545,0.59293308421104851
039514,2782,2060,549,0.57685313474194666
039514,2782,2060,556,0.57530120481927716
039514,2783,2060,285,0.57076965065502183
039514,2783,2060,290,0.57116195201506847
039514,2784,2060,480,0.58023266693696784
039514,2785,2060,339,0.58024922118380062
039514,2786,2060,222,0.61176291686649742
039514,2787,2060,419,0.58413039821201129
039514,2787,2060,426,0.59047908696556917
039514,2787,2060,427,0.44777967202467933
039514,2789,2060,188,0.57509101076152325
039514,2789,2060,202,0.5863829951243954
039514,2789,2060,222,0.5593689171191476
039514,2790,2060,164,0.58273299383099408
039514,2792,2060,70,0.588444648546253
039514,2792,2060,72,0.56899210095595043
039514,2792,2060,94,0.54045307443365698
039514,2792,2060,97,0.59437054173896275
039514,2793,2060,385,0.62902822882837872
039514,2793,2060,393,0.56962782796695233
039514,2795,2060,336,0.58778902899158314
039514,2795,2060,337,0.57257093359812394
039514,2797,2060,179,0.57962815639824394
039514,2797,2060,196,0.60550028835063441
039514,2797,2060,207,0.5759984649543598
039514,2798,2060,369,0.55810795079740794
039514,2798,2060,402,0.57550326751581193
039514,2799,2060,234,0.57683152605130916
039514,2799,2060,244,0.58958581941129673
039514,2799,2060,248,0.57476731833388828
039514,2799,2060,258,0.57930773427149551
039514,2800,2060,141,0.57623035924413368
039514,2800,2060,155,0.57838027943856507
039514,2802,2060,420,0.55886715607401449
039514,2803,2060,435,0.5704479188190188
039514,2804,2060,165,0.58204750458763022
039514,2805,2060,150,0.55043105114624813
039514,2805,2060,154,0.57715692307692312
039514,2806,2060,96,0.57404227832587107
039514,2806,2060,104,0.59692898272552786
039514,2806,2060,131,0.57879123487065898
039514,2807,2060,203,0.57648354151638259
039514,2807,2060,215,0.56860402953656985
039514,2807,2060,227,0.58609512710321221
039514,2807,2060,231,0.58392047400151503
039514,2810,2060,421,0.57481951264565989
039514,2810,2060,440,0.55818259507192702
039514,2811,2060,510,0.60656908247054619
039514,2811,2060,512,0.59472460514711778
039514,2811,2060,519,0.57124468477190593
039514,2812,2060,419,0.60091472410740632
039514,2812,2060,429,0.57128180737217593
039514,2814,2060,353,0.59914159252470156
039514,2815,2060,175,0.60095291479820623
039514,2815,2060,200,0.59519359732635602
039514,2818,2060,496,0.56243738450920588
039514,2818,2060,513,0.56827490748848908
039514,2819,2060,225,0.58207142680115986
039514,2820,2060,143,0.58022216201571386
039514,2820,2060,159,0.58518074174534451
039514,2821,2060,220,0.57101555422778172
039514,2822,2060,323,0.59764111839626199
039514,2822,2060,332,0.59944564031492353
039514,2823,2060,151,0.57720871358643211
039514,2825,2060,427,0.58701268201033352
039514,2825,2060,441,0.61827915276592438
039514,2826,2060,412,0.59409970562292103
039514,2826,2060,423,0.58887624172185427
039514,2827,2060,484,0.58262057422745117
039514,2828,2060,122,0.57814183011447606
039514,2828,2060,133,0.57421126811463263
039514,2831,2060,391,0.58346852372096702
039514,2832,2060,251,0.57876175176098177
039514,2832,2060,252,0.60194914874217131
039514,2832,2060,265,0.59291588990020838
039514,2832,2060,271,0.57124478135287515
039514,2832,2060,276,0.58447000470346777
039514,2833,2060,408,0.5779243218337845
039514,2833,2060,410,0.58373191913645361
039514,2833,2060,436,0.56952871747984368
039514,2834,2060,479,0.58341101839430665
039514,2834,2060,483,0.57513694132510995
039514,2835,2060,89,0.56909708862382968
039514,2836,2060,157,0.59743182908379766
039514,2838,2060,393,0.57866647434279328
039514,2838,2060,395,0.56631696517611396
039514,2838,2060,414,0.5712211691228839
039514,2838,2060,420,0.56958346935678916
039514,2838,2060,423,0.59214296003457156
039514,2839,2060,230,0.59333420868347342
039514,2840,2060,189,0.59255769150228255
039514,2841,2060,407,0.58566900660991272
039514,2841,2060,410,0.59581921989734232
039514,2842,2060,272,0.58873458976902371
039514,2843,2060,151,0.57012006025163919
039514,2843,2060,155,0.5523263323774833
039514,2843,2060,186,0.58530695373872565
039514,2844,2060,198,0.56534954407294835
039514,2844,2060,200,0.58084325396825398
039514,2846,2060,271,0.57365975696926375
039514,2847,2060,255,0.57472885988889866
039514,2848,2060,134,0.58972495650833501
039514,2848,2060,158,0.5803731638332168
039514,2849,2060,227,0.59853998786933538
039514,2849,2060,236,0.57063494768412804
039514,2850,2060,393,0.59499647423122914
039514,2850,2060,416,0.5843615518634343
039514,2851,2060,169,0.57692444697752288
039514,2851,2060,194,0.55910186199342826
039514,2852,2060,155,0.56240168177787953
039514,2852,2060,161,0.56568147576250483
039514,2853,2060,125,0.58122113904566441
039514,2853,2060,139,0.56708082892258005
039514,2854,2060,505,0.57565799040279186
039514,2854,2060,513,0.58324500784330346
039514,2854,2060,517,0.57205240174672489
039514,2854,2060,540,0.5778699266137487
039514,2854,2060,544,0.59073919966135446
039514,2855,2060,273,0.57936022040254076
039514,2855,2060,276,0.55380919300683107
039514,2855,2060,280,0.59077310372505376
039514,2856,2060,160,0.57063040624684458
039514,2858,2060,505,0.57300390427085501
039514,2858,2060,512,0.5938415235999418
039514,2859,2060,343,0.58613132884442876
039514,2859,2060,352,0.57589427873898735
039514,2859,2060,369,0.5782174773325216
039514,2860,2060,261,0.59486910129600334
039514,2863,2060,194,0.57985849400666201
039514,2863,2060,210,0.56153372722796657
039514,2863,2060,211,0.57247010575983182
039514,2864,2060,384,0.58749473576742939
039514,2864,2060,388,0.56943312953310499
039514,2865,2060,323,0.59663228155339809
039514,2865,2060,338,0.57024533114981257
039514,2866,2060,309,0.5825823526838444
039514,2866,2060,314,0.59511314325654541
039514,2868,2060,351,0.57741520853114237
039514,2869,2060,428,0.58812626653706113
039514,2869,2060,430,0.57986851587663435
039514,2869,2060,431,0.58993325887678516
039514,2869,2060,439,0.59249824582812172
039514,2869,2060,440,0.58083557147120257
039514,2869,2060,444,0.59937806007674999
039514,2869,2060,457,0.59773378552462075
039514,2870,2060,401,0.58629388269918015
039514,2870,2060,408,0.58480058113390299
039514,2870,2060,416,0.59296517035863161
039514,2871,2060,322,0.57743370120243787
039514,2871,2060,326,0.57581831231971403
039514,2871,2060,345,0.5798075230326859
039514,2871,2060,349,0.60332715763470746
039514,2872,2060,259,0.60542474889187103
039514,2873,2060,383,0.603447715075622
039514,2874,2060,128,0.5917718248728342
039514,2874,2060,156,0.58344102819001631
039514,2874,2060,166,0.59657826822105542
039514,2875,2060,516,0.58006592980414973
039514,2875,2060,540,0.56660156406979645
039514,2876,2060,365,0.57983935822718202
039514,2876,2060,390,0.62561765207019937
039514,2877,2060,515,0.57939873492691474
039514,2877,2060,523,0.58687397219315296
039514,2877,2060,525,0.59006154368817865
039514,2878,2060,349,0.57268853433752853
039514,2878,2060,368,0.58497801513843439
039514,2878,2060,386,0.59398812339061435
039514,2879,2060,410,0.58678987401949134
039514,2879,2060,430,0.57931338305170077
039514,2882,2060,163,0.59079403768632233
039514,2882,2060,188,0.58203953730705504
039514,2883,2060,251,0.56138648791674017
039514,2885,2060,294,0.56753006475485657
039514,2886,2060,207,0.58937226545102051
039514,2887,2060,373,0.58645411095650068
039514,2887,2060,381,0.60574031657474825
039514,2888,2060,296,0.57462275347575453
039514,2888,2060,307,0.60411348264336662
039514,2889,2060,210,0.58068071087188533
039514,2890,2060,187,0.5824038890512746
039514,2891,2060,100,0.58313688794515128
039514,2893,2060,310,0.56699905926622762
039514,2893,2060,327,0.57687029338816165
039514,2894,2060,130,0.58125274776129765
039514,2894,2060,132,0.60768995098039214
039514,2894,2060,139,0.57965082816397007
039514,2894,2060,149,0.57982477042359371
039514,2894,2060,156,0.58035476482181858
039514,2895,2060,185,0.57225047516309657
039514,2896,2060,254,0.58472372697724806
039514,2897,2060,115,0.60906553835073818
039514,2897,2060,116,0.58569592913579571
039514,2897,2060,120,0.57118587666602449
039514,2900,2060,369,0.58551497913509254
039514,2902,2060,296,0.57687328662808401
039514,2902,2060,322,0.59846206093537746
039514,2903,2060,232,0.58993528931331285
039514,2904,2060,314,0.59155253769133387
039514,2904,2060,322,0.56428492734817792
039514,2905,2060,193,0.5894877861072314
039514,2907,2060,276,0.56779757824994292
039514,2907,2060,289,0.60581866676025198
039514,2907,2060,292,0.58677135106661271
039514,2907,2060,296,0.59471742260619154
039514,2908,2060,162,0.59725529855696557
039514,2908,2060,165,0.59624105591925924
039514,2908,2060,167,0.57540732316364629
039514,2909,2060,448,0.59396109159686572
039514,2909,2060,460,0.59436800000000001
039514,2910,2060,300,0.57120678661528657
039514,2911,2060,234,0.57702600635938939
039514,2912,2060,442,0.60174449908467642
039514,2913,2060,283,0.60287719023166475
039514,2913,2060,296,0.59362561814015202
039514,2914,2060,424,0.57697485161842987
039514,2914,2060,428,0.59709383815623729
039514,2915,2060,551,0.59486891648541829
039514,2916,2060,402,0.58630003983270262
039514,2917,2060,581,0.57397319969495586
039514,2917,2060,584,0.57541490857946553
039514,2919,2060,227,0.585829395165403
039514,2919,2060,231,0.56041847910950504
039514,2920,2060,228,0.57747127950228772
039514,2921,2060,221,0.57710000797723826
039514,2922,2060,168,0.5830009007849698
039514,2923,2060,215,0.55044325487863599
039514,2925,2060,161,0.56684313551027676
039514,2926,2060,368,0.58284211480910497
039514,2926,2060,382,0.56773893222896399
039514,2926,2060,384,0.57756631891804433
039514,2927,2060,111,0.60070019776578121
039514,2928,2060,202,0.5768685926055227
039514,2928,2060,203,0.58306209867316028
039514,2929,2060,270,0.59911345308244179
039514,2930,2060,203,0.62023369107358706
039514,2930,2060,210,0.59739565943238726
039514,2931,2060,241,0.56066722784353473
039514,2931,2060,244,0.57170978002179762
039514,2931,2060,269,0.57917508366750081
039514,2932,2060,110,0.57964741778732065
039514,2932,2060,120,0.60089919369821276
039514,2932,2060,137,0.60749372687449499
039514,2932,2060,146,0.59519797120418849
039514,2933,2060,156,0.5859336629448938
039514,2933,2060,175,0.57065028399211781
039514,2933,2060,176,0.54537399605567782
039514,2934,2060,336,0.59640077821011672
039514,2935,2060,384,0.59776104310170475
039514,2936,2060,294,0.59099114587810542
039514,2938,2060,290,0.56680776014109346
039514,2938,2060,306,0.58577444159648484
039514,2939,2060,160,0.58923902573276454
039514,2939,2060,161,0.57718841831414636
039514,2939,2060,163,0.52959250641369848
039514,2940,2060,238,0.58562189352655847
039514,2940,2060,269,0.59976207119045055
039514,2943,2060,166,0.57536777603667233
039514,2946,2060,244,0.57157692861636888
039514,2948,2060,183,0.59560582988905808
039514,2949,2060,368,0.58461623229930026
039514,2950,2060,350,0.58552665201614962
039514,2952,2060,216,0.59017226401796397
039514,2955,2060,586,0.57440389859024188
039514,2956,2060,493,0.60969507427677871
039514,2956,2060,506,0.57740726379733742
039514,2957,2060,273,0.57894367842953964
039514,2958,2060,129,0.57776908886750078
039514,2958,2060,135,0.56567532673446741
039514,2959,2060,436,0.65814045239347707
039514,2960,2060,236,0.61037037037037034
039514,2961,2060,366,0.58508294110388348
039514,2961,2060,384,0.58835368848169645
039514,2963,2060,270,0.59289083470148285
039514,2963,2060,278,0.59168637126897639
039514,2964,2060,123,0.59133696131784086
039514,2964,2060,124,0.57965315132064665
039514,2964,2060,133,0.57694215248658642
039514,2965,2060,144,0.58310873802864649
039514,2965,2060,152,0.58080226266991875
039514,2965,2060,157,0.58055333950282417
039514,2966,2060,387,0.58721510354976492
039514,2966,2060,393,0.59343483955468235
039514,2967,2060,124,0.56409049498937136
039514,2967,2060,146,0.60113996853480511
039514,2968,2060,298,0.60495047175360583
039514,2968,2060,306,0.6002670341976053
039514,2969,2060,412,0.57148486759142492
039514,2970,2060,268,0.39944363371032471
039514,2974,2060,264,0.58619073131529598
039514,2974,2060,291,0.56807995154451851
039514,2976,2060,313,0.5816050010963687
039514,2977,2060,172,0.5788270204224123
039514,2977,2060,200,0.56696111280333028
039514,2978,2060,54,0.57671881624997301
039514,2980,2060,152,0.58732863449771511
039514,2981,2060,433,0.58477342967831802
039514,2981,2060,440,0.60121556710126456
039514,2982,2060,285,0.60336510177667957
039514,2982,2060,286,0.6032992036405006
039514,2982,2060,291,0.55799814084365496
039514,2982,2060,323,0.59509835174107895
039514,2984,2060,246,0.56175827607745155
039514,2984,2060,256,0.58678497114365358
039514,2985,2060,416,0.58308145895529306
039514,2986,2060,215,0.58379992771221856
039514,2987,2060,124,0.57839448428784257
039514,2987,2060,133,0.59058264255105253
039514,2988,2060,217,0.58078189062770691
039514,2988,2060,222,0.57767178776812322
039514,2989,2060,327,0.58528894986400948
039514,2990,2060,441,0.58232670041601919
039514,2991,2060,432,0.58637559764278568
039514,2991,2060,434,0.55114114779525814
039514,2992,2060,171,0.56077031849707093
039514,2992,2060,198,0.56807621496829241
039514,2993,2060,130,0.57823627409699208
039514,2994,2060,170,0.55236545080983002
039514,2995,2060,423,0.55925654520018653
039514,2999,2060,264,0.60361816263775725
039514,2999,2060,272,0.56843777071902979
039514,3000,2060,402,0.58078773860796507
039514,3001,2060,373,0.57665369649805442
039514,3002,2060,461,0.61531331432868708
039514,3002,2060,470,0.58200145296040684
039514,3002,2060,471,0.55264031095942356
039514,3005,2060,460,0.59013703126282102
039514,3006,2060,160,0.58291397296503089
039514,3006,2060,177,0.57653345364567543
039514,3007,2060,366,0.59467186921860804
039514,3007,2060,384,0.57124735729386888
039514,3008,2060,191,0.59000050862112807
039514,3009,2060,283,0.58972278743547302
039514,3010,2060,265,0.5894893282212037
039514,3010,2060,270,0.5806089938241038
039514,3011,2060,481,0.56729371746637114
039514,3011,2060,490,0.55252896105080729
039514,3011,2060,504,0.55932939855885866
039514,3012,2060,167,0.57136584467642104
039514,3012,2060,177,0.56852176256569198
039514,3012,2060,183,0.56361588658120509
039514,3013,2060,478,0.61529383998111875
039514,3013,2060,479,0.58446163074681867
039514,3013,2060,494,0.56593180078132665
039514,3015,2060,159,0.57734120381976894
039514,3015,2060,180,0.57057005036910691
039514,3015,2060,184,0.56988377705020676
039514,3016,2060,335,0.58690460869689565
039514,3016,2060,354,0.59791569450925497
039514,3016,2060,359,0.59196992853897312
039514,3018,2060,308,0.56755634638196917
039514,3018,2060,317,0.5872915879215489
039514,3019,2060,50,0.60372025514686223
039514,3020,2060,179,0.57797710491104615
039514,3020,2060,194,0.58669835909107593
039514,3021,2060,190,0.59314030359569714
039514,3023,2060,175,0.58317039439172114
039514,3023,2060,191,0.59780163228143335
039514,3025,2060,159,0.58436719485730659
039514,3025,2060,171,0.57938776355577648
039514,3026,2060,72,0.57304401332822497
039514,3026,2060,77,0.60226976258805109
039514,3028,2060,224,0.5921415774947949
039514,3028,2060,236,0.57096007697896822
039514,3029,2060,157,0.59521698606469797
039514,3029,2060,180,0.56897061637758561
039514,3030,2060,121,0.55949805279099962
039514,3030,2060,152,0.58881852776786781
039514,3031,2060,68,0.58843785566288265
039514,3031,2060,86,0.60341082223423603
039514,3032,2060,119,0.57154287606224474
039514,3032,2060,122,0.58427163818164662
039514,3033,2060,187,0.58770817948350551
039514,3033,2060,190,0.57665953713546536
039514,3033,2060,200,0.60366599795223552
039514,3034,2060,271,0.6322883094052153
039514,3036,2060,243,0.61048650507134261
039514,3036,2060,244,0.57727472914648115
039514,3036,2060,254,0.60929810477819268
039514,3036,2060,260,0.57883103872093866
039514,3041,2060,159,0.58078541374474058
039514,3041,2060,165,0.58714441831970066
039514,3043,2060,120,0.62573825758535906
039514,3044,2060,325,0.55778456170955082
039514,3044,2060,336,0.56639438019202548
039514,3045,2060,200,0.58795596103494818
039514,3045,2060,217,0.57310252996005329
039514,3046,2060,210,0.57577830995552515
039514,3046,2060,222,0.57725235961483456
039514,3047,2060,209,0.57487256072373705
039514,3049,2060,140,0.59006752049729383
039514,3049,2060,148,0.58441852992874554
039514,3050,2060,161,0.57720130974439676
039514,3050,2060,178,0.57827504087970938
039514,3052,2060,355,0.57874423554451937
039514,3053,2060,157,0.58903128070750077
039514,3053,2060,170,0.58315251278214242
039514,3053,2060,181,0.59429731475500602
039514,3054,2060,327,0.5727826936927668
039514,3055,2060,409,0.58609890694598576
039514,3056,2060,341,0.58660261542567382
039514,3056,2060,343,0.5616636160260321
039514,3057,2060,487,0.52646197016406904
039514,3057,2060,509,0.5916919286910215
039514,3057,2060,512,0.5811285584404311
039514,3058,2060,165,0.56235239158080508
039514,3058,2060,168,0.576227093889076
039514,3061,2060,448,0.58767802484126386
039514,3062,2060,216,0.57628511966701357
039514,3062,2060,226,0.57773400778906847
039514,3062,2060,247,0.59180914735330858
039514,3063,2060,527,0.58251362432300191
039514,3063,2060,557,0.58816577294615213
039514,3064,2060,317,0.58416442212030772
039514,3064,2060,320,0.59327464788732398
039514,3064,2060,326,0.59320300997873388
039514,3064,2060,330,0.58974441260744981
039514,3064,2060,336,0.59751847204795761
039514,3064,2060,362,0.58874618380882193
039514,3065,2060,259,0.53715118574074638
039514,3066,2060,178,0.56759877077709298
039514,3067,2060,159,0.58360939403253531
039514,3068,2060,457,0.59052736617156176
039514,3068,2060,473,0.57580399913112079
039514,3069,2060,384,0.58579330505560012
039514,3069,2060,398,0.57777047814382776
039514,3071,2060,183,0.57189864775162635
039514,3074,2060,112,0.57526198247723759
039514,3074,2060,115,0.56958752474447538
039514,3074,2060,124,0.57970717062559007
039514,3074,2060,133,0.58596942676502695
039514,3074,2060,144,0.57542361256506702
039514,3076,2060,307,0.58007164074785955
039514,3077,2060,167,0.58739905131277603
039514,3077,2060,173,0.57696485993221125
039514,3078,2060,339,0.56995818591186875
039514,3078,2060,349,0.60545773503995837
039514,3080,2060,307,0.57122885219329345
039514,3080,2060,330,0.56731461483081358
039514,3081,2060,367,0.58930196954650782
039514,3082,2060,333,0.59730552243321644
039514,3085,2060,196,0.58841277335697917
039514,3085,2060,200,0.56202825846833582
039514,3086,2060,356,0.57372318414461509
039514,3086,2060,370,0.58078095058586998
039514,3087,2060,308,0.60614084220174147
039514,3088,2060,146,0.55524671319590979
039514,3089,2060,152,0.64798595373716339
039514,3089,2060,157,0.56845076812562223
039514,3089,2060,159,0.58327672609358783
039514,3090,2060,206,0.58937652811735941
039514,3090,2060,211,0.57824057869560141
039514,3090,2060,212,0.55230372074751666
039514,3090,2060,219,0.5889661881319459
039514,3090,2060,220,0.56038281918042487
039514,3090,2060,225,0.56922355348995868
039514,3090,2060,227,0.57619542292315928
039514,3090,2060,231,0.58688249777358692
039514,3090,2060,234,0.5822063798717495
039514,3091,2060,366,0.58314116088513812
039514,3092,2060,201,0.58533337885357273
039514,3093,2060,317,0.56968001974171256
039514,3094,2060,284,0.58319065148531801
039514,3095,2060,371,0.58633252373592404
039514,3095,2060,373,0.58237005793000352
039514,3097,2060,82,0.60571301159449009
039514,3098,2060,251,0.57468464282297627
039514,3098,2060,255,0.57455440579842276
039514,3100,2060,308,0.58711580780112693
039514,3102,2060,311,0.58532666166488456
039514,3102,2060,324,0.56631049654305465
039514,3102,2060,325,0.54844992695990913
039514,3103,2060,113,0.58234228111903952
039514,3105,2060,303,0.58076815025885942
039514,3105,2060,308,0.58499570999571004
039514,3106,2060,229,0.58840178071287474
039514,3107,2060,304,0.58289648446272402
039514,3107,2060,306,0.57400881057268727
039514,3107,2060,323,0.5832777622852432
039514,3107,2060,327,0.62027036955403714
039514,3108,2060,163,0.57426140730281849
039514,3110,2060,301,0.58190055614238267
039514,3110,2060,316,0.58269371913369072
039514,3110,2060,324,0.59193157202895597
039514,3111,2060,467,0.58361343979593194
039514,3111,2060,491,0.58718304967002433
039514,3112,2060,206,0.56156235408757793
039514,3112,2060,210,0.56723886302036275
039514,3113,2060,274,0.58945135543251603
039514,3114,2060,321,0.58513116087630623
039514,3115,2060,370,0.58301739121596208
039514,3116,2060,272,0.58796562634833882
039514,3117,2060,171,0.62042200240984113
039514,3118,2060,233,0.59439813391678575
039514,3118,2060,237,0.56707023164818959
039514,3119,2060,424,0.57648037649364769
039514,3119,2060,429,0.57221121342813852
039514,3119,2060,434,0.57687138130686522
039514,3120,2060,184,0.59433417025913116
039514,3120,2060,194,0.56281260904966846
039514,3122,2060,242,0.56083196925485734
039514,3123,2060,141,0.58025255508620976
039514,3123,2060,149,0.56792696530264775
039514,3123,2060,174,0.59397991514956228
039514,3124,2060,494,0.58022931751950213
039514,3124,2060,504,0.58891498005889154
039514,3126,2060,314,0.58819715240316639
039514,3127,2060,557,0.57585799718127451
039514,3127,2060,572,0.57691793638064692
039514,3129,2060,302,0.58490211646987511
039514,3130,2060,209,0.5779250485292845
039514,3130,2060,230,0.59446291560102305
039514,3130,2060,239,0.57376764235555866
039514,3130,2060,242,0.58616226787717263
039514,3131,2060,452,0.56992976675626461
039514,3131,2060,460,0.58216761951100837
039514,3131,2060,480,0.60234032561051976
039514,3133,2060,154,0.55688891709670019
039514,3133,2060,157,0.59298451891044479
039514,3133,2060,161,0.5763653475388566
039514,3135,2060,324,0.57507318013707032
039514,3135,2060,331,0.5842989300565341
039514,3136,2060,383,0.6025690804374555
039514,3136,2060,402,0.57481486730680653
039514,3136,2060,403,0.59741626091849964
039514,3137,2060,305,0.57721913855052698
039514,3137,2060,311,0.57758713246384075
039514,3137,2060,329,0.55890176705301164
039514,3138,2060,253,0.57412862052037306
039514,3138,2060,256,0.58352626434120491
039514,3138,2060,275,0.62933202678425604
039514,3139,2060,189,0.5909919637483626
039514,3140,2060,367,0.56732663976728914
039514,3141,2060,368,0.55936300298592345
039514,3141,2060,377,0.60514929183799615
039514,3142,2060,192,0.59261385380788367
039514,3143,2060,76,0.6003852711866613
039514,3143,2060,88,0.56749365110373118
039514,3143,2060,94,0.57215659022469312
039514,3143,2060,102,0.56317344332015584
039514,3144,2060,481,0.60026747378053069
039514,3144,2060,484,0.59084062544828575
039514,3145,2060,145,0.58198823878409267
039514,3145,2060,165,0.59265205540828136
039514,3145,2060,166,0.57729661653224829
039514,3148,2060,107,0.57375188436640956
039514,3150,2060,117,0.58718952532136592
039514,3151,2060,147,0.58504457922519637
039514,3152,2060,168,0.6021841946856995
039514,3152,2060,174,0.56397031073090953
039514,3153,2060,96,0.5871610135189832
039514,3155,2060,312,0.55879872281462739
039514,3156,2060,227,0.58415889587407277
039514,3156,2060,232,0.58674215439991007
039514,3156,2060,249,0.58680955829109338
039514,3157,2060,212,0.58364058993267076
039514,3158,2060,509,0.56719121140142514
039514,3159,2060,444,0.57085844600097735
039514,3160,2060,272,0.60364898726247651
039514,3160,2060,296,0.58786758446233556
039514,3162,2060,247,0.56228778638536348
039514,3163,2060,179,0.57135662015228272
039514,3163,2060,201,0.57681577681577678
039514,3163,2060,211,0.58531737951144813
039514,3166,2060,244,0.58730560121380704
039514,3166,2060,270,0.59330884822482965
039514,3169,2060,207,0.59650682020170798
039514,3171,2060,134,0.60321429762262013
039514,3172,2060,412,0.59393689420499074
039514,3173,2060,182,0.56636890065987344
039514,3173,2060,185,0.55737025655191463
039514,3173,2060,189,0.606492800869329
039514,3174,2060,193,0.60560370135512809
039514,3174,2060,226,0.58843767688090298
039514,3175,2060,233,0.57324788140594385
039514,3175,2060,235,0.61802846529710154
039514,3176,2060,282,0.57759505141051271
039514,3176,2060,284,0.59251076577419959
039514,3177,2060,64,0.60743216244687426
039514,3177,2060,70,0.59319926763662123
039514,3177,2060,73,0.57166773527106929
039514,3177,2060,77,0.59547873230480908
039514,3177,2060,86,0.61795662343185198
039514,3178,2060,448,0.56523382144544165
039514,3178,2060,465,0.61303441440825668
039514,3178,2060,467,0.5590108514969836
039514,3179,2060,120,0.62105154851322153
039514,3179,2060,134,0.59103520302132018
039514,3180,2060,256,0.5742136406104017
039514,3181,2060,305,0.57796276731392759
039514,3181,2060,312,0.58425450430846892
039514,3181,2060,334,0.57891088001789104
039514,3182,2060,229,0.59533656307849858
039514,3183,2060,47,0.57391455885281817
039514,3184,2060,459,0.5876591274255345
039514,3184,2060,462,0.58513287819742743
039514,3184,2060,464,0.57111955006489445
039514,3185,2060,170,0.58241991823547334
039514,3187,2060,186,0.53325637898774003
039514,3187,2060,194,0.57249436359909822
039514,3188,2060,178,0.58130368950063538
039514,3188,2060,197,0.58005669410950911
039514,3189,2060,208,0.58349496280952828
039514,3190,2060,278,0.57577480037894169
039514,3190,2060,284,0.59039740048114242
039514,3190,2060,287,0.57959792673353261
039514,3190,2060,296,0.57337863654091503
039514,3191,2060,319,0.57734341017833846
039514,3192,2060,403,0.58602467969534155
039514,3192,2060,406,0.57060258023914412
039514,3192,2060,415,0.59048179499947184
039514,3192,2060,427,0.58355150053858174
039514,3192,2060,428,0.59886000999653966
039514,3192,2060,434,0.58867358273624315
039514,3192,2060,435,0.59469290677610409
039514,3194,2060,377,0.57543500237669631
039514,3195,2060,488,0.59276148510602866
039514,3195,2060,504,0.56842727339883281
039514,3196,2060,403,0.58730391677265759
039514,3197,2060,218,0.58120158278994594
039514,3197,2060,236,0.59334005032682058
039514,3200,2060,492,0.5884987055796127
039514,3201,2060,53,0.55696915109209633
039514,3201,2060,64,0.57950235169170083
039514,3201,2060,69,0.5780359926314298
039514,3201,2060,75,0.56203449961907148
039514,3202,2060,493,0.58180451127819544
039514,3202,2060,495,0.59396472562616764
039514,3202,2060,510,0.57669701464276701
039514,3203,2060,243,0.59178765635936181
039514,3204,2060,405,0.58402054538180603
039514,3205,2060,363,0.58926413386025656
039514,3205,2060,385,0.59074475777295732
039514,3207,2060,169,0.5944407382699578
039514,3207,2060,177,0.56208856679624164
039514,3210,2060,264,0.58316274781005073
039514,3210,2060,270,0.57802128896093963
039514,3211,2060,180,0.60958375759819805
039514,3212,2060,300,0.57088235627815154
039514,3212,2060,303,0.58547173241228867
039514,3213,2060,243,0.5920828816242476
039514,3213,2060,259,0.58371315709510785
039514,3213,2060,265,0.59540132783138922
039514,3214,2060,157,0.60521565646969411
039514,3215,2060,489,0.583991206155691
039514,3215,2060,522,0.54511838559880754
039514,3217,2060,198,0.58479051427456774
039514,3217,2060,204,0.5758270826203975
039514,3217,2060,205,0.59161169636703748
039514,3217,2060,215,0.57910859642119517
039514,3217,2060,219,0.59958989330274914
039514,3218,2060,69,0.57778229598190456
039514,3218,2060,85,0.56717432689692682
039514,3220,2060,157,0.56668251201605657
039514,3220,2060,165,0.60069138241207798
039514,3221,2060,407,0.58371084523947803
039514,3221,2060,415,0.58616495751224273
039514,3222,2060,166,0.60349331992834943
039514,3222,2060,171,0.54668866955195072
039514,3222,2060,176,0.59973409455284876
039514,3223,2060,261,0.5760236817132417
039514,3223,2060,271,0.57711232529356715
039514,3224,2060,339,0.58813263525305415
039514,3224,2060,343,0.57202991471088938
039514,3224,2060,354,0.57832196734862573
039514,3226,2060,217,0.57655282195849655
039514,3226,2060,232,0.58397709470044834
039514,3226,2060,236,0.57152839784153109
039514,3226,2060,238,0.58446231609011823
039514,3227,2060,376,0.57906533442258945
039514,3230,2060,283,0.59598120353485762
039514,3230,2060,291,0.58271121631463951
039514,3231,2060,110,0.57991150168641892
039514,3233,2060,411,0.57199393179869407
039514,3233,2060,416,0.55347863471531644
039514,3233,2060,421,0.59991155008476449
039514,3234,2060,366,0.56730549479251691
039514,3235,2060,466,0.5810981682276456
039514,3235,2060,475,0.58856955762514551
039514,3236,2060,212,0.58586076373915963
039514,3237,2060,277,0.56161201656923854
039514,3238,2060,429,0.64984422002578424
039514,3240,2060,373,0.57759807544599506
039514,3240,2060,374,0.55655318792414887
039514,3241,2060,249,0.57500893454415503
039514,3241,2060,260,0.60155513344356837
039514,3242,2060,280,0.57835776988068066
039514,3242,2060,282,0.58162502134776539
039514,3242,2060,284,0.57762317989901479
039514,3242,2060,292,0.58094565984474245
039514,3243,2060,217,0.57342371296675043
039514,3243,2060,222,0.60097603958382761
039514,3244,2060,214,0.58109670270432157
039514,3244,2060,231,0.57259341220529403
039514,3245,2060,258,0.58194816565398566
039514,3246,2060,394,0.61050092383494148
039514,3247,2060,248,0.59962905935050392
039514,3247,2060,252,0.58982191070990264
039514,3247,2060,255,0.55388050483776463
039514,3248,2060,105,0.59034043730971497
039514,3248,2060,118,0.5692566609307339
039514,3250,2060,267,0.57274410446306767
039514,3250,2060,270,0.58084055744540763
039514,3251,2060,248,0.58799679374936775
039514,3251,2060,250,0.58585870874341539
039514,3251,2060,266,0.57163320970938558
039514,3252,2060,291,0.58457529190277013
039514,3252,2060,306,0.60081453394104201
039514,3253,2060,380,0.59385495478870642
039514,3253,2060,387,0.5926498036944069
039514,3253,2060,397,0.5738155184252689
039514,3253,2060,404,0.57667870428195167
039514,3254,2060,135,0.58978924208210293
039514,3255,2060,223,0.5802334093414222
039514,3256,2060,375,0.58708240148402424
039514,3256,2060,391,0.58634115409004439
039514,3257,2060,237,0.57715313268975965
039514,3258,2060,336,0.571008274593932
039514,3258,2060,357,0.5808128359028677
039514,3258,2060,363,0.60548912607334882
039514,3258,2060,364,0.56701661568984041
039514,3258,2060,366,0.57139825483415929
039514,3258,2060,375,0.58413633349694727
039514,3259,2060,246,0.60975519287833824
039514,3260,2060,233,0.57635780048990626
039514,3263,2060,413,0.56345368734979873
039514,3263,2060,414,0.59307989550451723
039514,3263,2060,417,0.59316065886846503
039514,3263,2060,431,0.5723322950451174
039514,3264,2060,253,0.58046636678558505
039514,3264,2060,265,0.57588413747246814
039514,3265,2060,193,0.58537866420611828
039514,3265,2060,199,0.57721043620957624
039514,3265,2060,200,0.56587056014755699
039514,3267,2060,193,0.56599800114220444
039514,3268,2060,275,0.57761438720254354
039514,3269,2060,158,0.57758977251363042
039514,3270,2060,113,0.57759189494072327
039514,3272,2060,180,0.58259024166411744
039514,3273,2060,330,0.57896066211239228
039514,3273,2060,344,0.58632642379593325
039514,3274,2060,282,0.58313300451776018
039514,3274,2060,284,0.56828223473209682
039514,3274,2060,311,0.59820190641247839
039514,3276,2060,172,0.58399792757618929
039514,3276,2060,173,0.49203482448828378
039514,3276,2060,183,0.57573789654836505
039514,3277,2060,385,0.58036958359030588
039514,3278,2060,442,0.57965247864495872
039514,3280,2060,391,0.5733948054093424
039514,3280,2060,399,0.58615465866132976
039514,3282,2060,444,0.59989346881914285
039514,3282,2060,447,0.57673252407873954
039514,3282,2060,454,0.58693877551020412
039514,3283,2060,367,0.58922038060159609
039514,3283,2060,383,0.6000965367442983
039514,3285,2060,74,0.58478856977918892
039514,3285,2060,77,0.58992766922163442
039514,3285,2060,91,0.58899278698458923
039514,3285,2060,111,0.5758950062074033
039514,3286,2060,631,0.57871991865325956
039514,3287,2060,85,0.59042078892616023
039514,3287,2060,108,0.57256729114581639
039514,3288,2060,464,0.58909867937086213
039514,3288,2060,470,0.5705202097200015
039514,3288,2060,473,0.57106039946657872
039514,3289,2060,206,0.58024244430193828
039514,3289,2060,235,0.56445472969272059
039514,3290,2060,260,0.57050042917855925
039514,3290,2060,264,0.56546401098189536
039514,3290,2060,272,0.58483768588338958
039514,3290,2060,276,0.55810226349645442
039514,3290,2060,282,0.58156013886052682
039514,3291,2060,246,0.60364181389119209
039514,3291,2060,251,0.57013617301983699
039514,3292,2060,219,0.58550621403265413
039514,3292,2060,222,0.61286997006983701
039514,3292,2060,227,0.58647601909083791
039514,3292,2060,243,0.575157200589411
039514,3294,2060,305,0.58835774865073243
039514,3295,2060,222,0.59003384161227501
039514,3295,2060,234,0.57241488144553598
039514,3296,2060,259,0.59375423515517611
039514,3296,2060,271,0.5955696681031224
039514,3296,2060,296,0.57642511853016787
039514,3299,2060,172,0.56411464236821574
039514,3300,2060,145,0.57018588564840844
039514,3300,2060,155,0.57171375453354056
039514,3302,2060,323,0.59196121887366004
039514,3302,2060,333,0.57561167135063651
039514,3305,2060,291,0.5773885576377058
039514,3306,2060,296,0.5804129328433475
039514,3306,2060,302,0.57934826184067345
039514,3306,2060,325,0.58766042189113443
039514,3307,2060,242,0.57483626749984984
039514,3309,2060,50,0.59553815408458743
039514,3309,2060,62,0.5738423407084996
039514,3310,2060,321,0.57800583441256881
039514,3310,2060,332,0.57869809274733686
039514,3310,2060,347,0.58534861904703894
039514,3311,2060,473,0.59369485942830258
039514,3313,2060,486,0.57098970441713714
039514,3314,2060,179,0.5635271232404151
039514,3315,2060,113,0.57341321263041156
039514,3316,2060,374,0.58659622204530648
039514,3318,2060,372,0.58156014020322389
039514,3318,2060,381,0.58923784180948036
039514,3319,2060,228,0.5842256237790252
039514,3320,2060,270,0.61657728812798707
039514,3320,2060,271,0.5433305804939127
039514,3321,2060,173,0.57337487458414749
039514,3322,2060,367,0.57580162462590856
039514,3324,2060,454,0.55779231331762413
039514,3325,2060,440,0.58286248861524259
039514,3325,2060,463,0.59559893826526245
039514,3325,2060,464,0.57436991543635973
039514,3325,2060,466,0.57240701183331633
039514,3325,2060,475,0.58608140827035027
039514,3326,2060,576,0.57688181986314035
039514,3326,2060,586,0.58705889009738521
039514,3327,2060,350,0.58236477553601196
039514,3329,2060,326,0.5720930232558139
039514,3330,2060,88,0.60816827882696145
039514,3330,2060,93,0.58698399828297521
039514,3330,2060,101,0.60363871477576825
039514,3331,2060,330,0.54155892131510897
039514,3332,2060,491,0.5746506024096385
039514,3332,2060,515,0.5728352392660806
039514,3332,2060,521,0.55614656783850691
039514,3335,2060,366,0.59240446979760886
039514,3336,2060,86,0.58817404030169984
039514,3336,2060,111,0.5818348064614447
039514,3339,2060,164,0.59012806693357966
039514,3339,2060,174,0.56057435502078801
039514,3339,2060,190,0.58694877329161799
039514,3340,2060,298,0.57372514716659972
039514,3341,2060,46,0.54982300638291937
039514,3341,2060,70,0.60255394971292808
039514,3342,2060,406,0.56371020237644154
039514,3342,2060,420,0.58238751863396121
039514,3343,2060,289,0.59803840016939025
039514,3345,2060,200,0.58064446969534544
039514,3345,2060,206,0.57759049665964357
039514,3346,2060,154,0.61836759817801301
039514,3346,2060,165,0.57565900928372971
039514,3347,2060,347,0.5491659820695074
039514,3347,2060,352,0.59127369262388674
039514,3347,2060,356,0.57963532893014336
039514,3347,2060,360,0.5723833372813103
039514,3348,2060,178,0.56737878633002825
039514,3348,2060,192,0.58279747764331291
039514,3348,2060,203,0.48429774558870226
039514,3349,2060,344,0.58778249168537211
039514,3349,2060,348,0.55668621496951853
039514,3350,2060,135,0.57396496625881199
039514,3350,2060,145,0.57817892431095075
039514,3350,2060,157,0.57630736392742798
039514,3351,2060,284,0.62629156260712016
039514,3352,2060,229,0.57309934126512496
039514,3354,2060,330,0.59542452728719852
039514,3354,2060,350,0.59787046764530505
039514,3355,2060,290,0.60191991154334246
039514,3355,2060,305,0.57667787432863193
039514,3355,2060,312,0.57433862938450098
039514,3356,2060,132,0.57878112978335694
039514,3356,2060,137,0.58429977836194014
039514,3356,2060,141,0.59599184615762457
039514,3356,2060,146,0.57517972578707499
039514,3357,2060,102,0.59297163067198433
039514,3357,2060,117,0.58962492013775258
039514,3357,2060,128,0.57229571984435801
039514,3358,2060,269,0.57298936151127533
039514,3360,2060,484,0.5742065665103212
039514,3362,2060,469,0.5778550816302328
039514,3362,2060,495,0.60496657524854303
039514,3364,2060,211,0.58086897660447601
039514,3365,2060,439,0.56607205128892946
039514,3365,2060,460,0.59052322632677323
039514,3365,2060,470,0.58577033903500708
039514,3365,2060,471,0.58274194806207591
039514,3366,2060,186,0.58907145769867353
039514,3366,2060,206,0.56611309930703557
039514,3367,2060,98,0.61556240369799697
039514,3367,2060,103,0.5694803230235751
039514,3368,2060,579,0.58472106835964144
039514,3368,2060,600,0.59131282495667248
039514,3368,2060,603,0.58377141132379207
039514,3369,2060,114,0.58082005033557049
039514,3370,2060,153,0.57235558157689304
039514,3370,2060,176,0.57145056027582808
039514,3371,2060,137,0.58400691295337581
039514,3371,2060,156,0.5948434622467772
039514,3372,2060,496,0.57695715206185572
039514,3372,2060,516,0.58106735868216175
039514,3372,2060,525,0.58349799930840296
039514,3374,2060,354,0.58364400125029547
039514,3375,2060,240,0.57279495452599483
039514,3376,2060,334,0.57599082869308882
039514,3376,2060,348,0.57678491053154535
039514,3376,2060,350,0.59232571300719916
039514,3376,2060,363,0.58376409872227075
039514,3378,2060,173,0.58153110916185236
039514,3378,2060,179,0.57979555195181276
039514,3378,2060,183,0.57900931633650532
039514,3381,2060,277,0.60791694733922419
039514,3381,2060,293,0.56803105603310367
039514,3381,2060,308,0.59215583221101731
039514,3381,2060,315,0.58060490624281635
039514,3382,2060,226,0.55514949009780379
039514,3382,2060,250,0.59662529092319627
039514,3383,2060,245,0.5823870040577096
039514,3384,2060,217,0.584968867203146
039514,3385,2060,345,0.5615747025473129
039514,3385,2060,369,0.58640834961052413
039514,3385,2060,370,0.61160497189208118
039514,3386,2060,204,0.57540761346792835
039514,3386,2060,216,0.60551282551829144
039514,3387,2060,247,0.59679328526848163
039514,3387,2060,253,0.59599397244179964
039514,3387,2060,256,0.60271420298612688
039514,3388,2060,475,0.57594907660750794
039514,3389,2060,202,0.59339077462291112
039514,3389,2060,204,0.56332624221242977
039514,3390,2060,242,0.59690134469947009
039514,3390,2060,266,0.59456543922563343
039514,3391,2060,197,0.58416706846673094
039514,3391,2060,221,0.59570290586783348
039514,3392,2060,547,0.57921655697407026
039514,3392,2060,557,0.57543005651582035
039514,3392,2060,568,0.61663858466722832
039514,3393,2060,255,0.57906625064604433
039514,3395,2060,174,0.58652922722325374
039514,3395,2060,183,0.58867761111767258
039514,3395,2060,186,0.60066523545833983
039514,3396,2060,396,0.57565547567948849
039514,3396,2060,417,0.61199827362969361
039514,3396,2060,422,0.58923197895087021
039514,3397,2060,125,0.59353355714847411
039514,3397,2060,144,0.56960579219892882
039514,3398,2060,215,0.59807946795154554
039514,3398,2060,247,0.5847737850840764
039514,3400,2060,97,0.567908771525658
039514,3400,2060,117,0.5610549633116434
039514,3401,2060,321,0.59687698677293799
039514,3402,2060,424,0.62503170467384539
039514,3402,2060,428,0.56601250240625733
039514,3402,2060,430,0.55327102803738315
039514,3403,2060,265,0.58448678346577376
039514,3403,2060,271,0.5864368959704801
039514,3403,2060,280,0.57635253878569137
039514,3404,2060,264,0.5815116165081855
039514,3405,2060,412,0.59586922539661424
039514,3405,2060,418,0.57699250208275477
039514,3405,2060,442,0.59513913160371013
039514,3406,2060,199,0.57934530918663318
039514,3407,2060,190,0.6022585198628756
039514,3408,2060,258,0.57159887416465094
039514,3408,2060,280,0.58148247462171998
039514,3408,2060,282,0.57195419215379661
039514,3408,2060,287,0.58484322942814115
039514,3409,2060,242,0.57030226962758901
039514,3410,2060,298,0.57831544989129668
039514,3410,2060,311,0.58650558776232753
039514,3410,2060,316,0.60818316218484036
039514,3411,2060,246,0.59796982323953041
039514,3411,2060,247,0.59745618719355309
039514,3413,2060,480,0.59519534321491863
039514,3413,2060,485,0.60049109241941379
039514,3413,2060,508,0.58789687387293055
039514,3414,2060,436,0.56205510629025224
039514,3414,2060,448,0.58057873059457177
039514,3417,2060,415,0.5897001165624669
039514,3417,2060,416,0.58858006100067883
039514,3418,2060,236,0.57502236259428186
039514,3418,2060,237,0.57806444691778525
039514,3419,2060,166,0.57648632886205353
039514,3420,2060,96,0.58679845870330039
039514,3421,2060,358,0.59371058605902627
039514,3423,2060,217,0.63821956127005941
039514,3424,2060,181,0.58051384766131586
039514,3424,2060,183,0.57946091259031673
039514,3424,2060,187,0.57781887074999716
039514,3425,2060,217,0.58363057938879781
039514,3425,2060,227,0.59367150856895079
039514,3426,2060,281,0.56659132400243417
039514,3426,2060,298,0.57634008793234703
039514,3426,2060,301,0.57041029207232263
039514,3427,2060,477,0.58816847653232773
039514,3427,2060,489,0.6017768437141765
039514,3428,2060,316,0.57007104256481878
039514,3428,2060,321,0.59338993823438335
039514,3428,2060,349,0.57576494369594855
039514,3429,2060,426,0.57534973383088972
039514,3429,2060,457,0.58446932081490177
039514,3430,2060,122,0.58792294501170794
039514,3430,2060,124,0.57940487501999116
039514,3430,2060,129,0.58171864097471959
039514,3433,2060,406,0.59280051110715448
039514,3433,2060,429,0.59943247181532322
039514,3434,2060,137,0.58542489413332066
039514,3435,2060,79,0.58780130660058572
039514,3435,2060,86,0.59419854749242296
039514,3435,2060,87,0.58622754491017959
039514,3435,2060,88,0.59279054163485345
039514,3436,2060,406,0.58259460918867845
039514,3437,2060,275,0.57741349039335566
039514,3438,2060,166,0.56157167351829285
039514,3438,2060,171,0.54896969923826988
039514,3438,2060,172,0.57342178363500296
039514,3440,2060,203,0.58243112803923613
039514,3441,2060,309,0.58240171610082092
039514,3441,2060,312,0.5800175908862456
039514,3441,2060,328,0.60464008384545753
039514,3441,2060,334,0.57807032161306449
039514,3442,2060,150,0.58328765197835408
039514,3443,2060,152,0.61478153042040562
039514,3443,2060,155,0.56599845164922813
039514,3443,2060,162,0.5835638480591564
039514,3444,2060,106,0.62250168425780372
039514,3444,2060,112,0.5825590251332825
039514,3444,2060,115,0.60690789473684215
039514,3445,2060,307,0.60547764395314307
039514,3445,2060,310,0.57327051433058496
039514,3446,2060,217,0.5669363423461784
039514,3446,2060,247,0.59736356494253928
039514,3447,2060,220,0.58014633181728292
039514,3447,2060,231,0.58131034482758626
039514,3448,2060,445,0.50686898478733311
039514,3449,2060,105,0.60263092578803679
039514,3450,2060,136,0.57940060439435592
039514,3451,2060,86,0.60404581726097584
039514,3451,2060,105,0.57941107126459601
039514,3452,2060,292,0.59510669610007361
039514,3452,2060,310,0.57894686708197596
039514,3454,2060,105,0.57142235470745661
039514,3454,2060,113,0.61710979161151247
039514,3455,2060,344,0.59228339350180503
039514,3456,2060,370,0.59209597741707831
039514,3456,2060,378,0.57289300358607287
039514,3456,2060,384,0.62176239947339806
039514,3456,2060,385,0.58246692827379754
039514,3457,2060,194,0.58791778639819847
039514,3457,2060,197,0.58071647490328093
039514,3457,2060,219,0.57062577192260189
039514,3458,2060,111,0.61161587619006219
039514,3458,2060,138,0.58497662969826036
039514,3459,2060,202,0.57798119278952798
039514,3459,2060,223,0.58760121568141566
039514,3460,2060,352,0.59865816839986585
039514,3460,2060,363,0.54104782504205717
039514,3461,2060,341,0.59398459329321429
039514,3461,2060,345,0.58289406103857488
039514,3463,2060,210,0.56358514053593656
039514,3464,2060,181,0.58204640181174261
039514,3464,2060,189,0.57820993575768143
039514,3465,2060,389,0.60688983019080112
039514,3466,2060,165,0.57717868607809664
039514,3467,2060,114,0.58917462126608733
039514,3470,2060,223,0.56451819415635962
039514,3472,2060,182,0.58347765457367129
039514,3472,2060,201,0.57467390255309991
039514,3474,2060,282,0.57449970570924069
039514,3474,2060,296,0.58821611231249782
039514,3475,2060,271,0.58575432360380064
039514,3478,2060,143,0.59497732050005536
039514,3478,2060,148,0.5955597053636269
039514,3478,2060,158,0.60352757500316467
039514,3478,2060,160,0.597363626620941
039514,3480,2060,294,0.57234788971870088
039514,3481,2060,179,0.56531106269668363
039514,3482,2060,352,0.58264407505554217
039514,3482,2060,354,0.62164761192435092
039514,3484,2060,347,0.60025629246355083
039514,3484,2060,361,0.59099212724533667
039514,3485,2060,196,0.58676039521608769
039514,3485,2060,221,0.59202935557699221
039514,3486,2060,253,0.59407531307084538
039514,3486,2060,255,0.57765140851678776
039514,3486,2060,256,0.59485393184581514
039514,3489,2060,263,0.61361051883439943
039514,3489,2060,291,0.57852376552715323
039514,3490,2060,324,0.60039314219674655
039514,3490,2060,327,0.57583116727063455
039514,3490,2060,337,0.62081801470588238
039514,3490,2060,341,0.57945486754166997
039514,3491,2060,263,0.58394661746089638
039514,3491,2060,265,0.56154397496634789
039514,3491,2060,275,0.58511251440886081
039514,3491,2060,279,0.58574233034373913
039514,3492,2060,372,0.59577409531638237
039514,3496,2060,346,0.57600021070930019
039514,3496,2060,358,0.59894568500858847
039514,3497,2060,137,0.59056276403138197
039514,3499,2060,108,0.55022351975184747
039514,3499,2060,110,0.57776695426291869
039514,3499,2060,115,0.59147805836547562
039514,3500,2060,358,0.57770297347118693
039514,3500,2060,364,0.5860428943196434
039514,3500,2060,370,0.57610208816705333
039514,3500,2060,389,0.58688727525248718
039514,3501,2060,235,0.59654523099146195
039514,3503,2060,413,0.56916020876166373
039514,3503,2060,419,0.57723810010736742
039514,3503,2060,436,0.56635655971141063
039514,3505,2060,148,0.60481788632704514
039514,3505,2060,156,0.60401037847594341
039514,3506,2060,121,0.58206633382306994
039514,3506,2060,136,0.59462537708551377
039514,3509,2060,168,0.57278086997060684
039514,3511,2060,180,0.56454720616570331
039514,3511,2060,193,0.63217069119713809
039514,3511,2060,198,0.57252379662469055
039514,3512,2060,281,0.57055372360926726
039514,3512,2060,283,0.57555756060046381
039514,3513,2060,320,0.59448926643969835
039514,3516,2060,184,0.59513833261445559
039514,3516,2060,192,0.56885429859502445
039514,3517,2060,372,0.58050845887987912
039514,3520,2060,301,0.58940670762804481
039514,3520,2060,308,0.57610797909551048
039514,3521,2060,242,0.58871078938297139
039514,3524,2060,116,0.58322465793123435
039514,3527,2060,394,0.58437732881896975
039514,3527,2060,399,0.568799037400185
039514,3529,2060,352,0.57481431717239573
039514,3530,2060,192,0.57685355842259445
039514,3530,2060,204,0.57502944910165943
039514,3530,2060,214,0.61440152323803476
039514,3533,2060,395,0.57362725356507815
039514,3533,2060,402,0.57230080078544476
039514,3534,2060,264,0.59164910936602189
039514,3535,2060,541,0.609375
039514,3535,2060,553,0.59736205416374
039514,3535,2060,561,0.57207941061980072
039514,3536,2060,476,0.58906868147114555
039514,3536,2060,496,0.59590875013387601
039514,3537,2060,204,0.58366085986441263
039514,3537,2060,218,0.54666208840857344
039514,3539,2060,135,0.56646790599789543
039514,3540,2060,209,0.57318140087487179
039514,3540,2060,247,0.58384867224445258
039514,3541,2060,157,0.55859852610058058
039514,3541,2060,167,0.54738783036263061
039514,3541,2060,172,0.57599900924702774
039514,3542,2060,345,0.58464387548134866
039514,3542,2060,359,0.5775359816620258
039514,3542,2060,360,0.59529745773648213
039514,3544,2060,138,0.57270905831487928
039514,3544,2060,139,0.54504542278127188
039514,3545,2060,172,0.57408863804589194
039514,3545,2060,189,0.5903637402399543
039514,3546,2060,385,0.58602412245118718
039514,3546,2060,415,0.57804191200672927
039514,3547,2060,332,0.58393577745342151
039514,3547,2060,333,0.556159001617749
039514,3547,2060,341,0.62365839584535487
039514,3548,2060,262,0.58519479108672923
039514,3548,2060,270,0.58744784944622863
039514,3549,2060,342,0.58484110415216883
039514,3550,2060,290,0.57531863393971483
039514,3550,2060,298,0.60794468147712222
039514,3551,2060,187,0.59820129933094157
039514,3551,2060,192,0.58437636536533966
039514,3552,2060,297,0.57425238314883154
039514,3552,2060,300,0.56827411167512687
039514,3553,2060,319,0.57230125346128646
039514,3553,2060,341,0.58521355221113736
039514,3554,2060,417,0.57756565698080642
039514,3555,2060,289,0.57534012150252423
039514,3557,2060,401,0.59421936135302289
039514,3557,2060,410,0.57690380761523041
039514,3559,2060,516,0.57167742116747988
039514,3560,2060,294,0.57435084104143275
039514,3560,2060,314,0.59307846462155078
039514,3561,2060,300,0.59450245700245696
039514,3562,2060,102,0.57832003754106054
039514,3563,2060,122,0.59191736376277393
039514,3564,2060,427,0.58811648626207169
039514,3565,2060,279,0.59755205896116048
039514,3566,2060,394,0.57944235975870417
039514,3566,2060,395,0.58467947627954431
039514,3566,2060,396,0.60841896240295701
039514,3566,2060,403,0.57479967430428203
039514,3567,2060,149,0.58458371957829902
039514,3567,2060,154,0.55352223534041711
039514,3567,2060,170,0.59065328039082765
039514,3569,2060,209,0.59242447477380766
039514,3569,2060,215,0.56679849668408433
039514,3569,2060,222,0.60016077170418003
039514,3569,2060,232,0.58747069098462557
039514,3570,2060,233,0.59903791737408041
039514,3570,2060,237,0.58026100280023252
039514,3570,2060,251,0.58148932295223787
039514,3572,2060,163,0.55780048753047062
039514,3574,2060,378,0.56101166037116112
039514,3574,2060,383,0.57241976586764354
039514,3574,2060,399,0.58272775398238608
039514,3575,2060,274,0.58611268834193264
039514,3575,2060,275,0.61410409217322204
039514,3576,2060,135,0.59567144550340145
039514,3576,2060,138,0.56075890173024245
039514,3577,2060,123,0.59337320497649282
039514,3578,2060,134,0.58196186626458357
039514,3578,2060,158,0.59249342577097774
039514,3580,2060,431,0.5803336189568602
039514,3580,2060,432,0.59185680961347753
039514,3580,2060,452,0.58915593705293279
039514,3582,2060,176,0.58146151244454169
039514,3584,2060,373,0.60318632622916224
039514,3585,2060,399,0.55900236904448541
039514,3586,2060,229,0.57203370836881973
039514,3587,2060,173,0.58674226568743104
039514,3588,2060,452,0.5632335565183143
039514,3590,2060,317,0.57973535562809064
039514,3590,2060,321,0.5834718422546844
039514,3590,2060,326,0.58959742140624827
039514,3590,2060,330,0.56351178880902797
039514,3590,2060,341,0.57302195887068663
039514,3591,2060,159,0.57935095746483645
039514,3591,2060,181,0.56949274681204376
039514,3591,2060,189,0.57293894036588267
039514,3592,2060,183,0.59340171536376174
039514,3592,2060,187,0.61368613138686134
039514,3592,2060,205,0.59823559247341329
039514,3594,2060,194,0.58159707811073291
039514,3596,2060,345,0.61408651229010514
039514,3597,2060,283,0.575352832116236
039514,3597,2060,293,0.5668643263757116
039514,3598,2060,323,0.58432856547701706
039514,3599,2060,107,0.57446525358110723
039514,3600,2060,414,0.57855109723625009
039514,3601,2060,331,0.55426007666395627
039514,3603,2060,293,0.58006655643692839
039514,3605,2060,166,0.57885786856663146
039514,3606,2060,190,0.57940915868865217
039514,3608,2060,70,0.59407109775174061
039514,3608,2060,89,0.5815815678329842
039514,3609,2060,391,0.56769498652999539
039514,3609,2060,414,0.60318578135479539
039514,3609,2060,423,0.53911110775115856
039514,3610,2060,398,0.57942539388322523
039514,3610,2060,424,0.59417276763836702
039514,3612,2060,111,0.56634859968752826
039514,3612,2060,120,0.60339195777752752
039514,3612,2060,121,0.58957189113861797
039514,3613,2060,214,0.59318391157506911
039514,3614,2060,173,0.58695284057234776
039514,3615,2060,272,0.57838158117487726
039514,3615,2060,275,0.5694562400644585
039514,3615,2060,289,0.57446808510638303
039514,3618,2060,144,0.569069020345913
039514,3618,2060,159,0.57887190850141745
039514,3618,2060,160,0.58513252894610424
039514,3619,2060,444,0.57918804611520214
039514,3620,2060,324,0.58469253915592934
039514,3622,2060,220,0.59117898062571494
039514,3623,2060,163,0.58661810681019755
039514,3623,2060,176,0.578322658481628
039514,3624,2060,456,0.60859028996406783
039514,3624,2060,460,0.56482385727556395
039514,3624,2060,462,0.57030230685950645
039514,3626,2060,252,0.57847966654850813
039514,3626,2060,257,0.60586319218241047
039514,3626,2060,263,0.57731535099189302
039514,3628,2060,107,0.57614715189873422
039514,3628,2060,111,0.57066781932137456
039514,3630,2060,252,0.60218836430685618
039514,3631,2060,270,0.58043466876145589
039514,3631,2060,276,0.58608043598516668
039514,3632,2060,331,0.58190780164145783
039514,3632,2060,336,0.58491757194587379
039514,3632,2060,350,0.60492836527883831
039514,3633,2060,278,0.60368023917995439
039514,3634,2060,169,0.60441854054266919
039514,3635,2060,208,0.56820834101099438
039514,3635,2060,214,0.55758485689307846
039514,3635,2060,233,0.57656761815629387
039514,3636,2060,237,0.58115891528480945
039514,3637,2060,278,0.58134158114481427
039514,3638,2060,206,0.58654505471320706
039514,3640,2060,253,0.58850737334711867
039514,3640,2060,261,0.58335100044594224
039514,3640,2060,273,0.58112805959560132
039514,3640,2060,279,0.57005250725187573
039514,3641,2060,182,0.57754932212002263
039514,3641,2060,193,0.57340110122829313
039514,3641,2060,195,0.59662692875084722
039514,3642,2060,513,0.57325239146431195
039514,3643,2060,533,0.57443979315439542
039514,3643,2060,540,0.59467145434828583
039514,3644,2060,300,0.57417600636646993
039514,3645,2060,181,0.59252564508111527
039514,3645,2060,205,0.56240281252112767
039514,3646,2060,91,0.58776187009625491
039514,3646,2060,107,0.5721549966009517
039514,3647,2060,277,0.57090312953193634
039514,3648,2060,359,0.59747246896629025
039514,3649,2060,211,0.58027430727362694
039514,3649,2060,241,0.58252193359710991
039514,3650,2060,254,0.57670360679746036
039514,3651,2060,133,0.56325410013727328
039514,3651,2060,162,0.58277576346577953
039514,3652,2060,256,0.57930566894051561
039514,3653,2060,263,0.55502367175170964
039514,3653,2060,276,0.58791221365311119
039514,3655,2060,250,0.56808740309443595
039514,3655,2060,260,0.57364916914273134
039514,3655,2060,267,0.43869586877502442
039514,3656,2060,278,0.58160923923752139
039514,3657,2060,145,0.59181067812764121
039514,3657,2060,146,0.59395741295199012
039514,3657,2060,159,0.57296445456137279
039514,3658,2060,464,0.57693125335330975
039514,3658,2060,478,0.58365615061121745
039514,3658,2060,484,0.58554057875388821
039514,3658,2060,487,0.58887384102510676
039514,3658,2060,499,0.60533256408143077
039514,3658,2060,500,0.57164776677615015
039514,3659,2060,329,0.58048221410985656
039514,3659,2060,337,0.5779559550008464
039514,3660,2060,350,0.57115301642090299
039514,3660,2060,356,0.57174035250157074
039514,3660,2060,368,0.59607879793424157
039514,3660,2060,381,0.5730090311986864
039514,3661,2060,438,0.57168215955044377
039514,3662,2060,109,0.57029066966436481
039514,3662,2060,116,0.536023775136096
039514,3663,2060,307,0.58369939338619814
039514,3664,2060,277,0.57911790101820104
039514,3664,2060,284,0.61434606382371415
039514,3664,2060,285,0.56990480253859899
039514,3664,2060,300,0.57359343603482915
039514,3665,2060,231,0.58627259217862904
039514,3666,2060,476,0.59543195516548586
039514,3667,2060,346,0.58851674641148322
039514,3667,2060,351,0.58976428802066516
039514,3669,2060,109,0.58762332714662502
039514,3670,2060,193,0.60232912579624054
039514,3670,2060,221,0.5685251991284781
039514,3671,2060,278,0.60384157742648303
039514,3671,2060,310,0.55681567450686198
039514,3672,2060,181,0.57913701672483342
039514,3673,2060,124,0.56731730831492688
039514,3674,2060,261,0.51433720252292359
039514,3674,2060,265,0.5639594065208674
039514,3675,2060,112,0.58340801932743636
039514,3675,2060,118,0.58623340321453532
039514,3675,2060,127,0.59417903642535086
039514,3676,2060,390,0.59579089045914779
039514,3678,2060,246,0.59786096256684496
039514,3678,2060,250,0.58852059526344425
039514,3680,2060,203,0.57473837836044916
039514,3680,2060,218,0.59468937108555497
039514,3681,2060,205,0.60168040071093876
039514,3681,2060,222,0.5679515578473382
039514,3681,2060,223,0.58221668985379904
039514,3682,2060,290,0.5723200994585399
039514,3686,2060,171,0.57049550457605935
039514,3687,2060,105,0.60818768846997895
039514,3687,2060,108,0.56764013840830452
039514,3689,2060,482,0.57574287917513378
039514,3691,2060,487,0.55886435331230289
039514,3691,2060,505,0.58354811579261512
039514,3691,2060,520,0.58053586688784997
039514,3692,2060,291,0.59303156313543026
039514,3693,2060,190,0.60107292879194296
039514,3694,2060,150,0.6127515815976925
039514,3694,2060,159,0.57692564455185125
039514,3695,2060,334,0.59335244829218048
039514,3695,2060,343,0.5876750563118206
039514,3699,2060,418,0.59864468114160863
039514,3699,2060,426,0.56278210185876243
039514,3699,2060,434,0.59158786257840612
039514,3700,2060,192,0.57368172160464637
039514,3701,2060,164,0.58638109305760711
039514,3701,2060,171,0.58846016434440873
039514,3701,2060,184,0.60413140750701322
039514,3702,2060,365,0.56889649148347654
039514,3702,2060,379,0.60000953531244039
039514,3703,2060,563,0.57476000882192479
039514,3703,2060,564,0.54927360774818401
039514,3704,2060,230,0.59406485334066916
039514,3704,2060,242,0.58288186132459785
039514,3705,2060,404,0.5764279614186677
039514,3706,2060,263,0.61078682232528392
039514,3706,2060,265,0.56833773087071238
039514,3706,2060,285,0.57984874124213281
039514,3707,2060,156,0.58419595234997868
039514,3708,2060,326,0.5749144413476579
039514,3708,2060,332,0.5891602864565435
039514,3708,2060,341,0.58647646339921611
039514,3709,2060,362,0.5854572713643178
039514,3709,2060,370,0.57964168661155768
039514,3710,2060,297,0.58604075551497092
039514,3711,2060,253,0.57016406799748154
039514,3712,2060,327,0.57677638453500524
039514,3712,2060,345,0.58787272659925172
039514,3712,2060,352,0.59423264907135875
039514,3712,2060,358,0.58255962730881528
039514,3713,2060,188,0.57933073967688375
039514,3713,2060,194,0.59139254704028155
039514,3716,2060,338,0.59062337211321414
039514,3717,2060,348,0.5801070776467675
039514,3717,2060,366,0.58456021349938836
039514,3717,2060,370,0.58723545545099354
039514,3718,2060,484,0.57992116041330388
039514,3719,2060,402,0.57083413523755167
039514,3719,2060,414,0.57603299856527979
039514,3719,2060,425,0.5489246914492647
039514,3719,2060,431,0.5821623329349872
039514,3720,2060,251,0.60400807541997736
039514,3720,2060,252,0.5755864244644584
039514,3720,2060,278,0.58438605356240525
039514,3722,2060,233,0.57922554201272791
039514,3723,2060,197,0.56795526379771455
039514,3724,2060,204,0.60048980117938966
039514,3727,2060,291,0.57162208303247075
039514,3728,2060,182,0.55553632401302855
039514,3729,2060,266,0.58744047277525957
039514,3729,2060,272,0.58575654406429645
039514,3729,2060,284,0.58038026842477042
039514,3730,2060,267,0.5715241920061197
039514,3730,2060,274,0.5935933968753071
039514,3730,2060,289,0.57692927195933852
039514,3731,2060,89,0.56417458179756164
039514,3734,2060,173,0.56658242792053271
039514,3734,2060,183,0.5661556864640771
039514,3735,2060,554,0.62267888091111656
039514,3735,2060,558,0.56820486815415816
039514,3736,2060,270,0.6127497621313035
039514,3736,2060,282,0.5800767846875754
039514,3737,2060,466,0.61564601601672964
039514,3738,2060,230,0.59303497785245152
039514,3738,2060,238,0.59863115932795752
039514,3739,2060,201,0.58526429041063144
039514,3739,2060,214,0.58894374363118873
039514,3740,2060,363,0.55850370572101071
039514,3741,2060,335,0.58036715821728546
039514,3741,2060,349,0.59099777099137596
039514,3742,2060,158,0.58575396062950869
039514,3742,2060,176,0.57120065045140411
039514,3744,2060,408,0.55825415465641792
039514,3744,2060,409,0.52559788217346437
039514,3746,2060,366,0.5727693165212937
039514,3747,2060,340,0.57556248476647531
039514,3747,2060,351,0.58919755360695603
039514,3748,2060,51,0.57195040175052647
039514,3748,2060,60,0.57574697530789742
039514,3748,2060,65,0.57926715737993872
039514,3750,2060,229,0.5734670751668276
039514,3751,2060,282,0.5578594762194784
039514,3751,2060,295,0.56926325314832971
039514,3751,2060,296,0.60060239167387353
039514,3751,2060,304,0.61446526508226695
039514,3753,2060,164,0.59412222421739391
039514,3753,2060,165,0.60993490696298247
039514,3753,2060,176,0.5834209088234058
039514,3753,2060,190,0.56070477113102446
039514,3754,2060,223,0.58457877821117621
039514,3755,2060,200,0.61703552619562241
039514,3755,2060,208,0.58507382869366287
039514,3755,2060,216,0.57087285094878226
039514,3758,2060,227,0.55106793910474894
039514,3760,2060,570,0.5965656797365273
039514,3760,2060,574,0.60151716536454114
039514,3760,2060,591,0.57129988642149376
039514,3761,2060,234,0.57206518971224851
039514,3765,2060,364,0.59482455797978218
039514,3766,2060,410,0.57218451465421138
039514,3767,2060,458,0.60812404563568423
039514,3767,2060,467,0.5918159248093634
039514,3767,2060,470,0.57517057849705255
039514,3767,2060,471,0.57733297590325561
039514,3768,2060,131,0.58215688037646496
039514,3769,2060,160,0.57207423956006187
039514,3769,2060,180,0.60491970194844269
039514,3771,2060,362,0.57798361239757745
039514,3771,2060,366,0.56167060164454941
039514,3772,2060,215,0.60128796823011699
039514,3774,2060,310,0.58348858141628113
039514,3775,2060,366,0.56156248794971653
039514,3776,2060,252,0.59061362780775506
039514,3776,2060,258,0.57805091901019678
039514,3776,2060,262,0.5900948758144684
039514,3777,2060,167,0.5853118040089087
039514,3778,2060,439,0.58028123614972404
039514,3778,2060,453,0.57027698283789241
039514,3779,2060,273,0.58411138687692399
039514,3780,2060,215,0.57059293272110201
039514,3780,2060,227,0.57612859518383941
039514,3780,2060,229,0.56898245241445222
039514,3783,2060,311,0.60797958710276034
039514,3783,2060,316,0.55861303469069945
039514,3784,2060,201,0.57049653867224459
039514,3785,2060,151,0.58728068832481095
039514,3787,2060,362,0.61838261407508388
039514,3787,2060,364,0.59496341518157736
039514,3787,2060,379,0.57070525664383176
039514,3787,2060,395,0.58158377880611367
039514,3787,2060,399,0.5845548200489854
039514,3787,2060,407,0.58116482008040005
039514,3793,2060,510,0.56493647754959975
039514,3794,2060,271,0.59216453295400662
039514,3794,2060,272,0.59795300029559562
039514,3794,2060,276,0.56699227373068428
039514,3794,2060,286,0.56547746039271463
039514,3794,2060,295,0.56997625223413206
039514,3795,2060,398,0.57575407038954274
039514,3795,2060,412,0.59695272821982026
039514,3796,2060,393,0.55600289514159051
039514,3797,2060,431,0.5831933516046327
039514,3797,2060,454,0.60829972969380064
039514,3798,2060,317,0.58861240899706613
039514,3799,2060,180,0.58644716281792808
039514,3801,2060,348,0.58063907207634169
039514,3802,2060,403,0.58201837281877722
039514,3803,2060,217,0.57421423794759563
039514,3803,2060,225,0.64300023414938734
039514,3803,2060,226,0.63007829400025117
039514,3803,2060,228,0.59724863816822082
039514,3804,2060,309,0.58084793478717589
039514,3805,2060,233,0.6047761600217717
039514,3805,2060,235,0.57781613040569313
039514,3805,2060,248,0.57174447853608645
039514,3805,2060,262,0.59610161020448071
039514,3806,2060,146,0.6062988208368576
039514,3806,2060,150,0.56805331646624135
039514,3806,2060,171,0.60234034113447044
039514,3808,2060,266,0.5810846214304427
039514,3809,2060,236,0.58772289639724762
039514,3810,2060,122,0.58614912694667298
039514,3811,2060,200,0.60094825329416213
039514,3811,2060,204,0.60298849931443599
039514,3813,2060,279,0.60177200936379527
039514,3815,2060,375,0.57636004523495599
039514,3816,2060,280,0.61431190022643134
039514,3816,2060,282,0.60578595623912845
039514,3817,2060,193,0.5704021136744426
039514,3817,2060,211,0.58140843560748168
039514,3818,2060,261,0.5680757363993566
039514,3821,2060,241,0.5840962819686224
039514,3821,2060,260,0.58149324140433634
039514,3821,2060,266,0.59917149735713038
039514,3822,2060,201,0.5860817547357926
039514,3822,2060,207,0.54029005739103464
039514,3822,2060,219,0.59311830646444896
039514,3823,2060,394,0.58614166875633711
039514,3823,2060,400,0.57065040853551885
039514,3824,2060,134,0.59242060784788397
039514,3824,2060,150,0.58308015891563447
039514,3826,2060,167,0.55545200372786585
039514,3829,2060,308,0.57623671579756985
039514,3829,2060,320,0.59232950020705255
039514,3829,2060,343,0.58006050456485336
039514,3830,2060,164,0.57373410014799275
039514,3831,2060,235,0.56041355465668585
039514,3832,2060,317,0.57958866468678005
039514,3835,2060,232,0.61148896445955858
039514,3835,2060,242,0.57993805098880158
039514,3835,2060,253,0.5567714917825537
039514,3835,2060,260,0.58370212871164739
039514,3836,2060,198,0.5842322221105094
039514,3837,2060,384,0.568552036199095
039514,3837,2060,392,0.56251686606098772
039514,3837,2060,401,0.56889933953456207
039514,3838,2060,446,0.59217553204025364
039514,3838,2060,448,0.59231823521733451
039514,3838,2060,462,0.57171285377358494
039514,3838,2060,463,0.57513860267807104
039514,3838,2060,471,0.58077731466638172
039514,3839,2060,243,0.58238339450210241
039514,3839,2060,254,0.65396170839469814
039514,3840,2060,340,0.58949910689577101
039514,3841,2060,450,0.57086595714754562
039514,3841,2060,456,0.58729595457771466
039514,3842,2060,143,0.56479828632631202
039514,3842,2060,148,0.582472310365996
039514,3844,2060,307,0.58724811535854404
039514,3844,2060,315,0.59288183212879619
039514,3844,2060,322,0.57985976413996432
039514,3844,2060,323,0.55753686177342698
039514,3844,2060,335,0.582725955403681
039514,3845,2060,307,0.58004166292896375
039514,3845,2060,317,0.57865937072503415
039514,3848,2060,307,0.57409131018143578
039514,3848,2060,319,0.60140024710242979
039514,3848,2060,322,0.6172198851598244
039514,3851,2060,197,0.56778688046079895
039514,3851,2060,201,0.57251042271359964
039514,3851,2060,214,0.57308622965244171
039514,3851,2060,217,0.5757122932855151
039514,3852,2060,165,0.54502156897191156
039514,3852,2060,175,0.55288015417925718
039514,3852,2060,186,0.55815531481784786
039514,3853,2060,304,0.57936002237901341
039514,3853,2060,311,0.56506089309878216
039514,3855,2060,298,0.58761883920538815
039514,3855,2060,330,0.57623212783851974
039514,3856,2060,266,0.55918127509548521
039514,3856,2060,271,0.63047305142514698
039514,3856,2060,275,0.593999491482329
039514,3856,2060,282,0.58306578196347036
039514,3856,2060,294,0.57677488829374379
039514,3857,2060,473,0.5888039946525484
039514,3858,2060,226,0.57089301700984785
039514,3858,2060,229,0.58044297448965765
039514,3859,2060,181,0.56449966718437983
039514,3859,2060,184,0.56112435377519121
039514,3859,2060,188,0.58216002747252749
039514,3860,2060,203,0.58717703920281639
039514,3860,2060,213,0.58781468580975849
039514,3862,2060,349,0.58122058362096019
039514,3863,2060,302,0.58420098638452134
039514,3863,2060,310,0.57643329607710203
039514,3866,2060,375,0.60804602827706167
039514,3867,2060,123,0.57067489430856011
039514,3867,2060,127,0.58417042636469574
039514,3868,2060,309,0.57971134190910778
039514,3868,2060,329,0.58506453171371386
039514,3868,2060,333,0.58574549426542877
039514,3868,2060,335,0.61368958122797068
039514,3869,2060,285,0.58075654504225938
039514,3869,2060,317,0.56230582425483999
039514,3869,2060,322,0.58298031553347607
039514,3870,2060,205,0.59345983044004846
039514,3870,2060,211,0.58545739662463525
039514,3871,2060,343,0.57257115407709858
039514,3871,2060,363,0.57342123396092892
039514,3872,2060,342,0.57342870187186123
039514,3872,2060,345,0.5952881523621073
039514,3873,2060,386,0.56911696717521965
039514,3875,2060,89,0.60190670485307385
039514,3875,2060,109,0.57856347565270738
039514,3876,2060,138,0.59565293144002096
039514,3876,2060,150,0.48597260676745152
039514,3876,2060,159,0.57790181514525552
039514,3876,2060,173,0.62532660291924869
039514,3880,2060,380,0.57943813667232602
039514,3880,2060,390,0.56504034135725623
039514,3881,2060,268,0.59234571599760333
039514,3882,2060,414,0.5896532280800677
039514,3883,2060,211,0.57789673965622879
039514,3884,2060,410,0.58394742512389575
039514,3884,2060,437,0.61269190714549671
039514,3886,2060,239,0.57930874267571819
039514,3886,2060,258,0.60208449047603485
039514,3887,2060,124,0.58418534165101044
039514,3889,2060,176,0.5740778438237929
039514,3889,2060,178,0.58765469520367908
039514,3889,2060,182,0.61775273347636162
039514,3889,2060,188,0.571522379583289
039514,3891,2060,471,0.56306717620931834
039514,3893,2060,257,0.58222429796360697
039514,3893,2060,267,0.58203421252212018
039514,3894,2060,231,0.56887319129543124
039514,3894,2060,243,0.58771211721774363
039514,3895,2060,392,0.58620526191040534
039514,3897,2060,305,0.59610179874143787
039514,3897,2060,319,0.57613748763600392
039514,3897,2060,326,0.56395310973624224
039514,3897,2060,331,0.56957088067153916
039514,3899,2060,111,0.56056127586318905
039514,3901,2060,270,0.58869840928632844
039514,3901,2060,276,0.57753189355233048
039514,3901,2060,279,0.58726612978407566
039514,3901,2060,296,0.59150206749743328
039514,3902,2060,265,0.57844832531571921
039514,3903,2060,230,0.59531594980576286
039514,3903,2060,232,0.58727942297196967
039514,3904,2060,218,0.5794780545670225
039514,3905,2060,222,0.58290254507343464
039514,3906,2060,339,0.57055712205820019
039514,3907,2060,139,0.5793423747969203
039514,3907,2060,144,0.58419278732726665
039514,3907,2060,165,0.58527934714375396
039514,3908,2060,169,0.59338975910535785
039514,3908,2060,180,0.58442772748523097
039514,3908,2060,184,0.58235769785184399
039514,3909,2060,241,0.56186862583981823
039514,3909,2060,253,0.59281657939376065
039514,3910,2060,211,0.57227783530855669
039514,3913,2060,173,0.58389009569658901
039514,3914,2060,339,0.60100846680688125
039514,3915,2060,248,0.59598594238448743
039514,3916,2060,326,0.57869673282662726
039514,3916,2060,333,0.60006124997055288
039514,3916,2060,348,0.5923555955077443
039514,3917,2060,183,0.57726146118871358
039514,3917,2060,214,0.58749764639427604
039514,3918,2060,240,0.5858215658797743
039514,3918,2060,249,0.61249578085306711
039514,3918,2060,255,0.60681494466966146
039514,3919,2060,152,0.60197381354932566
039514,3920,2060,443,0.57043654027972479
039514,3920,2060,456,0.59284160569507616
039514,3921,2060,217,0.58551388363975898
039514,3921,2060,234,0.56864535037355568
039514,3922,2060,504,0.59081171149726253
039514,3924,2060,274,0.56737109805774988
039514,3926,2060,208,0.5727686059856979
039514,3927,2060,300,0.5953994480734971
039514,3928,2060,207,0.64546195968775488
039514,3928,2060,229,0.59191416815146192
039514,3928,2060,248,0.570074219409622
039514,3929,2060,366,0.57916272979548111
039514,3931,2060,508,0.57766304975396798
039514,3931,2060,513,0.57626282999417333
039514,3933,2060,137,0.57707579119467478
039514,3933,2060,162,0.56550399332873358
039514,3935,2060,312,0.63451846738004836
039514,3935,2060,320,0.58447570587648412
039514,3936,2060,473,0.57618594131301704
039514,3938,2060,394,0.56280434511174926
039514,3939,2060,346,0.59117637810131762
039514,3939,2060,359,0.58320013539178994
039514,3939,2060,361,0.56532700578377582
039514,3939,2060,371,0.602191266792927
039514,3940,2060,502,0.60073215375228795
039514,3940,2060,515,0.57382850476375658
039514,3941,2060,207,0.5547609736111887
039514,3942,2060,217,0.57302309577478638
039514,3942,2060,219,0.58267349790405221
039514,3942,2060,222,0.5748150918307986
039514,3943,2060,132,0.5720848512202199
039514,3943,2060,152,0.57456928040910749
039514,3945,2060,286,0.54248105305145589
039514,3945,2060,303,0.59491267336904674
039514,3945,2060,308,0.58309405940594061
039514,3945,2060,314,0.58596122732820533
039514,3948,2060,363,0.58042490054995588
039514,3949,2060,276,0.58222785411634259
039514,3950,2060,218,0.57149706254874877
039514,3951,2060,219,0.5695830534497649
039514,3951,2060,223,0.57935833272345483
039514,3954,2060,508,0.55010506960861572
039514,3954,2060,532,0.57421218560337761
039514,3954,2060,547,0.57758001294719397
039514,3955,2060,237,0.58558046854631463
039514,3955,2060,261,0.57847302035293946
039514,3956,2060,182,0.57711495037546601
039514,3956,2060,199,0.58820968093084014
039514,3957,2060,158,0.57963075520437624
039514,3957,2060,160,0.57665169980756892
039514,3957,2060,166,0.59019671073847146
039514,3957,2060,173,0.59538292780215396
039514,3958,2060,285,0.58190297395553969
039514,3958,2060,291,0.58715548842177578
039514,3958,2060,300,0.58510468370081581
039514,3958,2060,307,0.58921103229520844
039514,3961,2060,413,0.56464266648097861
039514,3963,2060,368,0.60082169913773931
039514,3963,2060,386,0.5853877530078756
039514,3963,2060,402,0.58115510013972982
039514,3966,2060,341,0.59952877537363369
039514,3968,2060,377,0.58454063077565133
039514,3968,2060,379,0.57127357078718943
039514,3968,2060,380,0.5708759207445897
039514,3970,2060,80,0.61250632399069105
039514,3970,2060,91,0.56580839105999214
039514,3971,2060,181,0.58440133182046461
039514,3971,2060,184,0.58145882180539277
039514,3972,2060,163,0.58856642777738355
039514,3974,2060,257,0.58586635885597027
039514,3976,2060,271,0.5879737492663667
039514,3977,2060,159,0.5883334633081182
039514,3977,2060,182,0.58200010920607181
039514,3978,2060,228,0.62872883085084674
039514,3978,2060,232,0.56748406201436563
039514,3978,2060,234,0.58779163897648157
039514,3978,2060,245,0.58153619845817173
039514,3980,2060,341,0.58327495298845911
039514,3980,2060,352,0.57368167357562905
039514,3981,2060,177,0.5782368382436861
039514,3981,2060,196,0.57755802383901556
039514,3981,2060,212,0.59768897614065908
039514,3981,2060,213,0.59279180387852182
039514,3983,2060,228,0.58242541258676961
039514,3986,2060,105,0.56999012204059518
039514,3987,2060,200,0.56652692126085646
039514,3987,2060,222,0.59014144185952666
039514,3988,2060,195,0.57392547480049749
039514,3989,2060,133,0.6088727931190584
039514,3990,2060,217,0.60325932619078348
039514,3990,2060,226,0.58876518980379899
039514,3990,2060,231,0.56257039359532435
039514,3991,2060,304,0.58495048493260327
039514,3991,2060,307,0.56740898328929756
039514,3991,2060,314,0.58804994748512074
039514,3991,2060,316,0.57283186164950717
039514,3992,2060,166,0.5825602187861576
039514,3992,2060,173,0.60164391099494441
039514,3992,2060,180,0.57062896219412773
039514,3993,2060,271,0.60155225185832972
039514,3993,2060,289,0.57584917629418886
039514,3993,2060,298,0.5697234183983122
039514,3994,2060,442,0.58409458834412586
039514,3994,2060,445,0.59391680081335252
039514,3994,2060,457,0.56810498575877766
039514,3995,2060,180,0.56597730406193658
039514,3995,2060,202,0.60441687610288219
039514,3996,2060,47,0.57877572318429382
039514,3996,2060,65,0.60784298532442782
039514,3996,2060,68,0.58062383703848786
039514,3997,2060,340,0.60069187052137385
039514,3997,2060,347,0.59601039309362169
039514,3999,2060,188,0.59532948424346033
039514,4001,2060,498,0.59159322525659164
039514,4001,2060,504,0.55398676761476029
039514,4002,2060,298,0.61039857725703528
039514,4003,2060,330,0.57193081783979249
039514,4004,2060,403,0.57641162029459903
039514,4004,2060,405,0.57728346354504634
039514,4004,2060,410,0.56947885860442815
039514,4004,2060,427,0.59603464379723192
039514,4005,2060,272,0.58077562745690958
039514,4005,2060,281,0.56302595446895209
039514,4005,2060,292,0.57673889234865894
039514,4005,2060,295,0.5758182865442889
039514,4006,2060,348,0.58735124274080908
039514,4006,2060,354,0.59428456429865162
039514,4006,2060,376,0.58288903337667963
039514,4007,2060,63,0.57789782160285752
039514,4008,2060,204,0.58127617148554334
039514,4008,2060,212,0.567474485765743
039514,4008,2060,240,0.58487520004492233
039514,4009,2060,424,0.59694601520638757
039514,4009,2060,433,0.59128512788127563
039514,4009,2060,452,0.58737468416333849
039514,4010,2060,206,0.58959376739009461
039514,4010,2060,213,0.5562864819790605
039514,4011,2060,383,0.59636145541783292
039514,4011,2060,389,0.57699788760378978
039514,4012,2060,461,0.57114109848484851
039514,4012,2060,477,0.5862565864166982
039514,4012,2060,492,0.58477293190060664
039514,4012,2060,494,0.58774773702943595
039514,4013,2060,51,0.60480514106277838
039514,4014,2060,312,0.60082543307160308
039514,4015,2060,449,0.57828148373519939
039514,4016,2060,308,0.57830019308289016
039514,4016,2060,309,0.55553189115729051
039514,4016,2060,324,0.57220495158007734
039514,4018,2060,472,0.60504096678031449
039514,4019,2060,100,0.55331430383761493
039514,4019,2060,108,0.57225263080297084
039514,4019,2060,113,0.57375971063340048
039514,4020,2060,341,0.60671915248702968
039514,4020,2060,363,0.58775048861468904
039514,4023,2060,327,0.57643602827582974
039514,4023,2060,345,0.59185800304373715
039514,4023,2060,356,0.59867036672884488
039514,4026,2060,279,0.5933458821228641
039514,4026,2060,284,0.55552140757957014
039514,4027,2060,213,0.58039248910180374
039514,4027,2060,217,0.57140576901151519
039514,4027,2060,226,0.60385581585558212
039514,4027,2060,235,0.59907954861850399
039514,4030,2060,227,0.58213815945864567
039514,4030,2060,245,0.58429856439598959
039514,4031,2060,481,0.57935497087482413
039514,4031,2060,503,0.57113065043399847
039514,4031,2060,519,0.57179258703434477
039514,4031,2060,521,0.61442910546610541
039514,4033,2060,323,0.57906375897705376
039514,4034,2060,138,0.56314553194376138
039514,4034,2060,144,0.56145159393012589
039514,4034,2060,151,0.58668944756325769
039514,4035,2060,253,0.57560780813229662
039514,4035,2060,258,0.5782566603320306
039514,4038,2060,300,0.5852080362426394
039514,4040,2060,211,0.57961194949183859
039514,4041,2060,263,0.5656526172671652
039514,4042,2060,404,0.55797374773687392
039514,4042,2060,405,0.57843271161833076
039514,4042,2060,408,0.57127489460677428
039514,4042,2060,413,0.57300384587324249
039514,4042,2060,417,0.59242227820854632
039514,4042,2060,425,0.58264209882015239
039514,4043,2060,327,0.583925627651812
039514,4044,2060,257,0.60964972527472527
039514,4044,2060,260,0.59978991596638653
039514,4046,2060,431,0.5775338272951801
039514,4046,2060,452,0.58277640799377106
039514,4047,2060,100,0.5634676988788041
039514,4047,2060,102,0.60732780406161191
039514,4048,2060,125,0.58590485227832623
039514,4050,2060,182,0.566516202429447
039514,4050,2060,184,0.58078218276442672
039514,4050,2060,211,0.56405243156909179
039514,4051,2060,269,0.56767556003020392
039514,4053,2060,288,0.61827509181085072
039514,4053,2060,302,0.57860793380384523
039514,4055,2060,314,0.583995158352698
039514,4055,2060,322,0.57288203384746139
039514,4055,2060,347,0.57939042914129157
039514,4056,2060,444,0.61468725257323831
039514,4057,2060,368,0.59154766945075243
039514,4059,2060,405,0.60264192886456913
039514,4061,2060,286,0.58371265730788358
039514,4061,2060,289,0.56262218963831867
039514,4061,2060,302,0.5916910749755917
039514,4062,2060,197,0.58655739787815264
039514,4063,2060,354,0.58099651922249596
039514,4064,2060,92,0.55584616434305989
039514,4065,2060,129,0.59336979100428167
039514,4066,2060,282,0.59678271590442078
039514,4066,2060,285,0.58740834999697022
039514,4066,2060,290,0.60369541406733651
039514,4067,2060,166,0.57531382727701741
039514,4067,2060,168,0.5795796941149548
039514,4068,2060,193,0.58763532253735351
039514,4068,2060,205,0.56488936433759362
039514,4068,2060,213,0.59320160287411916
039514,4070,2060,477,0.57774370351037452
039514,4070,2060,480,0.54914884536962394
039514,4070,2060,482,0.57864836948502285
039514,4070,2060,498,0.57659901665619784
039514,4073,2060,237,0.59018336115393932
039514,4073,2060,249,0.53361202885847214
039514,4073,2060,252,0.59808732068631432
039514,4075,2060,444,0.63056672184125484
039514,4075,2060,453,0.58576051779935279
039514,4075,2060,467,0.57850186841807272
039514,4076,2060,287,0.57066513070312297
039514,4076,2060,297,0.60411797147884549
039514,4076,2060,318,0.59672760838494521
039514,4077,2060,445,0.58285645352212501
039514,4077,2060,482,0.56540767013046278
039514,4078,2060,95,0.58095076496705411
039514,4078,2060,98,0.5657546943119014
039514,4080,2060,272,0.57622795604735344
039514,4081,2060,593,0.56722495008136209
039514,4081,2060,600,0.57222810196064366
039514,4082,2060,313,0.58366207666542613
039514,4082,2060,321,0.57523640205096493
039514,4084,2060,227,0.58665683891788523
039514,4084,2060,228,0.57748517532801047
039514,4085,2060,126,0.57766148923405103
039514,4085,2060,134,0.57327435850925779
039514,4086,2060,495,0.59424548515457609
039514,4086,2060,518,0.59921246062303113
039514,4087,2060,122,0.57498541848935547
039514,4088,2060,455,0.58861167349134103
039514,4092,2060,424,0.56746708345173813
039514,4092,2060,436,0.58008485056028003
039514,4092,2060,441,0.58151433231305438
039514,4094,2060,310,0.59365495855447548
039514,4094,2060,314,0.56618824419924885
039514,4095,2060,394,0.5786425191711535
039514,4096,2060,377,0.59003331737088249
039514,4096,2060,380,0.58281701776125572
039514,4097,2060,217,0.5828148089245837
039514,4098,2060,182,0.57432629396903545
039514,4098,2060,184,0.60172174945576884
039514,4099,2060,397,0.57915789473684209
039514,4099,2060,412,0.56996017309733549
039514,4099,2060,421,0.56249806834454552
039514,4100,2060,390,0.57080703639049279
039514,4100,2060,399,0.57877240103914407
039514,4101,2060,303,0.59079496672049148
039514,4101,2060,306,0.59394019972818057
039514,4101,2060,321,0.58135256611267905
039514,4101,2060,329,0.57183654110187476
039514,4102,2060,202,0.59025244780578345
039514,4104,2060,264,0.57997551112471601
039514,4106,2060,285,0.5732841328413284
039514,4106,2060,292,0.57679832940862841
039514,4106,2060,296,0.5935550935550935
039514,4106,2060,303,0.58167398439025619
039514,4107,2060,386,0.57017659029738066
039514,4107,2060,425,0.58975360055526638
039514,4108,2060,394,0.57862073560084659
039514,4109,2060,384,0.58687494545771879
039514,4110,2060,66,0.57366924511572448
039514,4110,2060,68,0.56146582344277918
039514,4110,2060,69,0.59264835347104383
039514,4110,2060,92,0.59706800489983014
039514,4110,2060,100,0.59862661607735268
039514,4111,2060,271,0.61053343477893318
039514,4112,2060,248,0.57944836062044758
039514,4112,2060,249,0.58887062566277837
039514,4112,2060,262,0.58695155567062118
039514,4113,2060,421,0.5672767261016417
039514,4113,2060,451,0.61554766427175378
039514,4114,2060,340,0.58597995411182224
039514,4114,2060,346,0.57889465875370916
039514,4115,2060,568,0.58450639149853689
039514,4115,2060,575,0.60104744300677759
039514,4115,2060,586,0.58674487367484796
039514,4115,2060,592,0.58360287903954311
039514,4116,2060,192,0.60228481730182259
039514,4116,2060,195,0.57725388068395989
039514,4116,2060,196,0.63567019226988564
039514,4118,2060,361,0.59350042731264552
039514,4118,2060,380,0.58317885771543088
039514,4119,2060,181,0.56866090055632823
039514,4119,2060,193,0.5870472776551332
039514,4119,2060,201,0.58136569400463312
039514,4121,2060,149,0.59338083284111043
039514,4122,2060,229,0.58258963249382889
039514,4124,2060,387,0.58849342859663045
039514,4124,2060,388,0.59279767958714735
039514,4124,2060,395,0.57208818365090719
039514,4124,2060,397,0.59162493043962161
039514,4125,2060,244,0.56922630280156772
039514,4125,2060,252,0.6328867682143513
039514,4126,2060,162,0.58198554555368665
039514,4127,2060,320,0.5803942284035486
039514,4127,2060,342,0.58774726172960601
039514,4128,2060,339,0.58448093220338981
039514,4128,2060,349,0.57607029265725462
039514,4129,2060,220,0.57568797009413142
039514,4129,2060,233,0.594036519036519
039514,4129,2060,239,0.59282486649322197
039514,4129,2060,244,0.58282566240125921
039514,4129,2060,246,0.57790402883411218
039514,4131,2060,180,0.57481605968069194
039514,4131,2060,185,0.60701865317736325
039514,4131,2060,190,0.58798283261802575
039514,4131,2060,199,0.60125098867289262
039514,4132,2060,307,0.53886252965413906
039514,4135,2060,272,0.57274850587346293
039514,4137,2060,313,0.57882837281500976
039514,4137,2060,335,0.5748884920250904
039514,4137,2060,342,0.58113725711491071
039514,4138,2060,134,0.59071970264680318
039514,4138,2060,138,0.57279392122525308
039514,4138,2060,143,0.59454211678316737
039514,4138,2060,153,0.56603833865814701
039514,4138,2060,158,0.58325389974594888
039514,4139,2060,123,0.59441943999653779
039514,4140,2060,547,0.55379078606709387
039514,4141,2060,399,0.58734704960103701
039514,4141,2060,403,0.57965964800240422
039514,4141,2060,405,0.55624804812144424
039514,4141,2060,419,0.57251799789431745
039514,4141,2060,427,0.56926004053439216
039514,4142,2060,280,0.59248029108550637
039514,4142,2060,289,0.57928689217939622
039514,4142,2060,299,0.55802169723479356
039514,4142,2060,301,0.58794330820513652
039514,4143,2060,299,0.58443101661062369
039514,4144,2060,183,0.59885586924219913
039514,4146,2060,322,0.59831609152004828
039514,4146,2060,323,0.58319378658118426
039514,4146,2060,328,0.59174760071260268
039514,4146,2060,330,0.60493726576503182
039514,4146,2060,345,0.57643322528893692
039514,4147,2060,214,0.57503292631202985
039514,4148,2060,343,0.57650267239113295
039514,4148,2060,346,0.5808316966804743
039514,4149,2060,441,0.59776190129036966
039514,4151,2060,187,0.57632295670323519
039514,4151,2060,194,0.58886426118473001
039514,4151,2060,200,0.58314867436585938
039514,4152,2060,149,0.56464477074726982
039514,4152,2060,182,0.58670739344928746
039514,4153,2060,184,0.58567272727272723
039514,4154,2060,123,0.57644167327644769
039514,4155,2060,663,0.57751036266370648
039514,4155,2060,680,0.54835730307428421
039514,4155,2060,683,0.59619308225918721
039514,4156,2060,172,0.58198498368287732
039514,4156,2060,181,0.58745925810957633
039514,4156,2060,213,0.58777016341591992
039514,4156,2060,215,0.57876959344158474
039514,4157,2060,493,0.58493860538470199
039514,4157,2060,495,0.58717814583994099
039514,4158,2060,416,0.59127086007702179
039514,4158,2060,420,0.59856126672828835
039514,4161,2060,226,0.58208581942906146
039514,4161,2060,244,0.56809338521400776
039514,4162,2060,444,0.60768617172810668
039514,4162,2060,446,0.52873267609658525
039514,4162,2060,459,0.57549242376690057
039514,4164,2060,505,0.59112125651596192
039514,4164,2060,531,0.55068220236657817
039514,4166,2060,305,0.59068002041337075
039514,4166,2060,319,0.59322589009129489
039514,4166,2060,330,0.60910063652326607
039514,4167,2060,264,0.58320578309698123
039514,4167,2060,277,0.58733489692630536
039514,4167,2060,282,0.58968324939991523
039514,4168,2060,257,0.58459483526268918
039514,4169,2060,353,0.58760779153645526
039514,4169,2060,359,0.61265085515437201
039514,4169,2060,361,0.5881605422005719
039514,4170,2060,410,0.59222070812116001
039514,4170,2060,411,0.58110816386678454
039514,4170,2060,445,0.58112264167910654
039514,4171,2060,390,0.59203833394765937
039514,4171,2060,410,0.58334448567431108
039514,4171,2060,426,0.57448248155118098
039514,4172,2060,216,0.58808393725970531
039514,4173,2060,647,0.59813004155463212
039514,4174,2060,199,0.57166452259991718
039514,4174,2060,236,0.58257106324382812
039514,4175,2060,139,0.58799434249921934
039514,4175,2060,144,0.56967879015123113
039514,4175,2060,157,0.57868934398729188
039514,4176,2060,281,0.59144065687982084
039514,4176,2060,298,0.56254928466824372
039514,4177,2060,298,0.59134086983827916
039514,4177,2060,299,0.59021717967325704
039514,4177,2060,311,0.59748689521724996
039514,4178,2060,131,0.58362180664874586
039514,4179,2060,480,0.57269221301386719
039514,4179,2060,482,0.5801324150662075
039514,4181,2060,316,0.57461626700169333
039514,4181,2060,320,0.57939902470918359
039514,4182,2060,184,0.56330680445018544
039514,4182,2060,201,0.57649730508317076
039514,4183,2060,205,0.55172413793103448
039514,4184,2060,361,0.58041808979462339
039514,4185,2060,387,0.58033859233101581
039514,4185,2060,400,0.56246318731449296
039514,4185,2060,407,0.58031749147385725
039514,4186,2060,329,0.57443857526485087
039514,4187,2060,449,0.58091326834350354
039514,4188,2060,40,0.59484589992482928
039514,4188,2060,51,0.59142783897031526
039514,4188,2060,65,0.58384885141258525
039514,4189,2060,230,0.58797806152844567
039514,4189,2060,240,0.58742112108415356
039514,4190,2060,187,0.5878004412276967
039514,4191,2060,273,0.5909640912487989
039514,4192,2060,289,0.59978458224342202
039514,4192,2060,293,0.59205448644228065
039514,4192,2060,300,0.58895877230504379
039514,4194,2060,289,0.59567854815260435
039514,4195,2060,288,0.60201561504142764
039514,4195,2060,301,0.57660316387347799
039514,4195,2060,310,0.59105661946452914
039514,4197,2060,356,0.57430127224752525
039514,4197,2060,380,0.59079561926236113
039514,4198,2060,318,0.58480134035423648
039514,4198,2060,338,0.54607118631966012
039514,4199,2060,155,0.58389900513594084
039514,4199,2060,159,0.58435826666497082
039514,4199,2060,168,0.60561631075999589
039514,4199,2060,170,0.57738510172651369
039514,4199,2060,180,0.58085086467133129
039514,4201,2060,352,0.58700882117080999
039514,4202,2060,188,0.5949496349353387
039514,4203,2060,283,0.55109603340292279
039514,4205,2060,493,0.56862197844869433
039514,4206,2060,159,0.57908231244013275
039514,4206,2060,161,0.58808730536479226
039514,4207,2060,353,0.57404768524954819
039514,4208,2060,247,0.579732819833915
039514,4212,2060,220,0.56625931703934829
039514,4214,2060,354,0.58578184908622621
039514,4214,2060,363,0.60485265855221015
039514,4215,2060,239,0.57676352665634556
039514,4215,2060,247,0.6021729543358858
039514,4215,2060,254,0.56748999955388346
039514,4215,2060,259,0.5763932630425852
039514,4215,2060,261,0.59904577307290885
039514,4216,2060,405,0.59302937215956908
039514,4216,2060,421,0.54263284659027922
039514,4221,2060,394,0.54736526047140066
039514,4222,2060,237,0.58211573386164772
039514,4222,2060,252,0.63153471915081827
039514,4225,2060,328,0.59200946150718847
039514,4226,2060,90,0.56962945950084209
039514,4227,2060,150,0.55832615091984428
039514,4229,2060,237,0.58424481737413625
039514,4232,2060,405,0.58142681790620976
039514,4233,2060,152,0.60300707328815317
039514,4233,2060,162,0.57773872733342146
039514,4235,2060,388,0.58849746764209343
039514,4235,2060,402,0.58820819255577583
039514,4236,2060,263,0.58776671015483173
039514,4236,2060,295,0.58948307218802465
039514,4237,2060,122,0.58770780524739108
039514,4238,2060,192,0.57593931363661022
039514,4239,2060,104,0.59749828649760106
039514,4240,2060,179,0.58511369100776256
039514,4241,2060,226,0.59064826832433914
039514,4241,2060,243,0.58595075159384691
039514,4242,2060,473,0.59036507339104249
039514,4242,2060,475,0.57959016812305175
039514,4243,2060,345,0.58374878874267977
039514,4244,2060,380,0.58801396378652249
039514,4245,2060,305,0.56588389504787717
039514,4245,2060,308,0.56969894319291914
039514,4245,2060,318,0.5781559892821273
039514,4246,2060,155,0.58889151022884301
039514,4246,2060,162,0.56791301184364773
039514,4246,2060,186,0.58635830583358328
039514,4247,2060,381,0.57863924050632909
039514,4247,2060,390,0.58804192554601309
039514,4248,2060,252,0.56882037403953023
039514,4248,2060,258,0.57534419284885774
039514,4248,2060,262,0.57789311803152632
039514,4249,2060,488,0.58638088012139611
039514,4251,2060,101,0.58278128303274224
039514,4251,2060,106,0.591388156982388
039514,4252,2060,295,0.57323898449385202
039514,4252,2060,298,0.57677408941733466
039514,4252,2060,303,0.58346374122771638
039514,4254,2060,318,0.58090291791462212
039514,4254,2060,323,0.57044808610993525
039514,4254,2060,326,0.58860737969733035
039514,4254,2060,344,0.58093394628599082
039514,4255,2060,245,0.59999999999999998
039514,4257,2060,145,0.59160951278168705
039514,4257,2060,146,0.58247998510519461
039514,4259,2060,221,0.59378816250101762
039514,4262,2060,274,0.55855675603574761
039514,4262,2060,283,0.5669472133408564
039514,4264,2060,138,0.59150488099155429
039514,4264,2060,157,0.57849384641722623
039514,4265,2060,198,0.56843446859732349
039514,4267,2060,120,0.57845444426776915
039514,4267,2060,149,0.56849482606429935
039514,4268,2060,161,0.60170797878899984
039514,4269,2060,276,0.5385787481999933
039514,4269,2060,280,0.58204980314466981
039514,4269,2060,291,0.60979716186963839
039514,4270,2060,208,0.58200776902166917
039514,4271,2060,135,0.57081420164263075
039514,4271,2060,164,0.58631090079590509
039514,4273,2060,168,0.58164608376435745
039514,4273,2060,173,0.56992973182052609
039514,4275,2060,202,0.58904728647138571
039514,4276,2060,246,0.56304086396755404
039514,4277,2060,264,0.57309139501353867
039514,4277,2060,271,0.57817576976636242
039514,4277,2060,275,0.59984304667140487
039514,4279,2060,258,0.59003083808640122
039514,4281,2060,423,0.57578856177126381
039514,4281,2060,431,0.56387682496799685
039514,4282,2060,225,0.58684146805493098
039514,4283,2060,403,0.55976590075831756
039514,4284,2060,206,0.55647552989311355
039514,4284,2060,208,0.57634796403363631
039514,4284,2060,215,0.5821666937978186
039514,4284,2060,225,0.57987110139256526
039514,4284,2060,227,0.58225177933077843
039514,4285,2060,285,0.58703135423615749
039514,4287,2060,104,0.5645917476811918
039514,4288,2060,381,0.57731180034142582
039514,4289,2060,208,0.57570503148902952
039514,4289,2060,223,0.556601801222258
039514,4290,2060,567,0.65787319054169124
039514,4291,2060,269,0.59147321546204312
039514,4293,2060,406,0.58172455364205178
039514,4294,2060,232,0.58980694471898265
039514,4294,2060,254,0.57589904442337148
039514,4295,2060,414,0.57230029718858166
039514,4295,2060,415,0.59085239085239083
039514,4296,2060,307,0.61763463073383729
039514,4296,2060,335,0.57943593228716173
039514,4297,2060,133,0.57182217865312068
039514,4297,2060,140,0.56219412724306683
039514,4298,2060,190,0.58500242679178127
039514,4298,2060,211,0.58237604683910171
039514,4298,2060,215,0.58314482797140299
039514,4298,2060,219,0.58566779447184314
039514,4298,2060,224,0.5785769917991479
039514,4298,2060,226,0.595760462211118
039514,4299,2060,186,0.57978339350180508
039514,4299,2060,189,0.58671310123735831
039514,4299,2060,194,0.58319581545600929
039514,4300,2060,281,0.58351427060716177
039514,4300,2060,296,0.57930818173671472
039514,4301,2060,162,0.57480444048901591
039514,4301,2060,164,0.57622486027821973
039514,4302,2060,334,0.59032349841516629
039514,4302,2060,340,0.55820646350883318
039514,4303,2060,158,0.57482630639423637
039514,4303,2060,165,0.58564325312910781
039514,4303,2060,176,0.60783246073298425
039514,4303,2060,188,0.57496721725635502
039514,4304,2060,201,0.58697439511393001
039514,4304,2060,203,0.55004308431469828
039514,4304,2060,213,0.57348869938797997
039514,4305,2060,336,0.58721431902985077
039514,4305,2060,352,0.57590148544922415
039514,4305,2060,354,0.56737302116370048
039514,4306,2060,299,0.57530685752252619
039514,4306,2060,307,0.57174065012233488
039514,4307,2060,345,0.57858067698378446
039514,4308,2060,388,0.61023929560462975
039514,4308,2060,422,0.60469445201125938
039514,4308,2060,424,0.57855098896261126
039514,4310,2060,343,0.57839902117088726
039514,4310,2060,349,0.58074902558888319
039514,4311,2060,179,0.5805100482812694
039514,4312,2060,214,0.59905849724482718
039514,4313,2060,357,0.58725672118413674
039514,4313,2060,361,0.5984429934706178
039514,4313,2060,362,0.586002106244497
039514,4313,2060,370,0.58417353873687616
039514,4313,2060,375,0.58261498583398641
039514,4313,2060,381,0.60969778117827089
039514,4313,2060,384,0.58728038539969185
039514,4313,2060,390,0.58795343871253358
039514,4315,2060,580,0.59195230998509685
039514,4316,2060,225,0.58218662285205725
039514,4317,2060,401,0.57436018277564904
039514,4319,2060,322,0.57141475679334686
039514,4320,2060,222,0.55423186942621572
039514,4321,2060,277,0.57646409777626884
039514,4321,2060,290,0.58027497298707109
039514,4321,2060,297,0.6148855699417497
039514,4323,2060,131,0.56395266439909297
039514,4323,2060,145,0.57421703769449528
039514,4324,2060,244,0.57496247750614893
039514,4324,2060,258,0.60107557860366845
039514,4325,2060,444,0.58084071490721323
039514,4325,2060,468,0.57870082222295016
039514,4325,2060,469,0.58651633686148186
039514,4326,2060,146,0.56880244369203592
039514,4326,2060,150,0.57059724349157737
039514,4327,2060,285,0.58071290566460387
039514,4328,2060,206,0.57741195162856385
039514,4328,2060,211,0.59108858492102268
039514,4328,2060,217,0.58863430005875128
039514,4329,2060,272,0.57820186598812551
039514,4329,2060,276,0.55841681650826269
039514,4329,2060,279,0.60209853620622655
039514,4329,2060,290,0.58123324396782838
039514,4329,2060,296,0.56975886834703293
039514,4329,2060,301,0.5909418982316853
039514,4330,2060,220,0.57514081705299747
039514,4330,2060,221,0.59174683380299942
039514,4332,2060,137,0.60213302307543148
039514,4332,2060,140,0.58288641253733264
039514,4332,2060,146,0.62122098693192895
039514,4333,2060,81,0.57073836977022918
039514,4334,2060,208,0.58990025291994652
039514,4334,2060,223,0.58152543299766413
039514,4334,2060,227,0.57966065620040441
039514,4335,2060,315,0.57160011262566868
039514,4335,2060,323,0.58191600657599762
039514,4336,2060,158,0.59477379095163807
039514,4336,2060,163,0.58586027074956548
039514,4336,2060,171,0.57191735254424148
039514,4336,2060,186,0.59583146676726473
039514,4337,2060,245,0.59007645931024921
039514,4338,2060,126,0.58808668535112307
039514,4338,2060,136,0.58214576890164604
039514,4339,2060,446,0.57911655645945836
039514,4339,2060,449,0.527448985882498
039514,4339,2060,466,0.58243198420852516
039514,4340,2060,226,0.5974764241017656
039514,4341,2060,115,0.59673467084740572
039514,4342,2060,250,0.62652702504760505
039514,4342,2060,263,0.59213029260264605
039514,4342,2060,274,0.58688372431615921
039514,4343,2060,291,0.60551844173129588
039514,4343,2060,302,0.57809080337783281
039514,4344,2060,379,0.59200865422238591
039514,4344,2060,380,0.58032128514056225
039514,4344,2060,384,0.591294127183561
039514,4345,2060,130,0.59643221527866341
039514,4345,2060,138,0.59354106376609117
039514,4345,2060,148,0.62053444518146494
039514,4346,2060,273,0.57530507889701044
039514,4347,2060,209,0.57866380810513562
039514,4347,2060,212,0.58541709447612433
039514,4347,2060,225,0.59484884464334642
039514,4347,2060,227,0.57122386887820198
039514,4347,2060,229,0.57723642990785229
039514,4348,2060,189,0.55164199042636086
039514,4348,2060,207,0.57139396566561906
039514,4349,2060,313,0.58162720856136718
039514,4349,2060,314,0.59260585230798601
039514,4349,2060,317,0.59171229682345017
039514,4350,2060,264,0.57170854005190774
039514,4352,2060,534,0.57709211854843501
039514,4352,2060,539,0.58126104312544991
039514,4352,2060,568,0.57316917358731634
039514,4353,2060,490,0.57765843359361913
039514,4353,2060,507,0.57847624860136304
039514,4354,2060,185,0.57744737186668027
039514,4354,2060,189,0.58897968898762298
039514,4355,2060,343,0.56758399459733244
039514,4355,2060,345,0.58298014909121365
039514,4355,2060,350,0.57056379495363618
039514,4355,2060,358,0.58209205221157412
039514,4357,2060,137,0.58490566037735847
039514,4357,2060,144,0.58326744323594049
039514,4357,2060,158,0.57718568715026441
039514,4358,2060,204,0.57472756527462887
039514,4358,2060,214,0.58470055090333417
039514,4359,2060,268,0.58453023352553068
039514,4359,2060,276,0.57267398906565536
039514,4359,2060,280,0.58950519457650996
039514,4360,2060,345,0.56889138287798546
039514,4361,2060,179,0.60425211350129737
039514,4361,2060,183,0.55728731087964722
039514,4361,2060,191,0.58524595296990956
039514,4362,2060,283,0.58656115507427464
039514,4362,2060,297,0.61124286667160754
039514,4362,2060,298,0.59138741880425838
039514,4363,2060,198,0.57789123723581093
039514,4363,2060,212,0.5971131479014653
039514,4363,2060,220,0.56025458136727757
039514,4364,2060,202,0.58973694080820893
039514,4366,2060,190,0.60780229506195449
039514,4366,2060,211,0.58143000615544105
039514,4366,2060,217,0.60032064401691909
039514,4367,2060,266,0.5722178564951943
039514,4367,2060,280,0.60842508377213977
039514,4367,2060,286,0.59708737864077666
039514,4367,2060,288,0.58015375854214124
039514,4367,2060,295,0.52373148133123471
039514,4368,2060,287,0.56257556771966855
039514,4368,2060,313,0.57543771209364092
039514,4369,2060,383,0.59491221580400078
039514,4369,2060,385,0.56484165718689228
039514,4369,2060,392,0.58618370075186688
039514,4370,2060,150,0.60364185685706118
039514,4370,2060,154,0.57010388941358292
039514,4372,2060,276,0.58576101160434124
039514,4372,2060,282,0.58950588323606135
039514,4372,2060,306,0.56813505990560331
039514,4373,2060,283,0.5890603085553997
039514,4375,2060,360,0.61592980087748905
039514,4376,2060,449,0.59031310562015504
039514,4376,2060,451,0.58598745648873696
039514,4376,2060,461,0.61416256157635463
039514,4377,2060,462,0.56540990561035109
039514,4377,2060,477,0.56704118755752964
039514,4379,2060,435,0.57822777433805583
039514,4379,2060,445,0.56894969000531959
039514,4379,2060,454,0.60769905421101289
039514,4380,2060,108,0.58477249672167653
039514,4381,2060,319,0.58451341689808067
039514,4383,2060,407,0.59885669229252902
039514,4383,2060,409,0.5956498900799595
039514,4383,2060,426,0.59675867524748238
039514,4385,2060,373,0.56073661091400573
039514,4385,2060,408,0.58852186311787069
039514,4385,2060,409,0.56605313143743818
039514,4385,2060,411,0.60763201646742138
039514,4387,2060,180,0.57773683756009098
039514,4389,2060,220,0.58315649994718999
039514,4389,2060,223,0.58983259502931351
039514,4389,2060,263,0.58567056554731056
039514,4390,2060,393,0.59650639714903309
039514,4391,2060,251,0.60229914122601413
039514,4391,2060,289,0.57581521739130437
039514,4392,2060,319,0.57451653919875501
039514,4393,2060,327,0.57829568905128836
039514,4394,2060,152,0.58325399523971433
039514,4395,2060,271,0.60492083305958877
039514,4395,2060,274,0.58113816186464096
039514,4396,2060,244,0.57090163567508523
039514,4397,2060,386,0.57799471748925368
039514,4399,2060,170,0.58007047123522248
039514,4399,2060,179,0.58619594064217095
039514,4399,2060,180,0.57758612182871349
039514,4399,2060,183,0.5944519245153983
039514,4400,2060,166,0.58686757808601941
039514,4400,2060,174,0.56139488096568679
039514,4400,2060,177,0.59282555657212566
039514,4400,2060,186,0.58592304161793229
039514,4403,2060,430,0.58687474201658596
039514,4405,2060,316,0.58614045991298946
039514,4406,2060,263,0.58231792182603459
039514,4406,2060,273,0.58909109257265879
039514,4407,2060,283,0.58549756367107053
039514,4410,2060,143,0.59048564202708331
039514,4412,2060,142,0.592274616802137
039514,4412,2060,160,0.56859125954125089
039514,4413,2060,215,0.60510767531750409
039514,4413,2060,233,0.56779383989539445
039514,4413,2060,234,0.55589862058242079
039514,4413,2060,250,0.58707730650202627
039514,4415,2060,201,0.59895007574956838
039514,4415,2060,232,0.58729678430941046
039514,4416,2060,182,0.60041189712150966
039514,4416,2060,202,0.58738441820012821
039514,4417,2060,353,0.5798432920629224
039514,4418,2060,108,0.5880602325844696
039514,4418,2060,117,0.59687166725915397
039514,4420,2060,235,0.58696117961004302
039514,4420,2060,261,0.5858421620141373
039514,4420,2060,264,0.58647603568526241
039514,4422,2060,454,0.57804665358622198
039514,4422,2060,460,0.56934571304221671
039514,4422,2060,467,0.56930397737242155
039514,4422,2060,478,0.53584764283484232
039514,4423,2060,278,0.57325327168307305
039514,4424,2060,244,0.60872408250006815
039514,4424,2060,263,0.57694738505293097
039514,4425,2060,236,0.57507373755369484
039514,4426,2060,218,0.58884401073144843
039514,4426,2060,239,0.58194310646257985
039514,4427,2060,166,0.6008810206541163
039514,4427,2060,170,0.58213496136137766
039514,4428,2060,541,0.57307654059071167
039514,4428,2060,548,0.57324325555960631
039514,4428,2060,550,0.57460184409052806
039514,4429,2060,224,0.57925929255920938
039514,4429,2060,251,0.57350658725861758
039514,4429,2060,254,0.57765613664842053
039514,4430,2060,208,0.57953598837312348
039514,4432,2060,549,0.58001928348887244
039514,4433,2060,264,0.56876692969026033
039514,4433,2060,281,0.57513867876954106
039514,4433,2060,297,0.57673090649536041
039514,4434,2060,179,0.57184240796808461
039514,4434,2060,193,0.56955386805885144
039514,4434,2060,196,0.5535117629337496
039514,4434,2060,198,0.57839929639401932
039514,4434,2060,201,0.59985364068788871
039514,4435,2060,152,0.58783282848609375
039514,4435,2060,169,0.57501819568155821
039514,4436,2060,208,0.61459563855918697
039514,4436,2060,228,0.59240872892750029
039514,4437,2060,150,0.57184031047570127
039514,4437,2060,156,0.54633965569517906
039514,4437,2060,164,0.59074599224492164
039514,4437,2060,165,0.58244888200501044
039514,4439,2060,450,0.56796687248123634
039514,4439,2060,457,0.57798732547105869
039514,4440,2060,234,0.57294569323177902
039514,4441,2060,255,0.58893712667036147
039514,4442,2060,315,0.57434161819143315
039514,4443,2060,155,0.59137251921932188
039514,4444,2060,231,0.58008158314339653
039514,4445,2060,290,0.56139422195981026
039514,4445,2060,309,0.5875687924894788
039514,4446,2060,125,0.6123981285843646
039514,4446,2060,126,0.59526646805693484
039514,4446,2060,145,0.5693623259223064
039514,4448,2060,445,0.58689479976090853
039514,4448,2060,456,0.54338275672707304
039514,4449,2060,284,0.58579649923997534
039514,4449,2060,292,0.59836285047622695
039514,4450,2060,398,0.57983754311783686
039514,4450,2060,399,0.487150653216471
039514,4452,2060,278,0.58054388815648283
039514,4452,2060,291,0.58826930489528462
039514,4453,2060,535,0.58818974181536587
039514,4454,2060,321,0.57685170079125536
039514,4454,2060,325,0.54697135124329144
039514,4454,2060,336,0.57900677200902939
039514,4455,2060,248,0.58212897596573332
039514,4455,2060,265,0.64713915897185026
039514,4456,2060,267,0.56095322777378798
039514,4456,2060,281,0.58677828974408897
039514,4457,2060,225,0.5688764145059253
039514,4457,2060,240,0.58204020223579012
039514,4457,2060,245,0.5712609905149203
039514,4457,2060,254,0.58193631186331918
039514,4458,2060,399,0.58474867412449272
039514,4458,2060,406,0.57690969806595238
039514,4459,2060,437,0.57699561794484433
039514,4462,2060,161,0.59894308870759683
039514,4462,2060,184,0.57813301537565687
039514,4462,2060,195,0.58296078874087454
039514,4464,2060,222,0.57401239762477629
039514,4465,2060,169,0.56838165729868106
039514,4465,2060,170,0.56286116983791401
039514,4465,2060,181,0.58041172633178872
039514,4465,2060,199,0.58193025415857469
039514,4466,2060,178,0.56831714270755496
039514,4466,2060,190,0.59414527440005149
039514,4466,2060,209,0.55789820041003313
039514,4467,2060,397,0.57319334769083508
039514,4468,2060,180,0.58664175618869685
039514,4468,2060,193,0.59400697000548208
039514,4469,2060,340,0.56284132424390798
039514,4469,2060,347,0.59286547227817232
039514,4469,2060,358,0.58337464509441617
039514,4470,2060,197,0.58082634454104798
039514,4470,2060,212,0.5995478723404255
039514,4471,2060,105,0.56730162351241398
039514,4471,2060,112,0.60124304874059531
039514,4473,2060,258,0.59081217672839259
039514,4473,2060,259,0.59043082487518284
039514,4474,2060,257,0.57231587376547643
039514,4475,2060,184,0.57230258636584586
039514,4476,2060,109,0.58657245680875536
039514,4476,2060,123,0.59463619881640617
039514,4476,2060,138,0.53704522706640911
039514,4477,2060,254,0.58612941881366087
039514,4477,2060,279,0.57077993772407543
039514,4478,2060,111,0.58171840332999547
039514,4479,2060,244,0.56106363038704177
039514,4480,2060,128,0.68170431932576381
039514,4480,2060,144,0.59963973841876494
039514,4481,2060,124,0.58147396135481277
039514,4482,2060,226,0.54956580579677461
039514,4482,2060,250,0.59839587860438992
039514,4482,2060,258,0.59301684273047384
039514,4483,2060,281,0.6329678498420368
039514,4485,2060,367,0.59910583644935778
039514,4485,2060,377,0.58027028403592473
039514,4485,2060,394,0.57297858833035142
039514,4485,2060,395,0.59399863964947242
039514,4486,2060,220,0.58050874607547898
039514,4487,2060,224,0.57604433077578854
039514,4488,2060,260,0.5870883098081795
039514,4489,2060,292,0.57100957792951745
039514,4489,2060,304,0.60807897913433351
039514,4490,2060,368,0.57355243733317429
039514,4490,2060,400,0.57467935951565363
039514,4491,2060,246,0.573684114235533
039514,4492,2060,286,0.59145515830716489
039514,4493,2060,492,0.58484986656295679
039514,4495,2060,274,0.57491283916931935
039514,4495,2060,285,0.57723861057776227
039514,4495,2060,288,0.60234500481850306
039514,4496,2060,399,0.5857107979910714
039514,4497,2060,488,0.58769594109611245
039514,4500,2060,256,0.58686546382781224
039514,4500,2060,281,0.6124055415617129
039514,4502,2060,421,0.57681533710475252
039514,4502,2060,428,0.57312069555023692
039514,4502,2060,449,0.58005645637760128
039514,4503,2060,259,0.59699213680433616
039514,4503,2060,262,0.58401691724955263
039514,4503,2060,264,0.59251189917543745
039514,4504,2060,212,0.55987589788554282
039514,4505,2060,442,0.56684810976064426
039514,4505,2060,461,0.60347963432728668
039514,4505,2060,465,0.58940585615464802
039514,4507,2060,496,0.59978925878362799
039514,4507,2060,545,0.57888055346104861
039514,4508,2060,194,0.58030771113082313
039514,4508,2060,203,0.57248507529181147
039514,4508,2060,212,0.57320079092066412
039514,4509,2060,262,0.58869477073519771
039514,4509,2060,265,0.56766631146293201
039514,4509,2060,280,0.5514776632302405
039514,4513,2060,131,0.58003774744326908
039514,4513,2060,153,0.58926255057985322
039514,4514,2060,364,0.58435933068402535
039514,4514,2060,371,0.58158143258945982
039514,4515,2060,173,0.57340907149568632
039514,4516,2060,220,0.58978661590863557
039514,4516,2060,261,0.58394771801474521
039514,4517,2060,153,0.60693395312802634
039514,4519,2060,329,0.58976363525316067
039514,4519,2060,332,0.57165316563632484
039514,4519,2060,342,0.58682345021981952
039514,4520,2060,183,0.55454434895411064
039514,4522,2060,99,0.57681414007835863
039514,4523,2060,181,0.58435513635431613
039514,4524,2060,325,0.58163154168708819
039514,4524,2060,328,0.58153524257878908
039514,4525,2060,114,0.62044609665427508
039514,4527,2060,213,0.58069391883445276
039514,4527,2060,218,0.56871412548657385
039514,4528,2060,515,0.5730815198119279
039514,4529,2060,511,0.56479712974199336
039514,4530,2060,278,0.57740804391481437
039514,4531,2060,189,0.58132114222062359
039514,4532,2060,360,0.57504635232205703
039514,4532,2060,371,0.58211188703860028
039514,4532,2060,386,0.59388761669896073
039514,4533,2060,47,0.58927141713370701
039514,4533,2060,53,0.57165733217638237
039514,4533,2060,63,0.59439405615823893
039514,4534,2060,388,0.59515539891060554
039514,4535,2060,257,0.60819307542351941
039514,4536,2060,255,0.5757903004123307
039514,4536,2060,263,0.64584161425331432
039514,4537,2060,250,0.59469836427707357
039514,4538,2060,273,0.57541782242838158
039514,4538,2060,279,0.5681185339460757
039514,4539,2060,217,0.59378084070722448
039514,4539,2060,237,0.57445018790616897
039514,4540,2060,402,0.58102644054047203
039514,4544,2060,266,0.56757503222242678
039514,4545,2060,65,0.58928875517965607
039514,4546,2060,230,0.59317131449052096
039514,4547,2060,200,0.57600606208221694
039514,4549,2060,164,0.59106685397901004
039514,4549,2060,174,0.60408878504672903
039514,4549,2060,176,0.57356238987666186
039514,4549,2060,182,0.56713888451650141
039514,4550,2060,321,0.60633116883116878
039514,4550,2060,329,0.59139582233617372
039514,4550,2060,332,0.58325271059216011
039514,4550,2060,335,0.54898796716869869
039514,4551,2060,513,0.58791918204976101
039514,4552,2060,270,0.5834871278638406
039514,4552,2060,274,0.58337666558336043
039514,4552,2060,288,0.60010162601626016
039514,4555,2060,324,0.58907488498420268
039514,4556,2060,132,0.57288343965975541
039514,4556,2060,133,0.57440945595620096
039514,4556,2060,138,0.57343420126671363
039514,4556,2060,139,0.57467532467532467
039514,4556,2060,150,0.5490122183433831
039514,4557,2060,183,0.61657426320396846
039514,4557,2060,197,0.57542145191962801
039514,4558,2060,356,0.59702730156097761
039514,4558,2060,367,0.56409962194871544
039514,4558,2060,384,0.58271825328710225
039514,4559,2060,368,0.6186068632472379
039514,4559,2060,373,0.6179229136715273
039514,4560,2060,219,0.58543449989324325
039514,4560,2060,244,0.57689411492122333
039514,4560,2060,249,0.5858535311779296
039514,4561,2060,162,0.59726337807216312
039514,4564,2060,104,0.57024024198708623
039514,4564,2060,105,0.59244348095385568
039514,4564,2060,127,0.58270795702128453
039514,4564,2060,130,0.57190114808328474
039514,4566,2060,433,0.59507058805095503
039514,4566,2060,441,0.57372119091232199
039514,4566,2060,452,0.58537159487278256
039514,4567,2060,117,0.58981561724890175
039514,4567,2060,138,0.57688725836037813
039514,4568,2060,238,0.59609383406865379
039514,4568,2060,260,0.57233922375534574
039514,4569,2060,326,0.58166027346408467
039514,4569,2060,333,0.59147209567198178
039514,4571,2060,127,0.60182510326952676
039514,4572,2060,542,0.57189198216832182
039514,4573,2060,223,0.5788977509090637
039514,4574,2060,438,0.58793153257258413
039514,4574,2060,442,0.61516440372975623
039514,4575,2060,184,0.5963606286186931
039514,4575,2060,187,0.58046223793887342
039514,4578,2060,270,0.58456643248342177
039514,4579,2060,154,0.58314331281551091
039514,4579,2060,158,0.57854507116499732
039514,4579,2060,173,0.57791387559808616
039514,4581,2060,298,0.57773420941076725
039514,4582,2060,303,0.57725613683532528
039514,4583,2060,113,0.58647332768839966
039514,4583,2060,132,0.5716010261053267
039514,4584,2060,250,0.60957914889329257
039514,4585,2060,521,0.58200551443912352
039514,4585,2060,530,0.58443122145231952
039514,4585,2060,536,0.57782511624096189
039514,4587,2060,275,0.6005418906286516
039514,4587,2060,294,0.57408439140251588
039514,4588,2060,269,0.60049726945788751
039514,4589,2060,451,0.57600895651235562
039514,4589,2060,459,0.57930602334142711
039514,4589,2060,471,0.58403932041070028
039514,4590,2060,107,0.60064506880733948
039514,4590,2060,112,0.59449753484691703
039514,4590,2060,121,0.5876597159549708
039514,4590,2060,136,0.57946838220626373
039514,4591,2060,180,0.60620463924861245
039514,4592,2060,200,0.58031922972785566
039514,4592,2060,208,0.59820197694541399
039514,4592,2060,234,0.57710860466765979
039514,4593,2060,216,0.59695806646131777
039514,4593,2060,220,0.56969405734422551
039514,4594,2060,383,0.5706143597335307
039514,4594,2060,405,0.57940810922780406
039514,4595,2060,472,0.60512114834601483
039514,4595,2060,477,0.5906659733313524
039514,4595,2060,488,0.58863597661349831
039514,4596,2060,101,0.55727646956768606
039514,4596,2060,124,0.58396916002242072
039514,4596,2060,125,0.58229063911531076
039514,4597,2060,241,0.57759611135660627
039514,4597,2060,248,0.58208087685792576
039514,4598,2060,282,0.60399931635617843
039514,4598,2060,289,0.59396415392725355
039514,4598,2060,290,0.59027440308419998
039514,4599,2060,303,0.58142794064005832
039514,4600,2060,418,0.55487208164406543
039514,4600,2060,420,0.58600058288045809
039514,4602,2060,277,0.58784386578082848
039514,4602,2060,299,0.59517375878192624
039514,4603,2060,378,0.58788365453247682
039514,4603,2060,407,0.59679098005203812
039514,4603,2060,409,0.65299186794513897
039514,4605,2060,163,0.58448121783612217
039514,4606,2060,168,0.57277567616456027
039514,4607,2060,276,0.59159693544881542
039514,4608,2060,145,0.59632908096849779
039514,4609,2060,339,0.57330296855647445
039514,4609,2060,343,0.56990416364661356
039514,4610,2060,437,0.57037898194648151
039514,4610,2060,451,0.59436318949192146
039514,4611,2060,216,0.59766589597194042
039514,4614,2060,262,0.57836223200240378
039514,4616,2060,210,0.55841060663715925
039514,4617,2060,239,0.5855043670577651
039514,4618,2060,353,0.60563252739291862
039514,4618,2060,356,0.57965858989335639
039514,4619,2060,227,0.60145926375181491
039514,4620,2060,252,0.58713493530499072
039514,4620,2060,253,0.56510806940420288
039514,4622,2060,88,0.58805579773321703
039514,4622,2060,104,0.59346241185610138
039514,4622,2060,106,0.57227092348048336
039514,4623,2060,429,0.57434795361220159
039514,4625,2060,413,0.58116552639377428
039514,4625,2060,420,0.59218520430449118
039514,4625,2060,431,0.57590817979626019
039514,4626,2060,96,0.574432854670471
039514,4627,2060,170,0.58375550871814519
039514,4627,2060,180,0.58296618751397344
039514,4628,2060,283,0.58168174499731662
039514,4628,2060,294,0.57457044673539515
039514,4629,2060,316,0.55959733262413447
039514,4630,2060,259,0.57761381143702983
039514,4630,2060,282,0.55723224144276773
039514,4631,2060,135,0.59523896188985548
039514,4631,2060,144,0.57426727823991297
039514,4631,2060,145,0.57627541267017968
039514,4631,2060,146,0.57802549578286588
039514,4631,2060,153,0.55255376762426467
039514,4632,2060,380,0.58983344489506639
039514,4633,2060,329,0.57459261974893494
039514,4633,2060,338,0.59281636536631777
039514,4634,2060,222,0.57683399018184334
039514,4635,2060,235,0.57197070411641004
039514,4636,2060,163,0.59626221437004412
039514,4636,2060,164,0.59341277933554248
039514,4638,2060,297,0.58779981240787882
039514,4638,2060,299,0.57425559947299076
039514,4638,2060,311,0.6056532911642617
039514,4638,2060,318,0.59301505837234225
039514,4639,2060,373,0.57126400670227251
039514,4639,2060,375,0.57398145000728407
039514,4639,2060,378,0.56463966042262614
039514,4640,2060,153,0.5829317380306136
039514,4641,2060,536,0.5679044843470904
039514,4641,2060,546,0.57180555972051461
039514,4641,2060,553,0.60160482261415016
039514,4641,2060,562,0.56951418479035654
039514,4641,2060,566,0.56778002289669582
039514,4642,2060,383,0.55618140949358719
039514,4642,2060,384,0.58940546315952258
039514,4643,2060,445,0.5821632746398353
039514,4643,2060,474,0.56756756756756754
039514,4644,2060,242,0.57439072611366682
039514,4644,2060,255,0.55547021106064653
039514,4646,2060,269,0.57713218647232822
039514,4646,2060,272,0.58205825682874301
039514,4646,2060,289,0.57471337042657222
039514,4649,2060,111,0.59855755291388812
039514,4649,2060,126,0.56999501973522826
039514,4651,2060,262,0.60252424481462574
039514,4652,2060,310,0.60214289721198977
039514,4655,2060,332,0.57402123716798537
039514,4656,2060,415,0.62735339968821202
039514,4656,2060,445,0.57031290729560924
039514,4658,2060,459,0.59686816350028782
039514,4658,2060,466,0.56720941938590153
039514,4659,2060,306,0.57981229798668177
039514,4659,2060,310,0.58560255303565356
039514,4660,2060,323,0.59517660018281104
039514,4661,2060,200,0.58866501708495345
039514,4661,2060,204,0.58167432363450744
039514,4662,2060,591,0.59451515616214279
039514,4663,2060,219,0.57628702612652882
039514,4664,2060,428,0.57704007406427726
039514,4664,2060,447,0.5773245640499608
039514,4664,2060,456,0.59568938477393918
039514,4666,2060,367,0.5937754422322552
039514,4666,2060,371,0.58593994859900955
039514,4666,2060,380,0.57039935407738651
039514,4666,2060,387,0.59106104036825557
039514,4667,2060,190,0.5853132208650913
039514,4667,2060,216,0.58039185643422131
039514,4668,2060,326,0.57367008204468983
039514,4668,2060,344,0.57658533315457838
039514,4669,2060,152,0.57565238006536501
039514,4670,2060,441,0.59475253428741803
039514,4670,2060,442,0.5818134299102059
039514,4670,2060,455,0.57491540224866278
039514,4671,2060,160,0.583686112545173
039514,4671,2060,187,0.58898416886543536
039514,4673,2060,227,0.57371891605161829
039514,4673,2060,238,0.59102584870293662
039514,4674,2060,345,0.59509457493244644
039514,4674,2060,350,0.58190096255316426
039514,4677,2060,175,0.57756184041076419
039514,4678,2060,422,0.57176449709392607
039514,4678,2060,429,0.58124332545872304
039514,4678,2060,437,0.57985040822865219
039514,4678,2060,448,0.58429890972914278
039514,4679,2060,198,0.58354847963281697
039514,4679,2060,210,0.57489595045071695
039514,4680,2060,322,0.60601536772777165
039514,4681,2060,352,0.58896325430800323
039514,4682,2060,183,0.59913619349265768
039514,4683,2060,378,0.58749130288021056
039514,4684,2060,245,0.59082555838281026
039514,4686,2060,324,0.56784971239750337
039514,4687,2060,389,0.57226784742492454
039514,4687,2060,393,0.57353449268685941
039514,4687,2060,408,0.58363893594445171
039514,4688,2060,300,0.56103706788837981
039514,4688,2060,319,0.57713693973571056
039514,4689,2060,158,0.58305811304476762
039514,4690,2060,145,0.59525422198139621
039514,4690,2060,156,0.58206712807620264
039514,4691,2060,348,0.59122541603630863
039514,4692,2060,288,0.61103420195439739
039514,4692,2060,307,0.57784869976359343
039514,4693,2060,370,0.58063425787851675
039514,4694,2060,626,0.57343260188087775
039514,4694,2060,627,0.60478041034641261
039514,4694,2060,634,0.58576394136315546
039514,4694,2060,643,0.58447563455105922
039514,4695,2060,304,0.59603770641588483
039514,4696,2060,224,0.59345638872532702
039514,4696,2060,231,0.59165366614664583
039514,4696,2060,247,0.59836556563409204
039514,4696,2060,253,0.57155012376237624
039514,4697,2060,218,0.55958574510244119
039514,4697,2060,221,0.5706061521091258
039514,4698,2060,196,0.56799259944495839
039514,4699,2060,186,0.5839976017156957
039514,4699,2060,192,0.58223268384115778
039514,4699,2060,202,0.57002209153359629
039514,4699,2060,205,0.58546445402363034
039514,4700,2060,231,0.57124942725540795
039514,4701,2060,486,0.5900564785422765
039514,4701,2060,488,0.5803154820460017
039514,4701,2060,495,0.57777728125837879
039514,4702,2060,138,0.57368026380303216
039514,4702,2060,166,0.58491329105733147
039514,4704,2060,213,0.5806732219029086
039514,4706,2060,274,0.5800633048605992
039514,4706,2060,288,0.59404000360392828
039514,4706,2060,289,0.55324033197951616
039514,4706,2060,292,0.5844793334233418
039514,4707,2060,205,0.60184336883933987
039514,4707,2060,221,0.58370758183433802
039514,4707,2060,228,0.57237804983039753
039514,4708,2060,190,0.5682507909859883
039514,4710,2060,303,0.58016076368418668
039514,4710,2060,310,0.58483982453808325
039514,4711,2060,267,0.58218703676132644
039514,4712,2060,241,0.57329900295825575
039514,4713,2060,139,0.58040615762601255
039514,4714,2060,348,0.56627999036177756
039514,4714,2060,356,0.59001423369133221
039514,4714,2060,359,0.58901883579034542
039514,4715,2060,261,0.59970400304859139
039514,4715,2060,290,0.58741515624608653
039514,4716,2060,164,0.57789187999706593
039514,4717,2060,260,0.60044141562766207
039514,4717,2060,264,0.54600976008883439
039514,4718,2060,250,0.5699238839744909
039514,4718,2060,265,0.576809217384053
039514,4718,2060,267,0.5789174680542748
039514,4719,2060,417,0.59095666092095545
039514,4719,2060,454,0.58920526615054891
039514,4720,2060,279,0.57644841358883459
039514,4720,2060,298,0.55106426758727911
039514,4722,2060,517,0.58301412184659063
039514,4722,2060,522,0.56760819987514177
039514,4723,2060,189,0.56920664477875238
039514,4724,2060,483,0.58205479520805414
039514,4725,2060,399,0.58127598566308247
039514,4726,2060,192,0.5828418304625882
039514,4726,2060,198,0.57541589061970877
039514,4727,2060,321,0.56686522557930075
039514,4727,2060,332,0.57177310785224222
039514,4728,2060,143,0.58687213269027172
039514,4728,2060,163,0.57472276007745116
039514,4728,2060,185,0.59086234478555644
039514,4729,2060,223,0.57410428293101745
039514,4730,2060,244,0.58357742081926334
039514,4730,2060,256,0.59978484273702681
039514,4731,2060,176,0.58952604670443554
039514,4732,2060,103,0.5927788933733622
039514,4733,2060,420,0.59200360322904755
039514,4733,2060,446,0.57115958402132039
039514,4733,2060,450,0.60768839103869654
039514,4734,2060,115,0.59798551800965472
039514,4734,2060,140,0.57631720929409791
039514,4735,2060,133,0.62777207006289626
039514,4736,2060,184,0.58052764200491813
039514,4737,2060,418,0.57585702497937141
039514,4737,2060,422,0.57831556707961207
039514,4738,2060,365,0.57993754367575123
039514,4738,2060,370,0.57590028714084529
039514,4740,2060,462,0.58312289115718441
039514,4740,2060,465,0.58022454151565528
039514,4740,2060,468,0.59010687322286504
039514,4740,2060,486,0.59706969890739248
039514,4741,2060,405,0.57877226872719467
039514,4743,2060,299,0.60118112275733449
039514,4744,2060,156,0.57839246097168795
039514,4745,2060,116,0.59649280575539565
039514,4746,2060,218,0.56910500731670399
039514,4748,2060,121,0.58003412969283275
039514,4748,2060,133,0.57926162814233084
039514,4748,2060,147,0.57754325634290971
039514,4749,2060,224,0.56735815359252639
039514,4751,2060,276,0.59986440529694152
039514,4751,2060,284,0.56328451882845187
039514,4753,2060,208,0.62431603382523626
039514,4755,2060,398,0.57928281580804519
039514,4755,2060,423,0.56678372909737884
039514,4757,2060,143,0.59472444953544612
039514,4758,2060,335,0.59331401827501673
039514,4758,2060,343,0.58130682354421614
039514,4759,2060,323,0.57871707099270719
039514,4760,2060,251,0.54746219749462399
039514,4764,2060,327,0.58020083771882724
039514,4764,2060,347,0.60070620451106149
039514,4764,2060,357,0.57352188799538228
039514,4766,2060,526,0.58844815122784877
039514,4767,2060,259,0.58273583751376479
039514,4767,2060,266,0.59654355727517883
039514,4767,2060,282,0.5668167260861684
039514,4768,2060,214,0.61309165416033862
039514,4769,2060,343,0.56498151743211977
039514,4769,2060,345,0.58764311093564947
039514,4769,2060,354,0.58597565702767651
039514,4772,2060,378,0.5994826651090992
039514,4772,2060,406,0.56920166971040964
039514,4772,2060,414,0.59587474617933101
039514,4772,2060,420,0.57582879996967229
039514,4773,2060,269,0.58545414996426459
039514,4774,2060,148,0.57038563643984908
039514,4774,2060,150,0.57697414174622241
039514,4774,2060,168,0.56666600559268587
039514,4776,2060,266,0.60865989702517165
039514,4777,2060,279,0.59419740371447649
039514,4777,2060,287,0.58699087479561918
039514,4778,2060,301,0.5601102579247883
039514,4779,2060,317,0.58588359578752769
039514,4779,2060,322,0.62853672946891614
039514,4779,2060,327,0.56955517042172155
039514,4779,2060,329,0.59584334260034011
039514,4780,2060,258,0.57407310018406521
039514,4780,2060,273,0.59458021966332475
039514,4783,2060,300,0.57562213359193282
039514,4783,2060,307,0.56353598405371386
039514,4783,2060,321,0.58448477959720102
039514,4783,2060,334,0.57088504958523045
039514,4784,2060,408,0.59648631716452727
039514,4785,2060,190,0.58329548820219168
039514,4786,2060,323,0.5738192440346308
039514,4786,2060,335,0.58069100275335284
039514,4786,2060,348,0.58355230318612905
039514,4787,2060,480,0.63169934640522873
039514,4789,2060,277,0.58357718935122405
039514,4789,2060,310,0.57378124133060959
039514,4789,2060,320,0.58511855935598334
039514,4790,2060,214,0.57720352761491844
039514,4791,2060,463,0.58188385467807546
039514,4793,2060,113,0.60011280315848847
039514,4793,2060,115,0.59134613245534029
039514,4794,2060,280,0.59154805756534123
039514,4794,2060,306,0.58818480305097398
039514,4795,2060,372,0.59934367886484174
039514,4795,2060,383,0.60047722450192786
039514,4795,2060,389,0.59573496506689805
039514,4796,2060,502,0.57830307317456575
039514,4796,2060,521,0.57961053837342502
039514,4797,2060,262,0.58567983117274647
039514,4797,2060,275,0.58106691514763265
039514,4798,2060,346,0.58059834948183109
039514,4798,2060,366,0.59431083991385503
039514,4798,2060,376,0.57053508747937243
039514,4799,2060,358,0.58761709210638224
039514,4799,2060,363,0.57346823814888637
039514,4800,2060,156,0.59308462356388914
039514,4803,2060,247,0.59224699896653155
039514,4804,2060,333,0.58186830187617788
039514,4805,2060,143,0.57454134441293137
039514,4805,2060,147,0.60527910578412225
039514,4809,2060,332,0.59406655333814595
039514,4810,2060,226,0.59403732486865146
039514,4810,2060,228,0.58106268961410867
039514,4810,2060,233,0.59971847915480481
039514,4810,2060,249,0.59393731102682756
039514,4811,2060,256,0.57860721043359742
039514,4812,2060,418,0.55997029335313775
039514,4813,2060,390,0.58726800653909028
039514,4813,2060,411,0.59632437645672032
039514,4814,2060,363,0.61422159225135842
039514,4814,2060,366,0.46302872297388414
039514,4815,2060,161,0.60294390083702443
039514,4815,2060,164,0.58216718495483488
039514,4815,2060,195,0.57171675104441866
039514,4817,2060,235,0.61844932684295928
039514,4818,2060,258,0.56352143470900007
039514,4819,2060,148,0.58896996436450022
039514,4821,2060,222,0.59398753095909129
039514,4821,2060,227,0.56936228886590834
039514,4822,2060,316,0.59907096405345528
039514,4822,2060,330,0.57592237809776903
039514,4825,2060,129,0.55956430345881902
039514,4826,2060,227,0.57645080386784386
039514,4826,2060,234,0.5737478661969273
039514,4826,2060,236,0.57581102773733528
039514,4826,2060,237,0.60702734951486792
039514,4827,2060,101,0.57217193856633763
039514,4827,2060,107,0.57141663438238266
039514,4827,2060,124,0.57639132739828836
039514,4828,2060,132,0.57026175389900691
039514,4831,2060,353,0.59267980193219982
039514,4831,2060,365,0.5719328146906012
039514,4831,2060,371,0.54010371650821087
039514,4832,2060,251,0.58061065733177752
039514,4833,2060,451,0.58573561502239579
039514,4834,2060,185,0.58194688849784038
039514,4834,2060,201,0.59036627982225287
039514,4835,2060,65,0.57165237921865864
039514,4836,2060,255,0.57237637153764276
039514,4836,2060,262,0.59110754179747393
039514,4836,2060,269,0.58198169262887423
039514,4837,2060,257,0.59474577234386294
039514,4838,2060,79,0.59179265658747304
039514,4838,2060,84,0.58322551429680425
039514,4841,2060,338,0.58892843312618715
039514,4842,2060,442,0.56949367088607594
039514,4842,2060,450,0.58714929154546303
039514,4843,2060,290,0.59162437344060059
039514,4845,2060,274,0.56618883470657477
039514,4846,2060,411,0.58025394263350782
039514,4846,2060,421,0.57524244836470395
039514,4846,2060,440,0.57697086062796477
039514,4847,2060,104,0.53605342794531985
039514,4847,2060,113,0.60082419501292172
039514,4847,2060,123,0.57543343584258144
039514,4848,2060,183,0.57304911132350522
039514,4848,2060,197,0.57984782671230906
039514,4848,2060,210,0.58146500085572483
039514,4849,2060,398,0.60286862316260614
039514,4850,2060,537,0.57990684175407003
039514,4850,2060,559,0.59200470311581421
039514,4850,2060,562,0.58135284962313971
039514,4852,2060,188,0.5906637064734751
039514,4852,2060,198,0.59797700571715773
039514,4852,2060,202,0.58261018253323649
039514,4852,2060,221,0.56331891417465985
039514,4853,2060,274,0.58026018309180538
039514,4853,2060,287,0.58057054377740958
039514,4854,2060,179,0.58042831076538937
039514,4855,2060,298,0.60361147173374252
039514,4855,2060,301,0.59159821908344212
039514,4856,2060,457,0.57372576208261583
039514,4856,2060,468,0.57271182950684651
039514,4856,2060,474,0.62640215690843126
039514,4856,2060,484,0.57995515153142752
039514,4857,2060,200,0.56472042310198134
039514,4857,2060,201,0.57339411716200772
039514,4858,2060,356,0.55712410530747702
039514,4860,2060,346,0.60890227165652722
039514,4861,2060,361,0.59925119128658955
039514,4862,2060,516,0.58470690972601247
039514,4863,2060,335,0.58142107704935586
039514,4863,2060,348,0.57420595846023492
039514,4863,2060,358,0.58191750964064159
039514,4864,2060,207,0.59115238530060321
039514,4865,2060,188,0.54945121377809425
039514,4866,2060,120,0.58463673730849308
039514,4866,2060,139,0.57536809237974751
039514,4867,2060,281,0.58517688313783423
039514,4868,2060,247,0.56241565885694456
039514,4869,2060,197,0.57332545911757982
039514,4869,2060,199,0.56250628294055982
039514,4869,2060,207,0.58924205378973105
039514,4870,2060,206,0.59113522946453179
039514,4870,2060,208,0.58086147526128196
039514,4872,2060,506,0.59237772602159644
039514,4872,2060,522,0.53301754876599317
039514,4874,2060,328,0.5825058043581639
039514,4874,2060,335,0.59430146835566022
039514,4874,2060,355,0.610376123176954
039514,4875,2060,306,0.56669907910541673
039514,4875,2060,308,0.60441356763383736
039514,4875,2060,314,0.57347651006711409
039514,4875,2060,315,0.57574318381706246
039514,4876,2060,150,0.59854540343973439
039514,4877,2060,217,0.58732018867371749
039514,4877,2060,226,0.60715885338907138
039514,4877,2060,248,0.57770599076432461
039514,4878,2060,480,0.56682379921009041
039514,4879,2060,191,0.57575329471835957
039514,4879,2060,195,0.56013954736559624
039514,4882,2060,450,0.57854928372888603
039514,4883,2060,431,0.57344970529520523
039514,4883,2060,452,0.57623315723867752
039514,4884,2060,174,0.59067701339662115
039514,4884,2060,177,0.60264900662251653
039514,4884,2060,179,0.55192584380970355
039514,4885,2060,292,0.58478343183576709
039514,4887,2060,232,0.56312332118826625
039514,4887,2060,238,0.5774790415270209
039514,4888,2060,416,0.570555967654789
039514,4888,2060,437,0.58556634793454021
039514,4888,2060,438,0.58259261468710855
039514,4890,2060,433,0.58104162912236434
039514,4890,2060,437,0.57809383562920569
039514,4891,2060,166,0.58276980083371932
039514,4891,2060,167,0.57602651445406006
039514,4892,2060,219,0.58816817083833484
039514,4893,2060,286,0.58897070509085125
039514,4893,2060,296,0.58188743123148545
039514,4893,2060,298,0.59127254168084387
039514,4893,2060,304,0.54813672994753637
039514,4893,2060,310,0.58107475794550623
039514,4894,2060,76,0.56694933333333331
039514,4894,2060,79,0.59223260900967833
039514,4895,2060,174,0.59608808644508271
039514,4896,2060,179,0.57630539407634851
039514,4897,2060,165,0.57301568441064643
039514,4899,2060,334,0.58841677841649709
039514,4900,2060,225,0.58961358052267143
039514,4901,2060,155,0.60017415767968385
039514,4901,2060,167,0.58852117319267494
039514,4902,2060,310,0.58374634923444557
039514,4903,2060,173,0.57852672765470248
039514,4903,2060,181,0.57496157008543958
039514,4904,2060,326,0.5828127957599849
039514,4906,2060,265,0.55269771459985861
039514,4906,2060,267,0.57832022392844296
039514,4907,2060,263,0.58904243371258358
039514,4908,2060,354,0.57671492812768055
039514,4908,2060,355,0.62098687331962676
039514,4908,2060,373,0.57005376896469062
039514,4913,2060,475,0.59109373900471474
039514,4914,2060,118,0.610572327371952
039514,4915,2060,456,0.57288338083311741
039514,4915,2060,459,0.5926289307043876
039514,4916,2060,474,0.58874983178576235
039514,4916,2060,476,0.59281421259720812
039514,4916,2060,485,0.57445548642952582
039514,4917,2060,186,0.57592534521350791
039514,4917,2060,188,0.56900783622115958
039514,4921,2060,284,0.56462946560377913
039514,4921,2060,316,0.58812017597419886
039514,4922,2060,136,0.567013094330028
039514,4922,2060,143,0.59093319194061511
039514,4922,2060,157,0.57802359450548069
039514,4922,2060,161,0.5716905845292265
039514,4923,2060,485,0.59041225288442079
039514,4923,2060,501,0.60809251171105927
039514,4925,2060,176,0.57792452322672616
039514,4925,2060,183,0.57894183601962157
039514,4925,2060,193,0.59067849254555493
039514,4927,2060,404,0.56904503776115833
039514,4927,2060,417,0.57211481856500346
039514,4928,2060,172,0.59526561192364402
039514,4929,2060,391,0.59321086559600555
039514,4930,2060,202,0.57120962880467541
039514,4930,2060,234,0.575486856481779
039514,4931,2060,275,0.5849741006782474
039514,4932,2060,444,0.58488466587485155
039514,4932,2060,449,0.57657383312108967
039514,4932,2060,465,0.57112468352778434
039514,4933,2060,371,0.5713914124141386
039514,4933,2060,402,0.60437400611074388
039514,4934,2060,177,0.58175709452782587
039514,4934,2060,192,0.59021100427350426
039514,4935,2060,383,0.60569559668155715
039514,4935,2060,400,0.57127512862674379
039514,4936,2060,177,0.57693680828275618
039514,4937,2060,237,0.57239612577203813
039514,4937,2060,246,0.58842051403156614
039514,4937,2060,247,0.59321702364562412
039514,4937,2060,262,0.59657585007097014
039514,4937,2060,266,0.63418079096045199
039514,4940,2060,294,0.57042462697414575
039514,4941,2060,264,0.57850040597920849
039514,4942,2060,82,0.58003386298515236
039514,4942,2060,84,0.60077772268183838
039514,4942,2060,89,0.59157512996813688
039514,4943,2060,86,0.56413979571399964
039514,4943,2060,99,0.58914291753267345
039514,4944,2060,211,0.59178506392965302
039514,4944,2060,243,0.59256424467963442
039514,4945,2060,155,0.54818555218551912
039514,4946,2060,103,0.5832877511577873
039514,4948,2060,284,0.58458596871940083
039514,4948,2060,287,0.58720967846283234
039514,4950,2060,489,0.58083581289995745
039514,4950,2060,506,0.58506583855941607
039514,4951,2060,241,0.56858442555849065
039514,4953,2060,207,0.58744541160393338
039514,4955,2060,364,0.59035154051772654
039514,4956,2060,334,0.58806509945750451
039514,4956,2060,338,0.58403013757906663
039514,4956,2060,345,0.57893159907647296
039514,4958,2060,345,0.60098617422411293
039514,4958,2060,362,0.58946133442154658
039514,4959,2060,312,0.58798843078319063
039514,4959,2060,322,0.57883126869818535
039514,4959,2060,331,0.58144462154492094
039514,4959,2060,338,0.54361473649430037
039514,4961,2060,240,0.57653437873889468
039514,4962,2060,263,0.57589667066748851
039514,4962,2060,264,0.5895552025416998
039514,4962,2060,270,0.57879679677332363
039514,4962,2060,279,0.57365641343242502
039514,4962,2060,287,0.57839987462288911
039514,4962,2060,294,0.59485024779142426
039514,4963,2060,154,0.5737502984005729
039514,4963,2060,171,0.58729494579062014
039514,4963,2060,179,0.58405183675602235
039514,4963,2060,191,0.58294531672983219
039514,4964,2060,188,0.57545693365379236
039514,4965,2060,284,0.57609808475041824
039514,4965,2060,302,0.58427380688942987
039514,4965,2060,306,0.58461437454862641
039514,4966,2060,370,0.574653890614642
039514,4967,2060,176,0.51383645100394715
039514,4968,2060,277,0.57740399307324031
039514,4968,2060,284,0.59802446364430639
039514,4969,2060,153,0.57559077128174252
039514,4969,2060,155,0.58284683228602086
039514,4970,2060,178,0.56275641295648882
039514,4971,2060,350,0.59059649122807023
039514,4971,2060,370,0.57670614296668654
039514,4971,2060,372,0.58335655242871742
039514,4973,2060,123,0.58375025360551502
039514,4975,2060,293,0.55623694983805472
039514,4975,2060,325,0.61108549471661866
039514,4975,2060,336,0.56779132495556461
039514,4975,2060,339,0.59551761913456269
039514,4976,2060,295,0.56310893709153598
039514,4977,2060,372,0.56600634935510696
039514,4977,2060,379,0.60934352073592579
039514,4980,2060,277,0.57958566056209526
039514,4981,2060,170,0.55798817244889787
039514,4981,2060,191,0.57151189042745332
039514,4983,2060,426,0.57525055024894756
039514,4985,2060,297,0.58432004483990752
039514,4987,2060,71,0.63153487694772104
039514,4987,2060,81,0.57118881118881115
039514,4988,2060,357,0.57600930712871157
039514,4989,2060,235,0.5722012018695749
039514,4989,2060,241,0.57333989573811983
039514,4989,2060,265,0.57977704742550829
039514,4991,2060,473,0.5619931583857618
039514,4991,2060,486,0.59214358940979284
039514,4992,2060,335,0.5518736378336575
039514,4992,2060,346,0.58929492930239202
039514,4992,2060,370,0.59489961069069597
039514,4993,2060,302,0.56352249114694608
039514,4993,2060,314,0.57490228972212798
039514,4994,2060,234,0.59748308950762941
039514,4995,2060,243,0.59363521880575087
039514,4999,2060,111,0.5776018901358535
039514,5000,2060,432,0.57409877613632576
039514,5001,2060,219,0.57875164190307227
039514,5002,2060,203,0.57540020626877719
039514,5002,2060,231,0.5856472936076581
039514,5003,2060,177,0.55943580806905191
039514,5003,2060,184,0.57661035162079877
039514,5003,2060,186,0.59340589616247619
039514,5007,2060,455,0.57240169960207732
039514,5007,2060,456,0.58510381193013294
039514,5008,2060,401,0.58393031904482284
039514,5008,2060,406,0.56856115107913674
039514,5008,2060,432,0.57714021485488154
039514,5008,2060,433,0.58415458937198073
039514,5009,2060,247,0.58644663658306229
039514,5009,2060,261,0.56385856281570801
039514,5010,2060,310,0.58385783043317285
039514,5010,2060,318,0.57496738775953904
039514,5011,2060,242,0.58930085823806777
039514,5011,2060,250,0.57889206060415943
039514,5011,2060,258,0.60130668597932113
039514,5012,2060,292,0.59803312967621791
039514,5013,2060,438,0.57462597674861826
039514,5015,2060,294,0.57811100679677596
039514,5017,2060,222,0.54601297105796975
039514,5018,2060,319,0.58889664422182075
039514,5019,2060,298,0.60348629039856783
039514,5023,2060,381,0.58301369514468004
039514,5023,2060,382,0.60248150546079793
039514,5023,2060,399,0.58856500887884899
039514,5024,2060,184,0.58520867299125767
039514,5024,2060,202,0.5721311475409836
039514,5025,2060,297,0.58474999999999999
039514,5025,2060,298,0.56972882221978904
039514,5026,2060,458,0.5857372552728648
039514,5027,2060,214,0.59462375060543349
039514,5028,2060,131,0.59326482029843819
039514,5028,2060,145,0.58678849806772782
039514,5029,2060,355,0.56988146429140218
039514,5029,2060,363,0.59310268840899072
039514,5029,2060,373,0.61128213661702302
039514,5031,2060,185,0.60325567722495776
039514,5032,2060,405,0.58435361752182768
039514,5032,2060,416,0.58973754420797919
039514,5033,2060,317,0.58571280670876902
039514,5033,2060,326,0.5789725016434516
039514,5034,2060,134,0.56244064953152695
039514,5034,2060,154,0.57696210752775468
039514,5035,2060,351,0.59332171360425645
039514,5035,2060,363,0.55761330290185851
039514,5035,2060,380,0.59478097994976797
039514,5036,2060,208,0.57220943613348674
039514,5037,2060,108,0.59029538695467454
039514,5037,2060,109,0.58479020979020979
039514,5037,2060,116,0.5726493959023724
039514,5039,2060,319,0.59336828934040398
039514,5039,2060,327,0.58708212321572018
039514,5039,2060,336,0.61693570754978644
039514,5040,2060,310,0.56216474768526425
039514,5041,2060,230,0.57037457434733263
039514,5042,2060,173,0.59564392568027458
039514,5043,2060,535,0.588371941555763
039514,5044,2060,260,0.60752922912724983
039514,5044,2060,269,0.57448910231646066
039514,5045,2060,85,0.58371035099930402
039514,5045,2060,95,0.57301734063710263
039514,5046,2060,240,0.49386814560224968
039514,5047,2060,166,0.58880333559508713
039514,5048,2060,345,0.62254622141883109
039514,5048,2060,359,0.59087598068678926
039514,5048,2060,381,0.56887489027727578
039514,5049,2060,276,0.6125950700998809
039514,5050,2060,407,0.58215974916299096
039514,5050,2060,410,0.57381663851717124
039514,5051,2060,451,0.59655640335461479
039514,5051,2060,455,0.58145417422867518
039514,5052,2060,80,0.60127525860684883
039514,5053,2060,278,0.60439330543933056
039514,5054,2060,226,0.58337019018133573
039514,5055,2060,294,0.54782624526653068
039514,5057,2060,247,0.57776899515858116
039514,5058,2060,305,0.61546018845174832
039514,5058,2060,311,0.5789183531611285
039514,5058,2060,315,0.54499937413944177
039514,5058,2060,319,0.57578279134064336
039514,5059,2060,117,0.57222366710013006
039514,5059,2060,120,0.58396774721676492
039514,5061,2060,229,0.56874468404462897
039514,5063,2060,213,0.570125485057703
039514,5063,2060,234,0.59575273628416048
039514,5064,2060,347,0.56684435623391793
039514,5064,2060,358,0.57916079590363934
039514,5064,2060,388,0.58236463365539448
039514,5065,2060,220,0.58492952925242969
039514,5067,2060,259,0.57105996920387869
039514,5068,2060,229,0.58934889397093659
039514,5070,2060,154,0.58100126624231974
039514,5071,2060,275,0.62043129145742137
039514,5072,2060,427,0.58092488007348686
039514,5072,2060,436,0.58886054421768708
039514,5073,2060,169,0.56782573370370781
039514,5073,2060,171,0.57667381765721593
039514,5076,2060,168,0.58280434690170879
039514,5076,2060,180,0.57057820828485617
039514,5076,2060,187,0.55985536734879016
039514,5078,2060,78,0.56753820797123167
039514,5078,2060,92,0.56999716151007662
039514,5080,2060,144,0.57386137993018838
039514,5080,2060,145,0.58144651320669327
039514,5080,2060,155,0.59580694474776152
039514,5081,2060,222,0.60395678685047716
039514,5083,2060,261,0.58317239397953813
039514,5086,2060,465,0.55925965153842083
039514,5087,2060,265,0.59786127296675817
039514,5087,2060,290,0.57561668947011857
039514,5088,2060,177,0.57188400733688527
039514,5088,2060,182,0.57373022890264269
039514,5088,2060,183,0.57960943145723742
039514,5089,2060,122,0.56155221810616984
039514,5089,2060,132,0.60894998537584089
039514,5090,2060,123,0.59094659423942053
039514,5092,2060,355,0.58168237822654434
039514,5092,2060,375,0.5532251330295197
039514,5092,2060,381,0.61757464806514739
039514,5093,2060,233,0.61043380481742326
039514,5093,2060,239,0.57262157187128648
039514,5093,2060,243,0.57064674880457922
039514,5094,2060,426,0.57275466562985999
039514,5094,2060,428,0.61230755734900655
039514,5095,2060,204,0.58856724106911695
039514,5095,2060,230,0.59382877791073296
039514,5095,2060,236,0.56674903165486845
039514,5096,2060,123,0.59582972761363173
039514,5096,2060,149,0.57407582490309161
039514,5097,2060,327,0.61471462669067456
039514,5098,2060,235,0.57250607551419597
039514,5098,2060,252,0.58740221782859103
039514,5100,2060,162,0.57837718936456872
039514,5101,2060,215,0.58892724715509526
039514,5105,2060,151,0.59221966262911496
039514,5105,2060,156,0.57932483338162855
039514,5106,2060,153,0.57352552933101009
039514,5107,2060,212,0.56897117345847181
039514,5108,2060,237,0.58162491984221065
039514,5108,2060,240,0.58045657015590202
039514,5108,2060,244,0.59148600328576495
039514,5109,2060,355,0.60563282817798081
039514,5109,2060,358,0.56164073692412098
039514,5110,2060,214,0.58486154257273604
039514,5110,2060,226,0.54765935092225071
039514,5110,2060,244,0.5712453775498032
039514,5112,2060,203,0.58683331494317437
039514,5113,2060,294,0.57655401412612206
039514,5113,2060,319,0.58665774827416484
039514,5114,2060,289,0.56966799986993144
039514,5115,2060,198,0.58158619526726996
039514,5115,2060,201,0.59222096156573534
039514,5116,2060,375,0.58382038889513321
039514,5116,2060,381,0.58030737010687117
039514,5116,2060,388,0.60165769163957616
039514,5117,2060,491,0.56978257269264443
039514,5118,2060,398,0.58671547468158092
039514,5118,2060,411,0.59304221531041479
039514,5118,2060,417,0.56061538461538463
039514,5118,2060,435,0.58835958323237214
039514,5119,2060,73,0.61255494938213273
039514,5120,2060,148,0.56870664676442184
039514,5120,2060,168,0.58645132448323933
039514,5120,2060,177,0.57934460025042722
039514,5121,2060,377,0.55899427056205309
039514,5122,2060,308,0.58662197982496278
039514,5122,2060,312,0.59041872371548731
039514,5122,2060,325,0.5717127162082134
039514,5123,2060,137,0.56988213509952645
039514,5124,2060,227,0.5939784795485612
039514,5125,2060,381,0.57372998686499344
039514,5125,2060,384,0.5933628318584071
039514,5126,2060,352,0.5847292270091079
039514,5126,2060,357,0.59473552784265338
039514,5126,2060,359,0.61031904622914745
039514,5127,2060,401,0.58353991996508914
039514,5127,2060,433,0.56451842536126995
039514,5128,2060,234,0.58000926666947472
039514,5128,2060,236,0.56883328925733867
039514,5129,2060,288,0.57954149830672985
039514,5130,2060,124,0.59884033988679197
039514,5131,2060,238,0.58691775823282899
039514,5131,2060,241,0.57607688836461801
039514,5132,2060,578,0.57519914569383512
039514,5132,2060,586,0.58041890200719837
039514,5133,2060,265,0.57069293334741733
039514,5133,2060,268,0.59149977067726645
039514,5133,2060,269,0.55595274666964556
039514,5134,2060,201,0.61619718309859151
039514,5135,2060,176,0.59230616696410865
039514,5135,2060,191,0.60431918008784768
039514,5136,2060,253,0.60630001270163847
039514,5137,2060,213,0.57614155251141552
039514,5138,2060,124,0.56592998421394747
039514,5138,2060,136,0.58780611597513011
039514,5139,2060,119,0.5796798886569241
039514,5139,2060,128,0.57956698346366453
039514,5139,2060,139,0.57897444566120104
039514,5139,2060,140,0.57496271938209764
039514,5140,2060,281,0.57254638686004655
039514,5140,2060,296,0.56949689365330736
039514,5140,2060,308,0.57946669088047464
039514,5140,2060,312,0.59332762676142459
039514,5142,2060,316,0.58805921791411853
039514,5142,2060,317,0.58390189135503934
039514,5142,2060,329,0.58137120580799162
039514,5142,2060,330,0.58370520219749711
039514,5143,2060,179,0.59149767360196648
039514,5144,2060,226,0.56272980854570809
039514,5145,2060,295,0.60657073038284004
039514,5146,2060,184,0.58162118780096306
039514,5146,2060,197,0.59068362568237864
039514,5148,2060,282,0.58863846266020703
039514,5148,2060,284,0.58391727586076281
039514,5150,2060,252,0.57842682507144672
039514,5150,2060,253,0.574402467232074
039514,5150,2060,267,0.5955659747558647
039514,5151,2060,252,0.57724477651414974
039514,5151,2060,268,0.56431614076023551
039514,5151,2060,284,0.59172863611815052
039514,5152,2060,278,0.59030437569371708
039514,5152,2060,287,0.58990692756536611
039514,5153,2060,204,0.57611284117970329
039514,5153,2060,217,0.55500597891075121
039514,5155,2060,252,0.57079602479582803
039514,5155,2060,255,0.58527050075698051
039514,5157,2060,153,0.60003751641343084
039514,5157,2060,180,0.59657601851536712
039514,5157,2060,199,0.59658019700162324
039514,5158,2060,283,0.59850725446428577
039514,5159,2060,145,0.57019282151763451
039514,5160,2060,222,0.5826800981969017
039514,5160,2060,234,0.59671469211709649
039514,5163,2060,494,0.56877468217473626
039514,5163,2060,517,0.57903732562523569
039514,5164,2060,258,0.57352816674850571
039514,5164,2060,287,0.58426993275696448
039514,5165,2060,402,0.58117670007070932
039514,5166,2060,223,0.57334572264196926
039514,5167,2060,186,0.58016571153769081
039514,5168,2060,484,0.59026497136756284
039514,5168,2060,492,0.60507930513595165
039514,5168,2060,504,0.5787385636790543
039514,5168,2060,505,0.57919777201872125
039514,5169,2060,180,0.58318241632248902
039514,5170,2060,148,0.55646570747638802
039514,5171,2060,269,0.585132487885349
039514,5172,2060,257,0.57248200386258563
039514,5172,2060,271,0.59380583680762355
039514,5172,2060,289,0.57464879587155959
039514,5174,2060,136,0.55650771849153502
039514,5174,2060,147,0.57483869851758318
039514,5174,2060,150,0.56391724733970727
039514,5174,2060,154,0.58073660474605393
039514,5175,2060,379,0.5838604910443782
039514,5175,2060,388,0.5796385266529398
039514,5176,2060,343,0.57520445781600915
039514,5178,2060,464,0.58473319167702364
039514,5179,2060,262,0.58603004124834612
039514,5180,2060,340,0.60256715208217704
039514,5181,2060,181,0.5729021978919846
039514,5181,2060,196,0.57433008413327902
039514,5181,2060,199,0.60708462546756614
039514,5182,2060,415,0.53087241120291873
039514,5182,2060,420,0.59944141231453774
039514,5183,2060,110,0.57685889570552151
039514,5183,2060,131,0.57503653815768685
039514,5184,2060,362,0.56244088091608146
039514,5185,2060,191,0.56522057209744681
039514,5185,2060,196,0.57247329620163401
039514,5186,2060,355,0.56789344023452326
039514,5187,2060,301,0.57507921201267387
039514,5187,2060,307,0.53030303030303028
039514,5187,2060,326,0.5661081385525204
039514,5188,2060,212,0.60217285326276204
039514,5188,2060,252,0.57893622700205249
039514,5189,2060,160,0.5695847659349379
039514,5190,2060,278,0.58722420828368183
039514,5190,2060,281,0.57555391080126062
039514,5192,2060,181,0.56965862974456916
039514,5192,2060,216,0.58348520494383516
039514,5193,2060,148,0.57732497387669801
039514,5193,2060,179,0.58710315675870128
039514,5194,2060,149,0.60108232464510736
039514,5195,2060,112,0.59349968934190866
039514,5195,2060,124,0.60273931275831905
039514,5195,2060,128,0.58410036847522862
039514,5196,2060,204,0.60188433791934404
039514,5197,2060,289,0.5730432299486915
039514,5197,2060,298,0.58321152641470031
039514,5197,2060,301,0.58565079792606556
039514,5197,2060,302,0.59295056528485923
039514,5197,2060,312,0.58882766482994486
039514,5198,2060,199,0.59227796859666337
039514,5198,2060,217,0.55116973785788603
039514,5199,2060,452,0.59750304897618589
039514,5199,2060,455,0.58335357460934334
039514,5200,2060,342,0.59547957942922536
039514,5200,2060,345,0.58993732616916628
039514,5200,2060,364,0.57699953575297291
039514,5201,2060,458,0.58708956673790558
039514,5202,2060,463,0.58288069970195822
039514,5202,2060,485,0.56188916876574302
039514,5203,2060,327,0.58029948416084165
039514,5203,2060,329,0.56707234800442563
039514,5204,2060,76,0.57313164978848863
039514,5204,2060,91,0.58783615059546679
039514,5204,2060,113,0.60299284320104096
039514,5205,2060,180,0.57689846181007653
039514,5205,2060,198,0.59799574007472323
039514,5205,2060,201,0.58508942144878817
039514,5206,2060,268,0.56516524063560247
039514,5206,2060,269,0.58560539744219309
039514,5207,2060,428,0.5708790604147701
039514,5207,2060,442,0.58801377808713029
039514,5208,2060,453,0.55699868760465221
039514,5208,2060,457,0.57880492889981827
039514,5208,2060,468,0.58317703661420528
039514,5208,2060,469,0.60724741755510137
039514,5209,2060,199,0.56312065944051404
039514,5209,2060,222,0.57428176870379899
039514,5211,2060,347,0.59050494883408822
039514,5213,2060,370,0.56360008867213474
039514,5214,2060,442,0.602363411394776
039514,5214,2060,463,0.58474092603611372
039514,5214,2060,478,0.56666112127765766
039514,5215,2060,291,0.58940991088893724
039514,5215,2060,297,0.57517713462231301
039514,5216,2060,161,0.56033070949336994
039514,5217,2060,179,0.59749143835616436
039514,5218,2060,321,0.56962725646865064
039514,5218,2060,323,0.6074120168706354
039514,5220,2060,571,0.56992010599233611
039514,5220,2060,578,0.57437946927588157
039514,5220,2060,583,0.57981968278113161
039514,5224,2060,197,0.5841835055617719
039514,5224,2060,200,0.587516899907778
039514,5224,2060,216,0.57789560074515067
039514,5225,2060,197,0.56910493489440861
039514,5225,2060,201,0.57026796287626336
039514,5225,2060,204,0.545438097699664
039514,5225,2060,229,0.57810444636669345
039514,5227,2060,215,0.57297141524063067
039514,5228,2060,322,0.5757773770006186
039514,5228,2060,330,0.58975809433029414
039514,5228,2060,339,0.57635994218805642
039514,5231,2060,401,0.57970672509691556
039514,5231,2060,412,0.5788421968977524
039514,5232,2060,416,0.60786836667056576
039514,5233,2060,246,0.59007969798657722
039514,5234,2060,139,0.56113247236926045
039514,5234,2060,149,0.56692386426265651
039514,5234,2060,152,0.58660341744486388
039514,5234,2060,158,0.58591135968762853
039514,5235,2060,360,0.58437326279065305
039514,5235,2060,362,0.56398982065683867
039514,5235,2060,371,0.58057359683245346
039514,5235,2060,379,0.59088505783958722
039514,5236,2060,388,0.56093647436364957
039514,5240,2060,146,0.56619162857398941
039514,5240,2060,163,0.5878321600710299
039514,5241,2060,342,0.58458217343852914
039514,5241,2060,344,0.58943597160136729
039514,5242,2060,177,0.59854542947745759
039514,5242,2060,207,0.58167918454935619
039514,5244,2060,531,0.58207196701011099
039514,5244,2060,553,0.59428957594188203
039514,5244,2060,559,0.60877321008675911
039514,5245,2060,278,0.5792647058823529
039514,5245,2060,282,0.59186520864613723
039514,5246,2060,296,0.57240105273813136
039514,5249,2060,117,0.60079178750632967
039514,5249,2060,125,0.58704290440597262
039514,5249,2060,132,0.60030458258341413
039514,5251,2060,268,0.56134101623886856
039514,5251,2060,281,0.55582622817701988
039514,5251,2060,297,0.58420190886945411
039514,5252,2060,248,0.60051318722920966
039514,5252,2060,278,0.5875133025895708
039514,5254,2060,243,0.57037103103817344
039514,5255,2060,332,0.56585341162178582
039514,5255,2060,346,0.56932940701419188
039514,5259,2060,129,0.57436722548052799
039514,5259,2060,133,0.57100960075256624
039514,5259,2060,143,0.62426054949388721
039514,5260,2060,130,0.57361469427355516
039514,5260,2060,145,0.57765495005325729
039514,5261,2060,156,0.58815334697044508
039514,5261,2060,158,0.58021006392025454
039514,5261,2060,165,0.56547321763016611
039514,5261,2060,175,0.57821764610205584
039514,5261,2060,178,0.57764611120970932
039514,5262,2060,408,0.5811254178531633
039514,5262,2060,412,0.60880564339576748
039514,5262,2060,436,0.56780083897677736
039514,5263,2060,580,0.58036667809120757
039514,5263,2060,581,0.59132367480134096
039514,5263,2060,588,0.56625954991944283
039514,5264,2060,300,0.56606431555426018
039514,5264,2060,315,0.57903612593795928
039514,5265,2060,317,0.57322785791841169
039514,5266,2060,393,0.5880836647518044
039514,5266,2060,416,0.56426312460468053
039514,5268,2060,182,0.56860031602102679
039514,5268,2060,196,0.58987510407993338
039514,5268,2060,200,0.58026951260929882
039514,5270,2060,271,0.56241636573607323
039514,5270,2060,272,0.57782994261867504
039514,5271,2060,152,0.6055353648308639
039514,5272,2060,258,0.58285702865821976
039514,5272,2060,279,0.57906944847839414
039514,5274,2060,468,0.5847220809859871
039514,5276,2060,453,0.57018031757423526
039514,5277,2060,312,0.59499098784813076
039514,5277,2060,328,0.56629200994762219
039514,5277,2060,330,0.57500414387535226
039514,5278,2060,305,0.60088380738610458
039514,5280,2060,424,0.56318285862614159
039514,5280,2060,432,0.57279840555104455
039514,5280,2060,437,0.58506124168647866
039514,5280,2060,446,0.5716668068051235
039514,5280,2060,469,0.58612260651414116
039514,5281,2060,414,0.57191421058469649
039514,5283,2060,92,0.62629984856133269
039514,5286,2060,417,0.57897097995233426
039514,5287,2060,74,0.57032935423558173
039514,5287,2060,76,0.58782779555130116
039514,5287,2060,103,0.56371593894842498
039514,5289,2060,333,0.57869193436561128
039514,5289,2060,346,0.58830063907366992
039514,5289,2060,347,0.57120626687132803
039514,5289,2060,349,0.58056723951448141
039514,5289,2060,359,0.59237324636967759
039514,5290,2060,138,0.58583084751710823
039514,5290,2060,159,0.57918161286036929
039514,5291,2060,220,0.59121509031527031
039514,5293,2060,229,0.58616912818251954
039514,5293,2060,231,0.58493200582807192
039514,5296,2060,122,0.57318810470706949
039514,5296,2060,126,0.58464624009278954
039514,5296,2060,148,0.6105073159491532
039514,5297,2060,96,0.60413471747080338
039514,5297,2060,100,0.58801448971020576
039514,5297,2060,106,0.58494979851103068
039514,5298,2060,441,0.58548550189937421
039514,5300,2060,460,0.56365182165987349
039514,5300,2060,473,0.56642463895316364
039514,5300,2060,482,0.58337928414758178
039514,5300,2060,487,0.57236965724580813
039514,5301,2060,197,0.58967234862706819
039514,5302,2060,182,0.58242127845247615
039514,5303,2060,109,0.58792998532412211
039514,5303,2060,110,0.59343817213779482
039514,5303,2060,123,0.58551588255081932
039514,5304,2060,477,0.57769705356628032
039514,5306,2060,203,0.60001751313485119
039514,5306,2060,209,0.57457639378650605
039514,5307,2060,214,0.58032810515220579
039514,5308,2060,109,0.58106569376989747
039514,5308,2060,113,0.57618900173396081
039514,5308,2060,119,0.57019787826348656
039514,5308,2060,136,0.59210480498024842
039514,5310,2060,334,0.57006720834587221
039514,5310,2060,342,0.57952502247527715
039514,5311,2060,280,0.58433202899795145
039514,5312,2060,287,0.60531657428370678
039514,5312,2060,290,0.61174839125621905
039514,5314,2060,514,0.57975672839043402
039514,5314,2060,517,0.52260414158439683
039514,5314,2060,525,0.57874826772538301
039514,5314,2060,527,0.55502487298899239
039514,5315,2060,345,0.56312501923136093
039514,5315,2060,361,0.59375936951214292
039514,5317,2060,288,0.55534248893150218
039514,5319,2060,244,0.58087019057892841
039514,5319,2060,245,0.58702761507386347
039514,5321,2060,266,0.58549390599912421
039514,5321,2060,274,0.58718618463739669
039514,5321,2060,286,0.59347143753923415
039514,5322,2060,349,0.5655446199652634
039514,5322,2060,359,0.58750053288996884
039514,5323,2060,209,0.57007906891782578
039514,5324,2060,320,0.58870417383233697
039514,5324,2060,335,0.57521127595120469
039514,5325,2060,455,0.57449967763153609
039514,5325,2060,468,0.55826020184291358
039514,5326,2060,134,0.58828203510247956
039514,5326,2060,150,0.58771386544863358
039514,5328,2060,345,0.58547564715110889
039514,5329,2060,259,0.58070727510987097
039514,5331,2060,149,0.58728729292133353
039514,5332,2060,516,0.60435989767092224
039514,5332,2060,522,0.58050153678223648
039514,5333,2060,422,0.59505831591721159
039514,5333,2060,433,0.56264883214267625
039514,5333,2060,445,0.57481571768529804
039514,5334,2060,237,0.62227039810800155
039514,5334,2060,254,0.58814767637753218
039514,5335,2060,339,0.57898151151475841
039514,5341,2060,187,0.57775508830195454
039514,5341,2060,197,0.57906448865283333
039514,5343,2060,267,0.58331111703545724
039514,5343,2060,277,0.60313807531380759
039514,5344,2060,216,0.60569895817135744
039514,5345,2060,397,0.58869621708060571
039514,5345,2060,425,0.59355894256436748
039514,5347,2060,138,0.57710260103069533
039514,5347,2060,139,0.5864048387358316
039514,5347,2060,154,0.57976534342169173
039514,5348,2060,197,0.57534627236181524
039514,5348,2060,199,0.58798983346610523
039514,5348,2060,214,0.58535860520406813
039514,5348,2060,224,0.57159591268969701
039514,5349,2060,476,0.58932119735914368
039514,5349,2060,484,0.58292976129143048
039514,5349,2060,487,0.59097808476166114
039514,5349,2060,493,0.58999999999999997
039514,5350,2060,176,0.57392920503505951
039514,5350,2060,180,0.57977907333537892
039514,5350,2060,190,0.5775291033627421
039514,5350,2060,197,0.58476572611959621
039514,5351,2060,445,0.60728078958661136
039514,5352,2060,187,0.5808428624421399
039514,5353,2060,414,0.62671037628278226
039514,5354,2060,201,0.58725655818697609
039514,5355,2060,347,0.57841039275446904
039514,5355,2060,356,0.57295465714803029
039514,5356,2060,321,0.56340847637401215
039514,5356,2060,327,0.5798997772828508
039514,5356,2060,340,0.58400270827562861
039514,5357,2060,278,0.57034381619683883
039514,5357,2060,298,0.60158832540514395
039514,5357,2060,305,0.57361025635721419
039514,5358,2060,149,0.58276812334445938
039514,5359,2060,428,0.54378203777824596
039514,5360,2060,209,0.60876636917174076
039514,5360,2060,210,0.57973915073885052
039514,5360,2060,234,0.58588595288942724
039514,5361,2060,241,0.58681826256883995
039514,5361,2060,243,0.59031023490077839
039514,5361,2060,259,0.54786301739247678
039514,5361,2060,275,0.58469988855277821
039514,5363,2060,135,0.56506638800098352
039514,5364,2060,172,0.58137390907334885
039514,5364,2060,180,0.58910092345014098
039514,5365,2060,359,0.57685575057955241
039514,5365,2060,365,0.59750571979722755
039514,5366,2060,179,0.56631882224798846
039514,5367,2060,142,0.58796847705256472
039514,5367,2060,151,0.60361493123772103
039514,5368,2060,232,0.5984599348744758
039514,5369,2060,72,0.59153020333448769
039514,5370,2060,261,0.58590060454160431
039514,5371,2060,271,0.57446173384930177
039514,5372,2060,210,0.58122736418511067
039514,5373,2060,150,0.5676617415485643
039514,5373,2060,165,0.58411662113565155
039514,5374,2060,248,0.6240735508270121
039514,5375,2060,45,0.56155187580055244
039514,5376,2060,254,0.56195279517184715
039514,5377,2060,182,0.57529709721410482
039514,5377,2060,192,0.58447386474327145
039514,5378,2060,133,0.57883333880445131
039514,5378,2060,155,0.60353759621077563
039514,5379,2060,204,0.57309828297753096
039514,5380,2060,187,0.6024995541410012
039514,5380,2060,188,0.57573590219261972
039514,5380,2060,192,0.58019345177870407
039514,5381,2060,179,0.576261847035486
039514,5381,2060,196,0.5782801714183069
039514,5384,2060,112,0.57913669064748197
039514,5384,2060,139,0.57391853053779174
039514,5386,2060,263,0.58173301326932048
039514,5386,2060,277,0.62574512647011438
039514,5388,2060,377,0.56749413362973944
039514,5388,2060,419,0.59977827050997778
039514,5389,2060,313,0.57988335485613485
039514,5389,2060,323,0.60644122383252819
039514,5389,2060,326,0.59362434946212084
039514,5390,2060,508,0.59833232031606143
039514,5390,2060,517,0.58712905805869442
039514,5391,2060,222,0.58285612556745692
039514,5391,2060,223,0.60052807684428566
039514,5391,2060,236,0.5595391404385377
039514,5391,2060,239,0.57809783535026416
039514,5392,2060,191,0.5894170267606702
039514,5392,2060,215,0.59077764340922234
039514,5392,2060,216,0.56534126487163427
039514,5393,2060,110,0.58167964699925256
039514,5393,2060,116,0.56879156893615657
039514,5394,2060,154,0.58866390988164841
039514,5394,2060,166,0.57197788731243704
039514,5394,2060,178,0.59509699234739277
039514,5395,2060,267,0.57533031272773361
039514,5395,2060,273,0.60104860626758705
039514,5395,2060,283,0.5703494866748231
039514,5398,2060,98,0.61049910763739312
039514,5398,2060,103,0.58844668044200876
039514,5398,2060,111,0.60373216245883643
039514,5398,2060,113,0.59157690911291294
039514,5399,2060,348,0.58404382269636101
039514,5399,2060,350,0.57716176926369234
039514,5399,2060,374,0.57269212260002322
039514,5401,2060,420,0.56641870350690759
039514,5401,2060,424,0.57727453317441402
039514,5401,2060,427,0.59196919215957766
039514,5402,2060,434,0.57476473501733527
039514,5402,2060,447,0.58673353088671076
039514,5402,2060,448,0.58345563444528181
039514,5403,2060,123,0.60484972677595628
039514,5403,2060,141,0.58598661184545853
039514,5404,2060,313,0.57810878456748671
039514,5404,2060,317,0.59613619476375712
039514,5404,2060,318,0.58169743709589472
039514,5404,2060,322,0.59476856675100465
039514,5405,2060,470,0.56009994420590448
039514,5405,2060,491,0.57179208490505717
039514,5407,2060,308,0.56696841888694582
039514,5409,2060,289,0.58294703764065225
039514,5409,2060,290,0.61877968357685209
039514,5409,2060,300,0.58895802157990074
039514,5409,2060,316,0.57487667371388307
039514,5410,2060,112,0.56705659444764811
039514,5411,2060,361,0.57658843138662264
039514,5411,2060,367,0.58510514462130225
039514,5411,2060,378,0.59959373413023942
039514,5412,2060,246,0.59074172361175614
039514,5414,2060,245,0.59844105797863023
039514,5416,2060,184,0.5762458708545859
039514,5416,2060,190,0.60045199242247993
039514,5417,2060,299,0.59193847030337554
039514,5418,2060,273,0.60425912137006699
039514,5419,2060,263,0.58092622127709848
039514,5419,2060,298,0.57105242080813745
039514,5420,2060,461,0.57925134776267773
039514,5421,2060,228,0.59688241973779288
039514,5422,2060,306,0.57439775091562495
039514,5423,2060,186,0.61288818832936309
039514,5423,2060,198,0.56082619711985626
039514,5423,2060,210,0.57563339695370686
039514,5424,2060,188,0.57193761858484893
039514,5424,2060,189,0.58546979638774266
039514,5424,2060,194,0.5862468163926835
039514,5426,2060,145,0.58745460548035655
039514,5426,2060,151,0.56520518271892173
039514,5427,2060,363,0.5906379277661935
039514,5428,2060,352,0.56198429267322791
039514,5428,2060,353,0.56411339412159311
039514,5428,2060,377,0.55812356979405031
039514,5431,2060,176,0.58949522510231922
039514,5431,2060,178,0.56751528910303928
039514,5433,2060,373,0.59130790329999827
039514,5434,2060,377,0.60619867206057609
039514,5435,2060,447,0.57883444114591909
039514,5435,2060,449,0.58510220579743621
039514,5436,2060,229,0.58421242629657855
039514,5436,2060,231,0.57247749881572718
039514,5436,2060,241,0.5959789478320231
039514,5438,2060,243,0.57809141710846823
039514,5438,2060,245,0.55139155811801555
039514,5440,2060,219,0.57653633126730841
039514,5447,2060,479,0.56815279702230559
039514,5447,2060,481,0.58431517738528216
039514,5448,2060,187,0.59527947807249548
039514,5448,2060,189,0.59608515727030986
039514,5448,2060,194,0.56966229681547664
039514,5448,2060,204,0.58945256999582119
039514,5448,2060,209,0.59090029491218432
039514,5449,2060,380,0.55989210429917746
039514,5449,2060,412,0.58068668400451839
039514,5451,2060,307,0.57159138623957773
039514,5451,2060,327,0.57430466817106662
039514,5451,2060,334,0.59525455959892815
039514,5452,2060,371,0.59366085578446914
039514,5452,2060,399,0.57191527181158341
039514,5452,2060,416,0.58296327412385984
039514,5454,2060,94,0.59035442392452553
039514,5454,2060,100,0.59918707246951519
039514,5455,2060,367,0.58492758113236776
039514,5456,2060,205,0.57952851217099921
039514,5456,2060,233,0.57939077053634369
039514,5457,2060,147,0.57107534970829144
039514,5458,2060,123,0.59388989541694226
039514,5458,2060,124,0.58280059764371617
039514,5460,2060,69,0.58160038859510044
039514,5460,2060,77,0.56665568097552932
039514,5461,2060,262,0.5682145627839964
039514,5461,2060,274,0.57553465762080236
039514,5461,2060,281,0.58642551620817684
039514,5462,2060,246,0.58281498196285686
039514,5462,2060,249,0.57717101211250255
039514,5463,2060,523,0.57846283309957924
039514,5464,2060,143,0.62290262227897719
039514,5464,2060,169,0.54939734059880951
039514,5466,2060,143,0.59718892104175281
039514,5467,2060,448,0.57836071992267313
039514,5468,2060,270,0.59154987017577254
039514,5470,2060,163,0.57766351964304186
039514,5471,2060,223,0.59387645079534257
039514,5472,2060,219,0.58781270472235481
039514,5473,2060,228,0.59254955638053786
039514,5475,2060,302,0.58688245315161836
039514,5476,2060,258,0.57339154175037343
039514,5477,2060,316,0.55939599472821366
039514,5477,2060,334,0.56843742189886426
039514,5480,2060,546,0.55122970898520429
039514,5480,2060,552,0.57823980196455371
039514,5480,2060,563,0.57911199153993953
039514,5481,2060,98,0.57819601660364339
039514,5481,2060,102,0.58344464013427733
039514,5481,2060,118,0.58122875816993469
039514,5482,2060,197,0.56876349059512799
039514,5483,2060,446,0.57879731567173998
039514,5484,2060,336,0.5817489127700104
039514,5484,2060,342,0.58725676754035971
039514,5485,2060,375,0.58918454935622322
039514,5485,2060,379,0.58915059427924599
039514,5486,2060,248,0.59644015636696335
039514,5487,2060,206,0.58617602664862334
039514,5487,2060,218,0.59610027855153203
039514,5488,2060,284,0.56311360448807857
039514,5488,2060,291,0.58082713931770535
039514,5488,2060,303,0.58382085939076056
039514,5489,2060,510,0.57095980311730932
039514,5489,2060,526,0.58029267456559464
039514,5490,2060,246,0.58242972870874321
039514,5491,2060,401,0.58053013193866632
039514,5491,2060,425,0.56681849869036416
039514,5492,2060,242,0.57254832945253697
039514,5492,2060,250,0.56673573051731052
039514,5492,2060,260,0.57802406392554262
039514,5493,2060,155,0.57677778239030264
039514,5495,2060,179,0.59091446998609509
039514,5497,2060,264,0.58510116219411545
039514,5497,2060,284,0.58840827167520393
039514,5498,2060,184,0.57805684466309482
039514,5499,2060,123,0.60142414574374625
039514,5499,2060,138,0.55101657019871697
039514,5500,2060,299,0.56570202160066463
039514,5501,2060,346,0.57483312236479045
039514,5501,2060,364,0.57897847873398001
039514,5502,2060,228,0.58908895458210153
039514,5504,2060,337,0.58101524179477892
039514,5504,2060,352,0.57710785491232286
039514,5505,2060,226,0.57382050126529627
039514,5505,2060,233,0.57124210816840504
039514,5505,2060,237,0.58455080319957686
039514,5506,2060,168,0.56853317894436539
039514,5507,2060,253,0.58997115190268823
039514,5508,2060,201,0.56736718880651094
039514,5508,2060,207,0.58714320158762545
039514,5508,2060,217,0.59307176224071978
039514,5510,2060,104,0.5684261339373573
039514,5511,2060,193,0.59097771468487348
039514,5512,2060,181,0.58935197485959301
039514,5513,2060,151,0.59589213209718161
039514,5513,2060,160,0.57761220825852788
039514,5515,2060,277,0.57898571255109887
039514,5516,2060,517,0.58435902913578619
039514,5516,2060,520,0.59079652484572909
039514,5517,2060,160,0.42781976329673466
039514,5518,2060,257,0.58535199376542413
039514,5518,2060,289,0.57888764125474834
039514,5521,2060,480,0.6097643979057592
039514,5521,2060,514,0.58441558441558439
039514,5522,2060,196,0.58473417106625591
039514,5523,2060,283,0.59219400200889649
039514,5525,2060,286,0.59531096963761021
039514,5525,2060,303,0.57773608737647675
039514,5525,2060,315,0.57964545087257713
039514,5526,2060,236,0.5896557382429195
039514,5528,2060,175,0.5817273376159886
039514,5529,2060,352,0.59615384615384615
039514,5530,2060,126,0.59599828574489744
039514,5530,2060,139,0.57893753336892684
039514,5531,2060,90,0.59514664460596034
039514,5531,2060,105,0.58143748741695189
039514,5532,2060,345,0.57224216285060936
039514,5532,2060,353,0.58278536318951391
039514,5533,2060,211,0.5702085255582211
039514,5533,2060,214,0.59524422421005208
039514,5533,2060,218,0.59441129759196465
039514,5534,2060,178,0.58390658174097665
039514,5534,2060,182,0.56996033083564523
039514,5534,2060,196,0.58038382601807514
039514,5535,2060,370,0.57983107417750834
039514,5536,2060,255,0.57762960735413826
039514,5537,2060,437,0.58332582756969698
039514,5537,2060,450,0.58249601229493886
039514,5537,2060,451,0.57920616170637784
039514,5537,2060,468,0.57544757033248084
039514,5539,2060,197,0.60437304131695546
039514,5540,2060,201,0.58853390274364448
039514,5542,2060,278,0.58294896867274271
039514,5543,2060,350,0.58242150864186504
039514,5544,2060,296,0.56449108941378734
039514,5545,2060,259,0.57916509098958668
039514,5545,2060,263,0.59393339823504143
039514,5546,2060,310,0.58232601239212212
039514,5547,2060,182,0.58748699859810971
039514,5548,2060,233,0.55794590432187896
039514,5548,2060,251,0.56637390728544812
039514,5549,2060,285,0.57750525841346156
039514,5549,2060,297,0.58144163373619084
039514,5549,2060,298,0.57243580228588398
039514,5550,2060,248,0.598259067357513
039514,5550,2060,259,0.58057245886860487
039514,5550,2060,275,0.58665881521611118
039514,5551,2060,133,0.58080793518064644
039514,5552,2060,213,0.58433279104082325
039514,5552,2060,219,0.56560725765267805
039514,5552,2060,221,0.59633903700756064
039514,5553,2060,210,0.59113513836412235
039514,5553,2060,224,0.57970251415032248
039514,5555,2060,181,0.5845557474231392
039514,5555,2060,192,0.56987161725316338
039514,5557,2060,365,0.57158979685596145
039514,5560,2060,148,0.56803193495276905
039514,5560,2060,164,0.58610140912923037
039514,5562,2060,299,0.57032050343919216
039514,5562,2060,308,0.58968434643742995
039514,5562,2060,319,0.57330598753509487
039514,5563,2060,88,0.56443968571383585
039514,5564,2060,130,0.58177781946659157
039514,5564,2060,136,0.58308476384252217
039514,5564,2060,148,0.58255744694191036
039514,5565,2060,279,0.58416073801891955
039514,5566,2060,325,0.56245336516937772
039514,5568,2060,174,0.56637940852663149
039514,5568,2060,177,0.61393393592981527
039514,5568,2060,198,0.57295226546136035
039514,5569,2060,228,0.58081650814839536
039514,5569,2060,230,0.57405866268109174
039514,5569,2060,249,0.57465538767294311
039514,5570,2060,181,0.60204463750748949
039514,5571,2060,206,0.56745785223110046
039514,5571,2060,211,0.5713519211710717
039514,5574,2060,415,0.59350966571288999
039514,5574,2060,424,0.55666183544436743
039514,5574,2060,425,0.57141016788449051
039514,5575,2060,419,0.57556421023253457
039514,5577,2060,184,0.5782334401456436
039514,5577,2060,197,0.57456093413714793
039514,5578,2060,307,0.57155723020602101
039514,5578,2060,322,0.56802327981178025
039514,5579,2060,469,0.57911088098232122
039514,5579,2060,487,0.60815685608793446
039514,5579,2060,491,0.59250610005131377
039514,5579,2060,498,0.59292975054506325
039514,5580,2060,280,0.57852242108869367
039514,5580,2060,281,0.55022792503798745
039514,5580,2060,306,0.57937038731857271
039514,5581,2060,202,0.57859671765177811
039514,5581,2060,206,0.57128793866034411
039514,5581,2060,207,0.59447004608294929
039514,5582,2060,383,0.60298224353232521
039514,5582,2060,394,0.58138101109741058
039514,5582,2060,402,0.60376157661414209
039514,5582,2060,403,0.58122061345684917
039514,5583,2060,93,0.55639448173005224
039514,5586,2060,342,0.58116128326450234
039514,5586,2060,359,0.62965789709975761
039514,5587,2060,126,0.58065803332389887
039514,5587,2060,143,0.56855178411283525
039514,5589,2060,289,0.58377445832708252
039514,5589,2060,301,0.55727253828563506
039514,5590,2060,579,0.57374165433974333
039514,5590,2060,585,0.55445251635383452
039514,5591,2060,295,0.58628510943938306
039514,5591,2060,296,0.59241126070991434
039514,5591,2060,297,0.58627454414881508
039514,5591,2060,313,0.48839955255416995
039514,5592,2060,346,0.55471590504027946
039514,5593,2060,320,0.58459822244980064
039514,5594,2060,383,0.58836627413171727
039514,5595,2060,306,0.57635667756571107
039514,5596,2060,181,0.58950239144264072
039514,5596,2060,205,0.56616415410385257
039514,5598,2060,380,0.58080998450391585
039514,5598,2060,398,0.58014987673005103
039514,5600,2060,502,0.58131756067713647
039514,5601,2060,145,0.59841982052282483
039514,5601,2060,160,0.57680348258706471
039514,5602,2060,113,0.56790066752403701
039514,5603,2060,204,0.5808715625598162
039514,5604,2060,426,0.57281111149714148
039514,5604,2060,452,0.57417530984386111
039514,5604,2060,457,0.57792601020295808
039514,5604,2060,459,0.58338582424973573
039514,5605,2060,130,0.5648804101002135
039514,5606,2060,186,0.57297647956097519
039514,5606,2060,208,0.55614297882339114
039514,5607,2060,373,0.57399534502011329
039514,5607,2060,388,0.62168400520156042
039514,5607,2060,390,0.57971938775510201
039514,5607,2060,395,0.56650872387157281
039514,5607,2060,396,0.56855665484216134
039514,5607,2060,400,0.58824930906318496
039514,5608,2060,490,0.5724247858139071
039514,5608,2060,495,0.58907791886251903
039514,5608,2060,498,0.58549641341576375
039514,5609,2060,100,0.55244710270756958
039514,5609,2060,124,0.57621063171308939
039514,5610,2060,286,0.59868693629091374
039514,5610,2060,289,0.56649861834750137
039514,5611,2060,250,0.58016764428325596
039514,5611,2060,258,0.55594928298543822
039514,5612,2060,453,0.57639436776594855
039514,5612,2060,471,0.57839428331231613
039514,5613,2060,521,0.59537510428476692
039514,5615,2060,568,0.58190501112128745
039514,5616,2060,434,0.57805177626606197
039514,5616,2060,437,0.61971655375919543
039514,5618,2060,416,0.56601412482200131
039514,5618,2060,417,0.59754125968339511
039514,5618,2060,423,0.57613968853232655
039514,5619,2060,214,0.59172294774571466
039514,5620,2060,224,0.59153028347341141
039514,5621,2060,471,0.58309626963942862
039514,5621,2060,487,0.59790557939914168
039514,5623,2060,423,0.58118008067711879
039514,5623,2060,429,0.61158985451627534
039514,5623,2060,434,0.57076919007564941
039514,5624,2060,313,0.58010814524922705
039514,5625,2060,230,0.58820388806884205
039514,5625,2060,253,0.58489039877052496
039514,5627,2060,245,0.58944414751469798
039514,5627,2060,258,0.58780061569798392
039514,5628,2060,188,0.5759987660033935
039514,5628,2060,196,0.59103003538465804
039514,5628,2060,203,0.56415029116919724
039514,5629,2060,364,0.57102371817230557
039514,5629,2060,382,0.5971448858328039
039514,5630,2060,235,0.5898735935546604
039514,5630,2060,239,0.58461237657640042
039514,5631,2060,336,0.56915366295809189
039514,5633,2060,297,0.58865248226950351
039514,5633,2060,303,0.58557054790421148
039514,5634,2060,275,0.58378517944745678
039514,5634,2060,292,0.5751114940788784
039514,5635,2060,488,0.58873169283230686
039514,5637,2060,201,0.59725511757739802
039514,5638,2060,460,0.58236674794339494
039514,5638,2060,474,0.58291821166835212
039514,5639,2060,489,0.56333321158552174
039514,5639,2060,512,0.57843712857817942
039514,5640,2060,117,0.58754519294621121
039514,5640,2060,132,0.56633777181722389
039514,5641,2060,209,0.58421650958964388
039514,5642,2060,414,0.58353294483572271
039514,5644,2060,294,0.5942620110681015
039514,5645,2060,202,0.54717017765265508
039514,5647,2060,381,0.6076672104404568
039514,5648,2060,162,0.57881375182052619
039514,5649,2060,185,0.61565925101253427
039514,5649,2060,215,0.57304704312177479
039514,5651,2060,222,0.60292699291315466
039514,5651,2060,225,0.58807548588752323
039514,5651,2060,233,0.58826301560135918
039514,5651,2060,251,0.59319264408733141
039514,5655,2060,302,0.57495261875394843
039514,5655,2060,306,0.60674323167311273
039514,5656,2060,297,0.56816200766252456
039514,5656,2060,306,0.56725937379203706
039514,5656,2060,311,0.59959817233222079
039514,5657,2060,186,0.58879629173036141
039514,5657,2060,203,0.57206286710817722
039514,5657,2060,214,0.56966741285577227
039514,5658,2060,350,0.58312730142030511
039514,5658,2060,361,0.59127616212343581
039514,5658,2060,373,0.57162858681437034
039514,5659,2060,339,0.57597384559499132
039514,5661,2060,242,0.60048595357638179
039514,5662,2060,308,0.56052788508906115
039514,5663,2060,213,0.56235929761368753
039514,5663,2060,244,0.59476014388851151
039514,5664,2060,270,0.60112534195473766
039514,5665,2060,467,0.57060307812412869
039514,5666,2060,200,0.59008127633955454
039514,5667,2060,177,0.58473894289577033
039514,5669,2060,226,0.5929698174139858
039514,5670,2060,411,0.57244421444325333
039514,5670,2060,416,0.58244635834121572
039514,5673,2060,356,0.58308286543798837
039514,5673,2060,373,0.58291369396812442
039514,5674,2060,414,0.59448668314753483
039514,5674,2060,432,0.59178054078089992
039514,5675,2060,453,0.58006111422751028
039514,5676,2060,259,0.58677388242676365
039514,5677,2060,405,0.57974751170110217
039514,5677,2060,412,0.56666434427181311
039514,5677,2060,418,0.58709382461012238
039514,5678,2060,536,0.5795862175944777
039514,5679,2060,279,0.60218957871396894
039514,5679,2060,296,0.56961560394738109
039514,5681,2060,388,0.59488141202426914
039514,5682,2060,218,0.56593691212955644
039514,5683,2060,332,0.58223133838164765
039514,5684,2060,317,0.57661939060914336
039514,5685,2060,210,0.5785472614278232
039514,5686,2060,511,0.58679577729921839
039514,5687,2060,336,0.58227363992733527
039514,5687,2060,366,0.60018136476989348
039514,5688,2060,320,0.58206794239945225
039514,5688,2060,334,0.54014954486345901
039514,5688,2060,338,0.5779596126416936
039514,5689,2060,419,0.58576374069331816
039514,5689,2060,459,0.59682224428997022
039514,5690,2060,400,0.58190947884355027
039514,5692,2060,175,0.57706398011252125
039514,5692,2060,184,0.60103209159812931
039514,5693,2060,219,0.58179633718664758
039514,5693,2060,238,0.55217081465311169
039514,5694,2060,228,0.58839374444270098
039514,5696,2060,75,0.57751063000335445
039514,5696,2060,86,0.58591805014923726
039514,5696,2060,87,0.5465563854648765
039514,5696,2060,96,0.62380379553656395
039514,5698,2060,363,0.5761868300153139
039514,5698,2060,365,0.61372978898328312
039514,5698,2060,374,0.56980876628871213
039514,5698,2060,376,0.58528018852960506
039514,5700,2060,204,0.58189835951636293
039514,5701,2060,263,0.59553843033867371
039514,5701,2060,267,0.58065933557660065
039514,5702,2060,357,0.61756724399393403
039514,5703,2060,146,0.59510471015363897
039514,5703,2060,169,0.57588635259834875
039514,5703,2060,173,0.58748213913015557
039514,5704,2060,355,0.5683894749225521
039514,5705,2060,183,0.57401014758010338
039514,5707,2060,456,0.56755238920445428
039514,5708,2060,244,0.58300195857320913
039514,5708,2060,263,0.57694618105769013
039514,5710,2060,244,0.56294036882044873
039514,5712,2060,162,0.58694042816782244
039514,5713,2060,357,0.58956505448527807
039514,5713,2060,374,0.56650105350779079
039514,5717,2060,209,0.58845768471939597
039514,5717,2060,220,0.56515997814340357
039514,5717,2060,221,0.53768520983053858
039514,5718,2060,254,0.58975469798020108
039514,5718,2060,255,0.57627405436170376
039514,5718,2060,272,0.60303813194415035
039514,5720,2060,264,0.42009758529809815
039514,5720,2060,306,0.57926810993336464
039514,5721,2060,330,0.58027126658692352
039514,5721,2060,334,0.578864405987216
039514,5721,2060,356,0.56279623921883504
039514,5721,2060,364,0.59084809908825042
039514,5722,2060,462,0.59380977462367979
039514,5722,2060,471,0.57733294563559479
039514,5722,2060,476,0.58945187111454223
039514,5723,2060,236,0.57309981922231046
039514,5723,2060,238,0.58425543988301798
039514,5724,2060,231,0.5991789512968837
039514,5724,2060,250,0.59204881474820947
039514,5725,2060,95,0.5847134906149305
039514,5725,2060,103,0.57489856640519343
039514,5726,2060,406,0.58650353660867904
039514,5726,2060,429,0.59093851132686082
039514,5727,2060,185,0.57729299315568938
039514,5728,2060,283,0.59465833600869289
039514,5729,2060,104,0.56328558900906167
039514,5731,2060,384,0.59550147492625372
039514,5733,2060,290,0.58232608975183231
039514,5733,2060,312,0.57805399309093153
039514,5733,2060,319,0.57601927449359236
039514,5734,2060,396,0.58755572298612424
039514,5735,2060,241,0.5883047533092659
039514,5736,2060,336,0.59723116548615585
039514,5738,2060,208,0.58251585843530107
039514,5739,2060,159,0.5838006058936932
039514,5739,2060,172,0.63991349863612912
039514,5740,2060,380,0.60549763033175352
039514,5740,2060,382,0.63042471936118505
039514,5741,2060,467,0.57012438662558484
039514,5741,2060,471,0.56500271345070863
039514,5741,2060,493,0.57726218097447801
039514,5742,2060,330,0.58559466923852532
039514,5742,2060,337,0.61498319826052583
039514,5742,2060,347,0.58165793428374157
039514,5744,2060,341,0.59882777633655926
039514,5744,2060,356,0.55799360349783411
039514,5745,2060,284,0.59765398510325141
039514,5745,2060,285,0.5810539194267238
039514,5746,2060,311,0.58034249169015861
039514,5746,2060,312,0.57333106845591986
039514,5747,2060,139,0.58462997149279783
039514,5748,2060,301,0.56468569234092603
039514,5748,2060,311,0.59991676080623102
039514,5748,2060,315,0.6066027689030884
039514,5748,2060,327,0.55096721517397307
039514,5749,2060,383,0.56374421664756569
039514,5750,2060,200,0.59031175730462748
039514,5751,2060,275,0.58316677282611085
039514,5752,2060,161,0.60375899141464928
039514,5752,2060,165,0.57173142736000482
039514,5753,2060,125,0.56222164967426114
039514,5753,2060,141,0.57961413296141329
039514,5753,2060,155,0.58680630947059198
039514,5753,2060,156,0.57000629623799781
039514,5754,2060,357,0.59254121291993245
039514,5754,2060,391,0.57380355604292321
039514,5755,2060,274,0.56421453809202426
039514,5756,2060,133,0.56035621372823696
039514,5756,2060,150,0.59121953646915393
039514,5756,2060,153,0.56986961451247165
039514,5757,2060,476,0.58505235932374466
039514,5759,2060,207,0.58381673832434766
039514,5759,2060,208,0.59425151719487523
039514,5759,2060,213,0.56983790560912262
039514,5759,2060,218,0.56553637484586927
039514,5760,2060,226,0.57816931671680272
039514,5760,2060,241,0.57684141403086353
039514,5760,2060,242,0.59694109990237554
039514,5762,2060,322,0.57753944773175547
039514,5764,2060,196,0.59791781106319664
039514,5764,2060,197,0.59683755323011922
039514,5764,2060,205,0.59007753649181871
039514,5764,2060,206,0.59001805895374582
039514,5765,2060,141,0.56863241678726484
039514,5765,2060,148,0.56575076048471551
039514,5767,2060,397,0.59574173925065677
039514,5768,2060,315,0.58170135985565286
039514,5768,2060,319,0.57205954273138526
039514,5769,2060,200,0.60140841270269541
039514,5769,2060,201,0.60891333206903087
039514,5769,2060,203,0.57077921558271116
039514,5769,2060,216,0.60051569307370856
039514,5770,2060,291,0.59413739091519358
039514,5770,2060,301,0.58814521069091141
039514,5770,2060,305,0.57421038448992323
039514,5772,2060,275,0.59849089216859463
039514,5773,2060,396,0.58830121021963244
039514,5773,2060,400,0.57336871682797375
039514,5774,2060,309,0.57954678877539034
039514,5775,2060,185,0.57832137821102325
039514,5777,2060,264,0.57889310025490959
039514,5777,2060,278,0.58874028823913171
039514,5777,2060,293,0.58902937541591405
039514,5778,2060,384,0.59005245774237425
039514,5778,2060,400,0.5916465687349266
039514,5778,2060,406,0.57727991075578688
039514,5779,2060,162,0.57762569910907502
039514,5780,2060,264,0.58253324433947729
039514,5781,2060,412,0.60324495449149185
039514,5781,2060,417,0.57988073840053267
039514,5781,2060,435,0.58975743180018714
039514,5782,2060,161,0.57655239960822724
039514,5782,2060,166,0.59934897234477569
039514,5782,2060,175,0.52788555853580199
039514,5782,2060,186,0.58356403352421404
039514,5782,2060,191,0.57857017890582985
039514,5783,2060,262,0.60055569065052727
039514,5785,2060,96,0.59581926148822761
039514,5785,2060,113,0.58675680168449051
039514,5785,2060,142,0.61768536204202118
039514,5786,2060,196,0.59433132503628128
039514,5786,2060,216,0.5765166122812222
039514,5787,2060,122,0.58144262099064359
039514,5787,2060,131,0.55973849788318952
039514,5788,2060,306,0.58774966264636119
039514,5788,2060,324,0.60767381384622932
039514,5789,2060,168,0.58404259107581635
039514,5789,2060,179,0.5795955171969599
039514,5790,2060,268,0.60785424235947849
039514,5791,2060,99,0.58320625088433664
039514,5791,2060,120,0.57825704293914681
039514,5792,2060,184,0.58134678962937181
039514,5793,2060,343,0.58415311914880974
039514,5794,2060,86,0.58704410329221757
039514,5795,2060,162,0.57445787599714282
039514,5796,2060,117,0.55582616136516971
039514,5796,2060,137,0.58115669941490622
039514,5797,2060,101,0.58422208780363571
039514,5797,2060,104,0.5836759143978012
039514,5797,2060,141,0.5944537895900418
039514,5798,2060,165,0.57833035283431267
039514,5799,2060,158,0.57943298104344909
039514,5800,2060,442,0.56862515147961379
039514,5802,2060,336,0.57417140326271499
039514,5803,2060,208,0.61126282235881746
039514,5803,2060,234,0.57800064543355756
039514,5804,2060,161,0.58502572293905319
039514,5804,2060,166,0.57728618568622958
039514,5805,2060,309,0.58133261227723765
039514,5806,2060,290,0.56111833550065016
039514,5807,2060,197,0.57604421530933236
039514,5808,2060,125,0.59031123459344426
039514,5809,2060,352,0.58493720380783953
039514,5809,2060,355,0.59701492537313428
039514,5809,2060,363,0.58856068971375175
039514,5809,2060,383,0.58463096467568409
039514,5810,2060,469,0.606520367849673
039514,5811,2060,328,0.5624261811023622
039514,5811,2060,346,0.58356490301954478
039514,5811,2060,356,0.57436527665279447
039514,5812,2060,107,0.58802072538860106
039514,5814,2060,292,0.59030686244153641
039514,5815,2060,223,0.58842343486594462
039514,5816,2060,346,0.57017129294138647
039514,5816,2060,355,0.58162202380952377
039514,5817,2060,254,0.5804753102450898
039514,5818,2060,329,0.57426042497857377
039514,5818,2060,353,0.56789729686627866
039514,5818,2060,358,0.5798526274966066
039514,5819,2060,558,0.58045008146270816
039514,5819,2060,564,0.59720206418319621
039514,5820,2060,291,0.57850811972250793
039514,5820,2060,303,0.57308177112666614
039514,5820,2060,304,0.59543213998153999
039514,5821,2060,243,0.58229585570833431
039514,5821,2060,263,0.573493996123283
039514,5823,2060,256,0.47434184150741682
039514,5824,2060,554,0.59739559254122365
039514,5827,2060,123,0.56077167249667448
039514,5828,2060,170,0.57957128937966873
039514,5829,2060,268,0.58660947722261714
039514,5830,2060,169,0.57787498420282346
039514,5832,2060,330,0.58835049674457207
039514,5833,2060,123,0.59196836850274781
039514,5834,2060,175,0.58486594283181914
039514,5834,2060,184,0.58493182794858778
039514,5835,2060,298,0.58053338933221332
039514,5835,2060,306,0.57709206297546889
039514,5836,2060,108,0.57664592029550232
039514,5836,2060,110,0.58801345209571187
039514,5836,2060,115,0.57602581308357848
039514,5838,2060,217,0.56139952498143497
039514,5839,2060,463,0.54023191032353335
039514,5842,2060,68,0.59004884004884006
039514,5843,2060,420,0.57699335548172759
039514,5843,2060,441,0.57670325136870337
039514,5845,2060,319,0.59125305542951656
039514,5845,2060,331,0.58685101580135435
039514,5846,2060,331,0.58818996121435696
039514,5846,2060,343,0.59145893843158537
039514,5846,2060,347,0.573959276277343
039514,5847,2060,112,0.55369753233357133
039514,5848,2060,298,0.58171885917550659
039514,5850,2060,188,0.57359757472502693
039514,5850,2060,200,0.58043532206033532
039514,5850,2060,205,0.5968155227151859
039514,5850,2060,214,0.57310437307445083
039514,5851,2060,142,0.58569867383406682
039514,5851,2060,145,0.58876447385163511
039514,5851,2060,149,0.5797226406777527
039514,5851,2060,170,0.57065499015442012
039514,5851,2060,173,0.54967628876016161
039514,5852,2060,341,0.59438509150747176
039514,5854,2060,551,0.55222291241458865
039514,5855,2060,346,0.574505016033656
039514,5855,2060,362,0.60226675235146343
039514,5857,2060,328,0.55116498228966948
039514,5857,2060,331,0.60677043002426312
039514,5857,2060,333,0.58782689307662017
039514,5858,2060,96,0.60316718284345239
039514,5861,2060,185,0.58058688458161678
039514,5861,2060,191,0.55045061253864147
039514,5861,2060,202,0.57238686779059444
039514,5861,2060,213,0.60364966721029667
039514,5862,2060,298,0.61984098082058747
039514,5863,2060,207,0.59983079526226735
039514,5863,2060,208,0.58986574274577741
039514,5864,2060,379,0.56018333466570736
039514,5867,2060,410,0.58896177335444466
039514,5867,2060,431,0.58350812113227823
039514,5868,2060,324,0.59488283194937441
039514,5868,2060,331,0.58371792847923187
039514,5869,2060,413,0.57645992489965037
039514,5870,2060,184,0.5644426846169075
039514,5870,2060,202,0.56683335585889982
039514,5872,2060,155,0.58178874362630195
039514,5872,2060,171,0.59017440675819299
039514,5872,2060,172,0.59942459841764562
039514,5873,2060,602,0.57595726483742971
039514,5873,2060,615,0.54874196222525928
039514,5873,2060,638,0.61570745467680343
039514,5875,2060,227,0.58987614729625126
039514,5875,2060,259,0.56786443119523033
039514,5876,2060,572,0.5691075482203789
039514,5878,2060,241,0.5734052757793765
039514,5878,2060,261,0.583041669418213
039514,5879,2060,203,0.58711340206185569
039514,5880,2060,466,0.57897539907199347
039514,5882,2060,134,0.57028571428571428
039514,5882,2060,139,0.62413862313507729
039514,5882,2060,152,0.58925073219931334
039514,5883,2060,227,0.56909293341403455
039514,5883,2060,245,0.58379483367403828
039514,5884,2060,181,0.56174841574771717
039514,5884,2060,185,0.58201348483317206
039514,5884,2060,187,0.58774365286086383
039514,5885,2060,131,0.59018428339539764
039514,5885,2060,135,0.58581744755125087
039514,5886,2060,281,0.58556121864023436
039514,5887,2060,616,0.56440225699752622
039514,5888,2060,306,0.58334459785652215
039514,5888,2060,315,0.60913486444482823
039514,5888,2060,321,0.5918949064320238
039514,5891,2060,157,0.57626182965299688
039514,5893,2060,72,0.59270470712880274
039514,5894,2060,270,0.5811861985547897
039514,5895,2060,388,0.58345489318940646
039514,5896,2060,542,0.58518792442681367
039514,5896,2060,564,0.59236362222481431
039514,5900,2060,471,0.56191884705549178
039514,5903,2060,179,0.57935273715555602
039514,5904,2060,131,0.58690238380609938
039514,5905,2060,393,0.6056968590147076
039514,5907,2060,188,0.57030681618624723
039514,5907,2060,198,0.58224444776969531
039514,5907,2060,212,0.58044971051568606
039514,5908,2060,203,0.58522370385625289
039514,5908,2060,208,0.58343643291928537
039514,5909,2060,257,0.58134169734045316
039514,5909,2060,279,0.58636771747805272
039514,5910,2060,255,0.55813332145878791
039514,5910,2060,262,0.57875691918393168
039514,5910,2060,272,0.55961638694881688
039514,5911,2060,231,0.58790683922032438
039514,5912,2060,308,0.58858675469362487
039514,5913,2060,278,0.57954867507439423
039514,5914,2060,574,0.58768695718276664
039514,5916,2060,283,0.56632982650424513
039514,5917,2060,342,0.58620907198284022
039514,5917,2060,346,0.57495707153985243
039514,5921,2060,338,0.58753096614368294
039514,5921,2060,346,0.55464960989667533
039514,5921,2060,351,0.59105377217933086
039514,5922,2060,122,0.58072178676122699
039514,5923,2060,438,0.58033389248342515
039514,5924,2060,443,0.58457193510482586
039514,5925,2060,148,0.61579424427826879
039514,5926,2060,336,0.59974818505719418
039514,5927,2060,313,0.57764876632801165
039514,5928,2060,337,0.58740665308893414
039514,5928,2060,356,0.5970673336275808
039514,5929,2060,360,0.57125086603262576
039514,5930,2060,362,0.58327115605198387
039514,5931,2060,330,0.58294371387489641
039514,5932,2060,238,0.58226479390113373
039514,5932,2060,247,0.56921583271097831
039514,5932,2060,260,0.56824504936991982
039514,5933,2060,414,0.59597952971870083
039514,5935,2060,206,0.57248240581102849
039514,5935,2060,215,0.56587163476302593
039514,5935,2060,224,0.57558517052657621
039514,5937,2060,160,0.58356070712691144
039514,5938,2060,323,0.59008680466382457
039514,5940,2060,213,0.57124098590033368
039514,5940,2060,222,0.59233999379984781
039514,5940,2060,227,0.5810898015022844
039514,5941,2060,379,0.5592233316981311
039514,5941,2060,394,0.57789553679627004
039514,5943,2060,400,0.57542646894860072
039514,5943,2060,415,0.58262346194532599
039514,5944,2060,215,0.57764109204704872
039514,5944,2060,225,0.56865494552906914
039514,5945,2060,75,0.58748273697426234
039514,5945,2060,84,0.55166963050780482
039514,5945,2060,87,0.60000981209831727
039514,5946,2060,239,0.58178225395206529
039514,5946,2060,261,0.58628418878758881
039514,5947,2060,382,0.58420653522680266
039514,5947,2060,385,0.59785512099828564
039514,5948,2060,344,0.59377499120309651
039514,5949,2060,355,0.61064199426285803
039514,5950,2060,315,0.57687022201410876
039514,5954,2060,219,0.57319910759502335
039514,5954,2060,228,0.59288939769764037
039514,5954,2060,248,0.58346360671942066
039514,5956,2060,382,0.58932249130033376
039514,5956,2060,398,0.57418062282390925
039514,5958,2060,117,0.57953994318575486
