run,event,channel,waveform_index_save,fprompt
039521,1,2050,418,0.54281658833139168
039521,1,2050,424,0.55798859980811555
039521,3,2050,442,0.51928046399448724
039521,4,2050,364,0.54768193084393157
039521,4,2050,370,0.55799967440123344
039521,4,2050,385,0.53851925962981495
039521,4,2050,389,0.53928526785094233
039521,5,2050,530,0.54823637443958295
039521,5,2050,544,0.52479153041203397
039521,6,2050,470,0.55157307845479886
039521,7,2050,248,0.53612783269821984
039521,7,2050,267,0.54849214800417667
039521,7,2050,280,0.52790780647923508
039521,8,2050,204,0.56253565629525604
039521,9,2050,102,0.53420043406896878
039521,10,2050,346,0.54337305668138647
039521,11,2050,485,0.53754097166581694
039521,11,2050,508,0.53160819054279829
039521,11,2050,518,0.53873168549379269
039521,12,2050,485,0.54285701325446578
039521,12,2050,488,0.53686941604556138
039521,13,2050,392,0.53801667218203875
039521,14,2050,284,0.54454653090220217
039521,15,2050,348,0.53806010611517752
039521,15,2050,356,0.53755888064410406
039521,15,2050,363,0.55092168910968753
039521,15,2050,366,0.53376108612011952
039521,16,2050,48,0.53085421405674593
039521,16,2050,79,0.52638041469404284
039521,18,2050,346,0.5381738520006778
039521,18,2050,361,0.53868331261406621
039521,19,2050,231,0.55282480396774825
039521,19,2050,250,0.50944552231185536
039521,19,2050,258,0.53731176944912451
039521,20,2050,146,0.53873687224706701
039521,20,2050,167,0.55101919534082133
039521,22,2050,104,0.53873258178179462
039521,22,2050,105,0.54340526019324931
039521,23,2050,268,0.56310760629198486
039521,24,2050,274,0.54467270807672008
039521,27,2050,266,0.53499612589012291
039521,28,2050,232,0.55476843388177943
039521,28,2050,253,0.53940304388514015
039521,29,2050,203,0.55293403366090588
039521,30,2050,297,0.53056312603971256
039521,31,2050,146,0.53217707518818247
039521,31,2050,160,0.54967308238992663
039521,31,2050,162,0.5593930143673449
039521,31,2050,170,0.55065627563576702
039521,32,2050,192,0.54928343128157542
039521,33,2050,120,0.53592079678703952
039521,33,2050,131,0.53331615862779647
039521,33,2050,133,0.55715892780945731
039521,35,2050,395,0.54076977276730664
039521,35,2050,400,0.5450958066553846
039521,36,2050,476,0.54425428824393618
039521,36,2050,501,0.55355043198200504
039521,38,2050,182,0.54628098543789194
039521,38,2050,185,0.50301734635888828
039521,38,2050,207,0.55130004519827769
039521,39,2050,461,0.54789019141202389
039521,40,2050,416,0.56228561112114095
039521,40,2050,431,0.55149138523601859
039521,41,2050,354,0.54666805353304204
039521,41,2050,366,0.55134251595506556
039521,42,2050,411,0.56420993858179791
039521,42,2050,422,0.54178465422537614
039521,42,2050,425,0.53410895581645967
039521,42,2050,426,0.54154981262849888
039521,44,2050,483,0.52110547338875091
039521,44,2050,508,0.54351327942235927
039521,44,2050,518,0.55116745885962093
039521,45,2050,276,0.54316463636063517
039521,46,2050,379,0.54674271862399959
039521,47,2050,159,0.54443070873039823
039521,48,2050,201,0.54048406356204648
039521,48,2050,202,0.54165542869130034
039521,48,2050,215,0.53090503246753251
039521,48,2050,219,0.53870789123179841
039521,48,2050,233,0.54909965434859964
039521,48,2050,240,0.55975715070787424
039521,50,2050,417,0.54830452566301624
039521,50,2050,422,0.53013277059702801
039521,50,2050,434,0.53783878368394444
039521,51,2050,159,0.55041360752134483
039521,52,2050,376,0.53708982320404497
039521,52,2050,379,0.5368861484254569
039521,53,2050,207,0.54534286072458316
039521,54,2050,248,0.52502744237102084
039521,54,2050,251,0.551826375711575
039521,55,2050,488,0.52403273809523809
039521,55,2050,501,0.53862900717634454
039521,55,2050,510,0.54829602504282082
039521,55,2050,512,0.55707400529950557
039521,55,2050,532,0.45399305555555558
039521,56,2050,242,0.53998148226084763
039521,56,2050,261,0.5491144437871881
039521,57,2050,73,0.54194189046609986
039521,57,2050,88,0.55174355184911505
039521,57,2050,94,0.51706243119987416
039521,58,2050,396,0.5379288009765576
039521,59,2050,332,0.54285978627931719
039521,60,2050,282,0.54732229366687224
039521,60,2050,286,0.55249914217087959
039521,60,2050,298,0.5355226834730975
039521,60,2050,304,0.55867564013305482
039521,60,2050,306,0.53258118103073215
039521,61,2050,469,0.53598969514813222
039521,61,2050,478,0.52447675098413693
039521,63,2050,440,0.55054824172314676
039521,63,2050,450,0.53985007187158185
039521,64,2050,138,0.55996276224357477
039521,65,2050,410,0.54656019034119674
039521,67,2050,94,0.53985970489650648
039521,68,2050,93,0.54947424426989255
039521,69,2050,431,0.52741048337158047
039521,69,2050,433,0.530985249215155
039521,69,2050,434,0.54111746179867026
039521,69,2050,448,0.54689503241300852
039521,70,2050,261,0.54991801503573312
039521,71,2050,273,0.55021198409992012
039521,71,2050,291,0.5438191573838379
039521,73,2050,521,0.54272522599741713
039521,74,2050,120,0.53600925154635526
039521,74,2050,147,0.54317149619394867
039521,74,2050,149,0.52627737226277371
039521,74,2050,153,0.54207017455140039
039521,75,2050,197,0.54248482331771175
039521,75,2050,202,0.47220603440172948
039521,76,2050,206,0.56180299535385003
039521,78,2050,386,0.54042526401939028
039521,79,2050,359,0.55075154730327147
039521,79,2050,362,0.53902279697516575
039521,80,2050,23,0.56436979649866859
039521,80,2050,24,0.55056328290222878
039521,80,2050,37,0.55833805833805839
039521,80,2050,42,0.55358451839906175
039521,81,2050,148,0.56193374562003551
039521,81,2050,152,0.54746282806107172
039521,82,2050,329,0.54640267944206555
039521,82,2050,356,0.52261083306186518
039521,83,2050,235,0.55445864280112567
039521,83,2050,250,0.54223513839282411
039521,84,2050,238,0.54543615164774018
039521,84,2050,270,0.5416196986462869
039521,85,2050,186,0.5601090068646728
039521,86,2050,477,0.54527169018312815
039521,86,2050,490,0.54622358670554416
039521,87,2050,143,0.55316823334686616
039521,87,2050,145,0.57003460207612455
039521,88,2050,426,0.54813155959622972
039521,88,2050,433,0.54272710226207321
039521,88,2050,438,0.60545567633207953
039521,88,2050,447,0.49855445301972312
039521,89,2050,453,0.54388018704424312
039521,89,2050,455,0.54683835845896145
039521,89,2050,471,0.53089904157111778
039521,90,2050,428,0.50372244838082669
039521,91,2050,153,0.54932596012647339
039521,92,2050,586,0.54226475279106856
039521,92,2050,606,0.53977126150141885
039521,93,2050,126,0.53380464347606538
039521,94,2050,470,0.52978598097608676
039521,95,2050,440,0.53921035598705502
039521,95,2050,446,0.55096526036468096
039521,95,2050,452,0.55336863595763686
039521,95,2050,464,0.5518736450913595
039521,95,2050,466,0.53664009904820864
039521,96,2050,111,0.54756863182139015
039521,96,2050,118,0.50959014738542296
039521,97,2050,240,0.54638724338921163
039521,97,2050,256,0.52819239127838946
039521,97,2050,266,0.53355741558470093
039521,98,2050,360,0.5390803371385896
039521,98,2050,382,0.53496252181948867
039521,99,2050,180,0.56889570003132128
039521,100,2050,407,0.54602096299610847
039521,102,2050,167,0.53534326345142069
039521,103,2050,307,0.54987498922320888
039521,103,2050,325,0.55011488383967322
039521,104,2050,192,0.5570006245637239
039521,104,2050,215,0.52871621621621623
039521,105,2050,281,0.54202603104908265
039521,105,2050,298,0.54459411375997557
039521,106,2050,408,0.53735824923177711
039521,107,2050,326,0.53577755190939447
039521,108,2050,367,0.53696847649291302
039521,109,2050,496,0.52886965580798972
039521,109,2050,506,0.54312523695185133
039521,109,2050,525,0.53171143009912392
039521,109,2050,531,0.55541228049609637
039521,110,2050,176,0.53429079649515776
039521,110,2050,192,0.53705276466944651
039521,112,2050,471,0.54410585404971934
039521,113,2050,142,0.54385270584186529
039521,114,2050,272,0.53971345569787399
039521,115,2050,398,0.54464311339436899
039521,115,2050,407,0.53523368042342689
039521,116,2050,462,0.53162853297442803
039521,116,2050,465,0.53545907711158758
039521,117,2050,211,0.54493021284325893
039521,117,2050,214,0.5343254399304801
039521,117,2050,236,0.54136656122985505
039521,120,2050,228,0.5384658511151228
039521,122,2050,183,0.54480729412619422
039521,122,2050,199,0.54771729788950918
039521,123,2050,412,0.57123537551893322
039521,124,2050,336,0.56543188506145059
039521,124,2050,338,0.5289070749736009
039521,124,2050,347,0.5455137196659241
039521,124,2050,363,0.54549758108279744
039521,125,2050,168,0.52810629288947286
039521,125,2050,170,0.55476670607050971
039521,125,2050,187,0.53635634407587407
039521,126,2050,374,0.54434317657066478
039521,127,2050,376,0.54052358211036355
039521,127,2050,385,0.54182802808475805
039521,127,2050,401,0.53611211370679679
039521,127,2050,408,0.5408586170929599
039521,129,2050,376,0.54661828444713234
039521,129,2050,392,0.53749090026692548
039521,130,2050,307,0.55270145181720742
039521,130,2050,308,0.56779649904936735
039521,130,2050,310,0.5502559606913644
039521,131,2050,210,0.52876923877774118
039521,131,2050,212,0.55874939820452552
039521,132,2050,299,0.53969486393105326
039521,134,2050,456,0.55048214589750333
039521,134,2050,463,0.54648538036369776
039521,134,2050,485,0.56244538853234505
039521,135,2050,147,0.53582791722187473
039521,137,2050,378,0.54285940218250828
039521,138,2050,177,0.56004328590979979
039521,138,2050,182,0.54985013855115084
039521,138,2050,190,0.55281993870097457
039521,139,2050,171,0.55052202088083524
039521,139,2050,175,0.54031309716301634
039521,139,2050,176,0.52734910836762694
039521,140,2050,539,0.5417933694281688
039521,141,2050,125,0.54895751182965302
039521,142,2050,203,0.53881260573631817
039521,142,2050,206,0.54779184618299548
039521,143,2050,532,0.53013632776714525
039521,143,2050,537,0.5472777655947848
039521,144,2050,336,0.54545454545454541
039521,145,2050,366,0.55265445306231609
039521,146,2050,382,0.53856489496395443
039521,146,2050,393,0.5320958242340017
039521,147,2050,287,0.54071702405527233
039521,147,2050,288,0.53803925817577691
039521,147,2050,291,0.55175077239958803
039521,147,2050,308,0.55202500971773094
039521,147,2050,314,0.54360201709805778
039521,148,2050,126,0.53683150327829998
039521,149,2050,332,0.54537059631293627
039521,149,2050,334,0.53868777398385759
039521,149,2050,342,0.53514643566955411
039521,150,2050,457,0.52224606337204682
039521,150,2050,463,0.56614764955532126
039521,151,2050,406,0.56290436940529998
039521,151,2050,438,0.55040828520215102
039521,151,2050,444,0.55342792325143231
039521,153,2050,136,0.54439574873011409
039521,153,2050,142,0.52650906587101221
039521,155,2050,57,0.56289990859232175
039521,156,2050,422,0.52988485994157075
039521,158,2050,434,0.54467223818229304
039521,160,2050,209,0.53433192085755898
039521,160,2050,223,0.54984295593330013
039521,161,2050,286,0.53986691473491899
039521,161,2050,302,0.54065604065604067
039521,162,2050,376,0.53803535439922068
039521,163,2050,448,0.53482285763723669
039521,164,2050,473,0.53153371997692289
039521,164,2050,484,0.53168742422572468
039521,164,2050,497,0.55169469065637977
039521,164,2050,499,0.54396820577926197
039521,165,2050,496,0.54396103453756894
039521,165,2050,498,0.54066101027851765
039521,165,2050,521,0.54649949570479606
039521,165,2050,532,0.55075253762688137
039521,166,2050,151,0.53650465718887874
039521,166,2050,153,0.53934234287868865
039521,171,2050,168,0.54868921352811684
039521,172,2050,505,0.54145146030121138
039521,172,2050,506,0.54624740654234638
039521,172,2050,512,0.54812336722611688
039521,172,2050,518,0.55461714968859066
039521,173,2050,218,0.5315470291309996
039521,173,2050,231,0.55301021006924067
039521,174,2050,184,0.53105185442543212
039521,174,2050,195,0.5460279420091384
039521,176,2050,151,0.52823973792091083
039521,176,2050,177,0.54618066162333112
039521,178,2050,462,0.54184440102374987
039521,179,2050,202,0.54061738976640406
039521,181,2050,310,0.55194120466528196
039521,181,2050,318,0.53694459886183243
039521,182,2050,444,0.53650261976780134
039521,183,2050,332,0.53573520532761398
039521,185,2050,440,0.55230508031866266
039521,186,2050,238,0.52899224027523162
039521,187,2050,447,0.54472719907194289
039521,187,2050,449,0.54507082469491375
039521,188,2050,154,0.54571258150105928
039521,188,2050,179,0.5424880976329377
039521,188,2050,185,0.54207301825456367
039521,189,2050,302,0.54473818826935427
039521,189,2050,314,0.53686438254304181
039521,189,2050,316,0.53768723955400388
039521,190,2050,350,0.54220539203113916
039521,191,2050,237,0.54680214485545542
039521,191,2050,242,0.53257896403789118
039521,191,2050,245,0.55673728450124371
039521,192,2050,148,0.53234629129895705
039521,192,2050,176,0.54638950625354077
039521,193,2050,171,0.52846404128800628
039521,194,2050,152,0.53677175714954761
039521,194,2050,176,0.53687697350013985
039521,195,2050,137,0.54006476791497138
039521,196,2050,178,0.53580030059938799
039521,196,2050,190,0.53587105355815501
039521,196,2050,198,0.53759758937131896
039521,197,2050,259,0.53648871908720119
039521,197,2050,261,0.54274045187375408
039521,198,2050,475,0.51326287978863938
039521,198,2050,481,0.55387545673637562
039521,199,2050,214,0.542809149248627
039521,199,2050,246,0.54779567808964924
039521,199,2050,249,0.53177581406609364
039521,201,2050,135,0.56378197221403259
039521,201,2050,144,0.54381135759613819
039521,201,2050,153,0.54699745066565952
039521,201,2050,155,0.54063221274460616
039521,202,2050,211,0.54567127163490925
039521,202,2050,212,0.55400948760437985
039521,202,2050,224,0.54362713004087559
039521,202,2050,231,0.53498883928571428
039521,202,2050,234,0.53360139466876622
039521,203,2050,195,0.53925550483351237
039521,203,2050,196,0.55607296550838203
039521,204,2050,433,0.54747403338952638
039521,205,2050,248,0.53069449360079457
039521,206,2050,224,0.52718234381610496
039521,206,2050,258,0.54740297354701684
039521,207,2050,205,0.54146972021274109
039521,207,2050,208,0.548773870125843
039521,209,2050,355,0.56607703752686389
039521,209,2050,366,0.55076170858138851
039521,209,2050,380,0.53172481836936047
039521,210,2050,246,0.54533054804620296
039521,210,2050,274,0.55358195272084343
039521,211,2050,124,0.54733569953835803
039521,213,2050,413,0.52899971980947047
039521,213,2050,426,0.54459600256172513
039521,216,2050,212,0.52210730894703961
039521,217,2050,433,0.53355144090213003
039521,217,2050,436,0.55282385655384025
039521,217,2050,441,0.54479075375132546
039521,218,2050,258,0.55976310122038764
039521,218,2050,261,0.54920802777075339
039521,218,2050,272,0.55013401232913428
039521,218,2050,281,0.55021813630887628
039521,218,2050,285,0.54091509018917727
039521,219,2050,437,0.55435762324065729
039521,220,2050,458,0.54922380922506397
039521,221,2050,308,0.53220824837999881
039521,222,2050,405,0.54009810712619633
039521,223,2050,462,0.53967968166227032
039521,223,2050,477,0.53115048993865988
039521,223,2050,481,0.54316345307624614
039521,223,2050,491,0.52762832493251022
039521,225,2050,424,0.5287578070784178
039521,225,2050,440,0.53496093317691851
039521,227,2050,508,0.53864458876605026
039521,227,2050,526,0.55200347700320307
039521,227,2050,536,0.54207566949394836
039521,228,2050,122,0.54648122733441185
039521,229,2050,249,0.54678571428571432
039521,230,2050,339,0.53757861486069869
039521,231,2050,281,0.53830829422577298
039521,231,2050,288,0.54359310530983684
039521,231,2050,289,0.57007057467953337
039521,231,2050,293,0.54065233960223835
039521,231,2050,299,0.53692481511914547
039521,232,2050,407,0.53001106919375607
039521,233,2050,186,0.56480257723442917
039521,236,2050,499,0.54931356041963475
039521,236,2050,505,0.52969656650774288
039521,236,2050,510,0.54191454840454301
039521,237,2050,245,0.53719606828763578
039521,237,2050,255,0.55348107622117437
039521,238,2050,516,0.54179168452636095
039521,239,2050,518,0.53717826501429933
039521,242,2050,202,0.53580295879109985
039521,244,2050,248,0.54318911005202009
039521,244,2050,251,0.5396927734484499
039521,244,2050,257,0.54075543998905162
039521,244,2050,258,0.54042661433918382
039521,244,2050,260,0.55794613155918016
039521,244,2050,264,0.54674821073796587
039521,244,2050,273,0.53993930620716113
039521,244,2050,274,0.54620405827121465
039521,245,2050,185,0.55167636260735664
039521,245,2050,200,0.53719267829997863
039521,245,2050,207,0.53368976692736125
039521,245,2050,210,0.54571297369399319
039521,245,2050,213,0.53897017024204885
039521,245,2050,215,0.5394854446920927
039521,245,2050,220,0.54870887297884319
039521,245,2050,223,0.53391446878259574
039521,245,2050,235,0.55311854605534905
039521,246,2050,441,0.5297868886673005
039521,246,2050,446,0.53786779409244134
039521,246,2050,451,0.52619617809491226
039521,246,2050,454,0.53365305483568015
039521,246,2050,472,0.54874165382639961
039521,247,2050,195,0.54720251313437684
039521,247,2050,200,0.53599491564594404
039521,247,2050,215,0.558077081980759
039521,247,2050,218,0.54378410263972865
039521,248,2050,422,0.54232668671790873
039521,250,2050,273,0.53615450192614622
039521,251,2050,286,0.54350239717385818
039521,251,2050,297,0.53425031601108131
039521,252,2050,190,0.54163883713572614
039521,252,2050,195,0.55637182297529475
039521,252,2050,201,0.54332544163176111
039521,253,2050,408,0.57162043795620443
039521,253,2050,417,0.54054454528616414
039521,255,2050,244,0.53181331293037493
039521,255,2050,253,0.53457348254650561
039521,256,2050,176,0.53970470173479002
039521,258,2050,236,0.54454951251027839
039521,258,2050,241,0.53534354209681123
039521,260,2050,99,0.54340631581337528
039521,260,2050,126,0.5764146612082488
039521,261,2050,499,0.53251976147552349
039521,261,2050,506,0.54740479916536255
039521,262,2050,232,0.54020316530267809
039521,262,2050,256,0.52010356381358513
039521,263,2050,438,0.52537230254806655
039521,265,2050,63,0.54215753619221252
039521,265,2050,71,0.53452036727032926
039521,265,2050,84,0.54664680711409563
039521,266,2050,425,0.54984055398026066
039521,266,2050,438,0.54341557193207302
039521,266,2050,440,0.54597321792436049
039521,269,2050,340,0.54075672621164361
039521,269,2050,347,0.56584289779085006
039521,270,2050,342,0.55033062862753024
039521,271,2050,445,0.57834700008118856
039521,272,2050,419,0.54273776512028782
039521,273,2050,327,0.54428916733809352
039521,273,2050,353,0.5479296266986704
039521,274,2050,365,0.54761425775892025
039521,275,2050,445,0.54114498487316731
039521,275,2050,449,0.55946582596836758
039521,276,2050,256,0.54093356274629512
039521,276,2050,264,0.54194809300721414
039521,276,2050,271,0.54692068581710396
039521,278,2050,228,0.55737969931564668
039521,278,2050,229,0.54029648188746215
039521,278,2050,230,0.55613299165945773
039521,279,2050,515,0.5405867242880924
039521,279,2050,516,0.55520540096161031
039521,279,2050,517,0.55055412948702276
039521,279,2050,519,0.54878566936895601
039521,279,2050,523,0.52500126506328926
039521,279,2050,540,0.53734773615260856
039521,282,2050,149,0.54972736695056557
039521,283,2050,248,0.5461583726030862
039521,284,2050,330,0.54189567020007146
039521,284,2050,332,0.54599791588840174
039521,285,2050,467,0.55286506469500929
039521,285,2050,473,0.55379590780847054
039521,286,2050,100,0.53602138953636413
039521,287,2050,375,0.56206214332533544
039521,289,2050,177,0.54610300914747723
039521,291,2050,213,0.54042975711594277
039521,291,2050,214,0.54161144141073703
039521,291,2050,215,0.541741951962463
039521,291,2050,222,0.55010286141761733
039521,292,2050,444,0.54575882828645883
039521,294,2050,273,0.53822944025883146
039521,295,2050,229,0.54361376697513086
039521,296,2050,163,0.5643255874334675
039521,296,2050,167,0.537289036001798
039521,296,2050,169,0.56805882133393049
039521,296,2050,170,0.55239540715322688
039521,296,2050,171,0.55693919115507706
039521,296,2050,174,0.542654191462282
039521,297,2050,357,0.53802322358086674
039521,297,2050,361,0.54520534164927192
039521,298,2050,269,0.55366171172534895
039521,298,2050,280,0.54666732976091303
039521,298,2050,294,0.54901608782710765
039521,299,2050,464,0.53893624684836117
039521,299,2050,475,0.56008563930199362
039521,300,2050,185,0.55018322668843866
039521,300,2050,206,0.55019919521130711
039521,301,2050,185,0.53799568965517242
039521,301,2050,211,0.55247552382502729
039521,301,2050,212,0.53875888440916087
039521,302,2050,201,0.54947299103555591
039521,302,2050,204,0.55462516722812338
039521,302,2050,219,0.51238757154538017
039521,302,2050,223,0.54607988642963157
039521,302,2050,231,0.55151358152616392
039521,302,2050,233,0.55350272605699002
039521,303,2050,383,0.5379397759583433
039521,307,2050,445,0.53942382871233541
039521,307,2050,455,0.53654251581166545
039521,308,2050,280,0.52713947771232428
039521,310,2050,270,0.5395241038318912
039521,311,2050,189,0.54216121831001485
039521,312,2050,222,0.54372846947749698
039521,312,2050,234,0.53854217061764231
039521,314,2050,137,0.52748661288870291
039521,315,2050,356,0.54437683528592617
039521,316,2050,256,0.50214416989993871
039521,317,2050,181,0.54966869358928916
039521,317,2050,194,0.54265916195148978
039521,319,2050,281,0.54307367613200308
039521,319,2050,316,0.53301720634060423
039521,319,2050,319,0.53298938072704827
039521,320,2050,138,0.56319635254687639
039521,320,2050,142,0.54226470454786069
039521,321,2050,338,0.54298911712216114
039521,321,2050,341,0.55388869368612415
039521,322,2050,190,0.52721200175208061
039521,322,2050,198,0.54810768069582716
039521,324,2050,138,0.53520640825633026
039521,324,2050,175,0.5477051830185643
039521,325,2050,190,0.54061973357722959
039521,325,2050,194,0.54679646863254572
039521,325,2050,200,0.54002171604767935
039521,325,2050,205,0.54599613417704973
039521,326,2050,255,0.52699617753238481
039521,326,2050,261,0.52253215509921691
039521,327,2050,153,0.55143608980460224
039521,327,2050,176,0.51057445816825919
039521,328,2050,165,0.53221491819256372
039521,328,2050,184,0.54581038943806803
039521,330,2050,359,0.56643533491229003
039521,331,2050,423,0.5460214239583101
039521,332,2050,181,0.54901584333628273
039521,332,2050,191,0.54448615010351331
039521,333,2050,424,0.55697667852504373
039521,333,2050,425,0.54126020117669382
039521,333,2050,443,0.5425539210643624
039521,333,2050,463,0.54108881218609839
039521,334,2050,364,0.51631633337949989
039521,335,2050,472,0.54031254613324331
039521,336,2050,139,0.54287942963085778
039521,336,2050,154,0.54471692899265645
039521,336,2050,156,0.56468227101267043
039521,337,2050,101,0.55461178031194502
039521,338,2050,152,0.54120043838715948
039521,338,2050,157,0.54789138056370945
039521,338,2050,163,0.54174546046076577
039521,338,2050,174,0.56146333738056275
039521,339,2050,190,0.55605869937872199
039521,339,2050,194,0.54528939585973801
039521,340,2050,338,0.55729310964034684
039521,340,2050,339,0.53914567684834869
039521,340,2050,345,0.55556107989857306
039521,341,2050,206,0.5474588906693173
039521,341,2050,211,0.54310513116994275
039521,342,2050,39,0.52795272266779236
039521,342,2050,54,0.53557152776474559
039521,343,2050,150,0.54016475675064646
039521,343,2050,166,0.54828525257361738
039521,344,2050,464,0.52627811535647251
039521,344,2050,469,0.55314960629921262
039521,345,2050,300,0.54512346891989261
039521,345,2050,311,0.54395757313377446
039521,346,2050,149,0.54954258793030386
039521,346,2050,152,0.54760724199131594
039521,346,2050,162,0.57351250359298644
039521,347,2050,155,0.54267129766021116
039521,347,2050,159,0.529655465458022
039521,348,2050,329,0.54822383196786129
039521,349,2050,149,0.51765347035696208
039521,350,2050,444,0.54152850788515972
039521,350,2050,446,0.51152184993427585
039521,351,2050,465,0.55399929420640814
039521,353,2050,464,0.54962307459623605
039521,355,2050,208,0.54477745872218231
039521,355,2050,213,0.53618426274267028
039521,355,2050,221,0.55648924551633261
039521,356,2050,148,0.53354334383385837
039521,357,2050,327,0.54684555664430545
039521,362,2050,418,0.53967656370326
039521,362,2050,424,0.53891829922109447
039521,363,2050,467,0.53734408342931639
039521,363,2050,468,0.54187934293306061
039521,363,2050,475,0.5457978396416967
039521,363,2050,476,0.53883671693358792
039521,363,2050,477,0.57486925406000555
039521,364,2050,256,0.54850487713874529
039521,365,2050,335,0.54030033065857919
039521,365,2050,356,0.53828734878731899
039521,365,2050,368,0.53499681331249616
039521,366,2050,237,0.55291062060188101
039521,367,2050,317,0.53078674919313151
039521,368,2050,114,0.52771593524772653
039521,369,2050,212,0.54151454216610306
039521,370,2050,518,0.54793140044056399
039521,370,2050,538,0.55139805681228216
039521,371,2050,470,0.54156456173421297
039521,371,2050,473,0.53436607803743263
039521,371,2050,484,0.54244379276637344
039521,372,2050,457,0.53029157444702579
039521,373,2050,190,0.54366656137259139
039521,374,2050,333,0.54166324665149423
039521,374,2050,338,0.54885184315567037
039521,374,2050,361,0.54691102158675453
039521,374,2050,369,0.55984098467183974
039521,374,2050,370,0.55332039291806367
039521,376,2050,374,0.54560154792343307
039521,376,2050,380,0.54923463559515651
039521,376,2050,394,0.58593834739787842
039521,378,2050,125,0.56387902975187687
039521,379,2050,399,0.54252894801675289
039521,379,2050,423,0.5328405870976447
039521,379,2050,427,0.55040336637642884
039521,379,2050,442,0.51922577774481815
039521,380,2050,361,0.57692580256537451
039521,380,2050,378,0.53654368714457801
039521,381,2050,171,0.5453962092874024
039521,381,2050,187,0.53907370505286401
039521,381,2050,216,0.54715457481943885
039521,382,2050,130,0.55287435193656598
039521,383,2050,326,0.53424647548512194
039521,383,2050,329,0.53599434412466496
039521,384,2050,383,0.52948470355440924
039521,384,2050,387,0.54431736715509904
039521,385,2050,356,0.54463738940077566
039521,385,2050,369,0.56229450067693898
039521,386,2050,60,0.54468063071226991
039521,386,2050,69,0.55337605029317538
039521,386,2050,71,0.54223715573445452
039521,387,2050,174,0.53791109178296503
039521,388,2050,305,0.53418931024186322
039521,388,2050,313,0.54069516830596809
039521,389,2050,434,0.55789452479755042
039521,389,2050,443,0.54002468726395103
039521,389,2050,444,0.54656702844829286
039521,390,2050,323,0.53195284159613054
039521,390,2050,326,0.54772675694076711
039521,390,2050,346,0.52949628585371145
039521,391,2050,368,0.53955712652042831
039521,391,2050,372,0.54842183188639881
039521,392,2050,330,0.53610858296070596
039521,392,2050,334,0.52417308512788274
039521,393,2050,172,0.54067277620983123
039521,395,2050,490,0.56388518198707382
039521,396,2050,252,0.52979312354312358
039521,396,2050,255,0.53264812575574361
039521,396,2050,266,0.53637803794289252
039521,396,2050,278,0.5428027061172922
039521,397,2050,137,0.53830175438596495
039521,398,2050,493,0.55007228539053643
039521,398,2050,507,0.53806671306422749
039521,399,2050,147,0.53575896078903051
039521,399,2050,165,0.52378870319989634
039521,400,2050,388,0.52959627643428109
039521,400,2050,395,0.54489190699273649
039521,401,2050,175,0.54819976771196288
039521,401,2050,176,0.54393266995598921
039521,401,2050,189,0.53021721541046862
039521,402,2050,186,0.56006298740251947
039521,402,2050,197,0.55518872416748677
039521,405,2050,294,0.55386888144425828
039521,405,2050,322,0.53377164992059845
039521,406,2050,409,0.55087260651451986
039521,407,2050,306,0.54802326645118005
039521,407,2050,329,0.34482319514194532
039521,408,2050,371,0.54588708490704863
039521,409,2050,210,0.5478075916230366
039521,409,2050,216,0.54474852071005919
039521,410,2050,484,0.53688282275601518
039521,411,2050,295,0.53318615082702547
039521,411,2050,304,0.54450809738900519
039521,413,2050,151,0.53415338738235019
039521,413,2050,155,0.54282335343681032
039521,414,2050,414,0.53470791238937498
039521,414,2050,422,0.54734241101939962
039521,414,2050,427,0.54784005138911196
039521,414,2050,433,0.54036451353524528
039521,414,2050,438,0.53237120515179392
039521,415,2050,171,0.53541225780420121
039521,415,2050,194,0.53189359551229953
039521,416,2050,458,0.54831060159801837
039521,416,2050,483,0.53242339231765212
039521,417,2050,71,0.55117391304347829
039521,417,2050,81,0.54134018107263204
039521,418,2050,412,0.5390537087088666
039521,418,2050,428,0.53538623190861945
039521,419,2050,68,0.54158814411722067
039521,420,2050,221,0.54665932990077504
039521,421,2050,235,0.54957382074923933
039521,421,2050,252,0.55823878421983975
039521,422,2050,268,0.54512082772305293
039521,422,2050,272,0.54667965964728815
039521,423,2050,361,0.54144546092436419
039521,423,2050,378,0.53335148380070785
039521,424,2050,229,0.56719337270844516
039521,424,2050,231,0.54346321600437775
039521,424,2050,244,0.54342262123360807
039521,425,2050,404,0.54687216211307443
039521,425,2050,410,0.55459146782357194
039521,426,2050,386,0.54337752606513068
039521,426,2050,389,0.54119429854045376
039521,427,2050,138,0.55344614114733803
039521,427,2050,146,0.54092713838710527
039521,428,2050,258,0.55259399982149915
039521,430,2050,610,0.53795887568383327
039521,431,2050,361,0.54349042913413037
039521,431,2050,370,0.55903331769122477
039521,432,2050,366,0.54687191781861222
039521,433,2050,162,0.54023546213563789
039521,434,2050,299,0.53093838076026156
039521,434,2050,315,0.5517409766454352
039521,435,2050,101,0.54545728855496212
039521,435,2050,107,0.54212464670111626
039521,436,2050,377,0.53948946885596605
039521,436,2050,387,0.53585367498964043
039521,439,2050,409,0.54307083039047521
039521,439,2050,418,0.55969693266528164
039521,440,2050,369,0.53770402159955866
039521,441,2050,362,0.54861989043404968
039521,442,2050,187,0.54034902787538064
039521,442,2050,212,0.55545442399545741
039521,442,2050,220,0.54749386165438996
039521,443,2050,445,0.523215583345083
039521,443,2050,451,0.54535379310816634
039521,443,2050,456,0.5483046290661695
039521,444,2050,480,0.53787179991229528
039521,445,2050,126,0.55590096902481378
039521,445,2050,143,0.56194365902188714
039521,446,2050,234,0.53613512531783514
039521,446,2050,246,0.54684640337258761
039521,446,2050,257,0.53035154653222505
039521,447,2050,146,0.54839678566723749
039521,448,2050,289,0.54017390167364021
039521,449,2050,480,0.53950950687217314
039521,449,2050,497,0.52841983407293069
039521,450,2050,383,0.54903974470554107
039521,451,2050,407,0.52315974808695065
039521,451,2050,418,0.54168153169223454
039521,452,2050,102,0.53101313477788004
039521,453,2050,365,0.54634411103357372
039521,454,2050,155,0.54046333304098326
039521,456,2050,387,0.55527855019656724
039521,456,2050,403,0.54318348295657803
039521,458,2050,335,0.54130884191431816
039521,459,2050,331,0.52738349653918537
039521,459,2050,337,0.53655023406553837
039521,459,2050,359,0.53785115470220546
039521,460,2050,185,0.56388312148680808
039521,460,2050,186,0.55543433227454775
039521,460,2050,201,0.53281068985764846
039521,460,2050,211,0.54826741098781406
039521,461,2050,177,0.5400104281683229
039521,461,2050,186,0.53941336126455275
039521,462,2050,244,0.54027558411851206
039521,462,2050,249,0.54495443202029537
039521,463,2050,147,0.54351830903978537
039521,465,2050,199,0.54177028828362817
039521,466,2050,497,0.53038858446218462
039521,467,2050,430,0.54795973364396611
039521,467,2050,446,0.53653111680209842
039521,467,2050,456,0.54974411092156361
039521,468,2050,218,0.54436163121856629
039521,468,2050,239,0.54747331858035242
039521,468,2050,241,0.54935702033279799
039521,469,2050,457,0.54641521143270877
039521,469,2050,461,0.53614657297376844
039521,469,2050,481,0.53468346580979764
039521,470,2050,419,0.53308685634678243
039521,471,2050,125,0.54360391349705361
039521,472,2050,200,0.528023598820059
039521,472,2050,207,0.53888687088832388
039521,472,2050,221,0.52641110234526289
039521,472,2050,227,0.53376216286815126
039521,473,2050,196,0.54647043500911696
039521,473,2050,203,0.55855155310831828
039521,474,2050,455,0.54541514159121551
039521,475,2050,204,0.5530231759094888
039521,475,2050,211,0.54636813329862011
039521,477,2050,243,0.53765903307888041
039521,477,2050,245,0.54175610160361332
039521,477,2050,258,0.54288387989258691
039521,477,2050,266,0.52285584506751459
039521,479,2050,454,0.541488242347126
039521,480,2050,420,0.54054729476446328
039521,480,2050,421,0.54388846106390853
039521,481,2050,448,0.54019510899242884
039521,482,2050,150,0.54660371824061016
039521,483,2050,220,0.53491660977274946
039521,483,2050,223,0.54521030201964049
039521,483,2050,224,0.54645158117346182
039521,483,2050,228,0.56287641928583187
039521,483,2050,238,0.56275750202757502
039521,484,2050,349,0.54587219503185891
039521,484,2050,376,0.53109843255592337
039521,485,2050,213,0.53111073686392374
039521,486,2050,120,0.55932700414207692
039521,486,2050,121,0.52557067603160668
039521,487,2050,300,0.55197503781117574
039521,488,2050,369,0.54019512080307863
039521,488,2050,382,0.54851930435413376
039521,488,2050,398,0.54795108345848531
039521,489,2050,253,0.54808159129767875
039521,489,2050,273,0.5473470786452681
039521,490,2050,333,0.53803026036199786
039521,491,2050,151,0.55443597087546159
039521,491,2050,169,0.53658143571789552
039521,492,2050,371,0.54005763688760811
039521,493,2050,298,0.54003113598821106
039521,493,2050,305,0.54290466568341444
039521,494,2050,411,0.53255607783610026
039521,494,2050,415,0.54557731262660369
039521,495,2050,275,0.57270432705911645
039521,497,2050,398,0.53715342836135949
039521,497,2050,404,0.53804097557708253
039521,497,2050,426,0.5389823105481546
039521,497,2050,432,0.54311896579937813
039521,498,2050,318,0.52861312877605049
039521,499,2050,200,0.55364400426153182
039521,499,2050,210,0.54562896811553752
039521,499,2050,227,0.54134582739186532
039521,500,2050,406,0.55279426463148285
039521,501,2050,251,0.54238436101409049
039521,502,2050,307,0.54495771252831282
039521,502,2050,321,0.53951315532246213
039521,503,2050,401,0.53944055767114107
039521,504,2050,386,0.55414003672441037
039521,505,2050,157,0.53602124132850393
039521,505,2050,187,0.54218057633146111
039521,507,2050,157,0.53767897235820239
039521,509,2050,355,0.55083332009342079
039521,511,2050,178,0.55012873227529491
039521,511,2050,188,0.53937486492327646
039521,511,2050,198,0.55000220937659428
039521,512,2050,459,0.55512846449524578
039521,512,2050,470,0.52869855827148016
039521,512,2050,477,0.53375952889928613
039521,513,2050,187,0.54701669751874493
039521,513,2050,196,0.54267495094833229
039521,514,2050,208,0.53916022014394027
039521,514,2050,221,0.53197271890669218
039521,515,2050,189,0.55350682241058502
039521,517,2050,238,0.54879351132139231
039521,517,2050,252,0.52735555245665411
039521,517,2050,258,0.55084348081985857
039521,518,2050,265,0.54929638575126916
039521,518,2050,281,0.546263562804852
039521,519,2050,156,0.54769167021558218
039521,519,2050,176,0.55079179508980758
039521,520,2050,385,0.54607622876512552
039521,521,2050,298,0.54211915011803913
039521,522,2050,314,0.54454867973046972
039521,522,2050,321,0.5567035261016231
039521,522,2050,322,0.53790750888688121
039521,523,2050,456,0.53993669022379265
039521,523,2050,460,0.54377596101627745
039521,523,2050,463,0.53729148198887899
039521,523,2050,464,0.54559186345098432
039521,523,2050,467,0.54489256050127222
039521,524,2050,208,0.5639500795711534
039521,524,2050,220,0.54627276661028279
039521,524,2050,222,0.53783382789317502
039521,525,2050,194,0.5428295597824504
039521,525,2050,195,0.56072967410456487
039521,525,2050,199,0.52823559150657229
039521,526,2050,518,0.53652130774393747
039521,526,2050,534,0.54452676512438059
039521,526,2050,536,0.54597666526095945
039521,526,2050,539,0.55923674967441495
039521,527,2050,430,0.54504504504504503
039521,527,2050,448,0.55390859783766955
039521,528,2050,351,0.54797691085022726
039521,532,2050,467,0.53902128375910385
039521,532,2050,473,0.54537929934082596
039521,532,2050,484,0.54500364415033253
039521,532,2050,495,0.54776075189184825
039521,533,2050,83,0.55698887543950659
039521,533,2050,87,0.54343503523849501
039521,533,2050,96,0.55920510142378099
039521,534,2050,430,0.55191920801545724
039521,534,2050,442,0.53038410089814636
039521,534,2050,444,0.55004976664192984
039521,535,2050,256,0.54380411846030707
039521,535,2050,269,0.53996062274401135
039521,536,2050,469,0.57818668162305586
039521,536,2050,471,0.54359050690482102
039521,536,2050,482,0.54526643017889154
039521,536,2050,492,0.55489820292753378
039521,536,2050,494,0.54628793284993538
039521,537,2050,176,0.5476244730545744
039521,539,2050,318,0.54283212984061746
039521,539,2050,326,0.53549934767055263
039521,540,2050,376,0.53340782513050611
039521,540,2050,377,0.54144922980194909
039521,540,2050,389,0.54183788701025759
039521,541,2050,135,0.55677075838250112
039521,542,2050,221,0.53849800872368669
039521,542,2050,238,0.54192188193519752
039521,544,2050,388,0.52178118954003616
039521,544,2050,400,0.54002232381767867
039521,545,2050,252,0.4987948903350205
039521,545,2050,278,0.54380692531767438
039521,546,2050,382,0.5527619359900694
039521,547,2050,240,0.54058361355921403
039521,548,2050,323,0.53107598469686446
039521,549,2050,244,0.54850210087854923
039521,550,2050,523,0.5471789970969545
039521,551,2050,394,0.54901569566374031
039521,551,2050,402,0.54753735920785673
039521,551,2050,414,0.54674401048909371
039521,552,2050,495,0.54980800705023292
039521,553,2050,228,0.55090779636881448
039521,554,2050,385,0.55577218701960929
039521,556,2050,147,0.53642600333337132
039521,556,2050,156,0.52017239566908446
039521,556,2050,158,0.5467909352752568
039521,556,2050,160,0.55089180306946173
039521,557,2050,434,0.54359242325277601
039521,557,2050,437,0.53577177842873358
039521,557,2050,443,0.56621825350805988
039521,558,2050,507,0.53664443217062496
039521,559,2050,332,0.52762787143607626
039521,559,2050,338,0.53766338877423014
039521,559,2050,340,0.54372282134215799
039521,561,2050,497,0.53960337872240427
039521,561,2050,505,0.51970255691341849
039521,561,2050,518,0.57294506402313095
039521,561,2050,526,0.5402764652176002
039521,562,2050,73,0.53648782493319136
039521,562,2050,87,0.54373319785779306
039521,562,2050,94,0.54062658273641562
039521,562,2050,97,0.5392872250423012
039521,562,2050,99,0.54232416085277124
039521,563,2050,72,0.5298715443508345
039521,564,2050,121,0.57164482332788913
039521,564,2050,124,0.54614023133327338
039521,564,2050,132,0.52364700146270116
039521,564,2050,135,0.53327246107586468
039521,564,2050,143,0.53210465933903262
039521,564,2050,144,0.53810704856388514
039521,565,2050,358,0.54509237527832943
039521,565,2050,360,0.53765463358171162
039521,565,2050,367,0.54074476549007433
039521,565,2050,381,0.55369892543358268
039521,566,2050,186,0.53610176926451236
039521,566,2050,202,0.54536182091475194
039521,568,2050,253,0.55264814944378371
039521,568,2050,272,0.53507862222900726
039521,569,2050,110,0.54309231762427368
039521,569,2050,115,0.54226559634201477
039521,569,2050,125,0.55090493634616078
039521,569,2050,137,0.55628318584070802
039521,571,2050,80,0.53544542032622333
039521,575,2050,254,0.53756691547915259
039521,575,2050,272,0.54893293235262142
039521,576,2050,474,0.54177993445288486
039521,577,2050,170,0.55395234865556697
039521,577,2050,174,0.54488332196523426
039521,579,2050,205,0.56093179904574797
039521,579,2050,216,0.53926056232685327
039521,580,2050,388,0.53274134574291276
039521,580,2050,396,0.54931904526318742
039521,581,2050,292,0.54587693873487175
039521,581,2050,298,0.55329383598671655
039521,583,2050,395,0.54224519293942441
039521,583,2050,404,0.57259940665485665
039521,583,2050,428,0.53862643412089217
039521,584,2050,93,0.5427520481524829
039521,584,2050,103,0.54686709069700901
039521,585,2050,399,0.56422992600712529
039521,587,2050,88,0.53474239412933799
039521,587,2050,95,0.54926772247788413
039521,587,2050,99,0.54513360001138844
039521,588,2050,186,0.53667516881328303
039521,588,2050,191,0.54915216044166526
039521,589,2050,249,0.56551997802264886
039521,590,2050,434,0.53885872458213568
039521,590,2050,435,0.53398194430276447
039521,590,2050,438,0.55679523740138637
039521,591,2050,140,0.5415187807238977
039521,591,2050,149,0.5494307636907565
039521,591,2050,155,0.55759626893392211
039521,592,2050,413,0.54037733748886907
039521,592,2050,426,0.54181128644141097
039521,592,2050,434,0.54842419080068139
039521,593,2050,290,0.5421193630004465
039521,594,2050,235,0.53322931962799802
039521,594,2050,252,0.55076976666860189
039521,595,2050,190,0.5543962714252969
039521,595,2050,199,0.55236850849576757
039521,596,2050,64,0.54234444730017062
039521,596,2050,67,0.54186111853511787
039521,596,2050,93,0.28998575146924438
039521,597,2050,300,0.54057485141640194
039521,599,2050,442,0.55742615320809208
039521,599,2050,453,0.55130630726387619
039521,599,2050,462,0.53471856732840717
039521,599,2050,468,0.52984481152439167
039521,600,2050,362,0.57012040681136267
039521,600,2050,370,0.58564155901029125
039521,601,2050,540,0.54973181933323789
039521,601,2050,545,0.54132042623072274
039521,601,2050,559,0.54258840974533162
039521,602,2050,58,0.55624036979969183
039521,602,2050,60,0.56356943891762834
039521,604,2050,387,0.54189466748343729
039521,605,2050,67,0.55336404948245388
039521,606,2050,101,0.53721323137115418
039521,606,2050,104,0.54507502420135523
039521,607,2050,260,0.53944122001080907
039521,607,2050,274,0.53971455446619154
039521,607,2050,278,0.55093397530203736
039521,607,2050,279,0.54630478362285473
039521,608,2050,328,0.54340841421770658
039521,608,2050,346,0.53448250675626319
039521,609,2050,275,0.53824624534572807
039521,610,2050,126,0.57812352106010412
039521,610,2050,127,0.54703587457100111
039521,610,2050,151,0.54407132078358289
039521,612,2050,325,0.56956045855175985
039521,612,2050,327,0.5381048971312663
039521,613,2050,374,0.51691759112519808
039521,614,2050,466,0.53739874460847914
039521,616,2050,127,0.55045355100369753
039521,617,2050,316,0.55630409282566651
039521,617,2050,322,0.53359044538442402
039521,617,2050,324,0.53071241012049375
039521,618,2050,269,0.54541701522048514
039521,618,2050,291,0.55770739450110385
039521,618,2050,292,0.54290519778762492
039521,618,2050,295,0.56869763111616844
039521,618,2050,300,0.53300533005330053
039521,619,2050,131,0.53674379621037505
039521,620,2050,491,0.53643687631603043
039521,624,2050,227,0.54484739808241234
039521,624,2050,231,0.54823737317313459
039521,624,2050,232,0.53809951701673597
039521,624,2050,237,0.51714714714714716
039521,625,2050,141,0.53725761513865256
039521,626,2050,203,0.5463196611569836
039521,627,2050,470,0.54952352822298567
039521,629,2050,372,0.54094155858843118
039521,630,2050,378,0.55139362803358505
039521,630,2050,380,0.55204297052457174
039521,630,2050,389,0.52612269667880396
039521,631,2050,33,0.54701681395995916
039521,631,2050,42,0.53375018106320316
039521,632,2050,129,0.53660430090831457
039521,632,2050,138,0.53189364286678364
039521,633,2050,390,0.54378626692456478
039521,633,2050,407,0.5445773832497105
039521,634,2050,479,0.55968194869529553
039521,636,2050,289,0.54010156375947127
039521,637,2050,386,0.53991865194654276
039521,637,2050,390,0.54494399232128088
039521,637,2050,396,0.54826824746407188
039521,637,2050,411,0.54370620018188631
039521,638,2050,337,0.5215330307614725
039521,638,2050,350,0.54127588326858433
039521,638,2050,351,0.5330007360758976
039521,640,2050,117,0.53982288601410244
039521,640,2050,124,0.54742873827511951
039521,641,2050,86,0.53382647557404839
039521,642,2050,171,0.55287787763262342
039521,642,2050,191,0.54781355117731856
039521,643,2050,195,0.53723389644279629
039521,644,2050,410,0.5309585818701168
039521,644,2050,411,0.53776454024411424
039521,644,2050,431,0.54147867298578201
039521,644,2050,450,0.54390272835112696
039521,645,2050,424,0.52595172969962001
039521,645,2050,434,0.52631061716041883
039521,646,2050,139,0.55901450148025489
039521,646,2050,145,0.54685653177238702
039521,646,2050,161,0.51301653275935655
039521,647,2050,180,0.54134291000108825
039521,649,2050,343,0.5523634612680407
039521,650,2050,248,0.51159190308472346
039521,650,2050,254,0.53908682527987073
039521,650,2050,266,0.53810528357702292
039521,651,2050,375,0.54606714165201398
039521,651,2050,386,0.5201602917670366
039521,652,2050,477,0.54825926356814614
039521,653,2050,216,0.55124036118250974
039521,656,2050,223,0.54385514318736361
039521,656,2050,224,0.55535735521465102
039521,656,2050,239,0.5519408031129398
039521,656,2050,243,0.54419556840077077
039521,658,2050,506,0.53680382017467898
039521,659,2050,272,0.53756934684518087
039521,660,2050,249,0.54759658743404482
039521,660,2050,261,0.54108410885193847
039521,661,2050,478,0.53442162801004578
039521,661,2050,493,0.54537492701643175
039521,661,2050,497,0.56720721838082544
039521,661,2050,506,0.54239041336508065
039521,662,2050,175,0.54205315373447327
039521,663,2050,419,0.53689152458611322
039521,663,2050,432,0.5396296851055985
039521,665,2050,188,0.55919476421434
039521,665,2050,214,0.54357641400711432
039521,667,2050,112,0.53867837944145802
039521,667,2050,115,0.54093881739173433
039521,667,2050,119,0.54173254755402234
039521,667,2050,130,0.53391809945462509
039521,668,2050,75,0.53979558892267365
039521,668,2050,91,0.55246672358026616
039521,668,2050,107,0.5362576945530324
039521,669,2050,334,0.54254040788694258
039521,670,2050,393,0.53938835536340768
039521,670,2050,404,0.52519474196689386
039521,670,2050,414,0.53741680711552897
039521,670,2050,416,0.54786867060781108
039521,671,2050,481,0.54565955383123177
039521,671,2050,497,0.54560979080688776
039521,672,2050,248,0.53763555981005884
039521,674,2050,474,0.54172636338542834
039521,675,2050,184,0.55276093971470797
039521,675,2050,201,0.54881653829911314
039521,675,2050,204,0.54174283973187076
039521,676,2050,212,0.55727298605180753
039521,677,2050,486,0.54008853048165839
039521,679,2050,189,0.54731164882762062
039521,679,2050,200,0.55625991660824325
039521,679,2050,211,0.58687385440319539
039521,679,2050,224,0.54250387388425725
039521,680,2050,197,0.55146926854737388
039521,680,2050,208,0.54965403724814821
039521,681,2050,427,0.53628152627348924
039521,681,2050,439,0.54592807460777892
039521,682,2050,263,0.54803764250828602
039521,682,2050,272,0.55571682571936576
039521,684,2050,401,0.50800673427038878
039521,684,2050,409,0.55285487831411428
039521,684,2050,438,0.56280631343341181
039521,685,2050,218,0.54621383488618569
039521,685,2050,228,0.52267391572964295
039521,686,2050,399,0.54767493497430697
039521,686,2050,414,0.5364460608544207
039521,689,2050,282,0.54851973684210531
039521,689,2050,287,0.53321164182131631
039521,689,2050,288,0.52128261646610274
039521,689,2050,289,0.53880812418599744
039521,690,2050,214,0.52952905811623241
039521,690,2050,216,0.55117802947796413
039521,691,2050,377,0.54891812582631971
039521,691,2050,383,0.54688737525740538
039521,691,2050,387,0.5492148037500737
039521,691,2050,396,0.54948297014663783
039521,693,2050,426,0.53889705350904671
039521,695,2050,191,0.51374842396115572
039521,695,2050,195,0.55174887034690512
039521,696,2050,471,0.54870213059502926
039521,697,2050,353,0.54078745879726964
039521,698,2050,372,0.55448905536696713
039521,699,2050,135,0.57101387276171856
039521,699,2050,148,0.57802672340958161
039521,699,2050,150,0.54796062756277175
039521,699,2050,155,0.53963128972625285
039521,699,2050,159,0.54193694373208634
039521,700,2050,95,0.54346627458187835
039521,701,2050,289,0.53465248085910311
039521,701,2050,296,0.53966976729215621
039521,703,2050,211,0.5337251708387919
039521,703,2050,213,0.55335905563256549
039521,703,2050,228,0.54799781972138062
039521,704,2050,151,0.54849614661347657
039521,705,2050,168,0.56376783143567599
039521,705,2050,170,0.52615200173453902
039521,706,2050,433,0.53495368805354604
039521,706,2050,439,0.55373225982532748
039521,707,2050,415,0.54008714241420386
039521,707,2050,424,0.55638378895172658
039521,708,2050,163,0.56128907008347895
039521,708,2050,175,0.54752240297249199
039521,709,2050,108,0.53122006638301666
039521,709,2050,112,0.54435038645564959
039521,709,2050,131,0.50391476986745709
039521,710,2050,198,0.54317493300190312
039521,710,2050,207,0.55072049711622595
039521,710,2050,208,0.54410821900243622
039521,710,2050,214,0.54336648601433313
039521,711,2050,124,0.55601735200145463
039521,711,2050,133,0.54503150471125494
039521,711,2050,142,0.53206827393725198
039521,712,2050,582,0.53617642556899126
039521,713,2050,209,0.54305203998455531
039521,713,2050,214,0.52881665356626695
039521,713,2050,229,0.55200009224985869
039521,715,2050,293,0.5536289747611578
039521,715,2050,302,0.54191246811224492
039521,715,2050,314,0.53472170262293717
039521,716,2050,360,0.54311382048608325
039521,716,2050,374,0.51538212435233166
039521,717,2050,312,0.53304511600034243
039521,717,2050,319,0.5427078692641043
039521,719,2050,166,0.54491533959286909
039521,719,2050,169,0.53461741571472243
039521,719,2050,174,0.5500947344312811
039521,720,2050,418,0.53766300839251124
039521,720,2050,430,0.53937743301629859
039521,724,2050,161,0.5480396657790837
039521,725,2050,72,0.54925658733999028
039521,725,2050,75,0.54729473660744143
039521,725,2050,76,0.53452376788275213
039521,726,2050,302,0.55270613159904414
039521,727,2050,401,0.5508731066889655
039521,727,2050,416,0.55465577596266047
039521,727,2050,433,0.55865290669272105
039521,728,2050,406,0.5316430455856187
039521,728,2050,441,0.54307038149326514
039521,729,2050,68,0.53875800673108243
039521,729,2050,75,0.54662677819158678
039521,729,2050,86,0.54834188143098339
039521,729,2050,95,0.54937880175673459
039521,730,2050,245,0.5312910011037757
039521,730,2050,261,0.52196275717074636
039521,731,2050,297,0.54260453824195942
039521,732,2050,298,0.54779942811661708
039521,733,2050,226,0.54169161377878894
039521,734,2050,499,0.54466934054659077
039521,734,2050,520,0.5418029695161678
039521,735,2050,190,0.54693431321935071
039521,735,2050,192,0.54983142863330858
039521,735,2050,210,0.55180216583158237
039521,736,2050,354,0.54852977129775737
039521,736,2050,359,0.54461307262938863
039521,736,2050,380,0.55479730172244413
039521,738,2050,152,0.54743778974284352
039521,738,2050,157,0.54491183134666532
039521,738,2050,172,0.55197695531261248
039521,738,2050,176,0.55385230605171953
039521,739,2050,331,0.53805624678520292
039521,739,2050,335,0.53942110556362977
039521,739,2050,340,0.53531049092297456
039521,740,2050,380,0.53439170581564877
039521,740,2050,381,0.53216728844631178
039521,740,2050,408,0.56652175355922074
039521,740,2050,413,0.51429126339300169
039521,741,2050,237,0.54294716015398181
039521,742,2050,339,0.55397813085241343
039521,742,2050,365,0.54849284343256433
039521,743,2050,209,0.5435822670139282
039521,743,2050,222,0.5518355189354377
039521,743,2050,226,0.54440054220863499
039521,743,2050,230,0.55677232450066694
039521,743,2050,234,0.54741020895362247
039521,744,2050,478,0.55724385121986075
039521,744,2050,492,0.52527306255614925
039521,744,2050,493,0.55486778519845792
039521,747,2050,474,0.55120660601701899
039521,750,2050,320,0.55102230591298484
039521,750,2050,330,0.54244989010268019
039521,750,2050,339,0.54229803207198257
039521,750,2050,341,0.54818191982309905
039521,750,2050,350,0.54424085013382317
039521,751,2050,366,0.56331367855683345
039521,751,2050,367,0.53647243019062774
039521,751,2050,391,0.55386207425198664
039521,751,2050,394,0.55367782472104865
039521,753,2050,234,0.54207258834766003
039521,753,2050,241,0.54891454965357966
039521,754,2050,393,0.55237783951626085
039521,755,2050,299,0.55796208450799334
039521,755,2050,310,0.54212260631683662
039521,755,2050,322,0.54942853776363854
039521,756,2050,199,0.54598749093190602
039521,758,2050,187,0.55367526270501422
039521,759,2050,261,0.54877080863783956
039521,762,2050,248,0.52947873268094181
039521,763,2050,362,0.53483227938688938
039521,764,2050,276,0.54755561787249951
039521,764,2050,291,0.54938900373711297
039521,764,2050,308,0.53984487137021087
039521,764,2050,312,0.53253691791507274
039521,767,2050,492,0.53821639344262295
039521,768,2050,323,0.54651736385161798
039521,769,2050,432,0.55188825659596485
039521,769,2050,434,0.54193131027993413
039521,769,2050,445,0.5568397886006019
039521,770,2050,475,0.5423396947661886
039521,770,2050,490,0.55040993052583054
039521,771,2050,167,0.48685342019543976
039521,771,2050,173,0.54574476683100304
039521,772,2050,319,0.5353720382882271
039521,772,2050,325,0.53935808573572908
039521,772,2050,331,0.52700137189418395
039521,773,2050,341,0.53106601679374577
039521,774,2050,247,0.53496329032717937
039521,774,2050,260,0.54257337681589091
039521,775,2050,108,0.54435298645511321
039521,776,2050,376,0.54681215992429621
039521,776,2050,391,0.53875551200391969
039521,777,2050,361,0.56195354344802895
039521,778,2050,245,0.53993362563891378
039521,778,2050,265,0.5461836770668077
039521,779,2050,496,0.54008909805814498
039521,779,2050,498,0.54257387779694899
039521,779,2050,513,0.53840376868983408
039521,779,2050,525,0.52917317729977731
039521,780,2050,440,0.54619890681823136
039521,781,2050,306,0.55291258491911577
039521,781,2050,312,0.5389287625232938
039521,782,2050,444,0.54370837489141277
039521,782,2050,449,0.5487815167948944
039521,783,2050,136,0.52706909881109087
039521,783,2050,143,0.54995529727313364
039521,784,2050,208,0.54352109740616528
039521,784,2050,213,0.53490854743434635
039521,786,2050,25,0.54372881721241251
039521,786,2050,46,0.54113762218553207
039521,787,2050,350,0.54900372054568003
039521,787,2050,355,0.50387464581982044
039521,789,2050,148,0.54444506968281658
039521,789,2050,165,0.53837096283863339
039521,790,2050,227,0.53612014923236928
039521,792,2050,450,0.54749154598061489
039521,792,2050,459,0.54959159859976658
039521,793,2050,470,0.54765845584655826
039521,794,2050,253,0.52995311686056612
039521,794,2050,255,0.54488620398988485
039521,795,2050,192,0.55119615889233176
039521,795,2050,216,0.53957348492909152
039521,796,2050,177,0.54400890586393214
039521,797,2050,92,0.53984951285796157
039521,797,2050,93,0.52048103483123354
039521,797,2050,98,0.5439649174321296
039521,797,2050,114,0.56447882209565503
039521,798,2050,72,0.52791825424315897
039521,798,2050,73,0.53412486395567427
039521,798,2050,81,0.54199008225198209
039521,799,2050,341,0.52957114659967697
039521,799,2050,372,0.55327974201388075
039521,801,2050,355,0.55652595827268314
039521,802,2050,444,0.53996987103332561
039521,803,2050,381,0.52986473033905257
039521,804,2050,537,0.56457339123829653
039521,805,2050,170,0.54102077131026927
039521,805,2050,171,0.57561079093448364
039521,805,2050,190,0.53564067117538472
039521,805,2050,196,0.52518985173483568
039521,806,2050,152,0.54256230987714493
039521,807,2050,332,0.5543480093755796
039521,807,2050,363,0.5409281900609737
039521,808,2050,363,0.54348394405472533
039521,808,2050,364,0.55481799880298166
039521,808,2050,369,0.57730516849232705
039521,808,2050,379,0.53717323069168554
039521,808,2050,391,0.55290707990773058
039521,808,2050,395,0.53661758954900485
039521,809,2050,181,0.53318560348833055
039521,809,2050,198,0.54730970909455257
039521,810,2050,475,0.53326258641505375
039521,810,2050,500,0.54734739790179288
039521,810,2050,508,0.5388389206868357
039521,813,2050,474,0.49965926127845167
039521,813,2050,479,0.52379093118258269
039521,814,2050,49,0.55551293730322349
039521,814,2050,55,0.55557793641329745
039521,815,2050,210,0.5156518914286109
039521,815,2050,217,0.54154263344615261
039521,815,2050,222,0.54037197983660701
039521,816,2050,425,0.55000078902933613
039521,816,2050,428,0.57050338534000589
039521,817,2050,355,0.53998674139697467
039521,817,2050,361,0.55085217215394733
039521,818,2050,244,0.54243593276384683
039521,818,2050,246,0.55425871891065726
039521,819,2050,166,0.52361079350560258
039521,819,2050,171,0.55325564338684707
039521,820,2050,231,0.52845148790302554
039521,820,2050,236,0.53809041680089587
039521,820,2050,237,0.52356299961933761
039521,821,2050,317,0.53562583135897246
039521,823,2050,414,0.52751399543852373
039521,823,2050,430,0.54510249610641071
039521,824,2050,240,0.54311766719571775
039521,824,2050,263,0.54381351014310231
039521,825,2050,362,0.51991753092590276
039521,825,2050,366,0.55041538739389562
039521,825,2050,394,0.53966189856957092
039521,827,2050,139,0.5319309151499616
039521,829,2050,272,0.55564626833321296
039521,829,2050,275,0.53802385426027288
039521,831,2050,323,0.55934280062590414
039521,831,2050,328,0.55488877916619195
039521,831,2050,349,0.53949428526694854
039521,833,2050,90,0.55113171529860927
039521,834,2050,263,0.53784982257497926
039521,834,2050,268,0.53428751576292555
039521,835,2050,255,0.56143687494657668
039521,836,2050,241,0.5345489187640734
039521,836,2050,256,0.54948360775317806
039521,837,2050,364,0.54017223910840928
039521,837,2050,373,0.53794282540398863
039521,837,2050,377,0.55021952749320513
039521,838,2050,342,0.54407019196796613
039521,839,2050,314,0.55272727272727273
039521,840,2050,135,0.53689611272243443
039521,840,2050,173,0.5437265214124718
039521,841,2050,498,0.53792424062413369
039521,842,2050,289,0.54289522578560467
039521,842,2050,296,0.53738589322914343
039521,842,2050,302,0.55648731107701532
039521,842,2050,309,0.54518287488664785
039521,843,2050,153,0.53939314445610353
039521,843,2050,154,0.54621138901330313
039521,843,2050,157,0.53960251351746313
039521,843,2050,178,0.55107038138576814
039521,844,2050,217,0.52821358479172231
039521,844,2050,243,0.5384243206193049
039521,844,2050,247,0.53252156886740498
039521,845,2050,200,0.53514841105819633
039521,846,2050,193,0.55351056578050439
039521,846,2050,195,0.5466135917849313
039521,847,2050,332,0.53251453432410578
039521,847,2050,355,0.55278257772618744
039521,848,2050,433,0.53529496137532528
039521,849,2050,252,0.54449647723916805
039521,850,2050,518,0.54343649500897961
039521,850,2050,534,0.53903899560286972
039521,850,2050,535,0.53492895571803012
039521,850,2050,547,0.53596162897550259
039521,852,2050,202,0.54387945230897694
039521,853,2050,381,0.54937410040563528
039521,853,2050,384,0.53827064949485603
039521,853,2050,385,0.57447115523361514
039521,854,2050,62,0.5455965818506473
039521,855,2050,417,0.55134865985730475
039521,855,2050,440,0.55964686932941876
039521,856,2050,449,0.54278775994162709
039521,856,2050,466,0.54716999870889571
039521,857,2050,114,0.55139790926003163
039521,858,2050,398,0.54098245243501064
039521,858,2050,412,0.57340200802259622
039521,859,2050,354,0.55341345227686978
039521,861,2050,101,0.52828093703735957
039521,861,2050,108,0.532763368629665
039521,862,2050,202,0.54698031633502509
039521,862,2050,225,0.54234893113226468
039521,863,2050,312,0.5523951113929032
039521,863,2050,313,0.55059690925514515
039521,864,2050,247,0.5587646554189305
039521,864,2050,267,0.55113878080415046
039521,865,2050,120,0.54467142164670035
039521,866,2050,173,0.54875256725362787
039521,867,2050,278,0.54904503436394292
039521,868,2050,189,0.52410421688378517
039521,869,2050,195,0.5395409113252797
039521,869,2050,217,0.52839240258468767
039521,870,2050,463,0.54378918896766526
039521,871,2050,71,0.56047210300429184
039521,871,2050,75,0.55006958711644249
039521,871,2050,82,0.52388457203275718
039521,871,2050,87,0.51718295285520277
039521,872,2050,405,0.54436040578666189
039521,872,2050,409,0.53566179919327106
039521,872,2050,417,0.54060763129956912
039521,873,2050,165,0.48701489335275455
039521,873,2050,170,0.53920814793339467
039521,873,2050,185,0.5461733508826262
039521,874,2050,451,0.52344970321774442
039521,874,2050,473,0.55441634241245141
039521,875,2050,406,0.54778162152363397
039521,875,2050,414,0.55076059778978104
039521,875,2050,421,0.5445975123924216
039521,875,2050,431,0.55640489493709933
039521,876,2050,333,0.54151371949578564
039521,877,2050,413,0.53503584369950896
039521,877,2050,417,0.5423260487314745
039521,880,2050,164,0.53295241364934953
039521,880,2050,165,0.55544347090923063
039521,880,2050,176,0.54201031678955502
039521,881,2050,310,0.54245971753821509
039521,883,2050,378,0.5471476857280817
039521,883,2050,397,0.5377043338826778
039521,884,2050,329,0.55666469598435586
039521,885,2050,471,0.54255689782293415
039521,885,2050,484,0.54393071104900803
039521,885,2050,485,0.53953003448552406
039521,888,2050,179,0.55207299148617539
039521,888,2050,183,0.5639095751729255
039521,890,2050,156,0.53815556118571062
039521,890,2050,166,0.55742650085182421
039521,890,2050,172,0.53423752564936688
039521,891,2050,344,0.53135311488197312
039521,891,2050,347,0.54056598320382498
039521,892,2050,103,0.54686277577843845
039521,893,2050,226,0.53299292271302257
039521,893,2050,237,0.52481365620051756
039521,894,2050,142,0.53536027025825661
039521,896,2050,178,0.54570291447286601
039521,898,2050,248,0.55044873153840723
039521,900,2050,307,0.53764325967200655
039521,901,2050,338,0.56242128463476071
039521,902,2050,241,0.53908841087842319
039521,902,2050,242,0.54661317447774194
039521,902,2050,259,0.53906614126520058
039521,902,2050,263,0.53583786056137628
039521,903,2050,358,0.54954295029197531
039521,904,2050,113,0.53881803351623903
039521,905,2050,388,0.54547674276645097
039521,906,2050,591,0.55637247807334933
039521,907,2050,451,0.54407990637895987
039521,908,2050,142,0.54506442956265266
039521,908,2050,145,0.52641340935632341
039521,908,2050,147,0.53743209929244529
039521,908,2050,149,0.54119838749083804
039521,908,2050,161,0.55544132321369177
039521,909,2050,390,0.54215567246728724
039521,909,2050,411,0.54706378684945334
039521,910,2050,410,0.55017281432375775
039521,910,2050,428,0.55391316046144012
039521,910,2050,431,0.54139139078467269
039521,910,2050,446,0.54994897380655405
039521,911,2050,102,0.5483282152597333
039521,911,2050,103,0.53455153776862696
039521,911,2050,122,0.54282157928291686
039521,912,2050,97,0.54428771003919441
039521,912,2050,114,0.54900974419167925
039521,914,2050,227,0.53736905304128191
039521,914,2050,232,0.53675602108052689
039521,914,2050,238,0.54731728608609909
039521,916,2050,169,0.53704006923814651
039521,916,2050,174,0.5442729367825887
039521,916,2050,182,0.529714149878172
039521,917,2050,190,0.54074957918735223
039521,917,2050,214,0.54051862413117091
039521,917,2050,228,0.54767634779120855
039521,918,2050,177,0.5319774177919151
039521,918,2050,182,0.54422994895221322
039521,919,2050,259,0.54548858105578435
039521,919,2050,273,0.55118305644778176
039521,920,2050,392,0.5504831804281346
039521,920,2050,399,0.53959431991016471
039521,920,2050,419,0.53801743548293979
039521,920,2050,421,0.53730590844928416
039521,920,2050,429,0.52789548849296464
039521,921,2050,81,0.5575036245321825
039521,922,2050,429,0.54597210946572261
039521,923,2050,266,0.55342481280240297
039521,923,2050,273,0.54780511336227689
039521,924,2050,302,0.55563936555827942
039521,925,2050,443,0.53626120430470092
039521,925,2050,472,0.55558771240749161
039521,925,2050,483,0.53604592422502872
039521,926,2050,415,0.56003281041730746
039521,926,2050,422,0.53267349550303533
039521,927,2050,254,0.54167653190272969
039521,928,2050,429,0.53973271781490961
039521,929,2050,232,0.56659372283341825
039521,931,2050,392,0.54341621476419921
039521,931,2050,395,0.54207902954600051
039521,931,2050,416,0.53937284894837478
039521,931,2050,429,0.53100061387354203
039521,931,2050,438,0.55317006625958165
039521,932,2050,449,0.54862783996976994
039521,933,2050,262,0.54638748306577845
039521,934,2050,145,0.55286717378583972
039521,935,2050,341,0.54464772433843711
039521,935,2050,345,0.53766912669126687
039521,936,2050,497,0.55667376041687389
039521,936,2050,512,0.55136445878644313
039521,936,2050,514,0.53171128182271044
039521,936,2050,516,0.5318538944696124
039521,937,2050,409,0.50251371771668252
039521,937,2050,437,0.55772309807966214
039521,939,2050,120,0.56311030741410484
039521,939,2050,126,0.55052179611318131
039521,939,2050,129,0.53967308837370109
039521,939,2050,137,0.54393731660751121
039521,941,2050,312,0.56405132848356176
039521,941,2050,340,0.52884879388115313
039521,941,2050,343,0.5395659457697527
039521,942,2050,283,0.5393956839709626
039521,943,2050,186,0.57537289749285936
039521,943,2050,190,0.55733839364915394
039521,943,2050,192,0.52857561547479481
039521,943,2050,198,0.55125406236820562
039521,943,2050,208,0.54397349996235789
039521,944,2050,244,0.55185114866147711
039521,945,2050,286,0.53103977210474418
039521,945,2050,292,0.54325866483859908
039521,945,2050,296,0.55015552099533438
039521,946,2050,243,0.54010386612810157
039521,946,2050,244,0.53346389519443327
039521,947,2050,83,0.52095712861415755
039521,947,2050,92,0.54635188178249827
039521,947,2050,94,0.53868381290600087
039521,949,2050,501,0.54228930628222982
039521,949,2050,508,0.54385723747516279
039521,950,2050,227,0.5535749383891988
039521,950,2050,229,0.53944844458035635
039521,951,2050,151,0.54827578884783623
039521,951,2050,163,0.54249856073690272
039521,951,2050,165,0.54356376241583892
039521,951,2050,178,0.53982238511418101
039521,953,2050,106,0.55181624870393475
039521,953,2050,116,0.54139555479022394
039521,953,2050,123,0.52702617768140536
039521,954,2050,350,0.54083048759570251
039521,954,2050,358,0.54060301096383567
039521,954,2050,370,0.53707680835197613
039521,955,2050,466,0.54517270605028767
039521,955,2050,487,0.540621303617008
039521,955,2050,498,0.53709455674932527
039521,956,2050,187,0.54577503580478126
039521,957,2050,156,0.55762914517848394
039521,957,2050,167,0.53962647215536408
039521,957,2050,178,0.54438917842248513
039521,958,2050,152,0.5453232077212834
039521,959,2050,195,0.55976105371394991
039521,961,2050,360,0.53790968574865761
039521,961,2050,373,0.515976597659766
039521,962,2050,307,0.5548959327184706
039521,963,2050,461,0.53107898812596799
039521,963,2050,464,0.54343217531865273
039521,965,2050,474,0.54221593087380926
039521,965,2050,486,0.53571514611289117
039521,965,2050,496,0.53744034083248693
039521,965,2050,502,0.5465893771906174
039521,965,2050,506,0.55458340360937763
039521,967,2050,489,0.5341928817709094
039521,967,2050,496,0.54955239184446114
039521,967,2050,498,0.54160174509192893
039521,968,2050,118,0.54288394850600918
039521,968,2050,124,0.53147518371423819
039521,968,2050,139,0.54090861150661818
039521,968,2050,142,0.53877368943634607
039521,969,2050,276,0.52851711026615966
039521,969,2050,283,0.54766940332062153
039521,970,2050,425,0.54419580221368746
039521,971,2050,203,0.54452249696331345
039521,971,2050,233,0.54157736040977944
039521,972,2050,162,0.5533731287970034
039521,972,2050,168,0.54192150089742286
039521,973,2050,442,0.54301843647277404
039521,974,2050,460,0.5480127502739317
039521,974,2050,468,0.54194639094428387
039521,975,2050,371,0.5387318155666968
039521,975,2050,378,0.54739638259346957
039521,977,2050,457,0.54388907908250594
039521,977,2050,466,0.54249789591483777
039521,978,2050,449,0.53158516895398455
039521,978,2050,458,0.54199452504066548
039521,978,2050,465,0.54267506372769536
039521,979,2050,433,0.55360302396654337
039521,979,2050,439,0.53993985026555469
039521,980,2050,492,0.5519914159454461
039521,981,2050,189,0.54816760706687628
039521,981,2050,233,0.5327919705513352
039521,982,2050,318,0.54885993485342022
039521,983,2050,246,0.53919816388319175
039521,983,2050,270,0.54758488053850141
039521,983,2050,275,0.57278849446410229
039521,984,2050,124,0.54900614593069907
039521,985,2050,187,0.54271843026386646
039521,985,2050,204,0.56433242707032116
039521,986,2050,58,0.56182316655243314
039521,986,2050,88,0.53627088011760982
039521,987,2050,284,0.54650059172984311
039521,989,2050,461,0.55214663012828147
039521,990,2050,513,0.5495530225676718
039521,990,2050,523,0.5333561912225705
039521,990,2050,526,0.53991596638655459
039521,990,2050,529,0.54437672351711663
039521,990,2050,538,0.54601740546899746
039521,991,2050,134,0.56180769746546866
039521,992,2050,214,0.53994535971520818
039521,993,2050,182,0.52834700920794486
039521,993,2050,192,0.52134808648868136
039521,993,2050,193,0.56342752346709779
039521,994,2050,198,0.53905321929199335
039521,994,2050,225,0.54241286980949877
039521,995,2050,405,0.54019079665658387
039521,995,2050,436,0.53675910877034172
039521,996,2050,202,0.54910635804277763
039521,997,2050,191,0.54148508257159789
039521,998,2050,490,0.52559257105722201
039521,999,2050,223,0.54440555096791166
039521,1000,2050,188,0.54025572114993081
039521,1001,2050,390,0.52413268907106791
039521,1001,2050,392,0.53674455299463619
039521,1002,2050,279,0.5485894385563761
039521,1004,2050,146,0.54373351461590758
039521,1004,2050,162,0.53596876868427534
039521,1004,2050,165,0.55614649473064082
039521,1005,2050,163,0.53454750723251454
039521,1006,2050,169,0.5518211966669454
039521,1007,2050,430,0.5516059957173447
039521,1007,2050,435,0.55430039094463135
039521,1007,2050,436,0.54486742447719749
039521,1007,2050,462,0.549458793269746
039521,1009,2050,121,0.54466328101396944
039521,1009,2050,129,0.54696431719171013
039521,1009,2050,138,0.54947723717790398
039521,1009,2050,153,0.55062594299229295
039521,1009,2050,156,0.5446035141608615
039521,1010,2050,161,0.5187066192652785
039521,1010,2050,171,0.53547792780781067
039521,1011,2050,215,0.53517453233448775
039521,1011,2050,218,0.54789288148141913
039521,1011,2050,249,0.55884387565394089
039521,1012,2050,154,0.52941872504067444
039521,1012,2050,175,0.55296636465185556
039521,1012,2050,182,0.54647609167098943
039521,1013,2050,340,0.54812741216809391
039521,1014,2050,558,0.53629493341128531
039521,1014,2050,567,0.49098314958300621
039521,1014,2050,572,0.54566140776699024
039521,1014,2050,583,0.55016775560656894
039521,1015,2050,230,0.54154610876177756
039521,1015,2050,245,0.54552562191180709
039521,1016,2050,476,0.53687194073954947
039521,1017,2050,303,0.55037615820228947
039521,1017,2050,313,0.53247835244558861
039521,1018,2050,447,0.54315784403448775
039521,1019,2050,233,0.53305270863836018
039521,1020,2050,354,0.54509744531420079
039521,1020,2050,357,0.54036739292329428
039521,1021,2050,391,0.54612036690378141
039521,1021,2050,407,0.55953824771381278
039521,1023,2050,446,0.54227537035895534
039521,1023,2050,448,0.54459955481521882
039521,1024,2050,326,0.53469018092093534
039521,1024,2050,345,0.54393185173571645
039521,1024,2050,366,0.54077788679336702
039521,1025,2050,408,0.55312261268143625
039521,1025,2050,411,0.53977045150062841
039521,1025,2050,415,0.52806210686788202
039521,1025,2050,416,0.53831294728138457
039521,1025,2050,432,0.54160249641879576
039521,1026,2050,366,0.55241105316968642
039521,1026,2050,368,0.56557295302682753
039521,1026,2050,370,0.55211633763912582
039521,1026,2050,390,0.55125897248563271
039521,1027,2050,403,0.53513511004669212
039521,1028,2050,151,0.54169289143843624
039521,1028,2050,169,0.54112455137578097
039521,1029,2050,117,0.52831097448683262
039521,1029,2050,131,0.55101211145930384
039521,1030,2050,189,0.54751733790106949
039521,1030,2050,211,0.54717874556879409
039521,1031,2050,466,0.53913634885119222
039521,1031,2050,472,0.52404930784918868
039521,1031,2050,488,0.53805935721974474
039521,1033,2050,173,0.53256718323756458
039521,1034,2050,311,0.55404631996642373
039521,1034,2050,314,0.53984831412799561
039521,1035,2050,331,0.53988342598089478
039521,1035,2050,335,0.54970303655578168
039521,1035,2050,358,0.5401641932428165
039521,1035,2050,362,0.53768901352938947
039521,1036,2050,197,0.53390872801812495
039521,1037,2050,187,0.53200725901149348
039521,1038,2050,364,0.55574165364459682
039521,1039,2050,114,0.53914170390269589
039521,1039,2050,135,0.54042882975975204
039521,1039,2050,145,0.53995404136277347
039521,1039,2050,148,0.54107600682355528
039521,1041,2050,279,0.53689911251878197
039521,1041,2050,299,0.54915482000141458
039521,1041,2050,304,0.54740648014589544
039521,1041,2050,310,0.54278074866310155
039521,1043,2050,526,0.54126770220110176
039521,1044,2050,166,0.53556459940472578
039521,1045,2050,408,0.55482827514032917
039521,1045,2050,410,0.55059081617390437
039521,1045,2050,414,0.55138573517061185
039521,1045,2050,422,0.52379958730379539
039521,1046,2050,237,0.54860915987636971
039521,1046,2050,239,0.53821667441610932
039521,1046,2050,252,0.55328500620558263
039521,1047,2050,142,0.54719664296538062
039521,1048,2050,432,0.55358864047770173
039521,1050,2050,173,0.54282023253502931
039521,1051,2050,81,0.52947140329602604
039521,1052,2050,299,0.54959691552751488
039521,1053,2050,538,0.54018335516132876
039521,1053,2050,539,0.54562695534206374
039521,1054,2050,196,0.52386713911214822
039521,1055,2050,443,0.55005980440441848
039521,1055,2050,444,0.5460522329273465
039521,1056,2050,275,0.54707287542131611
039521,1057,2050,150,0.55113311108866214
039521,1058,2050,562,0.54496118187985232
039521,1059,2050,239,0.54810744326297411
039521,1059,2050,269,0.5288855193328279
039521,1060,2050,383,0.54645241355700103
039521,1060,2050,385,0.54540210450937876
039521,1060,2050,396,0.54129811730987798
039521,1060,2050,404,0.54229653688332868
039521,1061,2050,189,0.54295854488095829
039521,1061,2050,209,0.53926747409893472
039521,1062,2050,162,0.53355520989928662
039521,1062,2050,178,0.54959461275439359
039521,1063,2050,144,0.54608675382194682
039521,1063,2050,145,0.55231182580101856
039521,1063,2050,158,0.53292970424346331
039521,1064,2050,196,0.52578684684072929
039521,1064,2050,201,0.53370639574901568
039521,1064,2050,202,0.52705634611703145
039521,1066,2050,349,0.55520763665106099
039521,1067,2050,363,0.55737145586679859
039521,1068,2050,411,0.54195694380995885
039521,1068,2050,422,0.54676524294134787
039521,1069,2050,393,0.54226808746783861
039521,1069,2050,429,0.53671322641834796
039521,1070,2050,446,0.56743352894782573
039521,1070,2050,448,0.55063508817704199
039521,1071,2050,176,0.55344956786731281
039521,1072,2050,382,0.5558244475678189
039521,1073,2050,221,0.54045775833052845
039521,1074,2050,312,0.55511883692902353
039521,1074,2050,315,0.53345813276282161
039521,1074,2050,324,0.55400546137832207
039521,1075,2050,470,0.54452152901465989
039521,1075,2050,479,0.5359742173956209
039521,1075,2050,491,0.52816941904657355
039521,1076,2050,422,0.53873729334051967
039521,1076,2050,426,0.541672232176168
039521,1077,2050,332,0.54396884863860295
039521,1077,2050,340,0.54670045996432926
039521,1077,2050,349,0.55511925369146231
039521,1077,2050,353,0.54594700303119192
039521,1077,2050,358,0.5332044795634131
039521,1080,2050,242,0.54583552407756786
039521,1081,2050,242,0.54386232585546535
039521,1082,2050,367,0.53609945173016282
039521,1082,2050,368,0.54910033546813053
039521,1083,2050,187,0.53533325778303031
039521,1083,2050,202,0.54549155302259311
039521,1084,2050,488,0.52412760000982295
039521,1084,2050,489,0.54275417078416555
039521,1084,2050,507,0.5379918254788989
039521,1084,2050,517,0.5572132212033386
039521,1085,2050,177,0.55001929260450155
039521,1086,2050,137,0.55195600615079887
039521,1088,2050,341,0.57472796452027242
039521,1088,2050,360,0.54257545945493368
039521,1088,2050,367,0.54944041392497611
039521,1088,2050,376,0.54272146607363814
039521,1089,2050,296,0.549243628042967
039521,1090,2050,425,0.49843925583718318
039521,1090,2050,426,0.53750961026672184
039521,1090,2050,446,0.54543943297995334
039521,1091,2050,159,0.54187318331610523
039521,1091,2050,160,0.54828622788863879
039521,1092,2050,73,0.53192699833814916
039521,1092,2050,85,0.56482005526517298
039521,1093,2050,292,0.54220518561235687
039521,1094,2050,412,0.54105294218899846
039521,1096,2050,307,0.54026220137313985
039521,1099,2050,308,0.54011967201004651
039521,1099,2050,322,0.55637817428000291
039521,1099,2050,337,0.53598863450634282
039521,1099,2050,342,0.5435909901150543
039521,1100,2050,426,0.54495129382482943
039521,1101,2050,155,0.52167370231394616
039521,1101,2050,156,0.5530850565482166
039521,1101,2050,157,0.54442316431863924
039521,1101,2050,170,0.53921731736172729
039521,1102,2050,153,0.53344237742393186
039521,1102,2050,173,0.533874388124432
039521,1102,2050,178,0.54550578988903387
039521,1104,2050,160,0.55797619548302979
039521,1107,2050,238,0.54732937065857423
039521,1107,2050,254,0.53871452198543812
039521,1108,2050,175,0.55671618881429596
039521,1108,2050,186,0.54784593056563424
039521,1109,2050,279,0.53555697317658491
039521,1109,2050,284,0.54025028500362737
039521,1109,2050,286,0.5513263776275128
039521,1109,2050,315,0.53965102753005045
039521,1109,2050,316,0.53723016237538157
039521,1110,2050,392,0.54688306474737625
039521,1110,2050,417,0.5461287240262982
039521,1111,2050,372,0.5456052906550366
039521,1112,2050,180,0.54991657936600313
039521,1112,2050,185,0.53762839534352891
039521,1112,2050,201,0.55650517383209941
039521,1114,2050,421,0.55464980008272435
039521,1115,2050,233,0.55522503495255382
039521,1116,2050,382,0.54162135288817082
039521,1116,2050,394,0.54522351165953564
039521,1117,2050,75,0.54821117551323417
039521,1117,2050,76,0.53409779174646832
039521,1117,2050,79,0.53465850278075056
039521,1118,2050,465,0.54365248850589154
039521,1119,2050,132,0.52586885245901638
039521,1119,2050,144,0.54820605240046838
039521,1120,2050,188,0.5489757080488078
039521,1121,2050,431,0.54234347195572186
039521,1121,2050,437,0.55810320135402958
039521,1122,2050,537,0.53827635179604416
039521,1122,2050,548,0.52621477114710435
039521,1123,2050,414,0.52552032078492428
039521,1123,2050,420,0.32095084411169633
039521,1123,2050,426,0.54492651453617569
039521,1123,2050,430,0.5455038159495631
039521,1124,2050,151,0.54807732366787487
039521,1124,2050,153,0.54672501025570897
039521,1124,2050,170,0.50116802654297998
039521,1126,2050,290,0.52074440840020486
039521,1126,2050,294,0.54643938438249018
039521,1127,2050,371,0.54009177635551264
039521,1127,2050,374,0.55038469758495401
039521,1128,2050,346,0.52533741951461121
039521,1128,2050,362,0.54385013295937135
039521,1129,2050,156,0.5422835008054
039521,1129,2050,158,0.53606811920861508
039521,1129,2050,165,0.52876932479232219
039521,1129,2050,166,0.53339022829101768
039521,1129,2050,187,0.53537493358358812
039521,1130,2050,367,0.54238255246306977
039521,1130,2050,372,0.53287173644180863
039521,1130,2050,374,0.54201555570645787
039521,1134,2050,57,0.54860667942990848
039521,1135,2050,80,0.54494020239190433
039521,1136,2050,407,0.54759979636450751
039521,1136,2050,419,0.53257975296765214
039521,1137,2050,421,0.54481975784259773
039521,1138,2050,196,0.54261117166818673
039521,1138,2050,212,0.55089453058442661
039521,1139,2050,309,0.54959115925021806
039521,1139,2050,321,0.54787614209275826
039521,1140,2050,232,0.55013623788319077
039521,1140,2050,239,0.54115900398599259
039521,1141,2050,424,0.54326818936677179
039521,1141,2050,427,0.53357327225797069
039521,1141,2050,439,0.5433490811585947
039521,1142,2050,383,0.53450985132358275
039521,1142,2050,389,0.54540461779869986
039521,1143,2050,303,0.56729691876750699
039521,1143,2050,305,0.5492296257791518
039521,1143,2050,310,0.53229116053824621
039521,1143,2050,315,0.5515174781922495
039521,1144,2050,143,0.54419685398223983
039521,1144,2050,151,0.53188259534922833
039521,1144,2050,182,0.54764644539537555
039521,1145,2050,115,0.53712930326239627
039521,1145,2050,119,0.5354841751265047
039521,1145,2050,146,0.54781610191524399
039521,1146,2050,109,0.55831770538037706
039521,1146,2050,119,0.55803974706413728
039521,1147,2050,420,0.5301282658695633
039521,1147,2050,434,0.53065448810619009
039521,1148,2050,124,0.5522676860635235
039521,1149,2050,482,0.53714963666024029
039521,1149,2050,495,0.54516813560204658
039521,1149,2050,503,0.54708050174121781
039521,1149,2050,505,0.55048382367315019
039521,1150,2050,124,0.52749715224739036
039521,1150,2050,140,0.52439553290686325
039521,1151,2050,456,0.46396433527043923
039521,1152,2050,112,0.5368485664501822
039521,1152,2050,139,0.50719595708060206
039521,1152,2050,140,0.52970006323967833
039521,1152,2050,145,0.54876686706746824
039521,1153,2050,64,0.54706771315750991
039521,1153,2050,72,0.55292538157150928
039521,1155,2050,126,0.55002700108004321
039521,1156,2050,363,0.54579806665290409
039521,1156,2050,380,0.54320987654320985
039521,1156,2050,385,0.53222659094218727
039521,1156,2050,400,0.52908463727817634
039521,1157,2050,248,0.53346948037213526
039521,1159,2050,288,0.54420234543057389
039521,1159,2050,299,0.54941274871299495
039521,1161,2050,415,0.56693708310798629
039521,1163,2050,492,0.547788372052187
039521,1164,2050,143,0.54591552322809
039521,1165,2050,364,0.54112360464406983
039521,1165,2050,367,0.55270409414072075
039521,1166,2050,209,0.58136697007807348
039521,1167,2050,231,0.54562377835003573
039521,1167,2050,238,0.53852642137418505
039521,1168,2050,257,0.53673528769913437
039521,1169,2050,509,0.55737150586113615
039521,1169,2050,524,0.56835331520281918
039521,1170,2050,459,0.53910951586746492
039521,1171,2050,289,0.54266607936571498
039521,1171,2050,293,0.54966772762987925
039521,1173,2050,196,0.53650149079002729
039521,1173,2050,213,0.52233537423466203
039521,1174,2050,6,0.29186233158586772
039521,1174,2050,9,0.56486995750065327
039521,1174,2050,12,0.55709730676648139
039521,1174,2050,24,0.55313185036115997
039521,1174,2050,28,0.54498862774829415
039521,1174,2050,44,0.53892882656502128
039521,1175,2050,410,0.5432357584698605
039521,1176,2050,210,0.54467147926098125
039521,1177,2050,287,0.53042177105087518
039521,1178,2050,584,0.55420325531836723
039521,1178,2050,607,0.55287424036695509
039521,1178,2050,613,0.537572015611126
039521,1178,2050,621,0.5408856356642765
039521,1180,2050,446,0.54153436883206041
039521,1180,2050,463,0.5492794020224242
039521,1180,2050,470,0.54377407130122024
039521,1180,2050,474,0.54704203013481367
039521,1181,2050,241,0.56206057778814433
039521,1181,2050,257,0.54871585813289847
039521,1182,2050,137,0.54871381620528381
039521,1182,2050,139,0.55053689059380262
039521,1182,2050,158,0.54192475300222875
039521,1182,2050,162,0.53123387948610867
039521,1183,2050,207,0.55048901853122856
039521,1183,2050,223,0.55261118170266832
039521,1184,2050,222,0.55286922906302483
039521,1184,2050,231,0.54454950936663693
039521,1185,2050,153,0.54803479977787373
039521,1186,2050,195,0.55768597135977693
039521,1186,2050,196,0.5451589760810831
039521,1186,2050,201,0.54130479149187061
039521,1186,2050,216,0.54380268370307694
039521,1186,2050,219,0.55059237004704953
039521,1186,2050,235,0.55538144544100843
039521,1187,2050,142,0.5427249728948319
039521,1187,2050,145,0.53732937842985018
039521,1190,2050,332,0.5388100993924122
039521,1190,2050,343,0.54550972792169605
039521,1190,2050,363,0.54126329814918905
039521,1191,2050,255,0.54272614846318579
039521,1192,2050,157,0.54341415120173575
039521,1192,2050,174,0.53657039711191334
039521,1192,2050,177,0.57045736404975755
039521,1192,2050,182,0.54273431369203995
039521,1192,2050,185,0.54310981667501634
039521,1193,2050,479,0.53791116758598778
039521,1193,2050,483,0.55394132735542001
039521,1195,2050,168,0.54519240583852202
039521,1197,2050,590,0.54757398606496477
039521,1197,2050,602,0.55074230586635564
039521,1197,2050,614,0.54562152687129373
039521,1198,2050,120,0.54755156447313036
039521,1199,2050,118,0.53483272420579142
039521,1200,2050,485,0.53048306496390896
039521,1201,2050,260,0.53999694545283661
039521,1202,2050,496,0.55580748778578559
039521,1202,2050,515,0.53956334306772358
039521,1202,2050,518,0.5355238845303365
039521,1203,2050,197,0.52994098360655739
039521,1204,2050,337,0.52205162438807295
039521,1204,2050,357,0.55171269618307106
039521,1205,2050,388,0.54943670537808798
039521,1205,2050,395,0.5426578304848273
039521,1206,2050,370,0.54393268235902736
039521,1206,2050,389,0.5400663249924631
039521,1207,2050,116,0.54991401963340436
039521,1208,2050,248,0.54862727896435759
039521,1208,2050,254,0.56512791542248408
039521,1209,2050,182,0.55320557375963986
039521,1209,2050,183,0.53423957481602613
039521,1209,2050,199,0.54011982383515622
039521,1209,2050,200,0.54422945098772357
039521,1210,2050,380,0.53815160281008323
039521,1210,2050,389,0.54605521322741779
039521,1214,2050,391,0.55743409605725358
039521,1214,2050,399,0.53574276691441514
039521,1214,2050,434,0.54157076519281244
039521,1215,2050,367,0.52754199894100096
039521,1215,2050,382,0.5441146697979512
039521,1215,2050,389,0.53273496747805837
039521,1216,2050,167,0.56040868454661563
039521,1216,2050,176,0.56099520939576575
039521,1217,2050,206,0.53974692442882255
039521,1217,2050,212,0.55093717459215552
039521,1217,2050,243,0.53980359381529464
039521,1218,2050,345,0.53742982400807415
039521,1220,2050,121,0.53660863872893294
039521,1221,2050,478,0.54036631224723541
039521,1221,2050,492,0.53579172333398095
039521,1221,2050,496,0.54212660322714112
039521,1224,2050,111,0.5250752415650245
039521,1224,2050,116,0.54136809834948751
039521,1224,2050,134,0.5417510877868934
039521,1225,2050,183,0.54625550660792954
039521,1225,2050,194,0.55217953162921174
039521,1227,2050,393,0.54267665460530301
039521,1229,2050,283,0.5425356001092807
039521,1230,2050,238,0.53972047778103094
039521,1231,2050,404,0.54949913644214166
039521,1231,2050,410,0.53792270531400965
039521,1231,2050,415,0.544349811363526
039521,1231,2050,416,0.54669212763336206
039521,1233,2050,458,0.55832704962983271
039521,1233,2050,471,0.54478410279396383
039521,1234,2050,273,0.54709486061333668
039521,1236,2050,463,0.55208152494705043
039521,1237,2050,254,0.5460870730971612
039521,1237,2050,260,0.55410041934832821
039521,1238,2050,206,0.5364685096653502
039521,1238,2050,208,0.54140352115160706
039521,1238,2050,214,0.56170535770763486
039521,1239,2050,380,0.55091854687043273
039521,1240,2050,447,0.54645171487276756
039521,1240,2050,452,0.55111908460410874
039521,1240,2050,461,0.54363905325443784
039521,1240,2050,474,0.54426146760047955
039521,1241,2050,492,0.52820124834499715
039521,1241,2050,518,0.53204398938187336
039521,1242,2050,413,0.54755170585115787
039521,1242,2050,432,0.51000038389189606
039521,1243,2050,475,0.54052123026673926
039521,1243,2050,480,0.54519536623777598
039521,1244,2050,287,0.53937642509333583
039521,1244,2050,289,0.5418104151146097
039521,1244,2050,295,0.55363168667367368
039521,1245,2050,277,0.57463811821471655
039521,1247,2050,415,0.54624837499080181
039521,1248,2050,114,0.53367699439760874
039521,1248,2050,139,0.56103367375103508
039521,1249,2050,535,0.5394076530155032
039521,1249,2050,537,0.55063652173913047
039521,1249,2050,549,0.5859715150173419
039521,1253,2050,259,0.55362096656446191
039521,1254,2050,228,0.57495277962121594
039521,1254,2050,230,0.54052667578659375
039521,1254,2050,236,0.53958733833751515
039521,1254,2050,240,0.54562349756580408
039521,1255,2050,165,0.55790472318221862
039521,1256,2050,215,0.53512187815928414
039521,1256,2050,221,0.55266985248285894
039521,1256,2050,230,0.53017735518241282
039521,1257,2050,194,0.54842506952978465
039521,1258,2050,385,0.54146093305802434
039521,1258,2050,396,0.53451347560744478
039521,1260,2050,335,0.5343080114590536
039521,1261,2050,166,0.5337806058929313
039521,1262,2050,338,0.54778150721988472
039521,1262,2050,375,0.54186669897472395
039521,1263,2050,496,0.55864854144881548
039521,1264,2050,478,0.55180062630480164
039521,1264,2050,482,0.54182507514584055
039521,1264,2050,489,0.5681930938678309
039521,1264,2050,490,0.5455482115085537
039521,1264,2050,491,0.55811664767429814
039521,1264,2050,498,0.52559171597633136
039521,1264,2050,501,0.54248482457591529
039521,1265,2050,221,0.53868883207646556
039521,1265,2050,231,0.52678874194642256
039521,1266,2050,166,0.53843840717994984
039521,1267,2050,310,0.54623292692224235
039521,1267,2050,314,0.54716612536934384
039521,1267,2050,328,0.55885731408879791
039521,1267,2050,330,0.53809976749101673
039521,1268,2050,421,0.56048738033072232
039521,1269,2050,100,0.53559600110398975
039521,1269,2050,112,0.54850481300299825
039521,1270,2050,211,0.55114957123044162
039521,1270,2050,235,0.53534080886985003
039521,1272,2050,242,0.54691120751194333
039521,1272,2050,245,0.55553284487909182
039521,1272,2050,248,0.54290489815575516
039521,1273,2050,136,0.5486944494893754
039521,1273,2050,168,0.54097110754414124
039521,1274,2050,222,0.54883341662940266
039521,1274,2050,228,0.53447936487107151
039521,1276,2050,205,0.54506167143428375
039521,1276,2050,206,0.53799139015359543
039521,1277,2050,192,0.53959978849267987
039521,1277,2050,211,0.53360487206147933
039521,1278,2050,285,0.53912199110747683
039521,1279,2050,325,0.53790771244682012
039521,1279,2050,348,0.5379557022974274
039521,1280,2050,253,0.52705231255764928
039521,1280,2050,260,0.53928261811876899
039521,1281,2050,152,0.5413941009886889
039521,1282,2050,127,0.52796719637117362
039521,1283,2050,201,0.52863925131498057
039521,1284,2050,423,0.52626005929690811
039521,1284,2050,428,0.5297590316711841
039521,1285,2050,150,0.52943156911110956
039521,1285,2050,154,0.5782207336001961
039521,1285,2050,157,0.53874269756363002
039521,1285,2050,159,0.54714524446631607
039521,1285,2050,170,0.53324825281069588
039521,1287,2050,119,0.54711531104139566
039521,1288,2050,281,0.55412693450054717
039521,1288,2050,287,0.5477226930127409
039521,1289,2050,153,0.54948214347570057
039521,1290,2050,169,0.54698504764415656
039521,1291,2050,450,0.53429272401039951
039521,1292,2050,231,0.56307547021326831
039521,1292,2050,243,0.55737089201877932
039521,1293,2050,334,0.54444713902698627
039521,1294,2050,303,0.53969822307947002
039521,1294,2050,304,0.51243048892945964
039521,1295,2050,145,0.54139450364162134
039521,1295,2050,148,0.53763922167513623
039521,1296,2050,308,0.54339025388143591
039521,1297,2050,421,0.54192434032971948
039521,1298,2050,288,0.53972095997077163
039521,1299,2050,403,0.54176563408354783
039521,1299,2050,408,0.53738766980146291
039521,1299,2050,409,0.53955418798525889
039521,1299,2050,418,0.54221358815499321
039521,1299,2050,434,0.53147402879301642
039521,1300,2050,85,0.55593092113844467
039521,1300,2050,96,0.55358202384825927
039521,1300,2050,98,0.54326528533185425
039521,1302,2050,435,0.55755860953920777
039521,1302,2050,452,0.55765365434969194
039521,1303,2050,293,0.54118810374990489
039521,1303,2050,309,0.55551615747307093
039521,1303,2050,312,0.53683275379064521
039521,1304,2050,158,0.52847363821730264
039521,1305,2050,142,0.54989281515801125
039521,1306,2050,483,0.54847582373807313
039521,1306,2050,484,0.54386654897059639
039521,1306,2050,494,0.53964879459160675
039521,1306,2050,506,0.51866720192693694
039521,1307,2050,374,0.54265325628882999
039521,1307,2050,399,0.53743364874221089
039521,1308,2050,179,0.54228109894144283
039521,1308,2050,185,0.54128532780751737
039521,1309,2050,374,0.53687840902700978
039521,1309,2050,375,0.55396430053964296
039521,1310,2050,222,0.53391170389589326
039521,1310,2050,223,0.5401620817024092
039521,1311,2050,119,0.55090977537959596
039521,1311,2050,133,0.55891806947784473
039521,1312,2050,497,0.52839713925115694
039521,1312,2050,509,0.55379910853114955
039521,1313,2050,119,0.54152483391331852
039521,1315,2050,150,0.54397192635166292
039521,1315,2050,161,0.54617876440168212
039521,1316,2050,321,0.53547745957177706
039521,1316,2050,345,0.55291443090450165
039521,1316,2050,348,0.54248634010050634
039521,1316,2050,351,0.54495335029686176
039521,1317,2050,430,0.54115031416143067
039521,1317,2050,444,0.55172816688972448
039521,1318,2050,145,0.55764326432643263
039521,1318,2050,152,0.54429792932934995
039521,1318,2050,154,0.52432410222697012
039521,1318,2050,168,0.54112916012049761
039521,1319,2050,297,0.53953861165319206
039521,1319,2050,330,0.56142554427697455
039521,1320,2050,120,0.53153931613381067
039521,1320,2050,127,0.55484508493605766
039521,1320,2050,140,0.56143928035982005
039521,1320,2050,144,0.5466981834425253
039521,1321,2050,295,0.53203437008350474
039521,1321,2050,308,0.55964193270060392
039521,1321,2050,318,0.56435682217450711
039521,1321,2050,319,0.54258171898839525
039521,1321,2050,320,0.53625964352221334
039521,1322,2050,500,0.54762880632639777
039521,1322,2050,507,0.53566078395244698
039521,1323,2050,170,0.5449659069967443
039521,1326,2050,518,0.53288758114559842
039521,1326,2050,522,0.53310890663610644
039521,1326,2050,533,0.57676959367185143
039521,1327,2050,394,0.53840060151991187
039521,1327,2050,403,0.5468562598025648
039521,1328,2050,373,0.53252474709017728
039521,1329,2050,321,0.54899507726413244
039521,1330,2050,312,0.53929230371475911
039521,1330,2050,328,0.54593552215189878
039521,1330,2050,330,0.55291030687018017
039521,1332,2050,194,0.53757550744756688
039521,1333,2050,259,0.5416955986112667
039521,1334,2050,185,0.55308996262680188
039521,1335,2050,382,0.55400732396977703
039521,1337,2050,372,0.53763606144741516
039521,1338,2050,125,0.56204457209722891
039521,1338,2050,127,0.52918564725516748
039521,1338,2050,137,0.5486163967410369
039521,1339,2050,94,0.54500023298075584
039521,1339,2050,98,0.55292158682140002
039521,1340,2050,203,0.55744361320466107
039521,1340,2050,218,0.5551625297310484
039521,1341,2050,317,0.52326147135307444
039521,1342,2050,481,0.54957285525207555
039521,1343,2050,407,0.52517014250004557
039521,1343,2050,426,0.53913015028246125
039521,1343,2050,432,0.54005916078485117
039521,1344,2050,293,0.54450345798649935
039521,1345,2050,256,0.53086459275384357
039521,1345,2050,276,0.54160134174353736
039521,1346,2050,391,0.53046778826425933
039521,1346,2050,409,0.546164705882353
039521,1346,2050,416,0.54653848102915303
039521,1347,2050,324,0.53897483946159652
039521,1347,2050,346,0.53076668048072939
039521,1348,2050,303,0.54938836366100774
039521,1349,2050,356,0.53802269830673055
039521,1350,2050,359,0.54224950430507646
039521,1351,2050,112,0.54746005452600344
039521,1352,2050,233,0.51022957668598579
039521,1352,2050,247,0.54882679980151294
039521,1352,2050,255,0.54234605146406389
039521,1352,2050,259,0.55168678836551921
039521,1352,2050,264,0.5454297136897519
039521,1354,2050,163,0.54803760282021152
039521,1354,2050,171,0.54550984472546826
039521,1355,2050,83,0.53329050851577287
039521,1355,2050,88,0.51677313505777223
039521,1356,2050,134,0.54915816567488429
039521,1356,2050,135,0.54683407356793079
039521,1357,2050,180,0.53363640799596623
039521,1357,2050,191,0.53667505322237274
039521,1357,2050,204,0.5392313514422673
039521,1358,2050,487,0.54427571012668186
039521,1359,2050,382,0.55031057646364423
039521,1359,2050,397,0.55252950303258264
039521,1359,2050,401,0.54936636912066761
039521,1359,2050,402,0.55659434770196969
039521,1360,2050,122,0.5502861815208504
039521,1360,2050,143,0.54847732596762355
039521,1360,2050,147,0.54936552151036833
039521,1361,2050,428,0.54452633714247078
039521,1362,2050,387,0.53946485685310863
039521,1362,2050,401,0.54220820456373564
039521,1364,2050,100,0.54688742679488112
039521,1364,2050,101,0.52697808605978758
039521,1364,2050,105,0.54093065962925146
039521,1364,2050,129,0.54389256443171718
039521,1366,2050,114,0.53377355061489062
039521,1366,2050,124,0.54448625418954211
039521,1366,2050,135,0.53990276295505746
039521,1366,2050,147,0.53973002553812477
039521,1366,2050,150,0.52543113359392968
039521,1368,2050,226,0.53393420977093975
039521,1368,2050,228,0.54414604177637349
039521,1368,2050,232,0.56042370971377053
039521,1369,2050,477,0.54169292862276774
039521,1369,2050,493,0.5423198164390024
039521,1369,2050,503,0.54396841026465448
039521,1370,2050,109,0.54899993180246098
039521,1370,2050,140,0.54676988134971249
039521,1372,2050,493,0.53167200638579382
039521,1372,2050,499,0.55550077139630682
039521,1372,2050,500,0.54296438937262781
039521,1372,2050,514,0.54825636321316595
039521,1373,2050,222,0.53358448957089033
039521,1373,2050,231,0.5459927970938202
039521,1373,2050,234,0.55157158826092723
039521,1374,2050,469,0.53661943723807626
039521,1374,2050,472,0.54791639564632932
039521,1374,2050,477,0.55515774991401146
039521,1374,2050,490,0.55774392908421255
039521,1375,2050,482,0.55271799683340173
039521,1375,2050,502,0.55365522434216718
039521,1375,2050,512,0.54795672617454794
039521,1377,2050,305,0.5507185809477374
039521,1378,2050,312,0.53705599443725494
039521,1379,2050,205,0.547981337125789
039521,1380,2050,340,0.55524241700501553
039521,1380,2050,353,0.54048285514345695
039521,1380,2050,355,0.53351427325158729
039521,1380,2050,357,0.53886230016622605
039521,1380,2050,370,0.53036380158556073
039521,1381,2050,393,0.54898554597893146
039521,1381,2050,415,0.54518110302469391
039521,1382,2050,514,0.54296353660345031
039521,1383,2050,323,0.55280764324577614
039521,1383,2050,330,0.54989789772142972
039521,1383,2050,347,0.5239967591268706
039521,1383,2050,354,0.53580954154366867
039521,1384,2050,128,0.57156320857749521
039521,1385,2050,766,0.5429723830312233
039521,1386,2050,193,0.532374435600242
039521,1386,2050,196,0.53481388928074802
039521,1387,2050,128,0.53981819345752513
039521,1389,2050,354,0.53701096364685519
039521,1390,2050,181,0.53523826063226054
039521,1391,2050,180,0.53981808056432157
039521,1392,2050,240,0.55095510139976833
039521,1392,2050,248,0.54226134252291336
039521,1394,2050,257,0.54160594578839993
039521,1395,2050,149,0.55101166545837998
039521,1395,2050,163,0.57469394931756745
039521,1400,2050,107,0.55295906650529125
039521,1401,2050,443,0.55247925025267219
039521,1402,2050,433,0.54779309435565382
039521,1402,2050,437,0.53941952975687812
039521,1405,2050,173,0.54244260381344156
039521,1405,2050,174,0.538849487785658
039521,1405,2050,180,0.55377075959705957
039521,1405,2050,182,0.5451445035721636
039521,1405,2050,193,0.53633672542086175
039521,1406,2050,417,0.53880378821585206
039521,1406,2050,429,0.55637938299608214
039521,1406,2050,430,0.54117457196930796
039521,1407,2050,256,0.55003983503608589
039521,1408,2050,389,0.54607724070925434
039521,1408,2050,396,0.56038908403134291
039521,1408,2050,403,0.52500943190166993
039521,1408,2050,405,0.54900298598107189
039521,1409,2050,169,0.54233800423213419
039521,1411,2050,244,0.54430178749659741
039521,1412,2050,337,0.55204583853669287
039521,1412,2050,347,0.54864692094608991
039521,1413,2050,173,0.53816680569497655
039521,1413,2050,186,0.54709388283126958
039521,1413,2050,187,0.5468940581982924
039521,1413,2050,188,0.53816103595456843
039521,1414,2050,368,0.52954058263806425
039521,1415,2050,91,0.55088855429270678
039521,1415,2050,93,0.53817929901985939
039521,1415,2050,95,0.55866299570110611
039521,1415,2050,103,0.5542317420257078
039521,1416,2050,267,0.54654879292757563
039521,1418,2050,269,0.56587492758484004
039521,1418,2050,276,0.53607867743343518
039521,1418,2050,281,0.52930579518928245
039521,1419,2050,510,0.5493150684931507
039521,1419,2050,525,0.54545454545454541
039521,1419,2050,530,0.54184455321220815
039521,1419,2050,533,0.54212088083710763
039521,1419,2050,542,0.53876913571771812
039521,1420,2050,176,0.53485016981755884
039521,1421,2050,150,0.53594053364397842
039521,1421,2050,156,0.5350813907666192
039521,1421,2050,159,0.54705025778267546
039521,1421,2050,160,0.54486994089043939
039521,1421,2050,162,0.55161416874422609
039521,1421,2050,169,0.53785332342838654
039521,1421,2050,179,0.54326648753514328
039521,1421,2050,181,0.52973814549330211
039521,1422,2050,456,0.53981880151869233
039521,1425,2050,291,0.55468199316813971
039521,1426,2050,245,0.54242693522906793
039521,1427,2050,249,0.52802196058519246
039521,1429,2050,154,0.56102827298522484
039521,1432,2050,132,0.5366411132911264
039521,1432,2050,138,0.53793983697386361
039521,1433,2050,148,0.54350737851301811
039521,1433,2050,163,0.53942114625562099
039521,1434,2050,239,0.55636666346492492
039521,1435,2050,416,0.53950968562078849
039521,1437,2050,403,0.53188005800626847
039521,1437,2050,405,0.55052725923228818
039521,1437,2050,409,0.54571559232986266
039521,1439,2050,393,0.53907882703197063
039521,1439,2050,417,0.54441084306024989
039521,1439,2050,420,0.53508107288983175
039521,1439,2050,423,0.55399628809195955
039521,1441,2050,231,0.55300163119028678
039521,1441,2050,239,0.54814565208512034
039521,1441,2050,242,0.55418824720588811
039521,1442,2050,217,0.49152578131593011
039521,1442,2050,221,0.53145184754146058
039521,1442,2050,236,0.55481920075325475
039521,1443,2050,212,0.55035139493139429
039521,1444,2050,234,0.56004040101750707
039521,1444,2050,236,0.56236323851203496
039521,1444,2050,249,0.55035985054826742
039521,1445,2050,233,0.54730455770279873
039521,1445,2050,248,0.53395413498991773
039521,1445,2050,259,0.53247932217066773
039521,1445,2050,263,0.55052579732810669
039521,1445,2050,264,0.52724801427175805
039521,1446,2050,508,0.5556677925439566
039521,1446,2050,512,0.48301753282490761
039521,1446,2050,534,0.54403776001381465
039521,1446,2050,540,0.54609268895637175
039521,1449,2050,393,0.56159863945578237
039521,1449,2050,406,0.54391918710804155
039521,1450,2050,321,0.54385314623598979
039521,1450,2050,325,0.55250914955647912
039521,1451,2050,262,0.54639912301606219
039521,1451,2050,291,0.52664492545871555
039521,1452,2050,486,0.53038507821901326
039521,1453,2050,442,0.54248903861237185
039521,1454,2050,226,0.54952678686137635
039521,1454,2050,237,0.55803340326403839
039521,1454,2050,242,0.53329055029680728
039521,1455,2050,462,0.53206009531475951
039521,1455,2050,483,0.54479962900182299
039521,1456,2050,227,0.53701385614964858
039521,1457,2050,141,0.54675817056198106
039521,1457,2050,157,0.53394364814451212
039521,1459,2050,375,0.54136260164981953
039521,1460,2050,164,0.50235478806907374
039521,1460,2050,174,0.53990276821985927
039521,1460,2050,180,0.54910177036059682
039521,1461,2050,185,0.53980219015589537
039521,1461,2050,197,0.55039065352318362
039521,1461,2050,202,0.54129500559748656
039521,1461,2050,209,0.5484701663360293
039521,1462,2050,170,0.52943951517790722
039521,1462,2050,176,0.54417554676311386
039521,1463,2050,269,0.54839277942426068
039521,1463,2050,276,0.52501757786519199
039521,1464,2050,336,0.55981898145197273
039521,1464,2050,339,0.53982914480827848
039521,1465,2050,463,0.53712016830377651
039521,1466,2050,63,0.53855958389123493
039521,1467,2050,510,0.53143398196142222
039521,1468,2050,426,0.55062868783366115
039521,1469,2050,420,0.54140119055406555
039521,1469,2050,423,0.54031597967598954
039521,1470,2050,146,0.53927088140286106
039521,1470,2050,165,0.54091584318284569
039521,1471,2050,508,0.55112349023014939
039521,1471,2050,512,0.5713359456488033
039521,1472,2050,280,0.55802871556072953
039521,1473,2050,117,0.53270281889086779
039521,1474,2050,235,0.54188096987509182
039521,1474,2050,238,0.54112315993504112
039521,1475,2050,284,0.53807251228719999
039521,1475,2050,320,0.54851525777810939
039521,1476,2050,159,0.55499576231283554
039521,1477,2050,365,0.53878440229448565
039521,1478,2050,252,0.55760273749859979
039521,1480,2050,463,0.55910360449517271
039521,1480,2050,464,0.54861623744724708
039521,1480,2050,472,0.54291711820873612
039521,1481,2050,274,0.53655930150638409
039521,1481,2050,293,0.56256419337701435
039521,1481,2050,296,0.54554039126251652
039521,1481,2050,302,0.54522676353223476
039521,1482,2050,72,0.5431944985868824
039521,1483,2050,335,0.53314160683402334
039521,1484,2050,512,0.55456750202101857
039521,1485,2050,389,0.54188867284496178
039521,1485,2050,406,0.55200891633626281
039521,1486,2050,279,0.53664244365069591
039521,1486,2050,297,0.55105603072089371
039521,1486,2050,302,0.53979622255004622
039521,1487,2050,220,0.54788102025201602
039521,1487,2050,240,0.54085057050460672
039521,1487,2050,250,0.54172681972709913
039521,1487,2050,261,0.54603778905809364
039521,1488,2050,507,0.54830997895867839
039521,1488,2050,511,0.54361742526989643
039521,1488,2050,512,0.54686326441870581
039521,1488,2050,515,0.55007009813739238
039521,1488,2050,518,0.54402447017697186
039521,1489,2050,202,0.54173613426697786
039521,1489,2050,216,0.53952846987000125
039521,1489,2050,230,0.55459807073954981
039521,1490,2050,210,0.522236967994815
039521,1491,2050,366,0.54666896174393087
039521,1492,2050,120,0.54252373564540912
039521,1493,2050,257,0.53348262294252347
039521,1493,2050,258,0.54838956322278509
039521,1494,2050,414,0.54498138640413563
039521,1495,2050,261,0.53286443732478972
039521,1496,2050,137,0.53891376628948351
039521,1496,2050,138,0.55319880367149099
039521,1496,2050,142,0.55360300974307852
039521,1496,2050,147,0.55255246135625136
039521,1496,2050,157,0.54558480197560832
039521,1497,2050,293,0.54312141096364519
039521,1497,2050,299,0.54060718982902234
039521,1498,2050,475,0.55434502169578981
039521,1498,2050,486,0.54517254749903066
039521,1498,2050,488,0.55108574610244987
039521,1498,2050,490,0.55093072588376668
039521,1499,2050,96,0.56800868240352309
039521,1499,2050,99,0.55108377934139252
039521,1500,2050,118,0.55010159448286911
039521,1500,2050,119,0.54906350152191064
039521,1500,2050,126,0.55876495471791365
039521,1500,2050,138,0.55394864477028039
039521,1500,2050,140,0.58184746862345915
039521,1502,2050,389,0.55594405594405594
039521,1502,2050,391,0.5420806770718839
039521,1503,2050,144,0.5344823447514343
039521,1503,2050,159,0.54691519105312214
039521,1506,2050,287,0.57882397668229624
039521,1507,2050,369,0.54159968718773077
039521,1507,2050,398,0.53422990632882517
039521,1508,2050,150,0.53996056249363533
039521,1508,2050,159,0.54100166295920349
039521,1509,2050,289,0.55051699848488878
039521,1509,2050,290,0.56209768398699311
039521,1510,2050,248,0.51136549468520032
039521,1510,2050,252,0.55023735729138057
039521,1510,2050,254,0.53622388648009456
039521,1510,2050,259,0.53417385534173856
039521,1511,2050,168,0.53737239748543741
039521,1511,2050,188,0.54497266163028502
039521,1511,2050,195,0.53080997598909252
039521,1512,2050,548,0.55835557121997881
039521,1512,2050,558,0.54235238043849709
039521,1512,2050,560,0.54060174234119884
039521,1512,2050,569,0.54194871794871791
039521,1515,2050,200,0.52875284342523621
039521,1515,2050,211,0.55421623467002812
039521,1516,2050,197,0.52133315698981619
039521,1518,2050,291,0.52837046144944311
039521,1518,2050,317,0.54387996219281665
039521,1519,2050,183,0.5288755323607266
039521,1519,2050,194,0.52674058372737653
039521,1521,2050,147,0.55622556081498253
039521,1521,2050,159,0.54519816758608353
039521,1521,2050,162,0.53780248108855278
039521,1523,2050,352,0.54605235801141727
039521,1523,2050,356,0.54796936679672292
039521,1523,2050,382,0.54884886078969342
039521,1523,2050,388,0.53833100283732238
039521,1525,2050,369,0.54090483442267856
039521,1525,2050,373,0.53550303740807847
039521,1525,2050,394,0.5357685120298995
039521,1525,2050,402,0.54474142940151071
039521,1526,2050,220,0.54894195301883131
039521,1526,2050,239,0.55619993895315178
039521,1526,2050,246,0.55168403053920789
039521,1527,2050,236,0.55317300340585251
039521,1528,2050,247,0.54677570768341999
039521,1529,2050,310,0.55316051367853802
039521,1529,2050,315,0.54519038370998119
039521,1529,2050,326,0.55227292710806297
039521,1529,2050,337,0.54437802448050099
039521,1530,2050,322,0.55827569009259059
039521,1533,2050,304,0.56372911169744944
039521,1534,2050,53,0.5459400583254278
039521,1535,2050,427,0.5481265679372016
039521,1536,2050,258,0.55236905887916765
039521,1536,2050,270,0.54791411876613672
039521,1537,2050,124,0.54256224852761092
039521,1539,2050,47,0.54345341032329919
039521,1539,2050,49,0.55186842775533962
039521,1539,2050,52,0.56096365863617803
039521,1540,2050,169,0.55843778383287923
039521,1540,2050,170,0.53909861833936545
039521,1540,2050,174,0.54092031141211472
039521,1540,2050,181,0.53986059179245716
039521,1540,2050,189,0.53843044493682257
039521,1540,2050,199,0.53791572596710235
039521,1541,2050,381,0.53644221830643934
039521,1542,2050,262,0.55093116776636863
039521,1543,2050,107,0.53655327945874831
039521,1544,2050,281,0.55355288347242904
039521,1545,2050,192,0.5445838575492763
039521,1546,2050,279,0.55131580620953691
039521,1546,2050,283,0.55016522595469963
039521,1546,2050,301,0.55153897931709706
039521,1547,2050,392,0.52915679361960355
039521,1548,2050,484,0.56551717165589965
039521,1548,2050,486,0.54236920182357629
039521,1549,2050,425,0.56517891709529344
039521,1549,2050,434,0.51488135870900797
039521,1549,2050,454,0.53554227354494288
039521,1550,2050,146,0.54246406376014045
039521,1550,2050,157,0.50742657039995276
039521,1551,2050,227,0.55623859379502449
039521,1551,2050,232,0.5462118481967122
039521,1551,2050,240,0.52675299291473243
039521,1552,2050,178,0.52877154831149908
039521,1553,2050,425,0.550696493733143
039521,1553,2050,460,0.5532347790254456
039521,1554,2050,312,0.5442428730099963
039521,1555,2050,131,0.53189447433310921
039521,1555,2050,141,0.53454696458232864
039521,1556,2050,532,0.53110834729517209
039521,1556,2050,536,0.54279742245421159
039521,1557,2050,377,0.57088559916907311
039521,1558,2050,406,0.54714095351875069
039521,1558,2050,426,0.56185137271812557
039521,1559,2050,72,0.54942193900773784
039521,1560,2050,228,0.54154698608649599
039521,1560,2050,231,0.54665146013716914
039521,1560,2050,242,0.52490529767625937
039521,1562,2050,386,0.53872081514624925
039521,1562,2050,390,0.55317918332197991
039521,1563,2050,206,0.56782904849452964
039521,1564,2050,312,0.53926320539132211
039521,1564,2050,337,0.54376044782462629
039521,1565,2050,428,0.54393633494717442
039521,1565,2050,437,0.54843339751444076
039521,1565,2050,443,0.52972805786205424
039521,1565,2050,446,0.54291064955453028
039521,1567,2050,447,0.53435016479518316
039521,1567,2050,460,0.5398762157382847
039521,1567,2050,470,0.54489422927360398
039521,1567,2050,474,0.53568534226592468
039521,1568,2050,361,0.59000034292376802
039521,1569,2050,327,0.53091971377929492
039521,1569,2050,332,0.54986343581483299
039521,1570,2050,317,0.54346950059508747
039521,1573,2050,134,0.56343507663385461
039521,1573,2050,148,0.54050889721062834
039521,1574,2050,283,0.54974321917984981
039521,1575,2050,505,0.54290378218553648
039521,1575,2050,519,0.54051787578511412
039521,1576,2050,221,0.54311495973778978
039521,1576,2050,242,0.52809801995553951
039521,1576,2050,250,0.54269417527194075
039521,1578,2050,415,0.54444488674813896
039521,1579,2050,457,0.53339569691300281
039521,1579,2050,465,0.55200108441492424
039521,1582,2050,467,0.57295305362558058
039521,1582,2050,472,0.551624983282065
039521,1583,2050,515,0.53528979054551085
039521,1583,2050,521,0.53650735568159491
039521,1584,2050,261,0.55529914711700024
039521,1585,2050,417,0.55173585125975932
039521,1585,2050,418,0.54518359561278018
039521,1585,2050,419,0.54545656192236602
039521,1585,2050,430,0.52951955683804786
039521,1586,2050,280,0.55155551415797321
039521,1588,2050,176,0.52735059002664642
039521,1589,2050,551,0.54083971453873003
039521,1592,2050,527,0.54957275288473162
039521,1592,2050,528,0.54224050653253408
039521,1593,2050,208,0.54918940984371356
039521,1594,2050,379,0.55733705896702368
039521,1595,2050,270,0.55166562855731438
039521,1595,2050,271,0.53428436655755518
039521,1595,2050,282,0.53993454033226995
039521,1595,2050,295,0.54371573766555958
039521,1596,2050,242,0.52360811173441357
039521,1598,2050,464,0.55270668228177688
039521,1598,2050,488,0.54817877981079699
039521,1599,2050,130,0.55427533954820019
039521,1600,2050,105,0.54246546470066481
039521,1600,2050,110,0.5725239616613419
039521,1600,2050,114,0.5395729699259274
039521,1600,2050,119,0.54061426631520093
039521,1601,2050,362,0.54759210805459302
039521,1601,2050,382,0.54686792369464599
039521,1603,2050,171,0.54269880483407895
039521,1604,2050,198,0.54473781424377343
039521,1605,2050,495,0.54847789200519015
039521,1605,2050,509,0.53930903313347323
039521,1606,2050,221,0.54117647058823526
039521,1606,2050,225,0.5474066109054494
039521,1607,2050,425,0.52709207081937681
039521,1608,2050,106,0.52178884512768386
039521,1609,2050,183,0.54286256416402023
039521,1610,2050,241,0.52988427136554428
039521,1611,2050,92,0.56288852933662603
039521,1611,2050,95,0.55756916303967186
039521,1611,2050,119,0.55537822749938748
039521,1612,2050,58,0.52289138406865521
039521,1612,2050,71,0.54346125556035541
039521,1613,2050,162,0.5469121338912134
039521,1614,2050,122,0.54405335474660954
039521,1615,2050,69,0.55143934201507883
039521,1615,2050,77,0.55613442911652478
039521,1615,2050,83,0.5540869642224584
039521,1617,2050,472,0.55152429469166164
039521,1618,2050,493,0.54545644519209668
039521,1618,2050,507,0.56537356321839083
039521,1618,2050,517,0.53157509623643939
039521,1618,2050,519,0.53062068526707595
039521,1619,2050,139,0.53522105263157893
039521,1620,2050,366,0.55866485677491207
039521,1622,2050,278,0.535702888352943
039521,1623,2050,374,0.56058315334773223
039521,1623,2050,389,0.52604405107075636
039521,1623,2050,391,0.52240183664291973
039521,1624,2050,141,0.55240320427236311
039521,1624,2050,146,0.55021084206407855
039521,1625,2050,199,0.54142133369848011
039521,1625,2050,219,0.54224855669770589
039521,1626,2050,423,0.5414019400214396
039521,1626,2050,429,0.54422795634399734
039521,1626,2050,440,0.53364464948801615
039521,1627,2050,211,0.5528693528693529
039521,1627,2050,219,0.52938030672020009
039521,1628,2050,328,0.53501788683428231
039521,1629,2050,328,0.52805215953344231
039521,1629,2050,332,0.54767645624991768
039521,1629,2050,333,0.56358808899643742
039521,1629,2050,347,0.53778146152783535
039521,1629,2050,350,0.53709539304675458
039521,1630,2050,401,0.54045029845032677
039521,1631,2050,87,0.53990337103327113
039521,1631,2050,103,0.55299797733506972
039521,1631,2050,113,0.53699152697795549
039521,1632,2050,132,0.54723208342578211
039521,1632,2050,158,0.5536494880938686
039521,1633,2050,248,0.5565554777173034
039521,1633,2050,250,0.53526446747383538
039521,1633,2050,253,0.52888369662126844
039521,1634,2050,119,0.54762916022493668
039521,1635,2050,93,0.55209953343701401
039521,1638,2050,321,0.53132129848296838
039521,1638,2050,328,0.53417436834522258
039521,1638,2050,339,0.53939802942367387
039521,1638,2050,359,0.54576037923388643
039521,1638,2050,361,0.49887391289283117
039521,1638,2050,366,0.55140553137954507
039521,1639,2050,162,0.54669401817893326
039521,1640,2050,182,0.53372403327926321
039521,1640,2050,188,0.5349025244811787
039521,1640,2050,200,0.54654181529924695
039521,1641,2050,257,0.5308573334815968
039521,1641,2050,279,0.53050457851301958
039521,1643,2050,405,0.54191283023074355
039521,1644,2050,330,0.54681843861814983
039521,1644,2050,332,0.55131553176209436
039521,1645,2050,299,0.5723512584783117
039521,1647,2050,129,0.53813243303222236
039521,1647,2050,130,0.53882880451705317
039521,1648,2050,270,0.55759441221735528
039521,1648,2050,276,0.54277793773980354
039521,1649,2050,142,0.54374276268313559
039521,1650,2050,483,0.53832692069008314
039521,1650,2050,503,0.53587622820594993
039521,1650,2050,518,0.56318815614888618
039521,1651,2050,228,0.54737743279493178
039521,1653,2050,257,0.52375769637415259
039521,1653,2050,293,0.53614452507004406
039521,1654,2050,138,0.54758039971593786
039521,1655,2050,159,0.54173804633474743
039521,1655,2050,172,0.55462957505746446
039521,1656,2050,340,0.55650496981523268
039521,1657,2050,217,0.54383458014625541
039521,1657,2050,222,0.54299070990127196
039521,1658,2050,250,0.53601177365744268
039521,1659,2050,335,0.55109836693409797
039521,1661,2050,327,0.54254269449715375
039521,1661,2050,343,0.5419827119853593
039521,1661,2050,351,0.54103314981843742
039521,1662,2050,545,0.53561811696572825
039521,1662,2050,554,0.53673996275247982
039521,1662,2050,556,0.50897094194890469
039521,1662,2050,561,0.54105916740171911
039521,1662,2050,569,0.5369642818665652
039521,1664,2050,518,0.55404905318688236
039521,1664,2050,526,0.53031317058661054
039521,1664,2050,527,0.53499166328691816
039521,1665,2050,101,0.53027989821882948
039521,1667,2050,366,0.55710449411578866
039521,1667,2050,375,0.53303371543032196
039521,1667,2050,382,0.53662848079822045
039521,1667,2050,383,0.53584901398269669
039521,1667,2050,385,0.54320995242602677
039521,1668,2050,270,0.55609073627101269
039521,1668,2050,283,0.56570028323202748
039521,1668,2050,285,0.54935051475160646
039521,1669,2050,367,0.54112226028435439
039521,1670,2050,406,0.54984999166620363
039521,1670,2050,409,0.53906319636331224
039521,1670,2050,412,0.54943538268506897
039521,1670,2050,429,0.55768683095170291
039521,1670,2050,432,0.53120241011719527
039521,1671,2050,534,0.53773524584922949
039521,1671,2050,546,0.54021564141670908
039521,1672,2050,467,0.53842462719622031
039521,1673,2050,516,0.54933877680307608
039521,1673,2050,519,0.53938039670059867
039521,1674,2050,285,0.54532152520581068
039521,1675,2050,316,0.54033289846029731
039521,1675,2050,324,0.53726418968868928
039521,1676,2050,427,0.54918437599050585
039521,1676,2050,441,0.55388365837256226
039521,1677,2050,164,0.55552157402451763
039521,1677,2050,185,0.55160015744217028
039521,1677,2050,189,0.54040910575173762
039521,1678,2050,508,0.53568584106756822
039521,1678,2050,511,0.54558727068830537
039521,1678,2050,528,0.54746803584012882
039521,1679,2050,166,0.5431110872425553
039521,1680,2050,193,0.54211469928769973
039521,1680,2050,209,0.55246083631429632
039521,1680,2050,225,0.5414771206850415
039521,1681,2050,303,0.55770155123443299
039521,1682,2050,493,0.52273554716691895
039521,1683,2050,454,0.57321851548491354
039521,1685,2050,317,0.52649839535085441
039521,1687,2050,160,0.49451054725621202
039521,1688,2050,471,0.53834867769504458
039521,1688,2050,480,0.55432766205544071
039521,1690,2050,307,0.55323741959977579
039521,1690,2050,309,0.52950159290171406
039521,1693,2050,422,0.505359558747008
039521,1693,2050,430,0.54550572771247685
039521,1693,2050,456,0.54247426504683294
039521,1694,2050,412,0.51978438930378223
039521,1694,2050,413,0.54947888295747538
039521,1695,2050,176,0.52944438071201871
039521,1696,2050,331,0.55784373107207752
039521,1697,2050,348,0.55044635222492044
039521,1697,2050,355,0.5559321227688393
039521,1697,2050,365,0.53475455190186294
039521,1698,2050,372,0.54544018534119632
039521,1698,2050,383,0.54667297880174637
039521,1698,2050,387,0.54371275783040485
039521,1700,2050,116,0.55576857493110154
039521,1700,2050,121,0.53668583547452997
039521,1700,2050,134,0.55759501355891039
039521,1700,2050,140,0.54744408212005691
039521,1701,2050,183,0.53473924643845194
039521,1702,2050,201,0.53296803652968039
039521,1703,2050,134,0.54103590377146149
039521,1704,2050,317,0.5467045664633019
039521,1704,2050,332,0.54272136739034627
039521,1704,2050,345,0.56361765540732334
039521,1704,2050,350,0.55051261375417582
039521,1705,2050,344,0.54134322597246642
039521,1705,2050,361,0.54466819636495378
039521,1706,2050,85,0.53706563706563704
039521,1706,2050,93,0.53168439416962121
039521,1706,2050,98,0.54114010139730429
039521,1706,2050,103,0.53482190975454413
039521,1707,2050,169,0.53612371515881097
039521,1707,2050,174,0.53500848161618419
039521,1707,2050,183,0.57542252996798449
039521,1708,2050,262,0.5468122646883119
039521,1708,2050,276,0.54859242474311165
039521,1708,2050,277,0.54548822684900333
039521,1709,2050,169,0.53802301928573271
039521,1709,2050,171,0.52509696816689999
039521,1710,2050,381,0.55027849114498217
039521,1711,2050,14,0.55495188452285482
039521,1712,2050,87,0.55229587008365821
039521,1712,2050,98,0.54106935296396741
039521,1712,2050,107,0.54743885923683577
039521,1712,2050,120,0.52746933675893504
039521,1713,2050,264,0.56157918496326997
039521,1714,2050,370,0.54222385500857218
039521,1715,2050,147,0.54796764009471188
039521,1715,2050,148,0.54873635841470414
039521,1715,2050,170,0.54573742193114383
039521,1716,2050,123,0.56218336022816828
039521,1716,2050,125,0.53530742025436984
039521,1717,2050,291,0.53787066809574846
039521,1718,2050,95,0.53205378442854045
039521,1719,2050,369,0.53541324212285746
039521,1720,2050,357,0.54394165218848389
039521,1720,2050,376,0.49174515632274468
039521,1720,2050,377,0.5296541712519609
039521,1720,2050,379,0.54349240695878509
039521,1721,2050,279,0.53769010949022289
039521,1721,2050,282,0.54653800212054915
039521,1722,2050,113,0.51517969839899025
039521,1722,2050,122,0.54804381036223815
039521,1723,2050,297,0.53502613240418118
039521,1723,2050,308,0.5068101383476924
039521,1724,2050,231,0.56892997878144891
039521,1724,2050,234,0.54942437079491657
039521,1725,2050,170,0.53489930549511755
039521,1727,2050,439,0.5236066671627353
039521,1728,2050,110,0.50246292647516333
039521,1728,2050,130,0.54001143383019368
039521,1729,2050,143,0.5579509013985825
039521,1729,2050,152,0.54649064488555421
039521,1730,2050,535,0.54759365330173149
039521,1730,2050,547,0.54342622225691462
039521,1731,2050,89,0.54387584477112794
039521,1731,2050,114,0.54546359309097525
039521,1732,2050,377,0.54417935919765281
039521,1732,2050,392,0.54361716905125712
039521,1733,2050,304,0.54032279794142213
039521,1733,2050,306,0.54659367585255025
039521,1734,2050,347,0.53790731946946124
039521,1734,2050,348,0.54104097734792567
039521,1734,2050,368,0.54081024395628652
039521,1734,2050,370,0.52011517513327243
039521,1735,2050,345,0.55485262222443188
039521,1735,2050,371,0.54233334330232974
039521,1736,2050,575,0.54123815830371502
039521,1737,2050,379,0.55042565968419932
039521,1737,2050,389,0.55111341383466916
039521,1738,2050,220,0.55979753457169845
039521,1739,2050,161,0.53811605245217953
039521,1739,2050,171,0.5403366911852141
039521,1740,2050,187,0.54512684885884999
039521,1740,2050,189,0.51648987463837992
039521,1740,2050,202,0.55123610796098887
039521,1741,2050,133,0.54940652075925278
039521,1741,2050,152,0.53942713274030052
039521,1741,2050,161,0.56141045958795566
039521,1742,2050,387,0.55915258534219547
039521,1742,2050,393,0.55626504346442285
039521,1742,2050,409,0.56047789965111317
039521,1743,2050,89,0.52995040061045406
039521,1743,2050,113,0.551301845743561
039521,1743,2050,119,0.55731225296442688
039521,1744,2050,248,0.55814502052177195
039521,1745,2050,302,0.5349089406823424
039521,1749,2050,329,0.53711799230924917
039521,1749,2050,333,0.55342132913054898
039521,1750,2050,448,0.54472644771550016
039521,1751,2050,487,0.53992973282130896
039521,1751,2050,498,0.53613260478932123
039521,1751,2050,505,0.545138257231217
039521,1752,2050,251,0.54394672096377361
039521,1753,2050,279,0.53337558090409798
039521,1754,2050,300,0.53397310462550485
039521,1755,2050,469,0.53814777439515615
039521,1756,2050,270,0.53295212533185521
039521,1756,2050,275,0.55638899160107758
039521,1757,2050,341,0.54727659846484433
039521,1757,2050,347,0.54483666969555122
039521,1757,2050,348,0.54616234345262649
039521,1757,2050,355,0.53168952509430667
039521,1758,2050,118,0.54384408968936193
039521,1758,2050,121,0.54042396507285251
039521,1758,2050,129,0.55335479953113309
039521,1758,2050,133,0.55069108257910615
039521,1759,2050,326,0.54734812292618518
039521,1761,2050,555,0.54146616102064016
039521,1764,2050,364,0.54576891105569414
039521,1764,2050,365,0.54249410332496384
039521,1764,2050,377,0.53742526020521153
039521,1765,2050,372,0.5232443283201631
039521,1765,2050,389,0.54273612825859652
039521,1767,2050,192,0.54579528938895572
039521,1767,2050,196,0.53565121551043926
039521,1768,2050,227,0.52244327834195325
039521,1770,2050,101,0.55126454716858464
039521,1770,2050,114,0.53889006380663029
039521,1770,2050,119,0.54578483698797509
039521,1770,2050,127,0.54437055721164873
039521,1771,2050,192,0.54932544925030813
039521,1771,2050,208,0.52609146838633158
039521,1772,2050,165,0.53842913312113838
039521,1772,2050,173,0.55217662026182479
039521,1773,2050,262,0.53116486996204804
039521,1773,2050,271,0.5434373452204061
039521,1774,2050,211,0.53214059308304573
039521,1776,2050,354,0.5363771060228818
039521,1776,2050,360,0.55010077412853287
039521,1776,2050,361,0.55042610029354699
039521,1777,2050,123,0.55704850831245734
039521,1781,2050,115,0.56261869592741087
039521,1781,2050,118,0.54718128838569158
039521,1781,2050,119,0.52528521013168061
039521,1782,2050,318,0.54624672852724243
039521,1782,2050,333,0.54510615591093581
039521,1783,2050,405,0.52379101228424818
039521,1783,2050,410,0.56965412774551882
039521,1783,2050,427,0.55254648894224867
039521,1784,2050,360,0.53641786232468158
039521,1784,2050,365,0.53338380455988121
039521,1786,2050,500,0.54412167880514462
039521,1786,2050,517,0.54034174342544383
039521,1788,2050,253,0.57267649542118593
039521,1788,2050,255,0.53729955238798832
039521,1788,2050,263,0.54902117246515592
039521,1788,2050,287,0.56224842878327796
039521,1789,2050,466,0.52978758259160164
039521,1789,2050,469,0.53251111670442153
039521,1789,2050,470,0.54415026532273914
039521,1790,2050,132,0.53261520047875521
039521,1790,2050,139,0.53687871648154384
039521,1791,2050,225,0.54328133420941893
039521,1793,2050,168,0.54964851495063183
039521,1793,2050,175,0.55886624502225346
039521,1793,2050,192,0.54851777603903829
039521,1794,2050,188,0.5505662157911293
039521,1795,2050,319,0.53803927785814787
039521,1796,2050,366,0.54668135966771214
039521,1798,2050,104,0.52540892950695617
039521,1798,2050,112,0.54229251141675539
039521,1798,2050,122,0.55496512786449681
039521,1798,2050,123,0.5356215269388741
039521,1799,2050,150,0.53983911026634779
039521,1799,2050,162,0.52704893121264307
039521,1800,2050,270,0.54731843781057898
039521,1801,2050,385,0.55214504853392343
039521,1801,2050,406,0.54688668979119903
039521,1801,2050,410,0.54254865034526056
039521,1805,2050,400,0.5365767371165765
039521,1805,2050,411,0.56426900316528283
039521,1806,2050,158,0.55021532026316011
039521,1806,2050,164,0.54919463123732692
039521,1807,2050,219,0.56733491079594123
039521,1808,2050,317,0.54129524218666092
039521,1809,2050,198,0.54655134285082441
039521,1809,2050,199,0.54419111918982077
039521,1809,2050,213,0.54269347421515735
039521,1810,2050,513,0.54745124170276016
039521,1810,2050,519,0.54731521793524496
039521,1810,2050,532,0.54535732552192306
039521,1810,2050,538,0.53171214652558629
039521,1810,2050,542,0.55974479155912538
039521,1812,2050,198,0.54967617382910583
039521,1813,2050,104,0.54473239436619714
039521,1813,2050,118,0.54166227746760776
039521,1814,2050,300,0.54964274675926772
039521,1814,2050,337,0.52743008160775995
039521,1815,2050,96,0.54300610376398784
039521,1815,2050,105,0.53317062818336158
039521,1816,2050,334,0.54141118330740368
039521,1816,2050,349,0.53602073829953978
039521,1816,2050,354,0.53937726515171558
039521,1816,2050,355,0.53622475023700134
039521,1817,2050,253,0.54624471573624112
039521,1818,2050,452,0.55202093026712851
039521,1820,2050,324,0.55045589501238557
039521,1820,2050,328,0.56763989536037529
039521,1821,2050,423,0.53675460061006264
039521,1822,2050,310,0.55137986745359224
039521,1822,2050,314,0.53415037284727351
039521,1822,2050,332,0.54668406255168234
039521,1825,2050,301,0.53478579708087903
039521,1826,2050,384,0.56258262764855116
039521,1826,2050,413,0.53499004103894021
039521,1828,2050,235,0.52396122358099539
039521,1828,2050,248,0.52731958762886599
039521,1828,2050,266,0.52997796483593484
039521,1829,2050,348,0.55149930704296335
039521,1830,2050,319,0.55360466957373877
039521,1830,2050,329,0.52501948558067035
039521,1830,2050,332,0.5520028078796122
039521,1831,2050,121,0.54631715356717314
039521,1831,2050,130,0.54338232049075419
039521,1831,2050,134,0.55150114446987708
039521,1831,2050,136,0.5618073581298475
039521,1832,2050,335,0.54663418897900951
039521,1832,2050,339,0.55583216523473256
039521,1833,2050,500,0.53499302157426554
039521,1835,2050,447,0.54504422744158465
039521,1835,2050,468,0.54764221480222053
039521,1836,2050,451,0.54632886348648058
039521,1837,2050,328,0.542751026943318
039521,1838,2050,443,0.54509621810191533
039521,1839,2050,256,0.53568202348690153
039521,1839,2050,274,0.51792570031659524
039521,1840,2050,190,0.53511848672041318
039521,1840,2050,206,0.53096364917933747
039521,1840,2050,212,0.53147616312464097
039521,1841,2050,276,0.55841522882721384
039521,1841,2050,299,0.55200294009555306
039521,1841,2050,304,0.53615380813522462
039521,1841,2050,314,0.52681509771259094
039521,1844,2050,93,0.54168006115028255
039521,1845,2050,78,0.53595456235842998
039521,1845,2050,87,0.54519824283693785
039521,1846,2050,189,0.529614247764433
039521,1846,2050,190,0.55691493167346351
039521,1847,2050,315,0.53957890052428836
039521,1847,2050,316,0.53003515368469845
039521,1848,2050,137,0.5560409752936023
039521,1848,2050,153,0.55683538228670582
039521,1849,2050,164,0.54118026212132064
039521,1850,2050,263,0.549119190090679
039521,1850,2050,273,0.54471104370903967
039521,1851,2050,236,0.54626883646709923
039521,1852,2050,321,0.54708867216012524
039521,1853,2050,400,0.5183424311791982
039521,1855,2050,391,0.55333177147829582
039521,1855,2050,396,0.53321035090758995
039521,1855,2050,405,0.53107541899441346
039521,1855,2050,411,0.54200031993074438
039521,1856,2050,94,0.54723245918567176
039521,1856,2050,116,0.53220969141157515
039521,1856,2050,121,0.5321555710816116
039521,1857,2050,173,0.55583793847335916
039521,1858,2050,206,0.54709229888540933
039521,1858,2050,209,0.54362941369962459
039521,1859,2050,183,0.54687931129628609
039521,1859,2050,187,0.55201396521626689
039521,1860,2050,368,0.55491244239631332
039521,1860,2050,369,0.54983999732133038
039521,1861,2050,379,0.57938548481531449
039521,1861,2050,380,0.5665525586527731
039521,1861,2050,384,0.53910972429490944
039521,1861,2050,402,0.55049145271619415
039521,1861,2050,411,0.54151498991397895
039521,1862,2050,445,0.54987754089720664
039521,1862,2050,448,0.52671035880993922
039521,1863,2050,477,0.54574094989003152
039521,1863,2050,497,0.5353689314882033
039521,1864,2050,418,0.54847193025067209
039521,1864,2050,435,0.54405129933939189
039521,1866,2050,414,0.54382001317895134
039521,1868,2050,122,0.54084327616206807
039521,1869,2050,259,0.54908051033875938
039521,1870,2050,360,0.54718757354671688
039521,1871,2050,134,0.5621309626484442
039521,1871,2050,135,0.55961558053451965
039521,1871,2050,161,0.54894951749862242
039521,1872,2050,193,0.5478054527653784
039521,1872,2050,202,0.53551561438616457
039521,1873,2050,403,0.53552618134190411
039521,1874,2050,178,0.54968075131345906
039521,1874,2050,191,0.54432708540755814
039521,1875,2050,331,0.54220548869398677
039521,1875,2050,332,0.55568827704283252
039521,1876,2050,138,0.55699884987483927
039521,1876,2050,141,0.54278213409789633
039521,1877,2050,268,0.55643187381017134
039521,1878,2050,414,0.537172902910247
039521,1878,2050,442,0.54056108416262438
039521,1880,2050,152,0.53093842376872591
039521,1881,2050,240,0.5336090760533867
039521,1881,2050,262,0.54924482604492586
039521,1882,2050,236,0.55063576856519447
039521,1882,2050,271,0.52943925233644862
039521,1882,2050,276,0.53538743818665946
039521,1882,2050,278,0.54741699159459789
039521,1883,2050,158,0.53563077551437177
039521,1884,2050,280,0.53972801962252681
039521,1884,2050,287,0.54167298793901242
039521,1886,2050,177,0.54400935125657512
039521,1887,2050,426,0.54899482615749928
039521,1888,2050,473,0.57503915843211573
039521,1890,2050,425,0.56195393169181895
039521,1891,2050,170,0.53926519436215103
039521,1891,2050,179,0.54380113838491639
039521,1892,2050,364,0.5441920464394413
039521,1893,2050,382,0.51553157357444945
039521,1893,2050,401,0.54121148332305014
039521,1894,2050,405,0.55308873681078485
039521,1894,2050,425,0.54762498960153061
039521,1894,2050,427,0.55217829885232483
039521,1894,2050,439,0.53259216732869907
039521,1895,2050,208,0.5448704494041372
039521,1896,2050,269,0.54960401894519273
039521,1896,2050,302,0.57394518993257226
039521,1898,2050,199,0.55807737994230444
039521,1898,2050,238,0.53945743624080045
039521,1901,2050,306,0.54540264810415628
039521,1902,2050,481,0.53255558433901762
039521,1903,2050,429,0.5354311794379053
039521,1904,2050,288,0.54914113056718694
039521,1904,2050,292,0.53731570147438823
039521,1904,2050,299,0.5402384885401611
039521,1904,2050,313,0.5562832371805202
039521,1905,2050,73,0.53506370743811416
039521,1905,2050,83,0.53868352082958815
039521,1906,2050,473,0.54323395450058864
039521,1907,2050,330,0.54816795350994463
039521,1907,2050,347,0.55925191466083146
039521,1908,2050,254,0.54496594221921324
039521,1908,2050,265,0.54652535625051479
039521,1908,2050,268,0.54661584123843332
039521,1908,2050,280,0.49265785609397944
039521,1909,2050,265,0.53621010631477994
039521,1910,2050,84,0.54883117570751594
039521,1910,2050,88,0.54392062335332703
039521,1910,2050,100,0.53364579845999327
039521,1911,2050,273,0.54650478609664044
039521,1912,2050,231,0.5694722171726353
039521,1912,2050,251,0.53491676816889977
039521,1913,2050,223,0.55098745497453727
039521,1913,2050,257,0.53660570508396599
039521,1914,2050,161,0.54842128343809382
039521,1915,2050,187,0.54773758738876599
039521,1915,2050,207,0.541190709584492
039521,1916,2050,365,0.54674434713769726
039521,1916,2050,379,0.54135804062249981
039521,1917,2050,210,0.54709810887994426
039521,1917,2050,242,0.5398120022004832
039521,1917,2050,249,0.51696673027462048
039521,1918,2050,271,0.55344182755483673
039521,1919,2050,342,0.55311373160510668
039521,1919,2050,343,0.55280706329396867
039521,1919,2050,354,0.5108035854694134
039521,1920,2050,370,0.53322182629142123
039521,1920,2050,372,0.51238676280273621
039521,1921,2050,378,0.54930169064370471
039521,1924,2050,203,0.53618031947096356
039521,1924,2050,208,0.55920789195879295
039521,1924,2050,221,0.52484888368918792
039521,1925,2050,284,0.53216296845487121
039521,1925,2050,297,0.54357261473429952
039521,1926,2050,332,0.53003367746922103
039521,1926,2050,345,0.54407049433692423
039521,1926,2050,358,0.5338617554493531
039521,1928,2050,155,0.52808432052610244
039521,1928,2050,181,0.54581910847013571
039521,1928,2050,195,0.54390610739031509
039521,1929,2050,157,0.52759632126955935
039521,1929,2050,161,0.56032974243998468
039521,1930,2050,425,0.53817691269994217
039521,1931,2050,448,0.54211441379165881
039521,1931,2050,474,0.53503769982209071
039521,1932,2050,344,0.55008754567600482
039521,1933,2050,223,0.54109194985520281
039521,1934,2050,493,0.55140011745742168
039521,1934,2050,513,0.54095938266762744
039521,1935,2050,244,0.51998829137743585
039521,1935,2050,265,0.5376058150523797
039521,1935,2050,273,0.54249683021418138
039521,1935,2050,286,0.54438733304209619
039521,1936,2050,256,0.53808865051196864
039521,1936,2050,279,0.55612003780718333
039521,1937,2050,300,0.54204785633841934
039521,1938,2050,66,0.53736198483661934
039521,1940,2050,479,0.5511697902243371
039521,1940,2050,500,0.53674148672868482
039521,1941,2050,200,0.54850864346533412
039521,1943,2050,297,0.56927412598065352
039521,1944,2050,143,0.52549662643477324
039521,1945,2050,388,0.53895931211772008
039521,1945,2050,394,0.5471054479783285
039521,1945,2050,406,0.56121948330992943
039521,1946,2050,351,0.53980836358073625
039521,1946,2050,394,0.54792375459072162
039521,1947,2050,173,0.53971920453315048
039521,1947,2050,181,0.53589820135831034
039521,1948,2050,380,0.53852998990596612
039521,1948,2050,406,0.54354001194116264
039521,1949,2050,157,0.54518540669856463
039521,1950,2050,303,0.54890849646054984
039521,1951,2050,476,0.5345125835917558
039521,1952,2050,411,0.52004117729633614
039521,1952,2050,436,0.54158427029775691
039521,1952,2050,440,0.54494247840452215
039521,1954,2050,244,0.52855314780701135
039521,1954,2050,256,0.55450621490929153
039521,1955,2050,250,0.47765339966832504
039521,1957,2050,194,0.54263196580731221
039521,1957,2050,203,0.54778717751520656
039521,1957,2050,210,0.54560881745543244
039521,1959,2050,518,0.55225875434375837
039521,1959,2050,531,0.53690914465375006
039521,1959,2050,534,0.53568278830211313
039521,1961,2050,73,0.57165265242099306
039521,1961,2050,83,0.54678048870720108
039521,1961,2050,85,0.540168299786005
039521,1962,2050,261,0.55575089690264856
039521,1963,2050,449,0.56442116261666408
039521,1963,2050,460,0.55172463186844667
039521,1963,2050,476,0.52636730698641865
039521,1963,2050,480,0.54232602747454228
039521,1964,2050,187,0.55331636375427617
039521,1964,2050,191,0.51870254577936581
039521,1965,2050,278,0.54225626699702378
039521,1966,2050,180,0.54136924349044024
039521,1967,2050,436,0.5441547805910053
039521,1967,2050,444,0.54487151264327327
039521,1968,2050,252,0.55027220729102055
039521,1968,2050,257,0.53849420958745076
039521,1968,2050,269,0.54109061721923735
039521,1969,2050,235,0.55312284306329151
039521,1969,2050,248,0.54550180019721906
039521,1969,2050,252,0.49046339172954245
039521,1970,2050,474,0.53971926577201912
039521,1971,2050,180,0.55877554937146146
039521,1972,2050,112,0.54109729201245993
039521,1972,2050,117,0.52980020951810836
039521,1972,2050,124,0.53280552756585575
039521,1972,2050,126,0.53559028455062541
039521,1973,2050,329,0.54174183009066068
039521,1973,2050,346,0.54250130899842919
039521,1975,2050,384,0.54998744171316871
039521,1975,2050,396,0.54923819817307018
039521,1977,2050,213,0.54404934005115357
039521,1978,2050,112,0.53922609692902346
039521,1978,2050,137,0.53668484878001266
039521,1980,2050,367,0.53622752154475628
039521,1980,2050,373,0.54876053788184487
039521,1980,2050,379,0.52919803202308724
039521,1980,2050,392,0.56179136787985384
039521,1983,2050,188,0.53151551593422397
039521,1985,2050,155,0.532178407484031
039521,1986,2050,209,0.54260406477556788
039521,1986,2050,210,0.53655174394394112
039521,1986,2050,231,0.53783542335307544
039521,1987,2050,493,0.56299310030786287
039521,1989,2050,162,0.54748183412678531
039521,1989,2050,173,0.54086121971353152
039521,1989,2050,178,0.54748038501981722
039521,1990,2050,184,0.55711772926605951
039521,1990,2050,208,0.55607379665405099
039521,1991,2050,134,0.53981936798385677
039521,1991,2050,141,0.54190461082910324
039521,1991,2050,160,0.53708350759793666
039521,1992,2050,189,0.53716969433120931
039521,1992,2050,195,0.53690124107010218
039521,1994,2050,130,0.54863584242872832
039521,1994,2050,146,0.55976340671444302
039521,1994,2050,156,0.53460854637974375
039521,1995,2050,392,0.54462476263424131
039521,1995,2050,402,0.54962451080633223
039521,1995,2050,420,0.57330879201230422
039521,1996,2050,75,0.54149700558097169
039521,1998,2050,505,0.54805122494432068
039521,1998,2050,522,0.55331404454118338
039521,1999,2050,252,0.54564693663195463
039521,1999,2050,259,0.53358582180140812
039521,1999,2050,270,0.52965515131583984
039521,1999,2050,276,0.55954564695922115
039521,2000,2050,104,0.5503658453414394
039521,2000,2050,120,0.53833909405130076
039521,2001,2050,224,0.53955843412295146
039521,2002,2050,218,0.55040137738082429
039521,2002,2050,228,0.54472204871955032
039521,2003,2050,252,0.52798447964281914
039521,2004,2050,194,0.53287685284915631
039521,2005,2050,241,0.54461184263672346
039521,2006,2050,201,0.53949494423016786
039521,2006,2050,204,0.53943997880045935
039521,2007,2050,128,0.55310362300481375
039521,2007,2050,130,0.5575338970695437
039521,2007,2050,133,0.53744514180548342
039521,2007,2050,145,0.53461355151322587
039521,2008,2050,298,0.55390258084716193
039521,2008,2050,299,0.55964474371625939
039521,2008,2050,300,0.53801102726325689
039521,2008,2050,304,0.56176270797256056
039521,2008,2050,308,0.57741922439241378
039521,2008,2050,311,0.54037373076594897
039521,2010,2050,125,0.54805417388550459
039521,2010,2050,145,0.55241290437255597
039521,2011,2050,363,0.55233233330107423
039521,2011,2050,374,0.55358028642291379
039521,2011,2050,376,0.54323454323454323
039521,2011,2050,382,0.52167019027484141
039521,2012,2050,363,0.55605734342776758
039521,2012,2050,392,0.53009518262495592
039521,2012,2050,395,0.53259714110628931
039521,2013,2050,105,0.53756380227725054
039521,2014,2050,502,0.53567591393702307
039521,2014,2050,521,0.54225641752942844
039521,2015,2050,132,0.54076620825147348
039521,2015,2050,138,0.54526184340300976
039521,2016,2050,73,0.54347871257298397
039521,2018,2050,199,0.5515691034978869
039521,2018,2050,216,0.55162973043027475
039521,2019,2050,116,0.54499335739562882
039521,2019,2050,122,0.54514782980848109
039521,2019,2050,126,0.52718512015353514
039521,2021,2050,176,0.53386186165728544
039521,2021,2050,185,0.53351192818963222
039521,2021,2050,190,0.54767593068618259
039521,2022,2050,123,0.54564351441145265
039521,2022,2050,128,0.53435881337309687
039521,2023,2050,388,0.54294062844075552
039521,2023,2050,395,0.55555895771456565
039521,2023,2050,396,0.54869562114128689
039521,2023,2050,407,0.51394529383659815
039521,2023,2050,409,0.55185286977234205
039521,2024,2050,253,0.55376557990147501
039521,2026,2050,346,0.54179156422260388
039521,2026,2050,351,0.53642435538987265
039521,2026,2050,365,0.5404357189153024
039521,2027,2050,69,0.53851886815889494
039521,2030,2050,470,0.56482278825235677
039521,2030,2050,492,0.47939241169345598
039521,2031,2050,125,0.52560386473429954
039521,2031,2050,135,0.54228675528550652
039521,2032,2050,329,0.54596073733220796
039521,2033,2050,107,0.54349502853857268
039521,2033,2050,108,0.54153393415486484
039521,2033,2050,115,0.5443081870054538
039521,2034,2050,367,0.55328020575570402
039521,2035,2050,306,0.55318047997145148
039521,2036,2050,306,0.53734111899256709
039521,2036,2050,309,0.54856759424597679
039521,2036,2050,319,0.5404240028745958
039521,2036,2050,320,0.53189417669924899
039521,2037,2050,347,0.53487588453330337
039521,2038,2050,287,0.54045668720550921
039521,2039,2050,130,0.53928419517530535
039521,2039,2050,133,0.54213606437454276
039521,2041,2050,344,0.56384803113251103
039521,2042,2050,305,0.52143683279935127
039521,2043,2050,149,0.53465346534653468
039521,2044,2050,414,0.54309937985908141
039521,2044,2050,419,0.54324998924129619
039521,2045,2050,493,0.53733692459459759
039521,2045,2050,495,0.53904513627780282
039521,2046,2050,425,0.54074118980222818
039521,2047,2050,246,0.54460375896144153
039521,2048,2050,437,0.54213240733130597
039521,2049,2050,103,0.53281379120374617
039521,2049,2050,116,0.5284398102173673
039521,2050,2050,153,0.54286412231290948
039521,2050,2050,155,0.54781386158678691
039521,2051,2050,109,0.55550216242191253
039521,2051,2050,115,0.54996625801372179
039521,2052,2050,393,0.55082567269272686
039521,2053,2050,186,0.54891397297759537
039521,2053,2050,189,0.54596802120774268
039521,2053,2050,190,0.55190563850821572
039521,2054,2050,206,0.52219823124020226
039521,2055,2050,414,0.54928425357873212
039521,2055,2050,430,0.53840880680672609
039521,2056,2050,24,0.54993932210086638
039521,2058,2050,196,0.55108015506619268
039521,2058,2050,203,0.53428211860851726
039521,2059,2050,399,0.35328585099540344
039521,2060,2050,170,0.5367684354522213
039521,2060,2050,184,0.53418390687744621
039521,2061,2050,382,0.53633593563291648
039521,2061,2050,386,0.55982537938407628
039521,2062,2050,540,0.53651806111601186
039521,2062,2050,546,0.57250165840714873
039521,2062,2050,569,0.54650668495029142
039521,2062,2050,575,0.54547039086670446
039521,2063,2050,497,0.53223317904340239
039521,2065,2050,326,0.55039312068986346
039521,2066,2050,453,0.53788354075781675
039521,2067,2050,464,0.54044791313199869
039521,2067,2050,465,0.54954639108531733
039521,2067,2050,466,0.53125381001059768
039521,2067,2050,475,0.53272219888375438
039521,2069,2050,216,0.52039950388406553
039521,2069,2050,220,0.55104895104895102
039521,2069,2050,224,0.54348303174191492
039521,2069,2050,228,0.54956335450853211
039521,2070,2050,93,0.55078688895807981
039521,2070,2050,98,0.5482843699793436
039521,2070,2050,101,0.54289373569577282
039521,2071,2050,155,0.53625181029899727
039521,2073,2050,457,0.54415342199156669
039521,2073,2050,484,0.54765257867975159
039521,2074,2050,322,0.55240071691349868
039521,2074,2050,335,0.54921027887213303
039521,2074,2050,337,0.55356031442336506
039521,2074,2050,340,0.55043136007633287
039521,2074,2050,352,0.54409189933307489
039521,2075,2050,386,0.54888240567686253
039521,2075,2050,387,0.55094902230632492
039521,2075,2050,398,0.53686713499310534
039521,2076,2050,444,0.53223846522075335
039521,2076,2050,449,0.53838415220511004
039521,2077,2050,370,0.54002541296060991
039521,2077,2050,371,0.54171960306287126
039521,2078,2050,236,0.55143025637448562
039521,2078,2050,247,0.54329792211052408
039521,2079,2050,394,0.55883937712161214
039521,2079,2050,402,0.53596535435761206
039521,2079,2050,413,0.54476042151250981
039521,2079,2050,421,0.54990513222927551
039521,2080,2050,119,0.54337668278656381
039521,2081,2050,288,0.54195337372907471
039521,2081,2050,300,0.54017442939320837
039521,2081,2050,308,0.54424670892247684
039521,2081,2050,310,0.54625792641059812
039521,2082,2050,614,0.55043716293512013
039521,2083,2050,356,0.56612611333877438
039521,2083,2050,360,0.52376135545742797
039521,2084,2050,447,0.5433095073399431
039521,2087,2050,384,0.54024823137225564
039521,2087,2050,391,0.53771299228017078
039521,2087,2050,403,0.53151258880188001
039521,2088,2050,147,0.54995556433297121
039521,2088,2050,150,0.5459152808958555
039521,2088,2050,163,0.54533911062821538
039521,2088,2050,168,0.58937255649852194
039521,2088,2050,172,0.58652274203301014
039521,2089,2050,259,0.55333029197080297
039521,2089,2050,264,0.56064871628287494
039521,2090,2050,192,0.53832130275184154
039521,2090,2050,200,0.5384000912929362
039521,2091,2050,205,0.55341574229462565
039521,2092,2050,196,0.56439132237114831
039521,2092,2050,214,0.55254966269626948
039521,2092,2050,221,0.5499063680547287
039521,2092,2050,232,0.56321064827288891
039521,2094,2050,157,0.54397434771961761
039521,2094,2050,170,0.54581841973598122
039521,2095,2050,273,0.54651709401709403
039521,2095,2050,278,0.54250823441675466
039521,2096,2050,401,0.53716216216216217
039521,2096,2050,443,0.547465843984134
039521,2097,2050,411,0.53937929344565649
039521,2097,2050,433,0.54093015273725764
039521,2097,2050,436,0.54228585941092888
039521,2098,2050,422,0.55796915637935451
039521,2098,2050,426,0.54801890340621062
039521,2098,2050,436,0.53731383085107798
039521,2098,2050,438,0.54268173845254342
039521,2098,2050,443,0.53918112999895895
039521,2099,2050,352,0.54062591664974391
039521,2099,2050,371,0.53763548775592129
039521,2099,2050,373,0.54528149785463531
039521,2100,2050,107,0.53374575761481291
039521,2101,2050,234,0.58462374354794888
039521,2101,2050,241,0.54458098786965825
039521,2101,2050,249,0.54253785387308739
039521,2102,2050,452,0.54432830945826138
039521,2102,2050,455,0.54485043243672138
039521,2103,2050,94,0.54648223564106169
039521,2103,2050,105,0.54508024029953173
039521,2103,2050,112,0.53812324161816838
039521,2104,2050,221,0.53290714734856426
039521,2105,2050,548,0.54803092668817444
039521,2106,2050,183,0.54201258763829363
039521,2108,2050,167,0.55061367485673185
039521,2108,2050,174,0.55266555985980448
039521,2108,2050,176,0.54243662063152431
039521,2108,2050,190,0.53551961935736436
039521,2108,2050,194,0.5466546316145775
039521,2109,2050,537,0.54797785249879394
039521,2110,2050,331,0.55070213340534702
039521,2111,2050,559,0.54260233657361989
039521,2111,2050,564,0.534191101635902
039521,2112,2050,439,0.53036316306064102
039521,2113,2050,175,0.53464687173481218
039521,2114,2050,130,0.52339422997437379
039521,2115,2050,481,0.55169213758243496
039521,2116,2050,180,0.55693956966274993
039521,2116,2050,189,0.53646784865724484
039521,2116,2050,197,0.54931237922426746
039521,2117,2050,86,0.53790197964955244
039521,2117,2050,110,0.54453385127635956
039521,2118,2050,526,0.57677044603848227
039521,2118,2050,538,0.53930050862566203
039521,2121,2050,127,0.56392701136962109
039521,2123,2050,237,0.53517440059475874
039521,2123,2050,238,0.5288866753505479
039521,2125,2050,197,0.54245500567007232
039521,2126,2050,373,0.55164339606278723
039521,2126,2050,377,0.49970769283675504
039521,2127,2050,377,0.54457959855749716
039521,2127,2050,378,0.54826242840956707
039521,2127,2050,407,0.56926173531737478
039521,2128,2050,432,0.52795888624683596
039521,2128,2050,446,0.54854346939700083
039521,2128,2050,467,0.54730566738928466
039521,2130,2050,464,0.5561710717806676
039521,2130,2050,471,0.53547712566051597
039521,2130,2050,472,0.57228530305453384
039521,2130,2050,486,0.55478817380990619
039521,2131,2050,535,0.54642355384521413
039521,2131,2050,546,0.53241129211153226
039521,2132,2050,350,0.54237773685287494
039521,2132,2050,358,0.52966377571115097
039521,2133,2050,140,0.55747205229010033
039521,2134,2050,274,0.54691532097156081
039521,2136,2050,373,0.54563474186863681
039521,2136,2050,378,0.54715956477045713
039521,2136,2050,390,0.5402076082434476
039521,2137,2050,553,0.54817793415431015
039521,2137,2050,563,0.53548088844060604
039521,2138,2050,349,0.54146288973179457
039521,2139,2050,153,0.53877160198298091
039521,2139,2050,172,0.53203552454206648
039521,2140,2050,53,0.55015213569029597
039521,2140,2050,60,0.56220997405155593
039521,2140,2050,76,0.54063406547865722
039521,2140,2050,78,0.53015752383584358
039521,2140,2050,81,0.54672322442285859
039521,2141,2050,394,0.53399574893083046
039521,2141,2050,396,0.53826622140038083
039521,2141,2050,404,0.54218531233817291
039521,2142,2050,359,0.54625835501612574
039521,2142,2050,373,0.52495133773520097
039521,2142,2050,382,0.54753099157156238
039521,2142,2050,390,0.52505514856069069
039521,2143,2050,466,0.53734486819458283
039521,2144,2050,306,0.55013269303677492
039521,2144,2050,315,0.54955255611589049
039521,2144,2050,320,0.54568841172359439
039521,2144,2050,323,0.54329903495877807
039521,2144,2050,339,0.56391222479721903
039521,2147,2050,385,0.55897745571658619
039521,2147,2050,407,0.54599787207026551
039521,2149,2050,318,0.53199137311286848
039521,2149,2050,323,0.54601842561342695
039521,2150,2050,294,0.54983486329660869
039521,2150,2050,297,0.53926395039127895
039521,2151,2050,407,0.54793255369868832
039521,2152,2050,263,0.55823146627744324
039521,2152,2050,276,0.54093004906674558
039521,2152,2050,281,0.54766377377866271
039521,2152,2050,292,0.53478888024589732
039521,2153,2050,300,0.54443123079277989
039521,2153,2050,307,0.5525758841548315
039521,2153,2050,325,0.54748909138566382
039521,2154,2050,215,0.53259486565376846
039521,2155,2050,124,0.55825783772970194
039521,2156,2050,327,0.54349823954168408
039521,2157,2050,248,0.53621366546115612
039521,2158,2050,116,0.54390364346229225
039521,2158,2050,134,0.55068952107451619
039521,2159,2050,351,0.54111219914446218
039521,2159,2050,360,0.55205316700081686
039521,2160,2050,262,0.51747392199853826
039521,2161,2050,193,0.54413539465462057
039521,2162,2050,321,0.52874104602099892
039521,2162,2050,347,0.54364804204226125
039521,2162,2050,358,0.55539030468687189
039521,2163,2050,367,0.54621003083914954
039521,2163,2050,388,0.52775799640926369
039521,2164,2050,327,0.51572726058501406
039521,2164,2050,328,0.52917761922643636
039521,2164,2050,337,0.53581282705531286
039521,2165,2050,319,0.5424626484248265
039521,2165,2050,328,0.54344664116791463
039521,2165,2050,347,0.53659859130811993
039521,2166,2050,323,0.54122010246094854
039521,2167,2050,255,0.51575024609759523
039521,2167,2050,260,0.55921142451464922
039521,2167,2050,276,0.52844708431394527
039521,2168,2050,231,0.53228044212181469
039521,2169,2050,370,0.54120219745053066
039521,2169,2050,373,0.52923769210235294
039521,2169,2050,396,0.53298467238173497
039521,2169,2050,404,0.54662666119421999
039521,2170,2050,169,0.55018819863769208
039521,2171,2050,404,0.53983011601118491
039521,2171,2050,409,0.60422699037295513
039521,2171,2050,412,0.5654144130975004
039521,2172,2050,455,0.54342635427548125
039521,2172,2050,471,0.54312464118002091
039521,2173,2050,219,0.53215510419414402
039521,2174,2050,168,0.55119739968224812
039521,2175,2050,177,0.55522040045893628
039521,2175,2050,179,0.53627289096144115
039521,2176,2050,397,0.54270035879429768
039521,2176,2050,413,0.53771003253554395
039521,2177,2050,293,0.53803860434319817
039521,2179,2050,437,0.54858831646917583
039521,2180,2050,489,0.53712417258154554
039521,2180,2050,493,0.54697986577181212
039521,2180,2050,506,0.53961005311568855
039521,2180,2050,518,0.54705905070868577
039521,2181,2050,147,0.54423333424068376
039521,2181,2050,161,0.55207435404371952
039521,2181,2050,162,0.54687019352368971
039521,2181,2050,167,0.56845332908569612
039521,2181,2050,168,0.54112577334334655
039521,2181,2050,171,0.53789716120251951
039521,2182,2050,236,0.52478821577246659
039521,2182,2050,252,0.53578422538595538
039521,2183,2050,332,0.55065964095657749
039521,2183,2050,335,0.53645517101801254
039521,2185,2050,374,0.54363155348300962
039521,2186,2050,184,0.54253913600512471
039521,2188,2050,413,0.53561750959317656
039521,2188,2050,414,0.53005034829988273
039521,2188,2050,421,0.53077084646082751
039521,2188,2050,430,0.55707721416343814
039521,2190,2050,321,0.5305754616900128
039521,2190,2050,334,0.54685845715746051
039521,2190,2050,336,0.54813855546245005
039521,2190,2050,338,0.54203754360065415
039521,2190,2050,352,0.53517124298789487
039521,2191,2050,141,0.54494266994266993
039521,2192,2050,445,0.53133522892125573
039521,2192,2050,458,0.55582625565368438
039521,2192,2050,460,0.53821863100213618
039521,2192,2050,466,0.54590678645698831
039521,2193,2050,413,0.54068085106382979
039521,2193,2050,421,0.53807610107269588
039521,2193,2050,433,0.56026672096100982
039521,2194,2050,182,0.55766310335586455
039521,2194,2050,220,0.54943063162457151
039521,2195,2050,144,0.53933520033679283
039521,2195,2050,159,0.53099121706399
039521,2195,2050,166,0.52949196190187653
039521,2196,2050,219,0.53484320557491294
039521,2196,2050,242,0.57325722193392148
039521,2197,2050,456,0.54642959788885115
039521,2197,2050,462,0.53677875898028993
039521,2198,2050,227,0.5377419920358637
039521,2198,2050,238,0.54864661654135338
039521,2200,2050,254,0.56272745450909822
039521,2200,2050,258,0.54504844230434535
039521,2201,2050,165,0.54411653328620835
039521,2201,2050,169,0.53654340682889656
039521,2201,2050,182,0.55719065617448416
039521,2201,2050,185,0.5373377599749799
039521,2201,2050,192,0.53613290178653061
039521,2202,2050,169,0.53924787807446872
039521,2202,2050,194,0.54320359867005674
039521,2202,2050,196,0.53044821670600051
039521,2203,2050,114,0.55153130197138722
039521,2203,2050,124,0.54040791289679502
039521,2204,2050,340,0.54912873067852108
039521,2204,2050,358,0.517411003236246
039521,2204,2050,362,0.5492322470173876
039521,2204,2050,367,0.54378657857886614
039521,2204,2050,378,0.54850103757340285
039521,2205,2050,163,0.53961750197429414
039521,2205,2050,193,0.53242172400463861
039521,2206,2050,250,0.54390021082220663
039521,2207,2050,557,0.55342814835221599
039521,2207,2050,571,0.53357018252988975
039521,2207,2050,575,0.54242024024509672
039521,2208,2050,379,0.55849672164140374
039521,2210,2050,6,0.52555076692453895
039521,2210,2050,11,0.55004451942452781
039521,2211,2050,343,0.54673625814499316
039521,2211,2050,344,0.55363406170871232
039521,2212,2050,161,0.54461917977181618
039521,2214,2050,393,0.55845311968161704
039521,2214,2050,415,0.53859079665598619
039521,2215,2050,186,0.54393719284146758
039521,2215,2050,187,0.54685579935077389
039521,2215,2050,203,0.5447954013701628
039521,2216,2050,58,0.54945638722374146
039521,2216,2050,61,0.54258635566565538
039521,2216,2050,69,0.54431883222233224
039521,2216,2050,70,0.55030881088265182
039521,2216,2050,85,0.54813624913292691
039521,2217,2050,432,0.54044457274826785
039521,2217,2050,446,0.55035318542023581
039521,2218,2050,176,0.54565652357778993
039521,2218,2050,190,0.54298424979276039
039521,2219,2050,123,0.54834611814139833
039521,2219,2050,125,0.54205532293162462
039521,2219,2050,141,0.55629534229742184
039521,2220,2050,262,0.53609596510359869
039521,2221,2050,186,0.54684417403352359
039521,2223,2050,405,0.54294358774155771
039521,2223,2050,417,0.54526142192282423
039521,2224,2050,339,0.5546632124352332
039521,2224,2050,349,0.54790905399918799
039521,2224,2050,362,0.54041334151831388
039521,2224,2050,365,0.52993505494895488
039521,2225,2050,135,0.53652609479096058
039521,2225,2050,149,0.54448088127606742
039521,2225,2050,156,0.53421103005295956
039521,2226,2050,296,0.54705692398772898
039521,2226,2050,299,0.51175371299301664
039521,2226,2050,322,0.54001067133651648
039521,2226,2050,324,0.54112325170697617
039521,2227,2050,225,0.52682330083114448
039521,2228,2050,319,0.54870600088155663
039521,2230,2050,374,0.53052277183765584
039521,2230,2050,387,0.54796058617418741
039521,2232,2050,223,0.54983479024635074
039521,2232,2050,249,0.53793447327270694
039521,2232,2050,259,0.53830501905561656
039521,2233,2050,311,0.5340838260015488
039521,2233,2050,326,0.53919789660790995
039521,2234,2050,443,0.54209580229048193
039521,2234,2050,447,0.53046223998702613
039521,2236,2050,368,0.54819130857004128
039521,2237,2050,499,0.53679570282398803
039521,2237,2050,505,0.54537953795379535
039521,2238,2050,128,0.53815299398338268
039521,2238,2050,129,0.5275420681720121
039521,2239,2050,449,0.55852216094092633
039521,2239,2050,461,0.56775964177379745
039521,2240,2050,481,0.53032782558200919
039521,2241,2050,294,0.54155393980385524
039521,2242,2050,292,0.56471812107390074
039521,2243,2050,125,0.54873131226903593
039521,2243,2050,134,0.55691506157246606
039521,2243,2050,136,0.54202927640539644
039521,2245,2050,342,0.57735349785920353
039521,2245,2050,357,0.54013652609596452
039521,2246,2050,197,0.56090889964233115
039521,2246,2050,222,0.55205090528727618
039521,2248,2050,71,0.5438086383230496
039521,2248,2050,90,0.52870884081284264
039521,2248,2050,91,0.52373052275462739
039521,2248,2050,108,0.55340057427774725
039521,2249,2050,370,0.53864838950246807
039521,2249,2050,391,0.54207543978349115
039521,2250,2050,204,0.53075094320119898
039521,2252,2050,181,0.53643499443625753
039521,2253,2050,405,0.55539013189624442
039521,2254,2050,255,0.54059125726766544
039521,2254,2050,271,0.51171177479780117
039521,2256,2050,144,0.54545743480540942
039521,2256,2050,149,0.53859630032644179
039521,2256,2050,163,0.54024237030832856
039521,2257,2050,401,0.55627169062964799
039521,2257,2050,405,0.51557977183722115
039521,2259,2050,376,0.5469189907038513
039521,2262,2050,461,0.53044536383548313
039521,2262,2050,473,0.54483125480229333
039521,2262,2050,480,0.54391197110933642
039521,2262,2050,484,0.54279806435863931
039521,2262,2050,487,0.52235674269288068
039521,2262,2050,491,0.54247459880353244
039521,2263,2050,363,0.5406340715200223
039521,2263,2050,364,0.55618666494545921
039521,2263,2050,390,0.52946805821386012
039521,2264,2050,298,0.55376501821148216
039521,2264,2050,304,0.54043444305450927
039521,2264,2050,306,0.54488014092057901
039521,2265,2050,161,0.53274786961616927
039521,2265,2050,169,0.5417447150120418
039521,2265,2050,173,0.55222975198017232
039521,2265,2050,181,0.55434195523015062
039521,2265,2050,187,0.54191598297452348
039521,2265,2050,189,0.54018445322793152
039521,2266,2050,323,0.54627940651033347
039521,2266,2050,333,0.52384436738459583
039521,2266,2050,337,0.53669711298422862
039521,2267,2050,167,0.53050235574863858
039521,2267,2050,168,0.52093928120413668
039521,2267,2050,186,0.52752904490184827
039521,2267,2050,189,0.55929090364888034
039521,2268,2050,459,0.53264465490399582
039521,2269,2050,328,0.53848949028191739
039521,2270,2050,345,0.54286274300172843
039521,2270,2050,354,0.55795151590303182
039521,2270,2050,367,0.54130620583269062
039521,2271,2050,228,0.54093894001983855
039521,2272,2050,156,0.55471768005503519
039521,2273,2050,177,0.53971408568395851
039521,2275,2050,261,0.54748134017147931
039521,2275,2050,267,0.53882037190874821
039521,2275,2050,299,0.5473249987346257
039521,2276,2050,444,0.53426768897190402
039521,2276,2050,453,0.52898140884129097
039521,2277,2050,226,0.52072252168635991
039521,2277,2050,236,0.54723712519404122
039521,2278,2050,243,0.53735188892900521
039521,2280,2050,138,0.55422610295398633
039521,2280,2050,145,0.53699551569506732
039521,2281,2050,378,0.55393212042579543
039521,2281,2050,384,0.54193726457981561
039521,2282,2050,346,0.543010752688172
039521,2282,2050,354,0.54223898015979888
039521,2282,2050,356,0.5440981215854428
039521,2282,2050,359,0.54937547080566895
039521,2283,2050,93,0.53598292166313644
039521,2283,2050,106,0.52580676802354098
039521,2283,2050,107,0.54796035952984556
039521,2284,2050,211,0.55024509803921573
039521,2284,2050,214,0.53915412318773659
039521,2284,2050,218,0.59503769945642648
039521,2285,2050,268,0.52919125303713987
039521,2285,2050,270,0.54547889575322939
039521,2285,2050,279,0.55696202531645567
039521,2287,2050,64,0.55063407461863623
039521,2287,2050,67,0.53778083077420402
039521,2288,2050,129,0.52651915748426925
039521,2290,2050,356,0.54365734301014046
039521,2291,2050,239,0.54623611503597591
039521,2291,2050,263,0.55125919550828872
039521,2292,2050,301,0.5339481151195784
039521,2293,2050,126,0.55075783606307027
039521,2294,2050,243,0.53090783090783089
039521,2294,2050,246,0.54275082728034163
039521,2295,2050,233,0.55122727453554521
039521,2295,2050,238,0.5539001169199933
039521,2296,2050,188,0.54779058963305971
039521,2298,2050,211,0.53533343030154568
039521,2298,2050,221,0.5435603379111803
039521,2298,2050,241,0.54472354394895062
039521,2300,2050,300,0.54080444724191901
039521,2301,2050,211,0.53966375581490245
039521,2301,2050,216,0.54786908735081863
039521,2301,2050,233,0.54234779789359189
039521,2302,2050,383,0.54370195677082755
039521,2302,2050,397,0.5357774667182893
039521,2302,2050,401,0.54971321792842132
039521,2302,2050,408,0.56196188396174129
039521,2302,2050,410,0.54463276836158192
039521,2304,2050,203,0.54322738266239423
039521,2305,2050,180,0.53962857255593111
039521,2306,2050,354,0.54657042449371729
039521,2307,2050,173,0.55517184918354889
039521,2309,2050,375,0.53363690133769781
039521,2310,2050,386,0.53424345600832768
039521,2310,2050,387,0.54977126643117724
039521,2310,2050,393,0.54827504212887823
039521,2311,2050,464,0.53519805803817722
039521,2312,2050,298,0.55373249993647888
039521,2312,2050,302,0.54030785285677019
039521,2313,2050,184,0.53871185608153738
039521,2313,2050,194,0.54190147014319168
039521,2313,2050,196,0.53561088592935724
039521,2314,2050,413,0.51891593059342367
039521,2314,2050,433,0.53718847221195654
039521,2315,2050,377,0.5324221055822338
039521,2315,2050,386,0.5483214376581812
039521,2316,2050,149,0.54867893492340902
039521,2317,2050,77,0.53604583473758383
039521,2318,2050,188,0.54651339829476253
039521,2318,2050,194,0.54100541096097454
039521,2318,2050,218,0.53482060643264462
039521,2319,2050,434,0.57054104590144161
039521,2320,2050,199,0.54768821704662962
039521,2320,2050,200,0.54928870786848472
039521,2320,2050,216,0.56537699850263246
039521,2320,2050,218,0.53795112183133842
039521,2321,2050,232,0.54464774026748863
039521,2321,2050,235,0.54944414452720036
039521,2321,2050,237,0.55389621427357272
039521,2321,2050,241,0.54587767569271051
039521,2323,2050,387,0.52974229524094751
039521,2323,2050,406,0.54651872399445212
039521,2323,2050,415,0.53403656499553809
039521,2324,2050,148,0.56831036141380964
039521,2324,2050,165,0.53326006960054617
039521,2325,2050,211,0.55081987811773581
039521,2325,2050,217,0.54756228468720358
039521,2325,2050,220,0.53877356239560958
039521,2326,2050,386,0.53065129009114342
039521,2327,2050,144,0.55377191633343592
039521,2327,2050,149,0.54348992259943296
039521,2328,2050,365,0.55272770119005543
039521,2329,2050,199,0.54873938018092383
039521,2329,2050,208,0.535864303716446
039521,2329,2050,221,0.53438701409653999
039521,2330,2050,441,0.54202765722295598
039521,2330,2050,453,0.54720622691712006
039521,2331,2050,275,0.54387689315873466
039521,2331,2050,309,0.53406540711614081
039521,2332,2050,462,0.54973890000259806
039521,2333,2050,276,0.54230438109814427
039521,2333,2050,283,0.5370396643628772
039521,2334,2050,252,0.52904916470623264
039521,2335,2050,148,0.55091093367611799
039521,2335,2050,149,0.54576239779491809
039521,2335,2050,152,0.5327551187168772
039521,2335,2050,165,0.54395371316907626
039521,2336,2050,408,0.5662648189682794
039521,2336,2050,414,0.55494660633484161
039521,2336,2050,441,0.55750717784158077
039521,2337,2050,221,0.53492556012003611
039521,2337,2050,238,0.5664436127178557
039521,2338,2050,303,0.54961153542270214
039521,2340,2050,252,0.5460625062539608
039521,2341,2050,189,0.5726106328096211
039521,2341,2050,191,0.53712473747065848
039521,2342,2050,305,0.54363964317704949
039521,2342,2050,322,0.5105948429920858
039521,2344,2050,481,0.54116933423127811
039521,2345,2050,490,0.53817410624116335
039521,2346,2050,344,0.56547225395298506
039521,2346,2050,366,0.53763246143527832
039521,2347,2050,440,0.55523295700901754
039521,2347,2050,447,0.5411274462613288
039521,2348,2050,418,0.528026363054241
039521,2348,2050,424,0.54561864674663518
039521,2348,2050,433,0.54621774673335832
039521,2348,2050,443,0.551937393073473
039521,2349,2050,439,0.56035109839484021
039521,2350,2050,171,0.57551124907991169
039521,2350,2050,172,0.54262159283657452
039521,2352,2050,116,0.54399409991662928
039521,2352,2050,117,0.53229923656888356
039521,2352,2050,140,0.53712031558185402
039521,2353,2050,131,0.54736121423681094
039521,2353,2050,150,0.53649650204336086
039521,2353,2050,156,0.53783931745904812
039521,2354,2050,412,0.533632400648824
039521,2354,2050,415,0.54657523980815348
039521,2354,2050,438,0.54353970390309558
039521,2355,2050,125,0.52719010567380442
039521,2356,2050,300,0.55443736919446052
039521,2356,2050,331,0.53742890533696919
039521,2357,2050,212,0.55481665000507097
039521,2357,2050,225,0.55709298228756288
039521,2358,2050,483,0.54045351530087804
039521,2359,2050,262,0.52083004160741564
039521,2361,2050,100,0.54756209104341091
039521,2361,2050,115,0.55094008365224079
039521,2361,2050,117,0.55473392314802583
039521,2363,2050,408,0.54714295791303769
039521,2364,2050,458,0.54853849917547071
039521,2364,2050,460,0.53637015536964316
039521,2365,2050,194,0.54294735803443683
039521,2365,2050,212,0.53551432081205141
039521,2365,2050,216,0.54591747910863508
039521,2366,2050,190,0.54469494604124369
039521,2366,2050,202,0.54247316656936273
039521,2366,2050,214,0.54098008793931329
039521,2366,2050,219,0.53834276891405042
039521,2368,2050,380,0.53926406112083813
039521,2368,2050,396,0.53532891279310302
039521,2369,2050,324,0.53981566964495287
039521,2371,2050,314,0.54699213750228559
039521,2371,2050,318,0.53968593306642831
039521,2371,2050,328,0.55481276785862033
039521,2374,2050,404,0.55098790697674416
039521,2375,2050,76,0.52446793776833944
039521,2376,2050,307,0.54637990084544819
039521,2378,2050,117,0.54703769587237561
039521,2378,2050,128,0.54279714213974295
039521,2379,2050,180,0.55676804286164516
039521,2380,2050,462,0.53875144332495184
039521,2380,2050,469,0.5395159532964523
039521,2380,2050,470,0.55376624460251567
039521,2380,2050,479,0.54057251709589327
039521,2380,2050,485,0.53605796254243765
039521,2381,2050,493,0.56070234540489494
039521,2381,2050,496,0.53486750348675038
039521,2381,2050,501,0.55747323276696503
039521,2382,2050,359,0.5533383713567942
039521,2382,2050,366,0.55531510859674804
039521,2382,2050,392,0.5427480850405344
039521,2382,2050,399,0.54145083463263599
039521,2383,2050,387,0.5486275051028191
039521,2384,2050,195,0.54662661674141744
039521,2384,2050,212,0.54267728856959951
039521,2385,2050,147,0.54082939716595946
039521,2385,2050,172,0.55792919621137627
039521,2386,2050,203,0.556644794054866
039521,2387,2050,206,0.53646716164919905
039521,2388,2050,125,0.52787928391105376
039521,2389,2050,411,0.54469309346492112
039521,2390,2050,257,0.54011615922786849
039521,2391,2050,241,0.54172301450700766
039521,2393,2050,405,0.54643236543909346
039521,2393,2050,413,0.54664139818909241
039521,2394,2050,419,0.54076422157835857
039521,2394,2050,448,0.54208219314807571
039521,2395,2050,313,0.5453943557063643
039521,2395,2050,319,0.55749396532806672
039521,2395,2050,333,0.53664099850370428
039521,2396,2050,278,0.53524387812993546
039521,2398,2050,437,0.55391859420887846
039521,2399,2050,275,0.55294077405893516
039521,2399,2050,277,0.55295041269706546
039521,2400,2050,392,0.55776877761413846
039521,2402,2050,224,0.55357039829220922
039521,2402,2050,231,0.54049965421853385
039521,2404,2050,230,0.54927156249227038
039521,2406,2050,460,0.53762268266085056
039521,2406,2050,462,0.55280354915195429
039521,2406,2050,471,0.5391087054266247
039521,2406,2050,482,0.54906963445211809
039521,2407,2050,418,0.54536177365135263
039521,2408,2050,380,0.54139942832530641
039521,2408,2050,391,0.54074561816072497
039521,2409,2050,222,0.54805265502053746
039521,2410,2050,223,0.52814895687465879
039521,2410,2050,231,0.54131415074082023
039521,2410,2050,245,0.56093122014104801
039521,2410,2050,248,0.54879860834269556
039521,2411,2050,304,0.5465284209534873
039521,2412,2050,260,0.53402381767989204
039521,2413,2050,206,0.53838912362895985
039521,2413,2050,212,0.54039691602666007
039521,2414,2050,348,0.53635978963912234
039521,2415,2050,286,0.5336121743019111
039521,2416,2050,323,0.52759822465818718
039521,2416,2050,327,0.54646580037126946
039521,2416,2050,333,0.53380276804606475
039521,2417,2050,380,0.53905394622079539
039521,2419,2050,140,0.55266602840897994
039521,2419,2050,144,0.5481777661248034
039521,2419,2050,150,0.52922418859163212
039521,2420,2050,233,0.53234948984665564
039521,2420,2050,243,0.55357198589307455
039521,2421,2050,440,0.53959726404981878
039521,2422,2050,175,0.51641129191907198
039521,2424,2050,186,0.54125051805094437
039521,2426,2050,352,0.55549023930242236
039521,2426,2050,367,0.55542221252454727
039521,2426,2050,374,0.56627562767240436
039521,2426,2050,380,0.54309832106798139
039521,2427,2050,354,0.5371984357142302
039521,2427,2050,359,0.54103939113129873
039521,2428,2050,87,0.55581104865724185
039521,2429,2050,276,0.53375653472740847
039521,2430,2050,455,0.55177087097940003
039521,2430,2050,461,0.54376200240861894
039521,2430,2050,464,0.52968204374195915
039521,2431,2050,155,0.54132944395191662
039521,2432,2050,316,0.55419278889588519
039521,2432,2050,325,0.54052134165173882
039521,2433,2050,200,0.54668373263695014
039521,2433,2050,203,0.54942772710222232
039521,2434,2050,130,0.53819126919189486
039521,2434,2050,142,0.54738111441431758
039521,2436,2050,276,0.53437040822845461
039521,2436,2050,278,0.54273123928191547
039521,2436,2050,293,0.5739183976074691
039521,2437,2050,94,0.53691605436866841
039521,2438,2050,272,0.53178330419201481
039521,2439,2050,238,0.5440278173737072
039521,2440,2050,200,0.54244692600319055
039521,2441,2050,212,0.5446001866770287
039521,2441,2050,226,0.54209506725138679
039521,2443,2050,394,0.53407559145377159
039521,2444,2050,210,0.53856924376907334
039521,2444,2050,213,0.55472006308437538
039521,2444,2050,232,0.54070574855930631
039521,2444,2050,235,0.54013292997990592
039521,2444,2050,239,0.53782367111745977
039521,2445,2050,285,0.54158334815869058
039521,2446,2050,157,0.52124494261740217
039521,2447,2050,410,0.54358324611175379
039521,2447,2050,416,0.52291565199129575
039521,2449,2050,246,0.54043191170372262
039521,2449,2050,250,0.55169991805608976
039521,2449,2050,261,0.57371225577264651
039521,2450,2050,254,0.52680670951559805
039521,2451,2050,108,0.54273449099477111
039521,2451,2050,122,0.54245105354795153
039521,2452,2050,308,0.54212935174069632
039521,2453,2050,142,0.51894601542416452
039521,2453,2050,153,0.55066654030831441
039521,2453,2050,175,0.54686658823998568
039521,2454,2050,122,0.55686574783052578
039521,2455,2050,86,0.53644891095579272
039521,2455,2050,99,0.57373158756137477
039521,2455,2050,102,0.55012258563211036
039521,2456,2050,153,0.5367580437851619
039521,2456,2050,155,0.53453057320172948
039521,2456,2050,164,0.5434859990507831
039521,2456,2050,179,0.54092081407522785
039521,2459,2050,516,0.53828500816452629
039521,2460,2050,449,0.54361524119137539
039521,2460,2050,453,0.55184773204795456
039521,2460,2050,459,0.52553478013155852
039521,2461,2050,391,0.53396314131077349
039521,2461,2050,411,0.53471476630162484
039521,2461,2050,420,0.55755375593409662
039521,2463,2050,124,0.55177586918201249
039521,2463,2050,131,0.52342086586231373
039521,2463,2050,132,0.52288508274505263
039521,2465,2050,170,0.54943581722712542
039521,2466,2050,275,0.30254893151706774
039521,2466,2050,289,0.5316271894001271
039521,2468,2050,519,0.56678680745476606
039521,2469,2050,450,0.53198416190057196
039521,2469,2050,458,0.54690950732066412
039521,2470,2050,333,0.53925265120711041
039521,2470,2050,349,0.49395834221717405
039521,2472,2050,141,0.54503908451567051
039521,2473,2050,403,0.53974745339021613
039521,2475,2050,160,0.55055383822771764
039521,2475,2050,173,0.54073806236714661
039521,2477,2050,141,0.53234973174502132
039521,2477,2050,163,0.54572710743162212
039521,2477,2050,165,0.55135669266104048
039521,2478,2050,191,0.53826431512702977
039521,2479,2050,369,0.54030977921015921
039521,2479,2050,371,0.53964459896663286
039521,2479,2050,373,0.54213849827540461
039521,2479,2050,377,0.52707484647656111
039521,2481,2050,401,0.5303538055036412
039521,2481,2050,402,0.54683633187473779
039521,2481,2050,411,0.54175072899394749
039521,2483,2050,432,0.53427170612910491
039521,2483,2050,436,0.54480140583889169
039521,2483,2050,438,0.5629611594673376
039521,2483,2050,447,0.55513659811700478
039521,2484,2050,273,0.54396590038929671
039521,2484,2050,278,0.53940217391304346
039521,2485,2050,344,0.55817038550317055
039521,2485,2050,345,0.51939284423563425
039521,2486,2050,261,0.54699428442445197
039521,2486,2050,264,0.54285582126832876
039521,2487,2050,459,0.54933058702368687
039521,2487,2050,464,0.53205113440055285
039521,2488,2050,557,0.54498496039307709
039521,2488,2050,566,0.55052837225823636
039521,2489,2050,447,0.52909221513872673
039521,2490,2050,115,0.54239303520641957
039521,2490,2050,120,0.54058717075960883
039521,2490,2050,131,0.53190159032214213
039521,2490,2050,141,0.53167913916873699
039521,2491,2050,526,0.54761302446604754
039521,2492,2050,357,0.55348527699218097
039521,2492,2050,373,0.55284176409306629
039521,2493,2050,425,0.54953374351086326
039521,2495,2050,312,0.56030850850404579
039521,2495,2050,316,0.55257813829485503
039521,2496,2050,199,0.54411503789254911
039521,2499,2050,375,0.54251146471050748
039521,2499,2050,390,0.55428745265058588
039521,2501,2050,298,0.53934978546951939
039521,2501,2050,327,0.53827161984329164
039521,2502,2050,358,0.52863943873715857
039521,2503,2050,521,0.54051734382633732
039521,2503,2050,522,0.54366658370640464
039521,2504,2050,399,0.54362010328756771
039521,2506,2050,255,0.52856232745805909
039521,2506,2050,274,0.55619775379336356
039521,2506,2050,279,0.53786627619907035
039521,2507,2050,444,0.54625103993344426
039521,2508,2050,126,0.5511393015960564
039521,2508,2050,135,0.53993871836864071
039521,2510,2050,155,0.54097861864852159
039521,2511,2050,354,0.54064955667326631
039521,2511,2050,364,0.53994250791120124
039521,2512,2050,113,0.54057786163787191
039521,2512,2050,119,0.54748018035978641
039521,2514,2050,466,0.53584621523174547
039521,2514,2050,470,0.55388392295102606
039521,2514,2050,473,0.5361970181380773
039521,2515,2050,190,0.54108990139499846
039521,2516,2050,250,0.53647033164760571
039521,2516,2050,252,0.53804370043332517
039521,2517,2050,217,0.54397415684501826
039521,2517,2050,231,0.55809895298706635
039521,2518,2050,393,0.53872322878276335
039521,2521,2050,392,0.54052364047119572
039521,2521,2050,404,0.5472515383822063
039521,2522,2050,255,0.54204317948162983
039521,2522,2050,280,0.54627492589230042
039521,2522,2050,284,0.51962408180901631
039521,2523,2050,343,0.5225879255219108
039521,2523,2050,345,0.53884993925343028
039521,2524,2050,245,0.5349494581075448
039521,2524,2050,267,0.57067877572683845
039521,2525,2050,425,0.54409285819902409
039521,2526,2050,181,0.53125208077695019
039521,2528,2050,365,0.54272329882815284
039521,2530,2050,319,0.54553449086856043
039521,2530,2050,338,0.5454115793619535
039521,2531,2050,349,0.54318895229308117
039521,2532,2050,472,0.54578071687361496
039521,2532,2050,475,0.54782813745100911
039521,2533,2050,517,0.54822652900656721
039521,2534,2050,133,0.54148213758488339
039521,2536,2050,298,0.54590251670843781
039521,2536,2050,300,0.53545136459062281
039521,2536,2050,311,0.53837024729635508
039521,2537,2050,122,0.53899697362732379
039521,2537,2050,123,0.54800542960756904
039521,2537,2050,139,0.5418349985384171
039521,2538,2050,166,0.540449689997759
039521,2539,2050,314,0.54123950679156563
039521,2539,2050,318,0.54899513169392089
039521,2539,2050,332,0.54343885886129961
039521,2540,2050,308,0.55644522744368341
039521,2541,2050,222,0.54699030310422636
039521,2542,2050,207,0.54498700523716426
039521,2542,2050,219,0.56010239893043257
039521,2544,2050,220,0.54216360856269108
039521,2545,2050,123,0.5419999111348085
039521,2546,2050,523,0.54366494296861878
039521,2547,2050,282,0.54550179844896773
039521,2547,2050,285,0.55494414625712263
039521,2547,2050,292,0.54762384466215031
039521,2548,2050,470,0.55406092445875521
039521,2549,2050,371,0.55208433851201388
039521,2549,2050,396,0.55278213983725555
039521,2549,2050,399,0.52978797075177708
039521,2550,2050,106,0.54642549526270456
039521,2552,2050,498,0.52404126112636218
039521,2552,2050,505,0.56045646241627389
039521,2552,2050,528,0.54499859728273625
039521,2552,2050,531,0.53239934864394411
039521,2552,2050,535,0.53693650357339195
039521,2553,2050,434,0.53728047890472719
039521,2553,2050,451,0.55843111561141223
039521,2553,2050,463,0.57257464229592259
039521,2555,2050,459,0.54303881293914291
039521,2555,2050,461,0.5489690178815898
039521,2555,2050,465,0.52666583357631802
039521,2555,2050,474,0.5368609567416871
039521,2555,2050,485,0.53226695408281999
039521,2555,2050,486,0.54723080804894975
039521,2555,2050,487,0.54855471512138676
039521,2556,2050,138,0.54248518024789405
039521,2556,2050,148,0.53035779167383779
039521,2557,2050,238,0.54799461383091275
039521,2558,2050,345,0.5438790095430277
039521,2558,2050,346,0.5462380216383308
039521,2558,2050,363,0.53397282174260596
039521,2558,2050,365,0.5441022834684841
039521,2559,2050,392,0.54618217315735584
039521,2559,2050,401,0.54817257284700738
039521,2560,2050,95,0.54767574567082944
039521,2560,2050,103,0.52849547799815588
039521,2560,2050,113,0.54685823643691822
039521,2561,2050,200,0.54509912687279649
039521,2561,2050,210,0.54628801738723742
039521,2561,2050,216,0.53538306087835152
039521,2562,2050,352,0.51482113622905712
039521,2562,2050,366,0.55388278979657735
039521,2563,2050,176,0.54396554880281178
039521,2563,2050,181,0.53789286267224024
039521,2565,2050,200,0.51331953794169261
039521,2565,2050,219,0.55090330730712445
039521,2566,2050,90,0.5388713893170699
039521,2566,2050,106,0.52568269840706994
039521,2566,2050,111,0.54592815572948028
039521,2567,2050,304,0.54428038921430988
039521,2568,2050,267,0.53606131546034697
039521,2568,2050,288,0.54456660003634383
039521,2569,2050,512,0.53535842220117758
039521,2569,2050,519,0.54388453403011072
039521,2569,2050,521,0.54470188211798309
039521,2569,2050,528,0.53613642640154657
039521,2569,2050,532,0.55712339845911552
039521,2569,2050,536,0.54960783070125363
039521,2571,2050,243,0.54948087630996667
039521,2572,2050,307,0.55172293688756791
039521,2573,2050,212,0.56520729684908788
039521,2573,2050,222,0.5441979683642838
039521,2574,2050,366,0.54906448497601346
039521,2575,2050,471,0.56634993446920057
039521,2575,2050,482,0.52485438843141197
039521,2575,2050,494,0.54786829082603727
039521,2576,2050,239,0.5264841950801965
039521,2576,2050,268,0.54433317218039923
039521,2576,2050,271,0.57177648955510585
039521,2577,2050,127,0.54706613462419051
039521,2578,2050,225,0.54734588349357682
039521,2579,2050,142,0.54525323910482926
039521,2580,2050,248,0.54514852741012498
039521,2580,2050,264,0.55426900116190547
039521,2580,2050,271,0.52078946629607792
039521,2580,2050,275,0.53872863765979317
039521,2580,2050,276,0.54491771829381608
039521,2581,2050,407,0.5062006764374295
039521,2581,2050,415,0.54726192736445256
039521,2582,2050,341,0.47005571030640669
039521,2582,2050,348,0.55695906853056387
039521,2582,2050,350,0.53701660991479228
039521,2582,2050,356,0.53393925448688451
039521,2583,2050,430,0.54642412160478449
039521,2583,2050,435,0.54403374372368141
039521,2583,2050,441,0.5370486355211862
039521,2583,2050,450,0.53533853533853537
039521,2583,2050,469,0.53940958196500577
039521,2585,2050,361,0.54340972991394731
039521,2585,2050,383,0.54523092801238493
039521,2586,2050,504,0.53722971526439733
039521,2587,2050,372,0.53748412921484434
039521,2587,2050,381,0.53027686696028409
039521,2588,2050,251,0.54536215190731074
039521,2590,2050,357,0.54294704945417815
039521,2590,2050,365,0.55632842714448683
039521,2592,2050,346,0.54646400791578487
039521,2592,2050,358,0.54441184315817548
039521,2592,2050,367,0.5470436702649657
039521,2592,2050,378,0.54315537675328907
039521,2593,2050,411,0.52824031461802357
039521,2593,2050,433,0.54640274815081591
039521,2593,2050,438,0.53085469456597412
039521,2594,2050,396,0.56623501487245742
039521,2594,2050,397,0.54527031859687047
039521,2594,2050,402,0.54080276051625242
039521,2594,2050,422,0.53725833864457195
039521,2595,2050,420,0.54223324268117101
039521,2595,2050,430,0.53773462911937608
039521,2598,2050,275,0.54612572206979415
039521,2598,2050,281,0.53920312171235107
039521,2599,2050,167,0.53609908531623318
039521,2601,2050,182,0.53792724688247073
039521,2602,2050,289,0.5660846925491998
039521,2602,2050,291,0.54712934611350117
039521,2602,2050,293,0.54829426930112646
039521,2602,2050,305,0.54488566342598932
039521,2603,2050,207,0.53889924773355624
039521,2605,2050,374,0.55316641669982558
039521,2607,2050,166,0.55083741782619811
039521,2608,2050,434,0.53010301775818569
039521,2608,2050,437,0.53935086728893911
039521,2609,2050,431,0.54602189080202268
039521,2611,2050,141,0.54624556880438291
039521,2611,2050,155,0.53249630723781394
039521,2613,2050,41,0.54261007852102172
039521,2614,2050,301,0.54757473316367222
039521,2614,2050,308,0.55528691962303256
039521,2614,2050,315,0.54994435789005114
039521,2615,2050,424,0.54004554639638191
039521,2616,2050,227,0.54121695144546067
039521,2616,2050,228,0.55648310805906009
039521,2617,2050,455,0.54509896122771773
039521,2618,2050,289,0.53690068863961193
039521,2618,2050,295,0.53209457278256267
039521,2618,2050,309,0.55421385561811187
039521,2618,2050,310,0.53904550364363846
039521,2620,2050,186,0.54611307974536671
039521,2620,2050,193,0.54485868508398427
039521,2621,2050,75,0.54075359142926716
039521,2622,2050,184,0.52783451842275375
039521,2622,2050,186,0.54637359540667163
039521,2622,2050,203,0.53529426771091104
039521,2622,2050,210,0.54849373790948808
039521,2623,2050,296,0.53932314585166818
039521,2623,2050,320,0.54415875275612424
039521,2624,2050,301,0.54358505412245073
039521,2624,2050,321,0.54515169118780304
039521,2624,2050,325,0.54918431407224011
039521,2626,2050,327,0.52819622461658922
039521,2626,2050,334,0.53087605259270199
039521,2626,2050,353,0.55266569599297921
039521,2627,2050,152,0.52860164060497306
039521,2629,2050,201,0.52909907238764875
039521,2630,2050,136,0.52687631554145331
039521,2630,2050,145,0.5548847787551423
039521,2630,2050,155,0.54443033957473819
039521,2632,2050,191,0.53180791100737468
039521,2632,2050,197,0.53088881503637242
039521,2632,2050,209,0.53685249767385701
039521,2632,2050,226,0.51548295454545456
039521,2633,2050,144,0.5567305219850861
039521,2633,2050,147,0.54098461823287103
039521,2633,2050,172,0.52372707311477917
039521,2634,2050,60,0.547652153518838
039521,2634,2050,62,0.53335049555927405
039521,2634,2050,63,0.55383568423657514
039521,2635,2050,188,0.56627308921278818
039521,2636,2050,156,0.54395081378836818
039521,2636,2050,161,0.52766980984086587
039521,2636,2050,166,0.54874041621029568
039521,2636,2050,175,0.5339744350785548
039521,2637,2050,72,0.552365751502362
039521,2637,2050,79,0.54014747923075446
039521,2637,2050,102,0.51391362422083708
039521,2638,2050,231,0.54287913779830643
039521,2638,2050,247,0.54902462473638503
039521,2639,2050,348,0.51979774696062753
039521,2639,2050,362,0.532689816813668
039521,2640,2050,177,0.5484189545887127
039521,2640,2050,189,0.55239701883371939
039521,2640,2050,195,0.54269171487479229
039521,2641,2050,93,0.53846901647084966
039521,2644,2050,245,0.54722213011472909
039521,2644,2050,256,0.5348406341285673
039521,2644,2050,259,0.57432009230262071
039521,2644,2050,264,0.53885834311484526
039521,2645,2050,208,0.54019273937611267
039521,2645,2050,210,0.54265987177379582
039521,2645,2050,228,0.54809946670877929
039521,2645,2050,231,0.53719914654330092
039521,2646,2050,432,0.55845260369839378
039521,2646,2050,435,0.55666387068985057
039521,2647,2050,186,0.55576125672588694
039521,2647,2050,196,0.5597857585386814
039521,2647,2050,214,0.53462184185741779
039521,2648,2050,334,0.53317707367249545
039521,2648,2050,355,0.54891286944826923
039521,2649,2050,523,0.53249176922128916
039521,2649,2050,526,0.53844908128308933
039521,2650,2050,317,0.54485908816685336
039521,2650,2050,327,0.55444292028654174
039521,2651,2050,224,0.55070270087435946
039521,2651,2050,244,0.54689775245330796
039521,2651,2050,250,0.5456271795048856
039521,2651,2050,253,0.50990964191425281
039521,2653,2050,505,0.53694239315211512
039521,2653,2050,538,0.53984383140783665
039521,2654,2050,202,0.55569507159587572
039521,2654,2050,204,0.54429356974525867
039521,2655,2050,116,0.56430352689704311
039521,2655,2050,142,0.57463217317864601
039521,2656,2050,218,0.53865253349705655
039521,2656,2050,227,0.53038856003147272
039521,2656,2050,235,0.48110468940476919
039521,2657,2050,263,0.53554409980939177
039521,2657,2050,264,0.54210793029108373
039521,2657,2050,282,0.52917084057162422
039521,2657,2050,288,0.54248469402700883
039521,2659,2050,385,0.54627527723418134
039521,2662,2050,349,0.55418521606443394
039521,2662,2050,352,0.55002113641753192
039521,2662,2050,353,0.5451852576009385
039521,2662,2050,363,0.53738826850224086
039521,2663,2050,483,0.5444556123003369
039521,2664,2050,193,0.52606401688357374
039521,2665,2050,146,0.55536922566932512
039521,2665,2050,166,0.53247239378626243
039521,2666,2050,156,0.53955480206085693
039521,2667,2050,357,0.53645264847512042
039521,2668,2050,394,0.56045309631919626
039521,2668,2050,398,0.54738614866423663
039521,2669,2050,400,0.55588170543773396
039521,2670,2050,353,0.55374461928662011
039521,2670,2050,360,0.55351834768347685
039521,2670,2050,369,0.54592658353290946
039521,2670,2050,374,0.54003680086291683
039521,2671,2050,116,0.54601839211093484
039521,2672,2050,276,0.54947033726457184
039521,2672,2050,294,0.54327610394815951
039521,2672,2050,309,0.55176063113334617
039521,2674,2050,394,0.55206886975840042
039521,2675,2050,373,0.52184036203843376
039521,2676,2050,271,0.55178758868387434
039521,2676,2050,280,0.53334633913717333
039521,2676,2050,302,0.54175053567950138
039521,2676,2050,304,0.54858593183466275
039521,2676,2050,308,0.54249361100538307
039521,2677,2050,226,0.53886698892317575
039521,2677,2050,261,0.55747027989996234
039521,2679,2050,410,0.54912617860789137
039521,2679,2050,425,0.54929577464788737
039521,2681,2050,402,0.53613864961987834
039521,2683,2050,244,0.53544302295222046
039521,2683,2050,245,0.54608626075181954
039521,2684,2050,184,0.53294914493133261
039521,2685,2050,235,0.54397255627063412
039521,2685,2050,238,0.55199957587431747
039521,2685,2050,250,0.54434021638145469
039521,2686,2050,146,0.54343800156385036
039521,2686,2050,156,0.53535436488848742
039521,2686,2050,169,0.53906694798888111
039521,2686,2050,189,0.54486493293873184
039521,2687,2050,164,0.55664457814622781
039521,2687,2050,180,0.54547915538711422
039521,2688,2050,263,0.55956935369197958
039521,2689,2050,156,0.53638600356190613
039521,2689,2050,167,0.56075506969561506
039521,2693,2050,534,0.53371140516698168
039521,2693,2050,544,0.55193080949852058
039521,2694,2050,293,0.54863442222541503
039521,2695,2050,316,0.54072895355004924
039521,2695,2050,318,0.54284208568417136
039521,2696,2050,474,0.5471336708168012
039521,2696,2050,501,0.54978280132264268
039521,2697,2050,183,0.54199110252720106
039521,2699,2050,377,0.52955656718934407
039521,2700,2050,148,0.53958611752318475
039521,2701,2050,251,0.5412481499044417
039521,2702,2050,140,0.54162360236775342
039521,2702,2050,174,0.54308994246969389
039521,2703,2050,233,0.55394145775974502
039521,2706,2050,187,0.55032780025108108
039521,2706,2050,204,0.54809673354269595
039521,2708,2050,351,0.54999899539892705
039521,2708,2050,352,0.54749711301902892
039521,2709,2050,183,0.54798769794760172
039521,2709,2050,197,0.55018867023309137
039521,2711,2050,437,0.54502216711114126
039521,2712,2050,307,0.54123596133430185
039521,2712,2050,312,0.54409829760531159
039521,2713,2050,254,0.55343757419529893
039521,2713,2050,259,0.55647235991717392
039521,2714,2050,274,0.55842220661174613
039521,2714,2050,292,0.55305913541037821
039521,2715,2050,320,0.56044353380740031
039521,2716,2050,317,0.54060826173871912
039521,2716,2050,337,0.54016915395524057
039521,2716,2050,345,0.5547557307333264
039521,2716,2050,346,0.52347595607724351
039521,2717,2050,375,0.5397177348396861
039521,2717,2050,386,0.53857284673497885
039521,2717,2050,394,0.53825307923722943
039521,2717,2050,401,0.56434219985621858
039521,2717,2050,415,0.53558370199785876
039521,2718,2050,136,0.54174664107485604
039521,2719,2050,383,0.54317679474369451
039521,2719,2050,402,0.5280565325417057
039521,2720,2050,201,0.5433553567571191
039521,2720,2050,219,0.53981693567793509
039521,2721,2050,264,0.52457002457002455
039521,2721,2050,278,0.54618117229129659
039521,2723,2050,292,0.53414477113161851
039521,2723,2050,313,0.52628680969083941
039521,2724,2050,288,0.54425258714197766
039521,2726,2050,552,0.55061310512198236
039521,2727,2050,482,0.54643736611343574
039521,2727,2050,498,0.53386852024083409
039521,2728,2050,414,0.5417158821293947
039521,2729,2050,195,0.54035339240450198
039521,2729,2050,203,0.55079099639261453
039521,2730,2050,204,0.50272509265315024
039521,2731,2050,419,0.56195451559420651
039521,2733,2050,455,0.54924200138426849
039521,2733,2050,473,0.55564540584251487
039521,2734,2050,366,0.5422921500238157
039521,2734,2050,388,0.53260726766336475
039521,2735,2050,428,0.53001410774989199
039521,2735,2050,429,0.52432801563063147
039521,2736,2050,206,0.54257577544521762
039521,2736,2050,208,0.54344584519452355
039521,2737,2050,34,0.54043852726212127
039521,2738,2050,140,0.53718061158861019
039521,2738,2050,142,0.53371920135938833
039521,2739,2050,372,0.53186007333267271
039521,2740,2050,409,0.53891345667714086
039521,2741,2050,149,0.52805005968097807
039521,2741,2050,150,0.54575663958046683
039521,2741,2050,167,0.54724719271164379
039521,2742,2050,421,0.55821102895379848
039521,2742,2050,447,0.55001403762082379
039521,2742,2050,454,0.54507955812303643
039521,2742,2050,455,0.55290985329467179
039521,2743,2050,192,0.54928112684279662
039521,2743,2050,215,0.53929583164710648
039521,2744,2050,384,0.54481050638789341
039521,2745,2050,422,0.55334767318788625
039521,2745,2050,439,0.5377287844415567
039521,2745,2050,440,0.52690709304782701
039521,2745,2050,446,0.54095570097649481
039521,2745,2050,448,0.54581311922471454
039521,2748,2050,167,0.54470667449328403
039521,2749,2050,260,0.5622530508407203
039521,2749,2050,262,0.54119535791483919
039521,2750,2050,152,0.53494429170886992
039521,2751,2050,108,0.54811830964902464
039521,2752,2050,227,0.55607574368132306
039521,2753,2050,332,0.5400095530192569
039521,2754,2050,483,0.55197213170019099
039521,2754,2050,484,0.5455362420236185
039521,2754,2050,490,0.53200998316791459
039521,2754,2050,498,0.54597305934225959
039521,2755,2050,544,0.55403595007469519
039521,2756,2050,381,0.53885609387373123
039521,2756,2050,392,0.53691744659543605
039521,2756,2050,395,0.52803004438374868
039521,2757,2050,185,0.53035376486703922
039521,2759,2050,182,0.548775565123789
039521,2760,2050,461,0.54860411148355637
039521,2760,2050,469,0.55632237300507648
039521,2762,2050,193,0.54222195541681673
039521,2762,2050,207,0.53517615624053105
039521,2762,2050,211,0.54404173331394501
039521,2763,2050,163,0.55391199679015646
039521,2764,2050,152,0.55278317049107284
039521,2764,2050,160,0.55220398641182011
039521,2764,2050,182,0.54288551724137935
039521,2765,2050,420,0.54650758366223595
039521,2765,2050,437,0.54959758595240904
039521,2766,2050,376,0.54094059599796374
039521,2767,2050,465,0.53773599613363887
039521,2767,2050,500,0.52091882694424985
039521,2768,2050,150,0.51641241651487557
039521,2769,2050,464,0.55200698322087205
039521,2769,2050,476,0.57662256734733008
039521,2770,2050,391,0.55939612533088667
039521,2770,2050,393,0.53036064620824952
039521,2770,2050,417,0.55252905294091459
039521,2770,2050,428,0.54511089216415665
039521,2771,2050,407,0.54700593418449917
039521,2772,2050,91,0.54372940650042711
039521,2772,2050,96,0.55627788053530625
039521,2772,2050,107,0.54286175189546704
039521,2772,2050,109,0.54775279560517054
039521,2772,2050,118,0.55210701322787026
039521,2774,2050,182,0.53835572099045148
039521,2774,2050,184,0.54673791076676459
039521,2774,2050,185,0.53748644780779742
039521,2775,2050,191,0.53077778974193313
039521,2777,2050,299,0.5261732607577112
039521,2777,2050,315,0.53935336562441116
039521,2778,2050,455,0.54241364232619149
039521,2779,2050,116,0.54034377288588287
039521,2780,2050,191,0.53376553214478661
039521,2780,2050,192,0.55239792130660725
039521,2780,2050,195,0.53616002373233318
039521,2780,2050,216,0.52831315026436976
039521,2782,2050,140,0.54366475703027306
039521,2784,2050,383,0.54931164395619869
039521,2784,2050,384,0.52960107274555812
039521,2784,2050,385,0.54389800159642177
039521,2784,2050,392,0.54444412574575496
039521,2784,2050,394,0.52834422596841601
039521,2785,2050,145,0.56280524519970565
039521,2785,2050,148,0.54371966262065741
039521,2785,2050,153,0.54435531391667125
039521,2787,2050,133,0.53473137688360683
039521,2788,2050,194,0.54605903340901718
039521,2788,2050,215,0.52957236237628957
039521,2789,2050,407,0.52974197483227736
039521,2789,2050,409,0.54754685582930229
039521,2789,2050,410,0.54850223923511676
039521,2790,2050,387,0.54122952328363705
039521,2790,2050,413,0.54716595645321342
039521,2791,2050,163,0.55425980457770041
039521,2791,2050,190,0.54237643360307386
039521,2791,2050,202,0.51336838572547261
039521,2792,2050,441,0.54781131793748761
039521,2792,2050,445,0.55911798775442656
039521,2792,2050,457,0.55271649944381418
039521,2793,2050,262,0.54546651837977056
039521,2793,2050,277,0.55604767614077155
039521,2793,2050,286,0.53968493402240347
039521,2794,2050,185,0.55936517442730949
039521,2794,2050,189,0.54985674799916284
039521,2794,2050,191,0.56898042432438423
039521,2795,2050,443,0.54513183883755301
039521,2795,2050,447,0.54450032322037056
039521,2795,2050,449,0.54102317945293155
039521,2796,2050,432,0.54236531438232349
039521,2796,2050,457,0.54677855982674606
039521,2797,2050,175,0.55298103508703611
039521,2798,2050,174,0.54865427342014228
039521,2798,2050,184,0.52070842808903595
039521,2799,2050,202,0.53641098374758767
039521,2799,2050,218,0.5296951345399491
039521,2801,2050,123,0.53797345239308247
039521,2801,2050,129,0.53599244748642905
039521,2801,2050,138,0.54691897187884342
039521,2802,2050,255,0.54700025529742147
039521,2802,2050,277,0.54509354192698078
039521,2804,2050,157,0.55211846712280366
039521,2804,2050,165,0.52216781148322211
039521,2807,2050,196,0.54439543038117855
039521,2807,2050,203,0.54769914033814837
039521,2807,2050,206,0.54697091833571032
039521,2807,2050,211,0.53072862194332382
039521,2808,2050,329,0.52959331520552566
039521,2808,2050,336,0.54781116554452336
039521,2809,2050,156,0.52692866438667108
039521,2810,2050,122,0.54976747698368245
039521,2811,2050,124,0.54187959616103698
039521,2811,2050,130,0.54869398784057644
039521,2811,2050,138,0.54460472062454013
039521,2812,2050,76,0.53592270375740647
039521,2813,2050,281,0.53669591648146875
039521,2813,2050,286,0.53590157780381542
039521,2813,2050,312,0.54564338154481906
039521,2816,2050,316,0.53151859298703019
039521,2817,2050,58,0.54138485174916562
039521,2818,2050,349,0.5366669923783467
039521,2818,2050,359,0.53583645493943355
039521,2818,2050,360,0.54147564032031292
039521,2818,2050,367,0.5442021784454707
039521,2818,2050,372,0.53937493704039485
039521,2819,2050,268,0.5372729433809238
039521,2820,2050,442,0.54047769243138277
039521,2821,2050,262,0.53578466146449122
039521,2822,2050,200,0.54350549308145313
039521,2822,2050,218,0.54618225229519224
039521,2823,2050,177,0.55136716793772977
039521,2824,2050,133,0.5257311550874384
039521,2824,2050,135,0.54038649580567133
039521,2824,2050,155,0.57382516925527682
039521,2825,2050,326,0.53840448797185514
039521,2825,2050,331,0.53363621207069023
039521,2826,2050,298,0.56226782640210204
039521,2826,2050,300,0.52990176486674101
039521,2827,2050,354,0.54131537939025853
039521,2827,2050,372,0.5374532685525738
039521,2828,2050,222,0.54318606652226809
039521,2829,2050,115,0.53050696120903473
039521,2829,2050,136,0.54545777398962991
039521,2830,2050,504,0.54334057143373071
039521,2830,2050,507,0.54157546573276916
039521,2831,2050,521,0.53861069678244189
039521,2832,2050,242,0.54632594725869887
039521,2832,2050,252,0.54136941569241459
039521,2832,2050,271,0.54994736932926092
039521,2832,2050,274,0.498139510507835
039521,2833,2050,193,0.53841201223297841
039521,2835,2050,232,0.54099227125405136
039521,2836,2050,231,0.55609628921526033
039521,2836,2050,234,0.54425537124319034
039521,2837,2050,291,0.54429663692268393
039521,2837,2050,303,0.53462879920279027
039521,2839,2050,244,0.54287760949652064
039521,2840,2050,230,0.55380405188422388
039521,2841,2050,270,0.5379965346852339
039521,2842,2050,327,0.54577332498434561
039521,2843,2050,192,0.54720622290837839
039521,2843,2050,218,0.54630028644579076
039521,2845,2050,110,0.54078360480010179
039521,2845,2050,114,0.55053575908162411
039521,2847,2050,323,0.54048459152605066
039521,2847,2050,334,0.5507379913422924
039521,2848,2050,479,0.54423191483850919
039521,2850,2050,428,0.55002622863540629
039521,2850,2050,429,0.53982145102477053
039521,2851,2050,148,0.55340677847168618
039521,2852,2050,325,0.54164380092025832
039521,2852,2050,328,0.55912017999844832
039521,2853,2050,245,0.53930779303834087
039521,2853,2050,249,0.54092526690391463
039521,2853,2050,253,0.5388568664597525
039521,2854,2050,144,0.53281000145369961
039521,2855,2050,439,0.5414786532454009
039521,2856,2050,415,0.52759681618315668
039521,2856,2050,432,0.52628104710391233
039521,2856,2050,441,0.55226322228228397
039521,2857,2050,435,0.536212805556186
039521,2857,2050,441,0.54211793020457277
039521,2858,2050,199,0.53370733398468273
039521,2858,2050,215,0.5592101949327557
039521,2858,2050,221,0.55137362637362641
039521,2858,2050,228,0.55961769981081544
039521,2859,2050,339,0.54352972622093243
039521,2859,2050,343,0.54156107450582869
039521,2859,2050,372,0.52882459312839059
039521,2861,2050,183,0.54171232684256376
039521,2861,2050,190,0.53225341003097404
039521,2861,2050,195,0.55355215386125012
039521,2861,2050,199,0.53719419832755799
039521,2861,2050,207,0.51217665818380953
039521,2861,2050,209,0.55528233558367235
039521,2861,2050,213,0.52027216909228713
039521,2862,2050,442,0.53214291269384517
039521,2862,2050,454,0.54036467997723847
039521,2862,2050,457,0.55057165989452095
039521,2863,2050,358,0.53878921930040136
039521,2863,2050,360,0.55685328593796279
039521,2863,2050,372,0.54498940135954976
039521,2865,2050,442,0.53828820730406435
039521,2865,2050,443,0.55211873655327248
039521,2865,2050,445,0.54684064815568767
039521,2865,2050,455,0.53318147911338454
039521,2866,2050,289,0.54711755770441994
039521,2866,2050,301,0.55317028149515457
039521,2867,2050,159,0.5349980057044379
039521,2867,2050,180,0.52675211344423234
039521,2868,2050,403,0.5503393841267864
039521,2869,2050,215,0.5351687142570869
039521,2871,2050,345,0.53350165869915311
039521,2872,2050,187,0.54982320797171325
039521,2873,2050,188,0.51701818381284115
039521,2874,2050,504,0.5465865647187329
039521,2874,2050,534,0.54668195736731973
039521,2875,2050,112,0.52711655692492443
039521,2876,2050,168,0.54743482918700159
039521,2876,2050,178,0.53458382180539277
039521,2876,2050,193,0.5430661420145616
039521,2876,2050,196,0.55004959870141579
039521,2877,2050,174,0.53711381570148453
039521,2878,2050,323,0.54730528140087109
039521,2878,2050,332,0.55139767001508388
039521,2878,2050,340,0.55133867113073931
039521,2878,2050,358,0.54726389049263613
039521,2878,2050,364,0.56078071182548794
039521,2879,2050,272,0.5442663762252995
039521,2879,2050,275,0.54418453122076782
039521,2879,2050,276,0.56719211629893884
039521,2879,2050,283,0.54642001552113917
039521,2879,2050,289,0.53387395561604478
039521,2880,2050,183,0.54509918661127044
039521,2880,2050,187,0.54045440128723821
039521,2880,2050,195,0.54583861963968539
039521,2881,2050,313,0.56741373429594677
039521,2882,2050,309,0.55495226942049047
039521,2883,2050,400,0.54189233656163571
039521,2883,2050,412,0.56395228215767634
039521,2883,2050,418,0.55021731073750879
039521,2883,2050,436,0.571089492862635
039521,2885,2050,496,0.54117681985512411
039521,2885,2050,500,0.54272666218938881
039521,2885,2050,503,0.5579912315663611
039521,2885,2050,506,0.55613675724621758
039521,2885,2050,513,0.54603096911987181
039521,2887,2050,63,0.54440317083445022
039521,2887,2050,80,0.54724051782875316
039521,2888,2050,205,0.52012430605841176
039521,2888,2050,223,0.54515717434172373
039521,2890,2050,295,0.53786776973978301
039521,2890,2050,303,0.53822922804949913
039521,2890,2050,314,0.54124985361463973
039521,2890,2050,323,0.53930992057825189
039521,2890,2050,329,0.5407247022861873
039521,2891,2050,276,0.54830222353060232
039521,2893,2050,337,0.5486070735240498
039521,2894,2050,123,0.5262062760094478
039521,2895,2050,354,0.53057762218930926
039521,2895,2050,356,0.56032070823067603
039521,2895,2050,366,0.55480382114014815
039521,2895,2050,370,0.54036770583533178
039521,2898,2050,103,0.53105378207330611
039521,2899,2050,232,0.57015388105410414
039521,2899,2050,262,0.52831236121391567
039521,2900,2050,141,0.54276285424166892
039521,2900,2050,163,0.5468290813066996
039521,2900,2050,173,0.53366663608843223
039521,2900,2050,175,0.53847770683902152
039521,2901,2050,357,0.51340682258304782
039521,2901,2050,362,0.54181018997907904
039521,2901,2050,363,0.54222727517356439
039521,2901,2050,377,0.55101001125525739
039521,2903,2050,197,0.54341425638702801
039521,2904,2050,311,0.53913710051387853
039521,2905,2050,113,0.53699973495891862
039521,2907,2050,370,0.54775715390564583
039521,2907,2050,384,0.55322715842414083
039521,2908,2050,475,0.54321526725400049
039521,2908,2050,478,0.54328517180698344
039521,2909,2050,295,0.54012630141662399
039521,2910,2050,97,0.48785148785148785
039521,2911,2050,332,0.52680427321506262
039521,2911,2050,339,0.53126554699696349
039521,2911,2050,341,0.5439546964528571
039521,2911,2050,344,0.54072376587415261
039521,2912,2050,276,0.54442505175143074
039521,2913,2050,133,0.52952233755926392
039521,2914,2050,435,0.54978196213978536
039521,2916,2050,202,0.52535452590135245
039521,2917,2050,428,0.53388998825554645
039521,2919,2050,295,0.58691170920070845
039521,2919,2050,299,0.52722525872917492
039521,2920,2050,81,0.54728336450390835
039521,2920,2050,90,0.53627214615912056
039521,2922,2050,240,0.55138138170408024
039521,2922,2050,242,0.54717923723650541
039521,2922,2050,262,0.5520088883550538
039521,2922,2050,268,0.54595116997141613
039521,2923,2050,429,0.54618011684201306
039521,2923,2050,433,0.54350878122433843
039521,2923,2050,436,0.55679918102712844
039521,2924,2050,110,0.52236214065275421
039521,2924,2050,117,0.53961137131677239
039521,2924,2050,127,0.53328616074060975
039521,2924,2050,130,0.53220550878452966
039521,2926,2050,510,0.55125915573155271
039521,2927,2050,209,0.53722365986558918
039521,2927,2050,225,0.56852440041990793
039521,2928,2050,155,0.54807875214000379
039521,2928,2050,173,0.53628074231040901
039521,2929,2050,335,0.54196081542000474
039521,2931,2050,53,0.53739348881420379
039521,2932,2050,129,0.55901967011002562
039521,2933,2050,497,0.53309669361730094
039521,2934,2050,271,0.55462311255489383
039521,2934,2050,276,0.57593646349998473
039521,2935,2050,503,0.53786718462552086
039521,2935,2050,516,0.55170717711193995
039521,2935,2050,524,0.53276981882594243
039521,2935,2050,530,0.53645268906313082
039521,2935,2050,536,0.53503164456317787
039521,2936,2050,81,0.53593440099464196
039521,2936,2050,84,0.54617020688893181
039521,2936,2050,86,0.54897688163998204
039521,2936,2050,98,0.54053997771784967
039521,2937,2050,129,0.54861141355632015
039521,2937,2050,142,0.54660661062427063
039521,2941,2050,408,0.55041302194105102
039521,2941,2050,423,0.54400683926880167
039521,2941,2050,429,0.54409215503770059
039521,2944,2050,175,0.54123942578825945
039521,2944,2050,181,0.5453123914101049
039521,2944,2050,190,0.53882690820722412
039521,2945,2050,374,0.54260300785411664
039521,2945,2050,382,0.54656158711735126
039521,2947,2050,169,0.55140026098054118
039521,2947,2050,179,0.532830334929426
039521,2947,2050,186,0.56401462803434943
039521,2947,2050,191,0.53567566068605976
039521,2948,2050,118,0.53309590752889724
039521,2951,2050,61,0.54496907453283683
039521,2951,2050,68,0.53860307381484951
039521,2951,2050,69,0.55040441901755766
039521,2952,2050,361,0.54139866488060318
039521,2952,2050,362,0.53943395571597141
039521,2952,2050,383,0.5748403357231997
039521,2952,2050,394,0.56808104941533233
039521,2953,2050,171,0.51581151832460737
039521,2953,2050,174,0.52863569349412165
039521,2954,2050,91,0.54342473641363698
039521,2954,2050,98,0.55388003591067225
039521,2954,2050,99,0.54807740341603206
039521,2954,2050,123,0.5479780047366406
039521,2956,2050,234,0.54723013224786432
039521,2956,2050,259,0.53178026578705317
039521,2956,2050,265,0.53658629008829217
039521,2956,2050,270,0.53767739966427586
039521,2957,2050,461,0.5366145154280747
039521,2958,2050,193,0.5488873720136519
039521,2958,2050,204,0.54645577249730604
039521,2958,2050,217,0.55201544774318123
039521,2959,2050,369,0.5555477773888694
039521,2959,2050,388,0.54970567923969882
039521,2959,2050,389,0.51806160455629346
039521,2959,2050,392,0.53546251081040941
039521,2960,2050,219,0.54127019044899904
039521,2960,2050,237,0.55212383009359256
039521,2960,2050,249,0.54360043634957678
039521,2961,2050,232,0.54809151616330243
039521,2962,2050,408,0.51746181406750891
039521,2962,2050,410,0.54411166400650957
039521,2963,2050,197,0.55310689676199765
039521,2965,2050,468,0.54232801362655003
039521,2965,2050,470,0.54892254319834544
039521,2965,2050,476,0.52802560512102426
039521,2966,2050,275,0.54507240892986142
039521,2966,2050,280,0.54368812262899791
039521,2966,2050,291,0.54965047274190304
039521,2966,2050,295,0.54104183417771912
039521,2967,2050,285,0.53942710911451275
039521,2968,2050,315,0.53979153996891682
039521,2970,2050,394,0.54167884713244763
039521,2970,2050,400,0.54830588680673864
039521,2971,2050,339,0.55232282531405541
039521,2971,2050,360,0.54216999180103853
039521,2972,2050,440,0.54553004193829668
039521,2972,2050,448,0.54340535985930227
039521,2974,2050,537,0.53463589867151473
039521,2975,2050,124,0.55583526727766197
039521,2976,2050,152,0.53881454073664736
039521,2976,2050,156,0.53096056917226198
039521,2978,2050,339,0.54563424653303272
039521,2978,2050,341,0.54318044500485985
039521,2978,2050,342,0.54539478097538074
039521,2978,2050,347,0.54067733399634166
039521,2979,2050,345,0.52723251313243014
039521,2980,2050,207,0.55625910138724299
039521,2981,2050,119,0.52344781269539842
039521,2982,2050,259,0.53532433454157313
039521,2982,2050,277,0.52780687914168511
039521,2983,2050,135,0.54491594130591658
039521,2984,2050,198,0.55985021165744053
039521,2986,2050,100,0.55418822542301771
039521,2987,2050,471,0.54913694575506256
039521,2987,2050,492,0.5401979062096659
039521,2987,2050,505,0.531982558772084
039521,2987,2050,507,0.54123814389479996
039521,2987,2050,518,0.56874445609225066
039521,2990,2050,357,0.54623036757269927
039521,2991,2050,394,0.54321455648218342
039521,2992,2050,459,0.5340497019114544
039521,2993,2050,166,0.55119790545871894
039521,2994,2050,171,0.53453790662855583
039521,2994,2050,180,0.54933546811308887
039521,2995,2050,187,0.54338527801872405
039521,2995,2050,188,0.54887907283634108
039521,2995,2050,195,0.54305439647978149
039521,2996,2050,151,0.37024209548493642
039521,2997,2050,397,0.54664021336108759
039521,2998,2050,173,0.53318109666100422
039521,2999,2050,316,0.53052524627821707
039521,3001,2050,93,0.54136302568904449
039521,3001,2050,116,0.53523590993833359
039521,3002,2050,162,0.54639276490862854
039521,3002,2050,169,0.53905242394355513
039521,3002,2050,171,0.53548535048540513
039521,3003,2050,302,0.52759576871726399
039521,3003,2050,311,0.55267688605861975
039521,3004,2050,174,0.53657533119394385
039521,3004,2050,185,0.52452058185418704
039521,3004,2050,203,0.53546240851630078
039521,3005,2050,379,0.54892503161671713
039521,3006,2050,307,0.54450510776723038
039521,3006,2050,339,0.54599488983320799
039521,3007,2050,387,0.5447194556749827
039521,3007,2050,388,0.53633537876148873
039521,3007,2050,395,0.53530879600748593
039521,3009,2050,258,0.54177511712649662
039521,3009,2050,260,0.55397811062662916
039521,3010,2050,71,0.54106198074920853
039521,3011,2050,133,0.5453145490200797
039521,3011,2050,134,0.53682163691002294
039521,3012,2050,170,0.53424202976236057
039521,3012,2050,193,0.56508595571095566
039521,3012,2050,196,0.542401238053412
039521,3013,2050,442,0.53622986066512157
039521,3013,2050,457,0.52998842957820558
039521,3013,2050,468,0.54656894821794699
039521,3013,2050,472,0.54076338507244193
039521,3015,2050,241,0.55515815357102938
039521,3015,2050,252,0.53651399650872189
039521,3015,2050,259,0.54945547987110988
039521,3016,2050,276,0.56518867924528304
039521,3016,2050,306,0.54498600319179547
039521,3017,2050,512,0.52873176476243122
039521,3018,2050,328,0.54849048660247446
039521,3019,2050,217,0.54169376101015598
039521,3019,2050,226,0.55193557797629855
039521,3020,2050,209,0.55650029446407534
039521,3020,2050,212,0.54338990208239857
039521,3020,2050,215,0.55190262214891073
039521,3020,2050,219,0.59215725009877518
039521,3020,2050,224,0.54887166706496882
039521,3021,2050,240,0.53388672369286838
039521,3021,2050,243,0.54283002163178506
039521,3021,2050,247,0.55543842836607571
039521,3021,2050,261,0.5414931931025122
039521,3021,2050,269,0.54526313384759484
039521,3022,2050,350,0.54913521530748577
039521,3023,2050,322,0.53617914625612317
039521,3023,2050,328,0.55004500387242627
039521,3023,2050,349,0.54082478802177014
039521,3023,2050,352,0.53792599013924258
039521,3024,2050,177,0.52064139092818673
039521,3024,2050,185,0.53325857496306583
039521,3026,2050,127,0.54484677883692667
039521,3026,2050,143,0.55829629089849153
039521,3027,2050,244,0.52606936416184968
039521,3027,2050,257,0.54731729879740976
039521,3028,2050,458,0.54707091946381359
039521,3028,2050,472,0.55032215283207475
039521,3028,2050,481,0.53956643170634389
039521,3029,2050,316,0.54745237213111553
039521,3029,2050,340,0.5386731042807259
039521,3030,2050,95,0.5350343065910238
039521,3030,2050,114,0.54022368850654134
039521,3032,2050,438,0.55561241129567362
039521,3032,2050,451,0.54604622024223859
039521,3033,2050,177,0.56891575857093102
039521,3034,2050,144,0.54526959661555874
039521,3034,2050,147,0.53939224285403253
039521,3035,2050,288,0.53842399863946588
039521,3035,2050,291,0.53231426323479825
039521,3036,2050,177,0.53011074583555251
039521,3036,2050,187,0.54636676633143066
039521,3037,2050,199,0.54232618537886501
039521,3039,2050,322,0.53991813267506172
039521,3039,2050,326,0.53382111565758139
039521,3039,2050,333,0.52591495663211341
039521,3039,2050,336,0.54244666666666663
039521,3039,2050,342,0.52946127946127941
039521,3040,2050,330,0.53565866320571054
039521,3040,2050,343,0.52857171113792356
039521,3042,2050,407,0.53900359729956138
039521,3042,2050,410,0.5428700106963914
039521,3042,2050,427,0.5421205353751728
039521,3043,2050,278,0.54153045479509376
039521,3043,2050,288,0.54339320014745729
039521,3044,2050,276,0.54489695022093132
039521,3045,2050,112,0.549892528780905
039521,3046,2050,363,0.55061838791760087
039521,3046,2050,369,0.54461608532280714
039521,3047,2050,458,0.53713806874910852
039521,3048,2050,369,0.56371773785425106
039521,3048,2050,383,0.52203037684482012
039521,3048,2050,387,0.55138863677618444
039521,3048,2050,392,0.53137142857142861
039521,3049,2050,240,0.55061415961977656
039521,3049,2050,258,0.54768914535313196
039521,3049,2050,260,0.53288213192664657
039521,3049,2050,262,0.52778430911513441
039521,3050,2050,95,0.54012727971639685
039521,3050,2050,106,0.54352409178404471
039521,3050,2050,110,0.55243584116791022
039521,3050,2050,115,0.5377642085486144
039521,3051,2050,405,0.54589405259169732
039521,3052,2050,382,0.54410637724984978
039521,3052,2050,383,0.54372750857812369
039521,3054,2050,384,0.53878898288270416
039521,3054,2050,404,0.54808263089160636
039521,3054,2050,406,0.5449719522290597
039521,3056,2050,163,0.5424663041902954
039521,3057,2050,263,0.53214897855190624
039521,3057,2050,276,0.54342185592185588
039521,3060,2050,136,0.54220212842824556
039521,3060,2050,145,0.54681628116233527
039521,3060,2050,165,0.55263831311735501
039521,3061,2050,271,0.54600221195758247
039521,3061,2050,276,0.53451708469474268
039521,3062,2050,178,0.54149686005238307
039521,3062,2050,187,0.52515043418729501
039521,3063,2050,414,0.54735017889087656
039521,3064,2050,355,0.50053105085592897
039521,3064,2050,383,0.52981529218773304
039521,3064,2050,387,0.5417186417186417
039521,3065,2050,442,0.533624409021624
039521,3065,2050,469,0.53910139828866166
039521,3065,2050,476,0.54109865044668315
039521,3066,2050,392,0.54283690768651927
039521,3066,2050,406,0.53304748167322014
039521,3067,2050,232,0.54256954430505278
039521,3068,2050,334,0.52998775003494114
039521,3068,2050,339,0.55210921968190851
039521,3070,2050,441,0.5401030731055545
039521,3071,2050,254,0.53831521901674251
039521,3071,2050,255,0.54728320099641914
039521,3071,2050,267,0.5451497672239628
039521,3071,2050,276,0.54313332979031215
039521,3071,2050,285,0.53270511436919266
039521,3071,2050,286,0.55229109253117847
039521,3072,2050,326,0.54194821683223726
039521,3072,2050,332,0.52962639509754583
039521,3072,2050,334,0.54777989598178756
039521,3072,2050,350,0.54797546203796199
039521,3072,2050,354,0.54173466829700045
039521,3072,2050,357,0.53652737661289307
039521,3074,2050,343,0.53110542824275231
039521,3074,2050,353,0.54928443417054107
039521,3074,2050,356,0.54798261177292007
039521,3074,2050,357,0.53453578256171552
039521,3075,2050,128,0.54538553491497033
039521,3076,2050,227,0.52882817369623936
039521,3076,2050,238,0.54237465911474725
039521,3077,2050,267,0.54802472229182331
039521,3078,2050,184,0.53965299057698946
039521,3078,2050,186,0.53835406279107989
039521,3078,2050,190,0.5385929865941419
039521,3078,2050,194,0.54332218358081352
039521,3078,2050,203,0.5363330516187752
039521,3081,2050,485,0.54161350518595675
039521,3082,2050,238,0.53705613433914468
039521,3082,2050,250,0.54749447738635038
039521,3082,2050,253,0.54438490138497297
039521,3082,2050,262,0.54717826383989066
039521,3082,2050,266,0.54802259887005644
039521,3084,2050,174,0.5550175348283517
039521,3084,2050,185,0.56013489100325187
039521,3084,2050,190,0.5503777296546708
039521,3085,2050,172,0.55078536171604342
039521,3085,2050,179,0.53455700912197268
039521,3086,2050,384,0.53916295271758619
039521,3087,2050,426,0.54152827991911268
039521,3087,2050,429,0.54693505218607319
039521,3088,2050,64,0.54873152814555393
039521,3088,2050,75,0.5446637457021074
039521,3089,2050,301,0.56317627722229835
039521,3090,2050,194,0.54935246612140509
039521,3092,2050,501,0.54364653675477526
039521,3092,2050,524,0.55167704774696003
039521,3093,2050,360,0.54122271868018557
039521,3093,2050,363,0.52339516303842937
039521,3093,2050,366,0.54402062053975031
039521,3093,2050,374,0.54241809174968314
039521,3093,2050,378,0.52845045795416623
039521,3094,2050,364,0.54291355204013214
039521,3095,2050,198,0.54310287793582535
039521,3095,2050,218,0.54335568424260894
039521,3095,2050,222,0.54767464633834007
039521,3096,2050,100,0.53776895593489482
039521,3096,2050,127,0.53795403154249077
039521,3096,2050,128,0.53221316766177185
039521,3097,2050,315,0.53363774733637748
039521,3098,2050,236,0.53437375894898409
039521,3099,2050,445,0.53373167015806511
039521,3099,2050,449,0.54011185842967357
039521,3101,2050,306,0.53651670884768343
039521,3101,2050,330,0.53310123192287096
039521,3103,2050,395,0.51526687598116172
039521,3104,2050,483,0.54503717802574747
039521,3104,2050,491,0.5619600098741051
039521,3105,2050,466,0.56604757735511635
039521,3106,2050,382,0.53959555918282742
039521,3106,2050,404,0.54183385706228349
039521,3106,2050,412,0.54474791925762944
039521,3106,2050,423,0.530721520681808
039521,3107,2050,193,0.53532265160754966
039521,3107,2050,209,0.40193873452846035
039521,3107,2050,212,0.53618670303738825
039521,3107,2050,224,0.54396186440677963
039521,3108,2050,378,0.5415000526149637
039521,3108,2050,393,0.5426254391528359
039521,3109,2050,391,0.53178557641376467
039521,3109,2050,399,0.5513892118112067
039521,3109,2050,405,0.55374530029885283
039521,3110,2050,224,0.54070042771342453
039521,3111,2050,246,0.50307468241767128
039521,3114,2050,162,0.56032021496949003
039521,3115,2050,378,0.5436285190689889
039521,3115,2050,395,0.53505090727008275
039521,3115,2050,403,0.54428431273047129
039521,3116,2050,168,0.55232807540047313
039521,3119,2050,270,0.54651455482928013
039521,3119,2050,276,0.54137391661110823
039521,3119,2050,292,0.53742924958919114
039521,3120,2050,203,0.54840261013880509
039521,3120,2050,206,0.54931235440897297
039521,3120,2050,221,0.5360308245356693
039521,3120,2050,236,0.53371788685645771
039521,3121,2050,469,0.53063669926808732
039521,3121,2050,487,0.52055545404714054
039521,3122,2050,182,0.54562285625194884
039521,3123,2050,445,0.5543181127872836
039521,3123,2050,451,0.54510829401398442
039521,3123,2050,468,0.5474863485559075
039521,3124,2050,212,0.54470573900328989
039521,3124,2050,229,0.54397067577305058
039521,3125,2050,297,0.54892483349191246
039521,3125,2050,304,0.55466867469879522
039521,3125,2050,316,0.53105804573599424
039521,3125,2050,324,0.53598552626346974
039521,3127,2050,178,0.55177895197089055
039521,3127,2050,184,0.53418080727254724
039521,3128,2050,208,0.54736008912081147
039521,3129,2050,297,0.54264142753050248
039521,3129,2050,299,0.56609359238629886
039521,3129,2050,303,0.38703120312031203
039521,3129,2050,314,0.51918863790889169
039521,3130,2050,221,0.53366768555064248
039521,3131,2050,413,0.53747960668459804
039521,3131,2050,418,0.52528046241337523
039521,3132,2050,210,0.55534263814208895
039521,3132,2050,229,0.54934365960193154
039521,3133,2050,115,0.54351842348352664
039521,3133,2050,130,0.52980417473638908
039521,3134,2050,394,0.54230729542874834
039521,3134,2050,398,0.55385211813632196
039521,3134,2050,399,0.53388841242614826
039521,3135,2050,209,0.53851957217066027
039521,3137,2050,390,0.54172754140411528
039521,3138,2050,349,0.54950016503984533
039521,3139,2050,393,0.52226182760855477
039521,3139,2050,417,0.54065758688544907
039521,3141,2050,499,0.55062834031489238
039521,3141,2050,510,0.55359524961928486
039521,3142,2050,283,0.53878928696644302
039521,3143,2050,378,0.54707234603492716
039521,3143,2050,379,0.54683231349279926
039521,3143,2050,402,0.54365466288862863
039521,3143,2050,408,0.55884773662551446
039521,3144,2050,458,0.57776757005052826
039521,3144,2050,461,0.55397666341213569
039521,3145,2050,124,0.54136316705090304
039521,3146,2050,318,0.54942431580390183
039521,3146,2050,321,0.54022765852241161
039521,3146,2050,325,0.55369048181947134
039521,3147,2050,127,0.53503634366992625
039521,3147,2050,134,0.54126058984648706
039521,3147,2050,147,0.56954208626258784
039521,3147,2050,155,0.55861889250814334
039521,3147,2050,157,0.54940967640223748
039521,3147,2050,164,0.54323833706413638
039521,3148,2050,194,0.55130197238164458
039521,3149,2050,210,0.56368849487525952
039521,3150,2050,192,0.52712186494571867
039521,3151,2050,290,0.52745455106639094
039521,3152,2050,118,0.53100392023180498
039521,3152,2050,125,0.54295549790460984
039521,3153,2050,421,0.53004829514506702
039521,3153,2050,437,0.54367344420104291
039521,3154,2050,116,0.56347494608015247
039521,3154,2050,121,0.56178606476938175
039521,3154,2050,124,0.50015765318634609
039521,3154,2050,129,0.54358059372864631
039521,3154,2050,141,0.54379839076969794
039521,3155,2050,181,0.54691497262949418
039521,3155,2050,185,0.54526488034362852
039521,3156,2050,409,0.55728065854084896
039521,3157,2050,230,0.52877292239520479
039521,3157,2050,235,0.5360739272859627
039521,3157,2050,240,0.55025589249033879
039521,3158,2050,91,0.52812671655365551
039521,3158,2050,97,0.55125960879823421
039521,3159,2050,211,0.55285062515237005
039521,3159,2050,214,0.53909885205011887
039521,3160,2050,172,0.55511528736933469
039521,3160,2050,176,0.5194797150820688
039521,3160,2050,177,0.54043965159684781
039521,3161,2050,357,0.54776320502106324
039521,3162,2050,185,0.54004721181123561
039521,3162,2050,194,0.55190505197382644
039521,3162,2050,214,0.54632778177666363
039521,3163,2050,230,0.53658192452733378
039521,3164,2050,421,0.56486594637855148
039521,3164,2050,429,0.5441215962189162
039521,3166,2050,202,0.54963384657839465
039521,3166,2050,211,0.56982420082944907
039521,3166,2050,213,0.54434825976986922
039521,3166,2050,216,0.53810595707050402
039521,3166,2050,220,0.53769351389878828
039521,3167,2050,126,0.55425519381062716
039521,3167,2050,146,0.54278023457027491
039521,3167,2050,148,0.53305017599916871
039521,3167,2050,151,0.54433945559615604
039521,3168,2050,392,0.53608369850487492
039521,3168,2050,398,0.52827162446065923
039521,3168,2050,408,0.53390364084314257
039521,3170,2050,446,0.54823445415809025
039521,3170,2050,454,0.54322907789330155
039521,3170,2050,459,0.52574661388421229
039521,3171,2050,122,0.5442424319237521
039521,3172,2050,446,0.53263179196600219
039521,3172,2050,454,0.38954832342017093
039521,3173,2050,166,0.55147753113458975
039521,3173,2050,174,0.54245445170161566
039521,3173,2050,190,0.5503557423626928
039521,3175,2050,264,0.54074631782033789
039521,3175,2050,286,0.54656369840987962
039521,3176,2050,303,0.5412103746397694
039521,3177,2050,168,0.56806707536963574
039521,3177,2050,171,0.54309324541381354
039521,3177,2050,172,0.54570915427839817
039521,3177,2050,185,0.52618537583527836
039521,3178,2050,450,0.54865167238918255
039521,3178,2050,467,0.53399373358230207
039521,3179,2050,258,0.55631159713784262
039521,3179,2050,262,0.53891855621103246
039521,3179,2050,282,0.53984478515994705
039521,3180,2050,244,0.55113606410459171
039521,3180,2050,249,0.53135003693671512
039521,3180,2050,269,0.53723278721104994
039521,3182,2050,541,0.53708613173088249
039521,3182,2050,542,0.5579916539709876
039521,3182,2050,553,0.54129611330698291
039521,3182,2050,566,0.55653108352196079
039521,3182,2050,568,0.54770177228101491
039521,3183,2050,233,0.54551520880831894
039521,3183,2050,249,0.53019367059668832
039521,3184,2050,414,0.54285012687239098
039521,3185,2050,405,0.5308686821987022
039521,3186,2050,147,0.54868771972360286
039521,3186,2050,163,0.54190317485115169
039521,3186,2050,167,0.54410873386265834
039521,3187,2050,189,0.53312092920086307
039521,3188,2050,548,0.53113036469877095
039521,3188,2050,557,0.53980933229061934
039521,3189,2050,100,0.54641945909168221
039521,3189,2050,122,0.54534642077609752
039521,3190,2050,156,0.547735586043538
039521,3190,2050,181,0.53747393384307152
039521,3190,2050,185,0.55126749905410521
039521,3191,2050,162,0.54366298634793075
039521,3191,2050,167,0.54214106215446478
039521,3191,2050,179,0.51936430136274181
039521,3192,2050,379,0.5465172818995907
039521,3192,2050,384,0.5397050581476811
039521,3192,2050,406,0.54094666075892583
039521,3195,2050,218,0.53686131386861313
039521,3197,2050,177,0.54374126345516605
039521,3197,2050,183,0.56450018213040543
039521,3198,2050,413,0.54815499413840796
039521,3198,2050,439,0.54772168093691564
039521,3199,2050,420,0.54022567724708215
039521,3200,2050,48,0.56016311759860649
039521,3200,2050,64,0.55042440541221949
039521,3200,2050,78,0.543521273013022
039521,3200,2050,81,0.54485152598295294
039521,3201,2050,252,0.53450491668441424
039521,3202,2050,164,0.55719010149389891
039521,3203,2050,191,0.54977157064871196
039521,3203,2050,198,0.55078874155786772
039521,3204,2050,258,0.51791995436828597
039521,3204,2050,259,0.53515478938071359
039521,3204,2050,264,0.54993032977241063
039521,3204,2050,268,0.55265694474674298
039521,3204,2050,290,0.53975957895599103
039521,3204,2050,295,0.54340094771789138
039521,3205,2050,386,0.54066607460035521
039521,3207,2050,301,0.5528889065196263
039521,3207,2050,308,0.55849737358730833
039521,3207,2050,309,0.53775804958567075
039521,3208,2050,241,0.51097793211605247
039521,3208,2050,263,0.53750666362044019
039521,3208,2050,267,0.53792615520672116
039521,3208,2050,269,0.55616490769377924
039521,3209,2050,450,0.54998975781163828
039521,3210,2050,331,0.55412878084987938
039521,3210,2050,338,0.55282327925657582
039521,3210,2050,339,0.54940031629131125
039521,3211,2050,463,0.53304383425446678
039521,3211,2050,465,0.54015296367112808
039521,3211,2050,480,0.54886917738687613
039521,3211,2050,490,0.53456211333033632
039521,3212,2050,422,0.54944509306601175
039521,3212,2050,424,0.54132598233892448
039521,3212,2050,436,0.54789471724805483
039521,3213,2050,206,0.5543766976304455
039521,3213,2050,209,0.55467339780748737
039521,3213,2050,210,0.54476194325438521
039521,3214,2050,183,0.54152837137401111
039521,3214,2050,186,0.5568896393829833
039521,3214,2050,203,0.54740265255851772
039521,3215,2050,188,0.53767401642888024
039521,3216,2050,189,0.53965254293481868
039521,3216,2050,197,0.55357737104825289
039521,3216,2050,201,0.54198451445571749
039521,3216,2050,229,0.54194008559201146
039521,3217,2050,385,0.55335108985160619
039521,3218,2050,386,0.53990458103663908
039521,3218,2050,391,0.53733142947802637
039521,3218,2050,403,0.55837892935101396
039521,3218,2050,415,0.55311694769675879
039521,3218,2050,416,0.54038119599463452
039521,3220,2050,254,0.56512565170308016
039521,3220,2050,268,0.53196722937454122
039521,3221,2050,280,0.55726651044904596
039521,3221,2050,284,0.53332506921201606
039521,3222,2050,385,0.54708835041381576
039521,3224,2050,319,0.54546721968561573
039521,3224,2050,321,0.55500862003912399
039521,3224,2050,329,0.54083461687428502
039521,3224,2050,339,0.552743790227744
039521,3225,2050,427,0.54928070579714916
039521,3225,2050,434,0.53655248265952349
039521,3225,2050,452,0.53563600634872643
039521,3226,2050,121,0.5365398110661268
039521,3226,2050,139,0.54449899069528551
039521,3227,2050,454,0.54470643557705223
039521,3228,2050,249,0.54811202736858233
039521,3229,2050,201,0.54722862432463071
039521,3230,2050,78,0.57100184726643866
039521,3230,2050,80,0.5400969204314523
039521,3231,2050,400,0.54201844567121749
039521,3231,2050,414,0.54788110459368611
039521,3231,2050,428,0.54256796983528477
039521,3232,2050,134,0.55248419651768876
039521,3233,2050,210,0.55635236334435167
039521,3235,2050,485,0.5340414417551802
039521,3235,2050,508,0.54597955196851522
039521,3237,2050,385,0.53346059063547857
039521,3240,2050,506,0.53133790436005623
039521,3241,2050,252,0.53939416502239923
039521,3241,2050,256,0.54911952464672864
039521,3242,2050,263,0.54178501546424285
039521,3243,2050,237,0.54379798353528819
039521,3243,2050,244,0.52739751255386802
039521,3243,2050,251,0.550399073652868
039521,3244,2050,238,0.53093877551020408
039521,3244,2050,242,0.55441062876564184
039521,3245,2050,142,0.53940076056001773
039521,3245,2050,171,0.55326805300854642
039521,3246,2050,415,0.54680948927061401
039521,3246,2050,423,0.53852927117663341
039521,3246,2050,424,0.54697573593232485
039521,3247,2050,255,0.53812953633928695
039521,3247,2050,256,0.54693279058061406
039521,3248,2050,405,0.5108870658590815
039521,3249,2050,273,0.53634644561226064
039521,3250,2050,221,0.53404385554315337
039521,3251,2050,151,0.55222019534948164
039521,3251,2050,154,0.54558109386124309
039521,3252,2050,153,0.53970887698921488
039521,3252,2050,161,0.51520637219406229
039521,3255,2050,433,0.54588983943040292
039521,3256,2050,471,0.54420473773265654
039521,3256,2050,500,0.5529488859764089
039521,3257,2050,233,0.54458189822080016
039521,3257,2050,235,0.55381811745206733
039521,3258,2050,349,0.54012268714777323
039521,3258,2050,359,0.54133844545137677
039521,3259,2050,364,0.53754476841828369
039521,3259,2050,367,0.54790258555948934
039521,3259,2050,377,0.53603586980588969
039521,3259,2050,381,0.5367877308479424
039521,3260,2050,155,0.54295339696799549
039521,3260,2050,167,0.53814524233176908
039521,3260,2050,176,0.54895912560917204
039521,3260,2050,178,0.54393069339794864
039521,3262,2050,201,0.52220303600422668
039521,3263,2050,475,0.543180697139099
039521,3263,2050,481,0.53862771199701065
039521,3264,2050,148,0.53090316132765236
039521,3266,2050,133,0.55239683670027362
039521,3267,2050,170,0.54323250004558465
039521,3267,2050,182,0.56090633678364055
039521,3268,2050,237,0.53951072108618259
039521,3268,2050,241,0.54567373606527925
039521,3270,2050,308,0.55757479312539782
039521,3270,2050,314,0.57909785736542096
039521,3271,2050,70,0.54895446854091312
039521,3273,2050,477,0.53600157658061165
039521,3274,2050,527,0.57805461560014659
039521,3274,2050,532,0.51559716484099605
039521,3274,2050,533,0.56515669378520195
039521,3275,2050,484,0.53328421983203178
039521,3275,2050,488,0.56501619125992586
039521,3275,2050,506,0.54101136110492309
039521,3276,2050,332,0.53586813343301654
039521,3276,2050,333,0.55116189787945169
039521,3277,2050,399,0.55424102444806311
039521,3278,2050,405,0.53900940930475694
039521,3278,2050,425,0.54791232940087897
039521,3278,2050,435,0.55189714644089061
039521,3282,2050,473,0.54947039774999673
039521,3282,2050,477,0.55329200641338927
039521,3282,2050,481,0.54908650889686772
039521,3282,2050,509,0.5553116027698024
039521,3282,2050,510,0.54691236761188933
039521,3284,2050,522,0.55122699839154754
039521,3284,2050,528,0.55297441666738234
039521,3284,2050,537,0.54556025497355076
039521,3285,2050,414,0.54628084261807031
039521,3286,2050,260,0.5446466675034517
039521,3288,2050,388,0.53067136335195009
039521,3288,2050,406,0.55093703237452796
039521,3288,2050,407,0.53625817578341084
039521,3289,2050,389,0.5519380727417611
039521,3289,2050,400,0.53643660924682135
039521,3289,2050,411,0.54147003190737308
039521,3292,2050,471,0.53869164764228927
039521,3293,2050,341,0.54427233429394817
039521,3293,2050,351,0.54606173397036706
039521,3294,2050,221,0.54622849941901375
039521,3295,2050,35,0.54408393312768955
039521,3295,2050,55,0.53411085193824281
039521,3295,2050,56,0.5325895219615453
039521,3295,2050,57,0.49819979021177269
039521,3296,2050,186,0.53850793161002564
039521,3296,2050,188,0.56049510056730278
039521,3297,2050,439,0.53852893503307486
039521,3297,2050,463,0.52056836921408722
039521,3297,2050,466,0.5167092115819415
039521,3298,2050,136,0.54178387118208593
039521,3298,2050,153,0.54966147763775641
039521,3299,2050,112,0.56050986050986051
039521,3299,2050,113,0.54950691157767451
039521,3299,2050,149,0.55316754432378412
039521,3300,2050,68,0.53933682502213043
039521,3300,2050,78,0.53453237410071941
039521,3301,2050,152,0.53772140268490631
039521,3301,2050,171,0.54166524503281133
039521,3302,2050,399,0.53619752021950684
039521,3302,2050,428,0.54821324633702928
039521,3304,2050,115,0.54516988213778772
039521,3305,2050,391,0.5376375838926174
039521,3307,2050,230,0.53900177521907333
039521,3308,2050,412,0.53550969785904179
039521,3309,2050,205,0.52472517698957633
039521,3310,2050,131,0.55626693426994478
039521,3310,2050,135,0.54310492083305961
039521,3311,2050,188,0.56702038821109235
039521,3312,2050,482,0.5374657575679016
039521,3312,2050,495,0.52174496644295298
039521,3312,2050,497,0.55171991475950588
039521,3313,2050,268,0.53687457162440022
039521,3313,2050,271,0.55254814394453422
039521,3314,2050,370,0.54522674789957259
039521,3315,2050,222,0.5407748685538265
039521,3316,2050,208,0.55188679245283023
039521,3317,2050,3,0.55340773980746361
039521,3317,2050,13,0.54989174501227855
039521,3317,2050,15,0.55069048826319089
039521,3319,2050,68,0.53302481496314091
039521,3320,2050,74,0.53694313654473014
039521,3320,2050,81,0.53709059359410016
039521,3321,2050,211,0.55272583445032852
039521,3323,2050,395,0.54319650988759038
039521,3327,2050,412,0.53856955699727782
039521,3327,2050,420,0.54731908139477203
039521,3327,2050,430,0.53847600623354286
039521,3327,2050,433,0.54684661302880877
039521,3328,2050,221,0.5503523840986676
039521,3328,2050,231,0.54721386933660354
039521,3329,2050,186,0.53364006134560249
039521,3329,2050,195,0.53529904682099094
039521,3329,2050,197,0.53800736674851946
039521,3329,2050,207,0.53428168576515433
039521,3330,2050,314,0.53713806126731012
039521,3332,2050,267,0.51796507100745304
039521,3332,2050,269,0.54648477932004569
039521,3334,2050,403,0.55100476512896512
039521,3334,2050,433,0.53858631702807191
039521,3335,2050,323,0.54349004724653394
039521,3335,2050,352,0.54219288618200367
039521,3336,2050,406,0.548677153737265
039521,3336,2050,409,0.48978222957563833
039521,3336,2050,419,0.53805629575178415
039521,3336,2050,424,0.54276696714425199
039521,3337,2050,138,0.54802543065924503
039521,3337,2050,143,0.54074082006360902
039521,3337,2050,158,0.53098381701134778
039521,3338,2050,416,0.54761298767407196
039521,3338,2050,426,0.54648656683140728
039521,3340,2050,141,0.54513971817530449
039521,3341,2050,299,0.54456051080069479
039521,3341,2050,301,0.53607692056547718
039521,3341,2050,308,0.55576606260296535
039521,3342,2050,97,0.52375147576859948
039521,3342,2050,104,0.53839672224387269
039521,3343,2050,118,0.54687733639037028
039521,3345,2050,215,0.53658339069522609
039521,3345,2050,236,0.55233267202086223
039521,3347,2050,460,0.54836631193880947
039521,3347,2050,465,0.55047793171389769
039521,3347,2050,472,0.53633665379142104
039521,3347,2050,478,0.55377929885393917
039521,3347,2050,479,0.53520773638968477
039521,3347,2050,487,0.54244063293241285
039521,3349,2050,206,0.54026360827721098
039521,3349,2050,236,0.53763709733048215
039521,3349,2050,238,0.50785804816223068
039521,3351,2050,361,0.54170608353951388
039521,3352,2050,161,0.5384481141336358
039521,3352,2050,171,0.52450185438495056
039521,3352,2050,182,0.51207294642507728
039521,3352,2050,198,0.53872976884951096
039521,3353,2050,153,0.53314828535724945
039521,3354,2050,177,0.53778884207838629
039521,3354,2050,190,0.5407229237656177
039521,3354,2050,191,0.53601222787269298
039521,3354,2050,199,0.58145668492594849
039521,3355,2050,397,0.53422808041281933
039521,3357,2050,518,0.53360356081775107
039521,3357,2050,532,0.55810296568858697
039521,3358,2050,273,0.54067645749888738
039521,3359,2050,449,0.54043392504930965
039521,3360,2050,107,0.54470173286305779
039521,3360,2050,122,0.55067995375213341
039521,3360,2050,148,0.54287952719471666
039521,3361,2050,448,0.54644374484213099
039521,3363,2050,134,0.54593574438202253
039521,3364,2050,413,0.52291970138383104
039521,3364,2050,432,0.52656970190650199
039521,3365,2050,537,0.52893077586779058
039521,3365,2050,539,0.5620381543801608
039521,3365,2050,564,0.54813926706526372
039521,3366,2050,152,0.55251837246818425
039521,3367,2050,451,0.54059045873661304
039521,3367,2050,456,0.53097523053828011
039521,3367,2050,462,0.5465326276450263
039521,3367,2050,465,0.54482640413930516
039521,3367,2050,468,0.54154790416435217
039521,3368,2050,239,0.54699209498988899
039521,3368,2050,242,0.55100110113370249
039521,3368,2050,246,0.5487975106871783
039521,3368,2050,268,0.55029040485222569
039521,3369,2050,285,0.54769062916717182
039521,3370,2050,205,0.53971691546136591
039521,3370,2050,214,0.52691992347635963
039521,3371,2050,306,0.55226215924366973
039521,3372,2050,163,0.57139304607315644
039521,3372,2050,164,0.52920366259711427
039521,3372,2050,171,0.54888254525935687
039521,3373,2050,321,0.54111569200002896
039521,3373,2050,332,0.53759045993316179
039521,3374,2050,250,0.54233494964565465
039521,3375,2050,72,0.5556355380824497
039521,3376,2050,280,0.54530034376696224
039521,3376,2050,296,0.54581557182934382
039521,3376,2050,302,0.53878107893758975
039521,3376,2050,309,0.56007747469390579
039521,3378,2050,107,0.52882877066115708
039521,3378,2050,111,0.53383741724970979
039521,3380,2050,128,0.53959597438010476
039521,3381,2050,212,0.54927780992760389
039521,3382,2050,159,0.54479284930821481
039521,3382,2050,161,0.54421504045271674
039521,3382,2050,177,0.5362504819394972
039521,3382,2050,180,0.5377805448416193
039521,3382,2050,188,0.54683665121352609
039521,3382,2050,192,0.55347970016361625
039521,3383,2050,117,0.54505108370733657
039521,3383,2050,123,0.54898269896193774
039521,3383,2050,127,0.5452024133904243
039521,3385,2050,44,0.54470698449047572
039521,3385,2050,62,0.54389650228401853
039521,3386,2050,271,0.47207091327805006
039521,3386,2050,278,0.53846691984809114
039521,3386,2050,282,0.55511114293605568
039521,3388,2050,449,0.53390668451951795
039521,3388,2050,458,0.52159877775313568
039521,3388,2050,468,0.53054423399664352
039521,3388,2050,486,0.5578121641951429
039521,3389,2050,490,0.53397661553935127
039521,3389,2050,504,0.55128347927412302
039521,3390,2050,160,0.52645800495383921
039521,3391,2050,504,0.5464230801825688
039521,3391,2050,506,0.53474907151699835
039521,3391,2050,510,0.54863255626198404
039521,3392,2050,506,0.5483736580676174
039521,3393,2050,265,0.5375666543269193
039521,3394,2050,373,0.50928306198229079
039521,3395,2050,457,0.54128990478017891
039521,3395,2050,483,0.53290811610279165
039521,3396,2050,537,0.55798848142491764
039521,3397,2050,213,0.54239496983783642
039521,3398,2050,263,0.53810471791105352
039521,3398,2050,290,0.54817611052127979
039521,3398,2050,296,0.55454451666150828
039521,3399,2050,468,0.55183439919219113
039521,3400,2050,177,0.53633718907030803
039521,3400,2050,185,0.53725896700902254
039521,3400,2050,199,0.53487246837630464
039521,3402,2050,357,0.54048157369203564
039521,3402,2050,379,0.5455092586112783
039521,3403,2050,265,0.56140712558802031
039521,3403,2050,282,0.54235794174681218
039521,3404,2050,117,0.54503168607373642
039521,3404,2050,127,0.54329107237189644
039521,3404,2050,137,0.56140445499164016
039521,3404,2050,146,0.53776536998404711
039521,3405,2050,358,0.54082837867595535
039521,3406,2050,462,0.5473174082271236
039521,3406,2050,464,0.54258051534555607
039521,3406,2050,468,0.54520900503422143
039521,3407,2050,397,0.54776755475276584
039521,3407,2050,426,0.55852664576802513
039521,3407,2050,430,0.5446173195123436
039521,3408,2050,342,0.54542714514457946
039521,3408,2050,361,0.53868505747126438
039521,3409,2050,131,0.54279758182197202
039521,3410,2050,413,0.53653480739333215
039521,3410,2050,430,0.55831233443173744
039521,3411,2050,536,0.53609206399829901
039521,3411,2050,540,0.53851743509004013
039521,3413,2050,309,0.53898946230748446
039521,3413,2050,323,0.55320280910832087
039521,3413,2050,340,0.54171592131652702
039521,3413,2050,341,0.54899654863862968
039521,3415,2050,466,0.54383139814108539
039521,3416,2050,449,0.5606998020733851
039521,3416,2050,451,0.54542688297753084
039521,3417,2050,338,0.54393725598829612
039521,3417,2050,342,0.5364742776077055
039521,3417,2050,362,0.52675006654245404
039521,3417,2050,363,0.54032600921308638
039521,3418,2050,379,0.50094026327371666
039521,3419,2050,391,0.53006527582234741
039521,3419,2050,392,0.54936393574162923
039521,3419,2050,393,0.55719709296019093
039521,3420,2050,487,0.53524242899733254
039521,3421,2050,365,0.54347617678074966
039521,3422,2050,428,0.55734814092222262
039521,3423,2050,179,0.55112771551127715
039521,3424,2050,315,0.56036209244572621
039521,3424,2050,326,0.55462975875052289
039521,3424,2050,345,0.56487370198699294
039521,3425,2050,345,0.5383322685480959
039521,3426,2050,230,0.53698577098054401
039521,3426,2050,236,0.54381347504194
039521,3427,2050,196,0.54153888820740381
039521,3427,2050,216,0.55662876472266376
039521,3427,2050,219,0.54744482193342991
039521,3428,2050,383,0.52150077637291248
039521,3428,2050,422,0.54743895966029721
039521,3429,2050,315,0.54489058641787591
039521,3430,2050,420,0.53304491499630424
039521,3430,2050,427,0.5616120302601636
039521,3430,2050,436,0.54349224337279289
039521,3431,2050,150,0.54506696524697473
039521,3431,2050,151,0.56166113186661137
039521,3431,2050,156,0.55305345557878938
039521,3432,2050,434,0.54339609714879478
039521,3432,2050,437,0.555562963950749
039521,3432,2050,451,0.5345428666660661
039521,3433,2050,467,0.55169641421450399
039521,3433,2050,481,0.52853069688217436
039521,3433,2050,488,0.55306799336650081
039521,3434,2050,290,0.52747789555957203
039521,3437,2050,251,0.53959545899844408
039521,3440,2050,301,0.54296812042678011
039521,3440,2050,305,0.5364732912119472
039521,3441,2050,102,0.54099173553719004
039521,3441,2050,105,0.5541232227488152
039521,3441,2050,115,0.55266867975842904
039521,3441,2050,134,0.54547284054318912
039521,3443,2050,273,0.54427593859811352
039521,3444,2050,50,0.53679594693356791
039521,3444,2050,53,0.5415067949420681
039521,3445,2050,62,0.53859696123081635
039521,3445,2050,73,0.54418834099544466
039521,3445,2050,94,0.55902625298329356
039521,3446,2050,430,0.54648116823095727
039521,3446,2050,453,0.54384438505997146
039521,3447,2050,195,0.53274587409454111
039521,3448,2050,174,0.53481053232781228
039521,3448,2050,180,0.539562863976361
039521,3449,2050,236,0.53480818684609155
039521,3449,2050,238,0.53575867748050088
039521,3449,2050,239,0.54849629593288529
039521,3450,2050,208,0.54324459096323796
039521,3451,2050,238,0.54858467714028647
039521,3451,2050,243,0.54872721795451118
039521,3453,2050,289,0.54027701652950466
039521,3454,2050,451,0.54495448761867471
039521,3455,2050,414,0.54504326002245562
039521,3455,2050,427,0.55430929272970297
039521,3456,2050,340,0.53361774142368579
039521,3457,2050,263,0.54544698872137687
039521,3457,2050,291,0.55276774100303516
039521,3458,2050,130,0.54631061664338454
039521,3458,2050,133,0.53805131645145066
039521,3458,2050,154,0.53449386060350379
039521,3458,2050,156,0.54634653861544613
039521,3458,2050,161,0.53233391420591536
039521,3458,2050,176,0.53069234868275694
039521,3459,2050,63,0.55065926439972246
039521,3459,2050,84,0.54607298643720359
039521,3460,2050,433,0.55132656325911533
039521,3460,2050,440,0.53584988209470985
039521,3460,2050,453,0.55147904683648319
039521,3461,2050,420,0.53807486631016044
039521,3461,2050,425,0.53197871311078859
039521,3461,2050,428,0.55614881649201953
039521,3463,2050,225,0.55274764128998644
039521,3463,2050,227,0.5511216166110493
039521,3463,2050,228,0.54772252915899322
039521,3463,2050,244,0.55699361333164155
039521,3464,2050,284,0.55595424295396689
039521,3464,2050,285,0.53414703647416417
039521,3464,2050,293,0.51537813595592585
039521,3464,2050,308,0.53760230037602297
039521,3465,2050,77,0.54911454755641931
039521,3465,2050,91,0.54518366549433372
039521,3467,2050,420,0.54963929920989352
039521,3467,2050,424,0.54621466807104624
039521,3468,2050,320,0.55774194629747575
039521,3469,2050,423,0.54122809179875264
039521,3469,2050,433,0.54849697814635689
039521,3469,2050,450,0.5464365816816954
039521,3469,2050,454,0.57374816397382833
039521,3471,2050,237,0.54594908488966609
039521,3471,2050,243,0.5154613671971634
039521,3471,2050,244,0.5480686944889871
039521,3472,2050,281,0.53677253534055447
039521,3473,2050,428,0.54913857092628038
039521,3473,2050,459,0.53332700041163994
039521,3474,2050,464,0.53932024991574412
039521,3474,2050,468,0.54417760783472169
039521,3474,2050,472,0.54880763753785677
039521,3474,2050,481,0.54675544600980597
039521,3474,2050,484,0.53945839988383915
039521,3475,2050,461,0.5332414814205515
039521,3475,2050,468,0.52709341133235832
039521,3475,2050,475,0.5369865620435097
039521,3475,2050,487,0.55196335331346047
039521,3476,2050,505,0.5477432430187551
039521,3477,2050,503,0.56141070330120979
039521,3478,2050,416,0.54140951170811402
039521,3478,2050,424,0.55370135922870378
039521,3478,2050,434,0.5519562426745549
039521,3479,2050,138,0.53297772727750947
039521,3479,2050,146,0.53193638563273749
039521,3479,2050,154,0.54242604101203362
039521,3480,2050,451,0.53553689687795647
039521,3481,2050,398,0.5434162534608169
039521,3482,2050,269,0.5555730934154105
039521,3482,2050,308,0.54052185231132166
039521,3484,2050,259,0.55401190813722712
039521,3485,2050,480,0.55040143514162354
039521,3485,2050,487,0.54728526615931883
039521,3486,2050,421,0.58355972987658156
039521,3486,2050,431,0.54294958892752687
039521,3486,2050,451,0.54560823991468776
039521,3487,2050,210,0.52677059613475796
039521,3487,2050,219,0.54846458215081895
039521,3487,2050,221,0.57148165350673474
039521,3488,2050,260,0.54379910419267197
039521,3488,2050,275,0.56375649857863597
039521,3488,2050,285,0.5421662629861681
039521,3488,2050,286,0.55259866592551421
039521,3489,2050,361,0.54053011626612379
039521,3489,2050,381,0.5608397928325628
039521,3490,2050,363,0.54691663494480391
039521,3490,2050,371,0.54951479717919349
039521,3490,2050,378,0.53845071963244828
039521,3490,2050,386,0.54439266119992924
039521,3491,2050,223,0.53903203008437239
039521,3492,2050,152,0.55318209801256812
039521,3492,2050,156,0.54374660633484162
039521,3493,2050,278,0.52128345002362442
039521,3493,2050,297,0.56339393939393945
039521,3494,2050,418,0.54001948073758099
039521,3495,2050,516,0.55547764886425277
039521,3495,2050,521,0.54679373647072049
039521,3495,2050,525,0.55229995247693497
039521,3495,2050,548,0.53970375787511315
039521,3497,2050,209,0.53346402572408769
039521,3498,2050,166,0.54014532809653448
039521,3498,2050,173,0.55752543387193298
039521,3498,2050,178,0.5512336032580385
039521,3499,2050,252,0.54458229360700106
039521,3500,2050,135,0.52821303374582929
039521,3500,2050,172,0.55033928997209636
039521,3501,2050,362,0.55164732828270113
039521,3501,2050,364,0.53892561063254751
039521,3501,2050,374,0.55299073027714341
039521,3502,2050,452,0.54192475183251743
039521,3502,2050,468,0.53803895675140312
039521,3502,2050,481,0.54433255997512497
039521,3503,2050,39,0.53681429773166667
039521,3504,2050,252,0.54827884416536632
039521,3505,2050,161,0.5445982790977657
039521,3505,2050,164,0.53890270641751481
039521,3506,2050,343,0.52032019704433496
039521,3506,2050,360,0.53067793200563262
039521,3507,2050,142,0.53329680865634843
039521,3508,2050,136,0.5337994831816899
039521,3508,2050,138,0.55036621278095188
039521,3509,2050,195,0.54562927209930778
039521,3510,2050,453,0.54393097360536102
039521,3510,2050,454,0.53753716855478828
039521,3510,2050,470,0.54915071618709599
039521,3511,2050,305,0.54735115479374452
039521,3512,2050,486,0.55870969509730717
039521,3512,2050,496,0.54016830124712434
039521,3513,2050,329,0.53380908641277469
039521,3514,2050,137,0.50826143578056326
039521,3514,2050,148,0.54717412354826878
039521,3515,2050,316,0.55045255178358643
039521,3516,2050,150,0.55177968869054095
039521,3516,2050,159,0.52574153251065847
039521,3516,2050,180,0.54192682582285634
039521,3516,2050,183,0.53871593570631582
039521,3516,2050,185,0.53518906589025095
039521,3517,2050,544,0.55101553980370777
039521,3517,2050,555,0.54427605586444583
039521,3517,2050,568,0.54433959266673027
039521,3517,2050,576,0.54804783777727983
039521,3517,2050,577,0.53467791519256547
039521,3518,2050,224,0.54041842317696653
039521,3518,2050,232,0.54636672062443181
039521,3518,2050,233,0.53827513359015777
039521,3518,2050,254,0.54287644492219722
039521,3520,2050,305,0.53256438615895085
039521,3520,2050,308,0.53962735352447178
039521,3521,2050,321,0.54392601214112923
039521,3521,2050,323,0.54012370965099132
039521,3522,2050,356,0.53632726998264024
039521,3522,2050,359,0.55316585658245354
039521,3523,2050,475,0.54773665191267351
039521,3523,2050,483,0.55237824924903611
039521,3523,2050,484,0.52931126298038522
039521,3523,2050,487,0.54833892991547695
039521,3524,2050,370,0.53659337052838862
039521,3525,2050,374,0.5618388326092294
039521,3526,2050,226,0.52623001803819125
039521,3526,2050,235,0.5445444433208616
039521,3526,2050,242,0.54155741723689543
039521,3527,2050,398,0.56214353124615324
039521,3527,2050,418,0.55773431272321128
039521,3528,2050,498,0.53923993064438192
039521,3528,2050,517,0.53385454915208275
039521,3529,2050,307,0.5410029801664783
039521,3530,2050,416,0.54605143169797554
039521,3532,2050,347,0.54273037427942383
039521,3533,2050,363,0.54929942487220917
039521,3533,2050,368,0.54418890771538653
039521,3533,2050,381,0.53395313362964525
039521,3533,2050,394,0.51967238211879974
039521,3533,2050,396,0.54368673659481137
039521,3535,2050,188,0.53941836274495536
039521,3536,2050,398,0.5471699995013215
039521,3536,2050,405,0.55025212460139183
039521,3536,2050,408,0.54131462856030288
039521,3536,2050,425,0.54530085903559988
039521,3538,2050,369,0.53888943200703876
039521,3539,2050,192,0.54342369611672736
039521,3539,2050,202,0.53729729729729725
039521,3540,2050,137,0.54715773377350774
039521,3540,2050,168,0.54032867111742133
039521,3540,2050,169,0.53850204561105031
039521,3541,2050,320,0.50969258860901978
039521,3541,2050,328,0.54019366060071128
039521,3542,2050,270,0.55485650764458361
039521,3542,2050,277,0.54072091232444719
039521,3543,2050,133,0.54913586476598963
039521,3543,2050,143,0.53540941801914721
039521,3543,2050,145,0.53910668143226281
039521,3545,2050,353,0.55084339388468917
039521,3545,2050,356,0.54488894342864158
039521,3545,2050,359,0.55695998711858952
039521,3546,2050,385,0.54472007781214671
039521,3547,2050,238,0.53867156412610961
039521,3547,2050,252,0.53603588889251841
039521,3548,2050,338,0.52278919359356302
039521,3549,2050,485,0.53767498478393183
039521,3550,2050,135,0.52985336557210827
039521,3551,2050,452,0.58002981932994213
039521,3551,2050,461,0.52690115557483519
039521,3552,2050,325,0.53649849579860986
039521,3552,2050,334,0.53251515846060882
039521,3554,2050,118,0.55643472189899934
039521,3554,2050,132,0.54325856273480233
039521,3556,2050,406,0.54810219521797887
039521,3558,2050,303,0.54088565785052167
039521,3561,2050,381,0.54179908534222154
039521,3561,2050,398,0.5213613181639859
039521,3561,2050,402,0.5380548162002734
039521,3561,2050,415,0.53434039685812273
039521,3562,2050,190,0.56348132326806122
039521,3562,2050,191,0.53608055823069256
039521,3563,2050,144,0.54984920797587322
039521,3563,2050,168,0.53787281738734483
039521,3564,2050,446,0.54286507645040805
039521,3564,2050,471,0.54452036654483815
039521,3565,2050,473,0.541824856943803
039521,3565,2050,498,0.53140356540765454
039521,3566,2050,107,0.53860337065171404
039521,3567,2050,447,0.55609471306611535
039521,3567,2050,464,0.55332172960710302
039521,3569,2050,314,0.55296119210348771
039521,3569,2050,321,0.55075759579025307
039521,3570,2050,101,0.54582850949577555
039521,3571,2050,326,0.52875690104956619
039521,3571,2050,343,0.56341995697193892
039521,3572,2050,384,0.54725876224949233
039521,3573,2050,390,0.54466955993793709
039521,3574,2050,290,0.53416410422398442
039521,3574,2050,300,0.54755019521239234
039521,3576,2050,247,0.54712335512817001
039521,3576,2050,252,0.55014291232135959
039521,3576,2050,267,0.54295691191503603
039521,3577,2050,290,0.53305701166239994
039521,3577,2050,308,0.54474905661765249
039521,3578,2050,79,0.53753321169051504
039521,3579,2050,245,0.5354270860252649
039521,3579,2050,247,0.54863958255683931
039521,3579,2050,262,0.52849623492079478
039521,3580,2050,218,0.54242435374649478
039521,3580,2050,226,0.53873938956113421
039521,3581,2050,263,0.55945870535714282
039521,3581,2050,270,0.5471100891387044
039521,3582,2050,408,0.52615670774238554
039521,3582,2050,410,0.55161651457068228
039521,3584,2050,117,0.54406523005241703
039521,3584,2050,118,0.53580010589337357
039521,3584,2050,133,0.56600956937799041
039521,3586,2050,471,0.52669527137612249
039521,3586,2050,489,0.54161246011730413
039521,3587,2050,356,0.54155904059040594
039521,3588,2050,167,0.54610034038774602
039521,3588,2050,171,0.56963039159488338
039521,3588,2050,186,0.54014661641135586
039521,3590,2050,220,0.53774041268411488
039521,3593,2050,220,0.52741199367196656
039521,3593,2050,229,0.57114710170626948
039521,3594,2050,239,0.53755733400816119
039521,3594,2050,248,0.55806557377049182
039521,3594,2050,275,0.54902784884145894
039521,3595,2050,203,0.53939844464775843
039521,3597,2050,205,0.55088918387136254
039521,3597,2050,230,0.56106421079559987
039521,3598,2050,270,0.53814747951673381
039521,3599,2050,363,0.54871295188524494
039521,3599,2050,389,0.53389227544564732
039521,3600,2050,179,0.52669957013214452
039521,3600,2050,197,0.54088611358905736
039521,3601,2050,520,0.54414803061106432
039521,3601,2050,539,0.54806403918125957
039521,3601,2050,542,0.5501095757851745
039521,3602,2050,245,0.54506111190374285
039521,3602,2050,251,0.55841759026820004
039521,3602,2050,267,0.54812689522467806
039521,3603,2050,168,0.54136512251570479
039521,3603,2050,183,0.55235634944331213
039521,3603,2050,193,0.54647754268487514
039521,3604,2050,332,0.53689348493864486
039521,3604,2050,339,0.54106932349697689
039521,3605,2050,267,0.53705200467935765
039521,3605,2050,275,0.55355827507333655
039521,3605,2050,300,0.55047335020979993
039521,3605,2050,305,0.55485760530270911
039521,3606,2050,184,0.537408360873322
039521,3606,2050,185,0.56398709718629236
039521,3606,2050,200,0.54106913600480755
039521,3607,2050,157,0.53236280406664183
039521,3607,2050,159,0.54346109371915274
039521,3607,2050,161,0.55788934426229508
039521,3608,2050,200,0.54594954493389836
039521,3608,2050,204,0.53442976015663235
039521,3608,2050,210,0.50369238604532718
039521,3609,2050,472,0.54875867128277067
039521,3609,2050,505,0.54698110877886164
039521,3610,2050,210,0.56841390411992554
039521,3610,2050,220,0.53475108748187528
039521,3610,2050,240,0.54896220371556692
039521,3611,2050,232,0.54928864026780599
039521,3611,2050,238,0.53032639002788251
039521,3612,2050,194,0.55551902147108145
039521,3612,2050,199,0.5481177094379639
039521,3613,2050,204,0.53910489593893496
039521,3614,2050,111,0.56488549618320616
039521,3614,2050,112,0.54381386411145305
039521,3615,2050,364,0.54189895528681087
039521,3615,2050,379,0.55170413743578417
039521,3616,2050,300,0.54029875844286879
039521,3616,2050,336,0.54622339101207518
039521,3617,2050,516,0.53612833353927558
039521,3618,2050,269,0.54960056184707229
039521,3619,2050,224,0.54689212715197633
039521,3619,2050,229,0.54912287809423488
039521,3619,2050,245,0.55789196509178451
039521,3620,2050,395,0.55097904052165814
039521,3620,2050,402,0.53978510885480757
039521,3622,2050,115,0.5484461883651105
039521,3622,2050,120,0.55802783075510354
039521,3622,2050,129,0.54562929061784893
039521,3625,2050,259,0.55677194625764714
039521,3625,2050,261,0.54292174446232855
039521,3625,2050,264,0.52173270254287407
039521,3626,2050,82,0.54628212596637082
039521,3627,2050,246,0.53870543723466613
039521,3628,2050,539,0.55237956699881208
039521,3629,2050,267,0.54445385266723112
039521,3629,2050,282,0.537561853351327
039521,3629,2050,284,0.53561646744092228
039521,3629,2050,288,0.55359877488514553
039521,3630,2050,422,0.53713518800755211
039521,3630,2050,436,0.55371542887784353
039521,3631,2050,154,0.52761343604356326
039521,3631,2050,162,0.54761953150721676
039521,3631,2050,176,0.54210805084745761
039521,3631,2050,179,0.5520804124156079
039521,3631,2050,183,0.53383041857330737
039521,3631,2050,186,0.53488939701461857
039521,3631,2050,187,0.54837724142793354
039521,3632,2050,203,0.5419316886650245
039521,3632,2050,204,0.54155310831308812
039521,3632,2050,208,0.53912287564654238
039521,3633,2050,378,0.54146702817502745
039521,3636,2050,91,0.53317487948580611
039521,3636,2050,92,0.53733581043642642
039521,3636,2050,119,0.54317756213823631
039521,3636,2050,123,0.54606098639640666
039521,3637,2050,335,0.52385863830897084
039521,3638,2050,289,0.53567305910911167
039521,3639,2050,324,0.54510844046244245
039521,3640,2050,129,0.54492528624102465
039521,3640,2050,141,0.53134460402814443
039521,3641,2050,209,0.55105846478625464
039521,3642,2050,223,0.56815918455019432
039521,3642,2050,233,0.52960498610292261
039521,3643,2050,267,0.55589711252988627
039521,3643,2050,281,0.54672372608104802
039521,3644,2050,388,0.5366380603732821
039521,3644,2050,390,0.53754532737569771
039521,3644,2050,398,0.5402247031047942
039521,3644,2050,407,0.57695775588579057
039521,3645,2050,233,0.5473114932690063
039521,3646,2050,207,0.54353098603328598
039521,3646,2050,216,0.53938574156588159
039521,3647,2050,264,0.55300776431318477
039521,3647,2050,272,0.53849841671433984
039521,3647,2050,276,0.55503101759047291
039521,3648,2050,381,0.54223903061710521
039521,3649,2050,429,0.53524277062061554
039521,3650,2050,196,0.54154991243432571
039521,3650,2050,197,0.54192135046081846
039521,3651,2050,346,0.54211114150255291
039521,3651,2050,351,0.54348543815593331
039521,3651,2050,352,0.53472620898295131
039521,3651,2050,365,0.51798442585801985
039521,3652,2050,133,0.53411696355393246
039521,3653,2050,393,0.55251662146268876
039521,3654,2050,389,0.53072662247034197
039521,3656,2050,339,0.53850913011967261
039521,3657,2050,145,0.55219930644278148
039521,3657,2050,157,0.54279632241550435
039521,3657,2050,163,0.54381430610938808
039521,3658,2050,437,0.53341740226986134
039521,3658,2050,447,0.56248581415406962
039521,3658,2050,456,0.5346357389220926
039521,3658,2050,474,0.52015079654627261
039521,3660,2050,232,0.54779595671217496
039521,3660,2050,248,0.54094757743773458
039521,3660,2050,255,0.52474415634609894
039521,3661,2050,165,0.54644890062874363
039521,3662,2050,463,0.54853317767567977
039521,3663,2050,51,0.54787822810605558
039521,3663,2050,64,0.5358045392651789
039521,3663,2050,67,0.54266639486290902
039521,3663,2050,78,0.54425694749388365
039521,3664,2050,79,0.52742489613294985
039521,3664,2050,93,0.54533631229279411
039521,3664,2050,95,0.54830916594703127
039521,3665,2050,150,0.55996831553358284
039521,3665,2050,160,0.54012180934784093
039521,3666,2050,125,0.53930463620798896
039521,3667,2050,183,0.53807122696857257
039521,3667,2050,192,0.53475581406851258
039521,3667,2050,197,0.56262708844307485
039521,3668,2050,403,0.53355564120180299
039521,3668,2050,426,0.522841166851295
039521,3668,2050,429,0.55863033542296259
039521,3669,2050,290,0.54390140970206713
039521,3669,2050,301,0.54400396359900616
039521,3670,2050,94,0.55204963874361379
039521,3671,2050,214,0.54118718634098717
039521,3671,2050,234,0.55649970184853903
039521,3672,2050,231,0.54230257176256658
039521,3672,2050,248,0.54156358434044438
039521,3674,2050,241,0.54222163683959235
039521,3677,2050,365,0.53275033443987518
039521,3677,2050,375,0.54435715654339911
039521,3677,2050,393,0.5438010961756331
039521,3678,2050,247,0.53135420330636651
039521,3678,2050,248,0.56482901741405755
039521,3679,2050,557,0.53373596650487232
039521,3680,2050,350,0.54386422338284546
039521,3681,2050,543,0.55082590220839067
039521,3682,2050,402,0.52844082675224102
039521,3683,2050,287,0.53725731173828439
039521,3683,2050,289,0.54122037114756494
039521,3683,2050,296,0.54226485365939359
039521,3683,2050,297,0.54121662201969556
039521,3684,2050,131,0.54742803209060875
039521,3684,2050,132,0.5271919744075535
039521,3684,2050,135,0.54234324562261571
039521,3685,2050,297,0.54213648049555663
039521,3686,2050,382,0.56233659711898298
039521,3686,2050,408,0.53310618143154032
039521,3687,2050,218,0.54104377465847175
039521,3688,2050,372,0.555172123558623
039521,3688,2050,389,0.54149414409085528
039521,3688,2050,395,0.54994135369471719
039521,3689,2050,227,0.5330098015270418
039521,3690,2050,211,0.54542394762321911
039521,3691,2050,317,0.53995297983231361
039521,3692,2050,303,0.53110733983877811
039521,3693,2050,482,0.55785150429707675
039521,3693,2050,486,0.53170319485334205
039521,3694,2050,229,0.52329279700654818
039521,3694,2050,233,0.55622864243553893
039521,3695,2050,494,0.54098396855540343
039521,3695,2050,531,0.53951073159473806
039521,3696,2050,204,0.5481324470961777
039521,3697,2050,235,0.54798517196402829
039521,3697,2050,245,0.54431007751937988
039521,3698,2050,150,0.54730158730158729
039521,3698,2050,162,0.55027540251136275
039521,3699,2050,578,0.55219633878574492
039521,3700,2050,273,0.5667327110835263
039521,3701,2050,304,0.52577084992604395
039521,3701,2050,310,0.52119131711575861
039521,3702,2050,135,0.54706537713933534
039521,3702,2050,154,0.54274852730542666
039521,3703,2050,347,0.53648101576396978
039521,3704,2050,219,0.51668345788911774
039521,3704,2050,243,0.5362919803229419
039521,3705,2050,204,0.55650963950273713
039521,3705,2050,207,0.55280438266313869
039521,3705,2050,229,0.54876438407847572
039521,3706,2050,163,0.56011777341038771
039521,3706,2050,171,0.54859848354890728
039521,3707,2050,115,0.53598142549317651
039521,3708,2050,208,0.55517910493732092
039521,3708,2050,220,0.56051502145922749
039521,3708,2050,230,0.56001428911645634
039521,3708,2050,232,0.54557498675145732
039521,3709,2050,326,0.54642166344294008
039521,3709,2050,342,0.54420146779421075
039521,3710,2050,531,0.56088197926201178
039521,3711,2050,156,0.53516833589255841
039521,3711,2050,166,0.54195250659630612
039521,3712,2050,172,0.554517055155754
039521,3712,2050,173,0.54534634610806954
039521,3713,2050,549,0.53991304628911296
039521,3713,2050,567,0.53829178926330978
039521,3714,2050,223,0.5395824184598188
039521,3714,2050,235,0.55717347106983905
039521,3714,2050,251,0.46242191254204712
039521,3715,2050,399,0.53664943589165737
039521,3716,2050,144,0.54117020477559352
039521,3716,2050,150,0.53214788369777899
039521,3716,2050,154,0.53946296734189858
039521,3716,2050,158,0.53470083229569432
039521,3718,2050,205,0.50483076332458887
039521,3718,2050,227,0.53897194020305383
039521,3718,2050,230,0.53693078830472674
039521,3718,2050,240,0.54682051162028689
039521,3718,2050,244,0.54288113230178725
039521,3718,2050,250,0.54839912523809042
039521,3720,2050,202,0.56388156284836455
039521,3720,2050,208,0.54692342140618
039521,3720,2050,218,0.54569453357447062
039521,3721,2050,296,0.57312476441764038
039521,3723,2050,269,0.53823516928170234
039521,3723,2050,277,0.54549577640455804
039521,3724,2050,124,0.53968700815109594
039521,3724,2050,130,0.54190687989574626
039521,3724,2050,137,0.53964748107354077
039521,3725,2050,434,0.53905266170578137
039521,3725,2050,438,0.55168152033032514
039521,3725,2050,456,0.541862637716642
039521,3726,2050,397,0.53660547433219741
039521,3726,2050,410,0.53221933553771061
039521,3726,2050,412,0.53923806683262021
039521,3727,2050,147,0.5468633902982698
039521,3727,2050,164,0.54488630240327618
039521,3727,2050,165,0.55031688392605072
039521,3728,2050,360,0.5497418069705774
039521,3728,2050,373,0.54791557908867183
039521,3729,2050,371,0.53756824420112814
039521,3729,2050,383,0.54291054143769701
039521,3730,2050,227,0.52414254891749124
039521,3730,2050,239,0.53878803709024425
039521,3731,2050,162,0.54001208563535907
039521,3733,2050,214,0.54061562513204042
039521,3733,2050,220,0.53337275146112384
039521,3733,2050,232,0.54742671889774419
039521,3733,2050,235,0.53217794858779599
039521,3734,2050,433,0.53506163886874547
039521,3734,2050,457,0.5504176539575405
039521,3736,2050,195,0.54830499236974062
039521,3737,2050,289,0.50548673757910323
039521,3738,2050,505,0.54425765815679361
039521,3739,2050,208,0.54277804917765837
039521,3744,2050,520,0.54198950181946992
039521,3744,2050,525,0.55432531464075196
039521,3744,2050,535,0.54235272425555459
039521,3745,2050,433,0.54152512127741137
039521,3745,2050,452,0.54630958282240605
039521,3745,2050,454,0.53727617275264961
039521,3747,2050,434,0.54207309377422785
039521,3747,2050,436,0.54994790135990812
039521,3747,2050,466,0.57899625276238675
039521,3749,2050,507,0.53294200235993483
039521,3749,2050,535,0.54472738634588347
039521,3750,2050,487,0.53880273640752685
039521,3750,2050,493,0.54281793229643183
039521,3750,2050,501,0.54115252961311799
039521,3751,2050,419,0.54904524529432597
039521,3752,2050,269,0.54477181894228088
039521,3752,2050,270,0.53897504061438484
039521,3753,2050,437,0.54297886559184694
039521,3753,2050,456,0.53356437359209841
039521,3753,2050,457,0.54144809050133524
039521,3754,2050,306,0.54479958422659647
039521,3755,2050,217,0.53695292205326084
039521,3756,2050,240,0.55021877282438791
039521,3756,2050,242,0.55467506842339764
039521,3757,2050,447,0.57233977307574369
039521,3757,2050,463,0.53206198598604848
039521,3758,2050,375,0.54105210725848851
039521,3758,2050,382,0.53192668277222455
039521,3759,2050,92,0.55219770938207369
039521,3759,2050,97,0.53277235730387351
039521,3760,2050,414,0.53792319655461185
039521,3760,2050,427,0.54425968098464128
039521,3761,2050,170,0.55058505925122359
039521,3761,2050,177,0.52431637184950852
039521,3762,2050,201,0.54880221173989252
039521,3763,2050,517,0.4890629438740311
039521,3765,2050,334,0.55616618907802839
039521,3766,2050,420,0.54149205385160437
039521,3767,2050,439,0.54538343268686107
039521,3768,2050,449,0.55330739299610898
039521,3769,2050,201,0.50999561070986787
039521,3769,2050,206,0.53203020338570206
039521,3769,2050,207,0.55386347793447366
039521,3770,2050,193,0.5413187214611872
039521,3771,2050,189,0.53643458774437836
039521,3771,2050,199,0.53993155373032165
039521,3772,2050,60,0.53486466867157523
039521,3772,2050,68,0.56476981718912433
039521,3773,2050,409,0.5619277640967355
039521,3773,2050,431,0.54114282834899596
039521,3774,2050,423,0.52740916100167234
039521,3774,2050,432,0.55790304465288532
039521,3774,2050,462,0.539105940640212
039521,3777,2050,415,0.53704497467892243
039521,3777,2050,421,0.53806984322410989
039521,3778,2050,113,0.5618906657228353
039521,3780,2050,186,0.54398135092963362
039521,3780,2050,210,0.53541473279405916
039521,3781,2050,417,0.54507930154600492
039521,3781,2050,436,0.53480546792849637
039521,3782,2050,161,0.55234871429419796
039521,3782,2050,191,0.55188746634430463
039521,3783,2050,436,0.53569283638173848
039521,3783,2050,437,0.54425294898152599
039521,3783,2050,461,0.56174924924924929
039521,3785,2050,416,0.53240734373925602
039521,3785,2050,421,0.55984135624854192
039521,3789,2050,341,0.5350626017629555
039521,3790,2050,82,0.54348505154119764
039521,3790,2050,86,0.53943741789237787
039521,3790,2050,116,0.55118812237121184
039521,3791,2050,329,0.53569921957392952
039521,3791,2050,331,0.53960225313254395
039521,3792,2050,406,0.54336465281705015
039521,3793,2050,230,0.54450420075677752
039521,3793,2050,231,0.53996049220132514
039521,3793,2050,247,0.53098603392525434
039521,3794,2050,324,0.53976168077767328
039521,3794,2050,347,0.53294563983273791
039521,3795,2050,198,0.55012703923122397
039521,3795,2050,203,0.54590246778404783
039521,3796,2050,177,0.53195285467128028
039521,3797,2050,437,0.54041603220894519
039521,3797,2050,438,0.54397888401509742
039521,3797,2050,449,0.54394932770307813
039521,3797,2050,456,0.55236047657439757
039521,3799,2050,320,0.54647015475313188
039521,3800,2050,221,0.53355532786885251
039521,3800,2050,235,0.55255429586122118
039521,3800,2050,243,0.53399602385685885
039521,3801,2050,365,0.55174046886099926
039521,3802,2050,123,0.53730060484000286
039521,3802,2050,136,0.54054953187271282
039521,3806,2050,139,0.5305643918276326
039521,3807,2050,452,0.54467189592500476
039521,3807,2050,462,0.53870997227384909
039521,3808,2050,239,0.56391221891086429
039521,3809,2050,107,0.55276724671245703
039521,3809,2050,124,0.54572138441093199
039521,3809,2050,131,0.54030018513620737
039521,3810,2050,190,0.54935384526824771
039521,3810,2050,213,0.53851063228940155
039521,3810,2050,223,0.54235454997513677
039521,3812,2050,489,0.46986586635634225
039521,3813,2050,502,0.53809503872723463
039521,3814,2050,485,0.5594788064023164
039521,3814,2050,491,0.5462154071720936
039521,3814,2050,505,0.57269503546099287
039521,3815,2050,480,0.54874839106295503
039521,3816,2050,264,0.55020653781426898
039521,3816,2050,270,0.5384335154826958
039521,3816,2050,272,0.54504045142429802
039521,3819,2050,184,0.56086817235303543
039521,3819,2050,202,0.55499554062182399
039521,3819,2050,204,0.53552133981631556
039521,3819,2050,211,0.55540889990302766
039521,3820,2050,432,0.55051898405314792
039521,3820,2050,459,0.54140453094492824
039521,3821,2050,308,0.55634907391957289
039521,3822,2050,127,0.5538689512614251
039521,3822,2050,142,0.53306587837837838
039521,3822,2050,148,0.53526206014936417
039521,3823,2050,503,0.52624023502704143
039521,3823,2050,536,0.54827854719394853
039521,3824,2050,108,0.5510734531700523
039521,3824,2050,122,0.5480791618160652
039521,3825,2050,400,0.54760920262648649
039521,3825,2050,407,0.54578623302024376
039521,3825,2050,408,0.53802354977566225
039521,3825,2050,420,0.54156648270191476
039521,3826,2050,215,0.5432866823655228
039521,3827,2050,188,0.54444910227708554
039521,3827,2050,204,0.52486327303323521
039521,3829,2050,361,0.55072516713549846
039521,3830,2050,143,0.54089757839689512
039521,3830,2050,162,0.53843114529554315
039521,3831,2050,403,0.54468439351647813
039521,3831,2050,415,0.53818564546816172
039521,3831,2050,424,0.55179427940031645
039521,3832,2050,396,0.54464964103518321
039521,3832,2050,413,0.55154932786511734
039521,3832,2050,424,0.54348494686122406
039521,3835,2050,231,0.54340954588557577
039521,3835,2050,249,0.54059089251143344
039521,3836,2050,112,0.53679245283018873
039521,3836,2050,126,0.51584393188187105
039521,3837,2050,218,0.55157032080707491
039521,3838,2050,292,0.54649809351796108
039521,3838,2050,293,0.54382365524483689
039521,3838,2050,296,0.54724247560400763
039521,3838,2050,299,0.55904779616886735
039521,3838,2050,303,0.55205101689072733
039521,3838,2050,314,0.53984843674961136
039521,3839,2050,339,0.54111017863565525
039521,3842,2050,216,0.55264755626870199
039521,3842,2050,218,0.52910065156758135
039521,3842,2050,228,0.5353862370124981
039521,3842,2050,229,0.5345991363856023
039521,3843,2050,287,0.54742463010345976
039521,3843,2050,292,0.53736459415343518
039521,3843,2050,296,0.55765922700054438
039521,3843,2050,297,0.55346239640490413
039521,3843,2050,299,0.54478638581459005
039521,3844,2050,196,0.49715255058766511
039521,3845,2050,173,0.55398185827630886
039521,3846,2050,183,0.56213649034656021
039521,3846,2050,187,0.51713862260343091
039521,3847,2050,298,0.54896767136105018
039521,3847,2050,301,0.54494647069497371
039521,3847,2050,305,0.5496410592475649
039521,3850,2050,143,0.53587163196215737
039521,3850,2050,156,0.54932798518344184
039521,3851,2050,176,0.53904575432811208
039521,3851,2050,182,0.53534974683205183
039521,3851,2050,187,0.54463799673380509
039521,3852,2050,116,0.54692513642216267
039521,3853,2050,396,0.54533833985779345
039521,3853,2050,414,0.53691073481760221
039521,3856,2050,275,0.55223601904584074
039521,3857,2050,450,0.54863175602186876
039521,3857,2050,451,0.53963693562107762
039521,3857,2050,458,0.54919362047169695
039521,3858,2050,188,0.54223258886182557
039521,3858,2050,216,0.53380700514295465
039521,3859,2050,318,0.55147489744090639
039521,3860,2050,383,0.54319101710406059
039521,3862,2050,357,0.55107344034473915
039521,3862,2050,365,0.55675856355999942
039521,3863,2050,124,0.5594901841779687
039521,3864,2050,168,0.54231605597438159
039521,3865,2050,406,0.52398577545540315
039521,3866,2050,311,0.51904598490048048
039521,3866,2050,318,0.5436504854368932
039521,3866,2050,328,0.53776847858576371
039521,3866,2050,339,0.53858540102717456
039521,3868,2050,170,0.54245237981572536
039521,3868,2050,172,0.54723977979406668
039521,3868,2050,180,0.55405717452546988
039521,3868,2050,185,0.54466836976062072
039521,3868,2050,187,0.54965410970132123
039521,3869,2050,340,0.5420418664483686
039521,3869,2050,351,0.52716761624920871
039521,3869,2050,358,0.54624570011923856
039521,3869,2050,367,0.55457044407448997
039521,3870,2050,459,0.54125911008822403
039521,3870,2050,466,0.54853786494561596
039521,3871,2050,66,0.54490378209881973
039521,3872,2050,395,0.55206463195691202
039521,3872,2050,416,0.54343251733744291
039521,3872,2050,423,0.53294201046153189
039521,3873,2050,198,0.54634847613571014
039521,3874,2050,272,0.53660790747759435
039521,3875,2050,131,0.55553498392607681
039521,3875,2050,136,0.55745938111310445
039521,3876,2050,131,0.55154563116346556
039521,3877,2050,304,0.55397652180673251
039521,3877,2050,336,0.54952042533864121
039521,3878,2050,183,0.54321427693517854
039521,3878,2050,185,0.54153366091603605
039521,3878,2050,186,0.54934618978090377
039521,3879,2050,70,0.53410596026490065
039521,3879,2050,80,0.53742281819888882
039521,3880,2050,359,0.55183296916727365
039521,3880,2050,365,0.53573237406334817
039521,3881,2050,335,0.55712189411551338
039521,3881,2050,339,0.54274635230183554
039521,3882,2050,518,0.53987126514321049
039521,3884,2050,105,0.57371050978893046
039521,3885,2050,328,0.54975363769343288
039521,3885,2050,331,0.53229609586393511
039521,3885,2050,336,0.543747842481213
039521,3886,2050,288,0.5662159072924543
039521,3886,2050,300,0.54151264692445067
039521,3886,2050,306,0.54810433076899501
039521,3887,2050,168,0.54240627335280811
039521,3888,2050,208,0.55643226017009351
039521,3888,2050,209,0.53791443850267384
039521,3889,2050,318,0.54629546920748351
039521,3891,2050,511,0.52283876274123897
039521,3893,2050,373,0.57896644198014058
039521,3893,2050,376,0.53994235124562484
039521,3893,2050,381,0.53628698451632684
039521,3894,2050,373,0.52562964465975093
039521,3895,2050,276,0.54615090003829947
039521,3895,2050,291,0.55303239098709145
039521,3896,2050,402,0.53956790872678728
039521,3897,2050,447,0.55798417898064567
039521,3898,2050,323,0.5502391965530351
039521,3899,2050,356,0.54431556249535284
039521,3899,2050,375,0.54548993188112882
039521,3899,2050,380,0.55549333631985665
039521,3899,2050,381,0.53703900607706334
039521,3899,2050,386,0.55586557794099545
039521,3900,2050,144,0.53976155816004501
039521,3900,2050,148,0.5436230243276251
039521,3900,2050,154,0.53632140819819085
039521,3901,2050,408,0.49263811146264297
039521,3901,2050,420,0.55575433986526146
039521,3901,2050,436,0.53194310178152193
039521,3902,2050,366,0.53748933860587733
039521,3903,2050,351,0.53828274397523534
039521,3903,2050,362,0.55822642130726075
039521,3904,2050,357,0.56485058632410956
039521,3904,2050,364,0.54055354993983151
039521,3905,2050,428,0.54031699708910608
039521,3905,2050,436,0.54827356486544243
039521,3906,2050,102,0.5233520149452896
039521,3906,2050,110,0.54023602341385779
039521,3907,2050,322,0.55234248993535773
039521,3907,2050,341,0.54792610227836647
039521,3907,2050,343,0.54106234183243085
039521,3908,2050,155,0.54258124419684306
039521,3909,2050,326,0.54727496724485203
039521,3910,2050,342,0.5378977397410577
039521,3910,2050,346,0.55029568812080154
039521,3911,2050,417,0.53985181154111817
039521,3911,2050,425,0.53488128125327827
039521,3911,2050,441,0.53249170299993498
039521,3912,2050,178,0.52440484883890759
039521,3913,2050,124,0.545569908567338
039521,3913,2050,130,0.55198846800672696
039521,3913,2050,138,0.54658555248018592
039521,3915,2050,321,0.55088351212382225
039521,3916,2050,217,0.53815095496295362
039521,3916,2050,248,0.54851021217903906
039521,3917,2050,216,0.52632415970228774
039521,3917,2050,223,0.5409057801363093
039521,3918,2050,466,0.55107900622619843
039521,3918,2050,479,0.54975257564695379
039521,3918,2050,490,0.5555907639195804
039521,3919,2050,446,0.53508533505475708
039521,3920,2050,167,0.54622815889512777
039521,3920,2050,175,0.53725229592670465
039521,3920,2050,182,0.53551384054952733
039521,3921,2050,394,0.57808202432614142
039521,3922,2050,343,0.52460691727101472
039521,3922,2050,349,0.527563255177532
039521,3924,2050,203,0.53397694254381856
039521,3924,2050,204,0.54354609929078013
039521,3925,2050,357,0.53858736747889691
039521,3926,2050,173,0.54050807927042166
039521,3926,2050,179,0.52905169063350177
039521,3926,2050,181,0.5427362308096253
039521,3926,2050,197,0.54587598995557274
039521,3927,2050,78,0.52343407796758656
039521,3928,2050,279,0.54224569073608808
039521,3928,2050,284,0.54352021210544865
039521,3929,2050,129,0.54565611142339643
039521,3929,2050,133,0.53879037730884116
039521,3930,2050,148,0.54400813726277475
039521,3931,2050,342,0.55312950111300252
039521,3933,2050,379,0.54765028915779757
039521,3933,2050,397,0.53759008136381248
039521,3934,2050,403,0.54906607397812746
039521,3934,2050,417,0.55138073494237883
039521,3934,2050,438,0.54594359679105442
039521,3935,2050,350,0.54791615251727543
039521,3935,2050,355,0.55664222229732008
039521,3935,2050,361,0.54217286267966702
039521,3935,2050,368,0.55383493083642676
039521,3936,2050,214,0.54400923136098467
039521,3936,2050,244,0.54239392115558227
039521,3937,2050,196,0.5360241687307663
039521,3938,2050,337,0.54330529665833149
039521,3939,2050,463,0.54627196454012983
039521,3939,2050,469,0.54840220147533425
039521,3939,2050,472,0.53771502050124953
039521,3940,2050,177,0.53689345991561177
039521,3940,2050,182,0.54478485207844118
039521,3940,2050,184,0.54736555465379522
039521,3940,2050,186,0.53888580659900132
039521,3942,2050,242,0.53777709595765899
039521,3942,2050,250,0.5477732050643529
039521,3942,2050,284,0.54165360091982862
039521,3944,2050,121,0.53049049933716308
039521,3944,2050,127,0.54814425770308128
039521,3944,2050,137,0.55289101726181022
039521,3945,2050,311,0.55607509616402584
039521,3945,2050,329,0.54524092013868886
039521,3946,2050,220,0.5349772337531784
039521,3947,2050,304,0.53038877340945034
039521,3947,2050,306,0.53606921935095819
039521,3948,2050,75,0.55109943057380639
039521,3948,2050,86,0.55353223315177624
039521,3949,2050,173,0.55153339457790118
039521,3950,2050,445,0.54507005875895909
039521,3950,2050,460,0.52936864290295982
039521,3952,2050,212,0.5409539076396056
039521,3952,2050,213,0.53748231486162334
039521,3953,2050,196,0.55021814816447046
039521,3954,2050,167,0.53467857784162331
039521,3954,2050,183,0.54124927347943519
039521,3955,2050,417,0.54255349059521463
039521,3955,2050,441,0.54402384691817041
039521,3956,2050,211,0.5346131089343239
039521,3957,2050,236,0.53540001390143876
039521,3957,2050,242,0.52583626529433392
039521,3957,2050,247,0.54516701967004477
039521,3957,2050,254,0.52838847385272147
039521,3957,2050,256,0.55077913482943264
039521,3957,2050,258,0.55246026495588696
039521,3958,2050,367,0.54519739269462553
039521,3958,2050,392,0.54317094720165737
039521,3958,2050,398,0.52459652977723903
039521,3960,2050,364,0.53133220910623946
039521,3960,2050,371,0.54179984165615924
039521,3961,2050,208,0.54126022913256955
039521,3961,2050,211,0.56133820182094085
039521,3962,2050,301,0.53792465708183801
039521,3962,2050,307,0.54966732356441828
039521,3962,2050,310,0.5472006380898472
039521,3962,2050,314,0.54353364536355919
039521,3963,2050,203,0.55147254711549198
039521,3964,2050,153,0.5451371851648128
039521,3964,2050,156,0.54308955279829063
039521,3965,2050,286,0.54661913343257851
039521,3966,2050,478,0.55921398297663671
039521,3966,2050,487,0.54904681299775226
039521,3967,2050,242,0.53320906258991907
039521,3967,2050,264,0.54394503959012575
039521,3967,2050,266,0.53740045506257106
039521,3967,2050,267,0.51879020755101446
039521,3967,2050,272,0.56845595655725889
039521,3968,2050,487,0.56427562835357248
039521,3969,2050,269,0.54075526893158699
039521,3969,2050,277,0.54287525165908579
039521,3970,2050,202,0.52097327598704879
039521,3970,2050,206,0.54154073241020595
039521,3970,2050,212,0.55297858942065492
039521,3972,2050,455,0.55631405245787735
039521,3972,2050,481,0.54816173495535836
039521,3973,2050,159,0.54714937817317988
039521,3974,2050,200,0.54926537972625422
039521,3974,2050,217,0.55412770174026138
039521,3974,2050,223,0.53496453900709218
039521,3975,2050,187,0.53766659178038512
039521,3975,2050,191,0.53633193534706192
039521,3975,2050,195,0.54383558097999118
039521,3978,2050,278,0.55448653582838892
039521,3978,2050,289,0.54459116302691724
039521,3979,2050,223,0.54565408252853376
039521,3979,2050,225,0.54243521358208036
039521,3981,2050,293,0.54245808327661948
039521,3981,2050,295,0.54727311012844815
039521,3983,2050,161,0.539477866061294
039521,3983,2050,168,0.54745051884759477
039521,3984,2050,392,0.54608444055278482
039521,3985,2050,216,0.53410220719825019
039521,3985,2050,224,0.5424479248731604
039521,3987,2050,198,0.54640709738269277
039521,3987,2050,215,0.54630867428592944
039521,3987,2050,217,0.56730873870932641
039521,3987,2050,219,0.54077513120710541
039521,3989,2050,194,0.53492248022139688
039521,3990,2050,280,0.54753766950205163
039521,3991,2050,350,0.53575314971102461
039521,3991,2050,351,0.54605529332434255
039521,3992,2050,361,0.52055334854760094
039521,3993,2050,439,0.53772351387626094
039521,3994,2050,272,0.54267684700804497
039521,3994,2050,278,0.53883076728425816
039521,3994,2050,283,0.54852465192745703
039521,3994,2050,284,0.54370471718647972
039521,3995,2050,555,0.56828179424702785
039521,3995,2050,557,0.53450181485235926
039521,3995,2050,578,0.55974089556735585
039521,3996,2050,378,0.54133932224049697
039521,3996,2050,379,0.53291557339095541
039521,3997,2050,419,0.54655359323755026
039521,3997,2050,436,0.54897620365246269
039521,3997,2050,442,0.45811480745797795
039521,3998,2050,581,0.53305648624416024
039521,3998,2050,585,0.5437396520370219
039521,3998,2050,598,0.5378226577437859
039521,3999,2050,211,0.53560571233668974
039521,3999,2050,215,0.54596686049053467
039521,3999,2050,236,0.53198490027036682
039521,4000,2050,241,0.54870499830618091
039521,4000,2050,254,0.55912460792700314
039521,4000,2050,270,0.54196162921924695
039521,4001,2050,359,0.54181189480603409
039521,4002,2050,161,0.55012564475598469
039521,4002,2050,168,0.53609191048827443
039521,4003,2050,429,0.55156104762425506
039521,4003,2050,441,0.54444480477364121
039521,4003,2050,443,0.51064531496207266
039521,4004,2050,396,0.55063322572634721
039521,4005,2050,295,0.53537881687818378
039521,4006,2050,152,0.52818304938670602
039521,4006,2050,159,0.5355087747224323
039521,4006,2050,180,0.53501464569873491
039521,4007,2050,159,0.55065690036042325
039521,4007,2050,174,0.54792860290877043
039521,4008,2050,157,0.55251136389334898
039521,4008,2050,164,0.54198418807121995
039521,4009,2050,167,0.54343873913852581
039521,4009,2050,183,0.54402820142833663
039521,4009,2050,193,0.55337953480542068
039521,4010,2050,156,0.54146015677176706
039521,4010,2050,170,0.56331628459220018
039521,4011,2050,341,0.5426201246555763
039521,4012,2050,176,0.43387765833138586
039521,4013,2050,103,0.53954476790332073
039521,4014,2050,234,0.54035047840942185
039521,4014,2050,256,0.5418945164533947
039521,4014,2050,257,0.53788393463725104
039521,4015,2050,166,0.53714256695238338
039521,4016,2050,424,0.54470931002516221
039521,4017,2050,315,0.54838283246673125
039521,4017,2050,333,0.54898372106690396
039521,4017,2050,347,0.54283767899123747
039521,4018,2050,250,0.544075646468545
039521,4019,2050,137,0.54708618571177814
039521,4019,2050,143,0.54969521139615996
039521,4019,2050,144,0.56569713867164428
039521,4020,2050,339,0.50618880472935524
039521,4020,2050,342,0.5100270497155116
039521,4021,2050,385,0.53669752673390192
039521,4022,2050,341,0.54293773720381577
039521,4022,2050,350,0.55006307948014499
039521,4024,2050,184,0.53845456311937301
039521,4025,2050,138,0.54876191930579443
039521,4026,2050,395,0.54861819932595091
039521,4026,2050,416,0.53637950715101057
039521,4026,2050,417,0.55026962252846012
039521,4027,2050,209,0.5488591739586095
039521,4028,2050,215,0.55244334010993146
039521,4028,2050,216,0.53995773405281189
039521,4028,2050,219,0.54120306620619574
039521,4028,2050,223,0.54623536275933182
039521,4029,2050,471,0.54599916915071167
039521,4030,2050,135,0.56368094619933651
039521,4032,2050,177,0.57616066346857464
039521,4033,2050,482,0.53851769238568392
039521,4034,2050,165,0.56934002792396088
039521,4035,2050,227,0.54757014566235551
039521,4036,2050,220,0.53220855971785341
039521,4036,2050,223,0.55044799376704323
039521,4037,2050,139,0.52902493574122911
039521,4037,2050,147,0.54170815779394865
039521,4037,2050,159,0.52755548547325271
039521,4038,2050,376,0.52518264560630179
039521,4038,2050,393,0.52079849277080381
039521,4038,2050,403,0.55104315973881191
039521,4039,2050,256,0.53911813801599273
039521,4039,2050,268,0.53364331473444926
039521,4039,2050,279,0.54844563360133514
039521,4039,2050,280,0.54448597011073685
039521,4039,2050,281,0.55854693600407401
039521,4040,2050,529,0.54338138195717989
039521,4041,2050,492,0.55530152217189854
039521,4041,2050,520,0.53686787952602066
039521,4041,2050,525,0.55000080219480496
039521,4042,2050,449,0.51866373902133001
039521,4042,2050,458,0.54103328029251452
039521,4044,2050,131,0.53652964766542532
039521,4045,2050,147,0.55944359635731955
039521,4045,2050,148,0.54070811006278974
039521,4045,2050,149,0.53347757671125096
039521,4046,2050,385,0.54097334878331405
039521,4046,2050,386,0.54056871533035555
039521,4046,2050,387,0.54364564408685867
039521,4047,2050,400,0.5457923601734912
039521,4047,2050,419,0.53594227955845197
039521,4048,2050,310,0.53927826320464356
039521,4048,2050,311,0.53970384221002476
039521,4048,2050,316,0.57170301299963555
039521,4048,2050,318,0.55850093755618913
039521,4049,2050,179,0.5449647741400746
039521,4050,2050,164,0.54531780503888427
039521,4050,2050,169,0.54531897468493684
039521,4050,2050,185,0.57752772693011734
039521,4051,2050,344,0.5400306454702164
039521,4053,2050,37,0.54900465803361886
039521,4054,2050,406,0.52739611321056967
039521,4054,2050,411,0.5357046557612799
039521,4055,2050,342,0.54428907800269588
039521,4055,2050,343,0.54820835625089126
039521,4055,2050,352,0.54411941917213957
039521,4055,2050,360,0.54689461332751188
039521,4055,2050,363,0.54714974744597622
039521,4056,2050,453,0.54820731933865874
039521,4057,2050,199,0.55259354970332719
039521,4058,2050,376,0.54726004241325266
039521,4058,2050,388,0.54340044602977278
039521,4058,2050,391,0.54939319222517535
039521,4059,2050,262,0.54621233937563729
039521,4059,2050,267,0.53416871374065755
039521,4059,2050,285,0.55141710439764724
039521,4059,2050,295,0.56111038267743085
039521,4061,2050,345,0.55113614913189568
039521,4063,2050,124,0.56554192044242835
039521,4064,2050,296,0.54675939240241578
039521,4064,2050,299,0.55132091814638373
039521,4065,2050,498,0.52440998139961836
039521,4065,2050,505,0.53968027091212945
039521,4065,2050,515,0.55592392627493659
039521,4066,2050,179,0.53189967954659811
039521,4066,2050,198,0.54750505898030699
039521,4067,2050,190,0.5436220022159477
039521,4067,2050,205,0.54014922806481203
039521,4067,2050,224,0.55465171576602512
039521,4070,2050,415,0.55182881366763947
039521,4070,2050,421,0.54235518766773527
039521,4070,2050,425,0.53231681278102938
039521,4071,2050,478,0.54893892758788276
039521,4071,2050,480,0.54821584257068123
039521,4072,2050,207,0.53577201976814004
039521,4073,2050,136,0.54519247074783783
039521,4073,2050,142,0.54841786814205118
039521,4074,2050,355,0.52425254452926207
039521,4075,2050,479,0.55608415915454634
039521,4075,2050,498,0.56042225800679912
039521,4076,2050,341,0.54418858269367898
039521,4076,2050,344,0.5257276613067372
039521,4077,2050,150,0.52748565309316564
039521,4077,2050,170,0.53573684466255289
039521,4078,2050,409,0.53808758857442596
039521,4078,2050,421,0.54720748886338788
039521,4079,2050,405,0.55401419351070358
039521,4080,2050,432,0.54071250359405287
039521,4080,2050,442,0.52709242364141218
039521,4080,2050,449,0.54451102382522432
039521,4080,2050,460,0.5506824146981627
039521,4083,2050,172,0.535596962679735
039521,4083,2050,183,0.54408293746825609
039521,4084,2050,166,0.53766245119179434
039521,4085,2050,266,0.5601050161993073
039521,4085,2050,270,0.51907891469531675
039521,4085,2050,292,0.55308943917931996
039521,4085,2050,293,0.54493654493654498
039521,4085,2050,296,0.57243992118146547
039521,4086,2050,551,0.53475935828877008
039521,4087,2050,381,0.55589115176619497
039521,4088,2050,261,0.54915122442095154
039521,4088,2050,269,0.53152785470658548
039521,4089,2050,494,0.54189747276135702
039521,4089,2050,502,0.54990602833296287
039521,4089,2050,503,0.54934983255298908
039521,4089,2050,504,0.54943301510465692
039521,4089,2050,513,0.54609429005944976
039521,4090,2050,145,0.53629303925392713
039521,4090,2050,153,0.53830830962616127
039521,4091,2050,275,0.54256489580723521
039521,4091,2050,276,0.53237748266541307
039521,4091,2050,280,0.54504918961002191
039521,4093,2050,120,0.52208092238253634
039521,4093,2050,122,0.5365357570404119
039521,4093,2050,130,0.54693098534201956
039521,4094,2050,188,0.53485865531543331
039521,4094,2050,203,0.54525928931102785
039521,4095,2050,156,0.59320594479830147
039521,4096,2050,479,0.53974286786786785
039521,4096,2050,484,0.54746278703321249
039521,4097,2050,104,0.53039551801990137
039521,4098,2050,231,0.54456741924058094
039521,4099,2050,163,0.53791113937852075
039521,4099,2050,172,0.53504502057785108
039521,4100,2050,477,0.52431999049768385
039521,4100,2050,484,0.53980385657743379
039521,4100,2050,489,0.54216029605344862
039521,4100,2050,510,0.54506673488120139
039521,4101,2050,77,0.53492473772236582
039521,4103,2050,240,0.53845898115005708
039521,4103,2050,253,0.53862673745749567
039521,4104,2050,185,0.54720772042507526
039521,4105,2050,358,0.5570737371782466
039521,4106,2050,243,0.53288021696880528
039521,4107,2050,419,0.56073382684261341
039521,4108,2050,171,0.54565217391304344
039521,4108,2050,176,0.55213134775243278
039521,4108,2050,178,0.54366866247711421
039521,4108,2050,192,0.53846233513367958
039521,4108,2050,196,0.54651481888035125
039521,4109,2050,79,0.55239858951267151
039521,4111,2050,479,0.55837905286299983
039521,4112,2050,71,0.54871999900048729
039521,4113,2050,217,0.55781717607147874
039521,4113,2050,219,0.53749941001557555
039521,4113,2050,241,0.5281113369049818
039521,4113,2050,242,0.54190322350761333
039521,4114,2050,337,0.54023546093997799
039521,4114,2050,339,0.54461771332019149
039521,4115,2050,376,0.57456140350877194
039521,4116,2050,210,0.52425452712396758
039521,4117,2050,107,0.54662245187308989
039521,4117,2050,109,0.57110622079765261
039521,4117,2050,119,0.54868519743400668
039521,4117,2050,120,0.53958544817234533
039521,4117,2050,131,0.55022177600623368
039521,4118,2050,447,0.53775365738555925
039521,4119,2050,386,0.55507032955872648
039521,4119,2050,397,0.54560342785336868
039521,4120,2050,504,0.54815864022662886
039521,4120,2050,527,0.54760934067178546
039521,4120,2050,537,0.5476842098760093
039521,4121,2050,132,0.53881198528123353
039521,4122,2050,168,0.53446659850034084
039521,4122,2050,171,0.53610878845222898
039521,4123,2050,282,0.50230946882217087
039521,4123,2050,299,0.5632332793623116
039521,4123,2050,301,0.54409514231996847
039521,4124,2050,140,0.54162331667716834
039521,4124,2050,150,0.38041754907589415
039521,4124,2050,164,0.53934733997393192
039521,4125,2050,196,0.54317937701396346
039521,4125,2050,208,0.54543432321210095
039521,4125,2050,209,0.56898349692946881
039521,4126,2050,394,0.54004330821009516
039521,4126,2050,409,0.53667899323105273
039521,4126,2050,410,0.53788645373269361
039521,4132,2050,158,0.53092417257390245
039521,4132,2050,166,0.54031068474755595
039521,4133,2050,362,0.54534605028258065
039521,4133,2050,378,0.54861380004646476
039521,4134,2050,411,0.53259484084114983
039521,4135,2050,325,0.54109262714892603
039521,4136,2050,462,0.55070326270729164
039521,4137,2050,123,0.52760345611641657
039521,4137,2050,146,0.54035098372601409
039521,4137,2050,148,0.56357966947302773
039521,4137,2050,154,0.52278153315115783
039521,4138,2050,124,0.53813002964845402
039521,4138,2050,144,0.55065370000644043
039521,4139,2050,145,0.57717665728918699
039521,4139,2050,152,0.53677087533098689
039521,4139,2050,153,0.54036472812187253
039521,4140,2050,336,0.54050750631061517
039521,4140,2050,353,0.5556246921262088
039521,4143,2050,450,0.53960027463374927
039521,4143,2050,452,0.55365137101287076
039521,4143,2050,456,0.55508282977761336
039521,4143,2050,459,0.55143766021186569
039521,4144,2050,201,0.54864324121545582
039521,4144,2050,203,0.56799535121822986
039521,4144,2050,204,0.54248484958779963
039521,4145,2050,242,0.52977553376778408
039521,4145,2050,263,0.54590660646387834
039521,4145,2050,267,0.54715839221627294
039521,4145,2050,269,0.54643465362852273
039521,4145,2050,270,0.54968836565096957
039521,4146,2050,113,0.52852825256795111
039521,4147,2050,100,0.5469338362609989
039521,4147,2050,110,0.54834058686887566
039521,4147,2050,116,0.5521681368748973
039521,4147,2050,121,0.54778756130182793
039521,4148,2050,349,0.54395249774106103
039521,4150,2050,406,0.54911660777385163
039521,4150,2050,408,0.55108047153665285
039521,4150,2050,425,0.54624749209371914
039521,4151,2050,220,0.5495445125314965
039521,4151,2050,232,0.5353400606751727
039521,4151,2050,238,0.55272433688439049
039521,4151,2050,240,0.54170076287516833
039521,4151,2050,254,0.53568701848552858
039521,4152,2050,508,0.53941259246438755
039521,4152,2050,527,0.54757830000973973
039521,4153,2050,73,0.54434760399706283
039521,4153,2050,81,0.55033219052046412
039521,4154,2050,255,0.5321100917431193
039521,4154,2050,258,0.53971115596402186
039521,4154,2050,270,0.53126203620490431
039521,4154,2050,272,0.54610355954590295
039521,4155,2050,167,0.54470918186871498
039521,4155,2050,169,0.525740879534912
039521,4156,2050,472,0.54653339679517687
039521,4156,2050,480,0.54449333420897095
039521,4156,2050,482,0.53646825699260725
039521,4157,2050,391,0.54127375598433192
039521,4158,2050,242,0.54442932796635901
039521,4158,2050,245,0.5505162597703368
039521,4159,2050,112,0.53420667098224928
039521,4159,2050,132,0.54725611344384595
039521,4160,2050,405,0.53688337144723941
039521,4161,2050,371,0.5540746745505698
039521,4162,2050,523,0.54536553524804177
039521,4162,2050,528,0.5524873275963692
039521,4162,2050,544,0.54964382186312244
039521,4162,2050,549,0.53541347806082684
039521,4162,2050,553,0.52676059168743472
039521,4163,2050,251,0.54746160053093207
039521,4165,2050,232,0.5493538324420677
039521,4165,2050,256,0.54417145108634468
039521,4166,2050,501,0.54185918254795029
039521,4166,2050,533,0.52121529596647465
039521,4166,2050,535,0.54018656769885509
039521,4167,2050,277,0.55056830141022939
039521,4168,2050,502,0.52896942242355605
039521,4168,2050,524,0.53917035895460086
039521,4168,2050,526,0.55418678208756456
039521,4168,2050,527,0.55893220722419124
039521,4169,2050,156,0.5419090045221423
039521,4169,2050,177,0.56100962208896943
039521,4169,2050,182,0.54750252120780685
039521,4170,2050,260,0.56934077303968667
039521,4170,2050,267,0.530887648897859
039521,4170,2050,287,0.54014502039031431
039521,4171,2050,212,0.54085783041570334
039521,4171,2050,221,0.54445867509605694
039521,4171,2050,223,0.54681225197823347
039521,4172,2050,127,0.53851980343842487
039521,4172,2050,137,0.54318763896315891
039521,4172,2050,144,0.53840914707282816
039521,4173,2050,296,0.54802010322057204
039521,4173,2050,319,0.54239582096640149
039521,4174,2050,381,0.54356318570295314
039521,4174,2050,398,0.53514664378022414
039521,4175,2050,500,0.53333938403824044
039521,4175,2050,506,0.53664710675660687
039521,4175,2050,509,0.55773903292126137
039521,4175,2050,529,0.5420698067699814
039521,4176,2050,309,0.54345076212763266
039521,4176,2050,315,0.54298487353787739
039521,4177,2050,384,0.53645678674312691
039521,4177,2050,386,0.54363808274158687
039521,4178,2050,431,0.54184182765733002
039521,4179,2050,483,0.55514363665543254
039521,4180,2050,279,0.54831166772352569
039521,4180,2050,282,0.548549614932197
039521,4180,2050,283,0.54918263810597523
039521,4180,2050,287,0.54018372658175484
039521,4181,2050,138,0.52526818076420845
039521,4181,2050,158,0.5466238690019305
039521,4181,2050,160,0.54443578958300876
039521,4181,2050,168,0.5376637513886714
039521,4182,2050,223,0.54484403584744001
039521,4182,2050,226,0.53770472133901259
039521,4182,2050,243,0.551507164600193
039521,4183,2050,391,0.5525100591396398
039521,4183,2050,399,0.54630391477567986
039521,4183,2050,401,0.54575117248760618
039521,4184,2050,518,0.53743551025544234
039521,4184,2050,520,0.54168213723722136
039521,4184,2050,545,0.53709232116001882
039521,4185,2050,523,0.5237756038876753
039521,4186,2050,169,0.5412954164049113
039521,4187,2050,345,0.56164584325651268
039521,4187,2050,348,0.53273969105068297
039521,4187,2050,349,0.55067176795088535
039521,4187,2050,358,0.54551401563471036
039521,4187,2050,379,0.54970433775792915
039521,4190,2050,199,0.55336211407639979
039521,4191,2050,442,0.53535630169250148
039521,4192,2050,225,0.55796638395104758
039521,4192,2050,239,0.55646282140375258
039521,4192,2050,244,0.54374465817895234
039521,4194,2050,498,0.5419582301647109
039521,4194,2050,528,0.52889681898017782
039521,4195,2050,279,0.55861016714057843
039521,4195,2050,286,0.53692848769050405
039521,4195,2050,287,0.5422190391277022
039521,4195,2050,289,0.54490727469183442
039521,4195,2050,291,0.53097129319955405
039521,4195,2050,297,0.54934248361001414
039521,4196,2050,212,0.5375809353792097
039521,4197,2050,219,0.54077537252892705
039521,4198,2050,354,0.5369243030590789
039521,4199,2050,305,0.54257507198683674
039521,4199,2050,314,0.54256654459814435
039521,4199,2050,318,0.53605669028761982
039521,4199,2050,331,0.55376406449367821
039521,4200,2050,477,0.53413812348843459
039521,4201,2050,252,0.54745686590066989
039521,4201,2050,253,0.53529903877345442
039521,4202,2050,574,0.53886117346157181
039521,4202,2050,587,0.53608182134827898
039521,4202,2050,592,0.55878064510098979
039521,4203,2050,453,0.53802369652064053
039521,4203,2050,455,0.54482306123322255
039521,4204,2050,481,0.53245380049503765
039521,4204,2050,518,0.54835452868653534
039521,4205,2050,44,0.54286662457708057
039521,4205,2050,46,0.55318497586247495
039521,4205,2050,56,0.54823867622178513
039521,4205,2050,65,0.54222800110761971
039521,4206,2050,447,0.55551801040751503
039521,4206,2050,448,0.52039698193544348
039521,4206,2050,459,0.56140007821666016
039521,4206,2050,468,0.53627127589391743
039521,4207,2050,142,0.54753173483779971
039521,4209,2050,483,0.5414765582899228
039521,4209,2050,490,0.54375541278121287
039521,4209,2050,501,0.52863980237764396
039521,4210,2050,497,0.54883179236089652
039521,4210,2050,500,0.55063274692721464
039521,4212,2050,355,0.52484923604986533
039521,4212,2050,363,0.5437185433731373
039521,4213,2050,474,0.54147107644528536
039521,4217,2050,493,0.54354975537762484
039521,4217,2050,503,0.56690064627848724
039521,4217,2050,512,0.5855712890625
039521,4217,2050,516,0.50083313496786475
039521,4217,2050,522,0.5384046870380822
039521,4218,2050,289,0.53991330045904762
039521,4219,2050,581,0.54079821023572761
039521,4219,2050,606,0.53768295924804688
039521,4220,2050,180,0.55782219788243881
039521,4221,2050,460,0.54837396719443199
039521,4222,2050,140,0.54377340095626292
039521,4222,2050,144,0.5396787310888288
039521,4222,2050,162,0.53717304287857348
039521,4224,2050,406,0.54293752511945692
039521,4226,2050,370,0.54335151792778913
039521,4226,2050,377,0.55037982063549218
039521,4227,2050,288,0.54927293064876959
039521,4227,2050,292,0.54282599390015518
039521,4227,2050,309,0.55660084046255531
039521,4229,2050,407,0.54076458752515089
039521,4231,2050,156,0.53552289755399651
039521,4231,2050,168,0.52404344016356441
039521,4231,2050,171,0.53253723332886083
039521,4232,2050,216,0.53667364004679652
039521,4232,2050,224,0.53700381848858891
039521,4232,2050,228,0.55246462626884041
039521,4232,2050,235,0.54300944062680623
039521,4233,2050,430,0.54159889631135638
039521,4234,2050,324,0.55242939649234357
039521,4234,2050,344,0.54409210780214834
039521,4235,2050,344,0.55397843421812332
039521,4236,2050,71,0.53894913092010843
039521,4238,2050,512,0.55990709226382118
039521,4240,2050,302,0.50887702078521935
039521,4240,2050,342,0.54785991655156951
039521,4241,2050,413,0.54070064436338872
039521,4243,2050,271,0.54426496513494882
039521,4244,2050,210,0.54167145979523756
039521,4244,2050,215,0.53780803351404638
039521,4245,2050,192,0.53581555754247034
039521,4245,2050,222,0.54831816877891626
039521,4246,2050,487,0.53793509938111927
039521,4247,2050,272,0.54351790772573827
039521,4247,2050,291,0.52743549560069247
039521,4247,2050,292,0.54027254208714792
039521,4247,2050,295,0.55840216655382535
039521,4247,2050,304,0.5381978939002583
039521,4248,2050,131,0.54723447190112118
039521,4248,2050,139,0.54394951688445325
039521,4249,2050,122,0.53062280622806224
039521,4249,2050,123,0.53967510014945042
039521,4249,2050,145,0.56886302641149766
039521,4249,2050,147,0.55292877477574265
039521,4249,2050,152,0.54164919861975558
039521,4250,2050,531,0.54037585220247975
039521,4250,2050,547,0.5536429411146262
039521,4251,2050,469,0.53677293349337785
039521,4251,2050,477,0.5348832350134769
039521,4252,2050,307,0.54048634768642134
039521,4252,2050,309,0.52569006986599476
039521,4252,2050,315,0.5534987463775195
039521,4254,2050,404,0.5315446160118229
039521,4254,2050,419,0.54572723636848419
039521,4254,2050,432,0.49704417613127438
039521,4255,2050,176,0.54538595933926304
039521,4255,2050,184,0.52880978501137987
039521,4257,2050,23,0.54087966925014763
039521,4259,2050,284,0.54341385324827374
039521,4259,2050,307,0.54339416127266893
039521,4260,2050,492,0.56848361734943387
039521,4261,2050,226,0.54692936986132634
039521,4261,2050,238,0.54085820374661497
039521,4263,2050,157,0.54578707289783979
039521,4263,2050,164,0.55592100183752569
039521,4264,2050,342,0.53546877007026672
039521,4264,2050,354,0.54112279193371893
039521,4265,2050,449,0.53082438107612706
039521,4265,2050,451,0.54827113251623649
039521,4266,2050,321,0.53938682422679418
039521,4267,2050,258,0.5492492098862527
039521,4267,2050,267,0.566853038101233
039521,4268,2050,317,0.52841869423371723
039521,4269,2050,495,0.55850548964296576
039521,4269,2050,505,0.56585063033235705
039521,4270,2050,248,0.5542651493045424
039521,4271,2050,360,0.55135536372133942
039521,4273,2050,228,0.54233773472013902
039521,4273,2050,240,0.53987023859355376
039521,4273,2050,241,0.53734899532568448
039521,4274,2050,356,0.55082129183648265
039521,4274,2050,369,0.53703219052604034
039521,4275,2050,225,0.53537320775578312
039521,4275,2050,247,0.53480251986562677
039521,4275,2050,260,0.54452522065407416
039521,4277,2050,472,0.53488343603376254
039521,4277,2050,481,0.54821598683640771
039521,4277,2050,484,0.53049742710120074
039521,4277,2050,497,0.54536691167610551
039521,4278,2050,231,0.55215364834458369
039521,4279,2050,185,0.55221640535152106
039521,4279,2050,190,0.55364777204016546
039521,4279,2050,191,0.55181067156224095
039521,4279,2050,195,0.5357931326036921
039521,4279,2050,203,0.54391829535899594
039521,4280,2050,205,0.55860876249039204
039521,4280,2050,209,0.55093666062122637
039521,4284,2050,285,0.54594524959742352
039521,4284,2050,290,0.54131247022242279
039521,4284,2050,293,0.54246679827709976
039521,4285,2050,454,0.55255123876551426
039521,4285,2050,477,0.55030904400684499
039521,4286,2050,407,0.54417540329124603
039521,4286,2050,411,0.54623153506092081
039521,4286,2050,419,0.53870732039580416
039521,4287,2050,545,0.56892426729787859
039521,4288,2050,60,0.54491596260860586
039521,4288,2050,64,0.5426506999333397
039521,4289,2050,159,0.54826859496142766
039521,4290,2050,188,0.54573086983004693
039521,4290,2050,194,0.54297740249461657
039521,4291,2050,68,0.53677056926244626
039521,4292,2050,221,0.5103000191094974
039521,4292,2050,231,0.53921481481481481
039521,4292,2050,237,0.55872721817066962
039521,4293,2050,327,0.56043666105999146
039521,4294,2050,245,0.55801933116245417
039521,4294,2050,249,0.53005645180338712
039521,4295,2050,96,0.56071471982496657
039521,4295,2050,100,0.52932163672414834
039521,4295,2050,103,0.53763825750796435
039521,4295,2050,108,0.51717424558475877
039521,4296,2050,125,0.5404957040631887
039521,4297,2050,375,0.53530460076201403
039521,4297,2050,396,0.54089647895580129
039521,4297,2050,400,0.52802856204858828
039521,4298,2050,401,0.54559237812035366
039521,4298,2050,404,0.54775865330054851
039521,4298,2050,409,0.52932756730417829
039521,4298,2050,416,0.53851203366850509
039521,4298,2050,429,0.53583511741672119
039521,4300,2050,310,0.52981052397621831
039521,4301,2050,243,0.5623683349689238
039521,4301,2050,248,0.54846327833954234
039521,4302,2050,151,0.54772575446060845
039521,4302,2050,153,0.5383528494632388
039521,4302,2050,173,0.54843022851983048
039521,4302,2050,190,0.54159363912281455
039521,4304,2050,112,0.56026363147685043
039521,4304,2050,142,0.55578570946629779
039521,4305,2050,233,0.52915151780629899
039521,4306,2050,437,0.54282905042829055
039521,4309,2050,77,0.53087235485385409
039521,4310,2050,439,0.53888311830308333
039521,4310,2050,447,0.54203843693972342
039521,4310,2050,456,0.53439782442733597
039521,4311,2050,159,0.55867075119872134
039521,4311,2050,160,0.54031308065044992
039521,4311,2050,172,0.53946267546713766
039521,4312,2050,139,0.53599958109578361
039521,4312,2050,140,0.54652630328586915
039521,4313,2050,124,0.54932389298357609
039521,4314,2050,187,0.52928024571467291
039521,4315,2050,233,0.55501843207708623
039521,4315,2050,253,0.55593987392920641
039521,4316,2050,419,0.53622312935132133
039521,4316,2050,426,0.54123125435412311
039521,4316,2050,433,0.5505804071890934
039521,4316,2050,436,0.53965014577259474
039521,4316,2050,445,0.54257642776059811
039521,4316,2050,452,0.53566291870573235
039521,4317,2050,210,0.53888765339748901
039521,4317,2050,225,0.54460119419754094
039521,4318,2050,113,0.5382889403590041
039521,4320,2050,304,0.54062156695653962
039521,4320,2050,311,0.54056700661587331
039521,4321,2050,151,0.54473378284119978
039521,4321,2050,154,0.54174000556733259
039521,4321,2050,162,0.5482489085019483
039521,4322,2050,534,0.52279250530369203
039521,4323,2050,238,0.54761813366089596
039521,4323,2050,243,0.53075392233998242
039521,4323,2050,263,0.53975981022042108
039521,4323,2050,266,0.53793931798005112
039521,4323,2050,269,0.54359786669506338
039521,4324,2050,366,0.54953683683455856
039521,4324,2050,384,0.53855969077503774
039521,4324,2050,389,0.54136857715561493
039521,4327,2050,392,0.43554076761292188
039521,4327,2050,397,0.53008216273522391
039521,4327,2050,418,0.55958960781069
039521,4327,2050,424,0.54067652295069279
039521,4327,2050,428,0.57127733667641734
039521,4330,2050,290,0.55719532992260268
039521,4330,2050,295,0.54058846783757841
039521,4332,2050,471,0.54494935914672404
039521,4332,2050,489,0.5539028961847754
039521,4333,2050,425,0.52394815276911344
039521,4334,2050,137,0.53150915677294941
039521,4335,2050,189,0.53941041574197368
039521,4335,2050,197,0.55455144153373337
039521,4336,2050,530,0.53951759888276085
039521,4336,2050,532,0.53692634014654839
039521,4337,2050,63,0.53540763758279497
039521,4338,2050,494,0.54157049611595065
039521,4338,2050,503,0.55363272311212819
039521,4338,2050,510,0.54644792613669901
039521,4340,2050,432,0.57439737408965019
039521,4341,2050,330,0.53379238366765092
039521,4342,2050,505,0.5394331639167772
039521,4342,2050,511,0.55304518664047153
039521,4343,2050,109,0.54713345110004818
039521,4344,2050,208,0.51796839542847717
039521,4344,2050,217,0.52827018517341917
039521,4344,2050,219,0.54893798163299801
039521,4345,2050,317,0.54103587370050077
039521,4345,2050,334,0.56301090909090912
039521,4346,2050,406,0.5225399992609836
039521,4347,2050,182,0.54579730452257602
039521,4347,2050,204,0.54293730311515576
039521,4350,2050,337,0.54195188734598088
039521,4350,2050,342,0.54189163437718346
039521,4350,2050,356,0.53717470034870551
039521,4351,2050,199,0.54367799687996732
039521,4351,2050,211,0.54003823751722912
039521,4351,2050,217,0.54069216481558702
039521,4352,2050,426,0.5471249411078456
039521,4352,2050,434,0.54682385433715219
039521,4354,2050,422,0.55456226451819202
039521,4354,2050,431,0.53938772896118869
039521,4356,2050,200,0.54899242663622372
039521,4356,2050,222,0.54290743515514761
039521,4356,2050,232,0.55072885943511873
039521,4356,2050,233,0.55536212510977612
039521,4358,2050,362,0.53696157379884346
039521,4358,2050,382,0.54160158129687075
039521,4358,2050,393,0.53474171610476051
039521,4359,2050,126,0.53355731190624478
039521,4359,2050,143,0.54662412563659279
039521,4360,2050,440,0.54923687777104291
039521,4361,2050,435,0.50240449672114085
039521,4361,2050,457,0.54661016949152541
039521,4361,2050,470,0.5384957039805186
039521,4362,2050,171,0.5370827854086061
039521,4362,2050,185,0.54699988742541938
039521,4364,2050,180,0.53532499261685507
039521,4364,2050,201,0.55559440559440565
039521,4364,2050,211,0.54225342125788845
039521,4364,2050,218,0.557104806489366
039521,4366,2050,203,0.47621427282444234
039521,4366,2050,207,0.54735126972141634
039521,4366,2050,217,0.54645981410606892
039521,4367,2050,116,0.54294084647509822
039521,4367,2050,118,0.52732434350603263
039521,4369,2050,127,0.53331136540650648
039521,4369,2050,132,0.56062937805136914
039521,4369,2050,144,0.53944075924257728
039521,4369,2050,152,0.5283276297837125
039521,4370,2050,235,0.51713374499558928
039521,4371,2050,220,0.5464091827704175
039521,4372,2050,105,0.54121186901827723
039521,4372,2050,115,0.54155139023378063
039521,4373,2050,81,0.53630450202991287
039521,4373,2050,83,0.54739547568129643
039521,4374,2050,190,0.55247278945118539
039521,4375,2050,111,0.54252681599834718
039521,4376,2050,190,0.52863456617818094
039521,4378,2050,209,0.54120498879738177
039521,4379,2050,446,0.55650362139101106
039521,4380,2050,470,0.54395355102156562
039521,4380,2050,476,0.54740924939859992
039521,4380,2050,487,0.53536562322856962
039521,4381,2050,295,0.54665991643382639
039521,4382,2050,204,0.53829500765222105
039521,4382,2050,206,0.54425568080992981
039521,4384,2050,260,0.55132554340997608
039521,4384,2050,261,0.53929912537815916
039521,4385,2050,53,0.55348172350418623
039521,4385,2050,59,0.54669485299629683
039521,4385,2050,60,0.54433287359971427
039521,4385,2050,71,0.54518298796791442
039521,4386,2050,536,0.54998654505688294
039521,4386,2050,568,0.55081942844401499
039521,4387,2050,216,0.54175208418750853
039521,4389,2050,518,0.5492702820354205
039521,4389,2050,550,0.54231762824455654
039521,4390,2050,382,0.54222846979172645
039521,4390,2050,386,0.51948107128188425
039521,4390,2050,399,0.54332384720390547
039521,4391,2050,130,0.56551274501556326
039521,4391,2050,135,0.57312825329732686
039521,4391,2050,138,0.54434152913438871
039521,4391,2050,158,0.53026379830623971
039521,4391,2050,160,0.55427185078961372
039521,4392,2050,456,0.54076569645334926
039521,4392,2050,459,0.53045597604974282
039521,4392,2050,464,0.55060219672665978
039521,4393,2050,96,0.53530994690780387
039521,4395,2050,141,0.54682560840918615
039521,4396,2050,187,0.54157839586323153
039521,4396,2050,206,0.53463524787254058
039521,4397,2050,446,0.55247113278916982
039521,4398,2050,234,0.54383962219893978
039521,4399,2050,201,0.55156757473321405
039521,4400,2050,377,0.53611345423871781
039521,4401,2050,153,0.54664019948815534
039521,4401,2050,166,0.54490635460050596
039521,4401,2050,172,0.54313847613963284
039521,4401,2050,173,0.56103910645802424
039521,4401,2050,183,0.54631991775501654
039521,4402,2050,191,0.5433859489852696
039521,4402,2050,199,0.54991247379848684
039521,4403,2050,116,0.53430773409384125
039521,4403,2050,118,0.53667889642020605
039521,4403,2050,144,0.54267081567796616
039521,4403,2050,159,0.54486346858052825
039521,4404,2050,236,0.53327376491612377
039521,4404,2050,238,0.54252774696877093
039521,4404,2050,242,0.54013104013104019
039521,4404,2050,252,0.538816519656522
039521,4405,2050,448,0.55913607762495232
039521,4405,2050,456,0.53882157259039354
039521,4405,2050,458,0.54217175830056541
039521,4406,2050,299,0.52171715390673667
039521,4406,2050,302,0.54878026760080167
039521,4406,2050,304,0.54270067700955849
039521,4406,2050,307,0.5381814330867738
039521,4407,2050,329,0.56070035434594889
039521,4407,2050,347,0.54576988449131081
039521,4408,2050,163,0.54970725080250549
039521,4408,2050,190,0.56877117765023166
039521,4409,2050,194,0.54778688127211905
039521,4409,2050,205,0.53840850330364842
039521,4410,2050,333,0.54978821322311622
039521,4410,2050,349,0.55535962877030165
039521,4411,2050,293,0.53983599401926097
039521,4411,2050,295,0.54340532873559311
039521,4412,2050,370,0.53418930041152268
039521,4412,2050,387,0.54952181383015697
039521,4412,2050,399,0.55235170074264239
039521,4413,2050,403,0.5297259556641648
039521,4413,2050,406,0.54357782564335111
039521,4414,2050,522,0.545628612716763
039521,4414,2050,551,0.55283445910103612
039521,4416,2050,75,0.5512003227758725
039521,4416,2050,104,0.54743297400846958
039521,4417,2050,118,0.5501547898041258
039521,4419,2050,118,0.53798959331072516
039521,4419,2050,132,0.552854726195247
039521,4420,2050,237,0.55203065557612774
039521,4420,2050,240,0.53572361081440334
039521,4420,2050,250,0.53398821218074655
039521,4423,2050,172,0.55440705973350213
039521,4423,2050,190,0.55422028353326058
039521,4424,2050,139,0.5391810281337458
039521,4424,2050,150,0.55059158599584901
039521,4424,2050,153,0.55021595591520622
039521,4426,2050,313,0.50989866451915977
039521,4426,2050,329,0.5374760835205058
039521,4426,2050,356,0.52901445367138378
039521,4427,2050,288,0.55021193348549069
039521,4430,2050,316,0.54679985761998162
039521,4431,2050,395,0.533946242737662
039521,4431,2050,411,0.54098712446351926
039521,4432,2050,176,0.54767198708277087
039521,4433,2050,382,0.54388872874027094
039521,4434,2050,253,0.56135458167330676
039521,4435,2050,436,0.54637796055891386
039521,4435,2050,458,0.5301931151830066
039521,4436,2050,413,0.55559483131063192
039521,4437,2050,388,0.54886871352932753
039521,4437,2050,409,0.54421862758652473
039521,4438,2050,153,0.53359432864247169
039521,4438,2050,179,0.54792663011781173
039521,4439,2050,141,0.53775463782035082
039521,4439,2050,148,0.56755081447311517
039521,4440,2050,125,0.53745770477935995
039521,4441,2050,75,0.53694581280788178
039521,4441,2050,79,0.5476711917509266
039521,4442,2050,425,0.54656045716264778
039521,4442,2050,433,0.54842076352650371
039521,4442,2050,443,0.53525109779184765
039521,4442,2050,451,0.54666220671859322
039521,4443,2050,144,0.54020450290432531
039521,4444,2050,366,0.52967989814941119
039521,4444,2050,391,0.54818028885606429
039521,4445,2050,372,0.54318670239579736
039521,4445,2050,380,0.53309787806194431
039521,4446,2050,179,0.54289565920733351
039521,4446,2050,183,0.54594944101451692
039521,4446,2050,184,0.55437070639492192
039521,4446,2050,185,0.54783444606855503
039521,4447,2050,109,0.54435396308360473
039521,4447,2050,125,0.54261653082017325
039521,4448,2050,560,0.54669167531327323
039521,4448,2050,566,0.54862156795687833
039521,4448,2050,581,0.56108383127255512
039521,4448,2050,584,0.54186937465510565
039521,4449,2050,227,0.552938745143424
039521,4450,2050,106,0.53936872553264625
039521,4450,2050,135,0.53693723145899497
039521,4451,2050,101,0.52830264695217755
039521,4452,2050,359,0.54898701548987017
039521,4452,2050,369,0.54184772105259882
039521,4452,2050,370,0.54903091265947002
039521,4453,2050,389,0.5501238789318883
039521,4454,2050,511,0.53827058752587886
039521,4454,2050,527,0.54875372315409943
039521,4455,2050,365,0.53021010048283956
039521,4455,2050,375,0.54932450039086778
039521,4455,2050,377,0.52649457664172206
039521,4456,2050,212,0.53948204382706078
039521,4458,2050,122,0.54714911156452817
039521,4459,2050,114,0.54302682721317719
039521,4459,2050,123,0.53026068434106977
039521,4459,2050,124,0.55047821466524971
039521,4461,2050,191,0.5319574546832454
039521,4463,2050,220,0.56036758236386741
039521,4463,2050,226,0.5565288713910761
039521,4463,2050,256,0.54032966573233487
039521,4465,2050,279,0.53337653920933248
039521,4466,2050,190,0.54473549566778223
039521,4466,2050,206,0.53861603067372654
039521,4467,2050,448,0.54198663799723545
039521,4468,2050,167,0.55520274299344063
039521,4469,2050,231,0.54327626220606906
039521,4469,2050,255,0.5011930123561994
039521,4470,2050,182,0.53965068795173798
039521,4470,2050,191,0.54304180131345769
039521,4470,2050,203,0.54990692864529478
039521,4471,2050,158,0.54998290832022967
039521,4471,2050,179,0.54743669777852211
039521,4472,2050,252,0.54512391102089153
039521,4472,2050,268,0.54151269242910993
039521,4473,2050,129,0.55378570420215523
039521,4473,2050,130,0.53009465976067149
039521,4474,2050,388,0.5581000656242221
039521,4474,2050,405,0.55206265890264905
039521,4474,2050,410,0.54834297738032611
039521,4475,2050,429,0.54608243647824928
039521,4478,2050,202,0.5417571585417652
039521,4478,2050,212,0.53912907861463566
039521,4478,2050,220,0.53596258768511307
039521,4479,2050,484,0.54075289043861263
039521,4479,2050,494,0.54305274322630415
039521,4480,2050,386,0.52888436237352654
039521,4480,2050,394,0.53011886898752181
039521,4481,2050,541,0.51837860675497671
039521,4483,2050,134,0.53501603515856988
039521,4483,2050,141,0.5407322156210147
039521,4484,2050,280,0.55496681465648545
039521,4484,2050,300,0.53612256616380438
039521,4485,2050,186,0.53737941591775873
039521,4485,2050,201,0.53851232217185829
039521,4485,2050,224,0.54102784436102691
039521,4488,2050,250,0.55110327005267867
039521,4488,2050,261,0.55287555906340435
039521,4489,2050,420,0.53590684671160904
039521,4489,2050,429,0.55308557306878248
039521,4490,2050,144,0.5291461312486343
039521,4490,2050,166,0.53810805336111356
039521,4491,2050,288,0.54931175225420137
039521,4492,2050,438,0.53472610042138402
039521,4494,2050,484,0.54772995466120111
039521,4495,2050,166,0.51526265095947243
039521,4496,2050,311,0.53500137715089224
039521,4497,2050,25,0.53928964152188252
039521,4497,2050,31,0.5527186396929582
039521,4497,2050,33,0.53540654934283805
039521,4497,2050,45,0.53763855759786727
039521,4498,2050,153,0.54065042860015977
039521,4498,2050,170,0.5545788171033541
039521,4499,2050,238,0.53063652587745391
039521,4499,2050,251,0.54834385797688545
039521,4499,2050,265,0.5391426134310735
039521,4500,2050,390,0.54606098287609128
039521,4500,2050,409,0.54645182255190883
039521,4501,2050,302,0.54585637437460033
039521,4501,2050,307,0.55826516882420907
039521,4501,2050,329,0.5402727998940583
039521,4501,2050,335,0.53776359426819353
039521,4502,2050,134,0.54401262615122958
039521,4502,2050,144,0.5435942197652992
039521,4502,2050,169,0.55204788453648057
039521,4503,2050,191,0.54246177218534297
039521,4505,2050,125,0.54936937294252963
039521,4505,2050,144,0.53666635267520724
039521,4506,2050,196,0.53142445524941473
039521,4506,2050,205,0.54805798598779587
039521,4506,2050,228,0.57227772859491588
039521,4507,2050,362,0.54357062523430666
039521,4507,2050,380,0.52436834826988166
039521,4508,2050,385,0.54848542579538961
039521,4508,2050,401,0.55117852790520261
039521,4509,2050,292,0.54183072962627121
039521,4510,2050,275,0.55414472733957487
039521,4511,2050,408,0.55656009889230917
039521,4511,2050,420,0.54536260793148184
039521,4511,2050,431,0.54035174315667489
039521,4511,2050,441,0.51252179979072199
039521,4512,2050,271,0.52042248106715872
039521,4513,2050,400,0.54322039452126614
039521,4514,2050,442,0.54431148109608052
039521,4515,2050,203,0.5419449821423703
039521,4515,2050,206,0.55806080735820129
039521,4515,2050,216,0.54654906901861966
039521,4515,2050,226,0.53381250000000002
039521,4516,2050,42,0.54773312388183448
039521,4517,2050,539,0.52505960597314594
039521,4518,2050,396,0.54043621229210026
039521,4518,2050,413,0.53548568852828493
039521,4519,2050,375,0.56698306734814508
039521,4519,2050,384,0.55150266798579239
039521,4520,2050,194,0.53654924754271327
039521,4520,2050,213,0.52046422487223165
039521,4521,2050,81,0.54144849361926062
039521,4522,2050,231,0.5483170027262666
039521,4522,2050,237,0.54292231960619519
039521,4522,2050,250,0.54478370038142332
039521,4523,2050,238,0.53033795335205769
039521,4524,2050,190,0.55543713808661055
039521,4524,2050,200,0.54501132845399225
039521,4525,2050,409,0.5548541073215798
039521,4525,2050,432,0.52583922261484095
039521,4527,2050,219,0.55148184588802762
039521,4527,2050,231,0.5189368284244632
039521,4528,2050,228,0.55482232206678239
039521,4528,2050,232,0.54317407163786402
039521,4529,2050,93,0.54737720884931129
039521,4529,2050,106,0.53717359499918726
039521,4530,2050,304,0.54885042352817381
039521,4530,2050,308,0.54530666345342815
039521,4530,2050,315,0.54445024705740575
039521,4530,2050,332,0.54277655553675186
039521,4531,2050,248,0.5473269725882175
039521,4532,2050,198,0.55333150534686049
039521,4532,2050,218,0.55431547619047616
039521,4532,2050,226,0.55899111781464728
039521,4532,2050,229,0.54672265411715759
039521,4533,2050,498,0.53390899500022937
039521,4534,2050,439,0.50353712115570781
039521,4536,2050,349,0.54233284668067272
039521,4536,2050,352,0.51548073761161561
039521,4537,2050,128,0.54712645178980635
039521,4537,2050,152,0.53816991769814015
039521,4539,2050,359,0.54922585834213045
039521,4540,2050,249,0.54647433057470451
039521,4540,2050,265,0.52925392670157068
039521,4542,2050,427,0.54826240612575472
039521,4543,2050,173,0.55208584411294714
039521,4544,2050,162,0.54821141715315602
039521,4544,2050,167,0.54905775476893148
039521,4544,2050,173,0.54140659556691406
039521,4545,2050,387,0.54649723697591268
039521,4545,2050,408,0.54744441235922614
039521,4546,2050,484,0.53418466964791833
039521,4546,2050,512,0.54260435688382502
039521,4547,2050,174,0.55581516095534789
039521,4548,2050,395,0.54222295396036635
039521,4548,2050,402,0.53645320197044333
039521,4549,2050,174,0.54364345861573216
039521,4549,2050,175,0.54566704181456149
039521,4550,2050,179,0.55225038278668703
039521,4551,2050,255,0.55605072945767375
039521,4551,2050,264,0.54425763208291089
039521,4551,2050,279,0.54367220190005006
039521,4552,2050,110,0.55609932164884979
039521,4552,2050,127,0.52635656730715052
039521,4553,2050,532,0.51755636087245682
039521,4555,2050,110,0.58967151351033142
039521,4556,2050,398,0.5737625587611761
039521,4556,2050,404,0.55138233052453189
039521,4556,2050,411,0.55878912905335087
039521,4557,2050,119,0.53969735803579766
039521,4558,2050,239,0.54644933165465703
039521,4558,2050,241,0.54481009831987048
039521,4558,2050,244,0.55829719208395623
039521,4558,2050,246,0.53622837509872079
039521,4559,2050,143,0.54791960125690753
039521,4559,2050,172,0.53413636048366586
039521,4561,2050,135,0.5436602239121251
039521,4562,2050,392,0.54391571378638837
039521,4562,2050,414,0.54525287098019559
039521,4564,2050,139,0.52105212999142281
039521,4564,2050,163,0.53848334823667965
039521,4565,2050,390,0.54350406445579458
039521,4565,2050,425,0.54471743199354894
039521,4566,2050,416,0.53995137083927225
039521,4567,2050,346,0.54606431059464755
039521,4568,2050,82,0.53942948017095715
039521,4569,2050,338,0.54045142814077929
039521,4570,2050,453,0.56905329638461044
039521,4572,2050,185,0.52944493171281792
039521,4572,2050,198,0.55113843659212214
039521,4573,2050,197,0.54195716277687611
039521,4574,2050,201,0.55121671005512163
039521,4574,2050,202,0.54849917798003422
039521,4574,2050,211,0.53418783056177632
039521,4575,2050,464,0.52727303205042242
039521,4578,2050,571,0.55092527524010304
039521,4578,2050,581,0.56796331086307883
039521,4579,2050,213,0.54909154729469967
039521,4580,2050,427,0.53883273805000376
039521,4581,2050,167,0.54527333050073679
039521,4582,2050,486,0.54438257677685553
039521,4583,2050,461,0.51336660741145901
039521,4584,2050,272,0.54415144203148336
039521,4584,2050,285,0.54650705503576136
039521,4584,2050,287,0.53431198821137449
039521,4584,2050,290,0.53649757367306938
039521,4585,2050,466,0.55584970507640141
039521,4586,2050,383,0.53946367440091292
039521,4586,2050,406,0.5278335231689899
039521,4588,2050,359,0.55966758340308498
039521,4589,2050,159,0.52706158428352234
039521,4589,2050,162,0.54699710564399417
039521,4591,2050,534,0.54722946364191027
039521,4592,2050,439,0.54036847269159494
039521,4593,2050,247,0.53440181629276173
039521,4593,2050,266,0.53439617618586643
039521,4595,2050,192,0.54308798366175415
039521,4595,2050,212,0.53841601121407989
039521,4595,2050,224,0.53273911552965381
039521,4596,2050,92,0.53497675876116357
039521,4596,2050,99,0.53135714285714286
039521,4597,2050,170,0.54972686484215094
039521,4598,2050,231,0.5364264176636514
039521,4599,2050,129,0.53780290412629905
039521,4599,2050,154,0.55498152048642846
039521,4599,2050,169,0.5366925913754701
039521,4600,2050,416,0.5505960117345613
039521,4601,2050,151,0.55514119922630556
039521,4601,2050,168,0.54629731012080729
039521,4602,2050,333,0.54160390178129381
039521,4602,2050,340,0.54180374502189133
039521,4603,2050,475,0.54144590264601922
039521,4604,2050,288,0.54799485945892512
039521,4604,2050,289,0.55428121385149265
039521,4604,2050,318,0.55454392884115133
039521,4606,2050,177,0.5315049923094971
039521,4607,2050,125,0.53311304509703539
039521,4609,2050,253,0.5495740069103161
039521,4609,2050,255,0.54091675869852784
039521,4610,2050,377,0.54561237233938897
039521,4610,2050,388,0.53404330017554125
039521,4612,2050,181,0.55350630842100856
039521,4612,2050,185,0.53889852178195774
039521,4613,2050,216,0.55376056170415333
039521,4613,2050,219,0.53724237395902796
039521,4614,2050,421,0.52304046786770642
039521,4615,2050,409,0.50944700005922883
039521,4615,2050,411,0.56712203312218579
039521,4615,2050,413,0.52786821517080518
039521,4615,2050,441,0.54907838382012542
039521,4617,2050,523,0.54022495712700491
039521,4617,2050,527,0.53130708484388611
039521,4618,2050,382,0.5596083397404007
039521,4618,2050,402,0.5434646948699533
039521,4619,2050,83,0.54186405199955934
039521,4620,2050,151,0.5426517030349528
039521,4621,2050,391,0.54141585310334361
039521,4621,2050,393,0.53992630141598552
039521,4621,2050,413,0.54924267773093305
039521,4622,2050,188,0.55150338987322634
039521,4623,2050,247,0.5377183441039094
039521,4623,2050,251,0.55003032140691333
039521,4624,2050,126,0.5544316873446461
039521,4624,2050,132,0.54169642240088456
039521,4624,2050,134,0.55013146239613064
039521,4624,2050,160,0.54025481423847499
039521,4625,2050,273,0.53490293866071303
039521,4625,2050,278,0.5306389482648739
039521,4626,2050,229,0.530387425209084
039521,4626,2050,234,0.54525618231776307
039521,4627,2050,246,0.53927134500037022
039521,4628,2050,180,0.54411284310687091
039521,4628,2050,203,0.54091228801417146
039521,4629,2050,201,0.53267011788186869
039521,4630,2050,169,0.55862380437763115
039521,4632,2050,238,0.52226293419317016
039521,4632,2050,242,0.52174072713918473
039521,4632,2050,246,0.5250944297312552
039521,4632,2050,258,0.5418181209065478
039521,4633,2050,481,0.53866153382076221
039521,4633,2050,487,0.53080016934801011
039521,4633,2050,502,0.55203116304952704
039521,4634,2050,475,0.53298759754397118
039521,4634,2050,482,0.54451265314580255
039521,4635,2050,207,0.54534562211981563
039521,4635,2050,224,0.50267485635030706
039521,4635,2050,226,0.54639876795243725
039521,4635,2050,238,0.53187879573796715
039521,4636,2050,316,0.53629721747240788
039521,4636,2050,334,0.54618115560898639
039521,4637,2050,306,0.53929593986100421
039521,4637,2050,311,0.56146469049694858
039521,4638,2050,175,0.54443788587017217
039521,4638,2050,192,0.53893405600722677
039521,4640,2050,190,0.53974178063222866
039521,4641,2050,200,0.53277112117871428
039521,4642,2050,399,0.54841702917365431
039521,4642,2050,420,0.54956443730966265
039521,4642,2050,422,0.54392829606784887
039521,4644,2050,97,0.54675767287639354
039521,4644,2050,110,0.54116939832741029
039521,4645,2050,58,0.53888888888888886
039521,4646,2050,397,0.54530737619858038
039521,4646,2050,412,0.53084536082474232
039521,4646,2050,414,0.54533833633623707
039521,4647,2050,149,0.53844222252659457
039521,4647,2050,172,0.51985785953177255
039521,4647,2050,178,0.54779762716487113
039521,4650,2050,293,0.54261802779688251
039521,4651,2050,325,0.5420667581161408
039521,4651,2050,333,0.54407604050035518
039521,4651,2050,354,0.55055387438211167
039521,4652,2050,183,0.53834645234128897
039521,4652,2050,185,0.53829236662662627
039521,4653,2050,171,0.53030279658794677
039521,4655,2050,339,0.5368241441825744
039521,4655,2050,355,0.54105572841464489
039521,4656,2050,328,0.54849761789892659
039521,4657,2050,215,0.53770446985920628
039521,4659,2050,320,0.54381256158912916
039521,4659,2050,323,0.55643967234418779
039521,4661,2050,308,0.53967497389804353
039521,4662,2050,153,0.54584257132615532
039521,4664,2050,242,0.54024073637007319
039521,4665,2050,202,0.53937173878669686
039521,4665,2050,203,0.54784097001690935
039521,4665,2050,210,0.54519510454969544
039521,4667,2050,297,0.54468794920478747
039521,4668,2050,209,0.54416695978426544
039521,4668,2050,216,0.54379585741185632
039521,4669,2050,191,0.55268249188270724
039521,4669,2050,199,0.57953982910397972
039521,4669,2050,200,0.54414853991533596
039521,4670,2050,365,0.55640802092414998
039521,4670,2050,378,0.53400334172922015
039521,4671,2050,364,0.5278263553132394
039521,4671,2050,374,0.5519607587340517
039521,4671,2050,383,0.51972284817724235
039521,4672,2050,217,0.53546963593914365
039521,4673,2050,432,0.54431104993842483
039521,4675,2050,152,0.56579405618760159
039521,4675,2050,185,0.55181010501593042
039521,4676,2050,141,0.54417254251347991
039521,4676,2050,146,0.54883929960416922
039521,4676,2050,149,0.53731984264683141
039521,4678,2050,435,0.52783841721242153
039521,4678,2050,437,0.53430755477715142
039521,4678,2050,438,0.56208977919841108
039521,4679,2050,362,0.57155893536121671
039521,4679,2050,373,0.52063763644753103
039521,4679,2050,376,0.53713893323107387
039521,4679,2050,397,0.55405879653375811
039521,4680,2050,492,0.54454651973575441
039521,4681,2050,170,0.53418587797113948
039521,4682,2050,456,0.53947340549471501
039521,4683,2050,122,0.53457963506152151
039521,4683,2050,129,0.54459224069675372
039521,4683,2050,132,0.55083351261461888
039521,4683,2050,134,0.53982168501675443
039521,4684,2050,149,0.55404440586851833
039521,4684,2050,152,0.54840452429626618
039521,4686,2050,134,0.54605431593044096
039521,4686,2050,147,0.53815121530306931
039521,4686,2050,154,0.51736705094830793
039521,4688,2050,396,0.55449129566210043
039521,4689,2050,410,0.51950650216738914
039521,4689,2050,417,0.54337706305543798
039521,4690,2050,532,0.53760908624229975
039521,4690,2050,552,0.54581528143876212
039521,4690,2050,555,0.54360853931803577
039521,4691,2050,438,0.53666892553271595
039521,4692,2050,236,0.53749524172059382
039521,4693,2050,125,0.54915960136843667
039521,4693,2050,127,0.55882947794210591
039521,4693,2050,131,0.5310243286826053
039521,4693,2050,160,0.53497010853793026
039521,4694,2050,316,0.54508118067017231
039521,4694,2050,322,0.5551094640038432
039521,4695,2050,306,0.54428073763942597
039521,4696,2050,139,0.54221744877726374
039521,4696,2050,177,0.5384537747274929
039521,4697,2050,345,0.53275981530089467
039521,4697,2050,361,0.56579422227568787
039521,4698,2050,199,0.53967056164087557
039521,4698,2050,202,0.55845928751518636
039521,4699,2050,505,0.53611205022941322
039521,4700,2050,557,0.54561709044467666
039521,4700,2050,569,0.54774322396576325
039521,4700,2050,587,0.53082965547113703
039521,4700,2050,589,0.56693540826849165
039521,4701,2050,104,0.54334971021741052
039521,4701,2050,121,0.55474471212218035
039521,4701,2050,132,0.5595673201166611
039521,4702,2050,276,0.53614688632813656
039521,4702,2050,286,0.53086027203674258
039521,4703,2050,117,0.49722032575831465
039521,4703,2050,144,0.52709350028192015
039521,4704,2050,119,0.55155943739634261
039521,4704,2050,143,0.53783364033662007
039521,4705,2050,341,0.5345736075803097
039521,4706,2050,375,0.55473763860734071
039521,4707,2050,417,0.53726231250738155
039521,4707,2050,424,0.5363951040928906
039521,4708,2050,151,0.52431741332032367
039521,4709,2050,389,0.53783021287509614
039521,4709,2050,392,0.54935226406770143
039521,4709,2050,408,0.54718561829129941
039521,4710,2050,572,0.54928712509751199
039521,4710,2050,595,0.55157791285989877
039521,4712,2050,293,0.53947083062242462
039521,4712,2050,309,0.54455124117381071
039521,4712,2050,327,0.55032068113026089
039521,4713,2050,232,0.54830813222997266
039521,4713,2050,239,0.54615143484084239
039521,4713,2050,245,0.53648693626227328
039521,4714,2050,129,0.54496417621694293
039521,4715,2050,279,0.52953575710056988
039521,4716,2050,374,0.54039801619687367
039521,4716,2050,384,0.52915183917157171
039521,4716,2050,390,0.55802513844250301
039521,4716,2050,394,0.53799561274269059
039521,4716,2050,397,0.5417398341706241
039521,4717,2050,530,0.53010921204860795
039521,4718,2050,224,0.56673192466077094
039521,4718,2050,227,0.54791187788940832
039521,4718,2050,228,0.54305855964111194
039521,4719,2050,137,0.36886208636113327
039521,4719,2050,144,0.53121165644171775
039521,4720,2050,456,0.54376592051576833
039521,4722,2050,501,0.54203817783902086
039521,4722,2050,529,0.53746520348770332
039521,4723,2050,192,0.54573584905660377
039521,4725,2050,402,0.54377892405818629
039521,4727,2050,333,0.5330188168843395
039521,4728,2050,443,0.54414627782349523
039521,4730,2050,171,0.54229454508238661
039521,4730,2050,184,0.54799975680933855
039521,4730,2050,188,0.53887798203343451
039521,4732,2050,483,0.53025551525728776
039521,4732,2050,509,0.58307653162195017
039521,4732,2050,510,0.56462238920851104
039521,4733,2050,167,0.53871995366348102
039521,4733,2050,168,0.54782311763701552
039521,4733,2050,199,0.56070824501680694
039521,4734,2050,474,0.5545837250173703
039521,4734,2050,475,0.54983915066723799
039521,4734,2050,489,0.54401496675909533
039521,4734,2050,493,0.54258568735638513
039521,4735,2050,519,0.53657043593349329
039521,4736,2050,105,0.5618605255464969
039521,4736,2050,113,0.54750679532775304
039521,4736,2050,116,0.54323094041878817
039521,4736,2050,121,0.53751863183494153
039521,4737,2050,404,0.53393446582400772
039521,4737,2050,412,0.54323757226723812
039521,4737,2050,414,0.53864108489134743
039521,4738,2050,125,0.54964502343534605
039521,4738,2050,130,0.52869049527167811
039521,4739,2050,335,0.54353931717313875
039521,4739,2050,345,0.54905966472390799
039521,4740,2050,607,0.52477599303873379
039521,4742,2050,435,0.54583987441130299
039521,4743,2050,257,0.56044988457615286
039521,4744,2050,254,0.54624527085386176
039521,4744,2050,289,0.56004626156539139
039521,4745,2050,265,0.56209987195902689
039521,4746,2050,194,0.53015963637162122
039521,4746,2050,201,0.54974621050075734
039521,4748,2050,155,0.54264800182590833
039521,4748,2050,177,0.54563968881104641
039521,4749,2050,403,0.54086863889567016
039521,4749,2050,411,0.54774441440159383
039521,4749,2050,419,0.53960680778841164
039521,4750,2050,449,0.54796663038689031
039521,4750,2050,460,0.55657621671556734
039521,4750,2050,467,0.53844594366292364
039521,4751,2050,151,0.54087732205260253
039521,4751,2050,176,0.54994725888759011
039521,4752,2050,364,0.54598892000381472
039521,4752,2050,378,0.53375699462924953
039521,4752,2050,393,0.54488272921108738
039521,4753,2050,544,0.5316083114689828
039521,4753,2050,554,0.53909385805439702
039521,4754,2050,429,0.54327556325823223
039521,4755,2050,349,0.55159462966660011
039521,4756,2050,237,0.53766112296495483
039521,4756,2050,249,0.54972870597870593
039521,4756,2050,261,0.5451247770754728
039521,4757,2050,228,0.53256314954664896
039521,4758,2050,239,0.55558245245972193
039521,4758,2050,242,0.54340999745395913
039521,4758,2050,244,0.55148687973033539
039521,4759,2050,183,0.55301277682316918
039521,4760,2050,260,0.5481350021794632
039521,4761,2050,224,0.53324796393996821
039521,4761,2050,225,0.53359225800914101
039521,4761,2050,233,0.53214192538481608
039521,4761,2050,243,0.54216965992374611
039521,4762,2050,399,0.55651091312298173
039521,4762,2050,401,0.5524698256593652
039521,4762,2050,402,0.53115767157581362
039521,4763,2050,186,0.5340243192164601
039521,4763,2050,190,0.53909202192772365
039521,4763,2050,199,0.52683984422050023
039521,4763,2050,206,0.53540542109234435
039521,4763,2050,211,0.54062696836087021
039521,4763,2050,212,0.5464718111776935
039521,4765,2050,342,0.5412047577504947
039521,4765,2050,351,0.54836704566056305
039521,4765,2050,362,0.54120854722108735
039521,4766,2050,64,0.54645141792172469
039521,4766,2050,85,0.55097103871923458
039521,4766,2050,95,0.53364667917711639
039521,4768,2050,221,0.55119474313022698
039521,4768,2050,222,0.52506488879841218
039521,4769,2050,186,0.5542696669409366
039521,4770,2050,197,0.56539220913977717
039521,4770,2050,203,0.53802712116600726
039521,4770,2050,215,0.5470354470035389
039521,4774,2050,116,0.5466675651998113
039521,4776,2050,432,0.53447637158415962
039521,4777,2050,168,0.53932113550878402
039521,4778,2050,449,0.5319402029075021
039521,4778,2050,457,0.54182443955989834
039521,4778,2050,462,0.5439461919144426
039521,4778,2050,469,0.52861755209862049
039521,4779,2050,100,0.54413895614617314
039521,4780,2050,257,0.54295695774397168
039521,4780,2050,264,0.5420757079949905
039521,4781,2050,430,0.5361065023307261
039521,4781,2050,437,0.54617690816464537
039521,4782,2050,408,0.5423825217056728
039521,4782,2050,425,0.55181132992949189
039521,4782,2050,426,0.5471267533591706
039521,4785,2050,67,0.46624687196013931
039521,4785,2050,89,0.540465350463601
039521,4786,2050,246,0.53567674422253253
039521,4787,2050,438,0.53901304740989531
039521,4787,2050,442,0.53603246800970117
039521,4787,2050,461,0.53196801389441695
039521,4788,2050,151,0.5319862890131698
039521,4789,2050,449,0.53355498435404558
039521,4790,2050,271,0.54981458441542752
039521,4791,2050,250,0.55610551095551397
039521,4792,2050,128,0.5365863287341347
039521,4792,2050,140,0.54750184774575017
039521,4792,2050,155,0.54976417721989079
039521,4793,2050,154,0.52746562708494138
039521,4793,2050,157,0.54635742949279853
039521,4793,2050,164,0.55408758868966479
039521,4794,2050,423,0.53985815893998956
039521,4794,2050,437,0.54223680099968763
039521,4795,2050,395,0.54471199335740628
039521,4795,2050,397,0.5186039533400848
039521,4796,2050,235,0.56325041089784667
039521,4797,2050,452,0.53184734978497106
039521,4797,2050,477,0.54137762945742252
039521,4798,2050,342,0.55186952694250102
039521,4798,2050,372,0.5372456282282656
039521,4799,2050,158,0.54780384547539251
039521,4799,2050,159,0.54427603819675774
039521,4800,2050,170,0.54714191675569512
039521,4801,2050,92,0.54393780385941615
039521,4801,2050,120,0.55065804705169985
039521,4802,2050,141,0.55221670207808415
039521,4802,2050,151,0.53043254641773385
039521,4802,2050,157,0.54066101479736495
039521,4802,2050,161,0.54292022152372399
039521,4802,2050,180,0.54468711101052392
039521,4804,2050,408,0.53241603145035032
039521,4805,2050,552,0.5165721971370929
039521,4805,2050,561,0.53742092767571181
039521,4805,2050,562,0.53725688746115441
039521,4805,2050,578,0.53544673996340375
039521,4806,2050,222,0.54858350951374202
039521,4807,2050,364,0.54749426308387006
039521,4807,2050,369,0.54518734041921502
039521,4807,2050,379,0.54441360989551835
039521,4808,2050,435,0.52598158767824577
039521,4808,2050,445,0.52771677646902238
039521,4808,2050,456,0.54522422283201144
039521,4809,2050,404,0.53371279589044629
039521,4809,2050,418,0.56097841065686727
039521,4810,2050,286,0.54511477623456794
039521,4810,2050,287,0.53009723722796731
039521,4811,2050,92,0.54836475186779476
039521,4811,2050,96,0.55058717253839207
039521,4811,2050,122,0.53216826476956391
039521,4812,2050,159,0.5425760347982187
039521,4813,2050,484,0.54445549307365249
039521,4813,2050,486,0.54402757457782625
039521,4813,2050,504,0.53596161680170185
039521,4815,2050,260,0.54383552638786936
039521,4816,2050,225,0.54137638944111188
039521,4816,2050,245,0.54810705415380334
039521,4818,2050,278,0.53948864832989341
039521,4818,2050,281,0.54274180123189608
039521,4819,2050,225,0.53778915669444982
039521,4819,2050,244,0.53285240511352361
039521,4819,2050,251,0.55107020073195079
039521,4819,2050,254,0.55473427875662518
039521,4821,2050,400,0.52935952637244343
039521,4821,2050,401,0.53654823351873981
039521,4821,2050,408,0.52920422282863366
039521,4822,2050,195,0.54207344581791939
039521,4822,2050,212,0.54516403819635639
039521,4823,2050,381,0.53703899219142615
039521,4825,2050,444,0.55055659126911427
039521,4825,2050,467,0.55059190441677097
039521,4825,2050,473,0.5372139570393909
039521,4826,2050,99,0.54664691500449003
039521,4826,2050,113,0.5318377786713131
039521,4827,2050,225,0.53268456570220413
039521,4827,2050,233,0.51450949252869416
039521,4828,2050,204,0.55767272727272732
039521,4829,2050,236,0.53793060305279838
039521,4829,2050,244,0.54218111717996975
039521,4829,2050,249,0.54744250641433045
039521,4830,2050,393,0.54699377424259066
039521,4831,2050,359,0.55222002289270156
039521,4833,2050,399,0.53511718750000004
039521,4834,2050,510,0.52764187866927592
039521,4835,2050,62,0.53768313523685174
039521,4835,2050,70,0.53504899604010592
039521,4835,2050,85,0.56125926195413589
039521,4836,2050,161,0.53774958357196878
039521,4838,2050,275,0.55473835909158675
039521,4839,2050,231,0.54304337828786231
039521,4840,2050,148,0.53633961710247646
039521,4840,2050,156,0.54825956062822667
039521,4840,2050,165,0.55659476999427371
039521,4840,2050,171,0.53698859224750639
039521,4841,2050,110,0.54766846677623859
039521,4842,2050,370,0.5403850134547713
039521,4842,2050,372,0.53162151154897896
039521,4842,2050,392,0.53527517354898735
039521,4844,2050,206,0.54753558157470383
039521,4844,2050,234,0.54077529354994369
039521,4845,2050,355,0.56928414170391617
039521,4846,2050,431,0.53821942881492169
039521,4846,2050,441,0.55524958221318022
039521,4847,2050,123,0.54976223540798719
039521,4848,2050,89,0.53024712658933448
039521,4848,2050,90,0.52827024972612846
039521,4849,2050,422,0.54347895459042028
039521,4849,2050,429,0.5333347479205568
039521,4849,2050,431,0.53690862641900849
039521,4850,2050,359,0.54308199961179437
039521,4850,2050,383,0.54904886236478923
039521,4851,2050,196,0.54721701063164474
039521,4851,2050,203,0.55822757973165338
039521,4852,2050,438,0.54409211896771204
039521,4854,2050,189,0.55736901620806634
039521,4855,2050,195,0.53195991091314032
039521,4855,2050,201,0.54274269038048562
039521,4856,2050,340,0.55406542740046838
039521,4857,2050,440,0.54925227100499763
039521,4858,2050,127,0.55812763053122516
039521,4859,2050,153,0.54386280198197734
039521,4861,2050,366,0.5414134551265114
039521,4861,2050,376,0.54563165905631661
039521,4862,2050,386,0.5346456930648229
039521,4863,2050,281,0.5418112782177924
039521,4865,2050,178,0.54096837818922183
039521,4865,2050,180,0.5523030707610147
039521,4865,2050,187,0.56254645246126578
039521,4865,2050,190,0.5482704717623953
039521,4867,2050,181,0.53339225098921406
039521,4867,2050,213,0.54528021915306468
039521,4868,2050,231,0.54535733049409296
039521,4870,2050,212,0.56261335276154456
039521,4870,2050,227,0.53897198354607923
039521,4870,2050,238,0.51936195046038125
039521,4871,2050,89,0.57356145827198302
039521,4871,2050,120,0.54534581552880801
039521,4873,2050,271,0.53076736353430232
039521,4874,2050,75,0.52829854288510292
039521,4875,2050,204,0.29612401778747971
039521,4875,2050,216,0.49662978506931199
039521,4875,2050,221,0.54877381989024121
039521,4876,2050,205,0.53048863584742811
039521,4876,2050,229,0.5340960177933417
039521,4877,2050,524,0.53870057992272735
039521,4879,2050,101,0.56563522482939144
039521,4879,2050,115,0.56474139484591823
039521,4879,2050,118,0.5548860911270983
039521,4879,2050,130,0.53692722820927097
039521,4880,2050,381,0.53380122139225084
039521,4880,2050,385,0.55271712591559119
039521,4880,2050,389,0.54939148553298289
039521,4880,2050,403,0.55217309005917259
039521,4881,2050,270,0.53163213004320131
039521,4881,2050,273,0.54258238257456692
039521,4881,2050,276,0.53924050632911391
039521,4881,2050,302,0.54017189339423066
039521,4882,2050,379,0.53916412303357597
039521,4882,2050,400,0.55475609449294316
039521,4883,2050,162,0.53744901888364127
039521,4883,2050,165,0.55750229194254863
039521,4884,2050,461,0.53240636914106299
039521,4884,2050,463,0.53771480804387572
039521,4884,2050,472,0.53753053172167597
039521,4884,2050,475,0.52631456247304431
039521,4884,2050,486,0.55327668057643897
039521,4885,2050,351,0.54181352130727334
039521,4886,2050,385,0.53770416864461912
039521,4886,2050,395,0.54017918982263868
039521,4886,2050,410,0.53617415097376464
039521,4887,2050,220,0.54123989218328838
039521,4887,2050,230,0.55176827890866198
039521,4888,2050,295,0.55948842409533417
039521,4888,2050,306,0.58097925196985856
039521,4888,2050,307,0.5454160783139117
039521,4888,2050,334,0.5487440803449809
039521,4889,2050,223,0.57721690703984008
039521,4891,2050,115,0.54174141419940014
039521,4892,2050,58,0.55192183213636226
039521,4892,2050,64,0.54508523553529042
039521,4892,2050,71,0.54363546310054478
039521,4892,2050,73,0.54169245368651231
039521,4892,2050,82,0.54112252166686459
039521,4894,2050,131,0.55057611024260322
039521,4896,2050,361,0.55781825990479939
039521,4897,2050,162,0.54528403321187502
039521,4897,2050,197,0.54332764262341726
039521,4898,2050,169,0.55521730002099512
039521,4899,2050,442,0.53698618194498937
039521,4901,2050,185,0.54015026714702619
039521,4901,2050,193,0.53780440107865535
039521,4901,2050,221,0.54625960933606743
039521,4902,2050,202,0.54391068766136952
039521,4904,2050,461,0.54886066003143008
039521,4904,2050,485,0.54194919018150589
039521,4904,2050,493,0.54932963785417332
039521,4905,2050,413,0.54297559516177285
039521,4905,2050,428,0.54470466480125723
039521,4906,2050,448,0.52824142545249664
039521,4907,2050,530,0.53023658780406535
039521,4907,2050,551,0.53920042840169358
039521,4907,2050,567,0.54062843101375024
039521,4908,2050,479,0.54138838551038315
039521,4909,2050,469,0.54712267718788965
039521,4909,2050,485,0.54131728962369918
039521,4910,2050,481,0.54915813777645761
039521,4910,2050,500,0.52964907317175403
039521,4911,2050,197,0.5459683183457722
039521,4911,2050,206,0.54836136957418524
039521,4911,2050,209,0.54325425641087188
039521,4912,2050,309,0.54408753779609764
039521,4915,2050,419,0.56296075657159883
039521,4915,2050,425,0.54790169621336693
039521,4915,2050,430,0.54442302796668729
039521,4915,2050,431,0.54031830238726786
039521,4916,2050,469,0.54971736840034446
039521,4917,2050,392,0.50771583483942717
039521,4918,2050,132,0.53966445733222868
039521,4918,2050,134,0.53801410189112886
039521,4919,2050,214,0.54729287003155214
039521,4920,2050,115,0.54326162444266368
039521,4920,2050,127,0.5438303061980051
039521,4921,2050,213,0.54324802090538771
039521,4922,2050,94,0.54522014640008742
039521,4922,2050,119,0.51318072289156624
039521,4924,2050,341,0.56579988825775207
039521,4924,2050,344,0.55184180290424845
039521,4924,2050,360,0.5512882552968873
039521,4925,2050,172,0.54158636897767332
039521,4925,2050,193,0.54343978762770495
039521,4925,2050,197,0.54444903309213011
039521,4926,2050,284,0.54672828222043079
039521,4926,2050,291,0.55693551881002235
039521,4927,2050,76,0.519036321885744
039521,4928,2050,116,0.53957018903384057
039521,4928,2050,130,0.53068508923431201
039521,4928,2050,134,0.5492340148662237
039521,4928,2050,136,0.55901368215305969
039521,4930,2050,199,0.54107282211360741
039521,4930,2050,209,0.55645530689700295
039521,4932,2050,164,0.54539890175229966
039521,4933,2050,411,0.54476276298827264
039521,4933,2050,415,0.54351847013950572
039521,4933,2050,429,0.51367817465057941
039521,4934,2050,412,0.54904817772395265
039521,4935,2050,211,0.53853137871473489
039521,4935,2050,221,0.5343635386114054
039521,4936,2050,81,0.54184908063360659
039521,4936,2050,105,0.55096754946232185
039521,4937,2050,223,0.53158456129261644
039521,4938,2050,168,0.54792789988740076
039521,4938,2050,177,0.54590294904303727
039521,4938,2050,187,0.54580820851974321
039521,4938,2050,189,0.53029402226786293
039521,4940,2050,469,0.53125912941863862
039521,4941,2050,159,0.53175190357285984
039521,4942,2050,382,0.55487499303970156
039521,4943,2050,349,0.55733527484528578
039521,4943,2050,351,0.52648251649482458
039521,4943,2050,357,0.52967893500391539
039521,4944,2050,193,0.54312301748372649
039521,4944,2050,194,0.51261222744762724
039521,4945,2050,129,0.54795221791617355
039521,4945,2050,146,0.55324823775957321
039521,4945,2050,149,0.53253102670176755
039521,4946,2050,346,0.54029324976553739
039521,4946,2050,352,0.60440711500785604
039521,4947,2050,322,0.53883459809648593
039521,4947,2050,332,0.54479631696428577
039521,4948,2050,154,0.55302342778393998
039521,4949,2050,322,0.56208366947101529
039521,4949,2050,342,0.53477662123976111
039521,4951,2050,445,0.55291989400733799
039521,4952,2050,399,0.5398430388466553
039521,4952,2050,428,0.53265587862744257
039521,4952,2050,433,0.53049881745861105
039521,4953,2050,542,0.54406888288238076
039521,4953,2050,565,0.55679742859230041
039521,4954,2050,357,0.54998214400711898
039521,4954,2050,368,0.5278775920868668
039521,4954,2050,372,0.54418524805920609
039521,4954,2050,378,0.54516725885415818
039521,4954,2050,387,0.55354889589905365
039521,4955,2050,214,0.53969572763191909
039521,4955,2050,219,0.54120840428664707
039521,4956,2050,123,0.54362752037535134
039521,4956,2050,128,0.53946663244740678
039521,4956,2050,132,0.53360501186059239
039521,4957,2050,563,0.5441748327889252
039521,4958,2050,302,0.54449339207048453
039521,4959,2050,248,0.53908471546791392
039521,4959,2050,251,0.54374612789977284
039521,4961,2050,241,0.55225326430269284
039521,4962,2050,222,0.54714016755682138
039521,4962,2050,227,0.53809272222956017
039521,4963,2050,165,0.53554805147394358
039521,4963,2050,166,0.53935332907891942
039521,4963,2050,184,0.52575502308748279
039521,4963,2050,186,0.56113074204947
039521,4963,2050,190,0.53981416137379445
039521,4963,2050,195,0.55493123561834434
039521,4964,2050,403,0.53877880799880107
039521,4964,2050,418,0.54501698852709302
039521,4965,2050,503,0.55767831987551908
039521,4965,2050,524,0.52366694364058342
039521,4966,2050,443,0.5463336573950599
039521,4968,2050,196,0.53850119309372524
039521,4968,2050,203,0.53893823267720842
039521,4969,2050,230,0.5534331535102206
039521,4969,2050,236,0.52335027263622536
039521,4970,2050,407,0.54717941261994762
039521,4970,2050,419,0.54156707326476172
039521,4971,2050,230,0.55010555544989448
039521,4971,2050,244,0.55631359710736228
039521,4972,2050,141,0.54756069565001586
039521,4972,2050,146,0.53890916785695397
039521,4972,2050,176,0.52390505792596775
039521,4973,2050,261,0.55081198123421149
039521,4973,2050,272,0.53463355437090976
039521,4975,2050,238,0.53472398075462146
039521,4976,2050,258,0.53423521119123785
039521,4976,2050,273,0.54446318042751696
039521,4976,2050,288,0.54125672067590802
039521,4977,2050,372,0.55967446536030518
039521,4977,2050,383,0.53827193690060049
039521,4977,2050,385,0.54266222744483616
039521,4978,2050,356,0.54431311338188493
039521,4978,2050,360,0.54719266372523578
039521,4979,2050,462,0.52841591856930803
039521,4979,2050,482,0.53870863192768914
039521,4979,2050,498,0.54997333739620624
039521,4980,2050,199,0.53516072382988467
039521,4981,2050,167,0.5630053341514345
039521,4981,2050,188,0.55161616605831387
039521,4983,2050,365,0.54653224779315956
039521,4983,2050,371,0.54876929033685495
039521,4984,2050,178,0.54133806197525303
039521,4984,2050,192,0.53719735743584163
039521,4985,2050,319,0.54304139573466059
039521,4986,2050,285,0.54124872475005104
039521,4986,2050,309,0.5408617575177983
039521,4987,2050,392,0.55418230821060732
039521,4987,2050,395,0.54267245909680129
039521,4987,2050,404,0.53939957561627327
039521,4988,2050,236,0.54689377125287619
039521,4988,2050,244,0.54522464293422024
039521,4989,2050,171,0.55205840114887506
039521,4989,2050,172,0.54678148546824545
039521,4989,2050,181,0.54995842386202087
039521,4990,2050,402,0.52335670294767012
039521,4990,2050,407,0.53491532575846901
039521,4990,2050,413,0.53879474596965482
039521,4991,2050,97,0.5442744656917885
039521,4991,2050,109,0.53338521163294572
039521,4993,2050,480,0.54377798466108085
039521,4994,2050,267,0.53828828828828834
039521,4994,2050,291,0.50873667169095071
039521,4995,2050,110,0.54348343425262435
039521,4996,2050,460,0.52899827813227995
039521,4996,2050,465,0.52214499042414986
039521,4998,2050,119,0.53636667409222549
039521,4998,2050,128,0.55928040210148056
039521,4998,2050,143,0.54319074057604599
039521,4999,2050,392,0.54390083369899078
039521,4999,2050,420,0.54461596935941292
039521,5000,2050,385,0.5351620792571713
039521,5000,2050,391,0.55169690628023138
039521,5001,2050,192,0.56019182686395863
039521,5001,2050,193,0.55057732465299103
039521,5001,2050,196,0.55350089139021919
039521,5002,2050,336,0.5497523550548703
039521,5003,2050,485,0.53499310680398993
039521,5003,2050,495,0.53490464763829249
039521,5005,2050,223,0.53133001256924728
039521,5006,2050,244,0.52165790061531592
039521,5006,2050,249,0.53559595493964096
039521,5007,2050,430,0.55067045331991227
039521,5007,2050,447,0.53288587823420963
039521,5008,2050,441,0.53566215247015148
039521,5008,2050,443,0.5384955000849041
039521,5009,2050,307,0.54396831203562368
039521,5009,2050,326,0.53609614510789427
039521,5009,2050,349,0.52142501835753374
039521,5010,2050,253,0.54633682519385562
039521,5010,2050,262,0.55974147167594102
039521,5010,2050,266,0.5503458877786318
039521,5010,2050,269,0.5204035598572776
039521,5011,2050,137,0.54170132355672562
039521,5012,2050,209,0.5299818291944276
039521,5012,2050,211,0.54372318939760644
039521,5013,2050,202,0.54751486976140018
039521,5013,2050,213,0.53586504251341738
039521,5013,2050,216,0.55488831697010133
039521,5013,2050,228,0.55464469971211128
039521,5016,2050,501,0.51930984129423974
039521,5017,2050,34,0.5324317075974101
039521,5019,2050,490,0.53485750422744327
039521,5020,2050,221,0.55655578460306399
039521,5020,2050,222,0.55265422432886147
039521,5020,2050,226,0.54307432432432434
039521,5021,2050,251,0.54128589938304972
039521,5021,2050,274,0.54424602920250742
039521,5021,2050,276,0.55503383751030211
039521,5021,2050,296,0.54720639089215373
039521,5022,2050,207,0.53002410348711149
039521,5024,2050,214,0.54602874829503723
039521,5024,2050,216,0.54359456840745368
039521,5024,2050,223,0.54260422234099415
039521,5025,2050,163,0.53700084245998314
039521,5026,2050,334,0.54039599285914519
039521,5028,2050,248,0.54760274544513288
039521,5028,2050,254,0.52358345308971466
039521,5028,2050,263,0.54481897222943165
039521,5028,2050,267,0.53666108904703347
039521,5029,2050,115,0.54421037821521301
039521,5030,2050,271,0.54195825420362997
039521,5030,2050,289,0.5015597920277296
039521,5031,2050,132,0.36240454263344757
039521,5031,2050,154,0.52115422562185876
039521,5032,2050,309,0.55310614913305756
039521,5033,2050,517,0.53143209707273598
039521,5033,2050,528,0.5642777271403201
039521,5033,2050,531,0.54162772811101834
039521,5033,2050,539,0.54193775602884209
039521,5033,2050,543,0.54407445246152863
039521,5033,2050,546,0.55279779547542163
039521,5034,2050,326,0.54455816413092573
039521,5035,2050,146,0.5450601124684894
039521,5035,2050,156,0.55039919108508351
039521,5036,2050,406,0.53329295664255938
039521,5036,2050,408,0.52854872626290195
039521,5036,2050,424,0.53633878655512979
039521,5036,2050,426,0.55014184865078841
039521,5037,2050,171,0.54661392819230159
039521,5038,2050,283,0.54706521739130431
039521,5039,2050,355,0.53958517612241352
039521,5039,2050,360,0.54248679788766208
039521,5041,2050,229,0.55066123644350895
039521,5041,2050,249,0.53677290505117747
039521,5042,2050,157,0.53666533095333502
039521,5042,2050,165,0.54699248120300747
039521,5042,2050,174,0.55396118721461185
039521,5043,2050,145,0.55174894052695012
039521,5044,2050,282,0.56729192291922914
039521,5047,2050,445,0.54238568832070577
039521,5047,2050,452,0.54037524806061699
039521,5047,2050,469,0.54882039655209292
039521,5048,2050,281,0.5410851810575692
039521,5048,2050,297,0.52380991437288804
039521,5048,2050,299,0.53477186362307672
039521,5050,2050,220,0.55485909791323884
039521,5052,2050,447,0.54689322485420122
039521,5052,2050,448,0.52954995665317595
039521,5053,2050,190,0.53649433993444795
039521,5053,2050,194,0.54953753617431766
039521,5053,2050,221,0.55037767251312253
039521,5054,2050,363,0.53506980964754891
039521,5054,2050,373,0.54718580230695557
039521,5055,2050,172,0.565848094949567
039521,5056,2050,390,0.553968253968254
039521,5057,2050,172,0.53772451580767089
039521,5058,2050,152,0.54208695652173911
039521,5059,2050,243,0.54834232704230235
039521,5059,2050,244,0.55683034226268791
039521,5060,2050,245,0.54620580626616844
039521,5061,2050,71,0.5357727151189402
039521,5061,2050,88,0.53324301792413509
039521,5063,2050,288,0.54338566386759157
039521,5063,2050,291,0.54094625117431894
039521,5064,2050,231,0.53444334210412803
039521,5064,2050,244,0.53077420746172099
039521,5064,2050,252,0.54434446247398005
039521,5065,2050,100,0.54769668950714112
039521,5066,2050,310,0.5509090095598872
039521,5066,2050,335,0.54611909650924029
039521,5067,2050,172,0.54907000338180589
039521,5068,2050,90,0.55335557794006551
039521,5068,2050,112,0.54130386917272166
039521,5069,2050,176,0.53960927201622122
039521,5070,2050,138,0.53733650741531225
039521,5070,2050,146,0.54128112901897252
039521,5073,2050,283,0.53616760972625788
039521,5074,2050,119,0.56342771982116246
039521,5075,2050,332,0.52869908530612864
039521,5077,2050,300,0.53609890888479528
039521,5077,2050,310,0.51740383117894406
039521,5078,2050,330,0.54845010308532571
039521,5078,2050,340,0.5381499491334012
039521,5078,2050,358,0.52793648239049384
039521,5079,2050,245,0.5359917533182964
039521,5079,2050,249,0.54818920143609051
039521,5079,2050,271,0.54820771022769965
039521,5079,2050,281,0.54037169430377652
039521,5079,2050,287,0.55289438050101558
039521,5080,2050,410,0.56357438166388629
039521,5080,2050,417,0.5754363115394634
039521,5080,2050,424,0.5172530361837987
039521,5082,2050,448,0.5624702198625009
039521,5082,2050,459,0.54193748805199771
039521,5082,2050,462,0.55453079893525292
039521,5082,2050,472,0.55452073988897099
039521,5082,2050,475,0.54567755700095888
039521,5083,2050,409,0.57594377549906195
039521,5083,2050,415,0.5544669424486538
039521,5084,2050,144,0.54247873745683761
039521,5085,2050,215,0.54376489714939169
039521,5085,2050,226,0.5425787787765598
039521,5086,2050,222,0.54118013609873883
039521,5086,2050,227,0.54426539951955955
039521,5086,2050,234,0.55128169522592829
039521,5087,2050,137,0.53082058128787102
039521,5088,2050,222,0.5473497142735525
039521,5088,2050,237,0.52896336400172717
039521,5089,2050,281,0.55183146707155062
039521,5090,2050,343,0.55545981963352287
039521,5091,2050,221,0.53166765144481021
039521,5091,2050,253,0.54118330126709091
039521,5092,2050,78,0.50406298833994467
039521,5092,2050,90,0.54086828931469011
039521,5094,2050,351,0.52854388320765766
039521,5095,2050,185,0.51763508930590096
039521,5096,2050,494,0.53553534627819477
039521,5096,2050,501,0.53659974340303063
039521,5097,2050,284,0.55161320187011065
039521,5098,2050,150,0.55747327038248151
039521,5099,2050,276,0.54422961677968773
039521,5099,2050,292,0.53672172808132146
039521,5099,2050,293,0.5363503558884779
039521,5100,2050,174,0.53905458920246629
039521,5100,2050,196,0.53122789423257732
039521,5102,2050,309,0.53635714185658856
039521,5104,2050,250,0.54330062311107796
039521,5104,2050,281,0.53878908978039886
039521,5105,2050,447,0.55202676759365921
039521,5105,2050,451,0.54061270958393703
039521,5106,2050,398,0.54471126560726446
039521,5106,2050,400,0.54717861688587188
039521,5107,2050,347,0.55009472298948647
039521,5107,2050,367,0.54541855452425991
039521,5107,2050,384,0.55621593107086342
039521,5107,2050,386,0.54101903416174879
039521,5108,2050,311,0.5451696639461191
039521,5109,2050,405,0.54968240991132633
039521,5109,2050,421,0.53714609174056827
039521,5110,2050,146,0.53971033526686363
039521,5110,2050,148,0.54112147391095122
039521,5111,2050,406,0.54138215503274989
039521,5114,2050,567,0.54311508578563561
039521,5114,2050,576,0.53896323067416485
039521,5114,2050,580,0.56089193825042882
039521,5114,2050,591,0.54284967098520676
039521,5115,2050,428,0.55240062832946324
039521,5115,2050,429,0.54755402980416634
039521,5115,2050,442,0.53064753547797006
039521,5117,2050,306,0.54142537127686052
039521,5119,2050,163,0.56090513025695743
039521,5119,2050,179,0.55058621438993349
039521,5119,2050,183,0.53443015454704168
039521,5120,2050,306,0.54682464024694721
039521,5120,2050,323,0.53028356381956321
039521,5120,2050,326,0.53946467383213748
039521,5121,2050,417,0.54100359401301124
039521,5122,2050,201,0.53577047663118926
039521,5122,2050,210,0.53428678436735155
039521,5123,2050,546,0.5415252784918595
039521,5123,2050,558,0.5340463673883471
039521,5124,2050,240,0.54297448444599794
039521,5124,2050,258,0.54712302555792025
039521,5125,2050,323,0.5454602845038018
039521,5126,2050,395,0.55122281900192938
039521,5126,2050,410,0.5494737183541738
039521,5127,2050,215,0.54861057655299827
039521,5127,2050,218,0.55094227099236637
039521,5127,2050,220,0.55697974798367222
039521,5128,2050,335,0.53584629460201283
039521,5128,2050,356,0.54071067060312106
039521,5129,2050,230,0.5300822878726561
039521,5129,2050,241,0.54769947261364582
039521,5130,2050,358,0.54000337438839208
039521,5130,2050,360,0.5297224407236768
039521,5131,2050,143,0.54180268163056089
039521,5131,2050,152,0.54163826536608295
039521,5131,2050,175,0.55545531513275692
039521,5132,2050,223,0.55425944220685464
039521,5132,2050,231,0.51792071000146289
039521,5132,2050,235,0.54511486558018174
039521,5132,2050,236,0.54820438198446586
039521,5134,2050,228,0.54660926492563866
039521,5134,2050,230,0.54566004224916242
039521,5134,2050,251,0.54352042315603877
039521,5136,2050,364,0.54112806321232199
039521,5136,2050,379,0.54534607941565905
039521,5137,2050,166,0.53815698875372964
039521,5137,2050,177,0.54686637922226533
039521,5137,2050,179,0.55103429504627111
039521,5137,2050,184,0.54894299337524788
039521,5137,2050,189,0.53077082777234041
039521,5140,2050,297,0.57424554826616681
039521,5140,2050,303,0.54464388315598355
039521,5142,2050,163,0.54668015986003671
039521,5142,2050,164,0.53921168598008817
039521,5142,2050,172,0.53457943925233642
039521,5143,2050,251,0.55261683987802601
039521,5144,2050,176,0.55228281448834537
039521,5146,2050,269,0.53745607870695711
039521,5146,2050,273,0.54359346821200616
039521,5148,2050,58,0.55172120283563764
039521,5148,2050,63,0.53981094346482461
039521,5148,2050,80,0.54971678238558586
039521,5148,2050,94,0.54034326533547472
039521,5148,2050,100,0.5377182085648905
039521,5151,2050,213,0.53938768489852085
039521,5152,2050,389,0.52587986342805959
039521,5153,2050,408,0.53456607974273118
039521,5154,2050,346,0.54823646534559589
039521,5154,2050,349,0.50327065995410802
039521,5156,2050,397,0.53827279824528795
039521,5156,2050,398,0.55878246939009035
039521,5156,2050,405,0.52338118782391141
039521,5156,2050,408,0.55433293694398866
039521,5156,2050,418,0.54202346971138593
039521,5157,2050,199,0.54318826371625639
039521,5157,2050,201,0.54380107168862524
039521,5158,2050,148,0.53682921271505069
039521,5158,2050,161,0.54916258846926247
039521,5158,2050,176,0.53895158717498803
039521,5158,2050,180,0.55769405631497593
039521,5159,2050,253,0.55051719594149429
039521,5161,2050,292,0.53901510973861255
039521,5161,2050,299,0.5477095361049058
039521,5161,2050,302,0.54012474953869838
039521,5161,2050,318,0.52914195334124159
039521,5162,2050,209,0.54064208049999418
039521,5163,2050,454,0.54770988206056115
039521,5163,2050,479,0.54646227965833216
039521,5163,2050,480,0.54466340742234098
039521,5164,2050,608,0.54339860836460652
039521,5164,2050,618,0.54423022706078805
039521,5164,2050,621,0.53339696358803279
039521,5164,2050,639,0.53615920815994333
039521,5165,2050,115,0.54382014121144551
039521,5165,2050,134,0.53926589842082795
039521,5166,2050,171,0.53223501389440253
039521,5166,2050,176,0.56295357312628747
039521,5166,2050,181,0.54549164399533623
039521,5166,2050,182,0.54638101848930398
039521,5167,2050,301,0.5447317245283948
039521,5167,2050,303,0.38277592662696169
039521,5167,2050,305,0.54045261417574797
039521,5167,2050,320,0.54069314641744548
039521,5167,2050,326,0.54613424715450776
039521,5167,2050,329,0.55209694005169396
039521,5167,2050,330,0.53825964062184539
039521,5169,2050,352,0.55676904819207118
039521,5169,2050,377,0.55178843471005701
039521,5170,2050,529,0.54619136508701149
039521,5170,2050,532,0.54924734285576882
039521,5171,2050,185,0.54958849880195859
039521,5171,2050,199,0.54036759700476511
039521,5172,2050,437,0.54292288630597674
039521,5173,2050,311,0.53749937459348573
039521,5174,2050,196,0.5088847735075942
039521,5174,2050,203,0.55410317253487318
039521,5174,2050,213,0.54369750171239051
039521,5175,2050,127,0.55100743196055746
039521,5175,2050,149,0.5402190349631123
039521,5175,2050,152,0.55971400829729012
039521,5176,2050,430,0.53527708305910227
039521,5176,2050,442,0.55275663254502982
039521,5179,2050,189,0.54257549328681853
039521,5180,2050,389,0.54006330604023334
039521,5180,2050,403,0.54190101237345334
039521,5180,2050,406,0.53411510107852278
039521,5181,2050,313,0.56031046559321851
039521,5181,2050,322,0.54058796663541742
039521,5182,2050,531,0.53229974160206717
039521,5182,2050,535,0.56885521885521884
039521,5183,2050,384,0.53164112620137027
039521,5184,2050,381,0.54898985006511891
039521,5184,2050,404,0.53299692136756094
039521,5186,2050,201,0.53601940228446254
039521,5186,2050,204,0.54854023897970949
039521,5186,2050,205,0.54732541654598388
039521,5187,2050,183,0.54934197831037013
039521,5187,2050,200,0.54239269456630868
039521,5188,2050,270,0.54079195716651896
039521,5190,2050,566,0.5200028643719864
039521,5190,2050,583,0.55021033706296152
039521,5192,2050,408,0.54336655247586418
039521,5193,2050,149,0.5402140038993537
039521,5193,2050,154,0.57012750455373407
039521,5193,2050,186,0.53481350373513104
039521,5194,2050,302,0.55243859669862438
039521,5195,2050,5,0.54033903455461019
039521,5195,2050,28,0.54478509608332115
039521,5196,2050,114,0.5343555953252529
039521,5197,2050,224,0.5587866633241414
039521,5197,2050,238,0.52082748948106594
039521,5197,2050,255,0.54364580486471714
039521,5198,2050,358,0.54303815754173801
039521,5198,2050,365,0.55027235076978487
039521,5198,2050,366,0.54650325843789516
039521,5198,2050,368,0.54745078860496388
039521,5199,2050,188,0.55442496224835491
039521,5199,2050,204,0.53475007520304818
039521,5200,2050,139,0.53360520855691496
039521,5201,2050,135,0.53017858322506772
039521,5201,2050,136,0.54595061302020376
039521,5201,2050,147,0.5403615991851286
039521,5201,2050,151,0.53880775236520617
039521,5201,2050,156,0.54754345259901493
039521,5202,2050,460,0.5337854020717322
039521,5203,2050,576,0.55719140643566711
039521,5203,2050,582,0.55347240559809874
039521,5203,2050,584,0.54823752942177351
039521,5203,2050,592,0.54589997747240371
039521,5203,2050,598,0.54353687248424087
039521,5203,2050,602,0.54482299789577915
039521,5204,2050,556,0.53487920830503544
039521,5204,2050,567,0.54804487936836443
039521,5205,2050,437,0.53389230042512992
039521,5206,2050,150,0.55784576131275487
039521,5207,2050,224,0.54567354018115244
039521,5207,2050,230,0.52809386239018929
039521,5208,2050,524,0.55096681785629031
039521,5208,2050,533,0.60091686589603921
039521,5209,2050,174,0.53974284515858417
039521,5209,2050,187,0.54928215584470186
039521,5209,2050,199,0.55031137332022284
039521,5210,2050,536,0.54982951486510734
039521,5210,2050,551,0.53966089747157142
039521,5211,2050,229,0.53889406326537648
039521,5212,2050,439,0.54108926302681504
039521,5212,2050,447,0.541512361642702
039521,5213,2050,142,0.55287033982184097
039521,5213,2050,144,0.54197236866858467
039521,5213,2050,146,0.53431318070682376
039521,5213,2050,150,0.53514709017267104
039521,5213,2050,162,0.54052113736936258
039521,5213,2050,179,0.55172802176380387
039521,5215,2050,156,0.53596085787773884
039521,5215,2050,167,0.53714935557240329
039521,5215,2050,172,0.54038522763451136
039521,5215,2050,176,0.54534973758926264
039521,5215,2050,178,0.5514468755874995
039521,5216,2050,157,0.54113632863252759
039521,5216,2050,166,0.54502667816118733
039521,5216,2050,171,0.56114512659275195
039521,5216,2050,177,0.56116416552978632
039521,5219,2050,342,0.54424025929033892
039521,5220,2050,320,0.54062269109546124
039521,5222,2050,514,0.53027192262067702
039521,5223,2050,489,0.55691376023326233
039521,5223,2050,495,0.55000636866779795
039521,5224,2050,233,0.54556285191541265
039521,5225,2050,108,0.54089152540235896
039521,5227,2050,393,0.53833105079681276
039521,5229,2050,201,0.54580915231662064
039521,5229,2050,202,0.53659657589337006
039521,5229,2050,217,0.53945931429594485
039521,5229,2050,232,0.54074864459568572
039521,5230,2050,404,0.53814262465651097
039521,5231,2050,509,0.5483369561257575
039521,5231,2050,512,0.54320037167319302
039521,5232,2050,427,0.55642122559990936
039521,5232,2050,444,0.54698830842089685
039521,5233,2050,82,0.53515049463270892
039521,5234,2050,337,0.48858767129099318
039521,5235,2050,102,0.55727424749163879
039521,5235,2050,112,0.53911970382558616
039521,5235,2050,116,0.53460111536462029
039521,5235,2050,120,0.54962672446416894
039521,5236,2050,289,0.54644891886865821
039521,5236,2050,309,0.54394446090674342
039521,5236,2050,310,0.56373258774776569
039521,5237,2050,471,0.55560099102783056
039521,5238,2050,286,0.55526030226963707
039521,5238,2050,291,0.53330657692980565
039521,5241,2050,422,0.53714522477729443
039521,5241,2050,438,0.53008728456246768
039521,5242,2050,155,0.54258696160657605
039521,5243,2050,125,0.52985504405043438
039521,5244,2050,138,0.54171166748486332
039521,5244,2050,147,0.54515580208357606
039521,5244,2050,163,0.55160906532021703
039521,5245,2050,329,0.54905339820605414
039521,5246,2050,290,0.5458796676455443
039521,5246,2050,302,0.5422993222657464
039521,5248,2050,213,0.54671040523130554
039521,5248,2050,218,0.5514767400547832
039521,5249,2050,179,0.54830201121002309
039521,5249,2050,196,0.53893337876980751
039521,5252,2050,171,0.56789481032097577
039521,5253,2050,203,0.539570189274448
039521,5253,2050,230,0.53850962510801814
039521,5254,2050,513,0.54535982157465535
039521,5254,2050,537,0.55213171094185398
039521,5254,2050,539,0.54677969765754075
039521,5256,2050,90,0.54142483384957751
039521,5257,2050,308,0.54560864864864866
039521,5257,2050,313,0.54675383228133456
039521,5257,2050,318,0.54525010829956932
039521,5257,2050,325,0.53971758540372672
039521,5258,2050,229,0.53824938564078995
039521,5258,2050,242,0.54482758620689653
039521,5258,2050,248,0.52773635550253506
039521,5260,2050,274,0.54342075428916936
039521,5260,2050,275,0.55500234852043218
039521,5260,2050,288,0.54504431635320261
039521,5262,2050,363,0.53551254048354302
039521,5262,2050,367,0.54522365538655948
039521,5262,2050,371,0.53604402267277884
039521,5264,2050,260,0.53791393740902471
039521,5265,2050,211,0.54533317150139582
039521,5265,2050,227,0.54998583423479108
039521,5265,2050,236,0.5307430214747898
039521,5266,2050,205,0.54655233537179826
039521,5266,2050,212,0.55547952857063065
039521,5268,2050,197,0.58066533266633313
039521,5268,2050,218,0.5350788033162297
039521,5269,2050,106,0.55968597496286865
039521,5270,2050,193,0.54399378115140151
039521,5271,2050,440,0.54900911797543728
039521,5272,2050,265,0.54823582443308638
039521,5272,2050,266,0.54075232964937803
039521,5272,2050,270,0.53949440262289428
039521,5273,2050,494,0.54634666599351245
039521,5273,2050,515,0.53832879642232156
039521,5273,2050,516,0.54551208192012468
039521,5273,2050,519,0.54265279433379243
039521,5273,2050,532,0.55895459355552746
039521,5274,2050,208,0.53188190128427981
039521,5275,2050,471,0.54232053553231852
039521,5276,2050,501,0.53743371580934118
039521,5277,2050,319,0.53954315567165012
039521,5277,2050,337,0.5461091309236179
039521,5278,2050,412,0.53918487853914532
039521,5278,2050,417,0.53329237071172553
039521,5280,2050,244,0.56993358221262691
039521,5281,2050,217,0.54976288027873665
039521,5281,2050,226,0.55634897718943654
039521,5281,2050,252,0.54281970194358453
039521,5281,2050,256,0.54997558124047297
039521,5282,2050,81,0.52445749297932087
039521,5282,2050,92,0.55641266522883948
039521,5282,2050,97,0.53310973122422156
039521,5283,2050,451,0.5381499901955541
039521,5283,2050,467,0.53045334176514758
039521,5285,2050,374,0.55522632288879548
039521,5286,2050,75,0.52050218843584428
039521,5287,2050,157,0.54916480500776799
039521,5288,2050,454,0.54925888732677242
039521,5288,2050,480,0.54411258238821925
039521,5289,2050,210,0.53650760891997873
039521,5290,2050,199,0.53749266157869457
039521,5290,2050,206,0.54422949735449733
039521,5291,2050,329,0.5562044219762341
039521,5291,2050,353,0.54196692744731445
039521,5292,2050,227,0.53326157801895535
039521,5292,2050,228,0.52684474537816617
039521,5292,2050,230,0.5389628840348073
039521,5294,2050,123,0.55526081165864982
039521,5294,2050,131,0.52601302054102594
039521,5295,2050,453,0.54337514493517447
039521,5297,2050,270,0.55244326133117905
039521,5297,2050,271,0.54267848237234817
039521,5299,2050,163,0.53137685361610476
039521,5301,2050,454,0.55075521990226561
039521,5302,2050,119,0.54206203751774873
039521,5302,2050,131,0.53987455197132617
039521,5303,2050,409,0.52637234905805208
039521,5303,2050,418,0.5470022871533935
039521,5303,2050,424,0.55113309948160616
039521,5304,2050,347,0.54103609107042527
039521,5304,2050,349,0.54494716403055998
039521,5304,2050,365,0.54446909813710531
039521,5305,2050,182,0.53724085531314447
039521,5305,2050,186,0.55693340481573861
039521,5305,2050,192,0.55964516380048246
039521,5306,2050,393,0.54059292542178761
039521,5307,2050,80,0.53590446550718629
039521,5308,2050,319,0.53711040180247838
039521,5309,2050,185,0.53580721708534484
039521,5310,2050,189,0.54345249405101204
039521,5311,2050,155,0.54362724805666718
039521,5311,2050,163,0.55655232404220722
039521,5311,2050,165,0.53479870218891379
039521,5312,2050,433,0.54002396413110698
039521,5314,2050,78,0.54290504180809673
039521,5317,2050,491,0.54903988759659672
039521,5317,2050,493,0.54006911439992777
039521,5317,2050,496,0.54072798361571406
039521,5318,2050,383,0.55092640424286254
039521,5318,2050,401,0.54882454668424563
039521,5319,2050,394,0.54902274329657874
039521,5319,2050,403,0.54004686918241751
039521,5319,2050,423,0.54069157996802852
039521,5320,2050,282,0.53961913339046819
039521,5321,2050,150,0.53094887788300138
039521,5322,2050,115,0.55182099652079541
039521,5322,2050,125,0.53704174168535235
039521,5322,2050,137,0.54448999276585486
039521,5323,2050,293,0.55150983808498599
039521,5324,2050,326,0.54706540089013611
039521,5324,2050,327,0.54126124929432473
039521,5325,2050,187,0.52314591672080302
039521,5325,2050,218,0.54350543919467442
039521,5326,2050,445,0.53441189617015705
039521,5326,2050,470,0.52588209021884769
039521,5326,2050,476,0.54345408282290131
039521,5327,2050,224,0.54937738246505718
039521,5327,2050,230,0.53224419604471196
039521,5329,2050,446,0.53215729511209109
039521,5329,2050,463,0.54307520055879122
039521,5330,2050,466,0.57247242213771643
039521,5331,2050,212,0.54606766832777553
039521,5333,2050,310,0.54924752396059662
039521,5334,2050,285,0.53156075132765446
039521,5334,2050,300,0.55085613272424727
039521,5335,2050,329,0.55077099042616284
039521,5336,2050,308,0.5390813058268844
039521,5337,2050,203,0.55547628229849599
039521,5338,2050,469,0.5275141242937853
039521,5339,2050,56,0.53866399957888089
039521,5339,2050,65,0.55179768620093261
039521,5339,2050,71,0.55371357970629176
039521,5340,2050,282,0.5585268619102487
039521,5340,2050,313,0.55249644203823522
039521,5341,2050,403,0.55012628388617613
039521,5342,2050,384,0.54634223167178519
039521,5342,2050,397,0.54468452342900975
039521,5343,2050,199,0.54663163820604244
039521,5343,2050,225,0.53956271115441701
039521,5344,2050,456,0.53533310185534644
039521,5344,2050,465,0.54344354409416218
039521,5345,2050,132,0.53697100771568862
039521,5345,2050,133,0.53145646432963745
039521,5347,2050,485,0.52475489682256837
039521,5347,2050,489,0.54750454737996168
039521,5348,2050,71,0.54852758559517478
039521,5348,2050,77,0.53026259813590126
039521,5350,2050,367,0.54751217044951639
039521,5350,2050,369,0.54141500456390435
039521,5351,2050,347,0.54140395124001683
039521,5352,2050,442,0.54433322393611205
039521,5353,2050,431,0.55080801702565541
039521,5354,2050,432,0.53389991754931188
039521,5354,2050,436,0.56227501799856017
039521,5354,2050,440,0.54728289914289385
039521,5355,2050,392,0.54415070715119096
039521,5355,2050,397,0.53218822300843527
039521,5355,2050,407,0.54080788956525905
039521,5356,2050,101,0.54570994335190903
039521,5356,2050,124,0.52263894472842842
039521,5357,2050,223,0.54345009317493598
039521,5357,2050,229,0.53532169795047901
039521,5357,2050,243,0.53982597941787025
039521,5357,2050,251,0.53861390140873533
039521,5358,2050,204,0.54017952553964521
039521,5358,2050,208,0.54990384237999923
039521,5358,2050,216,0.54210805950629393
039521,5358,2050,219,0.54639760607688181
039521,5359,2050,158,0.5433508371304997
039521,5360,2050,194,0.49398496240601503
039521,5360,2050,209,0.51732216385063179
039521,5361,2050,179,0.54009293514702228
039521,5361,2050,182,0.54032806391296961
039521,5362,2050,106,0.52746530999468311
039521,5362,2050,128,0.53756600128783005
039521,5362,2050,130,0.4934656263044665
039521,5363,2050,133,0.52328558854124985
039521,5363,2050,138,0.5521618710570857
039521,5364,2050,226,0.53723693098287484
039521,5365,2050,396,0.5459830332255885
039521,5368,2050,379,0.55236676372993843
039521,5368,2050,382,0.54027331036714188
039521,5369,2050,414,0.5310494973426394
039521,5370,2050,506,0.56285604942321366
039521,5371,2050,385,0.54473885464933192
039521,5372,2050,111,0.55468413109098746
039521,5372,2050,113,0.53575921976639396
039521,5373,2050,362,0.53393233448347732
039521,5373,2050,364,0.53905224171186916
039521,5373,2050,379,0.55322488375163192
039521,5374,2050,103,0.54471562894804515
039521,5375,2050,294,0.54854167899189488
039521,5375,2050,299,0.5357253180316206
039521,5375,2050,310,0.54752622966599285
039521,5376,2050,348,0.53782547178478901
039521,5377,2050,321,0.54938009452702241
039521,5378,2050,237,0.52159354666869606
039521,5378,2050,245,0.53873455296357242
039521,5378,2050,254,0.53905457229082376
039521,5379,2050,152,0.54342067468802857
039521,5380,2050,272,0.57905521707057184
039521,5380,2050,297,0.5470451078439208
039521,5381,2050,214,0.52789196885836986
039521,5381,2050,226,0.55837307817637827
039521,5381,2050,233,0.53520600714847189
039521,5383,2050,291,0.54806471564829584
039521,5384,2050,104,0.53531371519780613
039521,5384,2050,112,0.55378970948794382
039521,5384,2050,119,0.54983396473504509
039521,5385,2050,319,0.54414896448916572
039521,5385,2050,328,0.52480983796512604
039521,5386,2050,313,0.54626404993103073
039521,5386,2050,314,0.55124082835207799
039521,5386,2050,320,0.55466428418824165
039521,5387,2050,285,0.54436881873397447
039521,5387,2050,304,0.53927519353291775
039521,5388,2050,501,0.53987381560111791
039521,5389,2050,431,0.54276926581990093
039521,5391,2050,410,0.5455885904590001
039521,5392,2050,237,0.5419392884221168
039521,5392,2050,238,0.53958714209624714
039521,5394,2050,297,0.55027485909122542
039521,5394,2050,300,0.53786316913044119
039521,5395,2050,509,0.53481629355007365
039521,5395,2050,516,0.56163320003403383
039521,5396,2050,456,0.54781003028288644
039521,5397,2050,207,0.54087158024165893
039521,5397,2050,225,0.5499934374589841
039521,5400,2050,134,0.53033573432283199
039521,5401,2050,309,0.52934230399560622
039521,5401,2050,344,0.54437658193022997
039521,5403,2050,359,0.5587981386730676
039521,5404,2050,332,0.53150251298142337
039521,5404,2050,374,0.54224673846423255
039521,5405,2050,265,0.5210979705066433
039521,5405,2050,271,0.54206653114609438
039521,5406,2050,275,0.53759896429816267
039521,5407,2050,364,0.53134785795189554
039521,5407,2050,373,0.54631528575334976
039521,5407,2050,380,0.54432001322368695
039521,5408,2050,326,0.56576194889447906
039521,5408,2050,352,0.55277744614807356
039521,5409,2050,284,0.52627652615027942
039521,5409,2050,290,0.53001336729804027
039521,5409,2050,298,0.54041565076047837
039521,5411,2050,151,0.54864291772688722
039521,5411,2050,159,0.55004204711072002
039521,5412,2050,495,0.51723812222537069
039521,5412,2050,506,0.56876935128884243
039521,5413,2050,226,0.52889833574529665
039521,5413,2050,227,0.54528312274616675
039521,5414,2050,342,0.54763215297739176
039521,5415,2050,25,0.53951160778116414
039521,5415,2050,48,0.5646266151634638
039521,5416,2050,71,0.54731684554363047
039521,5416,2050,88,0.54390140246493834
039521,5417,2050,116,0.53532325338894682
039521,5417,2050,141,0.551968253968254
039521,5417,2050,146,0.53834538990542335
039521,5418,2050,420,0.54007251182101257
039521,5418,2050,423,0.53355656541497254
039521,5418,2050,435,0.5443459952627423
039521,5418,2050,449,0.55095853367457459
039521,5419,2050,165,0.54272773307826483
039521,5421,2050,214,0.55327436500852067
039521,5421,2050,215,0.53651461309739645
039521,5422,2050,216,0.54041022930232185
039521,5422,2050,220,0.53551870292493964
039521,5422,2050,223,0.54338869743217677
039521,5422,2050,227,0.5444241583290732
039521,5422,2050,250,0.53971632261233238
039521,5423,2050,412,0.543296118861195
039521,5423,2050,419,0.54418616729236846
039521,5424,2050,73,0.54046725684469721
039521,5424,2050,81,0.54730928444707272
039521,5424,2050,92,0.53192852741836105
039521,5425,2050,328,0.54436632473284707
039521,5425,2050,356,0.53347105940342865
039521,5427,2050,423,0.55121090672421469
039521,5427,2050,439,0.53871336480065946
039521,5428,2050,453,0.5409283667621777
039521,5428,2050,461,0.54395175962987996
039521,5428,2050,468,0.52568360653786173
039521,5431,2050,255,0.52949332546647987
039521,5431,2050,258,0.54427390791027153
039521,5431,2050,284,0.52772410030236205
039521,5432,2050,280,0.54294773795368323
039521,5433,2050,361,0.53191379893277668
039521,5433,2050,401,0.56066216510564149
039521,5435,2050,479,0.54985772148848489
039521,5435,2050,495,0.55856488251925518
039521,5435,2050,499,0.54212995693810662
039521,5435,2050,502,0.54715687167480165
039521,5435,2050,506,0.53110618150514854
039521,5436,2050,338,0.5602207841644461
039521,5437,2050,394,0.53671937390193258
039521,5438,2050,144,0.54805564590520572
039521,5439,2050,160,0.5477365740885376
039521,5440,2050,391,0.54417895436923125
039521,5442,2050,304,0.53032096193902667
039521,5442,2050,311,0.53689807942104284
039521,5442,2050,330,0.54499682703505603
039521,5442,2050,334,0.55055613895973088
039521,5443,2050,272,0.54413607348283788
039521,5443,2050,291,0.54496697074551748
039521,5443,2050,303,0.54414506739541968
039521,5444,2050,62,0.5368796899165601
039521,5445,2050,175,0.53589864864864867
039521,5445,2050,192,0.55380284651369238
039521,5445,2050,194,0.54476735595355674
039521,5445,2050,201,0.5397014790967829
039521,5446,2050,203,0.55457176911288952
039521,5447,2050,152,0.54735463065605161
039521,5447,2050,169,0.54161298123619872
039521,5448,2050,314,0.53385387618516456
039521,5448,2050,334,0.54917548282808781
039521,5448,2050,337,0.54476524893163425
039521,5449,2050,164,0.54282089414295198
039521,5449,2050,171,0.53750333909767034
039521,5449,2050,192,0.56547801356377159
039521,5450,2050,495,0.54716435707962208
039521,5451,2050,280,0.53563875392969418
039521,5452,2050,81,0.54076958314246448
039521,5452,2050,90,0.55132409388540649
039521,5452,2050,91,0.54360301190831595
039521,5453,2050,143,0.538249902075989
039521,5453,2050,164,0.54324016061747105
039521,5454,2050,112,0.535309414144161
039521,5454,2050,142,0.53280347904326308
039521,5454,2050,144,0.53757975217505927
039521,5455,2050,243,0.57071109341121284
039521,5455,2050,250,0.55162177287879899
039521,5456,2050,327,0.53988586814555828
039521,5456,2050,349,0.54899979938669652
039521,5457,2050,408,0.55345693847431787
039521,5457,2050,424,0.55456479107881651
039521,5457,2050,432,0.53772845165570904
039521,5459,2050,437,0.53716640891049128
039521,5460,2050,177,0.54439657484045123
039521,5460,2050,184,0.53064159451920156
039521,5460,2050,186,0.54975485991350126
039521,5461,2050,370,0.55804712611677765
039521,5461,2050,379,0.53491620111731841
039521,5461,2050,393,0.55142318754338981
039521,5462,2050,212,0.5396153103581427
039521,5462,2050,226,0.53054205935725574
039521,5462,2050,233,0.54272276980037026
039521,5462,2050,243,0.54141620893356823
039521,5463,2050,123,0.5268081280955289
039521,5464,2050,264,0.53773838168910459
039521,5465,2050,349,0.53687970871785473
039521,5465,2050,373,0.50868395303326808
039521,5465,2050,379,0.53780021671568567
039521,5466,2050,129,0.56433469933929914
039521,5467,2050,78,0.54737848170398684
039521,5467,2050,91,0.55260679191487194
039521,5467,2050,95,0.53809064609450341
039521,5468,2050,106,0.54969361595698119
039521,5469,2050,117,0.54752768649203121
039521,5469,2050,145,0.54224050557443515
039521,5470,2050,161,0.54998193226240921
039521,5470,2050,162,0.55048579510515316
039521,5470,2050,167,0.54074944893460686
039521,5471,2050,209,0.53611005515668375
039521,5471,2050,237,0.55603557375917534
039521,5472,2050,203,0.54420323745680355
039521,5472,2050,209,0.53396332335329344
039521,5472,2050,220,0.52919477972591222
039521,5472,2050,237,0.53865452851152285
039521,5473,2050,200,0.5397090731966524
039521,5476,2050,211,0.54569425261530125
039521,5477,2050,194,0.53963545031804816
039521,5477,2050,210,0.54707683741648105
039521,5478,2050,354,0.55888798953987917
039521,5478,2050,385,0.53272402973609867
039521,5479,2050,328,0.53885614882135757
039521,5480,2050,329,0.54608761799384531
039521,5480,2050,332,0.53447134075557257
039521,5481,2050,140,0.55514993481095176
039521,5481,2050,145,0.54391263940520451
039521,5482,2050,432,0.54742221018572634
039521,5482,2050,436,0.5415858380071914
039521,5483,2050,406,0.54579962704643337
039521,5483,2050,417,0.54824724719399964
039521,5485,2050,223,0.53542105321791833
039521,5485,2050,228,0.52259936176385258
039521,5486,2050,323,0.55455893994942629
039521,5486,2050,329,0.53429109576393252
039521,5486,2050,345,0.54945092451171962
039521,5486,2050,353,0.53467160942855141
039521,5487,2050,261,0.53808989146337316
039521,5487,2050,266,0.53759607754894179
039521,5487,2050,286,0.55616541353383464
039521,5488,2050,199,0.5411207729468599
039521,5490,2050,140,0.54861354042771515
039521,5491,2050,311,0.54833824425093414
039521,5493,2050,178,0.58380666202499176
039521,5494,2050,543,0.54574297773249891
039521,5495,2050,418,0.54296824432649893
039521,5495,2050,421,0.55185121536728343
039521,5496,2050,369,0.55071975187944577
039521,5496,2050,371,0.53858299098657181
039521,5497,2050,414,0.5532493819786638
039521,5498,2050,403,0.5437014896591621
039521,5501,2050,310,0.54144483024691359
039521,5501,2050,311,0.54575122769938456
039521,5502,2050,484,0.5358628212995159
039521,5502,2050,495,0.53000865584165024
039521,5503,2050,160,0.54659621329992525
039521,5503,2050,161,0.53696863231100578
039521,5504,2050,194,0.54156363287158182
039521,5504,2050,203,0.53306910607284408
039521,5504,2050,205,0.56354025386889239
039521,5505,2050,466,0.53598655146800112
039521,5506,2050,235,0.5397351425402831
039521,5506,2050,249,0.55391044776119402
039521,5506,2050,260,0.54057256072664472
039521,5507,2050,453,0.54283612758604582
039521,5507,2050,459,0.55024628243496343
039521,5507,2050,476,0.54506163115819317
039521,5507,2050,487,0.56145396583388196
039521,5507,2050,493,0.53075054756793094
039521,5508,2050,215,0.53870973622327145
039521,5508,2050,216,0.53458856710103675
039521,5509,2050,293,0.53089972141203556
039521,5510,2050,326,0.53485316112076497
039521,5510,2050,334,0.54207679347344151
039521,5510,2050,347,0.53118185782817273
039521,5510,2050,354,0.54992374794119436
039521,5511,2050,398,0.53855730777937072
039521,5513,2050,313,0.56903808643876397
039521,5514,2050,202,0.54294223826714805
039521,5515,2050,145,0.53876900328080957
039521,5515,2050,162,0.53607005689092246
039521,5515,2050,170,0.53906274787685216
039521,5515,2050,171,0.55095504534053641
039521,5515,2050,172,0.53258400792033078
039521,5516,2050,487,0.55765764275909968
039521,5516,2050,497,0.54047964516167091
039521,5516,2050,518,0.54990904387589912
039521,5517,2050,423,0.53644088977755566
039521,5517,2050,435,0.53286769107962484
039521,5518,2050,314,0.56840925017519273
039521,5518,2050,319,0.550084546124608
039521,5518,2050,320,0.54987649629488888
039521,5518,2050,324,0.54079079079079084
039521,5519,2050,158,0.54276450347698457
039521,5519,2050,170,0.54113220667304085
039521,5519,2050,177,0.47142542733475168
039521,5521,2050,242,0.56039029535864981
039521,5522,2050,132,0.54194621866781167
039521,5522,2050,147,0.54417639313530763
039521,5523,2050,412,0.54514895347529269
039521,5523,2050,415,0.54808434495824854
039521,5523,2050,420,0.54266798103053226
039521,5524,2050,390,0.54493217649833481
039521,5524,2050,410,0.5360486686239283
039521,5525,2050,350,0.54609860130512444
039521,5525,2050,355,0.5276166163843119
039521,5525,2050,368,0.53090401105678486
039521,5527,2050,242,0.54511157534362276
039521,5527,2050,246,0.54337486906083399
039521,5528,2050,241,0.54499608797031507
039521,5528,2050,251,0.55292691069044064
039521,5529,2050,423,0.54999660908571257
039521,5529,2050,433,0.52604953820319056
039521,5529,2050,436,0.54805294456167275
039521,5530,2050,164,0.54520333196051596
039521,5530,2050,176,0.56461490429645289
039521,5533,2050,475,0.53382781582501959
039521,5534,2050,278,0.53406907644877355
039521,5537,2050,326,0.54890936910650112
039521,5539,2050,139,0.51728581306178889
039521,5539,2050,141,0.5488635945039968
039521,5540,2050,100,0.53745917305784729
039521,5541,2050,237,0.5450801258050022
039521,5541,2050,246,0.55149411409598548
039521,5542,2050,445,0.54891037384203745
039521,5542,2050,447,0.47991598844841166
039521,5542,2050,448,0.55746295627032882
039521,5543,2050,384,0.54256506136726879
039521,5544,2050,327,0.53850483430739104
039521,5544,2050,331,0.54761864734461951
039521,5545,2050,110,0.53213328597720444
039521,5545,2050,111,0.54354679042075926
039521,5545,2050,133,0.54130664268678896
039521,5546,2050,474,0.55014527668755919
039521,5546,2050,483,0.5470103892744751
039521,5546,2050,488,0.53124834769735108
039521,5546,2050,501,0.5427415337879804
039521,5547,2050,246,0.55756738857811161
039521,5547,2050,258,0.53500253335585202
039521,5549,2050,169,0.54796486684659662
039521,5549,2050,173,0.55413278699020418
039521,5549,2050,189,0.53770746799309432
039521,5550,2050,250,0.55093828535311729
039521,5550,2050,269,0.5753932278681837
039521,5550,2050,274,0.54565804708606713
039521,5550,2050,275,0.54809593968595283
039521,5551,2050,204,0.54274303464452123
039521,5551,2050,207,0.51015375009755715
039521,5552,2050,288,0.53119730185497471
039521,5552,2050,312,0.53549366827962519
039521,5552,2050,324,0.54782975795859656
039521,5553,2050,477,0.5395554328316996
039521,5554,2050,215,0.53161538746343806
039521,5554,2050,218,0.53938115330520398
039521,5555,2050,472,0.54842694503488876
039521,5555,2050,474,0.52359953145455795
039521,5556,2050,363,0.5449741539878199
039521,5556,2050,364,0.54488600548193578
039521,5556,2050,393,0.54256466613753385
039521,5557,2050,482,0.55217835876255583
039521,5557,2050,492,0.54609686609686614
039521,5557,2050,504,0.54656710041476053
039521,5558,2050,147,0.5404708396271598
039521,5558,2050,182,0.54590599302466958
039521,5559,2050,442,0.5386851975692728
039521,5560,2050,197,0.55055454728775965
039521,5560,2050,208,0.55436199379747408
039521,5560,2050,209,0.54308951621366353
039521,5561,2050,469,0.54921366804837535
039521,5561,2050,482,0.54596896580120702
039521,5561,2050,483,0.5588912458609272
039521,5562,2050,322,0.54959417821087697
039521,5563,2050,343,0.53937112143951393
039521,5563,2050,353,0.54884769098047503
039521,5563,2050,355,0.54782088148203578
039521,5564,2050,263,0.54491664554800179
039521,5565,2050,424,0.54539401026440593
039521,5565,2050,435,0.53992545457598096
039521,5565,2050,447,0.53822473687412542
039521,5566,2050,233,0.56006511905865863
039521,5566,2050,258,0.53506332296282333
039521,5568,2050,264,0.53628653336029597
039521,5568,2050,268,0.57079725682112048
039521,5569,2050,242,0.53486363075404175
039521,5570,2050,160,0.47969700966629608
039521,5570,2050,172,0.54330105417994612
039521,5570,2050,184,0.52936474312344628
039521,5572,2050,332,0.54560872041841435
039521,5572,2050,345,0.51836217813423391
039521,5573,2050,171,0.55639008106819265
039521,5573,2050,174,0.5365090566925429
039521,5573,2050,202,0.55045052042877118
039521,5574,2050,182,0.54102299631965123
039521,5574,2050,186,0.56110812986316072
039521,5574,2050,188,0.53722916714806168
039521,5574,2050,192,0.54321309323914846
039521,5574,2050,201,0.51531490345829079
039521,5575,2050,323,0.5418879232332201
039521,5575,2050,332,0.55943533993185135
039521,5576,2050,392,0.53642769292287928
039521,5576,2050,425,0.55225973751058421
039521,5578,2050,467,0.53763488413231908
039521,5578,2050,475,0.53396667096533834
039521,5578,2050,486,0.55157654805622391
039521,5579,2050,274,0.52400381315538613
039521,5579,2050,294,0.53962059394369433
039521,5580,2050,322,0.54743293799251769
039521,5581,2050,100,0.54814313744438237
039521,5581,2050,103,0.55522255522255526
039521,5581,2050,128,0.54196070635788363
039521,5582,2050,448,0.54575175632338813
039521,5584,2050,195,0.54131208716980506
039521,5584,2050,198,0.53891302690753873
039521,5584,2050,200,0.53788041487171068
039521,5586,2050,366,0.55484135925037015
039521,5587,2050,193,0.5562069670734201
039521,5587,2050,196,0.5537204900886542
039521,5587,2050,203,0.53510711637768438
039521,5589,2050,223,0.53759027857388508
039521,5589,2050,225,0.54869063779920402
039521,5589,2050,233,0.55537785545287421
039521,5590,2050,95,0.55579016107966916
039521,5592,2050,60,0.54685642975992399
039521,5593,2050,125,0.53065995724973281
039521,5593,2050,136,0.548994908938225
039521,5593,2050,141,0.54262405144921777
039521,5594,2050,143,0.54185560292161072
039521,5594,2050,164,0.5303492800994084
039521,5594,2050,168,0.55459937880946264
039521,5594,2050,169,0.54827888271715541
039521,5595,2050,203,0.54279396685551273
039521,5595,2050,205,0.54929534685943382
039521,5596,2050,468,0.5351321706701766
039521,5596,2050,478,0.54452267953007083
039521,5596,2050,500,0.53318049917362931
039521,5596,2050,502,0.5518673744993946
039521,5597,2050,256,0.53203499489221262
039521,5598,2050,482,0.54966869620632208
039521,5601,2050,363,0.53971995662627881
039521,5602,2050,508,0.54375634113832139
039521,5602,2050,513,0.54956604006416854
039521,5602,2050,522,0.53541625984508234
039521,5603,2050,192,0.54714887774975252
039521,5603,2050,193,0.53222318146621928
039521,5604,2050,252,0.54536444593432543
039521,5604,2050,273,0.53745509934979308
039521,5604,2050,274,0.53281586745689657
039521,5604,2050,278,0.54822055394706504
039521,5604,2050,281,0.52883970489604293
039521,5606,2050,445,0.5388827810790876
039521,5607,2050,146,0.54551080643625627
039521,5607,2050,156,0.53304161162483488
039521,5607,2050,166,0.52788521306720082
039521,5608,2050,136,0.57150971720696231
039521,5608,2050,137,0.55444069702079823
039521,5608,2050,143,0.54648694898492101
039521,5611,2050,101,0.54334586239472571
039521,5611,2050,118,0.52976083438230537
039521,5612,2050,254,0.53311685320805124
039521,5612,2050,274,0.5759111840930996
039521,5612,2050,293,0.54021342802054106
039521,5614,2050,233,0.52933301266634603
039521,5614,2050,241,0.55251677692182866
039521,5614,2050,243,0.52641768232942743
039521,5614,2050,244,0.54383555155591345
039521,5616,2050,368,0.54811536819222861
039521,5616,2050,389,0.54483478688121856
039521,5617,2050,120,0.52566298797562183
039521,5619,2050,300,0.54438390842551321
039521,5619,2050,310,0.51586350879594767
039521,5619,2050,314,0.52657316232856921
039521,5621,2050,286,0.54019214851052355
039521,5622,2050,195,0.53676637147140993
039521,5622,2050,211,0.53831707760344094
039521,5622,2050,212,0.54401556736661727
039521,5622,2050,213,0.5435090479937057
039521,5623,2050,442,0.5283526662772261
039521,5623,2050,448,0.53735602894710022
039521,5624,2050,326,0.53582359716965611
039521,5624,2050,329,0.53757856485597089
039521,5624,2050,335,0.55145234856365533
039521,5625,2050,298,0.53603883789729201
039521,5625,2050,319,0.57051119254072491
039521,5626,2050,360,0.53761179212344035
039521,5627,2050,209,0.54195586155148723
039521,5627,2050,216,0.53148148148148144
039521,5628,2050,454,0.55829419784881074
039521,5628,2050,462,0.56029643435620935
039521,5628,2050,463,0.54597317199498574
039521,5630,2050,294,0.53099031740002534
039521,5630,2050,298,0.55188284518828457
039521,5630,2050,312,0.51027061694963571
039521,5631,2050,232,0.54541640444724149
039521,5631,2050,233,0.55926084126596698
039521,5632,2050,408,0.56665095552318112
039521,5633,2050,473,0.55639508592101294
039521,5633,2050,478,0.54904529900395616
039521,5633,2050,482,0.54301621771473452
039521,5635,2050,59,0.53800515180946751
039521,5636,2050,468,0.5436722921619831
039521,5637,2050,140,0.5515671755338033
039521,5638,2050,166,0.54949152028614301
039521,5638,2050,187,0.54692501085409073
039521,5639,2050,88,0.52960849263678811
039521,5639,2050,93,0.56017651930254453
039521,5639,2050,97,0.53551439373138743
039521,5640,2050,418,0.53921080052552894
039521,5640,2050,420,0.5447423273197729
039521,5641,2050,183,0.54149513518799197
039521,5642,2050,136,0.55571047674959029
039521,5643,2050,155,0.53702402332057986
039521,5644,2050,477,0.5236768802228412
039521,5644,2050,488,0.54539354742512069
039521,5645,2050,214,0.53253870151274352
039521,5646,2050,255,0.55324216839284579
039521,5646,2050,258,0.54647678854983228
039521,5646,2050,268,0.53779414518444546
039521,5647,2050,335,0.53984803174344598
039521,5647,2050,346,0.54106393286447718
039521,5647,2050,348,0.54037724180581326
039521,5647,2050,358,0.54137314956610516
039521,5648,2050,136,0.54314308291876945
039521,5648,2050,145,0.53831009682992481
039521,5649,2050,133,0.54759221902809307
039521,5651,2050,117,0.54333010945020965
039521,5651,2050,118,0.5536348301068359
039521,5651,2050,127,0.52914130722413333
039521,5651,2050,144,0.54919794939639488
039521,5652,2050,263,0.54900499950985193
039521,5653,2050,228,0.55336453398778607
039521,5653,2050,232,0.53910490429004654
039521,5653,2050,250,0.5323620061641916
039521,5653,2050,256,0.54700279890417458
039521,5654,2050,82,0.55466564713878652
039521,5654,2050,95,0.53989412590088659
039521,5654,2050,109,0.54216141446512456
039521,5655,2050,370,0.55926702563724306
039521,5656,2050,514,0.5482900973446817
039521,5656,2050,522,0.5417456963385523
039521,5656,2050,524,0.54496311371152384
039521,5656,2050,532,0.55325616541869893
039521,5657,2050,357,0.55047776173781537
039521,5657,2050,377,0.52257414131854796
039521,5658,2050,68,0.55010483179262371
039521,5658,2050,69,0.54731427354122419
039521,5658,2050,84,0.54281287930921196
039521,5658,2050,88,0.54462667336376147
039521,5660,2050,454,0.57784418171581997
039521,5661,2050,338,0.528729860250438
039521,5663,2050,189,0.53038045389660093
039521,5663,2050,198,0.54187949167886806
039521,5665,2050,438,0.5492412296746686
039521,5666,2050,514,0.55196135831381732
039521,5666,2050,544,0.54093799682034971
039521,5667,2050,334,0.54808208554554672
039521,5668,2050,381,0.5347959543098677
039521,5668,2050,382,0.53501097522734398
039521,5668,2050,394,0.54360569057241614
039521,5669,2050,160,0.53597238810502235
039521,5669,2050,180,0.52834906863995912
039521,5670,2050,564,0.55019452284689907
039521,5670,2050,593,0.53664834924931859
039521,5671,2050,230,0.54442365698140582
039521,5671,2050,254,0.55205181465792186
039521,5672,2050,351,0.52104902977990686
039521,5672,2050,363,0.55029536168326199
039521,5672,2050,368,0.54016814342456709
039521,5672,2050,369,0.54710389750797339
039521,5673,2050,186,0.54827835933899538
039521,5673,2050,221,0.51539317507418403
039521,5674,2050,458,0.54794093319050263
039521,5674,2050,461,0.57585719041278294
039521,5675,2050,391,0.5377474898181378
039521,5676,2050,455,0.54971989443955738
039521,5677,2050,143,0.53369618626450466
039521,5678,2050,311,0.54553243362908188
039521,5679,2050,519,0.55410682374743525
039521,5680,2050,404,0.54042792792792793
039521,5680,2050,405,0.54121304397613101
039521,5681,2050,304,0.5327141290481413
039521,5681,2050,308,0.5347440071026931
039521,5681,2050,311,0.54359878034292952
039521,5683,2050,448,0.5526210274915887
039521,5683,2050,454,0.53824292852086308
039521,5683,2050,474,0.55263785158112189
039521,5684,2050,211,0.5473342897765654
039521,5685,2050,114,0.5591769026455331
039521,5685,2050,119,0.54290008038304272
039521,5686,2050,407,0.5427931882022472
039521,5687,2050,334,0.53828826651456418
039521,5688,2050,253,0.55789298472490745
039521,5689,2050,263,0.54324822227957603
039521,5690,2050,192,0.55593347374812618
039521,5691,2050,245,0.54154815309726068
039521,5692,2050,153,0.5476627679533751
039521,5692,2050,169,0.54562098385765057
039521,5694,2050,199,0.53894848125419004
039521,5694,2050,211,0.53554377324354208
039521,5694,2050,227,0.54395447003313135
039521,5695,2050,369,0.5392988288770556
039521,5696,2050,323,0.54224635956466238
039521,5697,2050,55,0.53231409338017388
039521,5698,2050,188,0.54614558261602686
039521,5698,2050,204,0.54556273836250035
039521,5698,2050,212,0.54241834534266031
039521,5698,2050,219,0.5415909710237079
039521,5699,2050,313,0.5420611728034288
039521,5699,2050,347,0.54831845113911371
039521,5700,2050,212,0.55115832839527079
039521,5700,2050,226,0.5431986861353173
039521,5700,2050,232,0.53391795912451079
039521,5701,2050,181,0.57234835648932569
039521,5701,2050,182,0.54304454769062582
039521,5701,2050,197,0.55767781347931289
039521,5701,2050,198,0.54889313635869674
039521,5701,2050,200,0.53900180908800677
039521,5701,2050,201,0.54490299353290217
039521,5702,2050,218,0.54726464334042146
039521,5702,2050,223,0.53912567597733185
039521,5703,2050,590,0.53054101221640493
039521,5704,2050,240,0.53696224424825856
039521,5705,2050,365,0.53805448290916758
039521,5705,2050,377,0.53717675063690817
039521,5707,2050,276,0.54108750268277594
039521,5707,2050,291,0.53368703656353877
039521,5707,2050,292,0.54137333248768527
039521,5709,2050,414,0.5699071251837774
039521,5710,2050,527,0.52918900023304594
039521,5710,2050,558,0.54620164361595513
039521,5711,2050,247,0.54760577124137455
039521,5712,2050,152,0.53891087541554539
039521,5712,2050,155,0.54205439756778584
039521,5713,2050,180,0.5599422101662932
039521,5713,2050,193,0.5525443733260702
039521,5714,2050,404,0.53788504552330918
039521,5715,2050,314,0.53687607917993252
039521,5715,2050,318,0.5452912713672956
039521,5716,2050,135,0.55042494891324545
039521,5716,2050,148,0.53525144673567526
039521,5716,2050,159,0.54292013901864788
039521,5717,2050,147,0.54046972359801881
039521,5718,2050,120,0.53535271841519338
039521,5719,2050,237,0.54452234128193711
039521,5720,2050,218,0.54447969543147212
039521,5720,2050,231,0.54171486900306232
039521,5720,2050,238,0.54290078098291072
039521,5720,2050,244,0.54239027268296436
039521,5721,2050,439,0.54040950225334783
039521,5722,2050,247,0.5373408971730943
039521,5723,2050,258,0.54333776848507886
039521,5723,2050,270,0.52107235953345887
039521,5724,2050,308,0.54222043227278827
039521,5724,2050,314,0.54541413849064013
039521,5724,2050,324,0.54854928836183248
039521,5724,2050,325,0.54147996052228564
039521,5725,2050,411,0.53048481418600268
039521,5726,2050,180,0.54607242127708178
039521,5728,2050,497,0.5483432537876719
039521,5728,2050,517,0.54445690944655389
039521,5728,2050,532,0.53764893155178239
039521,5729,2050,286,0.54100824314473173
039521,5730,2050,156,0.54165559982293054
039521,5730,2050,168,0.56041878868604555
039521,5731,2050,574,0.55055980382667058
039521,5732,2050,184,0.55484418893316778
039521,5732,2050,188,0.53814936703749316
039521,5733,2050,387,0.55689798993622686
039521,5733,2050,417,0.55858156028368799
039521,5735,2050,86,0.5363291067480489
039521,5736,2050,175,0.54137448349193107
039521,5736,2050,197,0.53793613277386165
039521,5736,2050,211,0.54986281274618998
039521,5737,2050,471,0.50656999300387962
039521,5737,2050,476,0.52921739130434786
039521,5737,2050,481,0.54927430690805634
039521,5737,2050,483,0.53373106929784309
039521,5738,2050,215,0.53909107126928912
039521,5739,2050,457,0.56659160808435849
039521,5739,2050,486,0.55016176637529801
039521,5739,2050,496,0.5364128735109317
039521,5740,2050,328,0.53991632513661203
039521,5740,2050,333,0.55459350050601597
039521,5740,2050,361,0.56061489530877284
039521,5741,2050,216,0.55096044233383523
039521,5742,2050,468,0.54063063369502362
039521,5742,2050,482,0.54179127020087603
039521,5742,2050,496,0.53931741960939039
039521,5743,2050,449,0.54884734566009463
039521,5743,2050,463,0.55336197580326318
039521,5745,2050,384,0.52415259241762135
039521,5745,2050,392,0.55020358343277187
039521,5745,2050,400,0.53918595745345987
039521,5745,2050,403,0.55002137230556292
039521,5745,2050,407,0.55308604744672296
039521,5746,2050,335,0.53190212680845395
039521,5747,2050,177,0.54518149284253581
039521,5748,2050,159,0.54059372059200961
039521,5749,2050,148,0.54448917096782157
039521,5749,2050,163,0.54345802756398787
039521,5749,2050,178,0.53790192832326811
039521,5750,2050,399,0.55496709373417963
039521,5750,2050,405,0.54678851368921577
039521,5751,2050,421,0.53811498155463422
039521,5751,2050,439,0.54459569280780173
039521,5752,2050,243,0.55009807767752061
039521,5753,2050,234,0.52992650159648169
039521,5754,2050,274,0.54184473369313046
039521,5755,2050,265,0.54566801339825266
039521,5755,2050,291,0.53940577658831457
039521,5756,2050,513,0.54337049180327868
039521,5757,2050,43,0.51225040474905559
039521,5758,2050,445,0.53015339357007774
039521,5761,2050,353,0.54789553710170591
039521,5762,2050,294,0.53494506539080011
039521,5763,2050,201,0.55256750175856284
039521,5763,2050,213,0.55208718593584338
039521,5763,2050,214,0.54530408606277214
039521,5763,2050,215,0.57338521400778208
039521,5764,2050,96,0.54711461809730988
039521,5765,2050,264,0.53861574831030068
039521,5766,2050,250,0.55906971518454018
039521,5766,2050,266,0.54556522523334983
039521,5766,2050,273,0.53187782148419971
039521,5766,2050,279,0.53929801894918172
039521,5767,2050,452,0.54674220963172804
039521,5768,2050,343,0.53952350591388754
039521,5768,2050,352,0.55472424642456464
039521,5769,2050,69,0.55800388852883998
039521,5770,2050,229,0.52552608641514131
039521,5770,2050,236,0.54082917165380329
039521,5770,2050,247,0.54494557275846778
039521,5771,2050,426,0.54819332076160354
039521,5771,2050,435,0.53909240021869875
039521,5771,2050,444,0.53038932985541509
039521,5772,2050,139,0.5569288053474496
039521,5774,2050,116,0.53468224041202983
039521,5774,2050,129,0.52736869732582892
039521,5774,2050,130,0.55005437878709407
039521,5775,2050,184,0.54751387707983379
039521,5775,2050,190,0.542814926809154
039521,5775,2050,215,0.55402497900923597
039521,5776,2050,244,0.53792933796623721
039521,5776,2050,270,0.54928700102698791
039521,5776,2050,273,0.53126444218504487
039521,5777,2050,438,0.54093022343409769
039521,5778,2050,304,0.53616411934889974
039521,5778,2050,309,0.55002546942790398
039521,5778,2050,319,0.53230330534614345
039521,5778,2050,322,0.54629692793960483
039521,5779,2050,186,0.54765964808224599
039521,5779,2050,206,0.5351600814868841
039521,5780,2050,250,0.55395414520684494
039521,5780,2050,253,0.53186030057369849
039521,5780,2050,264,0.54911516797826865
039521,5780,2050,265,0.54096712137110881
039521,5780,2050,266,0.51240200203747177
039521,5781,2050,221,0.53340271079750246
039521,5782,2050,287,0.54154216384237441
039521,5782,2050,295,0.5395049214436235
039521,5783,2050,548,0.54766932459264395
039521,5783,2050,556,0.53970056519298792
039521,5784,2050,146,0.53996088657105601
039521,5784,2050,165,0.54378780122480708
039521,5785,2050,413,0.54088254380272549
039521,5786,2050,444,0.53006043149214954
039521,5787,2050,85,0.53775088831268603
039521,5787,2050,90,0.53343508121661398
039521,5787,2050,95,0.5483245990154042
039521,5788,2050,90,0.55082715244622182
039521,5789,2050,552,0.5376776615714669
039521,5791,2050,361,0.53972584055104689
039521,5791,2050,366,0.55656117182756526
039521,5792,2050,140,0.5401231234474565
039521,5792,2050,145,0.56078091207999015
039521,5794,2050,219,0.5681791613086391
039521,5794,2050,233,0.53774349279227573
039521,5795,2050,200,0.54476546081491906
039521,5795,2050,234,0.52865958668197477
039521,5795,2050,236,0.53512423857311886
039521,5796,2050,164,0.53647297126218507
039521,5796,2050,174,0.5298414462028167
039521,5796,2050,179,0.54207179271561468
039521,5797,2050,247,0.54752348100500425
039521,5797,2050,260,0.52114090589535
039521,5797,2050,265,0.54859872611464966
039521,5798,2050,444,0.53583587843588842
039521,5798,2050,467,0.5359584723767149
039521,5798,2050,468,0.53973025565322419
039521,5799,2050,85,0.534562535053281
039521,5799,2050,90,0.54734413378971547
039521,5799,2050,109,0.54632005146251938
039521,5799,2050,118,0.5076655052264808
039521,5800,2050,237,0.5407203639105469
039521,5800,2050,262,0.55296115870616125
039521,5801,2050,102,0.57221273889614088
039521,5801,2050,135,0.54147774979009233
039521,5802,2050,394,0.55044369321783226
039521,5802,2050,404,0.55368931353873752
039521,5803,2050,168,0.5428061778652985
039521,5803,2050,170,0.53022357532758413
039521,5803,2050,171,0.55075944437232249
039521,5803,2050,174,0.55588574775612865
039521,5803,2050,179,0.54151333946642133
039521,5803,2050,196,0.543870915950871
039521,5805,2050,301,0.55027140317206136
039521,5806,2050,265,0.54491126130872636
039521,5806,2050,277,0.54500511371795135
039521,5807,2050,208,0.54572472650738946
039521,5807,2050,209,0.56418433603401708
039521,5807,2050,219,0.51615264195824095
039521,5808,2050,296,0.55209713766775415
039521,5808,2050,303,0.53017317391457697
039521,5809,2050,523,0.55045344448825551
039521,5809,2050,527,0.56709463309979546
039521,5809,2050,542,0.54418355610201086
039521,5810,2050,341,0.5424831237047828
039521,5810,2050,342,0.54521514117566239
039521,5810,2050,358,0.54408631737812629
039521,5811,2050,98,0.54240252778874909
039521,5812,2050,299,0.53614971280340928
039521,5812,2050,306,0.53498021808356655
039521,5815,2050,121,0.54137628271964
039521,5815,2050,137,0.56820265543821524
039521,5816,2050,145,0.54950051229508201
039521,5817,2050,95,0.54838109149231717
039521,5817,2050,106,0.53421905501961597
039521,5818,2050,202,0.53514169523282307
039521,5819,2050,152,0.54359361800854267
039521,5821,2050,143,0.54200290308049093
039521,5822,2050,215,0.53951500092930438
039521,5822,2050,222,0.52907196836924975
039521,5823,2050,379,0.53881661770877043
039521,5824,2050,234,0.5362625113211491
039521,5824,2050,248,0.54298844755919584
039521,5824,2050,257,0.55157603499724772
039521,5825,2050,411,0.5334212378356078
039521,5825,2050,426,0.54261530164833871
039521,5826,2050,226,0.54445084988557557
039521,5826,2050,228,0.56143910719163381
039521,5827,2050,363,0.54045456152133187
039521,5827,2050,366,0.54129084418241769
039521,5828,2050,115,0.52802343877163471
039521,5828,2050,130,0.53042673065887636
039521,5829,2050,443,0.5418813333788256
039521,5829,2050,455,0.54030020348299468
039521,5830,2050,285,0.53368024001294678
039521,5830,2050,286,0.5277998180868152
039521,5830,2050,290,0.53698752228163993
039521,5833,2050,108,0.53186810146892027
039521,5835,2050,99,0.55267104623898944
039521,5836,2050,393,0.54454225352112673
039521,5836,2050,397,0.53449611633127392
039521,5836,2050,401,0.53991976234955441
039521,5837,2050,266,0.53436915137487684
039521,5837,2050,274,0.54625699933077498
039521,5839,2050,130,0.56746844814821196
039521,5840,2050,462,0.53721494853806395
039521,5840,2050,464,0.54309985069228706
039521,5841,2050,169,0.54315601505666544
039521,5841,2050,170,0.54093198992443325
039521,5841,2050,172,0.53443691157798912
039521,5841,2050,186,0.56935883385174813
039521,5842,2050,205,0.52574662557126151
039521,5842,2050,225,0.53743260295973383
039521,5843,2050,132,0.54327722457825023
039521,5843,2050,140,0.55715458081090408
039521,5843,2050,153,0.53100413556586645
039521,5844,2050,175,0.54318759422786989
039521,5845,2050,97,0.56599910758812566
039521,5850,2050,153,0.54600042890842804
039521,5850,2050,163,0.55196230501331611
039521,5852,2050,341,0.53649392690147468
039521,5852,2050,354,0.54999466103877337
039521,5853,2050,524,0.53835578773714599
039521,5854,2050,264,0.54828881520183048
039521,5854,2050,265,0.52491306883220668
039521,5855,2050,453,0.52985074626865669
039521,5855,2050,454,0.53735739120264536
039521,5855,2050,461,0.53743106951095632
039521,5856,2050,256,0.53841322581952267
039521,5856,2050,257,0.52973470423965474
039521,5856,2050,267,0.54737433978264682
039521,5858,2050,385,0.54813307190656835
039521,5859,2050,135,0.56106969261905171
039521,5859,2050,157,0.54854544905295588
039521,5860,2050,229,0.54682132764776559
039521,5861,2050,254,0.56150423424716522
039521,5862,2050,411,0.5313059715712054
039521,5864,2050,154,0.55007647802088178
039521,5864,2050,161,0.54257443764125324
039521,5865,2050,110,0.36186014452136767
039521,5865,2050,115,0.53500307944980496
039521,5867,2050,399,0.57096270695133511
039521,5867,2050,419,0.55403030968592137
039521,5867,2050,423,0.53826268794581
039521,5869,2050,103,0.53350273243064494
039521,5869,2050,116,0.53120940351536206
039521,5870,2050,530,0.54954561977462746
039521,5870,2050,544,0.54266127887011195
039521,5871,2050,58,0.53514618938887226
039521,5872,2050,258,0.52667037600638189
039521,5872,2050,290,0.53670280578647367
039521,5873,2050,479,0.56198640560008117
039521,5874,2050,222,0.54307434426423018
039521,5874,2050,228,0.54426259710750147
039521,5875,2050,232,0.53286752214682653
039521,5875,2050,237,0.53586067583204222
039521,5875,2050,240,0.55385758882116842
039521,5876,2050,101,0.54807608131058749
039521,5877,2050,230,0.53226270267878872
039521,5877,2050,237,0.54861724168993786
039521,5879,2050,132,0.5427994359183631
039521,5880,2050,365,0.54197199567749377
039521,5880,2050,370,0.53816458170445658
039521,5881,2050,420,0.53321611077531728
039521,5882,2050,238,0.54910900870093848
039521,5883,2050,359,0.53279066453175949
039521,5883,2050,365,0.55144536597149529
039521,5883,2050,381,0.55393618370971831
039521,5884,2050,396,0.55081092178197499
039521,5885,2050,404,0.53455228245144215
039521,5885,2050,422,0.53214162942591958
039521,5886,2050,408,0.54522524340412648
039521,5887,2050,373,0.52829759830290168
039521,5887,2050,393,0.54933035020664367
039521,5888,2050,270,0.54114541673332262
039521,5888,2050,277,0.53472811961193034
039521,5888,2050,289,0.56522395381306367
039521,5888,2050,300,0.54607066421356965
039521,5888,2050,307,0.53937724177366531
039521,5889,2050,369,0.55095856524427955
039521,5890,2050,271,0.52995617910341197
039521,5890,2050,274,0.53801508008101717
039521,5890,2050,283,0.56368954758190326
039521,5890,2050,293,0.51928945701618012
039521,5890,2050,297,0.53950890116635974
039521,5891,2050,148,0.54468448781332146
039521,5891,2050,159,0.54389912541394247
039521,5891,2050,163,0.54673197175396471
039521,5891,2050,171,0.53607030430220359
039521,5892,2050,92,0.5543686306968082
039521,5892,2050,113,0.54391339597814958
039521,5892,2050,114,0.55279781371802339
039521,5893,2050,151,0.53946463035998993
039521,5893,2050,162,0.55872467335731868
039521,5894,2050,500,0.54360991675052606
039521,5894,2050,510,0.55167874426418595
039521,5894,2050,513,0.53940283400809719
039521,5896,2050,156,0.54482978336064081
039521,5896,2050,165,0.55184078363010003
039521,5897,2050,144,0.54728370221327971
039521,5897,2050,172,0.54138581163510002
039521,5898,2050,216,0.54472361809045222
039521,5898,2050,225,0.54197502689661914
039521,5899,2050,114,0.53472266344748709
039521,5899,2050,129,0.54011578936145255
039521,5899,2050,134,0.55017831669044226
039521,5900,2050,374,0.54739414404407516
039521,5900,2050,384,0.55155967326352717
039521,5902,2050,184,0.53854833126049773
039521,5902,2050,185,0.54002021466044181
039521,5902,2050,190,0.54158332273468301
039521,5903,2050,332,0.53345962313973683
039521,5903,2050,340,0.53951008298921543
039521,5904,2050,423,0.53689143748274015
039521,5904,2050,427,0.56278867826922363
039521,5904,2050,450,0.57399916306318877
039521,5904,2050,461,0.5390659969164967
039521,5905,2050,215,0.56044430489049379
039521,5906,2050,258,0.54499440639580887
039521,5907,2050,243,0.54745120732284702
039521,5907,2050,256,0.53656133863708522
039521,5908,2050,414,0.53131658185275832
039521,5908,2050,424,0.55461742535899272
039521,5909,2050,284,0.53093373845974057
039521,5909,2050,307,0.54626379708918049
039521,5909,2050,312,0.54659560054705569
039521,5910,2050,392,0.54714369087528336
039521,5911,2050,257,0.53293370895200975
039521,5911,2050,269,0.53671493782464974
039521,5912,2050,497,0.54121148195585023
039521,5912,2050,511,0.54819613201527417
039521,5913,2050,417,0.53094106105199612
039521,5914,2050,254,0.52149370386452454
039521,5914,2050,262,0.53321757511701651
039521,5915,2050,285,0.5412168114840471
039521,5916,2050,478,0.54685785203647297
039521,5916,2050,488,0.55116152326452761
039521,5916,2050,494,0.54978737324174032
039521,5917,2050,434,0.54330314746981412
039521,5918,2050,194,0.54294666367291955
039521,5919,2050,322,0.55684215535428205
039521,5919,2050,331,0.53502642152317637
039521,5919,2050,341,0.53415130440064384
039521,5919,2050,347,0.53727494589492097
039521,5920,2050,150,0.54005327006580417
039521,5920,2050,152,0.55060666846057882
039521,5922,2050,270,0.54626218249058067
039521,5922,2050,283,0.54257167024136788
039521,5925,2050,345,0.55192161424544761
039521,5926,2050,365,0.53078366819482481
039521,5927,2050,443,0.54975206117815745
039521,5928,2050,324,0.53834487494992278
039521,5928,2050,333,0.53740201166911261
039521,5928,2050,343,0.54725588535928626
039521,5929,2050,133,0.53484677050482676
039521,5929,2050,155,0.54390649452269169
039521,5930,2050,201,0.53635092776702065
039521,5930,2050,211,0.54270671675344828
039521,5930,2050,223,0.54751663874677414
039521,5931,2050,139,0.5474394248690867
039521,5931,2050,148,0.57109212234668916
039521,5931,2050,151,0.53477926836475387
039521,5932,2050,309,0.53597510170073026
039521,5933,2050,413,0.53550475546455789
039521,5933,2050,436,0.54941061422983406
039521,5933,2050,437,0.53022648578077991
039521,5934,2050,431,0.54204573820541868
039521,5934,2050,448,0.54196467335420329
039521,5934,2050,464,0.54878469110611716
039521,5936,2050,470,0.54106585629499704
039521,5936,2050,479,0.54193055486137387
039521,5937,2050,371,0.53351058952965991
039521,5938,2050,413,0.53652884120603406
039521,5938,2050,449,0.53554226335203903
039521,5940,2050,405,0.54634669059011165
039521,5940,2050,413,0.54003402403993639
039521,5941,2050,80,0.54306765448180416
039521,5942,2050,214,0.54151221246128067
039521,5942,2050,218,0.5395921927815942
039521,5943,2050,190,0.54392938115891254
039521,5944,2050,237,0.54520378257232793
039521,5944,2050,241,0.53898241676019454
039521,5944,2050,257,0.54831865917046785
039521,5945,2050,401,0.54339534612468654
039521,5945,2050,405,0.54985980537687618
039521,5945,2050,411,0.53938309369958659
039521,5945,2050,427,0.56096235764583158
039521,5945,2050,431,0.54339587590562888
039521,5946,2050,340,0.53100347358639999
039521,5947,2050,319,0.57025929892763172
039521,5947,2050,332,0.54652306481754698
039521,5949,2050,151,0.53073389270663274
039521,5951,2050,374,0.54108683110779665
039521,5951,2050,382,0.54390255644889507
039521,5951,2050,385,0.53893906363541988
039521,5951,2050,388,0.53607628380650429
039521,5952,2050,245,0.54179742426923183
039521,5953,2050,363,0.5422601577856162
039521,5953,2050,367,0.57606534472567039
039521,5954,2050,372,0.55208362525572396
039521,5955,2050,444,0.57465281903811272
039521,5955,2050,456,0.53763594990234898
039521,5955,2050,469,0.53879909310319607
039521,5956,2050,337,0.5427582722136306
039521,5956,2050,356,0.54591600032748411
039521,5958,2050,298,0.55028960960207429
039521,5959,2050,226,0.53338844582765998
039521,5959,2050,244,0.54214805456945048
039521,5960,2050,115,0.55117827664579933
039521,5961,2050,421,0.54424445859135362
